feature,abs_train_ic,train_ic,selected,horizon_sessions,fold
corr_qqq_120,0.03877341413990844,0.03877341413990844,True,5,WF_2017_2018
dist_high_252,0.035820557459756035,0.035820557459756035,True,5,WF_2017_2018
corr_spy_120,0.035674668546232614,0.035674668546232614,False,5,WF_2017_2018
mom_skip_252_20,0.0343661502387227,0.0343661502387227,True,5,WF_2017_2018
corr_qqq_60,0.03435772851968044,0.03435772851968044,True,5,WF_2017_2018
downside_vol_120,0.03416465009177509,-0.03416465009177509,True,5,WF_2017_2018
corr_spy_60,0.03336794037248275,0.03336794037248275,False,5,WF_2017_2018
fund_update_count_60d,0.0328592004202688,0.0328592004202688,True,5,WF_2017_2018
vol_120,0.03233048982843469,-0.03233048982843469,False,5,WF_2017_2018
downside_vol_60,0.0323261196539574,-0.0323261196539574,True,5,WF_2017_2018
vol_60,0.03165586459323605,-0.03165586459323605,True,5,WF_2017_2018
best_day_20,0.031126033183603744,-0.031126033183603744,True,5,WF_2017_2018
worst_day_60,0.03111852810819765,0.03111852810819765,False,5,WF_2017_2018
mom_252d,0.030873515527681125,0.030873515527681125,False,5,WF_2017_2018
rel_mom_qqq_252,0.030873515527681125,0.030873515527681125,False,5,WF_2017_2018
rel_mom_spy_252,0.030873515527681125,0.030873515527681125,False,5,WF_2017_2018
vol_20,0.030580062854946834,-0.030580062854946834,True,5,WF_2017_2018
downside_vol_20,0.030460817269449065,-0.030460817269449065,True,5,WF_2017_2018
mom_skip_120_20,0.029893019310214434,0.029893019310214434,True,5,WF_2017_2018
size_log_market_cap,0.029194140456417335,-0.029194140456417335,True,5,WF_2017_2018
ix_mom_60d__macro_tlt_ret60_z252,0.029100702097742993,-0.029100702097742993,True,5,WF_2017_2018
worst_day_20,0.029034206094445163,0.029034206094445163,False,5,WF_2017_2018
dist_high_120,0.027994175841771773,0.027994175841771773,True,5,WF_2017_2018
best_day_60,0.027654184758457212,-0.027654184758457212,True,5,WF_2017_2018
dist_low_20,0.026669482771632613,-0.026669482771632613,True,5,WF_2017_2018
mom_120d,0.0258247945645146,0.0258247945645146,True,5,WF_2017_2018
mom_120d_x_breadth,0.0258247945645146,0.0258247945645146,False,5,WF_2017_2018
rel_mom_qqq_120,0.0258247945645146,0.0258247945645146,False,5,WF_2017_2018
rel_mom_spy_120,0.0258247945645146,0.0258247945645146,False,5,WF_2017_2018
trend_sma_252,0.0256653094526975,0.0256653094526975,True,5,WF_2017_2018
ix_cash_assets__macro_hyg_ret20_z252,0.024984799835535844,0.024984799835535844,True,5,WF_2017_2018
cash_yield,0.024496269027334427,0.024496269027334427,True,5,WF_2017_2018
chg_cash_252d,0.02410675936259248,0.02410675936259248,True,5,WF_2017_2018
vol_10,0.023556461772687474,-0.023556461772687474,True,5,WF_2017_2018
cash_assets,0.0229738100266702,0.0229738100266702,True,5,WF_2017_2018
ix_mom_20d__macro_tlt_ret20_z252,0.02243804663408459,-0.02243804663408459,True,5,WF_2017_2018
downside_vol_10,0.020178059898823986,-0.020178059898823986,True,5,WF_2017_2018
dist_low_60,0.019244012689529362,-0.019244012689529362,True,5,WF_2017_2018
dist_high_60,0.018762774178173132,0.018762774178173132,True,5,WF_2017_2018
beta_qqq_120,0.01591544355233976,0.01591544355233976,True,5,WF_2017_2018
beta_qqq_60,0.014744024525042313,0.014744024525042313,True,5,WF_2017_2018
beta_spy_60,0.0140830556478042,0.0140830556478042,True,5,WF_2017_2018
trend_sma_120,0.01406908705662344,0.01406908705662344,True,5,WF_2017_2018
dist_low_120,0.013883374422203219,-0.013883374422203219,True,5,WF_2017_2018
mom_10d,0.013768545389207784,-0.013768545389207784,True,5,WF_2017_2018
rel_mom_qqq_10,0.013768545389207784,-0.013768545389207784,False,5,WF_2017_2018
rel_mom_spy_10,0.013768545389207784,-0.013768545389207784,False,5,WF_2017_2018
skew_120,0.013188456444710207,-0.013188456444710207,True,5,WF_2017_2018
mom_accel_60_120,0.012786088689519616,-0.012786088689519616,True,5,WF_2017_2018
trend_sma_20,0.012454652844312956,-0.012454652844312956,False,5,WF_2017_2018
beta_iwm_60,0.012327641122576529,0.012327641122576529,False,5,WF_2017_2018
skew_20,0.01183297126522559,-0.01183297126522559,False,5,WF_2017_2018
mom_accel_20_60,0.011826231396195043,-0.011826231396195043,False,5,WF_2017_2018
beta_spy_120,0.011663398154111446,0.011663398154111446,False,5,WF_2017_2018
ix_size_log_market_cap__macro_spread_iwm_spy_20_z252,0.011421349009956162,0.011421349009956162,False,5,WF_2017_2018
mom_1d,0.011143328104751611,-0.011143328104751611,False,5,WF_2017_2018
netinc_assets,0.01028387497564323,-0.01028387497564323,False,5,WF_2017_2018
skew_60,0.010229723173211271,-0.010229723173211271,False,5,WF_2017_2018
chg_assets_252d,0.00994262594597505,0.00994262594597505,False,5,WF_2017_2018
mom_skip_60_5,0.009812048481165816,0.009812048481165816,False,5,WF_2017_2018
ocf_assets,0.009591696735505471,-0.009591696735505471,False,5,WF_2017_2018
chg_eps_diluted_252d,0.008837056207016126,0.008837056207016126,False,5,WF_2017_2018
mom_20d,0.008239454168964681,-0.008239454168964681,False,5,WF_2017_2018
mom_20d_x_breadth,0.008239454168964681,-0.008239454168964681,False,5,WF_2017_2018
rel_mom_qqq_20,0.008239454168964681,-0.008239454168964681,False,5,WF_2017_2018
rel_mom_spy_20,0.008239454168964681,-0.008239454168964681,False,5,WF_2017_2018
beta_idx_vix_60,0.00823528540662677,-0.00823528540662677,False,5,WF_2017_2018
current_ratio,0.008034830456024742,0.008034830456024742,False,5,WF_2017_2018
age_assets,0.008000339904392745,0.008000339904392745,False,5,WF_2017_2018
mom_60d,0.007873495136196404,0.007873495136196404,False,5,WF_2017_2018
mom_60d_x_breadth,0.007873495136196404,0.007873495136196404,False,5,WF_2017_2018
rel_mom_qqq_60,0.007873495136196404,0.007873495136196404,False,5,WF_2017_2018
rel_mom_spy_60,0.007873495136196404,0.007873495136196404,False,5,WF_2017_2018
mom_5d,0.007788993528070583,-0.007788993528070583,False,5,WF_2017_2018
rel_mom_qqq_5,0.007788993528070583,-0.007788993528070583,False,5,WF_2017_2018
rel_mom_spy_5,0.007788993528070583,-0.007788993528070583,False,5,WF_2017_2018
age_eps_diluted,0.0073797509707448925,0.0073797509707448925,False,5,WF_2017_2018
ix_mom_120d__macro_uup_ret60_z252,0.007333331237589082,-0.007333331237589082,False,5,WF_2017_2018
ix_rel_mom_qqq_20__macro_qqq_ret20_z252,0.006808883216288823,0.006808883216288823,False,5,WF_2017_2018
chg_net_income_252d,0.005450477336646256,0.005450477336646256,False,5,WF_2017_2018
age_cash,0.005119988305334232,0.005119988305334232,False,5,WF_2017_2018
fund_update_count_20d,0.004908946657283193,0.004908946657283193,False,5,WF_2017_2018
dist_high_20,0.004658293233078742,0.004658293233078742,False,5,WF_2017_2018
earnings_yield,0.003708638135343225,-0.003708638135343225,False,5,WF_2017_2018
ix_rel_mom_spy_20__macro_iwm_ret20_z252,0.003453767601107965,-0.003453767601107965,False,5,WF_2017_2018
beta_uup_60,0.0029011452620612854,-0.0029011452620612854,False,5,WF_2017_2018
mom_skip_20_5,0.00268529500758625,-0.00268529500758625,False,5,WF_2017_2018
equity_assets,0.0023793771104020215,-0.0023793771104020215,False,5,WF_2017_2018
ix_downside_vol_60__macro_idx_vix_level_z252,0.0019994443689917976,0.0019994443689917976,False,5,WF_2017_2018
beta_hyg_60,0.0016790535217459978,0.0016790535217459978,False,5,WF_2017_2018
beta_tlt_60,0.0016596811109921119,-0.0016596811109921119,False,5,WF_2017_2018
dist_low_252,0.0012416709628419315,-0.0012416709628419315,False,5,WF_2017_2018
chg_operating_cash_flow_252d,0.0011706320994879953,0.0011706320994879953,False,5,WF_2017_2018
fundamental_freshness_mean_days,0.0011405429035909668,0.0011405429035909668,False,5,WF_2017_2018
ix_earnings_yield__macro_tlt_ret60_z252,0.0007842183657781881,0.0007842183657781881,False,5,WF_2017_2018
trend_sma_60,0.0002653924622885636,0.0002653924622885636,False,5,WF_2017_2018
macro_uup_vol60_z252,0.00013499474013293187,0.00013499474013293187,False,5,WF_2017_2018
macro_hyg_level_z252,0.00012520769482603198,-0.00012520769482603198,False,5,WF_2017_2018
macro_spy_vol60_z252,0.0001078331677238097,0.0001078331677238097,False,5,WF_2017_2018
macro_idx_vix_level_z252,0.00010046591342747315,0.00010046591342747315,False,5,WF_2017_2018
macro_qqq_ret120_z252,9.722734230581174e-05,-9.722734230581174e-05,False,5,WF_2017_2018
macro_spy_ret120_z252,9.563765660738545e-05,-9.563765660738545e-05,False,5,WF_2017_2018
macro_spy_vol20_z252,8.953345952640583e-05,8.953345952640583e-05,False,5,WF_2017_2018
macro_uup_ret60_z252,8.927530058187412e-05,-8.927530058187412e-05,False,5,WF_2017_2018
macro_tlt_level_z252,8.869631910807672e-05,8.869631910807672e-05,False,5,WF_2017_2018
macro_tlt_vol60_z252,8.754529987951574e-05,8.754529987951574e-05,False,5,WF_2017_2018
macro_tlt_vol20_z252,8.459787405243293e-05,8.459787405243293e-05,False,5,WF_2017_2018
macro_qqq_vol60_z252,8.36988782244983e-05,8.36988782244983e-05,False,5,WF_2017_2018
macro_idx_vix_vol60_z252,8.042759212260622e-05,8.042759212260622e-05,False,5,WF_2017_2018
macro_spread_hyg_tlt_120_z252,7.798936203270903e-05,-7.798936203270903e-05,False,5,WF_2017_2018
macro_qqq_vol20_z252,7.419745592747146e-05,7.419745592747146e-05,False,5,WF_2017_2018
macro_uup_vol20_z252,6.728289817921648e-05,6.728289817921648e-05,False,5,WF_2017_2018
macro_idx_vix_vol20_z252,6.573036484439337e-05,6.573036484439337e-05,False,5,WF_2017_2018
macro_spy_ret60_z252,6.494956145713022e-05,-6.494956145713022e-05,False,5,WF_2017_2018
macro_tlt_ret120_z252,6.064356701046581e-05,6.064356701046581e-05,False,5,WF_2017_2018
macro_hyg_ret120_z252,5.846803973443588e-05,-5.846803973443588e-05,False,5,WF_2017_2018
macro_spy_ret20_z252,5.542598969954713e-05,-5.542598969954713e-05,False,5,WF_2017_2018
macro_spread_hyg_tlt_60_z252,5.4533471814021725e-05,-5.4533471814021725e-05,False,5,WF_2017_2018
macro_uup_ret120_z252,5.279260656387314e-05,-5.279260656387314e-05,False,5,WF_2017_2018
macro_uup_ret20_z252,4.9690232069575715e-05,-4.9690232069575715e-05,False,5,WF_2017_2018
macro_tlt_ret60_z252,4.71733884320791e-05,4.71733884320791e-05,False,5,WF_2017_2018
macro_hyg_vol20_z252,4.582688956451638e-05,4.582688956451638e-05,False,5,WF_2017_2018
macro_idx_vix_ret120_z252,4.4023636344776584e-05,4.4023636344776584e-05,False,5,WF_2017_2018
macro_hyg_vol60_z252,4.1190895297943045e-05,4.1190895297943045e-05,False,5,WF_2017_2018
macro_idx_vix_ret5_z252,4.0546362369513134e-05,4.0546362369513134e-05,False,5,WF_2017_2018
macro_iwm_ret20_z252,4.052142906607985e-05,-4.052142906607985e-05,False,5,WF_2017_2018
macro_spread_qqq_spy_60_z252,4.003560821736678e-05,4.003560821736678e-05,False,5,WF_2017_2018
macro_iwm_ret60_z252,3.99167914261266e-05,-3.99167914261266e-05,False,5,WF_2017_2018
macro_qqq_ret60_z252,3.7492852414225413e-05,-3.7492852414225413e-05,False,5,WF_2017_2018
macro_uup_ret5_z252,3.531452402817744e-05,-3.531452402817744e-05,False,5,WF_2017_2018
macro_qqq_ret20_z252,3.420890210905027e-05,-3.420890210905027e-05,False,5,WF_2017_2018
macro_iwm_ret120_z252,3.411256948136396e-05,-3.411256948136396e-05,False,5,WF_2017_2018
macro_iwm_vol20_z252,3.336201858172801e-05,3.336201858172801e-05,False,5,WF_2017_2018
macro_spread_iwm_spy_60_z252,3.297720938170147e-05,-3.297720938170147e-05,False,5,WF_2017_2018
macro_hyg_ret5_z252,3.120232655144807e-05,-3.120232655144807e-05,False,5,WF_2017_2018
macro_tlt_ret5_z252,2.9547699486681535e-05,-2.9547699486681535e-05,False,5,WF_2017_2018
macro_iwm_ret5_z252,2.941785589081281e-05,-2.941785589081281e-05,False,5,WF_2017_2018
macro_iwm_vol60_z252,2.797694380271465e-05,2.797694380271465e-05,False,5,WF_2017_2018
macro_hyg_ret60_z252,2.2826914513956145e-05,-2.2826914513956145e-05,False,5,WF_2017_2018
macro_spy_level_z252,2.2577936355806e-05,-2.2577936355806e-05,False,5,WF_2017_2018
macro_spread_qqq_spy_120_z252,2.1671571276664256e-05,-2.1671571276664256e-05,False,5,WF_2017_2018
macro_idx_vix_ret20_z252,2.1303968787544072e-05,2.1303968787544072e-05,False,5,WF_2017_2018
macro_spread_qqq_spy_20_z252,2.1108584429095273e-05,2.1108584429095273e-05,False,5,WF_2017_2018
macro_hyg_ret20_z252,2.0778478377864583e-05,-2.0778478377864583e-05,False,5,WF_2017_2018
macro_idx_vix_ret60_z252,1.8442730078249965e-05,1.8442730078249965e-05,False,5,WF_2017_2018
macro_spread_hyg_tlt_20_z252,1.7836519245653873e-05,-1.7836519245653873e-05,False,5,WF_2017_2018
macro_iwm_level_z252,1.7609311748249672e-05,-1.7609311748249672e-05,False,5,WF_2017_2018
macro_spread_iwm_spy_20_z252,1.5574113881866496e-05,-1.5574113881866496e-05,False,5,WF_2017_2018
macro_qqq_ret5_z252,1.2889064690452585e-05,-1.2889064690452585e-05,False,5,WF_2017_2018
macro_tlt_ret20_z252,1.2865786978292906e-05,1.2865786978292906e-05,False,5,WF_2017_2018
macro_spread_iwm_spy_120_z252,1.1493586874817291e-05,-1.1493586874817291e-05,False,5,WF_2017_2018
macro_spy_ret5_z252,1.1464944539727205e-05,-1.1464944539727205e-05,False,5,WF_2017_2018
macro_uup_level_z252,9.770643779957879e-06,9.770643779957879e-06,False,5,WF_2017_2018
macro_qqq_level_z252,9.421133102076625e-06,9.421133102076625e-06,False,5,WF_2017_2018
corr_qqq_120,0.04071240432214461,0.04071240432214461,True,5,WF_2019_2020
fund_update_count_60d,0.038095004562986395,0.038095004562986395,True,5,WF_2019_2020
vol_60,0.036216302850747215,-0.036216302850747215,True,5,WF_2019_2020
downside_vol_60,0.03551160086148974,-0.03551160086148974,True,5,WF_2019_2020
vol_120,0.03501926112923219,-0.03501926112923219,False,5,WF_2019_2020
downside_vol_120,0.034486198625634436,-0.034486198625634436,True,5,WF_2019_2020
vol_20,0.0340102456089393,-0.0340102456089393,True,5,WF_2019_2020
dist_high_252,0.033998866547088905,0.033998866547088905,True,5,WF_2019_2020
downside_vol_20,0.03393161539846555,-0.03393161539846555,True,5,WF_2019_2020
corr_spy_120,0.03279872791546767,0.03279872791546767,True,5,WF_2019_2020
best_day_20,0.03227771303947482,-0.03227771303947482,True,5,WF_2019_2020
worst_day_20,0.032138238545862015,0.032138238545862015,False,5,WF_2019_2020
best_day_60,0.031607025673166284,-0.031607025673166284,True,5,WF_2019_2020
worst_day_60,0.03146052782330656,0.03146052782330656,False,5,WF_2019_2020
dist_high_120,0.029079460612263797,0.029079460612263797,True,5,WF_2019_2020
corr_qqq_60,0.02897808284262697,0.02897808284262697,True,5,WF_2019_2020
cash_assets,0.028844506021661418,0.028844506021661418,True,5,WF_2019_2020
vol_10,0.028051946407731856,-0.028051946407731856,True,5,WF_2019_2020
mom_skip_252_20,0.02786739815543976,0.02786739815543976,True,5,WF_2019_2020
mom_252d,0.027080909043442455,0.027080909043442455,False,5,WF_2019_2020
rel_mom_qqq_252,0.027080909043442455,0.027080909043442455,False,5,WF_2019_2020
rel_mom_spy_252,0.027080909043442455,0.027080909043442455,False,5,WF_2019_2020
size_log_market_cap,0.027006916924555053,-0.027006916924555053,True,5,WF_2019_2020
mom_skip_120_20,0.02644690105620114,0.02644690105620114,True,5,WF_2019_2020
corr_spy_60,0.025291181862042433,0.025291181862042433,True,5,WF_2019_2020
mom_120d,0.024980558544062424,0.024980558544062424,True,5,WF_2019_2020
mom_120d_x_breadth,0.024980558544062424,0.024980558544062424,False,5,WF_2019_2020
rel_mom_qqq_120,0.024980558544062424,0.024980558544062424,False,5,WF_2019_2020
rel_mom_spy_120,0.024980558544062424,0.024980558544062424,False,5,WF_2019_2020
downside_vol_10,0.02447117950690757,-0.02447117950690757,True,5,WF_2019_2020
trend_sma_252,0.024165046659468004,0.024165046659468004,True,5,WF_2019_2020
dist_high_60,0.023470302878578174,0.023470302878578174,True,5,WF_2019_2020
dist_low_20,0.022260678119815233,-0.022260678119815233,True,5,WF_2019_2020
chg_assets_252d,0.021903267704090523,0.021903267704090523,True,5,WF_2019_2020
dist_low_60,0.019014783338880972,-0.019014783338880972,True,5,WF_2019_2020
chg_cash_252d,0.01849345618834849,0.01849345618834849,True,5,WF_2019_2020
skew_120,0.016145743778458503,-0.016145743778458503,True,5,WF_2019_2020
trend_sma_120,0.015469879290510148,0.015469879290510148,True,5,WF_2019_2020
beta_qqq_120,0.01467260317644267,0.01467260317644267,True,5,WF_2019_2020
beta_uup_60,0.013632612686446057,-0.013632612686446057,True,5,WF_2019_2020
ix_mom_20d__macro_tlt_ret20_z252,0.013478915297442056,-0.013478915297442056,True,5,WF_2019_2020
current_ratio,0.01303202974222531,0.01303202974222531,True,5,WF_2019_2020
ix_downside_vol_60__macro_idx_vix_level_z252,0.01285659047328007,0.01285659047328007,True,5,WF_2019_2020
skew_60,0.01278666756926401,-0.01278666756926401,True,5,WF_2019_2020
mom_skip_60_5,0.012749811577351498,0.012749811577351498,True,5,WF_2019_2020
mom_accel_60_120,0.01261573842263562,-0.01261573842263562,False,5,WF_2019_2020
cash_yield,0.012501025170214246,0.012501025170214246,False,5,WF_2019_2020
ix_size_log_market_cap__macro_spread_iwm_spy_20_z252,0.012444003892993345,0.012444003892993345,False,5,WF_2019_2020
beta_tlt_60,0.011901056970027704,0.011901056970027704,False,5,WF_2019_2020
ix_rel_mom_qqq_20__macro_qqq_ret20_z252,0.011867253855069692,0.011867253855069692,False,5,WF_2019_2020
dist_high_20,0.011468398364906133,0.011468398364906133,False,5,WF_2019_2020
ix_mom_120d__macro_uup_ret60_z252,0.010788667926035833,-0.010788667926035833,False,5,WF_2019_2020
mom_10d,0.010437220957517786,-0.010437220957517786,False,5,WF_2019_2020
rel_mom_qqq_10,0.010437220957517786,-0.010437220957517786,False,5,WF_2019_2020
rel_mom_spy_10,0.010437220957517786,-0.010437220957517786,False,5,WF_2019_2020
skew_20,0.010250943210167807,-0.010250943210167807,False,5,WF_2019_2020
dist_low_120,0.010100475445790293,-0.010100475445790293,False,5,WF_2019_2020
age_assets,0.009941874344000493,0.009941874344000493,False,5,WF_2019_2020
ix_mom_60d__macro_tlt_ret60_z252,0.009079568297675459,-0.009079568297675459,False,5,WF_2019_2020
mom_60d,0.00905121514649515,0.00905121514649515,False,5,WF_2019_2020
mom_60d_x_breadth,0.00905121514649515,0.00905121514649515,False,5,WF_2019_2020
rel_mom_qqq_60,0.00905121514649515,0.00905121514649515,False,5,WF_2019_2020
rel_mom_spy_60,0.00905121514649515,0.00905121514649515,False,5,WF_2019_2020
fund_update_count_20d,0.008969888624762386,0.008969888624762386,False,5,WF_2019_2020
chg_operating_cash_flow_252d,0.008844841833343064,0.008844841833343064,False,5,WF_2019_2020
age_eps_diluted,0.008786269665018644,0.008786269665018644,False,5,WF_2019_2020
mom_5d,0.008360857968938222,-0.008360857968938222,False,5,WF_2019_2020
rel_mom_qqq_5,0.008360857968938222,-0.008360857968938222,False,5,WF_2019_2020
rel_mom_spy_5,0.008360857968938222,-0.008360857968938222,False,5,WF_2019_2020
chg_eps_diluted_252d,0.008135397036274666,0.008135397036274666,False,5,WF_2019_2020
equity_assets,0.007919630405452311,0.007919630405452311,False,5,WF_2019_2020
trend_sma_20,0.007692277808109252,-0.007692277808109252,False,5,WF_2019_2020
beta_qqq_60,0.006539361231176237,0.006539361231176237,False,5,WF_2019_2020
mom_1d,0.0060817235572477105,-0.0060817235572477105,False,5,WF_2019_2020
beta_idx_vix_60,0.00602728919089761,0.00602728919089761,False,5,WF_2019_2020
mom_accel_20_60,0.005886644987978876,-0.005886644987978876,False,5,WF_2019_2020
beta_spy_120,0.00507454026046217,0.00507454026046217,False,5,WF_2019_2020
beta_iwm_60,0.0049893623200181255,-0.0049893623200181255,False,5,WF_2019_2020
netinc_assets,0.004344521818846173,0.004344521818846173,False,5,WF_2019_2020
earnings_yield,0.004253766577909555,-0.004253766577909555,False,5,WF_2019_2020
chg_net_income_252d,0.0037943757903531766,0.0037943757903531766,False,5,WF_2019_2020
mom_skip_20_5,0.0029683805590995267,0.0029683805590995267,False,5,WF_2019_2020
mom_20d,0.0028683672425052612,-0.0028683672425052612,False,5,WF_2019_2020
mom_20d_x_breadth,0.0028683672425052612,-0.0028683672425052612,False,5,WF_2019_2020
rel_mom_qqq_20,0.0028683672425052612,-0.0028683672425052612,False,5,WF_2019_2020
rel_mom_spy_20,0.0028683672425052612,-0.0028683672425052612,False,5,WF_2019_2020
ix_cash_assets__macro_hyg_ret20_z252,0.0028363046253192443,-0.0028363046253192443,False,5,WF_2019_2020
beta_hyg_60,0.002606888461525606,-0.002606888461525606,False,5,WF_2019_2020
trend_sma_60,0.0021472321929729503,0.0021472321929729503,False,5,WF_2019_2020
ix_earnings_yield__macro_tlt_ret60_z252,0.0019867463992036716,0.0019867463992036716,False,5,WF_2019_2020
ocf_assets,0.0012900015578066542,0.0012900015578066542,False,5,WF_2019_2020
ix_rel_mom_spy_20__macro_iwm_ret20_z252,0.0011925920065397225,0.0011925920065397225,False,5,WF_2019_2020
age_cash,0.0009273225535221414,0.0009273225535221414,False,5,WF_2019_2020
fundamental_freshness_mean_days,0.00054507159322133,-0.00054507159322133,False,5,WF_2019_2020
dist_low_252,0.0002185435394833972,0.0002185435394833972,False,5,WF_2019_2020
beta_spy_60,0.00021103616818272993,-0.00021103616818272993,False,5,WF_2019_2020
macro_uup_level_z252,0.00016199737215265558,0.00016199737215265558,False,5,WF_2019_2020
macro_uup_ret120_z252,9.073271104894131e-05,9.073271104894131e-05,False,5,WF_2019_2020
macro_qqq_ret120_z252,8.397984465941311e-05,-8.397984465941311e-05,False,5,WF_2019_2020
macro_idx_vix_ret120_z252,7.858207751757728e-05,-7.858207751757728e-05,False,5,WF_2019_2020
macro_hyg_level_z252,7.615070314985629e-05,-7.615070314985629e-05,False,5,WF_2019_2020
macro_spy_ret120_z252,7.539300194858658e-05,-7.539300194858658e-05,False,5,WF_2019_2020
macro_hyg_ret120_z252,7.412782306443971e-05,7.412782306443971e-05,False,5,WF_2019_2020
macro_hyg_ret60_z252,7.079144537294459e-05,7.079144537294459e-05,False,5,WF_2019_2020
macro_idx_vix_ret60_z252,6.216997243396638e-05,-6.216997243396638e-05,False,5,WF_2019_2020
macro_spread_hyg_tlt_60_z252,5.718705897669251e-05,5.718705897669251e-05,False,5,WF_2019_2020
macro_tlt_vol60_z252,5.372972739630767e-05,5.372972739630767e-05,False,5,WF_2019_2020
macro_qqq_ret60_z252,5.2059979429779925e-05,-5.2059979429779925e-05,False,5,WF_2019_2020
macro_spread_hyg_tlt_120_z252,4.960161774999805e-05,4.960161774999805e-05,False,5,WF_2019_2020
macro_spread_qqq_spy_20_z252,4.8981232525704967e-05,-4.8981232525704967e-05,False,5,WF_2019_2020
macro_uup_ret60_z252,4.799107221509366e-05,4.799107221509366e-05,False,5,WF_2019_2020
macro_uup_vol60_z252,4.1053377551057395e-05,4.1053377551057395e-05,False,5,WF_2019_2020
macro_spread_qqq_spy_60_z252,4.0031296489464e-05,-4.0031296489464e-05,False,5,WF_2019_2020
macro_spy_ret60_z252,3.774015325332436e-05,-3.774015325332436e-05,False,5,WF_2019_2020
macro_hyg_ret20_z252,3.621648521843999e-05,3.621648521843999e-05,False,5,WF_2019_2020
macro_spread_iwm_spy_120_z252,3.595731755545541e-05,3.595731755545541e-05,False,5,WF_2019_2020
macro_uup_ret20_z252,3.4880545130064846e-05,3.4880545130064846e-05,False,5,WF_2019_2020
macro_idx_vix_ret20_z252,3.456971115269666e-05,-3.456971115269666e-05,False,5,WF_2019_2020
macro_qqq_ret20_z252,3.22807486931458e-05,-3.22807486931458e-05,False,5,WF_2019_2020
macro_idx_vix_level_z252,3.182367978971196e-05,3.182367978971196e-05,False,5,WF_2019_2020
macro_uup_ret5_z252,3.153613677675739e-05,3.153613677675739e-05,False,5,WF_2019_2020
macro_spread_qqq_spy_120_z252,3.1137098728425266e-05,-3.1137098728425266e-05,False,5,WF_2019_2020
macro_spread_hyg_tlt_20_z252,3.097611479196365e-05,3.097611479196365e-05,False,5,WF_2019_2020
macro_iwm_ret60_z252,2.9935954911979134e-05,-2.9935954911979134e-05,False,5,WF_2019_2020
macro_tlt_vol20_z252,2.9849131285886976e-05,2.9849131285886976e-05,False,5,WF_2019_2020
macro_tlt_level_z252,2.95791163569959e-05,-2.95791163569959e-05,False,5,WF_2019_2020
macro_spy_vol60_z252,2.8303086517600115e-05,2.8303086517600115e-05,False,5,WF_2019_2020
macro_iwm_vol60_z252,2.7028798787636e-05,2.7028798787636e-05,False,5,WF_2019_2020
macro_tlt_ret60_z252,2.673519570981532e-05,-2.673519570981532e-05,False,5,WF_2019_2020
macro_spy_level_z252,2.3307224678134647e-05,-2.3307224678134647e-05,False,5,WF_2019_2020
macro_idx_vix_vol60_z252,2.3237024616852866e-05,-2.3237024616852866e-05,False,5,WF_2019_2020
macro_iwm_level_z252,2.3224206410836855e-05,-2.3224206410836855e-05,False,5,WF_2019_2020
macro_tlt_ret120_z252,2.0803938090253424e-05,-2.0803938090253424e-05,False,5,WF_2019_2020
macro_iwm_ret5_z252,2.0394813161084696e-05,-2.0394813161084696e-05,False,5,WF_2019_2020
macro_iwm_ret20_z252,1.9438212964138738e-05,-1.9438212964138738e-05,False,5,WF_2019_2020
macro_spread_iwm_spy_60_z252,1.8261189849008527e-05,-1.8261189849008527e-05,False,5,WF_2019_2020
macro_hyg_vol20_z252,1.8165383512303837e-05,-1.8165383512303837e-05,False,5,WF_2019_2020
macro_spread_iwm_spy_20_z252,1.8016034565576365e-05,-1.8016034565576365e-05,False,5,WF_2019_2020
macro_iwm_vol20_z252,1.769459810692412e-05,1.769459810692412e-05,False,5,WF_2019_2020
macro_idx_vix_ret5_z252,1.7169544319642773e-05,-1.7169544319642773e-05,False,5,WF_2019_2020
macro_tlt_ret20_z252,1.713164242291151e-05,-1.713164242291151e-05,False,5,WF_2019_2020
macro_uup_vol20_z252,1.6494880513903206e-05,1.6494880513903206e-05,False,5,WF_2019_2020
macro_hyg_ret5_z252,1.614590016314395e-05,1.614590016314395e-05,False,5,WF_2019_2020
macro_qqq_level_z252,1.5536965298993152e-05,-1.5536965298993152e-05,False,5,WF_2019_2020
macro_spy_ret20_z252,1.3131667416266146e-05,-1.3131667416266146e-05,False,5,WF_2019_2020
macro_spy_vol20_z252,1.277613086214286e-05,1.277613086214286e-05,False,5,WF_2019_2020
macro_hyg_vol60_z252,1.2384833714739653e-05,-1.2384833714739653e-05,False,5,WF_2019_2020
macro_iwm_ret120_z252,1.222058492592358e-05,-1.222058492592358e-05,False,5,WF_2019_2020
macro_qqq_ret5_z252,1.1184137682381907e-05,-1.1184137682381907e-05,False,5,WF_2019_2020
macro_spy_ret5_z252,9.637634128107173e-06,-9.637634128107173e-06,False,5,WF_2019_2020
macro_tlt_ret5_z252,8.771779431418419e-06,8.771779431418419e-06,False,5,WF_2019_2020
macro_idx_vix_vol20_z252,7.681575152110462e-06,-7.681575152110462e-06,False,5,WF_2019_2020
macro_qqq_vol60_z252,4.1130253377767175e-06,4.1130253377767175e-06,False,5,WF_2019_2020
macro_qqq_vol20_z252,4.085015132327641e-06,4.085015132327641e-06,False,5,WF_2019_2020
fund_update_count_60d,0.0411464541059731,0.0411464541059731,True,5,WF_2021_2022
cash_assets,0.03929763256241299,0.03929763256241299,True,5,WF_2021_2022
corr_qqq_120,0.03622338858793082,0.03622338858793082,True,5,WF_2021_2022
vol_60,0.03587843804188949,-0.03587843804188949,True,5,WF_2021_2022
chg_assets_252d,0.0340999418152679,0.0340999418152679,True,5,WF_2021_2022
downside_vol_60,0.03373507900720523,-0.03373507900720523,True,5,WF_2021_2022
dist_high_252,0.03332730006178003,0.03332730006178003,True,5,WF_2021_2022
vol_120,0.03261015617869079,-0.03261015617869079,False,5,WF_2021_2022
mom_skip_252_20,0.03225758604815606,0.03225758604815606,True,5,WF_2021_2022
vol_20,0.032136073821957954,-0.032136073821957954,True,5,WF_2021_2022
mom_252d,0.0316980184907019,0.0316980184907019,False,5,WF_2021_2022
rel_mom_qqq_252,0.0316980184907019,0.0316980184907019,False,5,WF_2021_2022
rel_mom_spy_252,0.0316980184907019,0.0316980184907019,False,5,WF_2021_2022
best_day_60,0.03131221623513432,-0.03131221623513432,True,5,WF_2021_2022
downside_vol_20,0.031011091638076277,-0.031011091638076277,True,5,WF_2021_2022
downside_vol_120,0.029963046775169165,-0.029963046775169165,True,5,WF_2021_2022
best_day_20,0.029297322521562977,-0.029297322521562977,True,5,WF_2021_2022
beta_tlt_60,0.029144343662886655,0.029144343662886655,True,5,WF_2021_2022
worst_day_20,0.028463614234006316,0.028463614234006316,False,5,WF_2021_2022
dist_high_120,0.028260044021505795,0.028260044021505795,True,5,WF_2021_2022
worst_day_60,0.0276665769381058,0.0276665769381058,False,5,WF_2021_2022
trend_sma_252,0.02726728399424841,0.02726728399424841,True,5,WF_2021_2022
ix_mom_120d__macro_uup_ret60_z252,0.027157625099873104,-0.027157625099873104,True,5,WF_2021_2022
vol_10,0.026705451466872965,-0.026705451466872965,True,5,WF_2021_2022
corr_spy_120,0.025251276323196858,0.025251276323196858,True,5,WF_2021_2022
downside_vol_10,0.025136905107266398,-0.025136905107266398,True,5,WF_2021_2022
mom_skip_120_20,0.023245143586289863,0.023245143586289863,True,5,WF_2021_2022
mom_120d,0.022546326907695667,0.022546326907695667,True,5,WF_2021_2022
mom_120d_x_breadth,0.022546326907695667,0.022546326907695667,False,5,WF_2021_2022
rel_mom_qqq_120,0.022546326907695667,0.022546326907695667,False,5,WF_2021_2022
rel_mom_spy_120,0.022546326907695667,0.022546326907695667,False,5,WF_2021_2022
dist_high_60,0.022286816596252507,0.022286816596252507,True,5,WF_2021_2022
beta_iwm_60,0.021973212019822826,-0.021973212019822826,True,5,WF_2021_2022
corr_qqq_60,0.019970602026988152,0.019970602026988152,True,5,WF_2021_2022
skew_120,0.018765283068608262,-0.018765283068608262,True,5,WF_2021_2022
skew_60,0.018696842769893158,-0.018696842769893158,True,5,WF_2021_2022
fund_update_count_20d,0.017928570767963014,0.017928570767963014,True,5,WF_2021_2022
dist_low_20,0.017458927176310098,-0.017458927176310098,True,5,WF_2021_2022
size_log_market_cap,0.017240065372524347,-0.017240065372524347,True,5,WF_2021_2022
current_ratio,0.017053879736351862,0.017053879736351862,True,5,WF_2021_2022
dist_low_60,0.0167962553764072,-0.0167962553764072,True,5,WF_2021_2022
netinc_assets,0.01618094036022177,0.01618094036022177,True,5,WF_2021_2022
beta_idx_vix_60,0.015059073835142761,0.015059073835142761,True,5,WF_2021_2022
beta_spy_60,0.014713883173621075,-0.014713883173621075,True,5,WF_2021_2022
mom_accel_60_120,0.014279240202858647,-0.014279240202858647,True,5,WF_2021_2022
equity_assets,0.014052183331792747,0.014052183331792747,False,5,WF_2021_2022
trend_sma_120,0.013806102477011866,0.013806102477011866,False,5,WF_2021_2022
chg_eps_diluted_252d,0.01364965162786506,0.01364965162786506,False,5,WF_2021_2022
ix_rel_mom_qqq_20__macro_qqq_ret20_z252,0.013556149720334918,0.013556149720334918,False,5,WF_2021_2022
ocf_assets,0.013011305489933072,0.013011305489933072,False,5,WF_2021_2022
dist_high_20,0.012701534962130046,0.012701534962130046,False,5,WF_2021_2022
beta_hyg_60,0.012187812060958144,-0.012187812060958144,False,5,WF_2021_2022
dist_low_120,0.011636088590350077,-0.011636088590350077,False,5,WF_2021_2022
ix_cash_assets__macro_hyg_ret20_z252,0.010584658973537497,-0.010584658973537497,False,5,WF_2021_2022
corr_spy_60,0.010546195406194394,0.010546195406194394,False,5,WF_2021_2022
chg_cash_252d,0.010212149604315634,0.010212149604315634,False,5,WF_2021_2022
ix_downside_vol_60__macro_idx_vix_level_z252,0.00989304273832706,0.00989304273832706,False,5,WF_2021_2022
mom_skip_60_5,0.009801756368440178,0.009801756368440178,False,5,WF_2021_2022
skew_20,0.009724595421853745,-0.009724595421853745,False,5,WF_2021_2022
mom_5d,0.009211133975640511,-0.009211133975640511,False,5,WF_2021_2022
rel_mom_qqq_5,0.009211133975640511,-0.009211133975640511,False,5,WF_2021_2022
rel_mom_spy_5,0.009211133975640511,-0.009211133975640511,False,5,WF_2021_2022
ix_mom_60d__macro_tlt_ret60_z252,0.009032586357219746,0.009032586357219746,False,5,WF_2021_2022
beta_qqq_120,0.008448013761576735,0.008448013761576735,False,5,WF_2021_2022
beta_uup_60,0.00836434600011632,-0.00836434600011632,False,5,WF_2021_2022
age_cash,0.00799158889916934,-0.00799158889916934,False,5,WF_2021_2022
ix_rel_mom_spy_20__macro_iwm_ret20_z252,0.00768609938252376,0.00768609938252376,False,5,WF_2021_2022
age_eps_diluted,0.007445248148698922,0.007445248148698922,False,5,WF_2021_2022
fundamental_freshness_mean_days,0.007187251634512074,-0.007187251634512074,False,5,WF_2021_2022
chg_operating_cash_flow_252d,0.006841544380959337,0.006841544380959337,False,5,WF_2021_2022
chg_net_income_252d,0.006753241387005839,0.006753241387005839,False,5,WF_2021_2022
age_assets,0.006678900421684096,0.006678900421684096,False,5,WF_2021_2022
mom_1d,0.0063942275245391636,-0.0063942275245391636,False,5,WF_2021_2022
earnings_yield,0.005538132307337423,-0.005538132307337423,False,5,WF_2021_2022
beta_qqq_60,0.004595506445224607,-0.004595506445224607,False,5,WF_2021_2022
mom_60d,0.004218826520591448,0.004218826520591448,False,5,WF_2021_2022
mom_60d_x_breadth,0.004218826520591448,0.004218826520591448,False,5,WF_2021_2022
rel_mom_qqq_60,0.004218826520591448,0.004218826520591448,False,5,WF_2021_2022
rel_mom_spy_60,0.004218826520591448,0.004218826520591448,False,5,WF_2021_2022
ix_earnings_yield__macro_tlt_ret60_z252,0.0042106675447542985,0.0042106675447542985,False,5,WF_2021_2022
mom_accel_20_60,0.00419417818631546,-0.00419417818631546,False,5,WF_2021_2022
mom_skip_20_5,0.003867884149174547,0.003867884149174547,False,5,WF_2021_2022
cash_yield,0.003811986838851883,-0.003811986838851883,False,5,WF_2021_2022
ix_mom_20d__macro_tlt_ret20_z252,0.0034570440996489864,0.0034570440996489864,False,5,WF_2021_2022
trend_sma_20,0.003314929874700369,-0.003314929874700369,False,5,WF_2021_2022
mom_10d,0.0032177171030641147,-0.0032177171030641147,False,5,WF_2021_2022
rel_mom_qqq_10,0.0032177171030641147,-0.0032177171030641147,False,5,WF_2021_2022
rel_mom_spy_10,0.0032177171030641147,-0.0032177171030641147,False,5,WF_2021_2022
mom_20d,0.0022772987466928908,-0.0022772987466928908,False,5,WF_2021_2022
mom_20d_x_breadth,0.0022772987466928908,-0.0022772987466928908,False,5,WF_2021_2022
rel_mom_qqq_20,0.0022772987466928908,-0.0022772987466928908,False,5,WF_2021_2022
rel_mom_spy_20,0.0022772987466928908,-0.0022772987466928908,False,5,WF_2021_2022
ix_size_log_market_cap__macro_spread_iwm_spy_20_z252,0.0015577382594764975,0.0015577382594764975,False,5,WF_2021_2022
dist_low_252,0.0014125095858084382,-0.0014125095858084382,False,5,WF_2021_2022
beta_spy_120,0.0008505513406895873,-0.0008505513406895873,False,5,WF_2021_2022
macro_tlt_level_z252,0.0006212874105524957,0.0006212874105524957,False,5,WF_2021_2022
trend_sma_60,0.0005979702062241695,0.0005979702062241695,False,5,WF_2021_2022
macro_iwm_level_z252,0.0005001577589037601,-0.0005001577589037601,False,5,WF_2021_2022
macro_tlt_vol60_z252,0.00040182064610799154,0.00040182064610799154,False,5,WF_2021_2022
macro_hyg_ret120_z252,0.0003992632962138996,0.0003992632962138996,False,5,WF_2021_2022
macro_spy_level_z252,0.00036082731505662476,-0.00036082731505662476,False,5,WF_2021_2022
macro_tlt_vol20_z252,0.0003217412782975964,0.0003217412782975964,False,5,WF_2021_2022
macro_tlt_ret120_z252,0.0003045099188192568,0.0003045099188192568,False,5,WF_2021_2022
macro_uup_ret120_z252,0.00028134104117333254,-0.00028134104117333254,False,5,WF_2021_2022
macro_hyg_vol60_z252,0.00028131534995338596,0.00028131534995338596,False,5,WF_2021_2022
macro_hyg_ret60_z252,0.0002530562188842948,0.0002530562188842948,False,5,WF_2021_2022
macro_uup_level_z252,0.0002528112488663138,0.0002528112488663138,False,5,WF_2021_2022
macro_iwm_vol60_z252,0.0002521245510884874,0.0002521245510884874,False,5,WF_2021_2022
macro_qqq_level_z252,0.00024758251109180705,-0.00024758251109180705,False,5,WF_2021_2022
macro_hyg_vol20_z252,0.00021732696200609954,0.00021732696200609954,False,5,WF_2021_2022
macro_spread_hyg_tlt_120_z252,0.0002070257611324019,-0.0002070257611324019,False,5,WF_2021_2022
macro_idx_vix_ret120_z252,0.00020589533370079217,-0.00020589533370079217,False,5,WF_2021_2022
macro_tlt_ret60_z252,0.00016505392997462638,0.00016505392997462638,False,5,WF_2021_2022
macro_uup_vol60_z252,0.0001620904714049267,0.0001620904714049267,False,5,WF_2021_2022
macro_idx_vix_level_z252,0.00013792579822887658,0.00013792579822887658,False,5,WF_2021_2022
macro_iwm_vol20_z252,0.00013207254833542544,0.00013207254833542544,False,5,WF_2021_2022
macro_hyg_ret20_z252,0.00012697961101911184,0.00012697961101911184,False,5,WF_2021_2022
macro_uup_ret60_z252,0.00012392551276894004,-0.00012392551276894004,False,5,WF_2021_2022
macro_spy_vol60_z252,0.00011614744036646127,0.00011614744036646127,False,5,WF_2021_2022
macro_spread_qqq_spy_120_z252,0.00011581644215931126,0.00011581644215931126,False,5,WF_2021_2022
macro_idx_vix_ret60_z252,0.00011076706842457824,-0.00011076706842457824,False,5,WF_2021_2022
macro_spread_qqq_spy_60_z252,0.00010786334566067456,0.00010786334566067456,False,5,WF_2021_2022
macro_iwm_ret60_z252,0.00010709383461730498,0.00010709383461730498,False,5,WF_2021_2022
macro_spread_iwm_spy_20_z252,9.347326909861557e-05,9.347326909861557e-05,False,5,WF_2021_2022
macro_idx_vix_vol20_z252,9.201743477045698e-05,-9.201743477045698e-05,False,5,WF_2021_2022
macro_iwm_ret20_z252,8.954281124523637e-05,8.954281124523637e-05,False,5,WF_2021_2022
macro_qqq_vol20_z252,8.339693815296684e-05,-8.339693815296684e-05,False,5,WF_2021_2022
macro_qqq_ret120_z252,8.073428833856547e-05,8.073428833856547e-05,False,5,WF_2021_2022
macro_spread_iwm_spy_60_z252,7.930453371688289e-05,7.930453371688289e-05,False,5,WF_2021_2022
macro_idx_vix_vol60_z252,7.71296088774877e-05,-7.71296088774877e-05,False,5,WF_2021_2022
macro_uup_ret20_z252,7.349097735260037e-05,-7.349097735260037e-05,False,5,WF_2021_2022
macro_spread_hyg_tlt_60_z252,6.724115619628474e-05,-6.724115619628474e-05,False,5,WF_2021_2022
macro_iwm_ret120_z252,6.719856408782565e-05,6.719856408782565e-05,False,5,WF_2021_2022
macro_hyg_level_z252,6.167455595584488e-05,6.167455595584488e-05,False,5,WF_2021_2022
macro_uup_vol20_z252,5.8805205327190184e-05,5.8805205327190184e-05,False,5,WF_2021_2022
macro_idx_vix_ret20_z252,5.8477358695090844e-05,-5.8477358695090844e-05,False,5,WF_2021_2022
macro_qqq_ret60_z252,5.818202901663266e-05,5.818202901663266e-05,False,5,WF_2021_2022
macro_spread_qqq_spy_20_z252,5.645358624382511e-05,5.645358624382511e-05,False,5,WF_2021_2022
macro_qqq_ret20_z252,5.517356720573539e-05,5.517356720573539e-05,False,5,WF_2021_2022
macro_spy_ret20_z252,4.5972442804474335e-05,4.5972442804474335e-05,False,5,WF_2021_2022
macro_tlt_ret20_z252,4.123034914246989e-05,4.123034914246989e-05,False,5,WF_2021_2022
macro_iwm_ret5_z252,4.0768249977170664e-05,4.0768249977170664e-05,False,5,WF_2021_2022
macro_spy_ret60_z252,3.89971164446267e-05,3.89971164446267e-05,False,5,WF_2021_2022
macro_hyg_ret5_z252,3.6764470807312274e-05,3.6764470807312274e-05,False,5,WF_2021_2022
macro_qqq_vol60_z252,3.494591288683468e-05,-3.494591288683468e-05,False,5,WF_2021_2022
macro_spy_vol20_z252,3.442512645802558e-05,3.442512645802558e-05,False,5,WF_2021_2022
macro_uup_ret5_z252,3.4316732720424334e-05,-3.4316732720424334e-05,False,5,WF_2021_2022
macro_idx_vix_ret5_z252,3.168430409192813e-05,-3.168430409192813e-05,False,5,WF_2021_2022
macro_qqq_ret5_z252,2.6215530667395784e-05,2.6215530667395784e-05,False,5,WF_2021_2022
macro_spy_ret120_z252,2.4537373313614578e-05,2.4537373313614578e-05,False,5,WF_2021_2022
macro_spread_hyg_tlt_20_z252,2.330602152226689e-05,2.330602152226689e-05,False,5,WF_2021_2022
macro_spread_iwm_spy_120_z252,2.1065819228464223e-05,2.1065819228464223e-05,False,5,WF_2021_2022
macro_tlt_ret5_z252,1.730361179509486e-05,1.730361179509486e-05,False,5,WF_2021_2022
macro_spy_ret5_z252,1.3563543618876504e-05,1.3563543618876504e-05,False,5,WF_2021_2022
fund_update_count_60d,0.04193593084420923,0.04193593084420923,True,5,WF_2023_2024
vol_60,0.03911131727932282,-0.03911131727932282,True,5,WF_2023_2024
best_day_60,0.037566790472135306,-0.037566790472135306,True,5,WF_2023_2024
downside_vol_60,0.03746232127519473,-0.03746232127519473,True,5,WF_2023_2024
vol_120,0.03629540241855151,-0.03629540241855151,False,5,WF_2023_2024
vol_20,0.036018983357071065,-0.036018983357071065,True,5,WF_2023_2024
ix_mom_120d__macro_uup_ret60_z252,0.035575696779199216,-0.035575696779199216,True,5,WF_2023_2024
downside_vol_20,0.034297034490657866,-0.034297034490657866,True,5,WF_2023_2024
downside_vol_120,0.03403593558485794,-0.03403593558485794,True,5,WF_2023_2024
worst_day_60,0.033524352029797755,0.033524352029797755,True,5,WF_2023_2024
best_day_20,0.033067276199491215,-0.033067276199491215,True,5,WF_2023_2024
downside_vol_10,0.03273561146467747,-0.03273561146467747,True,5,WF_2023_2024
vol_10,0.03273394112861404,-0.03273394112861404,True,5,WF_2023_2024
worst_day_20,0.032525651054588316,0.032525651054588316,False,5,WF_2023_2024
dist_high_252,0.03177720876347377,0.03177720876347377,True,5,WF_2023_2024
beta_iwm_60,0.027855457136079415,-0.027855457136079415,True,5,WF_2023_2024
mom_skip_252_20,0.027646926148803663,0.027646926148803663,True,5,WF_2023_2024
dist_high_120,0.025424649626017117,0.025424649626017117,True,5,WF_2023_2024
mom_252d,0.024503768719247906,0.024503768719247906,False,5,WF_2023_2024
rel_mom_qqq_252,0.024503768719247906,0.024503768719247906,False,5,WF_2023_2024
rel_mom_spy_252,0.024503768719247906,0.024503768719247906,False,5,WF_2023_2024
trend_sma_252,0.02219730500064018,0.02219730500064018,True,5,WF_2023_2024
skew_60,0.021443272554602426,-0.021443272554602426,True,5,WF_2023_2024
corr_spy_120,0.02030922091097792,0.02030922091097792,True,5,WF_2023_2024
size_log_market_cap,0.020242582926128582,-0.020242582926128582,True,5,WF_2023_2024
dist_low_60,0.020218908471772355,-0.020218908471772355,True,5,WF_2023_2024
skew_120,0.02010939944613703,-0.02010939944613703,True,5,WF_2023_2024
dist_low_120,0.019894467119333493,-0.019894467119333493,True,5,WF_2023_2024
fund_update_count_20d,0.01949633483557424,0.01949633483557424,True,5,WF_2023_2024
beta_qqq_60,0.01815514945287077,-0.01815514945287077,True,5,WF_2023_2024
beta_uup_60,0.017740825643022238,0.017740825643022238,True,5,WF_2023_2024
dist_high_60,0.017564735001976053,0.017564735001976053,True,5,WF_2023_2024
beta_qqq_120,0.017560516615597002,-0.017560516615597002,True,5,WF_2023_2024
dist_low_20,0.0174416982362806,-0.0174416982362806,True,5,WF_2023_2024
beta_hyg_60,0.017178521328368307,-0.017178521328368307,True,5,WF_2023_2024
ix_mom_20d__macro_tlt_ret20_z252,0.01704617826685392,0.01704617826685392,True,5,WF_2023_2024
beta_spy_60,0.016999457961235163,-0.016999457961235163,True,5,WF_2023_2024
ocf_assets,0.01666609497518451,0.01666609497518451,True,5,WF_2023_2024
cash_assets,0.015284874651283278,0.015284874651283278,True,5,WF_2023_2024
mom_skip_120_20,0.015191872574421821,0.015191872574421821,True,5,WF_2023_2024
dist_high_20,0.014976916131860508,0.014976916131860508,True,5,WF_2023_2024
beta_idx_vix_60,0.014049607103766603,0.014049607103766603,False,5,WF_2023_2024
age_cash,0.01342420940759766,-0.01342420940759766,False,5,WF_2023_2024
corr_qqq_120,0.013338853283149927,0.013338853283149927,False,5,WF_2023_2024
fundamental_freshness_mean_days,0.013226889977250049,-0.013226889977250049,False,5,WF_2023_2024
netinc_assets,0.012195670361789642,0.012195670361789642,False,5,WF_2023_2024
corr_spy_60,0.012123534141470323,0.012123534141470323,False,5,WF_2023_2024
mom_120d,0.011873760156609745,0.011873760156609745,False,5,WF_2023_2024
mom_120d_x_breadth,0.011873760156609745,0.011873760156609745,False,5,WF_2023_2024
rel_mom_qqq_120,0.011873760156609745,0.011873760156609745,False,5,WF_2023_2024
rel_mom_spy_120,0.011873760156609745,0.011873760156609745,False,5,WF_2023_2024
beta_spy_120,0.010984527648138473,-0.010984527648138473,False,5,WF_2023_2024
mom_accel_60_120,0.010912578948811242,-0.010912578948811242,False,5,WF_2023_2024
corr_qqq_60,0.010849920784048032,0.010849920784048032,False,5,WF_2023_2024
beta_tlt_60,0.010605200323056558,0.010605200323056558,False,5,WF_2023_2024
chg_eps_diluted_252d,0.010013671507189221,0.010013671507189221,False,5,WF_2023_2024
dist_low_252,0.009840630888869929,-0.009840630888869929,False,5,WF_2023_2024
ix_downside_vol_60__macro_idx_vix_level_z252,0.009696649715885033,0.009696649715885033,False,5,WF_2023_2024
ix_mom_60d__macro_tlt_ret60_z252,0.00966344565040934,0.00966344565040934,False,5,WF_2023_2024
chg_assets_252d,0.007751173256855473,0.007751173256855473,False,5,WF_2023_2024
mom_5d,0.0072839729770455795,-0.0072839729770455795,False,5,WF_2023_2024
rel_mom_qqq_5,0.0072839729770455795,-0.0072839729770455795,False,5,WF_2023_2024
rel_mom_spy_5,0.0072839729770455795,-0.0072839729770455795,False,5,WF_2023_2024
trend_sma_120,0.007236179293743985,0.007236179293743985,False,5,WF_2023_2024
mom_1d,0.006782057638636352,-0.006782057638636352,False,5,WF_2023_2024
mom_accel_20_60,0.006315238467066574,-0.006315238467066574,False,5,WF_2023_2024
ix_rel_mom_qqq_20__macro_qqq_ret20_z252,0.00629981801005416,0.00629981801005416,False,5,WF_2023_2024
age_assets,0.00575995236450323,-0.00575995236450323,False,5,WF_2023_2024
ix_earnings_yield__macro_tlt_ret60_z252,0.005751270455718313,-0.005751270455718313,False,5,WF_2023_2024
earnings_yield,0.005636591615035341,0.005636591615035341,False,5,WF_2023_2024
skew_20,0.005510795895020902,-0.005510795895020902,False,5,WF_2023_2024
current_ratio,0.005078042450232407,0.005078042450232407,False,5,WF_2023_2024
chg_cash_252d,0.004404928583174853,0.004404928583174853,False,5,WF_2023_2024
mom_10d,0.004173895929259191,0.004173895929259191,False,5,WF_2023_2024
rel_mom_qqq_10,0.004173895929259191,0.004173895929259191,False,5,WF_2023_2024
rel_mom_spy_10,0.004173895929259191,0.004173895929259191,False,5,WF_2023_2024
age_eps_diluted,0.004091475107846213,-0.004091475107846213,False,5,WF_2023_2024
chg_net_income_252d,0.003950795254059035,0.003950795254059035,False,5,WF_2023_2024
ix_rel_mom_spy_20__macro_iwm_ret20_z252,0.003091943863751992,-0.003091943863751992,False,5,WF_2023_2024
mom_60d,0.0030771230725238257,-0.0030771230725238257,False,5,WF_2023_2024
mom_60d_x_breadth,0.0030771230725238257,-0.0030771230725238257,False,5,WF_2023_2024
rel_mom_qqq_60,0.0030771230725238257,-0.0030771230725238257,False,5,WF_2023_2024
rel_mom_spy_60,0.0030771230725238257,-0.0030771230725238257,False,5,WF_2023_2024
cash_yield,0.0027244440798394527,0.0027244440798394527,False,5,WF_2023_2024
mom_20d,0.0022758423965728984,-0.0022758423965728984,False,5,WF_2023_2024
mom_20d_x_breadth,0.0022758423965728984,-0.0022758423965728984,False,5,WF_2023_2024
rel_mom_qqq_20,0.0022758423965728984,-0.0022758423965728984,False,5,WF_2023_2024
rel_mom_spy_20,0.0022758423965728984,-0.0022758423965728984,False,5,WF_2023_2024
trend_sma_60,0.0019498218767275482,-0.0019498218767275482,False,5,WF_2023_2024
ix_cash_assets__macro_hyg_ret20_z252,0.0017414015818609182,-0.0017414015818609182,False,5,WF_2023_2024
chg_operating_cash_flow_252d,0.0014637706270227235,-0.0014637706270227235,False,5,WF_2023_2024
mom_skip_20_5,0.0014292385807794003,0.0014292385807794003,False,5,WF_2023_2024
equity_assets,0.0013472705465445432,-0.0013472705465445432,False,5,WF_2023_2024
ix_size_log_market_cap__macro_spread_iwm_spy_20_z252,0.000861544419026991,-0.000861544419026991,False,5,WF_2023_2024
mom_skip_60_5,0.00044746173677057897,-0.00044746173677057897,False,5,WF_2023_2024
trend_sma_20,0.00025971743364924235,0.00025971743364924235,False,5,WF_2023_2024
macro_uup_ret60_z252,0.00014255425329300474,0.00014255425329300474,False,5,WF_2023_2024
macro_uup_ret120_z252,0.000127559907822922,0.000127559907822922,False,5,WF_2023_2024
macro_spread_qqq_spy_60_z252,7.841671898995206e-05,7.841671898995206e-05,False,5,WF_2023_2024
macro_tlt_ret5_z252,7.623599069368486e-05,7.623599069368486e-05,False,5,WF_2023_2024
macro_uup_level_z252,7.058779842463574e-05,7.058779842463574e-05,False,5,WF_2023_2024
macro_hyg_ret60_z252,7.05657391789439e-05,-7.05657391789439e-05,False,5,WF_2023_2024
macro_uup_ret20_z252,6.163217118061459e-05,6.163217118061459e-05,False,5,WF_2023_2024
macro_hyg_ret120_z252,6.080872640487116e-05,-6.080872640487116e-05,False,5,WF_2023_2024
macro_iwm_vol20_z252,5.892876533285343e-05,5.892876533285343e-05,False,5,WF_2023_2024
macro_qqq_level_z252,5.7989091977874214e-05,5.7989091977874214e-05,False,5,WF_2023_2024
macro_iwm_ret120_z252,5.482550459284372e-05,-5.482550459284372e-05,False,5,WF_2023_2024
macro_spread_hyg_tlt_120_z252,5.460043406290847e-05,-5.460043406290847e-05,False,5,WF_2023_2024
macro_idx_vix_ret60_z252,5.379422169823667e-05,5.379422169823667e-05,False,5,WF_2023_2024
macro_spy_ret60_z252,5.2866450330643833e-05,-5.2866450330643833e-05,False,5,WF_2023_2024
macro_qqq_ret20_z252,4.429484065764806e-05,4.429484065764806e-05,False,5,WF_2023_2024
macro_spread_qqq_spy_120_z252,4.3722405359710146e-05,4.3722405359710146e-05,False,5,WF_2023_2024
macro_idx_vix_level_z252,4.290640875184075e-05,4.290640875184075e-05,False,5,WF_2023_2024
macro_tlt_level_z252,4.2582944974038106e-05,4.2582944974038106e-05,False,5,WF_2023_2024
macro_spread_qqq_spy_20_z252,4.126765475892689e-05,4.126765475892689e-05,False,5,WF_2023_2024
macro_idx_vix_vol60_z252,4.1078899313598466e-05,4.1078899313598466e-05,False,5,WF_2023_2024
macro_iwm_ret60_z252,4.079838579833173e-05,-4.079838579833173e-05,False,5,WF_2023_2024
macro_spy_level_z252,3.960236089868722e-05,3.960236089868722e-05,False,5,WF_2023_2024
macro_uup_vol60_z252,3.874341988822885e-05,-3.874341988822885e-05,False,5,WF_2023_2024
macro_iwm_ret20_z252,3.8254579772561825e-05,3.8254579772561825e-05,False,5,WF_2023_2024
macro_spy_ret120_z252,3.759696200104428e-05,-3.759696200104428e-05,False,5,WF_2023_2024
macro_tlt_ret60_z252,3.635209105241735e-05,-3.635209105241735e-05,False,5,WF_2023_2024
macro_spy_ret20_z252,3.4544944980266706e-05,3.4544944980266706e-05,False,5,WF_2023_2024
macro_idx_vix_ret120_z252,3.142033596873303e-05,3.142033596873303e-05,False,5,WF_2023_2024
macro_qqq_vol20_z252,3.10623020008258e-05,3.10623020008258e-05,False,5,WF_2023_2024
macro_qqq_ret5_z252,2.6968853119524487e-05,2.6968853119524487e-05,False,5,WF_2023_2024
macro_spy_vol20_z252,2.6735482156229365e-05,2.6735482156229365e-05,False,5,WF_2023_2024
macro_spread_iwm_spy_120_z252,2.508366979704823e-05,-2.508366979704823e-05,False,5,WF_2023_2024
macro_uup_ret5_z252,2.508104874278404e-05,2.508104874278404e-05,False,5,WF_2023_2024
macro_hyg_vol20_z252,2.4732706302800653e-05,2.4732706302800653e-05,False,5,WF_2023_2024
macro_tlt_vol60_z252,2.4638423709377904e-05,2.4638423709377904e-05,False,5,WF_2023_2024
macro_spread_iwm_spy_20_z252,2.258211014114955e-05,2.258211014114955e-05,False,5,WF_2023_2024
macro_qqq_ret120_z252,1.8704342131561213e-05,-1.8704342131561213e-05,False,5,WF_2023_2024
macro_spread_hyg_tlt_20_z252,1.842578558701826e-05,1.842578558701826e-05,False,5,WF_2023_2024
macro_idx_vix_vol20_z252,1.7422507174687163e-05,-1.7422507174687163e-05,False,5,WF_2023_2024
macro_hyg_level_z252,1.6552928491463663e-05,1.6552928491463663e-05,False,5,WF_2023_2024
macro_idx_vix_ret5_z252,1.4715180075155636e-05,1.4715180075155636e-05,False,5,WF_2023_2024
macro_hyg_vol60_z252,1.2511266654819894e-05,1.2511266654819894e-05,False,5,WF_2023_2024
macro_hyg_ret5_z252,1.2498529128031158e-05,1.2498529128031158e-05,False,5,WF_2023_2024
macro_qqq_ret60_z252,1.1759958840720435e-05,-1.1759958840720435e-05,False,5,WF_2023_2024
macro_iwm_vol60_z252,1.1147401941296593e-05,1.1147401941296593e-05,False,5,WF_2023_2024
macro_spread_iwm_spy_60_z252,1.1117278240738208e-05,1.1117278240738208e-05,False,5,WF_2023_2024
macro_tlt_ret120_z252,9.591097935861745e-06,9.591097935861745e-06,False,5,WF_2023_2024
macro_iwm_level_z252,8.985655270031611e-06,8.985655270031611e-06,False,5,WF_2023_2024
macro_spread_hyg_tlt_60_z252,6.067618859101204e-06,6.067618859101204e-06,False,5,WF_2023_2024
macro_tlt_ret20_z252,5.963249442048102e-06,-5.963249442048102e-06,False,5,WF_2023_2024
macro_qqq_vol60_z252,5.374467022443423e-06,-5.374467022443423e-06,False,5,WF_2023_2024
macro_idx_vix_ret20_z252,5.1859863502681925e-06,-5.1859863502681925e-06,False,5,WF_2023_2024
macro_hyg_ret20_z252,4.403572785455285e-06,4.403572785455285e-06,False,5,WF_2023_2024
macro_tlt_vol20_z252,3.615326448427461e-06,-3.615326448427461e-06,False,5,WF_2023_2024
macro_iwm_ret5_z252,3.3016419336944796e-06,-3.3016419336944796e-06,False,5,WF_2023_2024
macro_uup_vol20_z252,2.474175857505363e-06,2.474175857505363e-06,False,5,WF_2023_2024
macro_spy_vol60_z252,1.212355688742533e-06,-1.212355688742533e-06,False,5,WF_2023_2024
macro_spy_ret5_z252,5.708734552523235e-07,5.708734552523235e-07,False,5,WF_2023_2024
corr_qqq_120,0.04768081971913371,0.04768081971913371,True,10,WF_2017_2018
fund_update_count_60d,0.04647261522183065,0.04647261522183065,True,10,WF_2017_2018
corr_spy_120,0.04519229729724083,0.04519229729724083,False,10,WF_2017_2018
size_log_market_cap,0.04283296290202613,-0.04283296290202613,True,10,WF_2017_2018
corr_spy_60,0.042003244667311486,0.042003244667311486,True,10,WF_2017_2018
corr_qqq_60,0.0416406777904088,0.0416406777904088,False,10,WF_2017_2018
ix_mom_60d__macro_tlt_ret60_z252,0.040717790541446516,-0.040717790541446516,True,10,WF_2017_2018
mom_skip_252_20,0.03969640008185823,0.03969640008185823,True,10,WF_2017_2018
ix_mom_20d__macro_tlt_ret20_z252,0.03838103385670803,-0.03838103385670803,True,10,WF_2017_2018
dist_high_252,0.0381568889318141,0.0381568889318141,True,10,WF_2017_2018
downside_vol_120,0.03770844808183791,-0.03770844808183791,True,10,WF_2017_2018
cash_yield,0.034719735056346804,0.034719735056346804,True,10,WF_2017_2018
vol_120,0.03445368487842654,-0.03445368487842654,False,10,WF_2017_2018
mom_252d,0.03406617070868758,0.03406617070868758,False,10,WF_2017_2018
rel_mom_qqq_252,0.03406617070868758,0.03406617070868758,False,10,WF_2017_2018
rel_mom_spy_252,0.03406617070868758,0.03406617070868758,False,10,WF_2017_2018
downside_vol_60,0.03392967253620997,-0.03392967253620997,True,10,WF_2017_2018
worst_day_60,0.03370057268355514,0.03370057268355514,False,10,WF_2017_2018
ix_cash_assets__macro_hyg_ret20_z252,0.033149855271786925,0.033149855271786925,True,10,WF_2017_2018
mom_skip_120_20,0.033082923528116086,0.033082923528116086,True,10,WF_2017_2018
downside_vol_20,0.03248465657694172,-0.03248465657694172,True,10,WF_2017_2018
vol_60,0.03239224076497938,-0.03239224076497938,True,10,WF_2017_2018
best_day_20,0.03197392889136923,-0.03197392889136923,True,10,WF_2017_2018
chg_cash_252d,0.031935542274456205,0.031935542274456205,True,10,WF_2017_2018
vol_20,0.03133909718588036,-0.03133909718588036,True,10,WF_2017_2018
dist_low_20,0.03133721689010292,-0.03133721689010292,True,10,WF_2017_2018
worst_day_20,0.03115392487105178,0.03115392487105178,False,10,WF_2017_2018
dist_high_120,0.02890809402490521,0.02890809402490521,True,10,WF_2017_2018
best_day_60,0.027584549981153565,-0.027584549981153565,True,10,WF_2017_2018
vol_10,0.0274664372845394,-0.0274664372845394,True,10,WF_2017_2018
mom_120d,0.027268425779269623,0.027268425779269623,True,10,WF_2017_2018
mom_120d_x_breadth,0.027268425779269623,0.027268425779269623,False,10,WF_2017_2018
rel_mom_qqq_120,0.027268425779269623,0.027268425779269623,False,10,WF_2017_2018
rel_mom_spy_120,0.027268425779269623,0.027268425779269623,False,10,WF_2017_2018
netinc_assets,0.02687272017436589,-0.02687272017436589,True,10,WF_2017_2018
ix_size_log_market_cap__macro_spread_iwm_spy_20_z252,0.02671768728532349,0.02671768728532349,True,10,WF_2017_2018
trend_sma_252,0.02638906538393572,0.02638906538393572,True,10,WF_2017_2018
beta_qqq_120,0.02581532625520224,0.02581532625520224,True,10,WF_2017_2018
downside_vol_10,0.025563755402124536,-0.025563755402124536,True,10,WF_2017_2018
cash_assets,0.02520380572825843,0.02520380572825843,True,10,WF_2017_2018
beta_spy_60,0.024597475902643242,0.024597475902643242,True,10,WF_2017_2018
beta_iwm_60,0.024469775106452776,0.024469775106452776,True,10,WF_2017_2018
beta_qqq_60,0.02286230345538534,0.02286230345538534,True,10,WF_2017_2018
beta_spy_120,0.02202013282837471,0.02202013282837471,False,10,WF_2017_2018
dist_low_60,0.021074293703748814,-0.021074293703748814,True,10,WF_2017_2018
mom_accel_60_120,0.019777037328415327,-0.019777037328415327,True,10,WF_2017_2018
ocf_assets,0.01929526382501719,-0.01929526382501719,True,10,WF_2017_2018
dist_low_120,0.01813109896857818,-0.01813109896857818,True,10,WF_2017_2018
mom_5d,0.01795175893338316,-0.01795175893338316,False,10,WF_2017_2018
rel_mom_qqq_5,0.01795175893338316,-0.01795175893338316,False,10,WF_2017_2018
rel_mom_spy_5,0.01795175893338316,-0.01795175893338316,False,10,WF_2017_2018
trend_sma_20,0.017389463191348598,-0.017389463191348598,False,10,WF_2017_2018
dist_high_60,0.016155534464163703,0.016155534464163703,False,10,WF_2017_2018
mom_10d,0.01561609179891635,-0.01561609179891635,False,10,WF_2017_2018
rel_mom_qqq_10,0.01561609179891635,-0.01561609179891635,False,10,WF_2017_2018
rel_mom_spy_10,0.01561609179891635,-0.01561609179891635,False,10,WF_2017_2018
beta_idx_vix_60,0.015520936708534458,-0.015520936708534458,False,10,WF_2017_2018
beta_tlt_60,0.014631515031112778,-0.014631515031112778,False,10,WF_2017_2018
trend_sma_120,0.013793393570891259,0.013793393570891259,False,10,WF_2017_2018
skew_120,0.013736133748254475,-0.013736133748254475,False,10,WF_2017_2018
skew_20,0.013545186159560785,-0.013545186159560785,False,10,WF_2017_2018
ix_mom_120d__macro_uup_ret60_z252,0.012180936116615715,-0.012180936116615715,False,10,WF_2017_2018
chg_assets_252d,0.011725195049745502,0.011725195049745502,False,10,WF_2017_2018
skew_60,0.01141661221422341,-0.01141661221422341,False,10,WF_2017_2018
mom_skip_60_5,0.011303080077771017,0.011303080077771017,False,10,WF_2017_2018
mom_accel_20_60,0.011207199483987604,-0.011207199483987604,False,10,WF_2017_2018
equity_assets,0.011104972193064024,-0.011104972193064024,False,10,WF_2017_2018
chg_eps_diluted_252d,0.010582823625820583,0.010582823625820583,False,10,WF_2017_2018
beta_hyg_60,0.009493644673583613,0.009493644673583613,False,10,WF_2017_2018
mom_20d,0.008243334495567174,-0.008243334495567174,False,10,WF_2017_2018
mom_20d_x_breadth,0.008243334495567174,-0.008243334495567174,False,10,WF_2017_2018
rel_mom_qqq_20,0.008243334495567174,-0.008243334495567174,False,10,WF_2017_2018
rel_mom_spy_20,0.008243334495567174,-0.008243334495567174,False,10,WF_2017_2018
mom_1d,0.008103580804814764,-0.008103580804814764,False,10,WF_2017_2018
mom_60d,0.007399579785941986,0.007399579785941986,False,10,WF_2017_2018
mom_60d_x_breadth,0.007399579785941986,0.007399579785941986,False,10,WF_2017_2018
rel_mom_qqq_60,0.007399579785941986,0.007399579785941986,False,10,WF_2017_2018
rel_mom_spy_60,0.007399579785941986,0.007399579785941986,False,10,WF_2017_2018
age_assets,0.006935747553266509,0.006935747553266509,False,10,WF_2017_2018
current_ratio,0.006814202330957859,0.006814202330957859,False,10,WF_2017_2018
age_eps_diluted,0.006779939408390913,0.006779939408390913,False,10,WF_2017_2018
earnings_yield,0.006691156157283174,-0.006691156157283174,False,10,WF_2017_2018
chg_net_income_252d,0.005663036715462739,0.005663036715462739,False,10,WF_2017_2018
ix_rel_mom_qqq_20__macro_qqq_ret20_z252,0.005591486524178731,0.005591486524178731,False,10,WF_2017_2018
chg_operating_cash_flow_252d,0.0039813903926898325,-0.0039813903926898325,False,10,WF_2017_2018
age_cash,0.003840574305948138,0.003840574305948138,False,10,WF_2017_2018
fund_update_count_20d,0.003613831637475887,0.003613831637475887,False,10,WF_2017_2018
dist_low_252,0.0035108121551537886,-0.0035108121551537886,False,10,WF_2017_2018
beta_uup_60,0.002203838140393431,-0.002203838140393431,False,10,WF_2017_2018
dist_high_20,0.002090502696817,0.002090502696817,False,10,WF_2017_2018
trend_sma_60,0.0017981116937342604,-0.0017981116937342604,False,10,WF_2017_2018
ix_earnings_yield__macro_tlt_ret60_z252,0.001664568755196935,0.001664568755196935,False,10,WF_2017_2018
mom_skip_20_5,0.001100853370224327,0.001100853370224327,False,10,WF_2017_2018
fundamental_freshness_mean_days,0.0006070068061264773,-0.0006070068061264773,False,10,WF_2017_2018
ix_rel_mom_spy_20__macro_iwm_ret20_z252,0.0006019382487923316,0.0006019382487923316,False,10,WF_2017_2018
ix_downside_vol_60__macro_idx_vix_level_z252,0.0002679511800700047,0.0002679511800700047,False,10,WF_2017_2018
macro_uup_vol60_z252,0.00014474887303960978,0.00014474887303960978,False,10,WF_2017_2018
macro_hyg_level_z252,0.00012145397302113704,-0.00012145397302113704,False,10,WF_2017_2018
macro_qqq_ret120_z252,0.00011569032977612482,-0.00011569032977612482,False,10,WF_2017_2018
macro_spy_ret120_z252,0.0001140260978319388,-0.0001140260978319388,False,10,WF_2017_2018
macro_spy_vol60_z252,0.0001067042601784236,0.0001067042601784236,False,10,WF_2017_2018
macro_tlt_level_z252,0.00010301535585843037,0.00010301535585843037,False,10,WF_2017_2018
macro_spy_vol20_z252,9.364237630781842e-05,9.364237630781842e-05,False,10,WF_2017_2018
macro_tlt_vol60_z252,8.384262324807704e-05,8.384262324807704e-05,False,10,WF_2017_2018
macro_uup_vol20_z252,8.220191810336045e-05,8.220191810336045e-05,False,10,WF_2017_2018
macro_tlt_vol20_z252,8.205458822794702e-05,8.205458822794702e-05,False,10,WF_2017_2018
macro_qqq_vol60_z252,8.174795618712601e-05,8.174795618712601e-05,False,10,WF_2017_2018
macro_spread_hyg_tlt_120_z252,8.144569601862334e-05,-8.144569601862334e-05,False,10,WF_2017_2018
macro_uup_ret60_z252,7.771064464444836e-05,-7.771064464444836e-05,False,10,WF_2017_2018
macro_idx_vix_level_z252,7.604381482829548e-05,7.604381482829548e-05,False,10,WF_2017_2018
macro_qqq_vol20_z252,7.23726557006485e-05,7.23726557006485e-05,False,10,WF_2017_2018
macro_spy_ret60_z252,7.216450115786854e-05,-7.216450115786854e-05,False,10,WF_2017_2018
macro_idx_vix_ret120_z252,7.19707816306447e-05,7.19707816306447e-05,False,10,WF_2017_2018
macro_spy_ret20_z252,7.024128887018952e-05,-7.024128887018952e-05,False,10,WF_2017_2018
macro_idx_vix_vol20_z252,6.831781041145562e-05,6.831781041145562e-05,False,10,WF_2017_2018
macro_uup_ret5_z252,6.551849031002014e-05,-6.551849031002014e-05,False,10,WF_2017_2018
macro_tlt_ret120_z252,6.460389336499712e-05,6.460389336499712e-05,False,10,WF_2017_2018
macro_hyg_ret120_z252,6.30298753087039e-05,-6.30298753087039e-05,False,10,WF_2017_2018
macro_idx_vix_vol60_z252,5.9076647331568186e-05,5.9076647331568186e-05,False,10,WF_2017_2018
macro_tlt_ret5_z252,5.606630023100723e-05,5.606630023100723e-05,False,10,WF_2017_2018
macro_qqq_ret20_z252,5.5496316203768334e-05,-5.5496316203768334e-05,False,10,WF_2017_2018
macro_spread_hyg_tlt_60_z252,5.319887480721817e-05,-5.319887480721817e-05,False,10,WF_2017_2018
macro_uup_ret20_z252,5.1536931787341576e-05,-5.1536931787341576e-05,False,10,WF_2017_2018
macro_iwm_ret20_z252,4.86459749997138e-05,-4.86459749997138e-05,False,10,WF_2017_2018
macro_uup_ret120_z252,4.678488966346802e-05,-4.678488966346802e-05,False,10,WF_2017_2018
macro_tlt_ret60_z252,4.6402428683391946e-05,4.6402428683391946e-05,False,10,WF_2017_2018
macro_qqq_ret60_z252,4.267633394762874e-05,-4.267633394762874e-05,False,10,WF_2017_2018
macro_spread_qqq_spy_60_z252,4.141563897550967e-05,4.141563897550967e-05,False,10,WF_2017_2018
macro_iwm_ret60_z252,4.0458644401242454e-05,-4.0458644401242454e-05,False,10,WF_2017_2018
macro_iwm_ret120_z252,3.925595184390274e-05,-3.925595184390274e-05,False,10,WF_2017_2018
macro_qqq_ret5_z252,3.89248706090147e-05,-3.89248706090147e-05,False,10,WF_2017_2018
macro_iwm_vol20_z252,3.746506866639609e-05,3.746506866639609e-05,False,10,WF_2017_2018
macro_spread_hyg_tlt_20_z252,3.6651859096220525e-05,-3.6651859096220525e-05,False,10,WF_2017_2018
macro_hyg_vol60_z252,3.6428250604024305e-05,3.6428250604024305e-05,False,10,WF_2017_2018
macro_tlt_ret20_z252,3.103786187725517e-05,3.103786187725517e-05,False,10,WF_2017_2018
macro_hyg_vol20_z252,2.844763092140707e-05,2.844763092140707e-05,False,10,WF_2017_2018
macro_spy_ret5_z252,2.7079007387355758e-05,-2.7079007387355758e-05,False,10,WF_2017_2018
macro_spy_level_z252,2.581411416968773e-05,-2.581411416968773e-05,False,10,WF_2017_2018
macro_hyg_ret60_z252,2.5290473716207188e-05,-2.5290473716207188e-05,False,10,WF_2017_2018
macro_hyg_ret20_z252,2.4701206906563347e-05,-2.4701206906563347e-05,False,10,WF_2017_2018
macro_spread_iwm_spy_60_z252,2.446549243241967e-05,-2.446549243241967e-05,False,10,WF_2017_2018
macro_spread_qqq_spy_120_z252,2.2922493705645107e-05,-2.2922493705645107e-05,False,10,WF_2017_2018
macro_idx_vix_ret60_z252,2.2367810554761444e-05,2.2367810554761444e-05,False,10,WF_2017_2018
macro_iwm_vol60_z252,2.2079040279197824e-05,2.2079040279197824e-05,False,10,WF_2017_2018
macro_idx_vix_ret5_z252,2.119728974786248e-05,-2.119728974786248e-05,False,10,WF_2017_2018
macro_uup_level_z252,1.8037294131724317e-05,1.8037294131724317e-05,False,10,WF_2017_2018
macro_hyg_ret5_z252,1.6728719234392726e-05,1.6728719234392726e-05,False,10,WF_2017_2018
macro_iwm_level_z252,1.6166866346422956e-05,-1.6166866346422956e-05,False,10,WF_2017_2018
macro_spread_iwm_spy_20_z252,1.582442935444592e-05,-1.582442935444592e-05,False,10,WF_2017_2018
macro_qqq_level_z252,8.942395679337628e-06,8.942395679337628e-06,False,10,WF_2017_2018
macro_idx_vix_ret20_z252,7.715217802071934e-06,7.715217802071934e-06,False,10,WF_2017_2018
macro_spread_iwm_spy_120_z252,4.485436643330329e-06,-4.485436643330329e-06,False,10,WF_2017_2018
macro_spread_qqq_spy_20_z252,4.2296904964297445e-06,4.2296904964297445e-06,False,10,WF_2017_2018
macro_iwm_ret5_z252,2.646881165781892e-06,-2.646881165781892e-06,False,10,WF_2017_2018
fund_update_count_60d,0.04914169254120521,0.04914169254120521,True,10,WF_2019_2020
corr_qqq_120,0.04899320545791295,0.04899320545791295,True,10,WF_2019_2020
vol_60,0.04200343119823948,-0.04200343119823948,True,10,WF_2019_2020
downside_vol_60,0.04119068830609816,-0.04119068830609816,True,10,WF_2019_2020
downside_vol_20,0.04075085406805678,-0.04075085406805678,True,10,WF_2019_2020
vol_120,0.040552599101758284,-0.040552599101758284,False,10,WF_2019_2020
vol_20,0.04052120270159723,-0.04052120270159723,True,10,WF_2019_2020
downside_vol_120,0.040117053069626124,-0.040117053069626124,True,10,WF_2019_2020
best_day_20,0.03929005879367735,-0.03929005879367735,True,10,WF_2019_2020
corr_spy_120,0.03928175584339913,0.03928175584339913,True,10,WF_2019_2020
size_log_market_cap,0.03839844927594718,-0.03839844927594718,True,10,WF_2019_2020
worst_day_20,0.03838628524334828,0.03838628524334828,False,10,WF_2019_2020
dist_high_252,0.038324025162879805,0.038324025162879805,True,10,WF_2019_2020
best_day_60,0.03681652913377939,-0.03681652913377939,True,10,WF_2019_2020
vol_10,0.03670379839326245,-0.03670379839326245,True,10,WF_2019_2020
worst_day_60,0.03634153453605835,0.03634153453605835,False,10,WF_2019_2020
corr_qqq_60,0.03439581054677376,0.03439581054677376,True,10,WF_2019_2020
downside_vol_10,0.03423231348578876,-0.03423231348578876,True,10,WF_2019_2020
dist_high_120,0.03310085922012458,0.03310085922012458,True,10,WF_2019_2020
cash_assets,0.03210386625879972,0.03210386625879972,True,10,WF_2019_2020
mom_skip_252_20,0.031082333021803972,0.031082333021803972,True,10,WF_2019_2020
corr_spy_60,0.030214247102619586,0.030214247102619586,True,10,WF_2019_2020
mom_252d,0.02910550597717162,0.02910550597717162,False,10,WF_2019_2020
rel_mom_qqq_252,0.02910550597717162,0.02910550597717162,False,10,WF_2019_2020
rel_mom_spy_252,0.02910550597717162,0.02910550597717162,False,10,WF_2019_2020
mom_skip_120_20,0.02811609832455696,0.02811609832455696,True,10,WF_2019_2020
dist_low_20,0.027450017925547198,-0.027450017925547198,True,10,WF_2019_2020
dist_high_60,0.026911508245204937,0.026911508245204937,True,10,WF_2019_2020
chg_assets_252d,0.026186195963339653,0.026186195963339653,True,10,WF_2019_2020
mom_120d,0.0255129158541261,0.0255129158541261,True,10,WF_2019_2020
mom_120d_x_breadth,0.0255129158541261,0.0255129158541261,False,10,WF_2019_2020
rel_mom_qqq_120,0.0255129158541261,0.0255129158541261,False,10,WF_2019_2020
rel_mom_spy_120,0.0255129158541261,0.0255129158541261,False,10,WF_2019_2020
trend_sma_252,0.02514892569493693,0.02514892569493693,True,10,WF_2019_2020
dist_low_60,0.022183565112542523,-0.022183565112542523,True,10,WF_2019_2020
chg_cash_252d,0.02213917705223101,0.02213917705223101,True,10,WF_2019_2020
ix_mom_20d__macro_tlt_ret20_z252,0.020823201645701835,-0.020823201645701835,True,10,WF_2019_2020
beta_qqq_120,0.020356417091116522,0.020356417091116522,True,10,WF_2019_2020
skew_120,0.019432436420183465,-0.019432436420183465,True,10,WF_2019_2020
skew_60,0.016961176103243734,-0.016961176103243734,True,10,WF_2019_2020
trend_sma_120,0.01647866260911432,0.01647866260911432,True,10,WF_2019_2020
ix_mom_120d__macro_uup_ret60_z252,0.016464430509688717,-0.016464430509688717,True,10,WF_2019_2020
ix_size_log_market_cap__macro_spread_iwm_spy_20_z252,0.01635657423781351,0.01635657423781351,True,10,WF_2019_2020
beta_uup_60,0.016026285115330476,-0.016026285115330476,True,10,WF_2019_2020
mom_accel_60_120,0.015934801019204782,-0.015934801019204782,True,10,WF_2019_2020
cash_yield,0.015782587382568443,0.015782587382568443,False,10,WF_2019_2020
dist_high_20,0.01576294010710374,0.01576294010710374,False,10,WF_2019_2020
ix_downside_vol_60__macro_idx_vix_level_z252,0.014693982447172694,0.014693982447172694,False,10,WF_2019_2020
mom_skip_60_5,0.014323281075707283,0.014323281075707283,False,10,WF_2019_2020
dist_low_120,0.014162096166519427,-0.014162096166519427,False,10,WF_2019_2020
skew_20,0.013923813068758605,-0.013923813068758605,False,10,WF_2019_2020
current_ratio,0.011148893802912918,0.011148893802912918,False,10,WF_2019_2020
beta_tlt_60,0.011134653117546247,0.011134653117546247,False,10,WF_2019_2020
mom_5d,0.010833427700045419,-0.010833427700045419,False,10,WF_2019_2020
rel_mom_qqq_5,0.010833427700045419,-0.010833427700045419,False,10,WF_2019_2020
rel_mom_spy_5,0.010833427700045419,-0.010833427700045419,False,10,WF_2019_2020
age_assets,0.010824649912974226,0.010824649912974226,False,10,WF_2019_2020
mom_60d,0.010814452849963142,0.010814452849963142,False,10,WF_2019_2020
mom_60d_x_breadth,0.010814452849963142,0.010814452849963142,False,10,WF_2019_2020
rel_mom_qqq_60,0.010814452849963142,0.010814452849963142,False,10,WF_2019_2020
rel_mom_spy_60,0.010814452849963142,0.010814452849963142,False,10,WF_2019_2020
age_eps_diluted,0.01013754715515816,0.01013754715515816,False,10,WF_2019_2020
ix_rel_mom_qqq_20__macro_qqq_ret20_z252,0.01010043664326086,0.01010043664326086,False,10,WF_2019_2020
fund_update_count_20d,0.010094462323215215,0.010094462323215215,False,10,WF_2019_2020
beta_qqq_60,0.009655877051278431,0.009655877051278431,False,10,WF_2019_2020
beta_spy_120,0.008976345231539418,0.008976345231539418,False,10,WF_2019_2020
chg_operating_cash_flow_252d,0.00803068271154469,0.00803068271154469,False,10,WF_2019_2020
ix_mom_60d__macro_tlt_ret60_z252,0.007979215934353348,-0.007979215934353348,False,10,WF_2019_2020
trend_sma_20,0.007890811773694275,-0.007890811773694275,False,10,WF_2019_2020
mom_accel_20_60,0.00728357885016332,-0.00728357885016332,False,10,WF_2019_2020
chg_eps_diluted_252d,0.007053106943829207,0.007053106943829207,False,10,WF_2019_2020
mom_10d,0.006684895980074229,-0.006684895980074229,False,10,WF_2019_2020
rel_mom_qqq_10,0.006684895980074229,-0.006684895980074229,False,10,WF_2019_2020
rel_mom_spy_10,0.006684895980074229,-0.006684895980074229,False,10,WF_2019_2020
earnings_yield,0.006550162566070702,-0.006550162566070702,False,10,WF_2019_2020
mom_1d,0.005943132233633093,-0.005943132233633093,False,10,WF_2019_2020
ix_cash_assets__macro_hyg_ret20_z252,0.005876317126769249,0.005876317126769249,False,10,WF_2019_2020
mom_20d,0.004257629551120827,-0.004257629551120827,False,10,WF_2019_2020
mom_20d_x_breadth,0.004257629551120827,-0.004257629551120827,False,10,WF_2019_2020
rel_mom_qqq_20,0.004257629551120827,-0.004257629551120827,False,10,WF_2019_2020
rel_mom_spy_20,0.004257629551120827,-0.004257629551120827,False,10,WF_2019_2020
beta_idx_vix_60,0.004091788009826341,0.004091788009826341,False,10,WF_2019_2020
ix_earnings_yield__macro_tlt_ret60_z252,0.0032460865810566325,0.0032460865810566325,False,10,WF_2019_2020
equity_assets,0.0032228681585713442,0.0032228681585713442,False,10,WF_2019_2020
beta_spy_60,0.0031537242404498103,0.0031537242404498103,False,10,WF_2019_2020
ix_rel_mom_spy_20__macro_iwm_ret20_z252,0.002740154122760181,0.002740154122760181,False,10,WF_2019_2020
ocf_assets,0.0026476272375026287,-0.0026476272375026287,False,10,WF_2019_2020
fundamental_freshness_mean_days,0.002608592254296926,-0.002608592254296926,False,10,WF_2019_2020
chg_net_income_252d,0.002299717561739351,0.002299717561739351,False,10,WF_2019_2020
trend_sma_60,0.0022878716776371416,0.0022878716776371416,False,10,WF_2019_2020
netinc_assets,0.002255292814863999,-0.002255292814863999,False,10,WF_2019_2020
beta_iwm_60,0.0022137858416965113,-0.0022137858416965113,False,10,WF_2019_2020
mom_skip_20_5,0.0019836909317420743,0.0019836909317420743,False,10,WF_2019_2020
dist_low_252,0.001925523889502537,-0.001925523889502537,False,10,WF_2019_2020
beta_hyg_60,0.0012377483045583075,0.0012377483045583075,False,10,WF_2019_2020
age_cash,0.0005227334050542261,-0.0005227334050542261,False,10,WF_2019_2020
macro_hyg_ret60_z252,0.000181486786464697,0.000181486786464697,False,10,WF_2019_2020
macro_spread_hyg_tlt_60_z252,0.00018120284781580388,0.00018120284781580388,False,10,WF_2019_2020
macro_hyg_ret5_z252,0.00014540547766178904,0.00014540547766178904,False,10,WF_2019_2020
macro_spread_hyg_tlt_20_z252,0.00014347413459814742,0.00014347413459814742,False,10,WF_2019_2020
macro_hyg_ret120_z252,0.0001355500504423995,0.0001355500504423995,False,10,WF_2019_2020
macro_idx_vix_ret60_z252,0.00012568508536927128,-0.00012568508536927128,False,10,WF_2019_2020
macro_uup_level_z252,0.00012550609412266284,0.00012550609412266284,False,10,WF_2019_2020
macro_spy_level_z252,0.00012347268629644907,0.00012347268629644907,False,10,WF_2019_2020
macro_spread_hyg_tlt_120_z252,0.00012332627821600803,0.00012332627821600803,False,10,WF_2019_2020
macro_qqq_level_z252,0.00012255137305543711,0.00012255137305543711,False,10,WF_2019_2020
macro_spread_iwm_spy_120_z252,0.00011132901202998899,0.00011132901202998899,False,10,WF_2019_2020
macro_iwm_level_z252,0.00010861407515155658,0.00010861407515155658,False,10,WF_2019_2020
macro_tlt_ret20_z252,0.0001047311138168035,-0.0001047311138168035,False,10,WF_2019_2020
macro_hyg_ret20_z252,9.851026352582713e-05,9.851026352582713e-05,False,10,WF_2019_2020
macro_idx_vix_ret120_z252,9.793695709187544e-05,-9.793695709187544e-05,False,10,WF_2019_2020
macro_hyg_vol20_z252,9.463619510090954e-05,-9.463619510090954e-05,False,10,WF_2019_2020
macro_iwm_ret120_z252,8.700811779235144e-05,8.700811779235144e-05,False,10,WF_2019_2020
macro_tlt_ret60_z252,8.529812279148748e-05,-8.529812279148748e-05,False,10,WF_2019_2020
macro_uup_ret120_z252,8.377733134932459e-05,8.377733134932459e-05,False,10,WF_2019_2020
macro_spy_ret5_z252,8.014658271428381e-05,8.014658271428381e-05,False,10,WF_2019_2020
macro_spread_qqq_spy_20_z252,7.908020573567365e-05,-7.908020573567365e-05,False,10,WF_2019_2020
macro_iwm_ret5_z252,7.796326337713988e-05,7.796326337713988e-05,False,10,WF_2019_2020
macro_iwm_ret60_z252,7.154136740567884e-05,7.154136740567884e-05,False,10,WF_2019_2020
macro_iwm_ret20_z252,6.432108443657418e-05,6.432108443657418e-05,False,10,WF_2019_2020
macro_qqq_ret5_z252,6.34574252803731e-05,6.34574252803731e-05,False,10,WF_2019_2020
macro_uup_vol60_z252,6.254975094421831e-05,6.254975094421831e-05,False,10,WF_2019_2020
macro_spy_ret60_z252,6.168427623662239e-05,6.168427623662239e-05,False,10,WF_2019_2020
macro_spy_ret20_z252,5.975356561128242e-05,5.975356561128242e-05,False,10,WF_2019_2020
macro_tlt_vol60_z252,5.779422450611632e-05,5.779422450611632e-05,False,10,WF_2019_2020
macro_hyg_vol60_z252,5.6726682389801714e-05,-5.6726682389801714e-05,False,10,WF_2019_2020
macro_tlt_vol20_z252,5.306825187640212e-05,5.306825187640212e-05,False,10,WF_2019_2020
macro_qqq_vol60_z252,5.052178253473474e-05,-5.052178253473474e-05,False,10,WF_2019_2020
macro_idx_vix_ret5_z252,4.9060278374335405e-05,-4.9060278374335405e-05,False,10,WF_2019_2020
macro_tlt_ret120_z252,4.8946667457536834e-05,-4.8946667457536834e-05,False,10,WF_2019_2020
macro_iwm_vol60_z252,4.887606504918929e-05,-4.887606504918929e-05,False,10,WF_2019_2020
macro_uup_ret5_z252,4.88748545046056e-05,4.88748545046056e-05,False,10,WF_2019_2020
macro_idx_vix_ret20_z252,4.866405254861747e-05,-4.866405254861747e-05,False,10,WF_2019_2020
macro_tlt_ret5_z252,4.382691060939242e-05,-4.382691060939242e-05,False,10,WF_2019_2020
macro_iwm_vol20_z252,4.24709107827308e-05,-4.24709107827308e-05,False,10,WF_2019_2020
macro_tlt_level_z252,4.207654306658091e-05,-4.207654306658091e-05,False,10,WF_2019_2020
macro_uup_ret20_z252,3.879528341273671e-05,3.879528341273671e-05,False,10,WF_2019_2020
macro_uup_vol20_z252,3.8399546704665957e-05,3.8399546704665957e-05,False,10,WF_2019_2020
macro_qqq_ret60_z252,3.8290075465995365e-05,3.8290075465995365e-05,False,10,WF_2019_2020
macro_idx_vix_level_z252,3.7925193528549747e-05,-3.7925193528549747e-05,False,10,WF_2019_2020
macro_spread_iwm_spy_20_z252,3.497463324003207e-05,3.497463324003207e-05,False,10,WF_2019_2020
macro_qqq_vol20_z252,3.482036157277005e-05,-3.482036157277005e-05,False,10,WF_2019_2020
macro_spread_qqq_spy_120_z252,3.3353314259102116e-05,3.3353314259102116e-05,False,10,WF_2019_2020
macro_spread_iwm_spy_60_z252,3.121340557233359e-05,3.121340557233359e-05,False,10,WF_2019_2020
macro_spy_vol20_z252,2.8904347904220667e-05,-2.8904347904220667e-05,False,10,WF_2019_2020
macro_uup_ret60_z252,2.4131801925390093e-05,2.4131801925390093e-05,False,10,WF_2019_2020
macro_idx_vix_vol60_z252,1.9615230226602727e-05,-1.9615230226602727e-05,False,10,WF_2019_2020
macro_hyg_level_z252,1.8899718374181393e-05,1.8899718374181393e-05,False,10,WF_2019_2020
macro_qqq_ret20_z252,1.2329610915040833e-05,1.2329610915040833e-05,False,10,WF_2019_2020
macro_spy_vol60_z252,1.0753490565521717e-05,-1.0753490565521717e-05,False,10,WF_2019_2020
macro_qqq_ret120_z252,3.187075442798519e-06,3.187075442798519e-06,False,10,WF_2019_2020
macro_spread_qqq_spy_60_z252,2.0791791620265625e-06,2.0791791620265625e-06,False,10,WF_2019_2020
macro_spy_ret120_z252,1.425180413536546e-06,1.425180413536546e-06,False,10,WF_2019_2020
macro_idx_vix_vol20_z252,4.497428733345236e-07,4.497428733345236e-07,False,10,WF_2019_2020
cash_assets,0.053056084511501025,0.053056084511501025,True,10,WF_2021_2022
fund_update_count_60d,0.049531755271164275,0.049531755271164275,True,10,WF_2021_2022
corr_qqq_120,0.044762942231596096,0.044762942231596096,True,10,WF_2021_2022
chg_assets_252d,0.04307141498033617,0.04307141498033617,True,10,WF_2021_2022
vol_60,0.042752671686677284,-0.042752671686677284,True,10,WF_2021_2022
best_day_60,0.040356863561202126,-0.040356863561202126,True,10,WF_2021_2022
downside_vol_60,0.039338337779135556,-0.039338337779135556,True,10,WF_2021_2022
best_day_20,0.039260470036473726,-0.039260470036473726,True,10,WF_2021_2022
dist_high_252,0.03924094242569486,0.03924094242569486,True,10,WF_2021_2022
vol_20,0.03889164872547104,-0.03889164872547104,True,10,WF_2021_2022
vol_120,0.03837182211945125,-0.03837182211945125,False,10,WF_2021_2022
beta_tlt_60,0.037503289103801775,0.037503289103801775,True,10,WF_2021_2022
mom_skip_252_20,0.03620655702645217,0.03620655702645217,True,10,WF_2021_2022
downside_vol_20,0.03584609592119902,-0.03584609592119902,True,10,WF_2021_2022
mom_252d,0.03565766449739276,0.03565766449739276,False,10,WF_2021_2022
rel_mom_qqq_252,0.03565766449739276,0.03565766449739276,False,10,WF_2021_2022
rel_mom_spy_252,0.03565766449739276,0.03565766449739276,False,10,WF_2021_2022
vol_10,0.03492419980695249,-0.03492419980695249,True,10,WF_2021_2022
downside_vol_120,0.033907088744072875,-0.033907088744072875,True,10,WF_2021_2022
downside_vol_10,0.0338778649989192,-0.0338778649989192,True,10,WF_2021_2022
dist_high_120,0.033753121051416334,0.033753121051416334,True,10,WF_2021_2022
worst_day_20,0.032522996782306114,0.032522996782306114,False,10,WF_2021_2022
ix_mom_120d__macro_uup_ret60_z252,0.03252060617247925,-0.03252060617247925,True,10,WF_2021_2022
worst_day_60,0.03172411768577876,0.03172411768577876,False,10,WF_2021_2022
trend_sma_252,0.030748236088949298,0.030748236088949298,True,10,WF_2021_2022
corr_spy_120,0.029808996222090448,0.029808996222090448,True,10,WF_2021_2022
skew_60,0.02865557167874669,-0.02865557167874669,True,10,WF_2021_2022
dist_high_60,0.02833936831935283,0.02833936831935283,True,10,WF_2021_2022
skew_120,0.02760879038351466,-0.02760879038351466,True,10,WF_2021_2022
beta_iwm_60,0.024558426747848333,-0.024558426747848333,True,10,WF_2021_2022
size_log_market_cap,0.02373209704793164,-0.02373209704793164,True,10,WF_2021_2022
corr_qqq_60,0.023243071569304892,0.023243071569304892,True,10,WF_2021_2022
mom_skip_120_20,0.02307461721154507,0.02307461721154507,True,10,WF_2021_2022
mom_120d,0.023019476374328784,0.023019476374328784,True,10,WF_2021_2022
mom_120d_x_breadth,0.023019476374328784,0.023019476374328784,False,10,WF_2021_2022
rel_mom_qqq_120,0.023019476374328784,0.023019476374328784,False,10,WF_2021_2022
rel_mom_spy_120,0.023019476374328784,0.023019476374328784,False,10,WF_2021_2022
current_ratio,0.021187208762335864,0.021187208762335864,True,10,WF_2021_2022
fund_update_count_20d,0.020788891139495825,0.020788891139495825,True,10,WF_2021_2022
ix_downside_vol_60__macro_idx_vix_level_z252,0.020222355856411682,0.020222355856411682,True,10,WF_2021_2022
netinc_assets,0.01981804685777997,0.01981804685777997,True,10,WF_2021_2022
dist_high_20,0.018860989677257654,0.018860989677257654,True,10,WF_2021_2022
equity_assets,0.017878026899408293,0.017878026899408293,True,10,WF_2021_2022
skew_20,0.017842705139623063,-0.017842705139623063,True,10,WF_2021_2022
ocf_assets,0.01738280550564369,0.01738280550564369,True,10,WF_2021_2022
dist_low_20,0.017363542289929167,-0.017363542289929167,False,10,WF_2021_2022
trend_sma_120,0.01687699201130474,0.01687699201130474,False,10,WF_2021_2022
beta_spy_60,0.01607888231201353,-0.01607888231201353,False,10,WF_2021_2022
dist_low_60,0.01559375156068157,-0.01559375156068157,False,10,WF_2021_2022
beta_idx_vix_60,0.01483848591255694,0.01483848591255694,False,10,WF_2021_2022
chg_eps_diluted_252d,0.01316999133513813,0.01316999133513813,False,10,WF_2021_2022
dist_low_120,0.013151284464352812,-0.013151284464352812,False,10,WF_2021_2022
ix_mom_60d__macro_tlt_ret60_z252,0.012967264977849023,0.012967264977849023,False,10,WF_2021_2022
beta_qqq_120,0.01288822004823886,0.01288822004823886,False,10,WF_2021_2022
beta_hyg_60,0.012448786943739241,-0.012448786943739241,False,10,WF_2021_2022
mom_accel_60_120,0.011377910688413966,-0.011377910688413966,False,10,WF_2021_2022
corr_spy_60,0.010837562127726325,0.010837562127726325,False,10,WF_2021_2022
ix_rel_mom_qqq_20__macro_qqq_ret20_z252,0.010456536471250423,0.010456536471250423,False,10,WF_2021_2022
age_cash,0.010337310733565393,-0.010337310733565393,False,10,WF_2021_2022
age_eps_diluted,0.010284966354367507,0.010284966354367507,False,10,WF_2021_2022
mom_skip_60_5,0.0102435647420144,0.0102435647420144,False,10,WF_2021_2022
chg_cash_252d,0.010228299498893105,0.010228299498893105,False,10,WF_2021_2022
age_assets,0.008771221789053336,0.008771221789053336,False,10,WF_2021_2022
fundamental_freshness_mean_days,0.008378091263083549,-0.008378091263083549,False,10,WF_2021_2022
earnings_yield,0.007878160594822199,-0.007878160594822199,False,10,WF_2021_2022
mom_60d,0.007206843271625347,0.007206843271625347,False,10,WF_2021_2022
mom_60d_x_breadth,0.007206843271625347,0.007206843271625347,False,10,WF_2021_2022
rel_mom_qqq_60,0.007206843271625347,0.007206843271625347,False,10,WF_2021_2022
rel_mom_spy_60,0.007206843271625347,0.007206843271625347,False,10,WF_2021_2022
mom_accel_20_60,0.006949969216384605,-0.006949969216384605,False,10,WF_2021_2022
ix_rel_mom_spy_20__macro_iwm_ret20_z252,0.006268205775987185,0.006268205775987185,False,10,WF_2021_2022
chg_operating_cash_flow_252d,0.006200428861762001,0.006200428861762001,False,10,WF_2021_2022
mom_1d,0.006100932868016589,-0.006100932868016589,False,10,WF_2021_2022
chg_net_income_252d,0.005815704871621158,0.005815704871621158,False,10,WF_2021_2022
cash_yield,0.005404303006890157,-0.005404303006890157,False,10,WF_2021_2022
ix_earnings_yield__macro_tlt_ret60_z252,0.005223939784227392,0.005223939784227392,False,10,WF_2021_2022
ix_cash_assets__macro_hyg_ret20_z252,0.004946754312532726,-0.004946754312532726,False,10,WF_2021_2022
beta_uup_60,0.004678537870726163,-0.004678537870726163,False,10,WF_2021_2022
beta_qqq_60,0.004587554434380615,-0.004587554434380615,False,10,WF_2021_2022
mom_10d,0.0041304553763266685,0.0041304553763266685,False,10,WF_2021_2022
rel_mom_qqq_10,0.0041304553763266685,0.0041304553763266685,False,10,WF_2021_2022
rel_mom_spy_10,0.0041304553763266685,0.0041304553763266685,False,10,WF_2021_2022
ix_size_log_market_cap__macro_spread_iwm_spy_20_z252,0.0038443850635503977,-0.0038443850635503977,False,10,WF_2021_2022
mom_20d,0.0035983498237301364,-0.0035983498237301364,False,10,WF_2021_2022
mom_20d_x_breadth,0.0035983498237301364,-0.0035983498237301364,False,10,WF_2021_2022
rel_mom_qqq_20,0.0035983498237301364,-0.0035983498237301364,False,10,WF_2021_2022
rel_mom_spy_20,0.0035983498237301364,-0.0035983498237301364,False,10,WF_2021_2022
ix_mom_20d__macro_tlt_ret20_z252,0.003129440785116376,-0.003129440785116376,False,10,WF_2021_2022
mom_5d,0.002168932546577492,-0.002168932546577492,False,10,WF_2021_2022
rel_mom_qqq_5,0.002168932546577492,-0.002168932546577492,False,10,WF_2021_2022
rel_mom_spy_5,0.002168932546577492,-0.002168932546577492,False,10,WF_2021_2022
trend_sma_60,0.0021151180013953812,0.0021151180013953812,False,10,WF_2021_2022
dist_low_252,0.001440465665148765,-0.001440465665148765,False,10,WF_2021_2022
beta_spy_120,0.0010753300627788745,0.0010753300627788745,False,10,WF_2021_2022
mom_skip_20_5,0.0008044319970074786,-0.0008044319970074786,False,10,WF_2021_2022
macro_tlt_level_z252,0.0006240181733842908,0.0006240181733842908,False,10,WF_2021_2022
macro_iwm_level_z252,0.0005062093585176884,-0.0005062093585176884,False,10,WF_2021_2022
macro_tlt_vol60_z252,0.0004046104285274315,0.0004046104285274315,False,10,WF_2021_2022
macro_hyg_ret120_z252,0.00039682247320263513,0.00039682247320263513,False,10,WF_2021_2022
macro_spy_level_z252,0.00036323475141822326,-0.00036323475141822326,False,10,WF_2021_2022
macro_tlt_vol20_z252,0.0003241180291284444,0.0003241180291284444,False,10,WF_2021_2022
macro_tlt_ret120_z252,0.0003110096857729535,0.0003110096857729535,False,10,WF_2021_2022
macro_hyg_vol60_z252,0.00028383579586661146,0.00028383579586661146,False,10,WF_2021_2022
trend_sma_20,0.0002813094037276022,0.0002813094037276022,False,10,WF_2021_2022
macro_uup_ret120_z252,0.00027870352437265857,-0.00027870352437265857,False,10,WF_2021_2022
macro_uup_level_z252,0.0002605722475028991,0.0002605722475028991,False,10,WF_2021_2022
macro_iwm_vol60_z252,0.00025425506539828715,0.00025425506539828715,False,10,WF_2021_2022
macro_hyg_ret60_z252,0.00025100800004120103,0.00025100800004120103,False,10,WF_2021_2022
macro_qqq_level_z252,0.000249254688042208,-0.000249254688042208,False,10,WF_2021_2022
macro_hyg_vol20_z252,0.00022033852934784487,0.00022033852934784487,False,10,WF_2021_2022
macro_spread_hyg_tlt_120_z252,0.0002130218543983109,-0.0002130218543983109,False,10,WF_2021_2022
macro_idx_vix_ret120_z252,0.0002032076248623266,-0.0002032076248623266,False,10,WF_2021_2022
macro_tlt_ret60_z252,0.00016942486557671682,0.00016942486557671682,False,10,WF_2021_2022
macro_uup_vol60_z252,0.00016391605246141025,0.00016391605246141025,False,10,WF_2021_2022
macro_idx_vix_level_z252,0.00013985545089582378,0.00013985545089582378,False,10,WF_2021_2022
macro_iwm_vol20_z252,0.0001345382992091853,0.0001345382992091853,False,10,WF_2021_2022
macro_hyg_ret20_z252,0.00012631883238894617,0.00012631883238894617,False,10,WF_2021_2022
macro_spread_qqq_spy_120_z252,0.0001224587598797863,0.0001224587598797863,False,10,WF_2021_2022
macro_uup_ret60_z252,0.00012135973316690588,-0.00012135973316690588,False,10,WF_2021_2022
macro_spy_vol60_z252,0.00011817865169727872,0.00011817865169727872,False,10,WF_2021_2022
macro_spread_qqq_spy_60_z252,0.00011291428945962747,0.00011291428945962747,False,10,WF_2021_2022
macro_idx_vix_ret60_z252,0.00010880222889487066,-0.00010880222889487066,False,10,WF_2021_2022
macro_iwm_ret60_z252,0.00010208146344200195,0.00010208146344200195,False,10,WF_2021_2022
macro_idx_vix_vol20_z252,8.873901794430407e-05,-8.873901794430407e-05,False,10,WF_2021_2022
macro_spread_iwm_spy_20_z252,8.824302615465223e-05,8.824302615465223e-05,False,10,WF_2021_2022
macro_iwm_ret20_z252,8.693585206222182e-05,8.693585206222182e-05,False,10,WF_2021_2022
macro_qqq_vol20_z252,8.017075883489287e-05,-8.017075883489287e-05,False,10,WF_2021_2022
macro_qqq_ret120_z252,8.00105515119972e-05,8.00105515119972e-05,False,10,WF_2021_2022
macro_idx_vix_vol60_z252,7.405392974482699e-05,-7.405392974482699e-05,False,10,WF_2021_2022
macro_spread_hyg_tlt_60_z252,7.090590189642137e-05,-7.090590189642137e-05,False,10,WF_2021_2022
macro_spread_iwm_spy_60_z252,7.089141934312241e-05,7.089141934312241e-05,False,10,WF_2021_2022
macro_uup_ret20_z252,7.048568738613533e-05,-7.048568738613533e-05,False,10,WF_2021_2022
macro_iwm_ret120_z252,6.198648049815176e-05,6.198648049815176e-05,False,10,WF_2021_2022
macro_uup_vol20_z252,6.008827769707861e-05,6.008827769707861e-05,False,10,WF_2021_2022
macro_hyg_level_z252,5.9296420799555665e-05,5.9296420799555665e-05,False,10,WF_2021_2022
macro_idx_vix_ret20_z252,5.7461095159610224e-05,-5.7461095159610224e-05,False,10,WF_2021_2022
macro_qqq_ret60_z252,5.731825993058928e-05,5.731825993058928e-05,False,10,WF_2021_2022
macro_spread_qqq_spy_20_z252,5.512023866889771e-05,5.512023866889771e-05,False,10,WF_2021_2022
macro_qqq_ret20_z252,5.411921465878884e-05,5.411921465878884e-05,False,10,WF_2021_2022
macro_spy_ret20_z252,4.5273338721201795e-05,4.5273338721201795e-05,False,10,WF_2021_2022
macro_tlt_ret20_z252,4.458758503056376e-05,4.458758503056376e-05,False,10,WF_2021_2022
macro_iwm_ret5_z252,3.941622282220956e-05,3.941622282220956e-05,False,10,WF_2021_2022
macro_spy_vol20_z252,3.700006711818878e-05,3.700006711818878e-05,False,10,WF_2021_2022
macro_hyg_ret5_z252,3.685854628944229e-05,3.685854628944229e-05,False,10,WF_2021_2022
macro_spy_ret60_z252,3.68417049965931e-05,3.68417049965931e-05,False,10,WF_2021_2022
macro_uup_ret5_z252,3.2983184368318544e-05,-3.2983184368318544e-05,False,10,WF_2021_2022
macro_qqq_vol60_z252,3.2825913735691695e-05,-3.2825913735691695e-05,False,10,WF_2021_2022
macro_idx_vix_ret5_z252,3.1052528553824386e-05,-3.1052528553824386e-05,False,10,WF_2021_2022
macro_qqq_ret5_z252,2.521463302685516e-05,2.521463302685516e-05,False,10,WF_2021_2022
macro_spy_ret120_z252,2.1495868770861678e-05,2.1495868770861678e-05,False,10,WF_2021_2022
macro_spread_hyg_tlt_20_z252,2.1042145955442915e-05,2.1042145955442915e-05,False,10,WF_2021_2022
macro_tlt_ret5_z252,1.904117331750115e-05,1.904117331750115e-05,False,10,WF_2021_2022
macro_spread_iwm_spy_120_z252,1.3326239683099408e-05,1.3326239683099408e-05,False,10,WF_2021_2022
macro_spy_ret5_z252,1.3302149746433294e-05,1.3302149746433294e-05,False,10,WF_2021_2022
fund_update_count_60d,0.05176560077055352,0.05176560077055352,True,10,WF_2023_2024
best_day_60,0.04865293891181851,-0.04865293891181851,True,10,WF_2023_2024
vol_60,0.047055670329470896,-0.047055670329470896,True,10,WF_2023_2024
downside_vol_60,0.044376792052089484,-0.044376792052089484,True,10,WF_2023_2024
vol_120,0.04366462233547526,-0.04366462233547526,False,10,WF_2023_2024
vol_20,0.04342814906338334,-0.04342814906338334,True,10,WF_2023_2024
best_day_20,0.04326800975792037,-0.04326800975792037,True,10,WF_2023_2024
ix_mom_120d__macro_uup_ret60_z252,0.041775108603826085,-0.041775108603826085,True,10,WF_2023_2024
worst_day_60,0.039903970716960925,0.039903970716960925,True,10,WF_2023_2024
vol_10,0.03941295486485568,-0.03941295486485568,True,10,WF_2023_2024
downside_vol_120,0.0389816833013637,-0.0389816833013637,True,10,WF_2023_2024
downside_vol_20,0.038806677224701734,-0.038806677224701734,True,10,WF_2023_2024
downside_vol_10,0.03808933736943607,-0.03808933736943607,True,10,WF_2023_2024
worst_day_20,0.03705997598421432,0.03705997598421432,False,10,WF_2023_2024
dist_high_252,0.03546176323871077,0.03546176323871077,True,10,WF_2023_2024
beta_iwm_60,0.0343370756256231,-0.0343370756256231,True,10,WF_2023_2024
mom_skip_252_20,0.031900550841601934,0.031900550841601934,True,10,WF_2023_2024
skew_60,0.030588734497124917,-0.030588734497124917,True,10,WF_2023_2024
skew_120,0.030336053180198438,-0.030336053180198438,True,10,WF_2023_2024
size_log_market_cap,0.02843815542195894,-0.02843815542195894,True,10,WF_2023_2024
mom_252d,0.02825898044278157,0.02825898044278157,False,10,WF_2023_2024
rel_mom_qqq_252,0.02825898044278157,0.02825898044278157,False,10,WF_2023_2024
rel_mom_spy_252,0.02825898044278157,0.02825898044278157,False,10,WF_2023_2024
beta_uup_60,0.026771982770101135,0.026771982770101135,True,10,WF_2023_2024
dist_high_120,0.026441278191684275,0.026441278191684275,True,10,WF_2023_2024
ocf_assets,0.025385773110950655,0.025385773110950655,True,10,WF_2023_2024
corr_spy_120,0.02533105574919643,0.02533105574919643,True,10,WF_2023_2024
trend_sma_252,0.02498170747169538,0.02498170747169538,True,10,WF_2023_2024
cash_assets,0.02456930089258511,0.02456930089258511,True,10,WF_2023_2024
dist_low_120,0.022850260377869212,-0.022850260377869212,True,10,WF_2023_2024
beta_qqq_60,0.02200739558273591,-0.02200739558273591,True,10,WF_2023_2024
fund_update_count_20d,0.021864241577927036,0.021864241577927036,True,10,WF_2023_2024
dist_low_60,0.02013816920505168,-0.02013816920505168,True,10,WF_2023_2024
beta_qqq_120,0.019775938161761885,-0.019775938161761885,True,10,WF_2023_2024
beta_hyg_60,0.018572924829213255,-0.018572924829213255,True,10,WF_2023_2024
beta_spy_60,0.01846447981615686,-0.01846447981615686,True,10,WF_2023_2024
dist_high_60,0.018171756120409523,0.018171756120409523,True,10,WF_2023_2024
dist_low_20,0.018033036712428188,-0.018033036712428188,True,10,WF_2023_2024
dist_high_20,0.01788830579748946,0.01788830579748946,True,10,WF_2023_2024
netinc_assets,0.01748676339324523,0.01748676339324523,True,10,WF_2023_2024
age_cash,0.01682418546946396,-0.01682418546946396,True,10,WF_2023_2024
beta_idx_vix_60,0.01646706323379033,0.01646706323379033,False,10,WF_2023_2024
corr_qqq_120,0.01639409999405233,0.01639409999405233,False,10,WF_2023_2024
fundamental_freshness_mean_days,0.015378290502784159,-0.015378290502784159,False,10,WF_2023_2024
corr_spy_60,0.01426414428557073,0.01426414428557073,False,10,WF_2023_2024
ix_mom_60d__macro_tlt_ret60_z252,0.014103458939802697,0.014103458939802697,False,10,WF_2023_2024
ix_downside_vol_60__macro_idx_vix_level_z252,0.014042544852055189,0.014042544852055189,False,10,WF_2023_2024
beta_tlt_60,0.01401622343383461,0.01401622343383461,False,10,WF_2023_2024
corr_qqq_60,0.011848848645378676,0.011848848645378676,False,10,WF_2023_2024
mom_skip_120_20,0.011485306891720127,0.011485306891720127,False,10,WF_2023_2024
skew_20,0.011067080551991813,-0.011067080551991813,False,10,WF_2023_2024
beta_spy_120,0.011000871075779751,-0.011000871075779751,False,10,WF_2023_2024
chg_assets_252d,0.010890532660544376,0.010890532660544376,False,10,WF_2023_2024
dist_low_252,0.010822646846876243,-0.010822646846876243,False,10,WF_2023_2024
current_ratio,0.00986763915379228,0.00986763915379228,False,10,WF_2023_2024
ix_earnings_yield__macro_tlt_ret60_z252,0.009710331681177395,-0.009710331681177395,False,10,WF_2023_2024
mom_120d,0.0090963800706012,0.0090963800706012,False,10,WF_2023_2024
mom_120d_x_breadth,0.0090963800706012,0.0090963800706012,False,10,WF_2023_2024
rel_mom_qqq_120,0.0090963800706012,0.0090963800706012,False,10,WF_2023_2024
rel_mom_spy_120,0.0090963800706012,0.0090963800706012,False,10,WF_2023_2024
ix_mom_20d__macro_tlt_ret20_z252,0.009066741267810395,0.009066741267810395,False,10,WF_2023_2024
trend_sma_120,0.008428901609125182,0.008428901609125182,False,10,WF_2023_2024
ix_rel_mom_spy_20__macro_iwm_ret20_z252,0.008321179063645915,-0.008321179063645915,False,10,WF_2023_2024
chg_eps_diluted_252d,0.00811456290455464,0.00811456290455464,False,10,WF_2023_2024
mom_accel_20_60,0.008005080775429224,-0.008005080775429224,False,10,WF_2023_2024
mom_accel_60_120,0.007372341864430505,-0.007372341864430505,False,10,WF_2023_2024
cash_yield,0.0065749822408890934,0.0065749822408890934,False,10,WF_2023_2024
earnings_yield,0.006403103430220219,0.006403103430220219,False,10,WF_2023_2024
mom_10d,0.0058729299327939955,0.0058729299327939955,False,10,WF_2023_2024
rel_mom_qqq_10,0.0058729299327939955,0.0058729299327939955,False,10,WF_2023_2024
rel_mom_spy_10,0.0058729299327939955,0.0058729299327939955,False,10,WF_2023_2024
age_assets,0.005699953527903941,-0.005699953527903941,False,10,WF_2023_2024
chg_cash_252d,0.004767696780012479,0.004767696780012479,False,10,WF_2023_2024
ix_size_log_market_cap__macro_spread_iwm_spy_20_z252,0.00446551223733724,-0.00446551223733724,False,10,WF_2023_2024
mom_1d,0.0041962063080759615,-0.0041962063080759615,False,10,WF_2023_2024
chg_operating_cash_flow_252d,0.003803821970636339,-0.003803821970636339,False,10,WF_2023_2024
mom_60d,0.0031011472221731725,-0.0031011472221731725,False,10,WF_2023_2024
mom_60d_x_breadth,0.0031011472221731725,-0.0031011472221731725,False,10,WF_2023_2024
rel_mom_qqq_60,0.0031011472221731725,-0.0031011472221731725,False,10,WF_2023_2024
rel_mom_spy_60,0.0031011472221731725,-0.0031011472221731725,False,10,WF_2023_2024
mom_skip_20_5,0.003079602726370877,-0.003079602726370877,False,10,WF_2023_2024
mom_skip_60_5,0.00299214334110965,-0.00299214334110965,False,10,WF_2023_2024
age_eps_diluted,0.0028930816412626468,-0.0028930816412626468,False,10,WF_2023_2024
mom_20d,0.002795614463847726,-0.002795614463847726,False,10,WF_2023_2024
mom_20d_x_breadth,0.002795614463847726,-0.002795614463847726,False,10,WF_2023_2024
rel_mom_qqq_20,0.002795614463847726,-0.002795614463847726,False,10,WF_2023_2024
rel_mom_spy_20,0.002795614463847726,-0.002795614463847726,False,10,WF_2023_2024
trend_sma_60,0.002556806319357127,-0.002556806319357127,False,10,WF_2023_2024
trend_sma_20,0.002497647018372561,0.002497647018372561,False,10,WF_2023_2024
chg_net_income_252d,0.002131977415138037,0.002131977415138037,False,10,WF_2023_2024
ix_rel_mom_qqq_20__macro_qqq_ret20_z252,0.0020735518346925936,0.0020735518346925936,False,10,WF_2023_2024
ix_cash_assets__macro_hyg_ret20_z252,0.0013034931708538885,-0.0013034931708538885,False,10,WF_2023_2024
equity_assets,0.0011147155432447242,0.0011147155432447242,False,10,WF_2023_2024
mom_5d,0.0008620314508853861,0.0008620314508853861,False,10,WF_2023_2024
rel_mom_qqq_5,0.0008620314508853861,0.0008620314508853861,False,10,WF_2023_2024
rel_mom_spy_5,0.0008620314508853861,0.0008620314508853861,False,10,WF_2023_2024
macro_uup_ret60_z252,0.0004062089327573663,0.0004062089327573663,False,10,WF_2023_2024
macro_uup_ret120_z252,0.00027428380723115275,0.00027428380723115275,False,10,WF_2023_2024
macro_hyg_ret60_z252,0.00024296575750957876,-0.00024296575750957876,False,10,WF_2023_2024
macro_hyg_ret120_z252,0.0002066958436480521,-0.0002066958436480521,False,10,WF_2023_2024
macro_qqq_level_z252,0.00020178781921442545,0.00020178781921442545,False,10,WF_2023_2024
macro_idx_vix_ret60_z252,0.00017367963015892142,0.00017367963015892142,False,10,WF_2023_2024
macro_iwm_vol20_z252,0.00017185030815232218,0.00017185030815232218,False,10,WF_2023_2024
macro_uup_ret20_z252,0.0001709936664023278,0.0001709936664023278,False,10,WF_2023_2024
macro_spy_ret60_z252,0.00016300742598215044,-0.00016300742598215044,False,10,WF_2023_2024
macro_iwm_ret120_z252,0.00015871647390284298,-0.00015871647390284298,False,10,WF_2023_2024
macro_idx_vix_vol60_z252,0.00015573729493870093,0.00015573729493870093,False,10,WF_2023_2024
macro_spread_qqq_spy_60_z252,0.00015512386396076156,0.00015512386396076156,False,10,WF_2023_2024
macro_tlt_ret5_z252,0.0001526434500074342,0.0001526434500074342,False,10,WF_2023_2024
macro_spy_level_z252,0.00014645302738732762,0.00014645302738732762,False,10,WF_2023_2024
macro_iwm_ret60_z252,0.00014603082907311543,-0.00014603082907311543,False,10,WF_2023_2024
macro_tlt_ret60_z252,0.00013885660114065275,-0.00013885660114065275,False,10,WF_2023_2024
macro_uup_vol60_z252,0.0001265825050726033,-0.0001265825050726033,False,10,WF_2023_2024
macro_idx_vix_ret120_z252,0.00012429283872813333,0.00012429283872813333,False,10,WF_2023_2024
macro_idx_vix_level_z252,0.00011701819217305747,0.00011701819217305747,False,10,WF_2023_2024
macro_spread_hyg_tlt_20_z252,0.00011485145686790728,0.00011485145686790728,False,10,WF_2023_2024
macro_spy_ret120_z252,0.00011274900179737769,-0.00011274900179737769,False,10,WF_2023_2024
macro_spread_hyg_tlt_120_z252,0.00010709163217124017,-0.00010709163217124017,False,10,WF_2023_2024
macro_qqq_vol20_z252,0.00010516957657006668,0.00010516957657006668,False,10,WF_2023_2024
macro_qqq_ret5_z252,0.00010370621119605419,0.00010370621119605419,False,10,WF_2023_2024
macro_tlt_level_z252,0.00010034240060621409,0.00010034240060621409,False,10,WF_2023_2024
macro_tlt_ret20_z252,0.00010023240674963786,-0.00010023240674963786,False,10,WF_2023_2024
macro_uup_level_z252,9.856793418422461e-05,9.856793418422461e-05,False,10,WF_2023_2024
macro_iwm_ret20_z252,8.195890328562859e-05,8.195890328562859e-05,False,10,WF_2023_2024
macro_spy_vol20_z252,8.089099456861539e-05,8.089099456861539e-05,False,10,WF_2023_2024
macro_qqq_ret120_z252,7.710521777761205e-05,-7.710521777761205e-05,False,10,WF_2023_2024
macro_uup_ret5_z252,7.675189172690661e-05,7.675189172690661e-05,False,10,WF_2023_2024
macro_spread_iwm_spy_20_z252,7.607887030709825e-05,7.607887030709825e-05,False,10,WF_2023_2024
macro_qqq_ret20_z252,7.421641454149177e-05,7.421641454149177e-05,False,10,WF_2023_2024
macro_spy_ret5_z252,7.239104989639449e-05,7.239104989639449e-05,False,10,WF_2023_2024
macro_spread_iwm_spy_120_z252,6.949403536678659e-05,-6.949403536678659e-05,False,10,WF_2023_2024
macro_iwm_level_z252,6.868636246520515e-05,6.868636246520515e-05,False,10,WF_2023_2024
macro_hyg_vol20_z252,6.820703219269317e-05,6.820703219269317e-05,False,10,WF_2023_2024
macro_qqq_ret60_z252,6.686683632340477e-05,-6.686683632340477e-05,False,10,WF_2023_2024
macro_spy_ret20_z252,6.371485443534162e-05,6.371485443534162e-05,False,10,WF_2023_2024
macro_hyg_ret5_z252,5.325793205794396e-05,5.325793205794396e-05,False,10,WF_2023_2024
macro_iwm_ret5_z252,5.1333338093496855e-05,5.1333338093496855e-05,False,10,WF_2023_2024
macro_hyg_level_z252,5.0228842859411864e-05,5.0228842859411864e-05,False,10,WF_2023_2024
macro_spread_qqq_spy_20_z252,4.939994328406271e-05,4.939994328406271e-05,False,10,WF_2023_2024
macro_idx_vix_ret5_z252,4.913274115009596e-05,4.913274115009596e-05,False,10,WF_2023_2024
macro_spread_qqq_spy_120_z252,4.7826256688956175e-05,4.7826256688956175e-05,False,10,WF_2023_2024
macro_tlt_ret120_z252,3.7240068716928804e-05,-3.7240068716928804e-05,False,10,WF_2023_2024
macro_tlt_vol20_z252,3.3780582908879875e-05,-3.3780582908879875e-05,False,10,WF_2023_2024
macro_spread_hyg_tlt_60_z252,2.937770101169088e-05,2.937770101169088e-05,False,10,WF_2023_2024
macro_spy_vol60_z252,2.8508619624253808e-05,-2.8508619624253808e-05,False,10,WF_2023_2024
macro_tlt_vol60_z252,2.767953305206801e-05,-2.767953305206801e-05,False,10,WF_2023_2024
macro_hyg_ret20_z252,2.572181442451639e-05,-2.572181442451639e-05,False,10,WF_2023_2024
macro_qqq_vol60_z252,2.3484606742263014e-05,-2.3484606742263014e-05,False,10,WF_2023_2024
macro_idx_vix_ret20_z252,1.3490734573991254e-05,1.3490734573991254e-05,False,10,WF_2023_2024
macro_iwm_vol60_z252,1.075804205801777e-05,-1.075804205801777e-05,False,10,WF_2023_2024
macro_uup_vol20_z252,9.255143125555212e-06,-9.255143125555212e-06,False,10,WF_2023_2024
macro_idx_vix_vol20_z252,7.696100996397637e-06,7.696100996397637e-06,False,10,WF_2023_2024
macro_hyg_vol60_z252,1.8445115675282218e-06,-1.8445115675282218e-06,False,10,WF_2023_2024
macro_spread_iwm_spy_60_z252,3.897551180618686e-07,3.897551180618686e-07,False,10,WF_2023_2024
fund_update_count_60d,0.07019859038676636,0.07019859038676636,True,20,WF_2017_2018
corr_qqq_120,0.06570056707909402,0.06570056707909402,True,20,WF_2017_2018
corr_spy_120,0.06263958019761529,0.06263958019761529,False,20,WF_2017_2018
size_log_market_cap,0.05883582423234888,-0.05883582423234888,True,20,WF_2017_2018
corr_spy_60,0.05568633395152015,0.05568633395152015,True,20,WF_2017_2018
corr_qqq_60,0.05559391086213428,0.05559391086213428,False,20,WF_2017_2018
dist_high_252,0.0513682317193446,0.0513682317193446,True,20,WF_2017_2018
downside_vol_120,0.04843384492037106,-0.04843384492037106,True,20,WF_2017_2018
ix_cash_assets__macro_hyg_ret20_z252,0.0461819063563959,0.0461819063563959,True,20,WF_2017_2018
mom_skip_252_20,0.04512902020084467,0.04512902020084467,True,20,WF_2017_2018
vol_120,0.04391393591441814,-0.04391393591441814,False,20,WF_2017_2018
cash_yield,0.04379217076281187,0.04379217076281187,True,20,WF_2017_2018
worst_day_60,0.043412716634638485,0.043412716634638485,True,20,WF_2017_2018
downside_vol_60,0.04187884193858652,-0.04187884193858652,False,20,WF_2017_2018
dist_high_120,0.04177650471762857,0.04177650471762857,True,20,WF_2017_2018
vol_60,0.0412629937372163,-0.0412629937372163,True,20,WF_2017_2018
vol_20,0.04122243765773114,-0.04122243765773114,True,20,WF_2017_2018
ix_mom_20d__macro_tlt_ret20_z252,0.04119865078478681,-0.04119865078478681,True,20,WF_2017_2018
mom_skip_120_20,0.0411910467856614,0.0411910467856614,True,20,WF_2017_2018
netinc_assets,0.04064296963505153,-0.04064296963505153,True,20,WF_2017_2018
chg_cash_252d,0.040091278996473814,0.040091278996473814,True,20,WF_2017_2018
downside_vol_20,0.039757000980840417,-0.039757000980840417,True,20,WF_2017_2018
worst_day_20,0.03919878431890509,0.03919878431890509,False,20,WF_2017_2018
best_day_20,0.03891244807229254,-0.03891244807229254,True,20,WF_2017_2018
mom_252d,0.038566093357018716,0.038566093357018716,False,20,WF_2017_2018
rel_mom_qqq_252,0.038566093357018716,0.038566093357018716,False,20,WF_2017_2018
rel_mom_spy_252,0.038566093357018716,0.038566093357018716,False,20,WF_2017_2018
vol_10,0.038045634601017474,-0.038045634601017474,True,20,WF_2017_2018
beta_qqq_120,0.03731494435666587,0.03731494435666587,True,20,WF_2017_2018
ix_mom_60d__macro_tlt_ret60_z252,0.03726832279864026,-0.03726832279864026,True,20,WF_2017_2018
mom_120d,0.03437817346200511,0.03437817346200511,True,20,WF_2017_2018
mom_120d_x_breadth,0.03437817346200511,0.03437817346200511,False,20,WF_2017_2018
rel_mom_qqq_120,0.03437817346200511,0.03437817346200511,False,20,WF_2017_2018
rel_mom_spy_120,0.03437817346200511,0.03437817346200511,False,20,WF_2017_2018
best_day_60,0.03406779788789062,-0.03406779788789062,True,20,WF_2017_2018
downside_vol_10,0.03326001765577836,-0.03326001765577836,True,20,WF_2017_2018
beta_spy_60,0.03235672969904703,0.03235672969904703,True,20,WF_2017_2018
trend_sma_252,0.03209514771144895,0.03209514771144895,True,20,WF_2017_2018
beta_qqq_60,0.03177602179500844,0.03177602179500844,True,20,WF_2017_2018
beta_spy_120,0.03132830891254255,0.03132830891254255,False,20,WF_2017_2018
beta_iwm_60,0.029663106479385883,0.029663106479385883,True,20,WF_2017_2018
ix_mom_120d__macro_uup_ret60_z252,0.029246590884380134,-0.029246590884380134,True,20,WF_2017_2018
dist_low_20,0.027864760372615288,-0.027864760372615288,True,20,WF_2017_2018
cash_assets,0.026168665348706047,0.026168665348706047,True,20,WF_2017_2018
ocf_assets,0.025544503008511715,-0.025544503008511715,True,20,WF_2017_2018
dist_high_60,0.024037936219022636,0.024037936219022636,True,20,WF_2017_2018
ix_size_log_market_cap__macro_spread_iwm_spy_20_z252,0.023524212403312546,0.023524212403312546,True,20,WF_2017_2018
mom_accel_60_120,0.023452206373052138,-0.023452206373052138,True,20,WF_2017_2018
trend_sma_120,0.020945836128076607,0.020945836128076607,False,20,WF_2017_2018
beta_tlt_60,0.020459603311134625,-0.020459603311134625,False,20,WF_2017_2018
dist_low_120,0.019653304427441332,-0.019653304427441332,False,20,WF_2017_2018
dist_low_60,0.019039208172316965,-0.019039208172316965,False,20,WF_2017_2018
ix_downside_vol_60__macro_idx_vix_level_z252,0.019025796251041765,-0.019025796251041765,False,20,WF_2017_2018
chg_eps_diluted_252d,0.018832497402380747,0.018832497402380747,False,20,WF_2017_2018
beta_idx_vix_60,0.017087266630310374,-0.017087266630310374,False,20,WF_2017_2018
dist_high_20,0.01621689339144829,0.01621689339144829,False,20,WF_2017_2018
skew_120,0.014057197920063,-0.014057197920063,False,20,WF_2017_2018
skew_60,0.013506566315165912,-0.013506566315165912,False,20,WF_2017_2018
skew_20,0.01342352832783817,-0.01342352832783817,False,20,WF_2017_2018
mom_skip_60_5,0.013323031132019115,0.013323031132019115,False,20,WF_2017_2018
fundamental_freshness_mean_days,0.013320237226813055,-0.013320237226813055,False,20,WF_2017_2018
equity_assets,0.01318179664084314,-0.01318179664084314,False,20,WF_2017_2018
chg_assets_252d,0.012617114668866999,0.012617114668866999,False,20,WF_2017_2018
mom_5d,0.011606638375519828,-0.011606638375519828,False,20,WF_2017_2018
rel_mom_qqq_5,0.011606638375519828,-0.011606638375519828,False,20,WF_2017_2018
rel_mom_spy_5,0.011606638375519828,-0.011606638375519828,False,20,WF_2017_2018
current_ratio,0.011297307446335654,0.011297307446335654,False,20,WF_2017_2018
beta_hyg_60,0.010390003112291093,0.010390003112291093,False,20,WF_2017_2018
trend_sma_20,0.009756542888788577,-0.009756542888788577,False,20,WF_2017_2018
age_cash,0.009421310063209813,-0.009421310063209813,False,20,WF_2017_2018
mom_60d,0.009406997454778208,0.009406997454778208,False,20,WF_2017_2018
mom_60d_x_breadth,0.009406997454778208,0.009406997454778208,False,20,WF_2017_2018
rel_mom_qqq_60,0.009406997454778208,0.009406997454778208,False,20,WF_2017_2018
rel_mom_spy_60,0.009406997454778208,0.009406997454778208,False,20,WF_2017_2018
mom_10d,0.009062188473925707,-0.009062188473925707,False,20,WF_2017_2018
rel_mom_qqq_10,0.009062188473925707,-0.009062188473925707,False,20,WF_2017_2018
rel_mom_spy_10,0.009062188473925707,-0.009062188473925707,False,20,WF_2017_2018
chg_net_income_252d,0.008626370804376126,0.008626370804376126,False,20,WF_2017_2018
earnings_yield,0.008615997981553988,-0.008615997981553988,False,20,WF_2017_2018
mom_skip_20_5,0.008074983444686438,0.008074983444686438,False,20,WF_2017_2018
age_eps_diluted,0.007452454408558229,-0.007452454408558229,False,20,WF_2017_2018
age_assets,0.006430165647760625,-0.006430165647760625,False,20,WF_2017_2018
chg_operating_cash_flow_252d,0.005789199515614681,-0.005789199515614681,False,20,WF_2017_2018
mom_1d,0.00544298565909029,-0.00544298565909029,False,20,WF_2017_2018
ix_earnings_yield__macro_tlt_ret60_z252,0.005201882022484349,-0.005201882022484349,False,20,WF_2017_2018
mom_accel_20_60,0.004884277484540114,-0.004884277484540114,False,20,WF_2017_2018
dist_low_252,0.004612564286575885,-0.004612564286575885,False,20,WF_2017_2018
ix_rel_mom_spy_20__macro_iwm_ret20_z252,0.0043142902743532,-0.0043142902743532,False,20,WF_2017_2018
fund_update_count_20d,0.004001337251224942,0.004001337251224942,False,20,WF_2017_2018
beta_uup_60,0.003747349611146578,0.003747349611146578,False,20,WF_2017_2018
ix_rel_mom_qqq_20__macro_qqq_ret20_z252,0.0030213794084598265,0.0030213794084598265,False,20,WF_2017_2018
mom_20d,0.002146438800527103,0.002146438800527103,False,20,WF_2017_2018
mom_20d_x_breadth,0.002146438800527103,0.002146438800527103,False,20,WF_2017_2018
rel_mom_qqq_20,0.002146438800527103,0.002146438800527103,False,20,WF_2017_2018
rel_mom_spy_20,0.002146438800527103,0.002146438800527103,False,20,WF_2017_2018
trend_sma_60,0.0008527351186418111,0.0008527351186418111,False,20,WF_2017_2018
macro_uup_vol60_z252,0.00015343617895523766,0.00015343617895523766,False,20,WF_2017_2018
macro_hyg_level_z252,0.00010518855133378776,-0.00010518855133378776,False,20,WF_2017_2018
macro_uup_vol20_z252,9.973050805585183e-05,9.973050805585183e-05,False,20,WF_2017_2018
macro_spread_iwm_spy_20_z252,9.704861241486259e-05,-9.704861241486259e-05,False,20,WF_2017_2018
macro_tlt_vol60_z252,9.278835697580439e-05,9.278835697580439e-05,False,20,WF_2017_2018
macro_iwm_ret20_z252,8.684187252288876e-05,-8.684187252288876e-05,False,20,WF_2017_2018
macro_spy_vol60_z252,8.310029946568753e-05,8.310029946568753e-05,False,20,WF_2017_2018
macro_spy_ret120_z252,8.030338318799729e-05,-8.030338318799729e-05,False,20,WF_2017_2018
macro_qqq_ret120_z252,7.489135477303906e-05,-7.489135477303906e-05,False,20,WF_2017_2018
macro_spy_vol20_z252,7.124587592724538e-05,7.124587592724538e-05,False,20,WF_2017_2018
macro_uup_ret20_z252,7.015536824875153e-05,-7.015536824875153e-05,False,20,WF_2017_2018
macro_spy_ret20_z252,6.927916861637322e-05,-6.927916861637322e-05,False,20,WF_2017_2018
macro_qqq_vol60_z252,6.733929140818435e-05,6.733929140818435e-05,False,20,WF_2017_2018
macro_idx_vix_level_z252,6.632832115447537e-05,6.632832115447537e-05,False,20,WF_2017_2018
macro_uup_ret60_z252,6.613342615144912e-05,-6.613342615144912e-05,False,20,WF_2017_2018
macro_hyg_ret120_z252,5.756306494880409e-05,-5.756306494880409e-05,False,20,WF_2017_2018
macro_tlt_level_z252,5.649361035343656e-05,5.649361035343656e-05,False,20,WF_2017_2018
macro_spread_hyg_tlt_120_z252,5.599595221747327e-05,-5.599595221747327e-05,False,20,WF_2017_2018
macro_tlt_ret20_z252,5.3173502288676656e-05,5.3173502288676656e-05,False,20,WF_2017_2018
macro_qqq_vol20_z252,5.280378072270775e-05,5.280378072270775e-05,False,20,WF_2017_2018
macro_spread_hyg_tlt_20_z252,5.273553934677782e-05,-5.273553934677782e-05,False,20,WF_2017_2018
macro_spread_qqq_spy_20_z252,4.8335827354695155e-05,4.8335827354695155e-05,False,20,WF_2017_2018
macro_idx_vix_ret20_z252,4.3357481035249324e-05,4.3357481035249324e-05,False,20,WF_2017_2018
macro_uup_level_z252,4.288503053243553e-05,4.288503053243553e-05,False,20,WF_2017_2018
macro_tlt_ret120_z252,4.2133378367916904e-05,4.2133378367916904e-05,False,20,WF_2017_2018
macro_idx_vix_ret120_z252,3.9365404404576815e-05,3.9365404404576815e-05,False,20,WF_2017_2018
macro_spread_hyg_tlt_60_z252,3.782395520662749e-05,-3.782395520662749e-05,False,20,WF_2017_2018
macro_spy_ret60_z252,3.712269725888113e-05,-3.712269725888113e-05,False,20,WF_2017_2018
macro_tlt_ret60_z252,3.574600833016623e-05,3.574600833016623e-05,False,20,WF_2017_2018
macro_tlt_vol20_z252,3.5273585421629155e-05,3.5273585421629155e-05,False,20,WF_2017_2018
macro_uup_ret120_z252,3.385812306089592e-05,-3.385812306089592e-05,False,20,WF_2017_2018
macro_qqq_ret20_z252,3.016095989588776e-05,-3.016095989588776e-05,False,20,WF_2017_2018
macro_hyg_vol60_z252,2.9801799358708526e-05,2.9801799358708526e-05,False,20,WF_2017_2018
macro_qqq_level_z252,2.950397709347006e-05,2.950397709347006e-05,False,20,WF_2017_2018
macro_idx_vix_vol20_z252,2.8980783340931187e-05,2.8980783340931187e-05,False,20,WF_2017_2018
macro_qqq_ret60_z252,2.687408982848512e-05,-2.687408982848512e-05,False,20,WF_2017_2018
macro_hyg_ret60_z252,2.1050117634152605e-05,-2.1050117634152605e-05,False,20,WF_2017_2018
macro_hyg_vol20_z252,2.009150723529321e-05,-2.009150723529321e-05,False,20,WF_2017_2018
macro_spread_iwm_spy_60_z252,1.9852593202890603e-05,-1.9852593202890603e-05,False,20,WF_2017_2018
macro_spread_qqq_spy_60_z252,1.9804963256544673e-05,1.9804963256544673e-05,False,20,WF_2017_2018
macro_hyg_ret20_z252,1.963719369079547e-05,-1.963719369079547e-05,False,20,WF_2017_2018
macro_iwm_ret120_z252,1.8620169971505835e-05,-1.8620169971505835e-05,False,20,WF_2017_2018
macro_iwm_ret60_z252,1.7859118569761807e-05,-1.7859118569761807e-05,False,20,WF_2017_2018
macro_uup_ret5_z252,1.671770345268944e-05,-1.671770345268944e-05,False,20,WF_2017_2018
macro_idx_vix_vol60_z252,1.348605232990821e-05,1.348605232990821e-05,False,20,WF_2017_2018
macro_spy_ret5_z252,1.2905682214381005e-05,-1.2905682214381005e-05,False,20,WF_2017_2018
macro_idx_vix_ret5_z252,1.2230207381287422e-05,-1.2230207381287422e-05,False,20,WF_2017_2018
macro_idx_vix_ret60_z252,1.0412575697017455e-05,-1.0412575697017455e-05,False,20,WF_2017_2018
macro_tlt_ret5_z252,7.352235075633884e-06,7.352235075633884e-06,False,20,WF_2017_2018
macro_qqq_ret5_z252,6.66625815709103e-06,6.66625815709103e-06,False,20,WF_2017_2018
macro_iwm_vol60_z252,5.159818622294236e-06,5.159818622294236e-06,False,20,WF_2017_2018
macro_spread_iwm_spy_120_z252,4.250657609689594e-06,4.250657609689594e-06,False,20,WF_2017_2018
macro_iwm_ret5_z252,3.962468021957763e-06,-3.962468021957763e-06,False,20,WF_2017_2018
macro_iwm_level_z252,3.883524625388162e-06,3.883524625388162e-06,False,20,WF_2017_2018
macro_hyg_ret5_z252,1.4922863071740465e-06,-1.4922863071740465e-06,False,20,WF_2017_2018
macro_spread_qqq_spy_120_z252,1.2873584766493466e-06,1.2873584766493466e-06,False,20,WF_2017_2018
macro_iwm_vol20_z252,8.513243576245108e-07,8.513243576245108e-07,False,20,WF_2017_2018
macro_spy_level_z252,5.506192228196344e-07,-5.506192228196344e-07,False,20,WF_2017_2018
fund_update_count_60d,0.06544292925646496,0.06544292925646496,True,20,WF_2019_2020
corr_qqq_120,0.06332660508802852,0.06332660508802852,True,20,WF_2019_2020
vol_60,0.05153450797446207,-0.05153450797446207,True,20,WF_2019_2020
vol_120,0.05092957329112444,-0.05092957329112444,False,20,WF_2019_2020
vol_20,0.0506328081289244,-0.0506328081289244,True,20,WF_2019_2020
size_log_market_cap,0.04972684520119082,-0.04972684520119082,True,20,WF_2019_2020
corr_spy_120,0.04970439044922267,0.04970439044922267,True,20,WF_2019_2020
best_day_20,0.049690629002065737,-0.049690629002065737,True,20,WF_2019_2020
downside_vol_120,0.04955507181275104,-0.04955507181275104,True,20,WF_2019_2020
downside_vol_60,0.048942165044349735,-0.048942165044349735,True,20,WF_2019_2020
vol_10,0.04804159656252464,-0.04804159656252464,True,20,WF_2019_2020
downside_vol_20,0.04796717312071327,-0.04796717312071327,True,20,WF_2019_2020
best_day_60,0.04582728590876669,-0.04582728590876669,True,20,WF_2019_2020
dist_high_252,0.04552715528356905,0.04552715528356905,True,20,WF_2019_2020
corr_qqq_60,0.045237290760404454,0.045237290760404454,True,20,WF_2019_2020
worst_day_20,0.04520943319642345,0.04520943319642345,False,20,WF_2019_2020
worst_day_60,0.04346250576516785,0.04346250576516785,False,20,WF_2019_2020
downside_vol_10,0.04203353699063745,-0.04203353699063745,True,20,WF_2019_2020
dist_high_120,0.04064679721222181,0.04064679721222181,True,20,WF_2019_2020
corr_spy_60,0.03744736641751283,0.03744736641751283,True,20,WF_2019_2020
cash_assets,0.03630891599270293,0.03630891599270293,True,20,WF_2019_2020
mom_skip_252_20,0.03321298777597653,0.03321298777597653,True,20,WF_2019_2020
dist_high_60,0.03293982803681526,0.03293982803681526,True,20,WF_2019_2020
mom_skip_120_20,0.03215348268018618,0.03215348268018618,True,20,WF_2019_2020
mom_252d,0.030740651381915854,0.030740651381915854,False,20,WF_2019_2020
rel_mom_qqq_252,0.030740651381915854,0.030740651381915854,False,20,WF_2019_2020
rel_mom_spy_252,0.030740651381915854,0.030740651381915854,False,20,WF_2019_2020
chg_assets_252d,0.030640023115149007,0.030640023115149007,True,20,WF_2019_2020
dist_low_20,0.029451179320879466,-0.029451179320879466,True,20,WF_2019_2020
ix_mom_120d__macro_uup_ret60_z252,0.028726747956353643,-0.028726747956353643,True,20,WF_2019_2020
mom_120d,0.02832646706776702,0.02832646706776702,True,20,WF_2019_2020
mom_120d_x_breadth,0.02832646706776702,0.02832646706776702,False,20,WF_2019_2020
rel_mom_qqq_120,0.02832646706776702,0.02832646706776702,False,20,WF_2019_2020
rel_mom_spy_120,0.02832646706776702,0.02832646706776702,False,20,WF_2019_2020
trend_sma_252,0.02815726591600487,0.02815726591600487,True,20,WF_2019_2020
chg_cash_252d,0.02653729442447377,0.02653729442447377,True,20,WF_2019_2020
beta_qqq_120,0.026091167192715925,0.026091167192715925,True,20,WF_2019_2020
ix_cash_assets__macro_hyg_ret20_z252,0.025375899274690847,0.025375899274690847,True,20,WF_2019_2020
skew_120,0.0251172938497328,-0.0251172938497328,True,20,WF_2019_2020
dist_high_20,0.024394168795042043,0.024394168795042043,True,20,WF_2019_2020
skew_60,0.02404476978578055,-0.02404476978578055,True,20,WF_2019_2020
dist_low_60,0.02194802744025211,-0.02194802744025211,True,20,WF_2019_2020
trend_sma_120,0.021478854287685624,0.021478854287685624,True,20,WF_2019_2020
skew_20,0.020091596757082872,-0.020091596757082872,True,20,WF_2019_2020
ix_mom_20d__macro_tlt_ret20_z252,0.019795490575247814,-0.019795490575247814,True,20,WF_2019_2020
cash_yield,0.018630466509790253,0.018630466509790253,False,20,WF_2019_2020
mom_skip_60_5,0.016602160028562043,0.016602160028562043,False,20,WF_2019_2020
dist_low_120,0.01593393769801683,-0.01593393769801683,False,20,WF_2019_2020
mom_accel_60_120,0.015646937048142663,-0.015646937048142663,False,20,WF_2019_2020
beta_qqq_60,0.015463855280025775,0.015463855280025775,False,20,WF_2019_2020
fundamental_freshness_mean_days,0.014955273100905532,-0.014955273100905532,False,20,WF_2019_2020
beta_uup_60,0.014940077790407794,-0.014940077790407794,False,20,WF_2019_2020
mom_60d,0.014255928046064676,0.014255928046064676,False,20,WF_2019_2020
mom_60d_x_breadth,0.014255928046064676,0.014255928046064676,False,20,WF_2019_2020
rel_mom_qqq_60,0.014255928046064676,0.014255928046064676,False,20,WF_2019_2020
rel_mom_spy_60,0.014255928046064676,0.014255928046064676,False,20,WF_2019_2020
beta_tlt_60,0.014065100464603941,0.014065100464603941,False,20,WF_2019_2020
ix_size_log_market_cap__macro_spread_iwm_spy_20_z252,0.013809218904081317,0.013809218904081317,False,20,WF_2019_2020
current_ratio,0.013324625279417718,0.013324625279417718,False,20,WF_2019_2020
fund_update_count_20d,0.011228798002345382,0.011228798002345382,False,20,WF_2019_2020
age_cash,0.01093480214476797,-0.01093480214476797,False,20,WF_2019_2020
beta_spy_120,0.01017054783208057,0.01017054783208057,False,20,WF_2019_2020
chg_operating_cash_flow_252d,0.009671984404773095,0.009671984404773095,False,20,WF_2019_2020
mom_accel_20_60,0.009643896095271942,-0.009643896095271942,False,20,WF_2019_2020
chg_eps_diluted_252d,0.009443980348508442,0.009443980348508442,False,20,WF_2019_2020
netinc_assets,0.007662273450098395,-0.007662273450098395,False,20,WF_2019_2020
ocf_assets,0.007119392566891304,-0.007119392566891304,False,20,WF_2019_2020
ix_rel_mom_qqq_20__macro_qqq_ret20_z252,0.0070361138513113574,0.0070361138513113574,False,20,WF_2019_2020
ix_downside_vol_60__macro_idx_vix_level_z252,0.007030469147396898,0.007030469147396898,False,20,WF_2019_2020
beta_idx_vix_60,0.006121534247735603,0.006121534247735603,False,20,WF_2019_2020
earnings_yield,0.005682502610577214,-0.005682502610577214,False,20,WF_2019_2020
trend_sma_20,0.0049456922850650824,-0.0049456922850650824,False,20,WF_2019_2020
mom_10d,0.004790074350938436,-0.004790074350938436,False,20,WF_2019_2020
rel_mom_qqq_10,0.004790074350938436,-0.004790074350938436,False,20,WF_2019_2020
rel_mom_spy_10,0.004790074350938436,-0.004790074350938436,False,20,WF_2019_2020
mom_5d,0.004758189935072142,-0.004758189935072142,False,20,WF_2019_2020
rel_mom_qqq_5,0.004758189935072142,-0.004758189935072142,False,20,WF_2019_2020
rel_mom_spy_5,0.004758189935072142,-0.004758189935072142,False,20,WF_2019_2020
trend_sma_60,0.00455894628742223,0.00455894628742223,False,20,WF_2019_2020
beta_spy_60,0.0043624482440446305,0.0043624482440446305,False,20,WF_2019_2020
equity_assets,0.004333300349014555,0.004333300349014555,False,20,WF_2019_2020
beta_iwm_60,0.003914117545700924,-0.003914117545700924,False,20,WF_2019_2020
ix_mom_60d__macro_tlt_ret60_z252,0.0034612464466618155,0.0034612464466618155,False,20,WF_2019_2020
chg_net_income_252d,0.0030827012439797615,0.0030827012439797615,False,20,WF_2019_2020
dist_low_252,0.0029243711007320796,-0.0029243711007320796,False,20,WF_2019_2020
ix_earnings_yield__macro_tlt_ret60_z252,0.0026100320254734202,0.0026100320254734202,False,20,WF_2019_2020
mom_1d,0.0021643449208341723,-0.0021643449208341723,False,20,WF_2019_2020
age_assets,0.0020624289833564386,0.0020624289833564386,False,20,WF_2019_2020
beta_hyg_60,0.0020479054909150274,0.0020479054909150274,False,20,WF_2019_2020
age_eps_diluted,0.0010992993558274213,0.0010992993558274213,False,20,WF_2019_2020
mom_skip_20_5,0.001020458386796745,0.001020458386796745,False,20,WF_2019_2020
mom_20d,0.00043396295357898794,-0.00043396295357898794,False,20,WF_2019_2020
mom_20d_x_breadth,0.00043396295357898794,-0.00043396295357898794,False,20,WF_2019_2020
rel_mom_qqq_20,0.00043396295357898794,-0.00043396295357898794,False,20,WF_2019_2020
rel_mom_spy_20,0.00043396295357898794,-0.00043396295357898794,False,20,WF_2019_2020
macro_spy_ret5_z252,0.00032272560908908944,0.00032272560908908944,False,20,WF_2019_2020
macro_hyg_ret5_z252,0.0003060504126769846,0.0003060504126769846,False,20,WF_2019_2020
macro_qqq_ret5_z252,0.00028133144615548664,0.00028133144615548664,False,20,WF_2019_2020
macro_iwm_ret5_z252,0.00027229841690610916,0.00027229841690610916,False,20,WF_2019_2020
ix_rel_mom_spy_20__macro_iwm_ret20_z252,0.0002622545088959973,0.0002622545088959973,False,20,WF_2019_2020
macro_spread_hyg_tlt_60_z252,0.00025762943950839983,0.00025762943950839983,False,20,WF_2019_2020
macro_spread_qqq_spy_20_z252,0.00020238861861422908,-0.00020238861861422908,False,20,WF_2019_2020
macro_uup_level_z252,0.00017736723458969738,0.00017736723458969738,False,20,WF_2019_2020
macro_hyg_ret60_z252,0.00016766544488851053,0.00016766544488851053,False,20,WF_2019_2020
macro_idx_vix_ret60_z252,0.00016495461641164152,-0.00016495461641164152,False,20,WF_2019_2020
macro_tlt_ret60_z252,0.0001502949481506497,-0.0001502949481506497,False,20,WF_2019_2020
macro_spy_level_z252,0.00014500819953746166,0.00014500819953746166,False,20,WF_2019_2020
macro_spy_ret20_z252,0.00014216540706344597,0.00014216540706344597,False,20,WF_2019_2020
macro_spread_hyg_tlt_120_z252,0.00013954080393467055,0.00013954080393467055,False,20,WF_2019_2020
macro_iwm_ret20_z252,0.00013611191013731684,0.00013611191013731684,False,20,WF_2019_2020
macro_hyg_ret120_z252,0.00013181838332032675,0.00013181838332032675,False,20,WF_2019_2020
macro_tlt_level_z252,0.00012317484323892745,-0.00012317484323892745,False,20,WF_2019_2020
macro_idx_vix_ret5_z252,0.00012090804986296823,-0.00012090804986296823,False,20,WF_2019_2020
macro_uup_ret120_z252,0.00011397258986602901,0.00011397258986602901,False,20,WF_2019_2020
macro_spread_hyg_tlt_20_z252,0.00011109492686763422,0.00011109492686763422,False,20,WF_2019_2020
macro_uup_vol20_z252,0.00010856259239471715,0.00010856259239471715,False,20,WF_2019_2020
macro_idx_vix_ret20_z252,9.846312127548114e-05,-9.846312127548114e-05,False,20,WF_2019_2020
macro_qqq_level_z252,9.53076850942216e-05,9.53076850942216e-05,False,20,WF_2019_2020
macro_iwm_level_z252,9.054569228116506e-05,9.054569228116506e-05,False,20,WF_2019_2020
macro_idx_vix_ret120_z252,9.018453715928155e-05,-9.018453715928155e-05,False,20,WF_2019_2020
macro_hyg_ret20_z252,8.915767513715361e-05,8.915767513715361e-05,False,20,WF_2019_2020
macro_spread_qqq_spy_60_z252,8.35326982412538e-05,-8.35326982412538e-05,False,20,WF_2019_2020
macro_qqq_ret120_z252,8.153706290119878e-05,-8.153706290119878e-05,False,20,WF_2019_2020
macro_tlt_ret20_z252,8.082567863878774e-05,-8.082567863878774e-05,False,20,WF_2019_2020
macro_tlt_ret120_z252,6.627097509301636e-05,-6.627097509301636e-05,False,20,WF_2019_2020
macro_spread_qqq_spy_120_z252,6.503169750591947e-05,-6.503169750591947e-05,False,20,WF_2019_2020
macro_spread_iwm_spy_120_z252,5.238912910105798e-05,5.238912910105798e-05,False,20,WF_2019_2020
macro_tlt_ret5_z252,4.7187959440521376e-05,-4.7187959440521376e-05,False,20,WF_2019_2020
macro_uup_ret20_z252,4.502402685408353e-05,4.502402685408353e-05,False,20,WF_2019_2020
macro_spy_ret60_z252,3.939797360154874e-05,3.939797360154874e-05,False,20,WF_2019_2020
macro_spread_iwm_spy_20_z252,3.9157472208846655e-05,3.9157472208846655e-05,False,20,WF_2019_2020
macro_tlt_vol20_z252,3.8456112682579616e-05,-3.8456112682579616e-05,False,20,WF_2019_2020
macro_spy_ret120_z252,3.618341010944096e-05,-3.618341010944096e-05,False,20,WF_2019_2020
macro_hyg_level_z252,3.300850050276541e-05,-3.300850050276541e-05,False,20,WF_2019_2020
macro_uup_ret60_z252,3.2360518491172606e-05,3.2360518491172606e-05,False,20,WF_2019_2020
macro_hyg_vol60_z252,3.11831995031491e-05,-3.11831995031491e-05,False,20,WF_2019_2020
macro_idx_vix_level_z252,2.9719176577785344e-05,-2.9719176577785344e-05,False,20,WF_2019_2020
macro_spread_iwm_spy_60_z252,2.8544255519980947e-05,-2.8544255519980947e-05,False,20,WF_2019_2020
macro_uup_vol60_z252,2.8541373992122112e-05,2.8541373992122112e-05,False,20,WF_2019_2020
macro_idx_vix_vol60_z252,2.8358473081524e-05,-2.8358473081524e-05,False,20,WF_2019_2020
macro_uup_ret5_z252,2.226654601359715e-05,2.226654601359715e-05,False,20,WF_2019_2020
macro_qqq_ret20_z252,2.2235576876200542e-05,2.2235576876200542e-05,False,20,WF_2019_2020
macro_tlt_vol60_z252,1.9968242556575935e-05,1.9968242556575935e-05,False,20,WF_2019_2020
macro_qqq_ret60_z252,1.713226219979379e-05,-1.713226219979379e-05,False,20,WF_2019_2020
macro_spy_vol60_z252,1.5593984525488432e-05,1.5593984525488432e-05,False,20,WF_2019_2020
macro_idx_vix_vol20_z252,1.54508014507363e-05,-1.54508014507363e-05,False,20,WF_2019_2020
macro_iwm_vol60_z252,1.3160803419792938e-05,1.3160803419792938e-05,False,20,WF_2019_2020
macro_iwm_ret60_z252,1.0218234680139787e-05,1.0218234680139787e-05,False,20,WF_2019_2020
macro_hyg_vol20_z252,8.032256304354122e-06,-8.032256304354122e-06,False,20,WF_2019_2020
macro_iwm_vol20_z252,7.40570781155085e-06,-7.40570781155085e-06,False,20,WF_2019_2020
macro_iwm_ret120_z252,7.177989012380096e-06,7.177989012380096e-06,False,20,WF_2019_2020
macro_spy_vol20_z252,4.700915074020718e-06,-4.700915074020718e-06,False,20,WF_2019_2020
macro_qqq_vol20_z252,2.4198216302892164e-06,2.4198216302892164e-06,False,20,WF_2019_2020
macro_qqq_vol60_z252,6.632183146565215e-07,-6.632183146565215e-07,False,20,WF_2019_2020
cash_assets,0.06633714968884236,0.06633714968884236,True,20,WF_2021_2022
fund_update_count_60d,0.057473335927553874,0.057473335927553874,True,20,WF_2021_2022
corr_qqq_120,0.05475564043290275,0.05475564043290275,True,20,WF_2021_2022
chg_assets_252d,0.049120034380210544,0.049120034380210544,True,20,WF_2021_2022
vol_60,0.04671699787173773,-0.04671699787173773,True,20,WF_2021_2022
best_day_60,0.04572522511079107,-0.04572522511079107,True,20,WF_2021_2022
ix_mom_120d__macro_uup_ret60_z252,0.04504849049602851,-0.04504849049602851,True,20,WF_2021_2022
best_day_20,0.044427424045733764,-0.044427424045733764,True,20,WF_2021_2022
downside_vol_60,0.04209985559020686,-0.04209985559020686,True,20,WF_2021_2022
vol_120,0.04142002075406422,-0.04142002075406422,False,20,WF_2021_2022
vol_20,0.041377160718150736,-0.041377160718150736,True,20,WF_2021_2022
beta_tlt_60,0.03983154017462382,0.03983154017462382,True,20,WF_2021_2022
vol_10,0.03877658236428938,-0.03877658236428938,True,20,WF_2021_2022
dist_high_252,0.03849568618606068,0.03849568618606068,True,20,WF_2021_2022
corr_spy_120,0.036609876614644224,0.036609876614644224,True,20,WF_2021_2022
downside_vol_20,0.036491103728634254,-0.036491103728634254,True,20,WF_2021_2022
skew_60,0.03640649246598985,-0.03640649246598985,True,20,WF_2021_2022
skew_120,0.03546413068916721,-0.03546413068916721,True,20,WF_2021_2022
downside_vol_120,0.03481779400282523,-0.03481779400282523,True,20,WF_2021_2022
mom_skip_252_20,0.03393957379311511,0.03393957379311511,True,20,WF_2021_2022
worst_day_60,0.0338924685170309,0.0338924685170309,False,20,WF_2021_2022
size_log_market_cap,0.03309864928710127,-0.03309864928710127,True,20,WF_2021_2022
mom_252d,0.033011833337002576,0.033011833337002576,False,20,WF_2021_2022
rel_mom_qqq_252,0.033011833337002576,0.033011833337002576,False,20,WF_2021_2022
rel_mom_spy_252,0.033011833337002576,0.033011833337002576,False,20,WF_2021_2022
dist_high_120,0.0329864448556282,0.0329864448556282,True,20,WF_2021_2022
worst_day_20,0.03252761126666619,0.03252761126666619,False,20,WF_2021_2022
downside_vol_10,0.031119426026807936,-0.031119426026807936,True,20,WF_2021_2022
trend_sma_252,0.030511096315064695,0.030511096315064695,True,20,WF_2021_2022
corr_qqq_60,0.028921935118219947,0.028921935118219947,True,20,WF_2021_2022
ix_downside_vol_60__macro_idx_vix_level_z252,0.028685182655913608,0.028685182655913608,True,20,WF_2021_2022
skew_20,0.027922025190250305,-0.027922025190250305,True,20,WF_2021_2022
dist_high_60,0.027422942047558106,0.027422942047558106,True,20,WF_2021_2022
current_ratio,0.02720628395659705,0.02720628395659705,True,20,WF_2021_2022
equity_assets,0.02601776450071457,0.02601776450071457,True,20,WF_2021_2022
netinc_assets,0.023858465490974524,0.023858465490974524,True,20,WF_2021_2022
mom_skip_120_20,0.0234877302967886,0.0234877302967886,True,20,WF_2021_2022
mom_120d,0.023245768550568438,0.023245768550568438,True,20,WF_2021_2022
mom_120d_x_breadth,0.023245768550568438,0.023245768550568438,False,20,WF_2021_2022
rel_mom_qqq_120,0.023245768550568438,0.023245768550568438,False,20,WF_2021_2022
rel_mom_spy_120,0.023245768550568438,0.023245768550568438,False,20,WF_2021_2022
beta_iwm_60,0.0220749079117129,-0.0220749079117129,True,20,WF_2021_2022
dist_low_20,0.021560538794766212,-0.021560538794766212,True,20,WF_2021_2022
ix_mom_60d__macro_tlt_ret60_z252,0.019882895346822436,0.019882895346822436,True,20,WF_2021_2022
ocf_assets,0.01959799080562392,0.01959799080562392,True,20,WF_2021_2022
fund_update_count_20d,0.01954824051797554,0.01954824051797554,False,20,WF_2021_2022
beta_qqq_120,0.016956012943911587,0.016956012943911587,False,20,WF_2021_2022
trend_sma_120,0.016849246305594312,0.016849246305594312,False,20,WF_2021_2022
dist_low_120,0.016560319504651748,-0.016560319504651748,False,20,WF_2021_2022
beta_spy_60,0.01591570741989793,-0.01591570741989793,False,20,WF_2021_2022
mom_accel_20_60,0.015439899732645932,-0.015439899732645932,False,20,WF_2021_2022
dist_high_20,0.014788387264059599,0.014788387264059599,False,20,WF_2021_2022
dist_low_60,0.013980497902905573,-0.013980497902905573,False,20,WF_2021_2022
mom_skip_60_5,0.01393456405774297,0.01393456405774297,False,20,WF_2021_2022
age_cash,0.013694274852664948,-0.013694274852664948,False,20,WF_2021_2022
beta_idx_vix_60,0.013660543896384221,0.013660543896384221,False,20,WF_2021_2022
ix_earnings_yield__macro_tlt_ret60_z252,0.013256612874144473,0.013256612874144473,False,20,WF_2021_2022
chg_eps_diluted_252d,0.012715895149978299,0.012715895149978299,False,20,WF_2021_2022
corr_spy_60,0.012199517075876413,0.012199517075876413,False,20,WF_2021_2022
ix_mom_20d__macro_tlt_ret20_z252,0.012021136934298071,-0.012021136934298071,False,20,WF_2021_2022
fundamental_freshness_mean_days,0.011592494493833566,-0.011592494493833566,False,20,WF_2021_2022
ix_rel_mom_qqq_20__macro_qqq_ret20_z252,0.011340053371136857,0.011340053371136857,False,20,WF_2021_2022
ix_rel_mom_spy_20__macro_iwm_ret20_z252,0.01072080225939732,0.01072080225939732,False,20,WF_2021_2022
mom_60d,0.010651501917153047,0.010651501917153047,False,20,WF_2021_2022
mom_60d_x_breadth,0.010651501917153047,0.010651501917153047,False,20,WF_2021_2022
rel_mom_qqq_60,0.010651501917153047,0.010651501917153047,False,20,WF_2021_2022
rel_mom_spy_60,0.010651501917153047,0.010651501917153047,False,20,WF_2021_2022
beta_hyg_60,0.010197213427179632,-0.010197213427179632,False,20,WF_2021_2022
mom_accel_60_120,0.008570895939876774,-0.008570895939876774,False,20,WF_2021_2022
age_assets,0.007963228924192744,0.007963228924192744,False,20,WF_2021_2022
age_eps_diluted,0.0074779559132216325,0.0074779559132216325,False,20,WF_2021_2022
ix_cash_assets__macro_hyg_ret20_z252,0.007416774798596447,0.007416774798596447,False,20,WF_2021_2022
earnings_yield,0.007197462353040605,-0.007197462353040605,False,20,WF_2021_2022
chg_cash_252d,0.007029673259423697,0.007029673259423697,False,20,WF_2021_2022
mom_20d,0.006581581901754616,-0.006581581901754616,False,20,WF_2021_2022
mom_20d_x_breadth,0.006581581901754616,-0.006581581901754616,False,20,WF_2021_2022
rel_mom_qqq_20,0.006581581901754616,-0.006581581901754616,False,20,WF_2021_2022
rel_mom_spy_20,0.006581581901754616,-0.006581581901754616,False,20,WF_2021_2022
cash_yield,0.005827981752926532,-0.005827981752926532,False,20,WF_2021_2022
trend_sma_20,0.005757128643051488,-0.005757128643051488,False,20,WF_2021_2022
mom_skip_20_5,0.005293938219731542,-0.005293938219731542,False,20,WF_2021_2022
ix_size_log_market_cap__macro_spread_iwm_spy_20_z252,0.005229016351677758,-0.005229016351677758,False,20,WF_2021_2022
chg_net_income_252d,0.005163367558671035,0.005163367558671035,False,20,WF_2021_2022
beta_spy_120,0.004488483389372638,0.004488483389372638,False,20,WF_2021_2022
mom_10d,0.004156651511809388,-0.004156651511809388,False,20,WF_2021_2022
rel_mom_qqq_10,0.004156651511809388,-0.004156651511809388,False,20,WF_2021_2022
rel_mom_spy_10,0.004156651511809388,-0.004156651511809388,False,20,WF_2021_2022
dist_low_252,0.0033251535507135585,-0.0033251535507135585,False,20,WF_2021_2022
beta_uup_60,0.0032958791394385183,0.0032958791394385183,False,20,WF_2021_2022
mom_5d,0.0030905301899182224,-0.0030905301899182224,False,20,WF_2021_2022
rel_mom_qqq_5,0.0030905301899182224,-0.0030905301899182224,False,20,WF_2021_2022
rel_mom_spy_5,0.0030905301899182224,-0.0030905301899182224,False,20,WF_2021_2022
beta_qqq_60,0.002341250157618357,-0.002341250157618357,False,20,WF_2021_2022
mom_1d,0.0022210743815633586,-0.0022210743815633586,False,20,WF_2021_2022
chg_operating_cash_flow_252d,0.000879560165838261,0.000879560165838261,False,20,WF_2021_2022
trend_sma_60,0.0006432518705784694,-0.0006432518705784694,False,20,WF_2021_2022
macro_tlt_level_z252,0.0006347465541989258,0.0006347465541989258,False,20,WF_2021_2022
macro_iwm_level_z252,0.0005337082844629581,-0.0005337082844629581,False,20,WF_2021_2022
macro_tlt_vol60_z252,0.0004201171990384312,0.0004201171990384312,False,20,WF_2021_2022
macro_spy_level_z252,0.0003783294275552638,-0.0003783294275552638,False,20,WF_2021_2022
macro_hyg_ret120_z252,0.0003751259159160101,0.0003751259159160101,False,20,WF_2021_2022
macro_tlt_ret120_z252,0.0003475877331879489,0.0003475877331879489,False,20,WF_2021_2022
macro_tlt_vol20_z252,0.0003311698561622329,0.0003311698561622329,False,20,WF_2021_2022
macro_uup_level_z252,0.0003075138430724617,0.0003075138430724617,False,20,WF_2021_2022
macro_hyg_vol60_z252,0.0002964974130263483,0.0002964974130263483,False,20,WF_2021_2022
macro_iwm_vol60_z252,0.0002633010752738634,0.0002633010752738634,False,20,WF_2021_2022
macro_qqq_level_z252,0.00025935231632492304,-0.00025935231632492304,False,20,WF_2021_2022
macro_uup_ret120_z252,0.0002579186103861785,-0.0002579186103861785,False,20,WF_2021_2022
macro_spread_hyg_tlt_120_z252,0.00024685605400169255,-0.00024685605400169255,False,20,WF_2021_2022
macro_hyg_ret60_z252,0.00023587615192587484,0.00023587615192587484,False,20,WF_2021_2022
macro_hyg_vol20_z252,0.0002345395549635668,0.0002345395549635668,False,20,WF_2021_2022
macro_tlt_ret60_z252,0.00019707069455811077,0.00019707069455811077,False,20,WF_2021_2022
macro_idx_vix_ret120_z252,0.00017682038239018162,-0.00017682038239018162,False,20,WF_2021_2022
macro_uup_vol60_z252,0.0001726961462474307,0.0001726961462474307,False,20,WF_2021_2022
macro_spread_qqq_spy_120_z252,0.00015522017054511112,0.00015522017054511112,False,20,WF_2021_2022
macro_idx_vix_level_z252,0.00015452440204737566,0.00015452440204737566,False,20,WF_2021_2022
macro_spread_qqq_spy_60_z252,0.00014730148971924418,0.00014730148971924418,False,20,WF_2021_2022
macro_iwm_vol20_z252,0.00014500182888716183,0.00014500182888716183,False,20,WF_2021_2022
macro_spy_vol60_z252,0.0001290829312360699,0.0001290829312360699,False,20,WF_2021_2022
macro_uup_ret60_z252,0.0001155325929093102,-0.0001155325929093102,False,20,WF_2021_2022
macro_hyg_ret20_z252,0.00011500390841533633,0.00011500390841533633,False,20,WF_2021_2022
macro_spread_hyg_tlt_60_z252,9.382164080410028e-05,-9.382164080410028e-05,False,20,WF_2021_2022
macro_idx_vix_ret60_z252,9.07654185073875e-05,-9.07654185073875e-05,False,20,WF_2021_2022
macro_spread_qqq_spy_20_z252,7.865635328888855e-05,7.865635328888855e-05,False,20,WF_2021_2022
macro_iwm_ret60_z252,7.287738687151604e-05,7.287738687151604e-05,False,20,WF_2021_2022
macro_qqq_ret120_z252,7.124935210576803e-05,7.124935210576803e-05,False,20,WF_2021_2022
macro_tlt_ret20_z252,6.753169815247876e-05,6.753169815247876e-05,False,20,WF_2021_2022
macro_uup_vol20_z252,6.623042093935106e-05,6.623042093935106e-05,False,20,WF_2021_2022
macro_idx_vix_vol20_z252,6.44510931817755e-05,-6.44510931817755e-05,False,20,WF_2021_2022
macro_qqq_vol20_z252,6.234169031204009e-05,-6.234169031204009e-05,False,20,WF_2021_2022
macro_iwm_ret20_z252,5.745388360500432e-05,5.745388360500432e-05,False,20,WF_2021_2022
macro_qqq_ret60_z252,5.6004705604807325e-05,5.6004705604807325e-05,False,20,WF_2021_2022
macro_spy_vol20_z252,5.151844311288359e-05,5.151844311288359e-05,False,20,WF_2021_2022
macro_idx_vix_vol60_z252,4.9627887903867636e-05,-4.9627887903867636e-05,False,20,WF_2021_2022
macro_uup_ret20_z252,4.5880562481291986e-05,-4.5880562481291986e-05,False,20,WF_2021_2022
macro_qqq_ret20_z252,4.564788821730308e-05,4.564788821730308e-05,False,20,WF_2021_2022
macro_tlt_ret5_z252,4.1686535316586774e-05,4.1686535316586774e-05,False,20,WF_2021_2022
macro_hyg_level_z252,4.146482574818429e-05,4.146482574818429e-05,False,20,WF_2021_2022
macro_idx_vix_ret20_z252,4.031799156918013e-05,-4.031799156918013e-05,False,20,WF_2021_2022
macro_spread_iwm_spy_20_z252,3.8799582061509904e-05,3.8799582061509904e-05,False,20,WF_2021_2022
macro_spread_iwm_spy_120_z252,3.5869917987672665e-05,-3.5869917987672665e-05,False,20,WF_2021_2022
macro_iwm_ret5_z252,3.5466346736733586e-05,3.5466346736733586e-05,False,20,WF_2021_2022
macro_hyg_ret5_z252,3.2663332170594574e-05,3.2663332170594574e-05,False,20,WF_2021_2022
macro_spy_ret20_z252,3.074221862503506e-05,3.074221862503506e-05,False,20,WF_2021_2022
macro_idx_vix_ret5_z252,2.8237714667939256e-05,-2.8237714667939256e-05,False,20,WF_2021_2022
macro_iwm_ret120_z252,2.6929160151999544e-05,2.6929160151999544e-05,False,20,WF_2021_2022
macro_spy_ret60_z252,2.6025029265657252e-05,2.6025029265657252e-05,False,20,WF_2021_2022
macro_qqq_vol60_z252,2.054470351500169e-05,-2.054470351500169e-05,False,20,WF_2021_2022
macro_qqq_ret5_z252,1.769245437019611e-05,1.769245437019611e-05,False,20,WF_2021_2022
macro_spread_iwm_spy_60_z252,1.765809534518744e-05,1.765809534518744e-05,False,20,WF_2021_2022
macro_uup_ret5_z252,1.4056657034341707e-05,-1.4056657034341707e-05,False,20,WF_2021_2022
macro_spy_ret5_z252,9.179797499657712e-06,9.179797499657712e-06,False,20,WF_2021_2022
macro_spread_hyg_tlt_20_z252,1.1679629891714255e-06,1.1679629891714255e-06,False,20,WF_2021_2022
macro_spy_ret120_z252,3.629255445179813e-08,3.629255445179813e-08,False,20,WF_2021_2022
fund_update_count_60d,0.05984806962440498,0.05984806962440498,True,20,WF_2023_2024
ix_mom_120d__macro_uup_ret60_z252,0.05593553140956173,-0.05593553140956173,True,20,WF_2023_2024
best_day_60,0.05520337090068059,-0.05520337090068059,True,20,WF_2023_2024
vol_60,0.05169299838302276,-0.05169299838302276,True,20,WF_2023_2024
downside_vol_60,0.04892190369398658,-0.04892190369398658,True,20,WF_2023_2024
best_day_20,0.04643897842794464,-0.04643897842794464,True,20,WF_2023_2024
vol_120,0.04638263380313248,-0.04638263380313248,False,20,WF_2023_2024
vol_20,0.04578251741738303,-0.04578251741738303,True,20,WF_2023_2024
worst_day_60,0.04551025348563848,0.04551025348563848,False,20,WF_2023_2024
vol_10,0.04276911341040213,-0.04276911341040213,True,20,WF_2023_2024
size_log_market_cap,0.04239716805786195,-0.04239716805786195,True,20,WF_2023_2024
downside_vol_20,0.04109219061432962,-0.04109219061432962,True,20,WF_2023_2024
beta_uup_60,0.040540617162371353,0.040540617162371353,True,20,WF_2023_2024
downside_vol_120,0.039383817675819395,-0.039383817675819395,True,20,WF_2023_2024
worst_day_20,0.038098717517385805,0.038098717517385805,False,20,WF_2023_2024
downside_vol_10,0.037294659029737026,-0.037294659029737026,True,20,WF_2023_2024
skew_120,0.037092314928374046,-0.037092314928374046,True,20,WF_2023_2024
beta_iwm_60,0.03658584207989839,-0.03658584207989839,True,20,WF_2023_2024
skew_60,0.03318217744229949,-0.03318217744229949,True,20,WF_2023_2024
beta_qqq_60,0.032632101310859245,-0.032632101310859245,True,20,WF_2023_2024
dist_low_120,0.031874696737168584,-0.031874696737168584,True,20,WF_2023_2024
dist_high_252,0.03181646289648344,0.03181646289648344,True,20,WF_2023_2024
mom_skip_252_20,0.03110266452251916,0.03110266452251916,True,20,WF_2023_2024
cash_assets,0.030601422493377894,0.030601422493377894,True,20,WF_2023_2024
ocf_assets,0.030316599539995475,0.030316599539995475,True,20,WF_2023_2024
corr_spy_120,0.02947962072898599,0.02947962072898599,True,20,WF_2023_2024
beta_qqq_120,0.0264092584711124,-0.0264092584711124,True,20,WF_2023_2024
mom_252d,0.025597617451485213,0.025597617451485213,False,20,WF_2023_2024
rel_mom_qqq_252,0.025597617451485213,0.025597617451485213,False,20,WF_2023_2024
rel_mom_spy_252,0.025597617451485213,0.025597617451485213,False,20,WF_2023_2024
dist_low_20,0.02480378808892044,-0.02480378808892044,True,20,WF_2023_2024
trend_sma_252,0.023609316087669592,0.023609316087669592,True,20,WF_2023_2024
dist_low_60,0.02355324154852287,-0.02355324154852287,True,20,WF_2023_2024
dist_high_120,0.023390421258949044,0.023390421258949044,True,20,WF_2023_2024
beta_idx_vix_60,0.02199375745792536,0.02199375745792536,True,20,WF_2023_2024
beta_spy_60,0.021510331089840993,-0.021510331089840993,True,20,WF_2023_2024
beta_hyg_60,0.021378960032880083,-0.021378960032880083,True,20,WF_2023_2024
fund_update_count_20d,0.020821512409765288,0.020821512409765288,True,20,WF_2023_2024
netinc_assets,0.018915645653924108,0.018915645653924108,True,20,WF_2023_2024
age_cash,0.017499419571893035,-0.017499419571893035,True,20,WF_2023_2024
dist_low_252,0.016046327830828967,-0.016046327830828967,True,20,WF_2023_2024
mom_accel_20_60,0.015402165954119555,-0.015402165954119555,True,20,WF_2023_2024
ix_mom_60d__macro_tlt_ret60_z252,0.01507385188593233,0.01507385188593233,False,20,WF_2023_2024
skew_20,0.014922766577874301,-0.014922766577874301,False,20,WF_2023_2024
corr_qqq_120,0.014267384186339724,0.014267384186339724,False,20,WF_2023_2024
ix_downside_vol_60__macro_idx_vix_level_z252,0.014007270992401155,0.014007270992401155,False,20,WF_2023_2024
dist_high_60,0.01379350988472046,0.01379350988472046,False,20,WF_2023_2024
dist_high_20,0.01368163710629919,0.01368163710629919,False,20,WF_2023_2024
fundamental_freshness_mean_days,0.013582306181910643,-0.013582306181910643,False,20,WF_2023_2024
cash_yield,0.013478283673122484,0.013478283673122484,False,20,WF_2023_2024
current_ratio,0.0132195779289244,0.0132195779289244,False,20,WF_2023_2024
corr_spy_60,0.012421270041059917,0.012421270041059917,False,20,WF_2023_2024
beta_tlt_60,0.012394520554477258,0.012394520554477258,False,20,WF_2023_2024
chg_assets_252d,0.011292665010042805,0.011292665010042805,False,20,WF_2023_2024
beta_spy_120,0.010297769677520217,-0.010297769677520217,False,20,WF_2023_2024
trend_sma_60,0.010278067729867987,-0.010278067729867987,False,20,WF_2023_2024
mom_skip_120_20,0.00913955533593023,0.00913955533593023,False,20,WF_2023_2024
earnings_yield,0.008703140156486733,0.008703140156486733,False,20,WF_2023_2024
ix_earnings_yield__macro_tlt_ret60_z252,0.008545896945035535,-0.008545896945035535,False,20,WF_2023_2024
mom_20d,0.007749917686443815,-0.007749917686443815,False,20,WF_2023_2024
mom_20d_x_breadth,0.007749917686443815,-0.007749917686443815,False,20,WF_2023_2024
rel_mom_qqq_20,0.007749917686443815,-0.007749917686443815,False,20,WF_2023_2024
rel_mom_spy_20,0.007749917686443815,-0.007749917686443815,False,20,WF_2023_2024
mom_120d,0.007503958709087241,0.007503958709087241,False,20,WF_2023_2024
mom_120d_x_breadth,0.007503958709087241,0.007503958709087241,False,20,WF_2023_2024
rel_mom_qqq_120,0.007503958709087241,0.007503958709087241,False,20,WF_2023_2024
rel_mom_spy_120,0.007503958709087241,0.007503958709087241,False,20,WF_2023_2024
mom_accel_60_120,0.007250661031490401,-0.007250661031490401,False,20,WF_2023_2024
chg_eps_diluted_252d,0.007246084448880111,0.007246084448880111,False,20,WF_2023_2024
chg_operating_cash_flow_252d,0.006880567514763615,-0.006880567514763615,False,20,WF_2023_2024
ix_size_log_market_cap__macro_spread_iwm_spy_20_z252,0.0068018015814244395,-0.0068018015814244395,False,20,WF_2023_2024
corr_qqq_60,0.006790517176306778,0.006790517176306778,False,20,WF_2023_2024
mom_skip_20_5,0.006596189151369479,-0.006596189151369479,False,20,WF_2023_2024
age_assets,0.005924778251398818,-0.005924778251398818,False,20,WF_2023_2024
ix_rel_mom_spy_20__macro_iwm_ret20_z252,0.005383287422327882,-0.005383287422327882,False,20,WF_2023_2024
ix_mom_20d__macro_tlt_ret20_z252,0.004810050320595959,0.004810050320595959,False,20,WF_2023_2024
trend_sma_120,0.004561341079473031,0.004561341079473031,False,20,WF_2023_2024
trend_sma_20,0.0044069386404715525,-0.0044069386404715525,False,20,WF_2023_2024
age_eps_diluted,0.004264671206461534,-0.004264671206461534,False,20,WF_2023_2024
equity_assets,0.00374395037407206,0.00374395037407206,False,20,WF_2023_2024
chg_cash_252d,0.0035177949316253765,0.0035177949316253765,False,20,WF_2023_2024
mom_1d,0.0030676973799882885,-0.0030676973799882885,False,20,WF_2023_2024
mom_5d,0.0030258035240454287,-0.0030258035240454287,False,20,WF_2023_2024
rel_mom_qqq_5,0.0030258035240454287,-0.0030258035240454287,False,20,WF_2023_2024
rel_mom_spy_5,0.0030258035240454287,-0.0030258035240454287,False,20,WF_2023_2024
ix_rel_mom_qqq_20__macro_qqq_ret20_z252,0.0018428593254823302,0.0018428593254823302,False,20,WF_2023_2024
ix_cash_assets__macro_hyg_ret20_z252,0.0016261748823302195,0.0016261748823302195,False,20,WF_2023_2024
mom_skip_60_5,0.001232421701469134,0.001232421701469134,False,20,WF_2023_2024
mom_10d,0.0010672264173914284,-0.0010672264173914284,False,20,WF_2023_2024
rel_mom_qqq_10,0.0010672264173914284,-0.0010672264173914284,False,20,WF_2023_2024
rel_mom_spy_10,0.0010672264173914284,-0.0010672264173914284,False,20,WF_2023_2024
macro_uup_ret60_z252,0.0009853139559260096,0.0009853139559260096,False,20,WF_2023_2024
macro_tlt_ret20_z252,0.0007517518612533415,-0.0007517518612533415,False,20,WF_2023_2024
macro_spread_hyg_tlt_20_z252,0.0006975473298086641,0.0006975473298086641,False,20,WF_2023_2024
macro_hyg_ret120_z252,0.0006453244684661952,-0.0006453244684661952,False,20,WF_2023_2024
macro_hyg_ret60_z252,0.0005993096150076642,-0.0005993096150076642,False,20,WF_2023_2024
macro_uup_ret120_z252,0.0005944663226919566,0.0005944663226919566,False,20,WF_2023_2024
macro_iwm_ret120_z252,0.0005725916154064363,-0.0005725916154064363,False,20,WF_2023_2024
macro_uup_ret20_z252,0.0005573390028247368,0.0005573390028247368,False,20,WF_2023_2024
mom_60d,0.0005127541915980449,-0.0005127541915980449,False,20,WF_2023_2024
mom_60d_x_breadth,0.0005127541915980449,-0.0005127541915980449,False,20,WF_2023_2024
rel_mom_qqq_60,0.0005127541915980449,-0.0005127541915980449,False,20,WF_2023_2024
rel_mom_spy_60,0.0005127541915980449,-0.0005127541915980449,False,20,WF_2023_2024
macro_qqq_level_z252,0.0005105276049495723,0.0005105276049495723,False,20,WF_2023_2024
macro_idx_vix_vol60_z252,0.0004922571925393237,0.0004922571925393237,False,20,WF_2023_2024
macro_uup_vol60_z252,0.0004261821834402378,-0.0004261821834402378,False,20,WF_2023_2024
macro_idx_vix_ret120_z252,0.0004087676470446204,0.0004087676470446204,False,20,WF_2023_2024
macro_spy_ret120_z252,0.000408604083315663,-0.000408604083315663,False,20,WF_2023_2024
macro_tlt_ret60_z252,0.00039872134064665514,-0.00039872134064665514,False,20,WF_2023_2024
macro_idx_vix_ret60_z252,0.0003898383698465507,0.0003898383698465507,False,20,WF_2023_2024
macro_spy_ret60_z252,0.0003678408857966925,-0.0003678408857966925,False,20,WF_2023_2024
macro_spy_level_z252,0.00034752123181423886,0.00034752123181423886,False,20,WF_2023_2024
macro_qqq_ret120_z252,0.0003232705880635401,-0.0003232705880635401,False,20,WF_2023_2024
macro_iwm_ret60_z252,0.00032106665167525765,-0.00032106665167525765,False,20,WF_2023_2024
macro_spread_iwm_spy_20_z252,0.0003198893780903007,0.0003198893780903007,False,20,WF_2023_2024
macro_iwm_vol20_z252,0.00030123487184273933,0.00030123487184273933,False,20,WF_2023_2024
macro_idx_vix_level_z252,0.00028496290880072054,0.00028496290880072054,False,20,WF_2023_2024
macro_hyg_ret20_z252,0.0002782910440769152,-0.0002782910440769152,False,20,WF_2023_2024
macro_spread_qqq_spy_60_z252,0.0002591681852448501,0.0002591681852448501,False,20,WF_2023_2024
macro_tlt_ret120_z252,0.00025571641491886626,-0.00025571641491886626,False,20,WF_2023_2024
macro_tlt_vol60_z252,0.00024805844606411496,-0.00024805844606411496,False,20,WF_2023_2024
macro_uup_ret5_z252,0.0002361778608598943,0.0002361778608598943,False,20,WF_2023_2024
macro_tlt_level_z252,0.00022512886144317767,0.00022512886144317767,False,20,WF_2023_2024
macro_spread_iwm_spy_120_z252,0.00019749845556291253,-0.00019749845556291253,False,20,WF_2023_2024
macro_qqq_vol20_z252,0.00018064063004236716,0.00018064063004236716,False,20,WF_2023_2024
macro_qqq_ret60_z252,0.00018039510544366465,-0.00018039510544366465,False,20,WF_2023_2024
macro_uup_vol20_z252,0.0001626847671577575,-0.0001626847671577575,False,20,WF_2023_2024
macro_spread_hyg_tlt_60_z252,0.00015947355204182188,0.00015947355204182188,False,20,WF_2023_2024
macro_spy_vol20_z252,0.00015508823592717895,0.00015508823592717895,False,20,WF_2023_2024
macro_idx_vix_vol20_z252,0.00015236373138030355,0.00015236373138030355,False,20,WF_2023_2024
macro_iwm_level_z252,0.00015181825507779836,0.00015181825507779836,False,20,WF_2023_2024
macro_uup_level_z252,0.00013814587665208152,0.00013814587665208152,False,20,WF_2023_2024
macro_iwm_vol60_z252,0.0001338516600352272,-0.0001338516600352272,False,20,WF_2023_2024
macro_tlt_vol20_z252,0.00013325454812915827,-0.00013325454812915827,False,20,WF_2023_2024
macro_idx_vix_ret20_z252,0.00012852082771477622,0.00012852082771477622,False,20,WF_2023_2024
macro_iwm_ret5_z252,0.0001260907107094942,0.0001260907107094942,False,20,WF_2023_2024
macro_spread_qqq_spy_20_z252,0.00012530924018761105,-0.00012530924018761105,False,20,WF_2023_2024
macro_spy_vol60_z252,0.0001221007402792892,-0.0001221007402792892,False,20,WF_2023_2024
macro_qqq_ret5_z252,0.00011377425665820195,0.00011377425665820195,False,20,WF_2023_2024
macro_hyg_level_z252,0.00011333228507355023,0.00011333228507355023,False,20,WF_2023_2024
macro_spy_ret5_z252,0.00010660728137339128,0.00010660728137339128,False,20,WF_2023_2024
chg_net_income_252d,0.00010585099088327925,-0.00010585099088327925,False,20,WF_2023_2024
macro_hyg_vol20_z252,9.935485861463883e-05,9.935485861463883e-05,False,20,WF_2023_2024
macro_qqq_ret20_z252,9.817254199937493e-05,-9.817254199937493e-05,False,20,WF_2023_2024
macro_spread_hyg_tlt_120_z252,9.611960863074891e-05,-9.611960863074891e-05,False,20,WF_2023_2024
macro_spy_ret20_z252,8.358607848458157e-05,-8.358607848458157e-05,False,20,WF_2023_2024
macro_qqq_vol60_z252,8.159624654390348e-05,-8.159624654390348e-05,False,20,WF_2023_2024
macro_tlt_ret5_z252,7.893982119123782e-05,-7.893982119123782e-05,False,20,WF_2023_2024
macro_hyg_vol60_z252,6.986038895023142e-05,-6.986038895023142e-05,False,20,WF_2023_2024
macro_iwm_ret20_z252,3.844745094643839e-05,3.844745094643839e-05,False,20,WF_2023_2024
macro_spread_iwm_spy_60_z252,1.9294717474878746e-05,1.9294717474878746e-05,False,20,WF_2023_2024
macro_hyg_ret5_z252,1.581259467960217e-05,-1.581259467960217e-05,False,20,WF_2023_2024
macro_idx_vix_ret5_z252,1.4709726126377668e-05,-1.4709726126377668e-05,False,20,WF_2023_2024
macro_spread_qqq_spy_120_z252,5.22256288916129e-06,5.22256288916129e-06,False,20,WF_2023_2024
fund_update_count_60d,0.11326973006705264,0.11326973006705264,True,60,WF_2017_2018
size_log_market_cap,0.10103782000342353,-0.10103782000342353,True,60,WF_2017_2018
corr_qqq_120,0.10001556836566959,0.10001556836566959,True,60,WF_2017_2018
corr_spy_120,0.09571884962913663,0.09571884962913663,False,60,WF_2017_2018
corr_qqq_60,0.08721941000462524,0.08721941000462524,True,60,WF_2017_2018
corr_spy_60,0.08659178007124352,0.08659178007124352,False,60,WF_2017_2018
dist_high_252,0.07939016201816963,0.07939016201816963,True,60,WF_2017_2018
downside_vol_120,0.07561906335056083,-0.07561906335056083,True,60,WF_2017_2018
vol_120,0.06879106499262881,-0.06879106499262881,False,60,WF_2017_2018
dist_high_120,0.06588559378493138,0.06588559378493138,True,60,WF_2017_2018
ix_mom_120d__macro_uup_ret60_z252,0.06559537735329247,-0.06559537735329247,True,60,WF_2017_2018
vol_20,0.06261398329290699,-0.06261398329290699,True,60,WF_2017_2018
vol_60,0.06004099637395019,-0.06004099637395019,True,60,WF_2017_2018
worst_day_60,0.05984621060095308,0.05984621060095308,True,60,WF_2017_2018
best_day_20,0.05984519934544412,-0.05984519934544412,True,60,WF_2017_2018
downside_vol_60,0.05899419308283668,-0.05899419308283668,False,60,WF_2017_2018
fund_update_count_20d,0.058827485604404164,0.058827485604404164,True,60,WF_2017_2018
vol_10,0.05812594090175096,-0.05812594090175096,True,60,WF_2017_2018
downside_vol_20,0.05773864260718557,-0.05773864260718557,True,60,WF_2017_2018
worst_day_20,0.05695466304231424,0.05695466304231424,False,60,WF_2017_2018
cash_yield,0.05629112709542812,0.05629112709542812,True,60,WF_2017_2018
mom_skip_120_20,0.05577052024993392,0.05577052024993392,True,60,WF_2017_2018
downside_vol_10,0.05184817990693262,-0.05184817990693262,True,60,WF_2017_2018
best_day_60,0.051824383051769715,-0.051824383051769715,True,60,WF_2017_2018
trend_sma_252,0.04993503902699296,0.04993503902699296,True,60,WF_2017_2018
mom_120d,0.047564164529259455,0.047564164529259455,True,60,WF_2017_2018
mom_120d_x_breadth,0.047564164529259455,0.047564164529259455,False,60,WF_2017_2018
rel_mom_qqq_120,0.047564164529259455,0.047564164529259455,False,60,WF_2017_2018
rel_mom_spy_120,0.047564164529259455,0.047564164529259455,False,60,WF_2017_2018
age_eps_diluted,0.04609079126676113,-0.04609079126676113,True,60,WF_2017_2018
beta_qqq_120,0.04223968053932637,0.04223968053932637,True,60,WF_2017_2018
mom_skip_252_20,0.04193175426953053,0.04193175426953053,True,60,WF_2017_2018
beta_qqq_60,0.04151371965914164,0.04151371965914164,True,60,WF_2017_2018
mom_252d,0.03990788739940708,0.03990788739940708,False,60,WF_2017_2018
rel_mom_qqq_252,0.03990788739940708,0.03990788739940708,False,60,WF_2017_2018
rel_mom_spy_252,0.03990788739940708,0.03990788739940708,False,60,WF_2017_2018
dist_high_60,0.039436264250007916,0.039436264250007916,True,60,WF_2017_2018
netinc_assets,0.03797060774127224,-0.03797060774127224,True,60,WF_2017_2018
ix_size_log_market_cap__macro_spread_iwm_spy_20_z252,0.035923179928399725,-0.035923179928399725,True,60,WF_2017_2018
beta_spy_60,0.03541539496007184,0.03541539496007184,True,60,WF_2017_2018
fundamental_freshness_mean_days,0.03537917203363203,-0.03537917203363203,True,60,WF_2017_2018
cash_assets,0.03447452443042188,0.03447452443042188,True,60,WF_2017_2018
age_cash,0.033817108569592434,-0.033817108569592434,True,60,WF_2017_2018
beta_spy_120,0.03262117038529839,0.03262117038529839,False,60,WF_2017_2018
age_assets,0.031251590574963926,-0.031251590574963926,True,60,WF_2017_2018
dist_low_20,0.031176925303541672,-0.031176925303541672,True,60,WF_2017_2018
beta_iwm_60,0.030951491678704292,0.030951491678704292,True,60,WF_2017_2018
trend_sma_120,0.028311753036436293,0.028311753036436293,True,60,WF_2017_2018
ix_mom_20d__macro_tlt_ret20_z252,0.028104987554405277,-0.028104987554405277,False,60,WF_2017_2018
chg_cash_252d,0.0269514078785291,0.0269514078785291,False,60,WF_2017_2018
dist_high_20,0.026609079904211526,0.026609079904211526,False,60,WF_2017_2018
dist_low_120,0.025135291593421098,-0.025135291593421098,False,60,WF_2017_2018
skew_60,0.024713445136239125,-0.024713445136239125,False,60,WF_2017_2018
ix_rel_mom_qqq_20__macro_qqq_ret20_z252,0.02464916192399128,0.02464916192399128,False,60,WF_2017_2018
ix_cash_assets__macro_hyg_ret20_z252,0.024468844956410815,0.024468844956410815,False,60,WF_2017_2018
current_ratio,0.02427982669170443,0.02427982669170443,False,60,WF_2017_2018
beta_hyg_60,0.024220321904723258,0.024220321904723258,False,60,WF_2017_2018
dist_low_60,0.02360598363404311,-0.02360598363404311,False,60,WF_2017_2018
beta_uup_60,0.022588540532402182,-0.022588540532402182,False,60,WF_2017_2018
mom_skip_60_5,0.020560947287758903,0.020560947287758903,False,60,WF_2017_2018
chg_net_income_252d,0.020459408103120413,-0.020459408103120413,False,60,WF_2017_2018
ix_rel_mom_spy_20__macro_iwm_ret20_z252,0.01940983483664778,0.01940983483664778,False,60,WF_2017_2018
mom_accel_20_60,0.018575370556809592,-0.018575370556809592,False,60,WF_2017_2018
skew_20,0.01746102909303877,-0.01746102909303877,False,60,WF_2017_2018
beta_tlt_60,0.01686449875506553,-0.01686449875506553,False,60,WF_2017_2018
ix_mom_60d__macro_tlt_ret60_z252,0.016794578103207287,-0.016794578103207287,False,60,WF_2017_2018
earnings_yield,0.015710791428861164,-0.015710791428861164,False,60,WF_2017_2018
mom_60d,0.015227089696951005,0.015227089696951005,False,60,WF_2017_2018
mom_60d_x_breadth,0.015227089696951005,0.015227089696951005,False,60,WF_2017_2018
rel_mom_qqq_60,0.015227089696951005,0.015227089696951005,False,60,WF_2017_2018
rel_mom_spy_60,0.015227089696951005,0.015227089696951005,False,60,WF_2017_2018
mom_accel_60_120,0.011679650153364909,-0.011679650153364909,False,60,WF_2017_2018
trend_sma_20,0.00967601554854366,-0.00967601554854366,False,60,WF_2017_2018
beta_idx_vix_60,0.00914792352199994,-0.00914792352199994,False,60,WF_2017_2018
mom_10d,0.008133256432950708,-0.008133256432950708,False,60,WF_2017_2018
rel_mom_qqq_10,0.008133256432950708,-0.008133256432950708,False,60,WF_2017_2018
rel_mom_spy_10,0.008133256432950708,-0.008133256432950708,False,60,WF_2017_2018
dist_low_252,0.007899099739114856,-0.007899099739114856,False,60,WF_2017_2018
mom_20d,0.0067006027728916465,-0.0067006027728916465,False,60,WF_2017_2018
mom_20d_x_breadth,0.0067006027728916465,-0.0067006027728916465,False,60,WF_2017_2018
rel_mom_qqq_20,0.0067006027728916465,-0.0067006027728916465,False,60,WF_2017_2018
rel_mom_spy_20,0.0067006027728916465,-0.0067006027728916465,False,60,WF_2017_2018
ocf_assets,0.005464174635013427,-0.005464174635013427,False,60,WF_2017_2018
mom_5d,0.005149862891232808,-0.005149862891232808,False,60,WF_2017_2018
rel_mom_qqq_5,0.005149862891232808,-0.005149862891232808,False,60,WF_2017_2018
rel_mom_spy_5,0.005149862891232808,-0.005149862891232808,False,60,WF_2017_2018
chg_operating_cash_flow_252d,0.0047241587615904,-0.0047241587615904,False,60,WF_2017_2018
chg_eps_diluted_252d,0.004479457272361466,0.004479457272361466,False,60,WF_2017_2018
ix_earnings_yield__macro_tlt_ret60_z252,0.002776032002406764,-0.002776032002406764,False,60,WF_2017_2018
chg_assets_252d,0.0023157439814165794,0.0023157439814165794,False,60,WF_2017_2018
mom_1d,0.0022440482620346273,-0.0022440482620346273,False,60,WF_2017_2018
ix_downside_vol_60__macro_idx_vix_level_z252,0.00212027299549616,-0.00212027299549616,False,60,WF_2017_2018
trend_sma_60,0.001053372936716636,-0.001053372936716636,False,60,WF_2017_2018
mom_skip_20_5,0.0008960302018962651,-0.0008960302018962651,False,60,WF_2017_2018
skew_120,0.0008835761957129797,0.0008835761957129797,False,60,WF_2017_2018
equity_assets,0.000498702127792884,0.000498702127792884,False,60,WF_2017_2018
macro_uup_vol60_z252,0.0002294706247943406,0.0002294706247943406,False,60,WF_2017_2018
macro_tlt_vol60_z252,0.0002059664736562715,0.0002059664736562715,False,60,WF_2017_2018
macro_hyg_level_z252,0.0001823664296714937,-0.0001823664296714937,False,60,WF_2017_2018
macro_tlt_vol20_z252,0.00018058851649989613,0.00018058851649989613,False,60,WF_2017_2018
macro_uup_vol20_z252,0.00017759261689054382,0.00017759261689054382,False,60,WF_2017_2018
macro_spy_vol60_z252,0.00015045107378697475,0.00015045107378697475,False,60,WF_2017_2018
macro_hyg_vol60_z252,0.0001489444815926092,0.0001489444815926092,False,60,WF_2017_2018
macro_qqq_vol60_z252,0.00014026670056658353,0.00014026670056658353,False,60,WF_2017_2018
macro_qqq_ret120_z252,0.0001271024124659895,-0.0001271024124659895,False,60,WF_2017_2018
macro_spy_vol20_z252,0.00012579984469610455,0.00012579984469610455,False,60,WF_2017_2018
macro_qqq_vol20_z252,0.00011694867077571703,0.00011694867077571703,False,60,WF_2017_2018
macro_iwm_vol60_z252,9.899556685150775e-05,9.899556685150775e-05,False,60,WF_2017_2018
macro_idx_vix_ret60_z252,9.476663026983014e-05,-9.476663026983014e-05,False,60,WF_2017_2018
macro_idx_vix_ret5_z252,9.28895913518213e-05,-9.28895913518213e-05,False,60,WF_2017_2018
macro_spread_iwm_spy_20_z252,9.255267640660097e-05,9.255267640660097e-05,False,60,WF_2017_2018
macro_uup_level_z252,9.020219415755069e-05,9.020219415755069e-05,False,60,WF_2017_2018
macro_spread_qqq_spy_120_z252,8.779773364005122e-05,-8.779773364005122e-05,False,60,WF_2017_2018
macro_spy_ret120_z252,8.65278540910872e-05,-8.65278540910872e-05,False,60,WF_2017_2018
macro_hyg_vol20_z252,8.615243990793024e-05,8.615243990793024e-05,False,60,WF_2017_2018
macro_hyg_ret120_z252,8.416106606170738e-05,-8.416106606170738e-05,False,60,WF_2017_2018
macro_uup_ret20_z252,8.207851530753744e-05,-8.207851530753744e-05,False,60,WF_2017_2018
macro_idx_vix_ret20_z252,7.809943513943487e-05,-7.809943513943487e-05,False,60,WF_2017_2018
macro_iwm_vol20_z252,6.942832825966974e-05,6.942832825966974e-05,False,60,WF_2017_2018
macro_uup_ret120_z252,6.838207182931361e-05,-6.838207182931361e-05,False,60,WF_2017_2018
macro_spread_hyg_tlt_120_z252,6.808221202136112e-05,-6.808221202136112e-05,False,60,WF_2017_2018
macro_idx_vix_vol20_z252,6.560708326921e-05,6.560708326921e-05,False,60,WF_2017_2018
macro_tlt_ret20_z252,6.24245264090926e-05,6.24245264090926e-05,False,60,WF_2017_2018
macro_hyg_ret5_z252,5.757814124378723e-05,5.757814124378723e-05,False,60,WF_2017_2018
macro_tlt_ret60_z252,5.7054208536805255e-05,5.7054208536805255e-05,False,60,WF_2017_2018
macro_spread_hyg_tlt_60_z252,5.114748748497514e-05,-5.114748748497514e-05,False,60,WF_2017_2018
macro_uup_ret60_z252,4.91927472247964e-05,-4.91927472247964e-05,False,60,WF_2017_2018
macro_iwm_ret5_z252,4.909483281363368e-05,4.909483281363368e-05,False,60,WF_2017_2018
macro_iwm_ret20_z252,3.9388507160028495e-05,3.9388507160028495e-05,False,60,WF_2017_2018
macro_spread_qqq_spy_60_z252,3.8739768531019405e-05,-3.8739768531019405e-05,False,60,WF_2017_2018
macro_idx_vix_vol60_z252,3.871864231028953e-05,3.871864231028953e-05,False,60,WF_2017_2018
macro_hyg_ret60_z252,3.696891794432286e-05,-3.696891794432286e-05,False,60,WF_2017_2018
macro_tlt_ret5_z252,3.6023770597270846e-05,3.6023770597270846e-05,False,60,WF_2017_2018
macro_idx_vix_level_z252,3.48242505965903e-05,3.48242505965903e-05,False,60,WF_2017_2018
macro_qqq_ret60_z252,3.3783021996593164e-05,-3.3783021996593164e-05,False,60,WF_2017_2018
macro_spread_hyg_tlt_20_z252,3.306914478527786e-05,-3.306914478527786e-05,False,60,WF_2017_2018
macro_qqq_ret5_z252,3.074629998852974e-05,3.074629998852974e-05,False,60,WF_2017_2018
macro_iwm_level_z252,2.7291200986038674e-05,2.7291200986038674e-05,False,60,WF_2017_2018
macro_tlt_ret120_z252,2.5692185141429938e-05,2.5692185141429938e-05,False,60,WF_2017_2018
macro_spy_ret5_z252,2.512127686720598e-05,2.512127686720598e-05,False,60,WF_2017_2018
macro_iwm_ret60_z252,1.9273459558696958e-05,1.9273459558696958e-05,False,60,WF_2017_2018
macro_qqq_level_z252,1.8589968361581183e-05,1.8589968361581183e-05,False,60,WF_2017_2018
macro_spy_level_z252,1.6925777853988162e-05,1.6925777853988162e-05,False,60,WF_2017_2018
macro_iwm_ret120_z252,1.477887894302655e-05,-1.477887894302655e-05,False,60,WF_2017_2018
macro_tlt_level_z252,1.3451516415742155e-05,1.3451516415742155e-05,False,60,WF_2017_2018
macro_spread_iwm_spy_60_z252,1.2680091436000617e-05,1.2680091436000617e-05,False,60,WF_2017_2018
macro_spread_iwm_spy_120_z252,7.440634730653906e-06,7.440634730653906e-06,False,60,WF_2017_2018
macro_spy_ret20_z252,7.430691906547381e-06,7.430691906547381e-06,False,60,WF_2017_2018
macro_spy_ret60_z252,6.9380742798821154e-06,-6.9380742798821154e-06,False,60,WF_2017_2018
macro_idx_vix_ret120_z252,6.299084376036025e-06,-6.299084376036025e-06,False,60,WF_2017_2018
macro_uup_ret5_z252,6.2265622121890785e-06,6.2265622121890785e-06,False,60,WF_2017_2018
macro_spread_qqq_spy_20_z252,4.7975267510825615e-06,-4.7975267510825615e-06,False,60,WF_2017_2018
macro_hyg_ret20_z252,3.7638210689486215e-06,3.7638210689486215e-06,False,60,WF_2017_2018
macro_qqq_ret20_z252,1.117620304245235e-06,1.117620304245235e-06,False,60,WF_2017_2018
fund_update_count_60d,0.09998036606060254,0.09998036606060254,True,60,WF_2019_2020
corr_qqq_120,0.0960126987932573,0.0960126987932573,True,60,WF_2019_2020
size_log_market_cap,0.08639832225691137,-0.08639832225691137,True,60,WF_2019_2020
corr_spy_120,0.07471949960043613,0.07471949960043613,True,60,WF_2019_2020
corr_qqq_60,0.0701333032006253,0.0701333032006253,True,60,WF_2019_2020
dist_high_252,0.06972585711081442,0.06972585711081442,True,60,WF_2019_2020
dist_high_120,0.06743072041221636,0.06743072041221636,True,60,WF_2019_2020
vol_20,0.06705890220202614,-0.06705890220202614,True,60,WF_2019_2020
best_day_20,0.06642988266893717,-0.06642988266893717,True,60,WF_2019_2020
vol_10,0.0655101952359144,-0.0655101952359144,True,60,WF_2019_2020
vol_120,0.06449097991776442,-0.06449097991776442,True,60,WF_2019_2020
vol_60,0.06448221843336997,-0.06448221843336997,False,60,WF_2019_2020
downside_vol_120,0.06363413270353345,-0.06363413270353345,False,60,WF_2019_2020
downside_vol_20,0.06254492976199498,-0.06254492976199498,True,60,WF_2019_2020
downside_vol_60,0.06159028057121746,-0.06159028057121746,True,60,WF_2019_2020
downside_vol_10,0.05885882466626122,-0.05885882466626122,True,60,WF_2019_2020
worst_day_20,0.05865754410710954,0.05865754410710954,False,60,WF_2019_2020
best_day_60,0.05721504419976621,-0.05721504419976621,True,60,WF_2019_2020
dist_high_60,0.056991017886898684,0.056991017886898684,True,60,WF_2019_2020
corr_spy_60,0.05549425800284524,0.05549425800284524,True,60,WF_2019_2020
cash_assets,0.055378655170537354,0.055378655170537354,True,60,WF_2019_2020
worst_day_60,0.0549177210622585,0.0549177210622585,False,60,WF_2019_2020
trend_sma_252,0.0503796110623366,0.0503796110623366,True,60,WF_2019_2020
ix_mom_120d__macro_uup_ret60_z252,0.04994597531651249,-0.04994597531651249,True,60,WF_2019_2020
fund_update_count_20d,0.048892951037143056,0.048892951037143056,True,60,WF_2019_2020
mom_skip_120_20,0.048706641535334015,0.048706641535334015,True,60,WF_2019_2020
mom_120d,0.04605803904261607,0.04605803904261607,True,60,WF_2019_2020
mom_120d_x_breadth,0.04605803904261607,0.04605803904261607,False,60,WF_2019_2020
rel_mom_qqq_120,0.04605803904261607,0.04605803904261607,False,60,WF_2019_2020
rel_mom_spy_120,0.04605803904261607,0.04605803904261607,False,60,WF_2019_2020
chg_assets_252d,0.044686257721308256,0.044686257721308256,True,60,WF_2019_2020
trend_sma_120,0.04317369945015704,0.04317369945015704,True,60,WF_2019_2020
dist_high_20,0.042712875194181384,0.042712875194181384,True,60,WF_2019_2020
mom_skip_252_20,0.04056395586608488,0.04056395586608488,True,60,WF_2019_2020
mom_252d,0.04047854898249109,0.04047854898249109,False,60,WF_2019_2020
rel_mom_qqq_252,0.04047854898249109,0.04047854898249109,False,60,WF_2019_2020
rel_mom_spy_252,0.04047854898249109,0.04047854898249109,False,60,WF_2019_2020
mom_skip_60_5,0.03631575098977425,0.03631575098977425,True,60,WF_2019_2020
fundamental_freshness_mean_days,0.035909162854997054,-0.035909162854997054,True,60,WF_2019_2020
beta_qqq_120,0.03547004603388499,0.03547004603388499,True,60,WF_2019_2020
cash_yield,0.03520491500401518,0.03520491500401518,True,60,WF_2019_2020
mom_60d,0.033870844627898335,0.033870844627898335,True,60,WF_2019_2020
mom_60d_x_breadth,0.033870844627898335,0.033870844627898335,False,60,WF_2019_2020
rel_mom_qqq_60,0.033870844627898335,0.033870844627898335,False,60,WF_2019_2020
rel_mom_spy_60,0.033870844627898335,0.033870844627898335,False,60,WF_2019_2020
age_cash,0.02996380614976389,-0.02996380614976389,True,60,WF_2019_2020
skew_60,0.02923614150755322,-0.02923614150755322,True,60,WF_2019_2020
skew_20,0.02842984401616566,-0.02842984401616566,True,60,WF_2019_2020
current_ratio,0.023977390137093865,0.023977390137093865,True,60,WF_2019_2020
trend_sma_60,0.02313388105109315,0.02313388105109315,False,60,WF_2019_2020
dist_low_20,0.02242005049645764,-0.02242005049645764,False,60,WF_2019_2020
beta_qqq_60,0.021068580564828073,0.021068580564828073,False,60,WF_2019_2020
age_eps_diluted,0.018475427736980334,-0.018475427736980334,False,60,WF_2019_2020
chg_cash_252d,0.01841925326360414,0.01841925326360414,False,60,WF_2019_2020
ix_downside_vol_60__macro_idx_vix_level_z252,0.01821639596276887,0.01821639596276887,False,60,WF_2019_2020
skew_120,0.016236455120975306,-0.016236455120975306,False,60,WF_2019_2020
beta_uup_60,0.016207256036547567,-0.016207256036547567,False,60,WF_2019_2020
chg_operating_cash_flow_252d,0.015517704181782254,0.015517704181782254,False,60,WF_2019_2020
beta_tlt_60,0.015504949667589144,0.015504949667589144,False,60,WF_2019_2020
beta_idx_vix_60,0.01532491998961883,0.01532491998961883,False,60,WF_2019_2020
age_assets,0.014161650069456206,-0.014161650069456206,False,60,WF_2019_2020
chg_eps_diluted_252d,0.013577632004626767,0.013577632004626767,False,60,WF_2019_2020
equity_assets,0.013287982229095443,0.013287982229095443,False,60,WF_2019_2020
mom_accel_20_60,0.013257312386587578,-0.013257312386587578,False,60,WF_2019_2020
ix_mom_60d__macro_tlt_ret60_z252,0.012685040300677871,0.012685040300677871,False,60,WF_2019_2020
mom_skip_20_5,0.012455689424250124,0.012455689424250124,False,60,WF_2019_2020
ix_rel_mom_qqq_20__macro_qqq_ret20_z252,0.011562008606988245,0.011562008606988245,False,60,WF_2019_2020
ix_size_log_market_cap__macro_spread_iwm_spy_20_z252,0.011164819903813657,-0.011164819903813657,False,60,WF_2019_2020
beta_spy_120,0.010905422980236548,0.010905422980236548,False,60,WF_2019_2020
dist_low_60,0.009367532804323456,-0.009367532804323456,False,60,WF_2019_2020
mom_20d,0.009230637421564498,0.009230637421564498,False,60,WF_2019_2020
mom_20d_x_breadth,0.009230637421564498,0.009230637421564498,False,60,WF_2019_2020
rel_mom_qqq_20,0.009230637421564498,0.009230637421564498,False,60,WF_2019_2020
rel_mom_spy_20,0.009230637421564498,0.009230637421564498,False,60,WF_2019_2020
trend_sma_20,0.007533455316089774,0.007533455316089774,False,60,WF_2019_2020
netinc_assets,0.0072656703349720814,-0.0072656703349720814,False,60,WF_2019_2020
beta_iwm_60,0.0067385463273916795,-0.0067385463273916795,False,60,WF_2019_2020
ix_earnings_yield__macro_tlt_ret60_z252,0.006256436630783166,0.006256436630783166,False,60,WF_2019_2020
dist_low_252,0.006234208560229655,0.006234208560229655,False,60,WF_2019_2020
mom_10d,0.0059771402943045926,0.0059771402943045926,False,60,WF_2019_2020
rel_mom_qqq_10,0.0059771402943045926,0.0059771402943045926,False,60,WF_2019_2020
rel_mom_spy_10,0.0059771402943045926,0.0059771402943045926,False,60,WF_2019_2020
ix_rel_mom_spy_20__macro_iwm_ret20_z252,0.005318222476342421,-0.005318222476342421,False,60,WF_2019_2020
mom_5d,0.004829818992404085,0.004829818992404085,False,60,WF_2019_2020
rel_mom_qqq_5,0.004829818992404085,0.004829818992404085,False,60,WF_2019_2020
rel_mom_spy_5,0.004829818992404085,0.004829818992404085,False,60,WF_2019_2020
dist_low_120,0.004314031491312163,-0.004314031491312163,False,60,WF_2019_2020
beta_hyg_60,0.003987254209533552,0.003987254209533552,False,60,WF_2019_2020
mom_1d,0.003872106670153348,0.003872106670153348,False,60,WF_2019_2020
ix_cash_assets__macro_hyg_ret20_z252,0.0033278704008479734,-0.0033278704008479734,False,60,WF_2019_2020
ocf_assets,0.0031224601218272506,0.0031224601218272506,False,60,WF_2019_2020
chg_net_income_252d,0.0027680607470799362,-0.0027680607470799362,False,60,WF_2019_2020
macro_spread_hyg_tlt_20_z252,0.0016420462346807753,0.0016420462346807753,False,60,WF_2019_2020
macro_tlt_ret20_z252,0.0014063343191069743,-0.0014063343191069743,False,60,WF_2019_2020
macro_spread_hyg_tlt_60_z252,0.0012842205387308214,0.0012842205387308214,False,60,WF_2019_2020
macro_hyg_ret60_z252,0.0011865822096278436,0.0011865822096278436,False,60,WF_2019_2020
mom_accel_60_120,0.0011126273572571385,-0.0011126273572571385,False,60,WF_2019_2020
macro_tlt_vol20_z252,0.0010089603810551088,0.0010089603810551088,False,60,WF_2019_2020
macro_spread_qqq_spy_120_z252,0.0009609850311416427,0.0009609850311416427,False,60,WF_2019_2020
macro_qqq_ret120_z252,0.0009574867740770068,0.0009574867740770068,False,60,WF_2019_2020
macro_qqq_level_z252,0.0009461314909727944,0.0009461314909727944,False,60,WF_2019_2020
macro_tlt_ret5_z252,0.0009096039190351856,-0.0009096039190351856,False,60,WF_2019_2020
macro_spy_level_z252,0.0008840831125182678,0.0008840831125182678,False,60,WF_2019_2020
macro_iwm_ret20_z252,0.0008629050189312964,-0.0008629050189312964,False,60,WF_2019_2020
macro_iwm_vol60_z252,0.000844551127871327,-0.000844551127871327,False,60,WF_2019_2020
macro_qqq_vol60_z252,0.0007787122172649614,-0.0007787122172649614,False,60,WF_2019_2020
macro_spread_hyg_tlt_120_z252,0.0007477762854729811,0.0007477762854729811,False,60,WF_2019_2020
macro_iwm_level_z252,0.0007474434937745451,0.0007474434937745451,False,60,WF_2019_2020
macro_uup_vol20_z252,0.0007444371254802846,-0.0007444371254802846,False,60,WF_2019_2020
macro_hyg_ret120_z252,0.0007367098005957196,0.0007367098005957196,False,60,WF_2019_2020
macro_spread_iwm_spy_20_z252,0.0007325101491497893,-0.0007325101491497893,False,60,WF_2019_2020
macro_hyg_vol20_z252,0.0006943460137389575,-0.0006943460137389575,False,60,WF_2019_2020
ix_mom_20d__macro_tlt_ret20_z252,0.0006548427518228541,0.0006548427518228541,False,60,WF_2019_2020
macro_spy_ret120_z252,0.0006291490152484586,0.0006291490152484586,False,60,WF_2019_2020
macro_spy_ret60_z252,0.0006254482762415151,0.0006254482762415151,False,60,WF_2019_2020
macro_hyg_vol60_z252,0.0006220015550645518,-0.0006220015550645518,False,60,WF_2019_2020
macro_tlt_ret60_z252,0.0006155473802355521,-0.0006155473802355521,False,60,WF_2019_2020
macro_tlt_level_z252,0.000573210024911756,-0.000573210024911756,False,60,WF_2019_2020
macro_hyg_level_z252,0.0005632410307636834,0.0005632410307636834,False,60,WF_2019_2020
macro_iwm_vol20_z252,0.0005509187370313354,-0.0005509187370313354,False,60,WF_2019_2020
macro_iwm_ret120_z252,0.0005416369748918397,0.0005416369748918397,False,60,WF_2019_2020
macro_spy_vol60_z252,0.0004935059897835004,-0.0004935059897835004,False,60,WF_2019_2020
macro_qqq_vol20_z252,0.0004676699840555738,-0.0004676699840555738,False,60,WF_2019_2020
macro_idx_vix_ret20_z252,0.00045302516015144307,0.00045302516015144307,False,60,WF_2019_2020
macro_idx_vix_ret120_z252,0.00044415424443237006,-0.00044415424443237006,False,60,WF_2019_2020
earnings_yield,0.00043572464759614806,-0.00043572464759614806,False,60,WF_2019_2020
macro_idx_vix_ret5_z252,0.000418171174672704,0.000418171174672704,False,60,WF_2019_2020
macro_spy_vol20_z252,0.0004022362001012825,-0.0004022362001012825,False,60,WF_2019_2020
macro_qqq_ret60_z252,0.00039039170890093705,0.00039039170890093705,False,60,WF_2019_2020
macro_uup_ret120_z252,0.00036889578086797743,0.00036889578086797743,False,60,WF_2019_2020
macro_spread_iwm_spy_120_z252,0.0003599643755958853,0.0003599643755958853,False,60,WF_2019_2020
macro_iwm_ret5_z252,0.00035418525779567676,-0.00035418525779567676,False,60,WF_2019_2020
macro_spy_ret20_z252,0.0003533259846046952,-0.0003533259846046952,False,60,WF_2019_2020
macro_qqq_ret5_z252,0.00034354092263684744,-0.00034354092263684744,False,60,WF_2019_2020
macro_tlt_ret120_z252,0.0002762828602392925,-0.0002762828602392925,False,60,WF_2019_2020
macro_hyg_ret20_z252,0.00027341098890301175,0.00027341098890301175,False,60,WF_2019_2020
macro_spy_ret5_z252,0.00026559664719486757,-0.00026559664719486757,False,60,WF_2019_2020
macro_qqq_ret20_z252,0.0002507929866007293,-0.0002507929866007293,False,60,WF_2019_2020
macro_idx_vix_vol60_z252,0.000187967702179506,-0.000187967702179506,False,60,WF_2019_2020
macro_hyg_ret5_z252,0.0001651210887647998,-0.0001651210887647998,False,60,WF_2019_2020
macro_idx_vix_ret60_z252,0.00016148429140202362,-0.00016148429140202362,False,60,WF_2019_2020
macro_uup_ret60_z252,0.00013760581215875099,-0.00013760581215875099,False,60,WF_2019_2020
macro_spread_iwm_spy_60_z252,0.00013017584741582388,-0.00013017584741582388,False,60,WF_2019_2020
macro_idx_vix_vol20_z252,0.0001285617895041849,0.0001285617895041849,False,60,WF_2019_2020
macro_iwm_ret60_z252,0.0001270569025932034,0.0001270569025932034,False,60,WF_2019_2020
macro_uup_ret5_z252,0.0001170448800674924,0.0001170448800674924,False,60,WF_2019_2020
macro_idx_vix_level_z252,0.00011196744607779678,-0.00011196744607779678,False,60,WF_2019_2020
macro_spread_qqq_spy_20_z252,0.00010944962264258639,0.00010944962264258639,False,60,WF_2019_2020
macro_uup_ret20_z252,9.535063401336576e-05,9.535063401336576e-05,False,60,WF_2019_2020
macro_tlt_vol60_z252,8.060749047599646e-05,8.060749047599646e-05,False,60,WF_2019_2020
macro_uup_level_z252,6.895593334907174e-05,6.895593334907174e-05,False,60,WF_2019_2020
beta_spy_60,6.167448895721576e-05,6.167448895721576e-05,False,60,WF_2019_2020
macro_uup_vol60_z252,4.7647652416609824e-05,-4.7647652416609824e-05,False,60,WF_2019_2020
macro_spread_qqq_spy_60_z252,1.7232313164293106e-06,-1.7232313164293106e-06,False,60,WF_2019_2020
cash_assets,0.11044473238623077,0.11044473238623077,True,60,WF_2021_2022
corr_qqq_120,0.08460304926125353,0.08460304926125353,True,60,WF_2021_2022
chg_assets_252d,0.0821105140572819,0.0821105140572819,True,60,WF_2021_2022
fund_update_count_60d,0.08162107121184752,0.08162107121184752,True,60,WF_2021_2022
ix_mom_120d__macro_uup_ret60_z252,0.06932740811725557,-0.06932740811725557,True,60,WF_2021_2022
dist_high_252,0.06352852105695024,0.06352852105695024,True,60,WF_2021_2022
mom_252d,0.062063618168303275,0.062063618168303275,True,60,WF_2021_2022
rel_mom_qqq_252,0.062063618168303275,0.062063618168303275,False,60,WF_2021_2022
rel_mom_spy_252,0.062063618168303275,0.062063618168303275,False,60,WF_2021_2022
mom_skip_252_20,0.06177099922754498,0.06177099922754498,False,60,WF_2021_2022
dist_high_120,0.0599237094095603,0.0599237094095603,True,60,WF_2021_2022
trend_sma_252,0.05989570927536103,0.05989570927536103,True,60,WF_2021_2022
corr_qqq_60,0.05663161469681735,0.05663161469681735,True,60,WF_2021_2022
dist_high_60,0.0555540233076605,0.0555540233076605,True,60,WF_2021_2022
size_log_market_cap,0.05530081987992779,-0.05530081987992779,True,60,WF_2021_2022
equity_assets,0.052176828739077086,0.052176828739077086,True,60,WF_2021_2022
vol_60,0.05199777984743901,-0.05199777984743901,True,60,WF_2021_2022
best_day_60,0.05055464165669554,-0.05055464165669554,True,60,WF_2021_2022
mom_120d,0.04913367426239104,0.04913367426239104,True,60,WF_2021_2022
mom_120d_x_breadth,0.04913367426239104,0.04913367426239104,False,60,WF_2021_2022
rel_mom_qqq_120,0.04913367426239104,0.04913367426239104,False,60,WF_2021_2022
rel_mom_spy_120,0.04913367426239104,0.04913367426239104,False,60,WF_2021_2022
mom_skip_120_20,0.04894998703178895,0.04894998703178895,True,60,WF_2021_2022
corr_spy_120,0.04844078686032159,0.04844078686032159,True,60,WF_2021_2022
vol_20,0.047450300044472836,-0.047450300044472836,True,60,WF_2021_2022
best_day_20,0.047047735057679826,-0.047047735057679826,True,60,WF_2021_2022
vol_10,0.046660240879965266,-0.046660240879965266,True,60,WF_2021_2022
skew_60,0.046263691675661855,-0.046263691675661855,True,60,WF_2021_2022
ix_downside_vol_60__macro_idx_vix_level_z252,0.04576745862298165,0.04576745862298165,True,60,WF_2021_2022
downside_vol_60,0.045319043459092996,-0.045319043459092996,True,60,WF_2021_2022
beta_tlt_60,0.04489587060814019,0.04489587060814019,True,60,WF_2021_2022
trend_sma_120,0.04372276635711675,0.04372276635711675,True,60,WF_2021_2022
downside_vol_20,0.043637618767050766,-0.043637618767050766,True,60,WF_2021_2022
ix_size_log_market_cap__macro_spread_iwm_spy_20_z252,0.043615071582461105,0.043615071582461105,True,60,WF_2021_2022
vol_120,0.04359356610037107,-0.04359356610037107,False,60,WF_2021_2022
fund_update_count_20d,0.0425151330649268,0.0425151330649268,True,60,WF_2021_2022
current_ratio,0.04191008574863543,0.04191008574863543,True,60,WF_2021_2022
downside_vol_10,0.0397527814125007,-0.0397527814125007,True,60,WF_2021_2022
ocf_assets,0.03967711784049606,0.03967711784049606,True,60,WF_2021_2022
beta_qqq_120,0.03937277990019382,0.03937277990019382,True,60,WF_2021_2022
ix_earnings_yield__macro_tlt_ret60_z252,0.03899790040250584,0.03899790040250584,True,60,WF_2021_2022
skew_20,0.03853664431633203,-0.03853664431633203,True,60,WF_2021_2022
skew_120,0.038457162417327606,-0.038457162417327606,True,60,WF_2021_2022
downside_vol_120,0.03785126106295172,-0.03785126106295172,False,60,WF_2021_2022
netinc_assets,0.03765946502262444,0.03765946502262444,False,60,WF_2021_2022
worst_day_20,0.037104116348045925,0.037104116348045925,False,60,WF_2021_2022
dist_high_20,0.034636390675125854,0.034636390675125854,False,60,WF_2021_2022
worst_day_60,0.032406587073107354,0.032406587073107354,False,60,WF_2021_2022
ix_mom_60d__macro_tlt_ret60_z252,0.031137067433997634,0.031137067433997634,False,60,WF_2021_2022
ix_rel_mom_qqq_20__macro_qqq_ret20_z252,0.0292450359025015,0.0292450359025015,False,60,WF_2021_2022
mom_skip_60_5,0.02879575335724661,0.02879575335724661,False,60,WF_2021_2022
earnings_yield,0.028462254838505438,-0.028462254838505438,False,60,WF_2021_2022
fundamental_freshness_mean_days,0.026960323733902527,-0.026960323733902527,False,60,WF_2021_2022
corr_spy_60,0.02693156635518044,0.02693156635518044,False,60,WF_2021_2022
age_cash,0.025736214524133133,-0.025736214524133133,False,60,WF_2021_2022
mom_60d,0.025359874004224795,0.025359874004224795,False,60,WF_2021_2022
mom_60d_x_breadth,0.025359874004224795,0.025359874004224795,False,60,WF_2021_2022
rel_mom_qqq_60,0.025359874004224795,0.025359874004224795,False,60,WF_2021_2022
rel_mom_spy_60,0.025359874004224795,0.025359874004224795,False,60,WF_2021_2022
ix_cash_assets__macro_hyg_ret20_z252,0.022261988186274492,-0.022261988186274492,False,60,WF_2021_2022
trend_sma_60,0.021759032522620594,0.021759032522620594,False,60,WF_2021_2022
beta_iwm_60,0.020771043367413627,-0.020771043367413627,False,60,WF_2021_2022
cash_yield,0.02053106432241116,-0.02053106432241116,False,60,WF_2021_2022
beta_uup_60,0.02031063902832274,0.02031063902832274,False,60,WF_2021_2022
mom_skip_20_5,0.01801072493770492,0.01801072493770492,False,60,WF_2021_2022
dist_low_252,0.016848159514610526,0.016848159514610526,False,60,WF_2021_2022
ix_mom_20d__macro_tlt_ret20_z252,0.016390511370709526,0.016390511370709526,False,60,WF_2021_2022
chg_eps_diluted_252d,0.01488394231337534,0.01488394231337534,False,60,WF_2021_2022
ix_rel_mom_spy_20__macro_iwm_ret20_z252,0.014821557933390392,0.014821557933390392,False,60,WF_2021_2022
beta_hyg_60,0.014063003236663325,-0.014063003236663325,False,60,WF_2021_2022
mom_20d,0.012869821652067634,0.012869821652067634,False,60,WF_2021_2022
mom_20d_x_breadth,0.012869821652067634,0.012869821652067634,False,60,WF_2021_2022
rel_mom_qqq_20,0.012869821652067634,0.012869821652067634,False,60,WF_2021_2022
rel_mom_spy_20,0.012869821652067634,0.012869821652067634,False,60,WF_2021_2022
beta_spy_60,0.01223517932634869,-0.01223517932634869,False,60,WF_2021_2022
mom_accel_60_120,0.012020778729659369,-0.012020778729659369,False,60,WF_2021_2022
beta_qqq_60,0.011179474691113531,0.011179474691113531,False,60,WF_2021_2022
beta_spy_120,0.010187321886068046,0.010187321886068046,False,60,WF_2021_2022
trend_sma_20,0.009994920474296712,0.009994920474296712,False,60,WF_2021_2022
mom_accel_20_60,0.008245015225928607,-0.008245015225928607,False,60,WF_2021_2022
mom_10d,0.007995085210890105,0.007995085210890105,False,60,WF_2021_2022
rel_mom_qqq_10,0.007995085210890105,0.007995085210890105,False,60,WF_2021_2022
rel_mom_spy_10,0.007995085210890105,0.007995085210890105,False,60,WF_2021_2022
age_eps_diluted,0.007269297224674212,0.007269297224674212,False,60,WF_2021_2022
beta_idx_vix_60,0.006806064155777415,0.006806064155777415,False,60,WF_2021_2022
dist_low_20,0.006466597128544476,-0.006466597128544476,False,60,WF_2021_2022
chg_operating_cash_flow_252d,0.006398094113094071,0.006398094113094071,False,60,WF_2021_2022
chg_net_income_252d,0.004469214951252275,0.004469214951252275,False,60,WF_2021_2022
age_assets,0.0035814132517368595,0.0035814132517368595,False,60,WF_2021_2022
mom_1d,0.0031855808167259316,0.0031855808167259316,False,60,WF_2021_2022
mom_5d,0.0026144032749517744,0.0026144032749517744,False,60,WF_2021_2022
rel_mom_qqq_5,0.0026144032749517744,0.0026144032749517744,False,60,WF_2021_2022
rel_mom_spy_5,0.0026144032749517744,0.0026144032749517744,False,60,WF_2021_2022
dist_low_120,0.0019219910950701187,-0.0019219910950701187,False,60,WF_2021_2022
chg_cash_252d,0.0015182543064821729,0.0015182543064821729,False,60,WF_2021_2022
dist_low_60,0.0007673215418957102,-0.0007673215418957102,False,60,WF_2021_2022
macro_tlt_level_z252,0.0006264815116556179,0.0006264815116556179,False,60,WF_2021_2022
macro_iwm_level_z252,0.0005690749684638615,-0.0005690749684638615,False,60,WF_2021_2022
macro_tlt_ret120_z252,0.0005659309692061222,0.0005659309692061222,False,60,WF_2021_2022
macro_tlt_vol60_z252,0.0005028569517425374,0.0005028569517425374,False,60,WF_2021_2022
macro_uup_level_z252,0.0004749121888212551,0.0004749121888212551,False,60,WF_2021_2022
macro_spread_hyg_tlt_120_z252,0.000446072386491857,-0.000446072386491857,False,60,WF_2021_2022
macro_spy_level_z252,0.00040882395620525695,-0.00040882395620525695,False,60,WF_2021_2022
macro_tlt_vol20_z252,0.0004016315384742001,0.0004016315384742001,False,60,WF_2021_2022
macro_hyg_vol60_z252,0.0003494960738823948,0.0003494960738823948,False,60,WF_2021_2022
macro_tlt_ret60_z252,0.0003225257561446583,0.0003225257561446583,False,60,WF_2021_2022
macro_qqq_level_z252,0.000311189726637261,-0.000311189726637261,False,60,WF_2021_2022
macro_iwm_vol60_z252,0.0003086268133616734,0.0003086268133616734,False,60,WF_2021_2022
macro_spread_qqq_spy_60_z252,0.0003048053226862929,0.0003048053226862929,False,60,WF_2021_2022
macro_spread_iwm_spy_120_z252,0.00029758134781345837,-0.00029758134781345837,False,60,WF_2021_2022
macro_hyg_vol20_z252,0.0002795717633112645,0.0002795717633112645,False,60,WF_2021_2022
macro_hyg_ret120_z252,0.0002484041465659043,0.0002484041465659043,False,60,WF_2021_2022
macro_uup_vol60_z252,0.00020374290548953177,0.00020374290548953177,False,60,WF_2021_2022
macro_hyg_ret60_z252,0.00019410588202572543,0.00019410588202572543,False,60,WF_2021_2022
macro_spread_hyg_tlt_60_z252,0.00018223281088472105,-0.00018223281088472105,False,60,WF_2021_2022
macro_iwm_vol20_z252,0.00017583110835051643,0.00017583110835051643,False,60,WF_2021_2022
macro_spy_vol60_z252,0.00017432416651397856,0.00017432416651397856,False,60,WF_2021_2022
macro_spread_qqq_spy_120_z252,0.0001739534857624029,0.0001739534857624029,False,60,WF_2021_2022
macro_tlt_ret20_z252,0.00017053694520671557,0.00017053694520671557,False,60,WF_2021_2022
macro_spread_iwm_spy_20_z252,0.00016094480761751553,-0.00016094480761751553,False,60,WF_2021_2022
macro_idx_vix_level_z252,0.00015433528849569353,0.00015433528849569353,False,60,WF_2021_2022
macro_iwm_ret120_z252,0.00015136895229897671,-0.00015136895229897671,False,60,WF_2021_2022
macro_uup_ret120_z252,0.00013647196339160845,-0.00013647196339160845,False,60,WF_2021_2022
macro_spread_iwm_spy_60_z252,0.00013356622102164072,-0.00013356622102164072,False,60,WF_2021_2022
macro_spy_ret120_z252,0.00011862124738815262,-0.00011862124738815262,False,60,WF_2021_2022
macro_tlt_ret5_z252,0.00011056736206667218,0.00011056736206667218,False,60,WF_2021_2022
macro_uup_ret60_z252,0.00010183298355681898,-0.00010183298355681898,False,60,WF_2021_2022
macro_spread_qqq_spy_20_z252,9.135358607333598e-05,9.135358607333598e-05,False,60,WF_2021_2022
macro_uup_vol20_z252,8.999242166360468e-05,8.999242166360468e-05,False,60,WF_2021_2022
macro_spy_vol20_z252,8.866296198839355e-05,8.866296198839355e-05,False,60,WF_2021_2022
macro_spread_hyg_tlt_20_z252,8.382108672045773e-05,-8.382108672045773e-05,False,60,WF_2021_2022
macro_idx_vix_vol20_z252,7.991486318417807e-05,7.991486318417807e-05,False,60,WF_2021_2022
macro_idx_vix_vol60_z252,7.71731620570357e-05,7.71731620570357e-05,False,60,WF_2021_2022
macro_idx_vix_ret120_z252,7.103277590213403e-05,-7.103277590213403e-05,False,60,WF_2021_2022
macro_hyg_ret20_z252,7.095021134794295e-05,7.095021134794295e-05,False,60,WF_2021_2022
macro_qqq_ret60_z252,6.784122904535625e-05,6.784122904535625e-05,False,60,WF_2021_2022
macro_iwm_ret20_z252,5.677749735447908e-05,-5.677749735447908e-05,False,60,WF_2021_2022
macro_uup_ret20_z252,5.558856373195902e-05,-5.558856373195902e-05,False,60,WF_2021_2022
macro_idx_vix_ret5_z252,4.643183468788326e-05,-4.643183468788326e-05,False,60,WF_2021_2022
macro_idx_vix_ret60_z252,3.265198537105067e-05,-3.265198537105067e-05,False,60,WF_2021_2022
macro_qqq_vol20_z252,3.2584918133675856e-05,-3.2584918133675856e-05,False,60,WF_2021_2022
macro_qqq_ret120_z252,3.142889145216823e-05,-3.142889145216823e-05,False,60,WF_2021_2022
macro_spy_ret20_z252,2.8961193458370125e-05,-2.8961193458370125e-05,False,60,WF_2021_2022
macro_hyg_ret5_z252,2.123583976379297e-05,2.123583976379297e-05,False,60,WF_2021_2022
macro_qqq_ret5_z252,1.8494996331922038e-05,1.8494996331922038e-05,False,60,WF_2021_2022
macro_qqq_vol60_z252,1.4500839488514735e-05,1.4500839488514735e-05,False,60,WF_2021_2022
macro_qqq_ret20_z252,1.2157922520427498e-05,-1.2157922520427498e-05,False,60,WF_2021_2022
macro_hyg_level_z252,1.0508255746444418e-05,1.0508255746444418e-05,False,60,WF_2021_2022
macro_spy_ret5_z252,1.0127992576364982e-05,1.0127992576364982e-05,False,60,WF_2021_2022
macro_idx_vix_ret20_z252,9.619105172216578e-06,9.619105172216578e-06,False,60,WF_2021_2022
macro_iwm_ret60_z252,6.3813891121736366e-06,-6.3813891121736366e-06,False,60,WF_2021_2022
macro_iwm_ret5_z252,4.2619376648567536e-06,4.2619376648567536e-06,False,60,WF_2021_2022
macro_spy_ret60_z252,2.222164771167499e-06,-2.222164771167499e-06,False,60,WF_2021_2022
macro_uup_ret5_z252,1.0536605037337026e-06,1.0536605037337026e-06,False,60,WF_2021_2022
fund_update_count_60d,0.08808769143045134,0.08808769143045134,True,60,WF_2023_2024
size_log_market_cap,0.08057158383871096,-0.08057158383871096,True,60,WF_2023_2024
beta_qqq_60,0.06809525087188698,-0.06809525087188698,True,60,WF_2023_2024
ix_mom_120d__macro_uup_ret60_z252,0.06614661660387515,-0.06614661660387515,True,60,WF_2023_2024
best_day_60,0.06455012418873039,-0.06455012418873039,True,60,WF_2023_2024
vol_60,0.05818745191831757,-0.05818745191831757,True,60,WF_2023_2024
downside_vol_60,0.05316242607612543,-0.05316242607612543,True,60,WF_2023_2024
downside_vol_20,0.05305439789567207,-0.05305439789567207,True,60,WF_2023_2024
vol_20,0.052731287282622975,-0.052731287282622975,True,60,WF_2023_2024
mom_skip_252_20,0.05255761802724458,0.05255761802724458,True,60,WF_2023_2024
worst_day_20,0.04998996180800938,0.04998996180800938,False,60,WF_2023_2024
vol_10,0.04968733816072037,-0.04968733816072037,True,60,WF_2023_2024
best_day_20,0.04836159818131948,-0.04836159818131948,True,60,WF_2023_2024
downside_vol_10,0.04823202009933302,-0.04823202009933302,True,60,WF_2023_2024
worst_day_60,0.047853268518568325,0.047853268518568325,False,60,WF_2023_2024
vol_120,0.04690708451943762,-0.04690708451943762,False,60,WF_2023_2024
mom_252d,0.04662505875848361,0.04662505875848361,False,60,WF_2023_2024
rel_mom_qqq_252,0.04662505875848361,0.04662505875848361,False,60,WF_2023_2024
rel_mom_spy_252,0.04662505875848361,0.04662505875848361,False,60,WF_2023_2024
dist_high_252,0.045915720613641124,0.045915720613641124,True,60,WF_2023_2024
dist_low_120,0.04272264948033171,-0.04272264948033171,True,60,WF_2023_2024
fund_update_count_20d,0.04180031248821222,0.04180031248821222,True,60,WF_2023_2024
beta_qqq_120,0.041451252076834096,-0.041451252076834096,True,60,WF_2023_2024
skew_120,0.04116199868903125,-0.04116199868903125,True,60,WF_2023_2024
beta_uup_60,0.04065568004191962,0.04065568004191962,True,60,WF_2023_2024
trend_sma_252,0.040633560572722965,0.040633560572722965,True,60,WF_2023_2024
dist_high_120,0.040182286095032854,0.040182286095032854,True,60,WF_2023_2024
beta_hyg_60,0.038444782598079576,-0.038444782598079576,True,60,WF_2023_2024
downside_vol_120,0.03820215025953084,-0.03820215025953084,True,60,WF_2023_2024
beta_idx_vix_60,0.03472338197676554,0.03472338197676554,True,60,WF_2023_2024
corr_spy_120,0.034419979429213786,0.034419979429213786,True,60,WF_2023_2024
skew_60,0.03320384463742387,-0.03320384463742387,True,60,WF_2023_2024
age_cash,0.03310469997977783,-0.03310469997977783,True,60,WF_2023_2024
cash_assets,0.03299613867082744,0.03299613867082744,True,60,WF_2023_2024
dist_high_60,0.030320304062513407,0.030320304062513407,True,60,WF_2023_2024
age_assets,0.02802518310887225,-0.02802518310887225,True,60,WF_2023_2024
cash_yield,0.0277129187302895,0.0277129187302895,True,60,WF_2023_2024
mom_skip_120_20,0.027323221469364736,0.027323221469364736,True,60,WF_2023_2024
beta_spy_60,0.027305536230070288,-0.027305536230070288,True,60,WF_2023_2024
beta_iwm_60,0.0270603793980017,-0.0270603793980017,True,60,WF_2023_2024
ix_mom_60d__macro_tlt_ret60_z252,0.02618936195964628,0.02618936195964628,True,60,WF_2023_2024
mom_120d,0.025148048199628972,0.025148048199628972,True,60,WF_2023_2024
mom_120d_x_breadth,0.025148048199628972,0.025148048199628972,False,60,WF_2023_2024
rel_mom_qqq_120,0.025148048199628972,0.025148048199628972,False,60,WF_2023_2024
rel_mom_spy_120,0.025148048199628972,0.025148048199628972,False,60,WF_2023_2024
ocf_assets,0.024525030122439007,0.024525030122439007,False,60,WF_2023_2024
fundamental_freshness_mean_days,0.02429474225340403,-0.02429474225340403,False,60,WF_2023_2024
dist_low_60,0.024139662705608265,-0.024139662705608265,False,60,WF_2023_2024
age_eps_diluted,0.023807216361498948,-0.023807216361498948,False,60,WF_2023_2024
dist_low_20,0.023612314593479435,-0.023612314593479435,False,60,WF_2023_2024
dist_high_20,0.022291074170485797,0.022291074170485797,False,60,WF_2023_2024
corr_qqq_60,0.019267869011537278,-0.019267869011537278,False,60,WF_2023_2024
ix_downside_vol_60__macro_idx_vix_level_z252,0.018886679741977122,0.018886679741977122,False,60,WF_2023_2024
mom_accel_60_120,0.018818502637296782,-0.018818502637296782,False,60,WF_2023_2024
ix_size_log_market_cap__macro_spread_iwm_spy_20_z252,0.018094615178476527,0.018094615178476527,False,60,WF_2023_2024
trend_sma_120,0.014484538168729036,0.014484538168729036,False,60,WF_2023_2024
chg_operating_cash_flow_252d,0.011950190823872301,-0.011950190823872301,False,60,WF_2023_2024
chg_net_income_252d,0.010652759696336028,-0.010652759696336028,False,60,WF_2023_2024
ix_rel_mom_qqq_20__macro_qqq_ret20_z252,0.01025480879361268,0.01025480879361268,False,60,WF_2023_2024
ix_cash_assets__macro_hyg_ret20_z252,0.010041804018227083,0.010041804018227083,False,60,WF_2023_2024
skew_20,0.009612406032006485,-0.009612406032006485,False,60,WF_2023_2024
netinc_assets,0.009257189060594109,0.009257189060594109,False,60,WF_2023_2024
corr_spy_60,0.008114850162442306,0.008114850162442306,False,60,WF_2023_2024
current_ratio,0.008107949615266084,0.008107949615266084,False,60,WF_2023_2024
mom_accel_20_60,0.007496396710435663,-0.007496396710435663,False,60,WF_2023_2024
equity_assets,0.006880243238230923,-0.006880243238230923,False,60,WF_2023_2024
chg_cash_252d,0.006675620700738893,-0.006675620700738893,False,60,WF_2023_2024
ix_rel_mom_spy_20__macro_iwm_ret20_z252,0.006365288070894435,0.006365288070894435,False,60,WF_2023_2024
ix_earnings_yield__macro_tlt_ret60_z252,0.00550381871074852,0.00550381871074852,False,60,WF_2023_2024
corr_qqq_120,0.005169254977787191,-0.005169254977787191,False,60,WF_2023_2024
mom_skip_20_5,0.0050176448493972035,0.0050176448493972035,False,60,WF_2023_2024
dist_low_252,0.0048925465294556,-0.0048925465294556,False,60,WF_2023_2024
mom_1d,0.0037197079915897886,-0.0037197079915897886,False,60,WF_2023_2024
beta_spy_120,0.0023593147415103123,-0.0023593147415103123,False,60,WF_2023_2024
mom_60d,0.002298941437162756,-0.002298941437162756,False,60,WF_2023_2024
mom_60d_x_breadth,0.002298941437162756,-0.002298941437162756,False,60,WF_2023_2024
rel_mom_qqq_60,0.002298941437162756,-0.002298941437162756,False,60,WF_2023_2024
rel_mom_spy_60,0.002298941437162756,-0.002298941437162756,False,60,WF_2023_2024
mom_5d,0.0022197976769950693,-0.0022197976769950693,False,60,WF_2023_2024
rel_mom_qqq_5,0.0022197976769950693,-0.0022197976769950693,False,60,WF_2023_2024
rel_mom_spy_5,0.0022197976769950693,-0.0022197976769950693,False,60,WF_2023_2024
ix_mom_20d__macro_tlt_ret20_z252,0.0020430434861282115,0.0020430434861282115,False,60,WF_2023_2024
chg_assets_252d,0.00193454948884335,-0.00193454948884335,False,60,WF_2023_2024
chg_eps_diluted_252d,0.0015781441707892487,-0.0015781441707892487,False,60,WF_2023_2024
mom_10d,0.0015264415257675388,0.0015264415257675388,False,60,WF_2023_2024
rel_mom_qqq_10,0.0015264415257675388,0.0015264415257675388,False,60,WF_2023_2024
rel_mom_spy_10,0.0015264415257675388,0.0015264415257675388,False,60,WF_2023_2024
beta_tlt_60,0.0013511229514097732,0.0013511229514097732,False,60,WF_2023_2024
trend_sma_60,0.0009585400875332533,-0.0009585400875332533,False,60,WF_2023_2024
macro_uup_ret20_z252,0.0008750179858002376,0.0008750179858002376,False,60,WF_2023_2024
macro_uup_ret60_z252,0.0008266733139048229,0.0008266733139048229,False,60,WF_2023_2024
earnings_yield,0.0008222571928867609,0.0008222571928867609,False,60,WF_2023_2024
macro_qqq_level_z252,0.0007786791886669677,0.0007786791886669677,False,60,WF_2023_2024
trend_sma_20,0.0007458848737757667,-0.0007458848737757667,False,60,WF_2023_2024
macro_idx_vix_vol60_z252,0.0007425164235829367,0.0007425164235829367,False,60,WF_2023_2024
macro_tlt_ret20_z252,0.0007254335125397724,-0.0007254335125397724,False,60,WF_2023_2024
macro_iwm_ret120_z252,0.0007032967522383148,-0.0007032967522383148,False,60,WF_2023_2024
macro_uup_vol60_z252,0.0006589042524289376,-0.0006589042524289376,False,60,WF_2023_2024
macro_uup_vol20_z252,0.0005898184722712375,-0.0005898184722712375,False,60,WF_2023_2024
macro_hyg_ret120_z252,0.0005777370626592481,-0.0005777370626592481,False,60,WF_2023_2024
macro_idx_vix_ret120_z252,0.0005660648440931868,0.0005660648440931868,False,60,WF_2023_2024
macro_spy_level_z252,0.000556293722519704,0.000556293722519704,False,60,WF_2023_2024
macro_hyg_ret20_z252,0.00048123710964922733,-0.00048123710964922733,False,60,WF_2023_2024
macro_spread_hyg_tlt_20_z252,0.0004592661188633954,0.0004592661188633954,False,60,WF_2023_2024
macro_tlt_level_z252,0.0004554695349764068,0.0004554695349764068,False,60,WF_2023_2024
macro_uup_ret120_z252,0.00044941985869219623,0.00044941985869219623,False,60,WF_2023_2024
macro_idx_vix_vol20_z252,0.0004348828539037684,0.0004348828539037684,False,60,WF_2023_2024
macro_spread_iwm_spy_120_z252,0.0004338367016506738,-0.0004338367016506738,False,60,WF_2023_2024
macro_hyg_ret60_z252,0.00042505391207984177,-0.00042505391207984177,False,60,WF_2023_2024
macro_spread_qqq_spy_60_z252,0.00040158601972214005,0.00040158601972214005,False,60,WF_2023_2024
macro_tlt_ret5_z252,0.00037332832604049075,-0.00037332832604049075,False,60,WF_2023_2024
macro_spy_ret120_z252,0.0003639915129462109,-0.0003639915129462109,False,60,WF_2023_2024
mom_20d,0.00036279432173402895,-0.00036279432173402895,False,60,WF_2023_2024
mom_20d_x_breadth,0.00036279432173402895,-0.00036279432173402895,False,60,WF_2023_2024
rel_mom_qqq_20,0.00036279432173402895,-0.00036279432173402895,False,60,WF_2023_2024
rel_mom_spy_20,0.00036279432173402895,-0.00036279432173402895,False,60,WF_2023_2024
macro_uup_ret5_z252,0.00036116605914126323,0.00036116605914126323,False,60,WF_2023_2024
macro_spy_ret20_z252,0.0003447307662620295,-0.0003447307662620295,False,60,WF_2023_2024
macro_idx_vix_ret20_z252,0.0003188258046112801,0.0003188258046112801,False,60,WF_2023_2024
macro_qqq_ret120_z252,0.0002952918984388912,-0.0002952918984388912,False,60,WF_2023_2024
macro_idx_vix_ret60_z252,0.0002787882961356229,0.0002787882961356229,False,60,WF_2023_2024
macro_qqq_ret20_z252,0.00026211003642864083,-0.00026211003642864083,False,60,WF_2023_2024
macro_iwm_ret60_z252,0.00025667297975464384,-0.00025667297975464384,False,60,WF_2023_2024
macro_iwm_ret20_z252,0.0002546824993879043,-0.0002546824993879043,False,60,WF_2023_2024
mom_skip_60_5,0.00025126724113255886,-0.00025126724113255886,False,60,WF_2023_2024
macro_spread_hyg_tlt_120_z252,0.0002459573157136606,-0.0002459573157136606,False,60,WF_2023_2024
macro_hyg_level_z252,0.00023389033435058796,0.00023389033435058796,False,60,WF_2023_2024
macro_iwm_vol60_z252,0.00023328072417157767,-0.00023328072417157767,False,60,WF_2023_2024
macro_idx_vix_level_z252,0.00023262304960204263,0.00023262304960204263,False,60,WF_2023_2024
macro_tlt_vol60_z252,0.00022733789482884978,-0.00022733789482884978,False,60,WF_2023_2024
macro_spy_ret60_z252,0.000212014322611355,-0.000212014322611355,False,60,WF_2023_2024
macro_spy_vol60_z252,0.00020933389213742537,-0.00020933389213742537,False,60,WF_2023_2024
macro_spread_hyg_tlt_60_z252,0.00019673159022483874,-0.00019673159022483874,False,60,WF_2023_2024
macro_iwm_level_z252,0.00018805290276686974,0.00018805290276686974,False,60,WF_2023_2024
macro_hyg_ret5_z252,0.00018106541858860876,-0.00018106541858860876,False,60,WF_2023_2024
macro_hyg_vol60_z252,0.00015381030485675312,-0.00015381030485675312,False,60,WF_2023_2024
macro_spread_iwm_spy_20_z252,0.0001502010805328928,0.0001502010805328928,False,60,WF_2023_2024
macro_tlt_vol20_z252,0.000148200378709539,-0.000148200378709539,False,60,WF_2023_2024
macro_idx_vix_ret5_z252,0.0001418899682450746,0.0001418899682450746,False,60,WF_2023_2024
macro_qqq_vol60_z252,0.00012378728845168196,-0.00012378728845168196,False,60,WF_2023_2024
macro_spread_iwm_spy_60_z252,0.0001144648834403379,-0.0001144648834403379,False,60,WF_2023_2024
macro_spy_vol20_z252,0.00010496877369396378,-0.00010496877369396378,False,60,WF_2023_2024
macro_qqq_vol20_z252,0.00010393328471692409,-0.00010393328471692409,False,60,WF_2023_2024
macro_tlt_ret120_z252,9.591195723696371e-05,-9.591195723696371e-05,False,60,WF_2023_2024
macro_hyg_vol20_z252,9.177602119388184e-05,-9.177602119388184e-05,False,60,WF_2023_2024
macro_spy_ret5_z252,8.088765055965235e-05,-8.088765055965235e-05,False,60,WF_2023_2024
macro_iwm_vol20_z252,5.768425658915498e-05,-5.768425658915498e-05,False,60,WF_2023_2024
macro_iwm_ret5_z252,5.151644467893536e-05,-5.151644467893536e-05,False,60,WF_2023_2024
macro_spread_qqq_spy_120_z252,4.440643670836863e-05,-4.440643670836863e-05,False,60,WF_2023_2024
macro_spread_qqq_spy_20_z252,4.099684052472681e-05,4.099684052472681e-05,False,60,WF_2023_2024
macro_tlt_ret60_z252,3.870145079075459e-05,-3.870145079075459e-05,False,60,WF_2023_2024
macro_qqq_ret5_z252,3.372330185135362e-05,-3.372330185135362e-05,False,60,WF_2023_2024
macro_uup_level_z252,1.5358051873980786e-05,-1.5358051873980786e-05,False,60,WF_2023_2024
macro_qqq_ret60_z252,7.303702027976464e-06,-7.303702027976464e-06,False,60,WF_2023_2024
fund_update_count_60d,0.16076714310873888,0.16076714310873888,True,120,WF_2017_2018
corr_qqq_120,0.1430389389525996,0.1430389389525996,True,120,WF_2017_2018
downside_vol_120,0.14211568879365943,-0.14211568879365943,True,120,WF_2017_2018
corr_spy_120,0.1354273942538065,0.1354273942538065,False,120,WF_2017_2018
downside_vol_60,0.1313556808461777,-0.1313556808461777,True,120,WF_2017_2018
vol_120,0.13095284971256987,-0.13095284971256987,False,120,WF_2017_2018
worst_day_60,0.13041305403725378,0.13041305403725378,False,120,WF_2017_2018
corr_spy_60,0.12637218380816256,0.12637218380816256,True,120,WF_2017_2018
corr_qqq_60,0.1243843977757273,0.1243843977757273,False,120,WF_2017_2018
vol_60,0.12232392563103235,-0.12232392563103235,True,120,WF_2017_2018
dist_high_252,0.11953350301718198,0.11953350301718198,True,120,WF_2017_2018
size_log_market_cap,0.11348624935338095,-0.11348624935338095,True,120,WF_2017_2018
downside_vol_20,0.11322463966609637,-0.11322463966609637,True,120,WF_2017_2018
vol_20,0.11190963896525881,-0.11190963896525881,True,120,WF_2017_2018
worst_day_20,0.1097474218405083,0.1097474218405083,False,120,WF_2017_2018
dist_high_120,0.1042857130303248,0.1042857130303248,True,120,WF_2017_2018
vol_10,0.10239436586048593,-0.10239436586048593,True,120,WF_2017_2018
downside_vol_10,0.09909341181395379,-0.09909341181395379,True,120,WF_2017_2018
best_day_60,0.09633684724549658,-0.09633684724549658,True,120,WF_2017_2018
best_day_20,0.09383770916131036,-0.09383770916131036,True,120,WF_2017_2018
dist_high_60,0.08339597901725307,0.08339597901725307,True,120,WF_2017_2018
fund_update_count_20d,0.08278438182052565,0.08278438182052565,True,120,WF_2017_2018
trend_sma_252,0.07031693290996437,0.07031693290996437,True,120,WF_2017_2018
mom_120d,0.06645624850399788,0.06645624850399788,True,120,WF_2017_2018
mom_120d_x_breadth,0.06645624850399788,0.06645624850399788,False,120,WF_2017_2018
rel_mom_qqq_120,0.06645624850399788,0.06645624850399788,False,120,WF_2017_2018
rel_mom_spy_120,0.06645624850399788,0.06645624850399788,False,120,WF_2017_2018
dist_high_20,0.06536251437404539,0.06536251437404539,True,120,WF_2017_2018
mom_skip_120_20,0.0613129857045479,0.0613129857045479,True,120,WF_2017_2018
cash_yield,0.06094995146913999,0.06094995146913999,True,120,WF_2017_2018
trend_sma_120,0.058492064046840174,0.058492064046840174,True,120,WF_2017_2018
mom_252d,0.0462122135721605,0.0462122135721605,True,120,WF_2017_2018
rel_mom_qqq_252,0.0462122135721605,0.0462122135721605,False,120,WF_2017_2018
rel_mom_spy_252,0.0462122135721605,0.0462122135721605,False,120,WF_2017_2018
cash_assets,0.045847194047217626,0.045847194047217626,True,120,WF_2017_2018
mom_skip_60_5,0.04550507301375557,0.04550507301375557,True,120,WF_2017_2018
mom_60d,0.04478233341776234,0.04478233341776234,True,120,WF_2017_2018
mom_60d_x_breadth,0.04478233341776234,0.04478233341776234,False,120,WF_2017_2018
rel_mom_qqq_60,0.04478233341776234,0.04478233341776234,False,120,WF_2017_2018
rel_mom_spy_60,0.04478233341776234,0.04478233341776234,False,120,WF_2017_2018
mom_skip_252_20,0.0414378783445873,0.0414378783445873,False,120,WF_2017_2018
current_ratio,0.03886824300073618,0.03886824300073618,True,120,WF_2017_2018
age_eps_diluted,0.03679368861439689,-0.03679368861439689,True,120,WF_2017_2018
ix_cash_assets__macro_hyg_ret20_z252,0.03672087719796556,0.03672087719796556,True,120,WF_2017_2018
trend_sma_60,0.03426466384769571,0.03426466384769571,True,120,WF_2017_2018
chg_assets_252d,0.031142737753737472,-0.031142737753737472,True,120,WF_2017_2018
fundamental_freshness_mean_days,0.03087747940334967,-0.03087747940334967,True,120,WF_2017_2018
chg_net_income_252d,0.03004923703009285,-0.03004923703009285,True,120,WF_2017_2018
dist_low_20,0.02948014244260089,-0.02948014244260089,True,120,WF_2017_2018
ix_downside_vol_60__macro_idx_vix_level_z252,0.02821870516234004,-0.02821870516234004,True,120,WF_2017_2018
age_cash,0.027115866406092006,-0.027115866406092006,False,120,WF_2017_2018
mom_skip_20_5,0.025830326206481024,0.025830326206481024,False,120,WF_2017_2018
mom_20d,0.025745255978355287,0.025745255978355287,False,120,WF_2017_2018
mom_20d_x_breadth,0.025745255978355287,0.025745255978355287,False,120,WF_2017_2018
rel_mom_qqq_20,0.025745255978355287,0.025745255978355287,False,120,WF_2017_2018
rel_mom_spy_20,0.025745255978355287,0.025745255978355287,False,120,WF_2017_2018
ix_earnings_yield__macro_tlt_ret60_z252,0.022663945764388082,0.022663945764388082,False,120,WF_2017_2018
beta_qqq_120,0.02203423048274119,0.02203423048274119,False,120,WF_2017_2018
trend_sma_20,0.021890810573815814,0.021890810573815814,False,120,WF_2017_2018
ix_mom_120d__macro_uup_ret60_z252,0.0213734022593522,-0.0213734022593522,False,120,WF_2017_2018
age_assets,0.020528208650736336,-0.020528208650736336,False,120,WF_2017_2018
dist_low_60,0.020031636136219416,-0.020031636136219416,False,120,WF_2017_2018
skew_120,0.018623481836210286,0.018623481836210286,False,120,WF_2017_2018
chg_cash_252d,0.01840946977928229,0.01840946977928229,False,120,WF_2017_2018
equity_assets,0.017786418078444884,0.017786418078444884,False,120,WF_2017_2018
beta_idx_vix_60,0.016448091094842347,0.016448091094842347,False,120,WF_2017_2018
mom_10d,0.016079803051418585,0.016079803051418585,False,120,WF_2017_2018
rel_mom_qqq_10,0.016079803051418585,0.016079803051418585,False,120,WF_2017_2018
rel_mom_spy_10,0.016079803051418585,0.016079803051418585,False,120,WF_2017_2018
beta_hyg_60,0.014514436817244637,-0.014514436817244637,False,120,WF_2017_2018
chg_eps_diluted_252d,0.013937443144298156,0.013937443144298156,False,120,WF_2017_2018
beta_tlt_60,0.013384623053734331,0.013384623053734331,False,120,WF_2017_2018
mom_5d,0.013223637262959205,0.013223637262959205,False,120,WF_2017_2018
rel_mom_qqq_5,0.013223637262959205,0.013223637262959205,False,120,WF_2017_2018
rel_mom_spy_5,0.013223637262959205,0.013223637262959205,False,120,WF_2017_2018
ocf_assets,0.012816374189879451,0.012816374189879451,False,120,WF_2017_2018
ix_size_log_market_cap__macro_spread_iwm_spy_20_z252,0.011323469025769911,-0.011323469025769911,False,120,WF_2017_2018
beta_spy_120,0.01086493981999935,0.01086493981999935,False,120,WF_2017_2018
beta_qqq_60,0.010374109816199495,0.010374109816199495,False,120,WF_2017_2018
beta_spy_60,0.0086619830314287,0.0086619830314287,False,120,WF_2017_2018
ix_mom_20d__macro_tlt_ret20_z252,0.007843510505151176,-0.007843510505151176,False,120,WF_2017_2018
mom_accel_60_120,0.0074804290668360075,0.0074804290668360075,False,120,WF_2017_2018
mom_1d,0.006458098496470456,0.006458098496470456,False,120,WF_2017_2018
netinc_assets,0.0060650384028895854,-0.0060650384028895854,False,120,WF_2017_2018
skew_60,0.006059025016322654,0.006059025016322654,False,120,WF_2017_2018
chg_operating_cash_flow_252d,0.0057854072155201905,-0.0057854072155201905,False,120,WF_2017_2018
macro_hyg_level_z252,0.0030453422437321403,-0.0030453422437321403,False,120,WF_2017_2018
dist_low_120,0.002917773260767455,-0.002917773260767455,False,120,WF_2017_2018
macro_qqq_ret120_z252,0.0028219993720260345,-0.0028219993720260345,False,120,WF_2017_2018
ix_rel_mom_spy_20__macro_iwm_ret20_z252,0.0021254006933304243,-0.0021254006933304243,False,120,WF_2017_2018
ix_rel_mom_qqq_20__macro_qqq_ret20_z252,0.0019324349059389987,0.0019324349059389987,False,120,WF_2017_2018
macro_spy_ret120_z252,0.001752371776604423,-0.001752371776604423,False,120,WF_2017_2018
mom_accel_20_60,0.0016906673172573435,0.0016906673172573435,False,120,WF_2017_2018
macro_iwm_vol20_z252,0.001569593036750435,0.001569593036750435,False,120,WF_2017_2018
macro_qqq_vol20_z252,0.0015648728516238055,0.0015648728516238055,False,120,WF_2017_2018
macro_hyg_ret120_z252,0.0015585044354411944,-0.0015585044354411944,False,120,WF_2017_2018
macro_spread_qqq_spy_60_z252,0.001545572869423165,-0.001545572869423165,False,120,WF_2017_2018
macro_qqq_vol60_z252,0.0015325194269045495,0.0015325194269045495,False,120,WF_2017_2018
macro_spread_iwm_spy_120_z252,0.001517826232504543,-0.001517826232504543,False,120,WF_2017_2018
macro_iwm_ret120_z252,0.001487439176711386,-0.001487439176711386,False,120,WF_2017_2018
macro_spy_vol20_z252,0.0014647984364707907,0.0014647984364707907,False,120,WF_2017_2018
skew_20,0.0014487322145893076,-0.0014487322145893076,False,120,WF_2017_2018
macro_spy_vol60_z252,0.0014299900523095366,0.0014299900523095366,False,120,WF_2017_2018
macro_idx_vix_level_z252,0.0013579122140685575,0.0013579122140685575,False,120,WF_2017_2018
macro_spread_hyg_tlt_120_z252,0.001335242919375556,-0.001335242919375556,False,120,WF_2017_2018
macro_qqq_ret60_z252,0.0012444541626493175,-0.0012444541626493175,False,120,WF_2017_2018
macro_iwm_vol60_z252,0.0012161656771557245,0.0012161656771557245,False,120,WF_2017_2018
macro_spread_qqq_spy_20_z252,0.0011737614388100687,-0.0011737614388100687,False,120,WF_2017_2018
macro_hyg_vol20_z252,0.0011238305324735925,0.0011238305324735925,False,120,WF_2017_2018
macro_spread_qqq_spy_120_z252,0.0010335544496508575,-0.0010335544496508575,False,120,WF_2017_2018
macro_iwm_level_z252,0.0010163597316528946,-0.0010163597316528946,False,120,WF_2017_2018
macro_spy_level_z252,0.0009808810502175704,-0.0009808810502175704,False,120,WF_2017_2018
ix_mom_60d__macro_tlt_ret60_z252,0.0009759967544343976,0.0009759967544343976,False,120,WF_2017_2018
macro_qqq_level_z252,0.0009747080133122274,-0.0009747080133122274,False,120,WF_2017_2018
macro_uup_vol20_z252,0.0009609995066120529,0.0009609995066120529,False,120,WF_2017_2018
macro_hyg_vol60_z252,0.00096041404332445,0.00096041404332445,False,120,WF_2017_2018
macro_uup_level_z252,0.0008858764695899923,0.0008858764695899923,False,120,WF_2017_2018
macro_spread_iwm_spy_60_z252,0.000884384817248943,-0.000884384817248943,False,120,WF_2017_2018
macro_tlt_ret20_z252,0.0007966077228640799,0.0007966077228640799,False,120,WF_2017_2018
macro_uup_ret60_z252,0.0007338619555118186,-0.0007338619555118186,False,120,WF_2017_2018
macro_iwm_ret60_z252,0.000695642071780883,-0.000695642071780883,False,120,WF_2017_2018
earnings_yield,0.0006513103524770997,0.0006513103524770997,False,120,WF_2017_2018
macro_qqq_ret20_z252,0.0006454038811111011,-0.0006454038811111011,False,120,WF_2017_2018
macro_idx_vix_ret120_z252,0.0006400210522359496,0.0006400210522359496,False,120,WF_2017_2018
macro_spread_hyg_tlt_20_z252,0.0006318228794727917,-0.0006318228794727917,False,120,WF_2017_2018
macro_spread_iwm_spy_20_z252,0.0006310723794648744,-0.0006310723794648744,False,120,WF_2017_2018
macro_spy_ret60_z252,0.0006238681342223453,-0.0006238681342223453,False,120,WF_2017_2018
macro_hyg_ret60_z252,0.000609623702460639,-0.000609623702460639,False,120,WF_2017_2018
macro_tlt_vol20_z252,0.0005976344614969778,0.0005976344614969778,False,120,WF_2017_2018
macro_tlt_level_z252,0.0005828402297934372,-0.0005828402297934372,False,120,WF_2017_2018
macro_idx_vix_vol20_z252,0.0005533234464008706,0.0005533234464008706,False,120,WF_2017_2018
macro_uup_ret120_z252,0.0005083815382623888,-0.0005083815382623888,False,120,WF_2017_2018
macro_tlt_ret5_z252,0.00047812524072093015,0.00047812524072093015,False,120,WF_2017_2018
macro_iwm_ret20_z252,0.0004270775230803521,-0.0004270775230803521,False,120,WF_2017_2018
dist_low_252,0.0003949574132918783,0.0003949574132918783,False,120,WF_2017_2018
macro_spread_hyg_tlt_60_z252,0.00038372340060323807,-0.00038372340060323807,False,120,WF_2017_2018
macro_tlt_vol60_z252,0.00036753350117748885,0.00036753350117748885,False,120,WF_2017_2018
beta_iwm_60,0.00035128217928821146,0.00035128217928821146,False,120,WF_2017_2018
macro_idx_vix_ret60_z252,0.0002642081606805848,0.0002642081606805848,False,120,WF_2017_2018
macro_idx_vix_ret5_z252,0.0002446156350277151,-0.0002446156350277151,False,120,WF_2017_2018
macro_uup_vol60_z252,0.00023458393164437597,0.00023458393164437597,False,120,WF_2017_2018
macro_spy_ret20_z252,0.00021953487350269814,-0.00021953487350269814,False,120,WF_2017_2018
macro_hyg_ret20_z252,0.00021259994190815217,-0.00021259994190815217,False,120,WF_2017_2018
beta_uup_60,0.00017677645809470864,-0.00017677645809470864,False,120,WF_2017_2018
macro_tlt_ret120_z252,0.0001462525530679895,-0.0001462525530679895,False,120,WF_2017_2018
macro_uup_ret20_z252,0.00013310176739782175,-0.00013310176739782175,False,120,WF_2017_2018
macro_qqq_ret5_z252,9.89029735493493e-05,-9.89029735493493e-05,False,120,WF_2017_2018
macro_spy_ret5_z252,7.687344718861141e-05,7.687344718861141e-05,False,120,WF_2017_2018
macro_idx_vix_ret20_z252,5.847208440499006e-05,-5.847208440499006e-05,False,120,WF_2017_2018
macro_tlt_ret60_z252,5.311221132174697e-05,-5.311221132174697e-05,False,120,WF_2017_2018
macro_uup_ret5_z252,5.2274433923858475e-05,5.2274433923858475e-05,False,120,WF_2017_2018
macro_iwm_ret5_z252,5.0501229249569526e-05,-5.0501229249569526e-05,False,120,WF_2017_2018
macro_hyg_ret5_z252,2.2325785277131655e-05,2.2325785277131655e-05,False,120,WF_2017_2018
macro_idx_vix_vol60_z252,3.6699856728394864e-06,3.6699856728394864e-06,False,120,WF_2017_2018
corr_qqq_120,0.12795394749827482,0.12795394749827482,True,120,WF_2019_2020
fund_update_count_60d,0.1261250991961032,0.1261250991961032,True,120,WF_2019_2020
size_log_market_cap,0.12521692507316498,-0.12521692507316498,True,120,WF_2019_2020
corr_spy_120,0.11132406786129574,0.11132406786129574,True,120,WF_2019_2020
corr_qqq_60,0.09840526141591638,0.09840526141591638,True,120,WF_2019_2020
dist_high_252,0.095613384749701,0.095613384749701,True,120,WF_2019_2020
downside_vol_120,0.09416807685311322,-0.09416807685311322,True,120,WF_2019_2020
downside_vol_60,0.09284178421042767,-0.09284178421042767,True,120,WF_2019_2020
dist_high_120,0.08977933954878149,0.08977933954878149,True,120,WF_2019_2020
vol_60,0.08921650122906426,-0.08921650122906426,True,120,WF_2019_2020
vol_120,0.08867531584565683,-0.08867531584565683,False,120,WF_2019_2020
downside_vol_20,0.08817492235293523,-0.08817492235293523,True,120,WF_2019_2020
vol_20,0.0865109631870215,-0.0865109631870215,True,120,WF_2019_2020
dist_high_60,0.08628979593770082,0.08628979593770082,True,120,WF_2019_2020
corr_spy_60,0.085397775723816,0.085397775723816,True,120,WF_2019_2020
vol_10,0.0839642581858087,-0.0839642581858087,True,120,WF_2019_2020
downside_vol_10,0.0835228244063204,-0.0835228244063204,True,120,WF_2019_2020
worst_day_20,0.08236818901230054,0.08236818901230054,False,120,WF_2019_2020
worst_day_60,0.08154404402895428,0.08154404402895428,False,120,WF_2019_2020
best_day_20,0.07803943997101413,-0.07803943997101413,True,120,WF_2019_2020
cash_assets,0.07639637799228416,0.07639637799228416,True,120,WF_2019_2020
best_day_60,0.07280114822315743,-0.07280114822315743,True,120,WF_2019_2020
dist_high_20,0.07147585000157652,0.07147585000157652,True,120,WF_2019_2020
trend_sma_252,0.06771895692627761,0.06771895692627761,True,120,WF_2019_2020
mom_120d,0.06540208895917299,0.06540208895917299,True,120,WF_2019_2020
mom_120d_x_breadth,0.06540208895917299,0.06540208895917299,False,120,WF_2019_2020
rel_mom_qqq_120,0.06540208895917299,0.06540208895917299,False,120,WF_2019_2020
rel_mom_spy_120,0.06540208895917299,0.06540208895917299,False,120,WF_2019_2020
fund_update_count_20d,0.06532010513895428,0.06532010513895428,True,120,WF_2019_2020
trend_sma_120,0.06380298102393454,0.06380298102393454,True,120,WF_2019_2020
mom_skip_120_20,0.05956081411150718,0.05956081411150718,True,120,WF_2019_2020
cash_yield,0.05950229392192764,0.05950229392192764,True,120,WF_2019_2020
mom_252d,0.05393658040364089,0.05393658040364089,True,120,WF_2019_2020
rel_mom_qqq_252,0.05393658040364089,0.05393658040364089,False,120,WF_2019_2020
rel_mom_spy_252,0.05393658040364089,0.05393658040364089,False,120,WF_2019_2020
mom_60d,0.052481151266509346,0.052481151266509346,True,120,WF_2019_2020
mom_60d_x_breadth,0.052481151266509346,0.052481151266509346,False,120,WF_2019_2020
rel_mom_qqq_60,0.052481151266509346,0.052481151266509346,False,120,WF_2019_2020
rel_mom_spy_60,0.052481151266509346,0.052481151266509346,False,120,WF_2019_2020
mom_skip_60_5,0.05126927691712366,0.05126927691712366,True,120,WF_2019_2020
trend_sma_60,0.04963159936629288,0.04963159936629288,True,120,WF_2019_2020
mom_skip_252_20,0.049433918668620076,0.049433918668620076,False,120,WF_2019_2020
chg_assets_252d,0.049373332643645525,0.049373332643645525,True,120,WF_2019_2020
fundamental_freshness_mean_days,0.049334263404732306,-0.049334263404732306,True,120,WF_2019_2020
chg_eps_diluted_252d,0.04798978432355969,0.04798978432355969,True,120,WF_2019_2020
current_ratio,0.04215457848356477,0.04215457848356477,True,120,WF_2019_2020
age_cash,0.04074069094663145,-0.04074069094663145,True,120,WF_2019_2020
beta_qqq_120,0.03575718227167834,0.03575718227167834,True,120,WF_2019_2020
mom_20d,0.03539299592084923,0.03539299592084923,False,120,WF_2019_2020
mom_20d_x_breadth,0.03539299592084923,0.03539299592084923,False,120,WF_2019_2020
rel_mom_qqq_20,0.03539299592084923,0.03539299592084923,False,120,WF_2019_2020
rel_mom_spy_20,0.03539299592084923,0.03539299592084923,False,120,WF_2019_2020
trend_sma_20,0.034505767572134964,0.034505767572134964,False,120,WF_2019_2020
mom_skip_20_5,0.03251166664499484,0.03251166664499484,False,120,WF_2019_2020
mom_10d,0.026781373977638103,0.026781373977638103,False,120,WF_2019_2020
rel_mom_qqq_10,0.026781373977638103,0.026781373977638103,False,120,WF_2019_2020
rel_mom_spy_10,0.026781373977638103,0.026781373977638103,False,120,WF_2019_2020
chg_operating_cash_flow_252d,0.02591528969543927,0.02591528969543927,False,120,WF_2019_2020
equity_assets,0.024929555066497015,0.024929555066497015,False,120,WF_2019_2020
ix_mom_120d__macro_uup_ret60_z252,0.024744733137776562,-0.024744733137776562,False,120,WF_2019_2020
ix_earnings_yield__macro_tlt_ret60_z252,0.022065715818160362,0.022065715818160362,False,120,WF_2019_2020
ix_mom_60d__macro_tlt_ret60_z252,0.02183993746892718,0.02183993746892718,False,120,WF_2019_2020
mom_5d,0.021212316234880308,0.021212316234880308,False,120,WF_2019_2020
rel_mom_qqq_5,0.021212316234880308,0.021212316234880308,False,120,WF_2019_2020
rel_mom_spy_5,0.021212316234880308,0.021212316234880308,False,120,WF_2019_2020
beta_tlt_60,0.019956893637405635,0.019956893637405635,False,120,WF_2019_2020
skew_20,0.01991623300749532,-0.01991623300749532,False,120,WF_2019_2020
age_eps_diluted,0.019268612828673027,-0.019268612828673027,False,120,WF_2019_2020
age_assets,0.019113488189461018,-0.019113488189461018,False,120,WF_2019_2020
beta_spy_120,0.017820920981879162,0.017820920981879162,False,120,WF_2019_2020
ix_size_log_market_cap__macro_spread_iwm_spy_20_z252,0.016295816998183044,-0.016295816998183044,False,120,WF_2019_2020
beta_idx_vix_60,0.015736730395108624,0.015736730395108624,False,120,WF_2019_2020
dist_low_252,0.015592949639189118,0.015592949639189118,False,120,WF_2019_2020
ix_rel_mom_spy_20__macro_iwm_ret20_z252,0.015459618657323882,-0.015459618657323882,False,120,WF_2019_2020
chg_net_income_252d,0.015324492397128613,0.015324492397128613,False,120,WF_2019_2020
ocf_assets,0.014715559112595334,0.014715559112595334,False,120,WF_2019_2020
ix_mom_20d__macro_tlt_ret20_z252,0.01355763381863187,0.01355763381863187,False,120,WF_2019_2020
skew_60,0.013446910416585658,-0.013446910416585658,False,120,WF_2019_2020
dist_low_20,0.013366125497158883,-0.013366125497158883,False,120,WF_2019_2020
beta_qqq_60,0.011974852859757641,0.011974852859757641,False,120,WF_2019_2020
earnings_yield,0.01163739580520888,0.01163739580520888,False,120,WF_2019_2020
dist_low_120,0.011369057966431692,0.011369057966431692,False,120,WF_2019_2020
mom_1d,0.011282283514418906,0.011282283514418906,False,120,WF_2019_2020
beta_spy_60,0.009072822085610409,-0.009072822085610409,False,120,WF_2019_2020
ix_rel_mom_qqq_20__macro_qqq_ret20_z252,0.008847937699642724,0.008847937699642724,False,120,WF_2019_2020
beta_hyg_60,0.008781908366115906,-0.008781908366115906,False,120,WF_2019_2020
ix_cash_assets__macro_hyg_ret20_z252,0.008663849186915262,0.008663849186915262,False,120,WF_2019_2020
beta_iwm_60,0.008658130435820378,-0.008658130435820378,False,120,WF_2019_2020
mom_accel_60_120,0.007293209621819965,0.007293209621819965,False,120,WF_2019_2020
ix_downside_vol_60__macro_idx_vix_level_z252,0.006416273734792305,0.006416273734792305,False,120,WF_2019_2020
chg_cash_252d,0.005139166534912216,0.005139166534912216,False,120,WF_2019_2020
macro_spread_iwm_spy_120_z252,0.003879962648091775,0.003879962648091775,False,120,WF_2019_2020
macro_qqq_ret60_z252,0.0035419298570585444,0.0035419298570585444,False,120,WF_2019_2020
macro_iwm_ret60_z252,0.0035376597655599183,0.0035376597655599183,False,120,WF_2019_2020
macro_uup_ret120_z252,0.003507674163026168,0.003507674163026168,False,120,WF_2019_2020
dist_low_60,0.0033182233873237177,-0.0033182233873237177,False,120,WF_2019_2020
macro_iwm_ret120_z252,0.003119311157204978,0.003119311157204978,False,120,WF_2019_2020
macro_hyg_ret60_z252,0.0030836750073349683,0.0030836750073349683,False,120,WF_2019_2020
macro_iwm_level_z252,0.003024367292066401,0.003024367292066401,False,120,WF_2019_2020
macro_spread_qqq_spy_60_z252,0.0029289577791628005,0.0029289577791628005,False,120,WF_2019_2020
macro_spread_qqq_spy_120_z252,0.0029112828552812302,0.0029112828552812302,False,120,WF_2019_2020
macro_qqq_level_z252,0.002696713411183677,0.002696713411183677,False,120,WF_2019_2020
macro_spy_ret60_z252,0.0026584912533356812,0.0026584912533356812,False,120,WF_2019_2020
mom_accel_20_60,0.0025991426339588204,0.0025991426339588204,False,120,WF_2019_2020
macro_idx_vix_ret120_z252,0.0025556718503454484,-0.0025556718503454484,False,120,WF_2019_2020
macro_spy_level_z252,0.002349714797216907,0.002349714797216907,False,120,WF_2019_2020
macro_hyg_ret20_z252,0.0022640246266586385,0.0022640246266586385,False,120,WF_2019_2020
macro_hyg_vol60_z252,0.0022182772323902367,-0.0022182772323902367,False,120,WF_2019_2020
macro_hyg_vol20_z252,0.0022124459283881085,-0.0022124459283881085,False,120,WF_2019_2020
macro_idx_vix_ret60_z252,0.0021305062063341,-0.0021305062063341,False,120,WF_2019_2020
macro_spy_ret20_z252,0.002088551962072689,0.002088551962072689,False,120,WF_2019_2020
macro_tlt_ret60_z252,0.0019269029491704587,0.0019269029491704587,False,120,WF_2019_2020
macro_iwm_vol20_z252,0.0018506130039430684,-0.0018506130039430684,False,120,WF_2019_2020
macro_iwm_vol60_z252,0.0018269393970657324,-0.0018269393970657324,False,120,WF_2019_2020
macro_qqq_vol20_z252,0.0018136597562381737,-0.0018136597562381737,False,120,WF_2019_2020
macro_qqq_vol60_z252,0.0017142104385089374,-0.0017142104385089374,False,120,WF_2019_2020
macro_uup_ret60_z252,0.0017098053219450893,0.0017098053219450893,False,120,WF_2019_2020
macro_hyg_ret5_z252,0.0016752462567557226,0.0016752462567557226,False,120,WF_2019_2020
macro_uup_level_z252,0.0016403944205950055,0.0016403944205950055,False,120,WF_2019_2020
macro_qqq_ret20_z252,0.0016093512944571635,0.0016093512944571635,False,120,WF_2019_2020
macro_tlt_vol20_z252,0.0016077654977815683,-0.0016077654977815683,False,120,WF_2019_2020
macro_spy_vol20_z252,0.0015902761304030805,-0.0015902761304030805,False,120,WF_2019_2020
netinc_assets,0.001522862614724637,-0.001522862614724637,False,120,WF_2019_2020
skew_120,0.0014431418412960697,-0.0014431418412960697,False,120,WF_2019_2020
macro_uup_vol60_z252,0.0013746846914559755,0.0013746846914559755,False,120,WF_2019_2020
macro_spread_hyg_tlt_60_z252,0.0012667151674729165,-0.0012667151674729165,False,120,WF_2019_2020
macro_idx_vix_level_z252,0.0012572279325831642,-0.0012572279325831642,False,120,WF_2019_2020
macro_idx_vix_ret20_z252,0.0012563051335791429,-0.0012563051335791429,False,120,WF_2019_2020
macro_spread_iwm_spy_60_z252,0.0012099144660716152,0.0012099144660716152,False,120,WF_2019_2020
macro_spy_ret5_z252,0.001180294495728406,0.001180294495728406,False,120,WF_2019_2020
macro_spread_hyg_tlt_20_z252,0.0011608520955971012,0.0011608520955971012,False,120,WF_2019_2020
macro_spread_iwm_spy_20_z252,0.0011353197748226308,-0.0011353197748226308,False,120,WF_2019_2020
macro_uup_vol20_z252,0.0010980980366946426,0.0010980980366946426,False,120,WF_2019_2020
macro_hyg_ret120_z252,0.0010800366420248477,0.0010800366420248477,False,120,WF_2019_2020
macro_idx_vix_vol60_z252,0.0009981788923441822,-0.0009981788923441822,False,120,WF_2019_2020
macro_iwm_ret20_z252,0.0009903884329710818,0.0009903884329710818,False,120,WF_2019_2020
macro_spy_vol60_z252,0.0009312778451617421,-0.0009312778451617421,False,120,WF_2019_2020
macro_tlt_ret5_z252,0.0009219034925739519,-0.0009219034925739519,False,120,WF_2019_2020
macro_idx_vix_vol20_z252,0.0008828659826025741,-0.0008828659826025741,False,120,WF_2019_2020
macro_qqq_ret5_z252,0.0008336840883826584,0.0008336840883826584,False,120,WF_2019_2020
macro_qqq_ret120_z252,0.0008327915673847477,0.0008327915673847477,False,120,WF_2019_2020
beta_uup_60,0.0007333048803233896,-0.0007333048803233896,False,120,WF_2019_2020
macro_hyg_level_z252,0.0006039491126256406,0.0006039491126256406,False,120,WF_2019_2020
macro_idx_vix_ret5_z252,0.0005945406707732955,-0.0005945406707732955,False,120,WF_2019_2020
macro_tlt_ret120_z252,0.0005934994855170283,0.0005934994855170283,False,120,WF_2019_2020
macro_spy_ret120_z252,0.0004758826455196626,-0.0004758826455196626,False,120,WF_2019_2020
macro_spread_hyg_tlt_120_z252,0.00038740113226031506,-0.00038740113226031506,False,120,WF_2019_2020
macro_iwm_ret5_z252,0.0003753017078049645,0.0003753017078049645,False,120,WF_2019_2020
macro_tlt_vol60_z252,0.00036594979812657206,0.00036594979812657206,False,120,WF_2019_2020
macro_tlt_ret20_z252,0.00023640357677588144,-0.00023640357677588144,False,120,WF_2019_2020
macro_uup_ret5_z252,0.00020956619377172426,0.00020956619377172426,False,120,WF_2019_2020
macro_uup_ret20_z252,0.00011718114691088919,-0.00011718114691088919,False,120,WF_2019_2020
macro_spread_qqq_spy_20_z252,9.753682395389038e-05,9.753682395389038e-05,False,120,WF_2019_2020
macro_tlt_level_z252,2.5178892703415565e-05,2.5178892703415565e-05,False,120,WF_2019_2020
cash_assets,0.1388821654640532,0.1388821654640532,True,120,WF_2021_2022
fund_update_count_60d,0.0983211344956685,0.0983211344956685,True,120,WF_2021_2022
trend_sma_252,0.09742251234906595,0.09742251234906595,True,120,WF_2021_2022
dist_high_252,0.09720364100081268,0.09720364100081268,True,120,WF_2021_2022
corr_qqq_120,0.09597808137941338,0.09597808137941338,True,120,WF_2021_2022
mom_252d,0.0948310660821673,0.0948310660821673,True,120,WF_2021_2022
rel_mom_qqq_252,0.0948310660821673,0.0948310660821673,False,120,WF_2021_2022
rel_mom_spy_252,0.0948310660821673,0.0948310660821673,False,120,WF_2021_2022
dist_high_120,0.09245287766781375,0.09245287766781375,True,120,WF_2021_2022
chg_assets_252d,0.09193790072345312,0.09193790072345312,True,120,WF_2021_2022
mom_skip_252_20,0.09180407717957437,0.09180407717957437,False,120,WF_2021_2022
dist_high_60,0.08617621719406542,0.08617621719406542,True,120,WF_2021_2022
mom_120d,0.0841172965088824,0.0841172965088824,True,120,WF_2021_2022
mom_120d_x_breadth,0.0841172965088824,0.0841172965088824,False,120,WF_2021_2022
rel_mom_qqq_120,0.0841172965088824,0.0841172965088824,False,120,WF_2021_2022
rel_mom_spy_120,0.0841172965088824,0.0841172965088824,False,120,WF_2021_2022
trend_sma_120,0.0782677022591184,0.0782677022591184,True,120,WF_2021_2022
mom_skip_120_20,0.07796053140287239,0.07796053140287239,True,120,WF_2021_2022
ocf_assets,0.07347732489061504,0.07347732489061504,True,120,WF_2021_2022
vol_60,0.07122213359862202,-0.07122213359862202,True,120,WF_2021_2022
corr_qqq_60,0.06909297730976696,0.06909297730976696,True,120,WF_2021_2022
downside_vol_60,0.06803095720494894,-0.06803095720494894,True,120,WF_2021_2022
beta_tlt_60,0.06763563959257152,0.06763563959257152,True,120,WF_2021_2022
vol_20,0.06760693778024483,-0.06760693778024483,True,120,WF_2021_2022
downside_vol_20,0.06687559326018086,-0.06687559326018086,True,120,WF_2021_2022
downside_vol_120,0.0663886450490326,-0.0663886450490326,True,120,WF_2021_2022
dist_high_20,0.06515833620663436,0.06515833620663436,True,120,WF_2021_2022
equity_assets,0.06499563817640668,0.06499563817640668,True,120,WF_2021_2022
vol_120,0.06426013357840624,-0.06426013357840624,False,120,WF_2021_2022
vol_10,0.0636268174182576,-0.0636268174182576,True,120,WF_2021_2022
downside_vol_10,0.062425853580783085,-0.062425853580783085,True,120,WF_2021_2022
mom_skip_60_5,0.062319768064758245,0.062319768064758245,True,120,WF_2021_2022
earnings_yield,0.061683030939534464,-0.061683030939534464,True,120,WF_2021_2022
mom_60d,0.06120678877602355,0.06120678877602355,True,120,WF_2021_2022
mom_60d_x_breadth,0.06120678877602355,0.06120678877602355,False,120,WF_2021_2022
rel_mom_qqq_60,0.06120678877602355,0.06120678877602355,False,120,WF_2021_2022
rel_mom_spy_60,0.06120678877602355,0.06120678877602355,False,120,WF_2021_2022
corr_spy_120,0.06086722270788838,0.06086722270788838,True,120,WF_2021_2022
best_day_60,0.05913685782046415,-0.05913685782046415,True,120,WF_2021_2022
best_day_20,0.05872367036120421,-0.05872367036120421,True,120,WF_2021_2022
worst_day_20,0.0573751921687229,0.0573751921687229,False,120,WF_2021_2022
trend_sma_60,0.057124561441816525,0.057124561441816525,True,120,WF_2021_2022
ix_mom_60d__macro_tlt_ret60_z252,0.052537799749028814,0.052537799749028814,True,120,WF_2021_2022
fund_update_count_20d,0.05180530828064328,0.05180530828064328,True,120,WF_2021_2022
cash_yield,0.0486691239082991,-0.0486691239082991,True,120,WF_2021_2022
netinc_assets,0.048109693485056886,0.048109693485056886,True,120,WF_2021_2022
size_log_market_cap,0.04779687276713405,-0.04779687276713405,True,120,WF_2021_2022
worst_day_60,0.04731998056895835,0.04731998056895835,False,120,WF_2021_2022
skew_60,0.04443804356531548,-0.04443804356531548,False,120,WF_2021_2022
fundamental_freshness_mean_days,0.044238706686818875,-0.044238706686818875,False,120,WF_2021_2022
beta_iwm_60,0.044046000196782266,-0.044046000196782266,False,120,WF_2021_2022
age_cash,0.04173187270615909,-0.04173187270615909,False,120,WF_2021_2022
dist_low_252,0.0405319099730309,0.0405319099730309,False,120,WF_2021_2022
mom_skip_20_5,0.04019941501011316,0.04019941501011316,False,120,WF_2021_2022
mom_20d,0.03978474298849283,0.03978474298849283,False,120,WF_2021_2022
mom_20d_x_breadth,0.03978474298849283,0.03978474298849283,False,120,WF_2021_2022
rel_mom_qqq_20,0.03978474298849283,0.03978474298849283,False,120,WF_2021_2022
rel_mom_spy_20,0.03978474298849283,0.03978474298849283,False,120,WF_2021_2022
current_ratio,0.03840004878181245,0.03840004878181245,False,120,WF_2021_2022
ix_mom_20d__macro_tlt_ret20_z252,0.03820891183014426,0.03820891183014426,False,120,WF_2021_2022
beta_uup_60,0.037038452325201074,0.037038452325201074,False,120,WF_2021_2022
trend_sma_20,0.03657945107416528,0.03657945107416528,False,120,WF_2021_2022
corr_spy_60,0.036523229285704166,0.036523229285704166,False,120,WF_2021_2022
beta_qqq_120,0.03648624820197462,0.03648624820197462,False,120,WF_2021_2022
beta_hyg_60,0.035571907765404476,-0.035571907765404476,False,120,WF_2021_2022
ix_mom_120d__macro_uup_ret60_z252,0.03484984557363958,-0.03484984557363958,False,120,WF_2021_2022
skew_20,0.034110913633093744,-0.034110913633093744,False,120,WF_2021_2022
ix_size_log_market_cap__macro_spread_iwm_spy_20_z252,0.033896887000371675,0.033896887000371675,False,120,WF_2021_2022
chg_operating_cash_flow_252d,0.03326153397398335,0.03326153397398335,False,120,WF_2021_2022
beta_spy_60,0.03153719305976046,-0.03153719305976046,False,120,WF_2021_2022
mom_10d,0.03018602508181795,0.03018602508181795,False,120,WF_2021_2022
rel_mom_qqq_10,0.03018602508181795,0.03018602508181795,False,120,WF_2021_2022
rel_mom_spy_10,0.03018602508181795,0.03018602508181795,False,120,WF_2021_2022
chg_eps_diluted_252d,0.02835607475667394,0.02835607475667394,False,120,WF_2021_2022
skew_120,0.02616599232364936,-0.02616599232364936,False,120,WF_2021_2022
ix_cash_assets__macro_hyg_ret20_z252,0.02341319381425158,-0.02341319381425158,False,120,WF_2021_2022
chg_net_income_252d,0.02141001277433043,0.02141001277433043,False,120,WF_2021_2022
mom_5d,0.02071694037765582,0.02071694037765582,False,120,WF_2021_2022
rel_mom_qqq_5,0.02071694037765582,0.02071694037765582,False,120,WF_2021_2022
rel_mom_spy_5,0.02071694037765582,0.02071694037765582,False,120,WF_2021_2022
ix_rel_mom_qqq_20__macro_qqq_ret20_z252,0.018409243245355568,0.018409243245355568,False,120,WF_2021_2022
beta_idx_vix_60,0.016804581931776558,0.016804581931776558,False,120,WF_2021_2022
ix_downside_vol_60__macro_idx_vix_level_z252,0.014805631347159799,0.014805631347159799,False,120,WF_2021_2022
age_eps_diluted,0.011222517766768138,0.011222517766768138,False,120,WF_2021_2022
mom_1d,0.01091202005684263,0.01091202005684263,False,120,WF_2021_2022
ix_rel_mom_spy_20__macro_iwm_ret20_z252,0.010497658770323952,-0.010497658770323952,False,120,WF_2021_2022
dist_low_120,0.0070892934912232235,0.0070892934912232235,False,120,WF_2021_2022
beta_spy_120,0.005680685658886618,0.005680685658886618,False,120,WF_2021_2022
macro_uup_level_z252,0.004140214685300106,0.004140214685300106,False,120,WF_2021_2022
beta_qqq_60,0.0035302058131233523,0.0035302058131233523,False,120,WF_2021_2022
age_assets,0.0033005877576373086,0.0033005877576373086,False,120,WF_2021_2022
macro_uup_ret120_z252,0.0028888110244516384,0.0028888110244516384,False,120,WF_2021_2022
mom_accel_20_60,0.0027357002301833006,-0.0027357002301833006,False,120,WF_2021_2022
macro_qqq_ret120_z252,0.0026915709600467404,-0.0026915709600467404,False,120,WF_2021_2022
mom_accel_60_120,0.002395950615486183,0.002395950615486183,False,120,WF_2021_2022
chg_cash_252d,0.002387561495341119,0.002387561495341119,False,120,WF_2021_2022
macro_uup_ret60_z252,0.002228108276278669,0.002228108276278669,False,120,WF_2021_2022
macro_spread_hyg_tlt_120_z252,0.0019280436052546335,-0.0019280436052546335,False,120,WF_2021_2022
macro_iwm_ret120_z252,0.0019073588269684118,-0.0019073588269684118,False,120,WF_2021_2022
macro_spread_iwm_spy_120_z252,0.0017503432445075593,-0.0017503432445075593,False,120,WF_2021_2022
macro_qqq_level_z252,0.0016694499734598138,-0.0016694499734598138,False,120,WF_2021_2022
macro_spread_iwm_spy_60_z252,0.0016664578227362059,-0.0016664578227362059,False,120,WF_2021_2022
macro_spy_ret120_z252,0.0016537769348694362,-0.0016537769348694362,False,120,WF_2021_2022
macro_tlt_ret120_z252,0.0016142921621039525,0.0016142921621039525,False,120,WF_2021_2022
macro_spread_hyg_tlt_60_z252,0.0015324453641565798,-0.0015324453641565798,False,120,WF_2021_2022
macro_tlt_ret60_z252,0.00149495391842407,0.00149495391842407,False,120,WF_2021_2022
macro_tlt_vol60_z252,0.0014771196891600732,0.0014771196891600732,False,120,WF_2021_2022
macro_iwm_ret60_z252,0.0013958536763975392,-0.0013958536763975392,False,120,WF_2021_2022
macro_hyg_ret120_z252,0.0013780146100115507,-0.0013780146100115507,False,120,WF_2021_2022
macro_tlt_vol20_z252,0.0013338793283223978,0.0013338793283223978,False,120,WF_2021_2022
dist_low_20,0.001312460200617568,-0.001312460200617568,False,120,WF_2021_2022
macro_hyg_ret60_z252,0.001253508609460503,-0.001253508609460503,False,120,WF_2021_2022
macro_idx_vix_ret120_z252,0.0012477552173680822,0.0012477552173680822,False,120,WF_2021_2022
dist_low_60,0.0012219152027452876,0.0012219152027452876,False,120,WF_2021_2022
macro_idx_vix_vol20_z252,0.001187149882068265,0.001187149882068265,False,120,WF_2021_2022
macro_spread_qqq_spy_20_z252,0.0011164786223465991,0.0011164786223465991,False,120,WF_2021_2022
macro_idx_vix_vol60_z252,0.001051980642676427,0.001051980642676427,False,120,WF_2021_2022
macro_spy_ret60_z252,0.0010411732107568662,-0.0010411732107568662,False,120,WF_2021_2022
macro_idx_vix_ret60_z252,0.00103563855192666,0.00103563855192666,False,120,WF_2021_2022
ix_earnings_yield__macro_tlt_ret60_z252,0.0009612267327484213,-0.0009612267327484213,False,120,WF_2021_2022
macro_qqq_ret60_z252,0.0009158623655381908,-0.0009158623655381908,False,120,WF_2021_2022
macro_spread_qqq_spy_120_z252,0.0008804297932770611,-0.0008804297932770611,False,120,WF_2021_2022
macro_spread_iwm_spy_20_z252,0.0008396947423195231,-0.0008396947423195231,False,120,WF_2021_2022
macro_hyg_vol20_z252,0.0008283228050394173,0.0008283228050394173,False,120,WF_2021_2022
macro_tlt_ret20_z252,0.000821540118292142,0.000821540118292142,False,120,WF_2021_2022
macro_spread_hyg_tlt_20_z252,0.0007860962667105947,-0.0007860962667105947,False,120,WF_2021_2022
macro_uup_ret20_z252,0.000779664754483786,0.000779664754483786,False,120,WF_2021_2022
macro_qqq_vol60_z252,0.0006953927083906402,0.0006953927083906402,False,120,WF_2021_2022
macro_spy_vol20_z252,0.0006737719980065216,0.0006737719980065216,False,120,WF_2021_2022
macro_hyg_vol60_z252,0.0006729486022615577,0.0006729486022615577,False,120,WF_2021_2022
macro_iwm_vol20_z252,0.0006568547774566826,0.0006568547774566826,False,120,WF_2021_2022
macro_idx_vix_ret20_z252,0.0006501001559392664,0.0006501001559392664,False,120,WF_2021_2022
macro_spy_vol60_z252,0.0006355185924273277,0.0006355185924273277,False,120,WF_2021_2022
macro_iwm_ret20_z252,0.0006342200428396486,-0.0006342200428396486,False,120,WF_2021_2022
macro_spread_qqq_spy_60_z252,0.0005603076063240721,0.0005603076063240721,False,120,WF_2021_2022
macro_uup_vol60_z252,0.0005380727128858014,0.0005380727128858014,False,120,WF_2021_2022
macro_tlt_level_z252,0.0005266333395087874,-0.0005266333395087874,False,120,WF_2021_2022
macro_spy_level_z252,0.0005093690058286315,-0.0005093690058286315,False,120,WF_2021_2022
macro_tlt_ret5_z252,0.0004894282737827848,0.0004894282737827848,False,120,WF_2021_2022
macro_hyg_ret20_z252,0.00047521059877578557,-0.00047521059877578557,False,120,WF_2021_2022
macro_spy_ret20_z252,0.00037945819419657494,-0.00037945819419657494,False,120,WF_2021_2022
macro_iwm_vol60_z252,0.00037409364853737635,0.00037409364853737635,False,120,WF_2021_2022
macro_qqq_vol20_z252,0.00037328867889662966,0.00037328867889662966,False,120,WF_2021_2022
macro_iwm_ret5_z252,0.00035665255186065516,-0.00035665255186065516,False,120,WF_2021_2022
macro_uup_ret5_z252,0.00032151195045176516,0.00032151195045176516,False,120,WF_2021_2022
macro_idx_vix_ret5_z252,0.0002859400998062002,0.0002859400998062002,False,120,WF_2021_2022
macro_hyg_ret5_z252,0.0002848254068273101,-0.0002848254068273101,False,120,WF_2021_2022
macro_uup_vol20_z252,0.0002604215146461351,0.0002604215146461351,False,120,WF_2021_2022
macro_hyg_level_z252,0.00021701006689495522,-0.00021701006689495522,False,120,WF_2021_2022
macro_iwm_level_z252,0.0001423841581446099,-0.0001423841581446099,False,120,WF_2021_2022
macro_spy_ret5_z252,0.00014014826913315192,-0.00014014826913315192,False,120,WF_2021_2022
macro_qqq_ret20_z252,0.00010721750374508043,-0.00010721750374508043,False,120,WF_2021_2022
macro_qqq_ret5_z252,0.00010094030287855845,0.00010094030287855845,False,120,WF_2021_2022
macro_idx_vix_level_z252,7.66197396072496e-05,-7.66197396072496e-05,False,120,WF_2021_2022
fund_update_count_60d,0.11041455576345188,0.11041455576345188,True,120,WF_2023_2024
size_log_market_cap,0.09183840855493952,-0.09183840855493952,True,120,WF_2023_2024
mom_skip_252_20,0.08465993172627828,0.08465993172627828,True,120,WF_2023_2024
mom_252d,0.07815533768764103,0.07815533768764103,False,120,WF_2023_2024
rel_mom_qqq_252,0.07815533768764103,0.07815533768764103,False,120,WF_2023_2024
rel_mom_spy_252,0.07815533768764103,0.07815533768764103,False,120,WF_2023_2024
best_day_60,0.07113970827675262,-0.07113970827675262,True,120,WF_2023_2024
beta_qqq_60,0.07100166663889552,-0.07100166663889552,True,120,WF_2023_2024
trend_sma_252,0.06820421105367928,0.06820421105367928,True,120,WF_2023_2024
vol_60,0.06489667604205264,-0.06489667604205264,True,120,WF_2023_2024
dist_high_252,0.06396129270240455,0.06396129270240455,True,120,WF_2023_2024
vol_20,0.06288311189210725,-0.06288311189210725,True,120,WF_2023_2024
mom_skip_120_20,0.0605522273304528,0.0605522273304528,True,120,WF_2023_2024
best_day_20,0.060215917313103745,-0.060215917313103745,True,120,WF_2023_2024
dist_high_120,0.058001633914487406,0.058001633914487406,True,120,WF_2023_2024
downside_vol_20,0.05705353879541956,-0.05705353879541956,True,120,WF_2023_2024
downside_vol_60,0.056976510559935155,-0.056976510559935155,True,120,WF_2023_2024
vol_10,0.05682685998163169,-0.05682685998163169,True,120,WF_2023_2024
mom_120d,0.0568081823047219,0.0568081823047219,True,120,WF_2023_2024
mom_120d_x_breadth,0.0568081823047219,0.0568081823047219,False,120,WF_2023_2024
rel_mom_qqq_120,0.0568081823047219,0.0568081823047219,False,120,WF_2023_2024
rel_mom_spy_120,0.0568081823047219,0.0568081823047219,False,120,WF_2023_2024
worst_day_20,0.05468710753066776,0.05468710753066776,False,120,WF_2023_2024
vol_120,0.05442996306780123,-0.05442996306780123,False,120,WF_2023_2024
fund_update_count_20d,0.05387558038592304,0.05387558038592304,True,120,WF_2023_2024
downside_vol_10,0.05370748672196378,-0.05370748672196378,True,120,WF_2023_2024
downside_vol_120,0.0517543273030553,-0.0517543273030553,True,120,WF_2023_2024
age_cash,0.05047205705067249,-0.05047205705067249,True,120,WF_2023_2024
worst_day_60,0.049958601754615334,0.049958601754615334,False,120,WF_2023_2024
beta_hyg_60,0.04753428284579205,-0.04753428284579205,True,120,WF_2023_2024
dist_high_60,0.04672081947006296,0.04672081947006296,True,120,WF_2023_2024
corr_spy_120,0.04534923520107842,0.04534923520107842,True,120,WF_2023_2024
ocf_assets,0.04374623367472872,0.04374623367472872,True,120,WF_2023_2024
beta_uup_60,0.04166873654303323,0.04166873654303323,True,120,WF_2023_2024
skew_60,0.0416190609460886,-0.0416190609460886,True,120,WF_2023_2024
cash_assets,0.04100622279947382,0.04100622279947382,True,120,WF_2023_2024
trend_sma_120,0.03995051104181179,0.03995051104181179,True,120,WF_2023_2024
age_assets,0.03917537568444919,-0.03917537568444919,True,120,WF_2023_2024
beta_qqq_120,0.03808723292927834,-0.03808723292927834,True,120,WF_2023_2024
skew_120,0.03688461498206497,-0.03688461498206497,True,120,WF_2023_2024
fundamental_freshness_mean_days,0.035368959246752714,-0.035368959246752714,True,120,WF_2023_2024
cash_yield,0.03305630142856142,0.03305630142856142,True,120,WF_2023_2024
dist_high_20,0.03242830144642879,0.03242830144642879,True,120,WF_2023_2024
dist_low_252,0.03235022237080261,0.03235022237080261,True,120,WF_2023_2024
dist_low_60,0.03188801296463173,-0.03188801296463173,True,120,WF_2023_2024
beta_iwm_60,0.02984840112426764,-0.02984840112426764,False,120,WF_2023_2024
dist_low_120,0.027992398405524272,-0.027992398405524272,False,120,WF_2023_2024
ix_rel_mom_spy_20__macro_iwm_ret20_z252,0.027351909332360716,-0.027351909332360716,False,120,WF_2023_2024
beta_spy_60,0.027293190263523687,-0.027293190263523687,False,120,WF_2023_2024
ix_mom_20d__macro_tlt_ret20_z252,0.026292059098318755,0.026292059098318755,False,120,WF_2023_2024
mom_skip_60_5,0.02612145240591873,0.02612145240591873,False,120,WF_2023_2024
dist_low_20,0.025995504990939108,-0.025995504990939108,False,120,WF_2023_2024
age_eps_diluted,0.025675401961958905,-0.025675401961958905,False,120,WF_2023_2024
ix_earnings_yield__macro_tlt_ret60_z252,0.024497930851950553,-0.024497930851950553,False,120,WF_2023_2024
corr_spy_60,0.02397674456902942,0.02397674456902942,False,120,WF_2023_2024
mom_60d,0.023255745590766052,0.023255745590766052,False,120,WF_2023_2024
mom_60d_x_breadth,0.023255745590766052,0.023255745590766052,False,120,WF_2023_2024
rel_mom_qqq_60,0.023255745590766052,0.023255745590766052,False,120,WF_2023_2024
rel_mom_spy_60,0.023255745590766052,0.023255745590766052,False,120,WF_2023_2024
beta_idx_vix_60,0.022952776428414947,0.022952776428414947,False,120,WF_2023_2024
mom_accel_60_120,0.01993552568247348,-0.01993552568247348,False,120,WF_2023_2024
current_ratio,0.018122848414823877,0.018122848414823877,False,120,WF_2023_2024
skew_20,0.01765191903623813,-0.01765191903623813,False,120,WF_2023_2024
corr_qqq_60,0.017533920799116167,-0.017533920799116167,False,120,WF_2023_2024
ix_size_log_market_cap__macro_spread_iwm_spy_20_z252,0.016718337502983117,0.016718337502983117,False,120,WF_2023_2024
ix_mom_60d__macro_tlt_ret60_z252,0.014774060577590778,0.014774060577590778,False,120,WF_2023_2024
mom_accel_20_60,0.013673939047350276,-0.013673939047350276,False,120,WF_2023_2024
ix_cash_assets__macro_hyg_ret20_z252,0.012483557327072075,0.012483557327072075,False,120,WF_2023_2024
trend_sma_60,0.012196926617540325,0.012196926617540325,False,120,WF_2023_2024
netinc_assets,0.011148470636130886,0.011148470636130886,False,120,WF_2023_2024
chg_operating_cash_flow_252d,0.010969525367602985,0.010969525367602985,False,120,WF_2023_2024
mom_skip_20_5,0.010942873207613881,0.010942873207613881,False,120,WF_2023_2024
corr_qqq_120,0.010586688594170855,-0.010586688594170855,False,120,WF_2023_2024
ix_rel_mom_qqq_20__macro_qqq_ret20_z252,0.010318743403277262,-0.010318743403277262,False,120,WF_2023_2024
chg_eps_diluted_252d,0.010311855633711429,0.010311855633711429,False,120,WF_2023_2024
ix_downside_vol_60__macro_idx_vix_level_z252,0.009184094605643194,-0.009184094605643194,False,120,WF_2023_2024
chg_cash_252d,0.0081258655699198,-0.0081258655699198,False,120,WF_2023_2024
earnings_yield,0.007653104153425617,-0.007653104153425617,False,120,WF_2023_2024
mom_10d,0.00652690693934355,0.00652690693934355,False,120,WF_2023_2024
rel_mom_qqq_10,0.00652690693934355,0.00652690693934355,False,120,WF_2023_2024
rel_mom_spy_10,0.00652690693934355,0.00652690693934355,False,120,WF_2023_2024
mom_20d,0.0063550904303155235,0.0063550904303155235,False,120,WF_2023_2024
mom_20d_x_breadth,0.0063550904303155235,0.0063550904303155235,False,120,WF_2023_2024
rel_mom_qqq_20,0.0063550904303155235,0.0063550904303155235,False,120,WF_2023_2024
rel_mom_spy_20,0.0063550904303155235,0.0063550904303155235,False,120,WF_2023_2024
beta_tlt_60,0.005608877212945099,0.005608877212945099,False,120,WF_2023_2024
trend_sma_20,0.005448101922890683,0.005448101922890683,False,120,WF_2023_2024
mom_5d,0.005149534061235595,0.005149534061235595,False,120,WF_2023_2024
rel_mom_qqq_5,0.005149534061235595,0.005149534061235595,False,120,WF_2023_2024
rel_mom_spy_5,0.005149534061235595,0.005149534061235595,False,120,WF_2023_2024
equity_assets,0.004832618826385646,0.004832618826385646,False,120,WF_2023_2024
chg_net_income_252d,0.0045009796383020245,-0.0045009796383020245,False,120,WF_2023_2024
beta_spy_120,0.004356395168083427,0.004356395168083427,False,120,WF_2023_2024
macro_idx_vix_vol60_z252,0.0021212744356030695,0.0021212744356030695,False,120,WF_2023_2024
macro_qqq_level_z252,0.0021134487678099393,0.0021134487678099393,False,120,WF_2023_2024
macro_spy_level_z252,0.0017754974332954048,0.0017754974332954048,False,120,WF_2023_2024
macro_uup_vol60_z252,0.0014857659994843948,-0.0014857659994843948,False,120,WF_2023_2024
macro_spread_iwm_spy_120_z252,0.0014393786710032422,-0.0014393786710032422,False,120,WF_2023_2024
macro_tlt_level_z252,0.0012085799399619798,0.0012085799399619798,False,120,WF_2023_2024
macro_idx_vix_ret60_z252,0.0011217966554668108,0.0011217966554668108,False,120,WF_2023_2024
macro_hyg_ret60_z252,0.0011070290689174295,-0.0011070290689174295,False,120,WF_2023_2024
macro_iwm_ret60_z252,0.0010854025028598762,-0.0010854025028598762,False,120,WF_2023_2024
macro_idx_vix_vol20_z252,0.0010665537336888191,0.0010665537336888191,False,120,WF_2023_2024
macro_idx_vix_ret120_z252,0.0010482380203141902,0.0010482380203141902,False,120,WF_2023_2024
macro_uup_vol20_z252,0.0010330152942866792,-0.0010330152942866792,False,120,WF_2023_2024
chg_assets_252d,0.0009970167033137437,0.0009970167033137437,False,120,WF_2023_2024
macro_hyg_ret20_z252,0.0009881065422709685,-0.0009881065422709685,False,120,WF_2023_2024
macro_spread_hyg_tlt_120_z252,0.0009179040887127012,-0.0009179040887127012,False,120,WF_2023_2024
macro_spread_iwm_spy_60_z252,0.0008888842755649487,-0.0008888842755649487,False,120,WF_2023_2024
macro_tlt_ret20_z252,0.0008829564933911466,-0.0008829564933911466,False,120,WF_2023_2024
macro_hyg_level_z252,0.0008237890570743895,0.0008237890570743895,False,120,WF_2023_2024
macro_uup_level_z252,0.0007793333947248089,-0.0007793333947248089,False,120,WF_2023_2024
macro_hyg_vol60_z252,0.0007343434715024461,-0.0007343434715024461,False,120,WF_2023_2024
macro_iwm_level_z252,0.0007230414438572463,0.0007230414438572463,False,120,WF_2023_2024
macro_uup_ret120_z252,0.0007054392921136487,-0.0007054392921136487,False,120,WF_2023_2024
macro_iwm_ret20_z252,0.0006329108450094803,-0.0006329108450094803,False,120,WF_2023_2024
macro_iwm_ret120_z252,0.0006308348839431553,-0.0006308348839431553,False,120,WF_2023_2024
macro_spy_ret60_z252,0.0006219680548206205,-0.0006219680548206205,False,120,WF_2023_2024
macro_spy_vol60_z252,0.0005695872624000271,-0.0005695872624000271,False,120,WF_2023_2024
macro_qqq_ret60_z252,0.0005462628774721562,-0.0005462628774721562,False,120,WF_2023_2024
macro_iwm_vol60_z252,0.0005298057412166865,-0.0005298057412166865,False,120,WF_2023_2024
macro_spy_ret20_z252,0.0005296121022632705,-0.0005296121022632705,False,120,WF_2023_2024
macro_qqq_ret20_z252,0.0005252607370262719,-0.0005252607370262719,False,120,WF_2023_2024
macro_qqq_vol60_z252,0.0004988231194774387,-0.0004988231194774387,False,120,WF_2023_2024
macro_tlt_ret120_z252,0.00045226861867849843,0.00045226861867849843,False,120,WF_2023_2024
macro_tlt_vol60_z252,0.00044703275253922233,-0.00044703275253922233,False,120,WF_2023_2024
macro_tlt_ret60_z252,0.0004415569776796558,-0.0004415569776796558,False,120,WF_2023_2024
macro_idx_vix_ret20_z252,0.0004002412396875623,0.0004002412396875623,False,120,WF_2023_2024
macro_uup_ret60_z252,0.0003999641202307967,0.0003999641202307967,False,120,WF_2023_2024
macro_spread_qqq_spy_20_z252,0.0003985148490402247,-0.0003985148490402247,False,120,WF_2023_2024
macro_iwm_vol20_z252,0.0003608693678755312,0.0003608693678755312,False,120,WF_2023_2024
macro_spread_hyg_tlt_20_z252,0.000338267852038957,0.000338267852038957,False,120,WF_2023_2024
macro_hyg_ret120_z252,0.00030962583978195513,-0.00030962583978195513,False,120,WF_2023_2024
macro_hyg_ret5_z252,0.0003059473426407792,-0.0003059473426407792,False,120,WF_2023_2024
macro_uup_ret20_z252,0.0002964592531822041,0.0002964592531822041,False,120,WF_2023_2024
mom_1d,0.0002932812176971113,-0.0002932812176971113,False,120,WF_2023_2024
macro_hyg_vol20_z252,0.0002924868809007294,-0.0002924868809007294,False,120,WF_2023_2024
macro_spread_qqq_spy_60_z252,0.0002825537429922767,-0.0002825537429922767,False,120,WF_2023_2024
macro_uup_ret5_z252,0.00024547193996639246,0.00024547193996639246,False,120,WF_2023_2024
macro_spread_iwm_spy_20_z252,0.00020076816554194483,-0.00020076816554194483,False,120,WF_2023_2024
ix_mom_120d__macro_uup_ret60_z252,0.00016515348239787175,-0.00016515348239787175,False,120,WF_2023_2024
macro_tlt_ret5_z252,0.0001446588339704231,-0.0001446588339704231,False,120,WF_2023_2024
macro_iwm_ret5_z252,0.0001434160085417906,-0.0001434160085417906,False,120,WF_2023_2024
macro_idx_vix_level_z252,0.00012279686028249503,0.00012279686028249503,False,120,WF_2023_2024
macro_spread_qqq_spy_120_z252,0.00011687127421974087,0.00011687127421974087,False,120,WF_2023_2024
macro_idx_vix_ret5_z252,0.00010043366855296777,0.00010043366855296777,False,120,WF_2023_2024
macro_spy_ret5_z252,6.827330795105821e-05,-6.827330795105821e-05,False,120,WF_2023_2024
macro_qqq_ret5_z252,4.49013735087893e-05,-4.49013735087893e-05,False,120,WF_2023_2024
macro_qqq_ret120_z252,4.04989109057179e-05,4.04989109057179e-05,False,120,WF_2023_2024
macro_qqq_vol20_z252,3.826581850429206e-05,3.826581850429206e-05,False,120,WF_2023_2024
macro_spy_ret120_z252,2.9032101310540465e-05,2.9032101310540465e-05,False,120,WF_2023_2024
macro_spread_hyg_tlt_60_z252,2.2497603048500156e-05,-2.2497603048500156e-05,False,120,WF_2023_2024
macro_tlt_vol20_z252,1.4605645464470458e-05,1.4605645464470458e-05,False,120,WF_2023_2024
macro_spy_vol20_z252,1.1118559576677129e-05,1.1118559576677129e-05,False,120,WF_2023_2024
downside_vol_120,0.2318520139757369,-0.2318520139757369,True,252,WF_2017_2018
fund_update_count_60d,0.22425390049175137,0.22425390049175137,True,252,WF_2017_2018
downside_vol_60,0.21996971947399924,-0.21996971947399924,True,252,WF_2017_2018
vol_120,0.21891736938091713,-0.21891736938091713,False,252,WF_2017_2018
worst_day_60,0.21603485387863228,0.21603485387863228,False,252,WF_2017_2018
vol_60,0.21063681662178513,-0.21063681662178513,True,252,WF_2017_2018
vol_20,0.1934498443138781,-0.1934498443138781,True,252,WF_2017_2018
downside_vol_20,0.1921182272539779,-0.1921182272539779,True,252,WF_2017_2018
worst_day_20,0.189149780756414,0.189149780756414,False,252,WF_2017_2018
corr_qqq_120,0.17998910486136735,0.17998910486136735,True,252,WF_2017_2018
corr_qqq_60,0.17609649413145068,0.17609649413145068,True,252,WF_2017_2018
vol_10,0.17560089486187958,-0.17560089486187958,True,252,WF_2017_2018
corr_spy_120,0.16974856187403656,0.16974856187403656,False,252,WF_2017_2018
corr_spy_60,0.16852166565252985,0.16852166565252985,False,252,WF_2017_2018
downside_vol_10,0.16700060801442512,-0.16700060801442512,True,252,WF_2017_2018
best_day_60,0.16144189274472098,-0.16144189274472098,True,252,WF_2017_2018
best_day_20,0.15911977756657608,-0.15911977756657608,True,252,WF_2017_2018
dist_high_252,0.1332253727003153,0.1332253727003153,True,252,WF_2017_2018
dist_high_120,0.1258003977966798,0.1258003977966798,True,252,WF_2017_2018
size_log_market_cap,0.12486406994060682,-0.12486406994060682,True,252,WF_2017_2018
fund_update_count_20d,0.11851905629994317,0.11851905629994317,True,252,WF_2017_2018
dist_high_60,0.11271600429526085,0.11271600429526085,True,252,WF_2017_2018
chg_assets_252d,0.10811266303515467,-0.10811266303515467,True,252,WF_2017_2018
dist_high_20,0.09052223536469356,0.09052223536469356,True,252,WF_2017_2018
ix_downside_vol_60__macro_idx_vix_level_z252,0.07725234741336082,-0.07725234741336082,True,252,WF_2017_2018
chg_net_income_252d,0.07310398377200857,-0.07310398377200857,True,252,WF_2017_2018
dist_low_20,0.07271510978128078,-0.07271510978128078,True,252,WF_2017_2018
dist_low_60,0.06988761952217343,-0.06988761952217343,True,252,WF_2017_2018
cash_yield,0.06352193539804482,0.06352193539804482,True,252,WF_2017_2018
beta_iwm_60,0.05930933102119966,-0.05930933102119966,True,252,WF_2017_2018
cash_assets,0.05776426650876671,0.05776426650876671,True,252,WF_2017_2018
dist_low_120,0.05491763891269423,-0.05491763891269423,True,252,WF_2017_2018
ix_mom_60d__macro_tlt_ret60_z252,0.05075592790853014,0.05075592790853014,True,252,WF_2017_2018
age_eps_diluted,0.05041555658671546,-0.05041555658671546,True,252,WF_2017_2018
current_ratio,0.04933414809346318,0.04933414809346318,True,252,WF_2017_2018
netinc_assets,0.047860894055525155,0.047860894055525155,True,252,WF_2017_2018
ix_mom_120d__macro_uup_ret60_z252,0.04721296000120615,0.04721296000120615,True,252,WF_2017_2018
ix_size_log_market_cap__macro_spread_iwm_spy_20_z252,0.04557944842651807,0.04557944842651807,True,252,WF_2017_2018
beta_hyg_60,0.04422795514030542,-0.04422795514030542,True,252,WF_2017_2018
dist_low_252,0.04275411878408612,-0.04275411878408612,True,252,WF_2017_2018
ix_cash_assets__macro_hyg_ret20_z252,0.038775776061509275,0.038775776061509275,True,252,WF_2017_2018
chg_operating_cash_flow_252d,0.03874110344282631,-0.03874110344282631,False,252,WF_2017_2018
beta_idx_vix_60,0.03781217058806837,0.03781217058806837,False,252,WF_2017_2018
mom_252d,0.03712869963033998,0.03712869963033998,False,252,WF_2017_2018
rel_mom_qqq_252,0.03712869963033998,0.03712869963033998,False,252,WF_2017_2018
rel_mom_spy_252,0.03712869963033998,0.03712869963033998,False,252,WF_2017_2018
age_cash,0.03694888849308484,-0.03694888849308484,False,252,WF_2017_2018
mom_skip_252_20,0.03689069020566417,0.03689069020566417,False,252,WF_2017_2018
equity_assets,0.0364963019740523,0.0364963019740523,False,252,WF_2017_2018
trend_sma_252,0.034413415403133675,0.034413415403133675,False,252,WF_2017_2018
mom_120d,0.032873196434568416,0.032873196434568416,False,252,WF_2017_2018
mom_120d_x_breadth,0.032873196434568416,0.032873196434568416,False,252,WF_2017_2018
rel_mom_qqq_120,0.032873196434568416,0.032873196434568416,False,252,WF_2017_2018
rel_mom_spy_120,0.032873196434568416,0.032873196434568416,False,252,WF_2017_2018
mom_skip_120_20,0.03159892360598718,0.03159892360598718,False,252,WF_2017_2018
fundamental_freshness_mean_days,0.025872807782299313,-0.025872807782299313,False,252,WF_2017_2018
mom_skip_60_5,0.025838691927951303,0.025838691927951303,False,252,WF_2017_2018
trend_sma_120,0.024892799403833266,0.024892799403833266,False,252,WF_2017_2018
beta_tlt_60,0.022520917677985187,0.022520917677985187,False,252,WF_2017_2018
mom_60d,0.022415122076849644,0.022415122076849644,False,252,WF_2017_2018
mom_60d_x_breadth,0.022415122076849644,0.022415122076849644,False,252,WF_2017_2018
rel_mom_qqq_60,0.022415122076849644,0.022415122076849644,False,252,WF_2017_2018
rel_mom_spy_60,0.022415122076849644,0.022415122076849644,False,252,WF_2017_2018
trend_sma_60,0.022184990167380913,0.022184990167380913,False,252,WF_2017_2018
macro_uup_level_z252,0.01964909165659571,0.01964909165659571,False,252,WF_2017_2018
earnings_yield,0.019447665999209073,-0.019447665999209073,False,252,WF_2017_2018
ocf_assets,0.019392280946116454,0.019392280946116454,False,252,WF_2017_2018
age_assets,0.01853946023765908,-0.01853946023765908,False,252,WF_2017_2018
skew_60,0.017578567573728034,0.017578567573728034,False,252,WF_2017_2018
macro_spread_qqq_spy_120_z252,0.015879648936278395,0.015879648936278395,False,252,WF_2017_2018
skew_20,0.015572639726215221,0.015572639726215221,False,252,WF_2017_2018
mom_20d,0.015226962107182801,0.015226962107182801,False,252,WF_2017_2018
mom_20d_x_breadth,0.015226962107182801,0.015226962107182801,False,252,WF_2017_2018
rel_mom_qqq_20,0.015226962107182801,0.015226962107182801,False,252,WF_2017_2018
rel_mom_spy_20,0.015226962107182801,0.015226962107182801,False,252,WF_2017_2018
beta_spy_120,0.014532078927933753,-0.014532078927933753,False,252,WF_2017_2018
macro_uup_vol60_z252,0.013024976270741779,0.013024976270741779,False,252,WF_2017_2018
ix_mom_20d__macro_tlt_ret20_z252,0.012847741148674393,0.012847741148674393,False,252,WF_2017_2018
skew_120,0.012819891487194967,0.012819891487194967,False,252,WF_2017_2018
trend_sma_20,0.012539088067637046,0.012539088067637046,False,252,WF_2017_2018
macro_qqq_level_z252,0.012430823016614708,0.012430823016614708,False,252,WF_2017_2018
macro_hyg_level_z252,0.01236602513763163,-0.01236602513763163,False,252,WF_2017_2018
ix_rel_mom_spy_20__macro_iwm_ret20_z252,0.012110877357819533,-0.012110877357819533,False,252,WF_2017_2018
mom_skip_20_5,0.011458907382007161,0.011458907382007161,False,252,WF_2017_2018
macro_spy_ret120_z252,0.011254347021157664,-0.011254347021157664,False,252,WF_2017_2018
macro_spread_qqq_spy_60_z252,0.011236113252036772,0.011236113252036772,False,252,WF_2017_2018
macro_tlt_vol60_z252,0.010559597271827504,0.010559597271827504,False,252,WF_2017_2018
macro_hyg_ret120_z252,0.010056681243335334,-0.010056681243335334,False,252,WF_2017_2018
chg_cash_252d,0.009267832798656504,0.009267832798656504,False,252,WF_2017_2018
mom_10d,0.00921755677070044,0.00921755677070044,False,252,WF_2017_2018
rel_mom_qqq_10,0.00921755677070044,0.00921755677070044,False,252,WF_2017_2018
rel_mom_spy_10,0.00921755677070044,0.00921755677070044,False,252,WF_2017_2018
macro_uup_vol20_z252,0.008689752985529133,0.008689752985529133,False,252,WF_2017_2018
macro_hyg_ret60_z252,0.008458179230972617,-0.008458179230972617,False,252,WF_2017_2018
chg_eps_diluted_252d,0.00826837260404997,-0.00826837260404997,False,252,WF_2017_2018
macro_tlt_level_z252,0.008200561519779971,-0.008200561519779971,False,252,WF_2017_2018
beta_spy_60,0.007896723480263853,-0.007896723480263853,False,252,WF_2017_2018
mom_5d,0.007886174518607273,0.007886174518607273,False,252,WF_2017_2018
rel_mom_qqq_5,0.007886174518607273,0.007886174518607273,False,252,WF_2017_2018
rel_mom_spy_5,0.007886174518607273,0.007886174518607273,False,252,WF_2017_2018
macro_tlt_vol20_z252,0.007613102091635207,0.007613102091635207,False,252,WF_2017_2018
beta_uup_60,0.007606109590936996,-0.007606109590936996,False,252,WF_2017_2018
macro_tlt_ret120_z252,0.007301410247270434,-0.007301410247270434,False,252,WF_2017_2018
mom_accel_60_120,0.006792306539847081,-0.006792306539847081,False,252,WF_2017_2018
macro_hyg_ret20_z252,0.006611393142616971,-0.006611393142616971,False,252,WF_2017_2018
macro_spy_vol60_z252,0.006558768947489953,0.006558768947489953,False,252,WF_2017_2018
ix_rel_mom_qqq_20__macro_qqq_ret20_z252,0.006463076264729217,0.006463076264729217,False,252,WF_2017_2018
macro_iwm_ret20_z252,0.005967505329012339,-0.005967505329012339,False,252,WF_2017_2018
macro_qqq_ret120_z252,0.005934406718599556,-0.005934406718599556,False,252,WF_2017_2018
macro_tlt_ret60_z252,0.0059274527150051165,-0.0059274527150051165,False,252,WF_2017_2018
macro_iwm_level_z252,0.005853016826325205,0.005853016826325205,False,252,WF_2017_2018
macro_idx_vix_vol60_z252,0.005658992307971929,0.005658992307971929,False,252,WF_2017_2018
macro_spy_vol20_z252,0.0056343110635217455,0.0056343110635217455,False,252,WF_2017_2018
macro_qqq_vol60_z252,0.005440308415228108,0.005440308415228108,False,252,WF_2017_2018
macro_qqq_vol20_z252,0.005186195709863414,0.005186195709863414,False,252,WF_2017_2018
macro_idx_vix_vol20_z252,0.005167758424911483,0.005167758424911483,False,252,WF_2017_2018
ix_earnings_yield__macro_tlt_ret60_z252,0.005057746321941213,0.005057746321941213,False,252,WF_2017_2018
macro_spy_ret60_z252,0.004600233091470018,-0.004600233091470018,False,252,WF_2017_2018
macro_idx_vix_ret120_z252,0.00448405476808538,0.00448405476808538,False,252,WF_2017_2018
macro_idx_vix_level_z252,0.004352783441910547,0.004352783441910547,False,252,WF_2017_2018
macro_spy_ret20_z252,0.0042543769353479985,-0.0042543769353479985,False,252,WF_2017_2018
macro_hyg_ret5_z252,0.00410006859381831,-0.00410006859381831,False,252,WF_2017_2018
beta_qqq_60,0.004076329544468176,0.004076329544468176,False,252,WF_2017_2018
macro_hyg_vol60_z252,0.003986398880317592,-0.003986398880317592,False,252,WF_2017_2018
macro_spread_iwm_spy_20_z252,0.0037236697150171494,-0.0037236697150171494,False,252,WF_2017_2018
mom_1d,0.0036746548343074732,0.0036746548343074732,False,252,WF_2017_2018
macro_spread_qqq_spy_20_z252,0.0033220213039561494,0.0033220213039561494,False,252,WF_2017_2018
macro_spy_level_z252,0.00331182843009523,0.00331182843009523,False,252,WF_2017_2018
macro_tlt_ret20_z252,0.0029387053122164864,-0.0029387053122164864,False,252,WF_2017_2018
macro_iwm_ret60_z252,0.0028877449517320714,-0.0028877449517320714,False,252,WF_2017_2018
macro_spread_hyg_tlt_120_z252,0.002840719112889928,0.002840719112889928,False,252,WF_2017_2018
macro_iwm_ret5_z252,0.0027433273198353082,-0.0027433273198353082,False,252,WF_2017_2018
macro_uup_ret120_z252,0.0026957602466776845,0.0026957602466776845,False,252,WF_2017_2018
macro_spread_iwm_spy_120_z252,0.002559531905353045,0.002559531905353045,False,252,WF_2017_2018
macro_qqq_ret20_z252,0.0023437390552654798,-0.0023437390552654798,False,252,WF_2017_2018
macro_spread_iwm_spy_60_z252,0.002326278911504417,-0.002326278911504417,False,252,WF_2017_2018
beta_qqq_120,0.002308209210673981,0.002308209210673981,False,252,WF_2017_2018
macro_spread_hyg_tlt_60_z252,0.002084117566910676,0.002084117566910676,False,252,WF_2017_2018
macro_spy_ret5_z252,0.002047884280088071,-0.002047884280088071,False,252,WF_2017_2018
macro_iwm_ret120_z252,0.0019480068605543916,-0.0019480068605543916,False,252,WF_2017_2018
macro_hyg_vol20_z252,0.0017984816474636593,-0.0017984816474636593,False,252,WF_2017_2018
macro_idx_vix_ret60_z252,0.0017912146973581566,0.0017912146973581566,False,252,WF_2017_2018
macro_qqq_ret60_z252,0.001771082723390181,-0.001771082723390181,False,252,WF_2017_2018
macro_idx_vix_ret20_z252,0.0017622298697415406,0.0017622298697415406,False,252,WF_2017_2018
macro_uup_ret60_z252,0.0017222541446798591,0.0017222541446798591,False,252,WF_2017_2018
macro_iwm_vol60_z252,0.0014210547434177763,-0.0014210547434177763,False,252,WF_2017_2018
macro_tlt_ret5_z252,0.0013509485665836923,-0.0013509485665836923,False,252,WF_2017_2018
macro_qqq_ret5_z252,0.0012141649551391236,-0.0012141649551391236,False,252,WF_2017_2018
mom_accel_20_60,0.0011835621849025327,-0.0011835621849025327,False,252,WF_2017_2018
macro_uup_ret20_z252,0.0007094534650747578,0.0007094534650747578,False,252,WF_2017_2018
macro_idx_vix_ret5_z252,0.0006888035905312695,0.0006888035905312695,False,252,WF_2017_2018
macro_uup_ret5_z252,0.0002553937272993556,0.0002553937272993556,False,252,WF_2017_2018
macro_iwm_vol20_z252,0.0001725265838654933,0.0001725265838654933,False,252,WF_2017_2018
macro_spread_hyg_tlt_20_z252,2.5723753499471813e-05,-2.5723753499471813e-05,False,252,WF_2017_2018
size_log_market_cap,0.19021955154339815,-0.19021955154339815,True,252,WF_2019_2020
fund_update_count_60d,0.15204100684075486,0.15204100684075486,True,252,WF_2019_2020
corr_qqq_120,0.14881166329566733,0.14881166329566733,True,252,WF_2019_2020
corr_spy_120,0.1303654057452642,0.1303654057452642,True,252,WF_2019_2020
cash_yield,0.13014608555709067,0.13014608555709067,True,252,WF_2019_2020
cash_assets,0.1253577228066664,0.1253577228066664,True,252,WF_2019_2020
corr_qqq_60,0.11764027696984113,0.11764027696984113,True,252,WF_2019_2020
corr_spy_60,0.1037905458557168,0.1037905458557168,True,252,WF_2019_2020
downside_vol_60,0.10052554794309315,-0.10052554794309315,True,252,WF_2019_2020
downside_vol_120,0.0990123431639552,-0.0990123431639552,True,252,WF_2019_2020
current_ratio,0.09851581314443719,0.09851581314443719,True,252,WF_2019_2020
worst_day_60,0.09453209887154536,0.09453209887154536,False,252,WF_2019_2020
vol_60,0.09281714585265077,-0.09281714585265077,True,252,WF_2019_2020
dist_high_252,0.09278951834951019,0.09278951834951019,True,252,WF_2019_2020
vol_120,0.09242795478238748,-0.09242795478238748,False,252,WF_2019_2020
downside_vol_20,0.09088397970814698,-0.09088397970814698,True,252,WF_2019_2020
worst_day_20,0.08787878066212534,0.08787878066212534,False,252,WF_2019_2020
dist_high_120,0.08718127627255833,0.08718127627255833,True,252,WF_2019_2020
vol_20,0.0861823562397948,-0.0861823562397948,True,252,WF_2019_2020
downside_vol_10,0.0843486630926288,-0.0843486630926288,True,252,WF_2019_2020
dist_high_60,0.08211860593309145,0.08211860593309145,True,252,WF_2019_2020
vol_10,0.08202264683562398,-0.08202264683562398,True,252,WF_2019_2020
fund_update_count_20d,0.07824662592654263,0.07824662592654263,True,252,WF_2019_2020
best_day_20,0.07559154579061231,-0.07559154579061231,True,252,WF_2019_2020
best_day_60,0.07326293400219072,-0.07326293400219072,True,252,WF_2019_2020
dist_high_20,0.0646831684714403,0.0646831684714403,True,252,WF_2019_2020
trend_sma_252,0.06237258523598506,0.06237258523598506,True,252,WF_2019_2020
trend_sma_120,0.061111106404163375,0.061111106404163375,True,252,WF_2019_2020
chg_assets_252d,0.06101549549663329,0.06101549549663329,True,252,WF_2019_2020
mom_252d,0.06049925166481445,0.06049925166481445,True,252,WF_2019_2020
rel_mom_qqq_252,0.06049925166481445,0.06049925166481445,False,252,WF_2019_2020
rel_mom_spy_252,0.06049925166481445,0.06049925166481445,False,252,WF_2019_2020
mom_120d,0.059888317168307795,0.059888317168307795,True,252,WF_2019_2020
mom_120d_x_breadth,0.059888317168307795,0.059888317168307795,False,252,WF_2019_2020
rel_mom_qqq_120,0.059888317168307795,0.059888317168307795,False,252,WF_2019_2020
rel_mom_spy_120,0.059888317168307795,0.059888317168307795,False,252,WF_2019_2020
fundamental_freshness_mean_days,0.058761134091735716,-0.058761134091735716,True,252,WF_2019_2020
mom_skip_252_20,0.05733645613762385,0.05733645613762385,False,252,WF_2019_2020
mom_skip_120_20,0.053560476625106705,0.053560476625106705,True,252,WF_2019_2020
mom_60d,0.05198324121230202,0.05198324121230202,True,252,WF_2019_2020
mom_60d_x_breadth,0.05198324121230202,0.05198324121230202,False,252,WF_2019_2020
rel_mom_qqq_60,0.05198324121230202,0.05198324121230202,False,252,WF_2019_2020
rel_mom_spy_60,0.05198324121230202,0.05198324121230202,False,252,WF_2019_2020
mom_skip_60_5,0.05068844506387636,0.05068844506387636,False,252,WF_2019_2020
trend_sma_60,0.049820411922527855,0.049820411922527855,True,252,WF_2019_2020
beta_qqq_120,0.049525134752151784,0.049525134752151784,True,252,WF_2019_2020
age_cash,0.041594398831036626,-0.041594398831036626,True,252,WF_2019_2020
chg_eps_diluted_252d,0.03862900481487107,0.03862900481487107,True,252,WF_2019_2020
beta_spy_120,0.03760000780001459,0.03760000780001459,True,252,WF_2019_2020
equity_assets,0.037209459802150804,0.037209459802150804,False,252,WF_2019_2020
ix_cash_assets__macro_hyg_ret20_z252,0.0352648697159302,0.0352648697159302,False,252,WF_2019_2020
mom_20d,0.03140435303766838,0.03140435303766838,False,252,WF_2019_2020
mom_20d_x_breadth,0.03140435303766838,0.03140435303766838,False,252,WF_2019_2020
rel_mom_qqq_20,0.03140435303766838,0.03140435303766838,False,252,WF_2019_2020
rel_mom_spy_20,0.03140435303766838,0.03140435303766838,False,252,WF_2019_2020
ix_rel_mom_qqq_20__macro_qqq_ret20_z252,0.030854456585248262,0.030854456585248262,False,252,WF_2019_2020
trend_sma_20,0.028736088732086218,0.028736088732086218,False,252,WF_2019_2020
mom_skip_20_5,0.02588088665085774,0.02588088665085774,False,252,WF_2019_2020
ix_downside_vol_60__macro_idx_vix_level_z252,0.02390471704424594,0.02390471704424594,False,252,WF_2019_2020
chg_cash_252d,0.022633429155727105,-0.022633429155727105,False,252,WF_2019_2020
mom_10d,0.021766503440696118,0.021766503440696118,False,252,WF_2019_2020
rel_mom_qqq_10,0.021766503440696118,0.021766503440696118,False,252,WF_2019_2020
rel_mom_spy_10,0.021766503440696118,0.021766503440696118,False,252,WF_2019_2020
dist_low_20,0.019048334716474633,-0.019048334716474633,False,252,WF_2019_2020
beta_qqq_60,0.018191772769414475,0.018191772769414475,False,252,WF_2019_2020
age_eps_diluted,0.01703065922396252,-0.01703065922396252,False,252,WF_2019_2020
macro_idx_vix_ret120_z252,0.015397885680472742,0.015397885680472742,False,252,WF_2019_2020
chg_operating_cash_flow_252d,0.015396936287473866,0.015396936287473866,False,252,WF_2019_2020
mom_5d,0.015136925099257055,0.015136925099257055,False,252,WF_2019_2020
rel_mom_qqq_5,0.015136925099257055,0.015136925099257055,False,252,WF_2019_2020
rel_mom_spy_5,0.015136925099257055,0.015136925099257055,False,252,WF_2019_2020
ix_mom_60d__macro_tlt_ret60_z252,0.015057046644116714,0.015057046644116714,False,252,WF_2019_2020
macro_spy_vol60_z252,0.012921482402219481,0.012921482402219481,False,252,WF_2019_2020
netinc_assets,0.01286755157483164,-0.01286755157483164,False,252,WF_2019_2020
beta_hyg_60,0.011984804764682024,-0.011984804764682024,False,252,WF_2019_2020
ocf_assets,0.011939753532298,-0.011939753532298,False,252,WF_2019_2020
macro_qqq_vol60_z252,0.011668699429730398,0.011668699429730398,False,252,WF_2019_2020
mom_accel_60_120,0.011524929846027083,0.011524929846027083,False,252,WF_2019_2020
macro_iwm_level_z252,0.011504975943898167,0.011504975943898167,False,252,WF_2019_2020
macro_idx_vix_level_z252,0.011356422643947844,0.011356422643947844,False,252,WF_2019_2020
macro_spy_vol20_z252,0.01135088210448929,0.01135088210448929,False,252,WF_2019_2020
earnings_yield,0.011285621924784349,0.011285621924784349,False,252,WF_2019_2020
ix_rel_mom_spy_20__macro_iwm_ret20_z252,0.011114613631652323,0.011114613631652323,False,252,WF_2019_2020
beta_iwm_60,0.010696360119733201,-0.010696360119733201,False,252,WF_2019_2020
macro_idx_vix_ret60_z252,0.010460106140471891,0.010460106140471891,False,252,WF_2019_2020
macro_hyg_ret120_z252,0.010411344946060778,-0.010411344946060778,False,252,WF_2019_2020
macro_uup_level_z252,0.009890561349855238,-0.009890561349855238,False,252,WF_2019_2020
macro_qqq_level_z252,0.00982125190900512,0.00982125190900512,False,252,WF_2019_2020
skew_20,0.009323856603987725,-0.009323856603987725,False,252,WF_2019_2020
macro_iwm_vol60_z252,0.009319839423577706,0.009319839423577706,False,252,WF_2019_2020
macro_tlt_level_z252,0.009261949977378734,-0.009261949977378734,False,252,WF_2019_2020
macro_spy_level_z252,0.0091713650449916,0.0091713650449916,False,252,WF_2019_2020
mom_1d,0.008989771778407983,0.008989771778407983,False,252,WF_2019_2020
macro_qqq_vol20_z252,0.008457208212119512,0.008457208212119512,False,252,WF_2019_2020
macro_hyg_level_z252,0.008334342848833621,-0.008334342848833621,False,252,WF_2019_2020
macro_idx_vix_vol60_z252,0.008259824908108095,0.008259824908108095,False,252,WF_2019_2020
beta_idx_vix_60,0.007900529638485426,0.007900529638485426,False,252,WF_2019_2020
dist_low_120,0.007836166174830045,0.007836166174830045,False,252,WF_2019_2020
macro_hyg_vol60_z252,0.007320885727093665,0.007320885727093665,False,252,WF_2019_2020
macro_iwm_vol20_z252,0.007280276173179119,0.007280276173179119,False,252,WF_2019_2020
macro_uup_ret120_z252,0.00688693815861038,0.00688693815861038,False,252,WF_2019_2020
macro_spread_hyg_tlt_20_z252,0.006847218377724426,0.006847218377724426,False,252,WF_2019_2020
macro_spread_iwm_spy_120_z252,0.006712153324786878,0.006712153324786878,False,252,WF_2019_2020
macro_iwm_ret120_z252,0.0066534357443139265,0.0066534357443139265,False,252,WF_2019_2020
macro_tlt_ret20_z252,0.006604919194314452,-0.006604919194314452,False,252,WF_2019_2020
macro_idx_vix_vol20_z252,0.006393965286147831,0.006393965286147831,False,252,WF_2019_2020
macro_tlt_vol20_z252,0.006325931147198588,0.006325931147198588,False,252,WF_2019_2020
macro_hyg_ret60_z252,0.0058275720666411245,-0.0058275720666411245,False,252,WF_2019_2020
macro_tlt_ret60_z252,0.005822143813479039,-0.005822143813479039,False,252,WF_2019_2020
macro_spread_qqq_spy_20_z252,0.005796414169573232,0.005796414169573232,False,252,WF_2019_2020
ix_size_log_market_cap__macro_spread_iwm_spy_20_z252,0.005415341114511671,0.005415341114511671,False,252,WF_2019_2020
macro_tlt_vol60_z252,0.005139157647871932,0.005139157647871932,False,252,WF_2019_2020
macro_spread_qqq_spy_60_z252,0.005131842223892302,0.005131842223892302,False,252,WF_2019_2020
macro_qqq_ret20_z252,0.005090625699263421,0.005090625699263421,False,252,WF_2019_2020
macro_idx_vix_ret20_z252,0.0048939354564812056,0.0048939354564812056,False,252,WF_2019_2020
macro_uup_ret60_z252,0.004883920243670418,0.004883920243670418,False,252,WF_2019_2020
age_assets,0.004638738177663721,-0.004638738177663721,False,252,WF_2019_2020
macro_spread_iwm_spy_60_z252,0.004617043412605323,0.004617043412605323,False,252,WF_2019_2020
macro_spy_ret120_z252,0.004584463944803022,0.004584463944803022,False,252,WF_2019_2020
skew_60,0.004479150954638823,-0.004479150954638823,False,252,WF_2019_2020
macro_qqq_ret120_z252,0.0044645775021421984,0.0044645775021421984,False,252,WF_2019_2020
macro_spread_hyg_tlt_60_z252,0.004421154519764436,0.004421154519764436,False,252,WF_2019_2020
macro_qqq_ret60_z252,0.004257065402833253,0.004257065402833253,False,252,WF_2019_2020
macro_iwm_ret60_z252,0.004216931794134284,0.004216931794134284,False,252,WF_2019_2020
chg_net_income_252d,0.004117127490127507,-0.004117127490127507,False,252,WF_2019_2020
macro_spread_qqq_spy_120_z252,0.00386790651890975,0.00386790651890975,False,252,WF_2019_2020
macro_tlt_ret120_z252,0.0036740183038946055,-0.0036740183038946055,False,252,WF_2019_2020
macro_idx_vix_ret5_z252,0.003633709943631254,0.003633709943631254,False,252,WF_2019_2020
macro_iwm_ret20_z252,0.0035627078689170733,0.0035627078689170733,False,252,WF_2019_2020
dist_low_60,0.003492210640655418,-0.003492210640655418,False,252,WF_2019_2020
beta_uup_60,0.003401796588195868,0.003401796588195868,False,252,WF_2019_2020
beta_tlt_60,0.0032166765432938087,0.0032166765432938087,False,252,WF_2019_2020
macro_spread_iwm_spy_20_z252,0.0031542895335515673,0.0031542895335515673,False,252,WF_2019_2020
macro_spy_ret60_z252,0.003070222180275428,0.003070222180275428,False,252,WF_2019_2020
macro_uup_ret20_z252,0.002912974460858427,0.002912974460858427,False,252,WF_2019_2020
ix_mom_20d__macro_tlt_ret20_z252,0.002740330532050707,-0.002740330532050707,False,252,WF_2019_2020
macro_spy_ret20_z252,0.0026974009735897934,0.0026974009735897934,False,252,WF_2019_2020
dist_low_252,0.0026197475312521585,0.0026197475312521585,False,252,WF_2019_2020
skew_120,0.002473045989366997,-0.002473045989366997,False,252,WF_2019_2020
macro_tlt_ret5_z252,0.0023945780205290963,-0.0023945780205290963,False,252,WF_2019_2020
macro_hyg_vol20_z252,0.002019108728656827,0.002019108728656827,False,252,WF_2019_2020
ix_mom_120d__macro_uup_ret60_z252,0.002016484062273903,-0.002016484062273903,False,252,WF_2019_2020
macro_qqq_ret5_z252,0.0018508524384826738,0.0018508524384826738,False,252,WF_2019_2020
macro_spy_ret5_z252,0.0017001743132445276,0.0017001743132445276,False,252,WF_2019_2020
ix_earnings_yield__macro_tlt_ret60_z252,0.0016332679892716623,0.0016332679892716623,False,252,WF_2019_2020
macro_spread_hyg_tlt_120_z252,0.0013982894419337691,0.0013982894419337691,False,252,WF_2019_2020
mom_accel_20_60,0.0013860949235417466,0.0013860949235417466,False,252,WF_2019_2020
macro_iwm_ret5_z252,0.0013096666328452828,0.0013096666328452828,False,252,WF_2019_2020
macro_uup_ret5_z252,0.0012983619462287137,0.0012983619462287137,False,252,WF_2019_2020
beta_spy_60,0.0012397833319993427,0.0012397833319993427,False,252,WF_2019_2020
macro_uup_vol60_z252,0.0005397162144341617,-0.0005397162144341617,False,252,WF_2019_2020
macro_hyg_ret5_z252,0.0002842560854293519,0.0002842560854293519,False,252,WF_2019_2020
macro_uup_vol20_z252,0.00021452858842301863,0.00021452858842301863,False,252,WF_2019_2020
macro_hyg_ret20_z252,1.0863298404973631e-05,1.0863298404973631e-05,False,252,WF_2019_2020
cash_assets,0.1663348845610102,0.1663348845610102,True,252,WF_2021_2022
fund_update_count_60d,0.11028158539941008,0.11028158539941008,True,252,WF_2021_2022
ocf_assets,0.09695422527153368,0.09695422527153368,True,252,WF_2021_2022
chg_assets_252d,0.09629333853645153,0.09629333853645153,True,252,WF_2021_2022
earnings_yield,0.09535420744031989,-0.09535420744031989,True,252,WF_2021_2022
corr_qqq_120,0.08899365407810235,0.08899365407810235,True,252,WF_2021_2022
trend_sma_252,0.08566713808866583,0.08566713808866583,True,252,WF_2021_2022
mom_120d,0.08015904877187845,0.08015904877187845,True,252,WF_2021_2022
mom_120d_x_breadth,0.08015904877187845,0.08015904877187845,False,252,WF_2021_2022
rel_mom_qqq_120,0.08015904877187845,0.08015904877187845,False,252,WF_2021_2022
rel_mom_spy_120,0.08015904877187845,0.08015904877187845,False,252,WF_2021_2022
dist_high_120,0.07999211207535212,0.07999211207535212,True,252,WF_2021_2022
dist_high_252,0.07979262305962342,0.07979262305962342,True,252,WF_2021_2022
cash_yield,0.07692346838397221,-0.07692346838397221,True,252,WF_2021_2022
beta_tlt_60,0.07640392266564494,0.07640392266564494,True,252,WF_2021_2022
mom_skip_120_20,0.07587381692871374,0.07587381692871374,True,252,WF_2021_2022
dist_high_60,0.07570941860148651,0.07570941860148651,True,252,WF_2021_2022
trend_sma_120,0.07533994665059526,0.07533994665059526,True,252,WF_2021_2022
mom_skip_252_20,0.07337481483076563,0.07337481483076563,True,252,WF_2021_2022
mom_252d,0.07331633501944566,0.07331633501944566,False,252,WF_2021_2022
rel_mom_qqq_252,0.07331633501944566,0.07331633501944566,False,252,WF_2021_2022
rel_mom_spy_252,0.07331633501944566,0.07331633501944566,False,252,WF_2021_2022
vol_60,0.0689909802028242,-0.0689909802028242,True,252,WF_2021_2022
downside_vol_60,0.06606931933897485,-0.06606931933897485,True,252,WF_2021_2022
netinc_assets,0.06576111492237935,0.06576111492237935,True,252,WF_2021_2022
equity_assets,0.06412672183301583,0.06412672183301583,True,252,WF_2021_2022
mom_60d,0.06267754926172035,0.06267754926172035,True,252,WF_2021_2022
mom_60d_x_breadth,0.06267754926172035,0.06267754926172035,False,252,WF_2021_2022
rel_mom_qqq_60,0.06267754926172035,0.06267754926172035,False,252,WF_2021_2022
rel_mom_spy_60,0.06267754926172035,0.06267754926172035,False,252,WF_2021_2022
vol_20,0.06264380144659534,-0.06264380144659534,True,252,WF_2021_2022
vol_120,0.062350351486034246,-0.062350351486034246,False,252,WF_2021_2022
mom_skip_60_5,0.06160991384157831,0.06160991384157831,True,252,WF_2021_2022
best_day_60,0.061147389832073316,-0.061147389832073316,True,252,WF_2021_2022
ix_mom_60d__macro_tlt_ret60_z252,0.06076587411614601,0.06076587411614601,True,252,WF_2021_2022
best_day_20,0.060322354326687574,-0.060322354326687574,True,252,WF_2021_2022
downside_vol_120,0.060284862222715487,-0.060284862222715487,True,252,WF_2021_2022
corr_qqq_60,0.06006346903522214,0.06006346903522214,True,252,WF_2021_2022
vol_10,0.05971661733431741,-0.05971661733431741,True,252,WF_2021_2022
size_log_market_cap,0.05954860053610584,-0.05954860053610584,True,252,WF_2021_2022
downside_vol_20,0.05916589541519089,-0.05916589541519089,True,252,WF_2021_2022
trend_sma_60,0.057594098307945284,0.057594098307945284,True,252,WF_2021_2022
fund_update_count_20d,0.0573750629982523,0.0573750629982523,True,252,WF_2021_2022
downside_vol_10,0.05676660005579763,-0.05676660005579763,True,252,WF_2021_2022
dist_high_20,0.056283248965078476,0.056283248965078476,True,252,WF_2021_2022
corr_spy_120,0.05386284515167863,0.05386284515167863,True,252,WF_2021_2022
beta_iwm_60,0.05135382021815166,-0.05135382021815166,False,252,WF_2021_2022
skew_60,0.048909228250260936,-0.048909228250260936,False,252,WF_2021_2022
worst_day_20,0.048848699575940194,0.048848699575940194,False,252,WF_2021_2022
worst_day_60,0.04452373149279359,0.04452373149279359,False,252,WF_2021_2022
skew_20,0.04442376807316304,-0.04442376807316304,False,252,WF_2021_2022
ix_mom_20d__macro_tlt_ret20_z252,0.04414346753803591,0.04414346753803591,False,252,WF_2021_2022
fundamental_freshness_mean_days,0.041800975574264335,-0.041800975574264335,False,252,WF_2021_2022
beta_qqq_120,0.04072650167375463,0.04072650167375463,False,252,WF_2021_2022
skew_120,0.038177027821466855,-0.038177027821466855,False,252,WF_2021_2022
age_cash,0.0371651721654183,-0.0371651721654183,False,252,WF_2021_2022
beta_uup_60,0.03678018950275053,0.03678018950275053,False,252,WF_2021_2022
mom_20d,0.03493653860161474,0.03493653860161474,False,252,WF_2021_2022
mom_20d_x_breadth,0.03493653860161474,0.03493653860161474,False,252,WF_2021_2022
rel_mom_qqq_20,0.03493653860161474,0.03493653860161474,False,252,WF_2021_2022
rel_mom_spy_20,0.03493653860161474,0.03493653860161474,False,252,WF_2021_2022
beta_spy_60,0.033930064955218824,-0.033930064955218824,False,252,WF_2021_2022
beta_idx_vix_60,0.03383042579259018,0.03383042579259018,False,252,WF_2021_2022
trend_sma_20,0.033706854166696706,0.033706854166696706,False,252,WF_2021_2022
ix_earnings_yield__macro_tlt_ret60_z252,0.031102182900639833,-0.031102182900639833,False,252,WF_2021_2022
mom_skip_20_5,0.030798291871519137,0.030798291871519137,False,252,WF_2021_2022
ix_mom_120d__macro_uup_ret60_z252,0.03053474284349278,-0.03053474284349278,False,252,WF_2021_2022
corr_spy_60,0.028036574658377663,0.028036574658377663,False,252,WF_2021_2022
mom_10d,0.02764997779319446,0.02764997779319446,False,252,WF_2021_2022
rel_mom_qqq_10,0.02764997779319446,0.02764997779319446,False,252,WF_2021_2022
rel_mom_spy_10,0.02764997779319446,0.02764997779319446,False,252,WF_2021_2022
dist_low_252,0.02756569890005642,0.02756569890005642,False,252,WF_2021_2022
age_assets,0.026595742064923537,0.026595742064923537,False,252,WF_2021_2022
beta_hyg_60,0.026382561829548117,-0.026382561829548117,False,252,WF_2021_2022
age_eps_diluted,0.02498930488652437,0.02498930488652437,False,252,WF_2021_2022
mom_5d,0.01937981191824525,0.01937981191824525,False,252,WF_2021_2022
rel_mom_qqq_5,0.01937981191824525,0.01937981191824525,False,252,WF_2021_2022
rel_mom_spy_5,0.01937981191824525,0.01937981191824525,False,252,WF_2021_2022
dist_low_120,0.01659177624707305,0.01659177624707305,False,252,WF_2021_2022
chg_operating_cash_flow_252d,0.01629884382559566,0.01629884382559566,False,252,WF_2021_2022
ix_size_log_market_cap__macro_spread_iwm_spy_20_z252,0.013314469147675118,0.013314469147675118,False,252,WF_2021_2022
macro_spread_qqq_spy_120_z252,0.012658269518968918,-0.012658269518968918,False,252,WF_2021_2022
mom_1d,0.012299866055450671,0.012299866055450671,False,252,WF_2021_2022
macro_uup_vol60_z252,0.011721567996648112,-0.011721567996648112,False,252,WF_2021_2022
ix_rel_mom_spy_20__macro_iwm_ret20_z252,0.011496097892431997,-0.011496097892431997,False,252,WF_2021_2022
beta_spy_120,0.011128873839382101,0.011128873839382101,False,252,WF_2021_2022
macro_uup_ret120_z252,0.009909092882748624,0.009909092882748624,False,252,WF_2021_2022
macro_spread_qqq_spy_60_z252,0.009315725577339187,-0.009315725577339187,False,252,WF_2021_2022
ix_cash_assets__macro_hyg_ret20_z252,0.008770668214814172,0.008770668214814172,False,252,WF_2021_2022
macro_tlt_level_z252,0.008181229624808627,-0.008181229624808627,False,252,WF_2021_2022
chg_cash_252d,0.008047543875223705,0.008047543875223705,False,252,WF_2021_2022
mom_accel_20_60,0.008011909739413013,-0.008011909739413013,False,252,WF_2021_2022
macro_hyg_vol20_z252,0.007996479354757275,-0.007996479354757275,False,252,WF_2021_2022
macro_hyg_vol60_z252,0.007985315876547015,-0.007985315876547015,False,252,WF_2021_2022
macro_iwm_level_z252,0.007930383893056144,0.007930383893056144,False,252,WF_2021_2022
chg_eps_diluted_252d,0.007858660616143907,-0.007858660616143907,False,252,WF_2021_2022
macro_idx_vix_level_z252,0.007834369474977973,-0.007834369474977973,False,252,WF_2021_2022
ix_rel_mom_qqq_20__macro_qqq_ret20_z252,0.0074925045097573705,0.0074925045097573705,False,252,WF_2021_2022
macro_uup_vol20_z252,0.0067603946126521645,-0.0067603946126521645,False,252,WF_2021_2022
macro_iwm_vol60_z252,0.0061175375136000775,-0.0061175375136000775,False,252,WF_2021_2022
macro_spy_level_z252,0.006096434950467715,0.006096434950467715,False,252,WF_2021_2022
macro_uup_level_z252,0.006079158824612867,0.006079158824612867,False,252,WF_2021_2022
current_ratio,0.005896216514463015,0.005896216514463015,False,252,WF_2021_2022
macro_iwm_vol20_z252,0.005541743621577037,-0.005541743621577037,False,252,WF_2021_2022
macro_uup_ret60_z252,0.005476853953574624,0.005476853953574624,False,252,WF_2021_2022
macro_spy_vol20_z252,0.005178005657227106,-0.005178005657227106,False,252,WF_2021_2022
chg_net_income_252d,0.005132349645477818,-0.005132349645477818,False,252,WF_2021_2022
macro_spy_vol60_z252,0.005103379099812685,-0.005103379099812685,False,252,WF_2021_2022
dist_low_20,0.004960881392276479,-0.004960881392276479,False,252,WF_2021_2022
macro_qqq_ret120_z252,0.0049272435395663425,-0.0049272435395663425,False,252,WF_2021_2022
macro_qqq_vol20_z252,0.004525166556819755,-0.004525166556819755,False,252,WF_2021_2022
macro_tlt_vol60_z252,0.0045198732852336655,-0.0045198732852336655,False,252,WF_2021_2022
macro_spread_qqq_spy_20_z252,0.004514361717184747,-0.004514361717184747,False,252,WF_2021_2022
macro_qqq_vol60_z252,0.004228515892999449,-0.004228515892999449,False,252,WF_2021_2022
macro_idx_vix_ret60_z252,0.004159354243096152,-0.004159354243096152,False,252,WF_2021_2022
macro_idx_vix_ret120_z252,0.004130974697324528,-0.004130974697324528,False,252,WF_2021_2022
ix_downside_vol_60__macro_idx_vix_level_z252,0.003821973795909004,0.003821973795909004,False,252,WF_2021_2022
macro_hyg_level_z252,0.0031454903334286292,0.0031454903334286292,False,252,WF_2021_2022
mom_accel_60_120,0.0030687252533733284,0.0030687252533733284,False,252,WF_2021_2022
macro_tlt_vol20_z252,0.003046771848327462,-0.003046771848327462,False,252,WF_2021_2022
macro_hyg_ret120_z252,0.0029001113476507735,0.0029001113476507735,False,252,WF_2021_2022
macro_idx_vix_vol60_z252,0.002895312702031759,-0.002895312702031759,False,252,WF_2021_2022
macro_qqq_level_z252,0.0028458093998455013,-0.0028458093998455013,False,252,WF_2021_2022
macro_idx_vix_ret20_z252,0.0025791680362634616,-0.0025791680362634616,False,252,WF_2021_2022
macro_qqq_ret60_z252,0.002171103256376429,-0.002171103256376429,False,252,WF_2021_2022
macro_idx_vix_vol20_z252,0.0021396453027958517,-0.0021396453027958517,False,252,WF_2021_2022
macro_hyg_ret20_z252,0.0017581141159854123,0.0017581141159854123,False,252,WF_2021_2022
beta_qqq_60,0.0017257769764303813,0.0017257769764303813,False,252,WF_2021_2022
macro_uup_ret20_z252,0.0016284334915760014,0.0016284334915760014,False,252,WF_2021_2022
macro_spy_ret20_z252,0.0015667150552436974,0.0015667150552436974,False,252,WF_2021_2022
macro_hyg_ret5_z252,0.0014313240825781946,0.0014313240825781946,False,252,WF_2021_2022
macro_spy_ret120_z252,0.001272830437139837,0.001272830437139837,False,252,WF_2021_2022
dist_low_60,0.001245441652776105,0.001245441652776105,False,252,WF_2021_2022
macro_tlt_ret120_z252,0.0011933030488719993,0.0011933030488719993,False,252,WF_2021_2022
macro_iwm_ret20_z252,0.0011413581768553508,0.0011413581768553508,False,252,WF_2021_2022
macro_spy_ret60_z252,0.000961564842739572,0.000961564842739572,False,252,WF_2021_2022
macro_spy_ret5_z252,0.0008644187549359492,0.0008644187549359492,False,252,WF_2021_2022
macro_hyg_ret60_z252,0.0008129841791706325,0.0008129841791706325,False,252,WF_2021_2022
macro_spread_iwm_spy_20_z252,0.0006862231216100436,0.0006862231216100436,False,252,WF_2021_2022
macro_uup_ret5_z252,0.0006661906809704855,0.0006661906809704855,False,252,WF_2021_2022
macro_spread_hyg_tlt_20_z252,0.0006261677647042003,0.0006261677647042003,False,252,WF_2021_2022
macro_iwm_ret5_z252,0.0005795970294855573,0.0005795970294855573,False,252,WF_2021_2022
macro_idx_vix_ret5_z252,0.0005673725730028536,-0.0005673725730028536,False,252,WF_2021_2022
macro_spread_iwm_spy_120_z252,0.0005516440615148174,0.0005516440615148174,False,252,WF_2021_2022
macro_tlt_ret5_z252,0.0004173309496346614,-0.0004173309496346614,False,252,WF_2021_2022
macro_spread_hyg_tlt_60_z252,0.00041168213466636814,0.00041168213466636814,False,252,WF_2021_2022
macro_iwm_ret120_z252,0.00018159953238635612,0.00018159953238635612,False,252,WF_2021_2022
macro_iwm_ret60_z252,0.0001486928467128879,-0.0001486928467128879,False,252,WF_2021_2022
macro_spread_iwm_spy_60_z252,0.00012620313513878484,-0.00012620313513878484,False,252,WF_2021_2022
macro_spread_hyg_tlt_120_z252,8.098470087902797e-05,-8.098470087902797e-05,False,252,WF_2021_2022
macro_tlt_ret60_z252,7.72765843276697e-05,7.72765843276697e-05,False,252,WF_2021_2022
macro_qqq_ret5_z252,4.813914054480798e-05,4.813914054480798e-05,False,252,WF_2021_2022
macro_qqq_ret20_z252,4.51537144303591e-05,4.51537144303591e-05,False,252,WF_2021_2022
macro_tlt_ret20_z252,2.5509925230040324e-05,-2.5509925230040324e-05,False,252,WF_2021_2022
size_log_market_cap,0.16304754603067953,-0.16304754603067953,True,252,WF_2023_2024
fund_update_count_60d,0.12960405083090865,0.12960405083090865,True,252,WF_2023_2024
ix_downside_vol_60__macro_idx_vix_level_z252,0.12329949195765554,0.12329949195765554,True,252,WF_2023_2024
beta_spy_120,0.07926305518311742,0.07926305518311742,True,252,WF_2023_2024
trend_sma_252,0.07264041674048734,0.07264041674048734,True,252,WF_2023_2024
corr_spy_120,0.06970417212675645,0.06970417212675645,True,252,WF_2023_2024
cash_assets,0.06946612519578114,0.06946612519578114,True,252,WF_2023_2024
cash_yield,0.06607943819972943,0.06607943819972943,True,252,WF_2023_2024
age_cash,0.06587896515692326,-0.06587896515692326,True,252,WF_2023_2024
dist_low_252,0.06301427999626924,0.06301427999626924,True,252,WF_2023_2024
fund_update_count_20d,0.06164425759400844,0.06164425759400844,True,252,WF_2023_2024
mom_skip_252_20,0.06160105637248272,0.06160105637248272,True,252,WF_2023_2024
mom_252d,0.05970130140337189,0.05970130140337189,False,252,WF_2023_2024
rel_mom_qqq_252,0.05970130140337189,0.05970130140337189,False,252,WF_2023_2024
rel_mom_spy_252,0.05970130140337189,0.05970130140337189,False,252,WF_2023_2024
mom_120d,0.05929861229657563,0.05929861229657563,True,252,WF_2023_2024
mom_120d_x_breadth,0.05929861229657563,0.05929861229657563,False,252,WF_2023_2024
rel_mom_qqq_120,0.05929861229657563,0.05929861229657563,False,252,WF_2023_2024
rel_mom_spy_120,0.05929861229657563,0.05929861229657563,False,252,WF_2023_2024
mom_skip_120_20,0.05837519307888314,0.05837519307888314,True,252,WF_2023_2024
current_ratio,0.05395923839521512,0.05395923839521512,True,252,WF_2023_2024
fundamental_freshness_mean_days,0.05349024069350108,-0.05349024069350108,True,252,WF_2023_2024
trend_sma_120,0.04905038952264356,0.04905038952264356,True,252,WF_2023_2024
earnings_yield,0.048685188374319226,-0.048685188374319226,True,252,WF_2023_2024
age_assets,0.04792420367530215,-0.04792420367530215,True,252,WF_2023_2024
dist_high_252,0.04563612863561788,0.04563612863561788,True,252,WF_2023_2024
ix_earnings_yield__macro_tlt_ret60_z252,0.04256167062809116,-0.04256167062809116,True,252,WF_2023_2024
ocf_assets,0.04006894375202336,0.04006894375202336,True,252,WF_2023_2024
skew_60,0.03987127625667427,-0.03987127625667427,True,252,WF_2023_2024
beta_uup_60,0.03894250675563067,0.03894250675563067,True,252,WF_2023_2024
mom_60d,0.03751859026555871,0.03751859026555871,True,252,WF_2023_2024
mom_60d_x_breadth,0.03751859026555871,0.03751859026555871,False,252,WF_2023_2024
rel_mom_qqq_60,0.03751859026555871,0.03751859026555871,False,252,WF_2023_2024
rel_mom_spy_60,0.03751859026555871,0.03751859026555871,False,252,WF_2023_2024
corr_spy_60,0.03730317464315818,0.03730317464315818,True,252,WF_2023_2024
dist_high_120,0.03609792522741734,0.03609792522741734,True,252,WF_2023_2024
mom_skip_60_5,0.035621665566179385,0.035621665566179385,False,252,WF_2023_2024
chg_net_income_252d,0.03433557022761114,-0.03433557022761114,True,252,WF_2023_2024
beta_tlt_60,0.034204963991627965,-0.034204963991627965,True,252,WF_2023_2024
beta_spy_60,0.03225679520471696,0.03225679520471696,True,252,WF_2023_2024
chg_operating_cash_flow_252d,0.031472488491212126,0.031472488491212126,True,252,WF_2023_2024
ix_size_log_market_cap__macro_spread_iwm_spy_20_z252,0.03132166720641866,0.03132166720641866,True,252,WF_2023_2024
ix_cash_assets__macro_hyg_ret20_z252,0.0311622519346902,0.0311622519346902,True,252,WF_2023_2024
trend_sma_60,0.03077559953592659,0.03077559953592659,True,252,WF_2023_2024
dist_low_120,0.030071225411553194,0.030071225411553194,True,252,WF_2023_2024
dist_high_60,0.028056619773721824,0.028056619773721824,True,252,WF_2023_2024
mom_20d,0.027341590065604462,0.027341590065604462,False,252,WF_2023_2024
mom_20d_x_breadth,0.027341590065604462,0.027341590065604462,False,252,WF_2023_2024
rel_mom_qqq_20,0.027341590065604462,0.027341590065604462,False,252,WF_2023_2024
rel_mom_spy_20,0.027341590065604462,0.027341590065604462,False,252,WF_2023_2024
beta_idx_vix_60,0.027302276869403612,-0.027302276869403612,False,252,WF_2023_2024
trend_sma_20,0.026815159250060987,0.026815159250060987,False,252,WF_2023_2024
best_day_60,0.026072895664123862,-0.026072895664123862,False,252,WF_2023_2024
ix_mom_120d__macro_uup_ret60_z252,0.024975227408966436,-0.024975227408966436,False,252,WF_2023_2024
skew_120,0.024974508698714162,-0.024974508698714162,False,252,WF_2023_2024
mom_10d,0.02435448371786024,0.02435448371786024,False,252,WF_2023_2024
rel_mom_qqq_10,0.02435448371786024,0.02435448371786024,False,252,WF_2023_2024
rel_mom_spy_10,0.02435448371786024,0.02435448371786024,False,252,WF_2023_2024
beta_qqq_120,0.022970214035704935,0.022970214035704935,False,252,WF_2023_2024
mom_skip_20_5,0.022915174951396645,0.022915174951396645,False,252,WF_2023_2024
dist_high_20,0.022746051801916307,0.022746051801916307,False,252,WF_2023_2024
ix_rel_mom_qqq_20__macro_qqq_ret20_z252,0.02191754919732539,0.02191754919732539,False,252,WF_2023_2024
age_eps_diluted,0.021850771881696707,-0.021850771881696707,False,252,WF_2023_2024
equity_assets,0.02175685756593575,0.02175685756593575,False,252,WF_2023_2024
ix_mom_60d__macro_tlt_ret60_z252,0.021638390285435943,0.021638390285435943,False,252,WF_2023_2024
beta_hyg_60,0.01940823556278387,0.01940823556278387,False,252,WF_2023_2024
dist_low_60,0.019406918116602407,0.019406918116602407,False,252,WF_2023_2024
beta_iwm_60,0.01888131154661744,0.01888131154661744,False,252,WF_2023_2024
ix_mom_20d__macro_tlt_ret20_z252,0.01864712933080817,0.01864712933080817,False,252,WF_2023_2024
mom_accel_60_120,0.018544942330700726,-0.018544942330700726,False,252,WF_2023_2024
skew_20,0.018041191351588645,-0.018041191351588645,False,252,WF_2023_2024
dist_low_20,0.016934946357227303,0.016934946357227303,False,252,WF_2023_2024
mom_5d,0.01671215220901228,0.01671215220901228,False,252,WF_2023_2024
rel_mom_qqq_5,0.01671215220901228,0.01671215220901228,False,252,WF_2023_2024
rel_mom_spy_5,0.01671215220901228,0.01671215220901228,False,252,WF_2023_2024
beta_qqq_60,0.016481062320983234,-0.016481062320983234,False,252,WF_2023_2024
ix_rel_mom_spy_20__macro_iwm_ret20_z252,0.014996708489190418,0.014996708489190418,False,252,WF_2023_2024
downside_vol_10,0.011848149541816382,-0.011848149541816382,False,252,WF_2023_2024
macro_qqq_level_z252,0.011819123826663934,0.011819123826663934,False,252,WF_2023_2024
best_day_20,0.011377498209935073,-0.011377498209935073,False,252,WF_2023_2024
vol_120,0.011229209481194508,0.011229209481194508,False,252,WF_2023_2024
chg_cash_252d,0.010084125955211347,-0.010084125955211347,False,252,WF_2023_2024
worst_day_20,0.009518709248958188,0.009518709248958188,False,252,WF_2023_2024
downside_vol_20,0.009439336176716415,-0.009439336176716415,False,252,WF_2023_2024
downside_vol_60,0.008843912028748242,-0.008843912028748242,False,252,WF_2023_2024
worst_day_60,0.008156168986984694,0.008156168986984694,False,252,WF_2023_2024
macro_spy_level_z252,0.00790939629282055,0.00790939629282055,False,252,WF_2023_2024
corr_qqq_60,0.007276041930726138,-0.007276041930726138,False,252,WF_2023_2024
netinc_assets,0.007230410921679785,-0.007230410921679785,False,252,WF_2023_2024
vol_20,0.007206409790730577,-0.007206409790730577,False,252,WF_2023_2024
corr_qqq_120,0.006992944161632315,0.006992944161632315,False,252,WF_2023_2024
vol_60,0.006132305770060294,-0.006132305770060294,False,252,WF_2023_2024
mom_1d,0.006013919798547172,0.006013919798547172,False,252,WF_2023_2024
macro_hyg_level_z252,0.005854098853095553,0.005854098853095553,False,252,WF_2023_2024
macro_tlt_level_z252,0.005661542717003033,0.005661542717003033,False,252,WF_2023_2024
vol_10,0.0052734446065621655,-0.0052734446065621655,False,252,WF_2023_2024
macro_uup_vol60_z252,0.004909764488162016,-0.004909764488162016,False,252,WF_2023_2024
macro_iwm_level_z252,0.004850969523837666,0.004850969523837666,False,252,WF_2023_2024
macro_uup_vol20_z252,0.004393285365806481,-0.004393285365806481,False,252,WF_2023_2024
downside_vol_120,0.004300382696040179,0.004300382696040179,False,252,WF_2023_2024
macro_hyg_vol60_z252,0.004294600696439493,-0.004294600696439493,False,252,WF_2023_2024
mom_accel_20_60,0.004279490428505265,-0.004279490428505265,False,252,WF_2023_2024
macro_spy_vol60_z252,0.0040309667254958695,-0.0040309667254958695,False,252,WF_2023_2024
macro_qqq_ret120_z252,0.003560459859023823,0.003560459859023823,False,252,WF_2023_2024
macro_qqq_vol60_z252,0.0034947977888795793,-0.0034947977888795793,False,252,WF_2023_2024
macro_hyg_vol20_z252,0.0034338123499727444,-0.0034338123499727444,False,252,WF_2023_2024
macro_uup_ret120_z252,0.003395118333513737,-0.003395118333513737,False,252,WF_2023_2024
chg_assets_252d,0.0033903705337022115,0.0033903705337022115,False,252,WF_2023_2024
macro_uup_level_z252,0.0033372521792332213,-0.0033372521792332213,False,252,WF_2023_2024
macro_iwm_vol60_z252,0.0032351846419212665,-0.0032351846419212665,False,252,WF_2023_2024
macro_spread_hyg_tlt_120_z252,0.0032138257759983654,-0.0032138257759983654,False,252,WF_2023_2024
macro_tlt_ret120_z252,0.0031906999562584964,0.0031906999562584964,False,252,WF_2023_2024
macro_spy_ret120_z252,0.0030721201614334363,0.0030721201614334363,False,252,WF_2023_2024
macro_spy_vol20_z252,0.002864429651931139,-0.002864429651931139,False,252,WF_2023_2024
macro_qqq_vol20_z252,0.0027593819263925638,-0.0027593819263925638,False,252,WF_2023_2024
macro_idx_vix_vol60_z252,0.00271326183483199,0.00271326183483199,False,252,WF_2023_2024
macro_spread_iwm_spy_120_z252,0.0025542841093852994,-0.0025542841093852994,False,252,WF_2023_2024
macro_hyg_ret120_z252,0.0025223252684351883,0.0025223252684351883,False,252,WF_2023_2024
chg_eps_diluted_252d,0.0023427167148540487,0.0023427167148540487,False,252,WF_2023_2024
macro_spread_qqq_spy_120_z252,0.0022490018670994366,0.0022490018670994366,False,252,WF_2023_2024
macro_qqq_ret60_z252,0.0021128736213499814,0.0021128736213499814,False,252,WF_2023_2024
macro_spread_hyg_tlt_60_z252,0.0020830625774054946,-0.0020830625774054946,False,252,WF_2023_2024
macro_tlt_vol60_z252,0.0020627028942694094,-0.0020627028942694094,False,252,WF_2023_2024
macro_iwm_vol20_z252,0.0020455773830503478,-0.0020455773830503478,False,252,WF_2023_2024
macro_spread_iwm_spy_60_z252,0.0019702649408600607,-0.0019702649408600607,False,252,WF_2023_2024
macro_spy_ret60_z252,0.001882964615114023,0.001882964615114023,False,252,WF_2023_2024
macro_tlt_ret60_z252,0.0018340651603351156,0.0018340651603351156,False,252,WF_2023_2024
macro_idx_vix_level_z252,0.001804605100237001,-0.001804605100237001,False,252,WF_2023_2024
macro_uup_ret60_z252,0.0017867951097156815,-0.0017867951097156815,False,252,WF_2023_2024
macro_spread_qqq_spy_60_z252,0.0014924357876919929,0.0014924357876919929,False,252,WF_2023_2024
macro_idx_vix_vol20_z252,0.0013285525320903477,0.0013285525320903477,False,252,WF_2023_2024
macro_idx_vix_ret60_z252,0.0013049821967438392,0.0013049821967438392,False,252,WF_2023_2024
macro_tlt_vol20_z252,0.0012590522234686595,-0.0012590522234686595,False,252,WF_2023_2024
macro_spy_ret20_z252,0.001151595345593033,0.001151595345593033,False,252,WF_2023_2024
macro_hyg_ret60_z252,0.0010730394149469655,0.0010730394149469655,False,252,WF_2023_2024
macro_iwm_ret120_z252,0.0010411864015594417,0.0010411864015594417,False,252,WF_2023_2024
macro_qqq_ret20_z252,0.0009938047639526967,0.0009938047639526967,False,252,WF_2023_2024
macro_hyg_ret20_z252,0.0007922110424194764,0.0007922110424194764,False,252,WF_2023_2024
macro_spread_iwm_spy_20_z252,0.0007442411252722875,-0.0007442411252722875,False,252,WF_2023_2024
macro_spy_ret5_z252,0.0007325956247109435,0.0007325956247109435,False,252,WF_2023_2024
macro_qqq_ret5_z252,0.0006751526888325543,0.0006751526888325543,False,252,WF_2023_2024
macro_uup_ret20_z252,0.00042572033124402536,-0.00042572033124402536,False,252,WF_2023_2024
macro_idx_vix_ret20_z252,0.00038790551543751306,0.00038790551543751306,False,252,WF_2023_2024
macro_spread_qqq_spy_20_z252,0.00030019696597456555,0.00030019696597456555,False,252,WF_2023_2024
macro_iwm_ret60_z252,0.00027209178032838895,0.00027209178032838895,False,252,WF_2023_2024
macro_iwm_ret20_z252,0.0002132919664823103,0.0002132919664823103,False,252,WF_2023_2024
macro_uup_ret5_z252,0.00020670191021866585,-0.00020670191021866585,False,252,WF_2023_2024
macro_hyg_ret5_z252,0.00019290581510917807,0.00019290581510917807,False,252,WF_2023_2024
macro_spread_hyg_tlt_20_z252,0.00017977242617650958,0.00017977242617650958,False,252,WF_2023_2024
macro_tlt_ret20_z252,9.53255365238967e-05,-9.53255365238967e-05,False,252,WF_2023_2024
macro_iwm_ret5_z252,6.318956293021237e-05,6.318956293021237e-05,False,252,WF_2023_2024
macro_tlt_ret5_z252,4.599540179223291e-05,4.599540179223291e-05,False,252,WF_2023_2024
macro_idx_vix_ret5_z252,3.441220022715317e-05,3.441220022715317e-05,False,252,WF_2023_2024
macro_idx_vix_ret120_z252,2.3862456778389397e-05,-2.3862456778389397e-05,False,252,WF_2023_2024
