date,nav,net_return,turnover,entry_exit_notional,resize_notional,cost_fraction,holdings,cash_weight,max_name_weight,requested,executed,blocked,deviation
2019-01-02,1.0,0.0,0.0,0.0,0.0,0.0,0,1.0,0.0,0.0,0.0,0.0,0.0
2019-01-03,0.9983554132360445,-0.0016445867639555134,0.8222933819777344,0.8222933819777345,0.0,0.0016445867639554687,43,0.17770661802226562,0.047708256867716584,0.9734228856349436,0.8222933819777344,0.15112950365720923,0.15112950365720923
2019-01-04,1.0300831711125047,0.03178002288144932,0.1620870901451174,0.17036229830735838,0.11466774835607922,0.0005700600933268751,45,0.13299073100744252,0.041876917437289905,0.3835431895761387,0.28503004666343756,0.09851314291270113,0.09851314291270113
2019-01-07,1.0460545986629899,0.015504988333355563,0.08070647679914697,0.04600664813230186,0.06164159536601611,0.00021529648699663594,43,0.18469670954635053,0.04336103071476164,0.2740622492497564,0.10764824349831796,0.16641400575143844,0.16641400575143844
2019-01-08,1.0547805432489537,0.008341767817011458,0.07679426017369702,0.07353384765843542,0.06624093005639185,0.00027954955542965456,42,0.1969312961809545,0.04258806323715134,0.3367060738957817,0.13977477771482727,0.19693129618095448,0.19693129618095448
2019-01-09,1.0664677005292473,0.011080179052501915,0.09801068037147223,0.07936036082080716,0.10774059570245269,0.00037420191304651974,43,0.20362069425767448,0.04621018297299758,0.39072165078093424,0.18710095652325986,0.2036206942576744,0.2036206942576744
2019-01-10,1.0725189691839203,0.005674122762152178,0.11961787512563954,0.12576354581171326,0.08575100850840725,0.00042302910864024096,44,0.2301073886054421,0.0387497257517027,0.43832859634501065,0.21151455432012048,0.22681404202489014,0.22681404202489014
2019-01-11,1.072486869143718,-2.9929578053811134e-05,0.05195604147978693,0.049477869905369995,0.049038675155345574,0.00019703309012143117,44,0.2354644736006325,0.039148999340724695,0.333981018661348,0.09851654506071558,0.23546447360063244,0.23546447360063244
2019-01-14,1.0676469363237424,-0.0045128131254789094,0.0299029913436859,0.014845406447581536,0.04302506465894766,0.0001157409422130584,45,0.2345690098482982,0.040695086551105715,0.28273475454550767,0.0578704711065292,0.2248642834389785,0.2248642834389785
2019-01-15,1.0746741339649772,0.006581948959111683,0.11556047289464634,0.08040785079333686,0.1077475152158644,0.0003763107320184025,44,0.18998191073964787,0.04073739078240145,0.3781372767488492,0.18815536600920127,0.18998191073964796,0.18998191073964796
2019-01-16,1.0722010477284811,-0.0023012429147910574,0.13413530694102901,0.16035618831674314,0.09142095426314954,0.0005035542851597855,43,0.17383075551069294,0.049060593772929255,0.38707623717001743,0.2517771425798927,0.13529909459012476,0.13529909459012476
2019-01-17,1.0801109201580064,0.007377228782123213,0.06652047076455336,0.06425330780917327,0.036834893374183206,0.00020217640236671296,41,0.20447561069495868,0.046603981848904893,0.21873220856641187,0.10108820118335647,0.1176440073830554,0.1176440073830554
2019-01-18,1.090331090659461,0.009462149035544876,0.20177582645806455,0.23355623855677837,0.05313462599945969,0.0005733817291124761,43,0.0855820355845075,0.05490625769604695,0.37227290014074566,0.28669086455623805,0.08558203558450758,0.08558203558450758
2019-01-22,1.0734300264700567,-0.015500855046866602,0.13691376197112604,0.11990645303816368,0.13198428643192497,0.0005037814789401773,43,0.10882250842484609,0.05129072697452316,0.3117206046302611,0.2518907394700886,0.05982986516017245,0.05982986516017245
2019-01-23,1.0737902764614233,0.00033560640422125587,0.055680231672631884,0.04401017069172417,0.053429341554841234,0.00019487902449313082,40,0.12268575013614891,0.051627095222902215,0.19748397015419028,0.09743951224656541,0.10004445790762487,0.10004445790762487
2019-01-24,1.084720497944482,0.010179102682023045,0.1274428350235333,0.16456500561189602,0.060244707370873535,0.0004496194259655392,42,0.09131894005247632,0.07564671112257786,0.3161286530352459,0.2248097129827696,0.09131894005247629,0.09131894005247629
2019-01-25,1.095425669793154,0.009869060157854381,0.1251810759962334,0.09524421892124674,0.14892620628845799,0.0004883408504194095,46,0.09657408315415583,0.06627554324900384,0.3407445083638607,0.24417042520970475,0.09657408315415594,0.09657408315415594
2019-01-28,1.087598500969582,-0.007145321713201924,0.2562501150935932,0.39303883654464156,0.0702497719209911,0.0009265772169312654,47,0.047967353126453616,0.059441027479268854,0.4911701972670283,0.4632886084656327,0.02788158880139563,0.02788158880139563
2019-01-29,1.0849555380312053,-0.002430090641004634,0.1737252459808392,0.20850571265664597,0.10104714138707287,0.0006191057080874379,51,0.010156794974001238,0.05006578910337178,0.3095528540437189,0.3095528540437189,0.0,0.0
2019-01-30,1.10281439777593,0.016460453095738847,0.06560029555652845,0.0689589249124095,0.05797541418369627,0.00025386867819221157,53,0.0057235281569462115,0.04913440846234806,0.12693433909610577,0.12693433909610577,0.0,0.0
2019-01-31,1.1148969124266508,0.010956072640226688,0.12290560554570237,0.12077437178096194,0.10531444110328401,0.00045217762576849193,54,0.02538133855125535,0.0790334685783581,0.22608881288424595,0.22608881288424595,0.0,0.0
2019-02-01,1.1199332407747613,0.004517304059214355,0.10276180608859112,0.14492088795953664,0.056086272491706744,0.0004020143209024867,53,0.02977349288107911,0.07774024978174005,0.20100716045124334,0.20100716045124334,0.0,0.0
2019-02-04,1.1276653016324465,0.006904037290951459,0.07909916556530228,0.08702529309002073,0.0693396746579194,0.0003127299354958803,51,0.02772673441836404,0.07754555200364048,0.15636496774794015,0.15636496774794015,0.0,0.0
2019-02-05,1.134067181992008,0.005677110353838222,0.0759585667954171,0.0254451180052628,0.08829987962157558,0.0002274899952536768,50,0.0657360792796885,0.05638168005037543,0.1137449976268384,0.1137449976268384,0.0,0.0
2019-02-06,1.1271862892859341,-0.006067447163039752,0.08289980484165664,0.06334156297308055,0.09093207308735782,0.0003085472721208767,50,0.054590984116536734,0.05969210769705877,0.15427363606043837,0.15427363606043837,0.0,0.0
2019-02-07,1.1225960675755198,-0.004072283130166721,0.1392767376466451,0.1486449976549962,0.08943981974095119,0.0004761696347918948,46,0.09525676010928141,0.05967471722906204,0.2380848173959474,0.2380848173959474,0.0,0.0
2019-02-08,1.1251660416709337,0.0022893132887631396,0.10798647075127563,0.05618727357079099,0.13060778418166724,0.0003735901155049165,47,0.06582579618821238,0.062165015992444776,0.18679505775245825,0.18679505775245825,0.0,0.0
2019-02-11,1.1280734793499623,0.002584007667624677,0.09663775335848773,0.11409365404906752,0.03854331013267369,0.0003052739283634824,47,0.10627463964584982,0.0643979071767442,0.1609995034166238,0.1526369641817412,0.008362539234882616,0.008362539234882616
2019-02-12,1.1412954199189362,0.011720815009845786,0.1486197085246848,0.08012530090298539,0.12270277246762218,0.0004056561467412152,51,0.010589489662796714,0.06600479983780978,0.2028280733706076,0.2028280733706076,0.0,0.0
2019-02-13,1.1433279404206511,0.0017808890373529618,0.10102737268162108,0.10913056619542959,0.08235756299904211,0.0003829762583889433,55,0.0,0.064073619891874,0.19148812919447164,0.19148812919447164,0.0,0.0
2019-02-14,1.1500655802459006,0.005893007235326042,0.03578408241022013,0.012074583871595554,0.059493580948844584,0.0001431363296408803,52,1.1102230246251565e-16,0.062388969416012185,0.07156816482044015,0.07156816482044015,0.0,0.0
2019-02-15,1.162750438527413,0.011029682567145649,0.15466189408470277,0.19682101106041844,0.10422489368323448,0.000602091809487306,50,0.008277883425752641,0.06300461868956937,0.301045904743653,0.301045904743653,0.0,0.0
2019-02-19,1.1649605677729726,0.0019007769615280168,0.09360401919095362,0.09384605553763889,0.08510276099201745,0.0003578976330593127,57,0.0,0.06642259573650452,0.17894881652965633,0.17894881652965633,0.0,0.0
2019-02-20,1.1672150853202716,0.0019352736990994046,0.07083920360743527,0.04490792829416952,0.09677047892070088,0.0002833568144297409,59,1.1102230246251565e-16,0.06398358267799716,0.14167840721487043,0.14167840721487043,0.0,0.0
2019-02-21,1.1636796711086281,-0.0030289312193676476,0.08285376264197256,0.09609832458978901,0.06960920069415599,0.00033141505056789,56,0.0,0.06357094361423857,0.165707525283945,0.165707525283945,0.0,0.0
2019-02-22,1.176808576399288,0.011282233089241922,0.06636052493713301,0.0836058245739371,0.030028609003992908,0.00022726886715586004,56,0.019086616296336012,0.06377184238253221,0.11363443357793002,0.11363443357793002,0.0,0.0
2019-02-25,1.1764142402691016,-0.00033508944283267006,0.07372412618297265,0.05602496465245788,0.07970169711972543,0.00027145332354436665,62,0.0073662407079009284,0.06079643745324991,0.14309290248008416,0.13572666177218332,0.007366240707900849,0.007366240707900849
2019-02-26,1.1764304871827236,1.3810538045166965e-05,0.3686534629979789,0.45278695352621084,0.25667855106436493,0.0014189310091811515,50,0.035197108339927174,0.0863996517870268,0.7446626129305032,0.7094655045905758,0.0351971083399273,0.0351971083399273
2019-02-27,1.175072802502468,-0.0011540713157706106,0.08586815095246048,0.08762521036357718,0.07624618479444965,0.0003277427903160537,49,0.04309113306568024,0.09139673930816322,0.20696252822370703,0.16387139515802684,0.0430911330656802,0.0430911330656802
2019-02-28,1.1711515840954065,-0.0033370003958143046,0.21158458852568118,0.1844717320665674,0.19549489136524778,0.0007599332468636303,54,0.0,0.0738038282791422,0.37996662343181514,0.37996662343181514,0.0,0.0
2019-03-01,1.172143337389435,0.0008468188981654023,0.29098819059425274,0.442598016324126,0.119426191349164,0.00112404841534658,50,0.0199521735152155,0.07031273845464196,0.5732897959564632,0.56202420767329,0.011265588283173268,0.011265588283173268
2019-03-04,1.1663597495816604,-0.0049341984237658565,0.07750852221298332,0.05497107104012127,0.08813981400870877,0.00028622177009766003,50,0.008139211227700227,0.06921145343231433,0.15125009627653035,0.14311088504883002,0.00813921122770032,0.00813921122770032
2019-03-05,1.1651707046274637,-0.0010194495777338108,0.1287498347607131,0.13045658052195347,0.1105062645617852,0.0004819256901674773,50,0.02468041515051289,0.054120378958709914,0.24096284508373864,0.24096284508373864,0.0,0.0
2019-03-06,1.156353672164953,-0.007567159410628799,0.08411189014541992,0.06155011179218352,0.095916597081944,0.0003149334177482551,47,0.03561783927317086,0.05427976415647473,0.15746670887412753,0.15746670887412753,0.0,0.0
2019-03-07,1.1450698440478395,-0.009758111543838988,0.04699925444569292,0.038512281654063237,0.037257367253952144,0.00015153929781603078,49,0.01773451642594237,0.05989848394074883,0.07576964890801538,0.07576964890801538,0.0,0.0
2019-03-08,1.1409844764664634,-0.003567788989127796,0.09742462990832308,0.11845648431501342,0.038014399754098246,0.00031294176813822334,47,0.056170821996365694,0.059311681098113925,0.15647088406911167,0.15647088406911167,0.0,0.0
2019-03-11,1.1587447704204394,0.015565763005801925,0.06608605025795866,0.07025976514718824,0.05648685018006766,0.0002534932306545118,46,0.060721345997341025,0.06385717003184573,0.1267466153272559,0.1267466153272559,0.0,0.0
2019-03-12,1.163737467070729,0.004308711269072729,0.10759951130620686,0.13361881668187192,0.04467701897034538,0.0003565916713044346,47,0.02353609091322373,0.06389804753668112,0.19251580955315892,0.1782958356522173,0.014219973900941636,0.014219973900941636
2019-03-13,1.1724020113733455,0.007445445856810284,0.1314051714566948,0.08435827026333377,0.1697558369692289,0.0005082282144651255,50,0.01465404031129558,0.0687591726515032,0.2687681475438583,0.2541141072325627,0.01465404031129556,0.01465404031129556
2019-03-14,1.173322023265499,0.0007847239114473492,0.06429573277932973,0.08620067010386089,0.023057095411714003,0.0002185155310311498,49,0.03397305037072962,0.07322900569933025,0.1289216988678095,0.1092577655155749,0.019663933352234583,0.019663933352234583
2019-03-15,1.182325633925085,0.007673605780046389,0.06294933528769187,0.06838817985730206,0.04493190017106931,0.00022664016005674275,49,0.021128108247448152,0.07422864360360899,0.13387990384269305,0.11332008002837136,0.020559823814321688,0.020559823814321688
2019-03-18,1.1860386445573206,0.0031404297815222915,0.0718788533147751,0.05080988909010043,0.07972733120280512,0.0002610744405858111,48,0.03427695222248994,0.0732020378359162,0.16481417251539554,0.13053722029290554,0.03427695222249001,0.03427695222249001
2019-03-19,1.1886755140416867,0.002223257645496357,0.08779764163761206,0.0738490526275145,0.06045194035067687,0.00026860198595638277,45,0.07548601864063054,0.062006605323841786,0.16838474716666196,0.13430099297819137,0.0340837541884706,0.0340837541884706
2019-03-20,1.1885452101290739,-0.00010962109597911773,0.16365726942237485,0.25103572796985957,0.05306126644664756,0.0006081939888330142,46,0.052230834803631,0.06009527522304863,0.35632782922013806,0.3040969944165071,0.052230834803630916,0.052230834803630916
2019-03-21,1.2071930080473774,0.015689599149769418,0.1076571542995019,0.13102662353807623,0.04950599901754697,0.00036106524511124644,50,0.016623759191233156,0.059597058007658264,0.19715638174685646,0.18053262255562322,0.016623759191233253,0.016623759191233253
2019-03-22,1.1851453117608033,-0.01826360502388602,0.05114017752052349,0.017913627085633013,0.06570435469690288,0.00016723596356507176,52,0.035592558576995836,0.05906998617526045,0.11921054035953177,0.08361798178253588,0.03559255857699589,0.03559255857699589
2019-03-25,1.186802983570467,0.0013987076464074821,0.16776308871732465,0.20410708017788923,0.06704208878861717,0.0005422983379330128,45,0.09990057817120823,0.07280526688132921,0.3088102731365417,0.2711491689665064,0.03766110417003526,0.03766110417003526
2019-03-26,1.1972008099914242,0.008761206843005853,0.1423699003527618,0.08287256575030494,0.13309338599497705,0.00043193190349056403,46,0.030216305743298477,0.06827151784161005,0.2461822574885804,0.21596595174528202,0.03021630574329838,0.03021630574329838
2019-03-27,1.1839345852865601,-0.011081035523989535,0.14015846340419374,0.13664663494936055,0.08912581530099052,0.0004515449005007021,44,0.08508556517041965,0.07013085020457613,0.2534574662635505,0.22577245025035106,0.02768501601319944,0.02768501601319944
2019-03-28,1.1893285667604652,0.00455597930910967,0.014573769716482212,0.010505355782281341,0.014907139226914017,5.082499001839071e-05,43,0.08096032591879199,0.07025284918263063,0.044125415643286925,0.025412495009195357,0.01871292063409157,0.01871292063409157
2019-03-29,1.2000801421978187,0.009040037999456407,0.08499927053567002,0.07441139519627735,0.03650542105011524,0.00022183363249278517,44,0.021135474837499668,0.0709773491417259,0.12485746803993361,0.11091681624639259,0.013940651793541025,0.013940651793541025
2019-04-01,1.213281842835283,0.011000682515491578,0.05521677010767659,0.0642946653322363,0.03890263092009023,0.00020639459250465308,44,0.013664941323225044,0.0702912748777184,0.11686223757555159,0.10319729625232654,0.013664941323225047,0.013664941323225047
2019-04-02,1.2150232406622048,0.001435278898472836,0.09314610448431113,0.08648792221911533,0.0897424638020273,0.00035246077204228527,44,0.023702369925694522,0.07155256152430411,0.19993275594683704,0.17623038602114263,0.023702369925694425,0.023702369925694425
2019-04-03,1.222318365756406,0.006004103337336364,0.08276276656774921,0.04780875325242959,0.10611292752892366,0.0003078433615627065,43,0.03515750708562504,0.07637718644997249,0.15392168078135324,0.15392168078135324,0.0,0.0
2019-04-04,1.208400762658462,-0.011386234133307305,0.09468454091197032,0.08491488712424569,0.06890270572301457,0.00030763518569452053,44,0.0,0.07562087328459595,0.15381759284726026,0.15381759284726026,0.0,0.0
2019-04-05,1.2155659924197806,0.0059295144315822945,0.07067022465866185,0.045777949450788155,0.07846924053637816,0.00024849437997433263,45,0.017093259330157373,0.07584380433246293,0.12424718998716631,0.12424718998716631,0.0,0.0
2019-04-08,1.217117214199611,0.0012761312750633191,0.04218263659864653,0.03594593398891211,0.03985950503563404,0.00015161087804909233,44,0.02562871984001802,0.07590730047292835,0.07580543902454616,0.07580543902454616,0.0,0.0
2019-04-09,1.2163033189911896,-0.000668707334779195,0.024232886850172407,0.004192054854775805,0.02977700427181653,6.793811825318467e-05,46,0.011147412515144728,0.07587209227337445,0.03396905912659234,0.03396905912659234,0.0,0.0
2019-04-10,1.2240318077029033,0.006354080097490611,0.020139810996664856,0.01067206903625945,0.02714073056600377,7.562559920452645e-05,43,0.013543012874950522,0.07574866200080212,0.03781279960226322,0.03781279960226322,0.0,0.0
2019-04-11,1.223287631415037,-0.0006079713641289342,0.013488691457931721,0.0,0.018992379405413696,3.798475881082739e-05,43,0.021535740417324867,0.07618346447279932,0.018992379405413696,0.018992379405413696,0.0,0.0
2019-04-12,1.2291801058894873,0.004816916580472785,0.07653164923092946,0.037094092578552056,0.09454234663592694,0.000263272878428958,43,0.0,0.07613680241365103,0.13163643921447898,0.13163643921447898,0.0,0.0
2019-04-15,1.2306985276063536,0.0012353126361148714,0.024771224135775413,0.005983818234114485,0.043558630037436354,9.908489654310166e-05,44,0.0,0.07516731569341382,0.049542448271550826,0.049542448271550826,0.0,0.0
2019-04-16,1.225768371848298,-0.004005981682325244,0.032510918354651766,0.029501904147149642,0.035519932562153786,0.00013004367341860684,44,1.1102230246251565e-16,0.0745217375886496,0.06502183670930342,0.06502183670930342,0.0,0.0
2019-04-17,1.2093059158761232,-0.013430315506796298,0.06676024727454376,0.0481485446092619,0.08537194993982551,0.0002670409890981748,47,0.0,0.07083393854032805,0.1335204945490874,0.1335204945490874,0.0,0.0
2019-04-18,1.2089853274742903,-0.00026510116061129185,0.029111476625417194,0.010883209120078952,0.047339744130755465,0.00011644590650166877,46,0.0,0.07083447209164334,0.05822295325083439,0.05822295325083439,0.0,0.0
2019-04-22,1.2094502841778743,0.00038458424020348936,0.055255060022811026,0.0682861503360969,0.01820465047367793,0.00017298160161954967,47,0.024019319235847214,0.07058672736444115,0.08649080080977484,0.08649080080977484,0.0,0.0
2019-04-23,1.2227079833676133,0.010961756231882669,0.06135669416088998,0.03912404367360235,0.07286898996233301,0.00022398606727187077,48,0.013033203838959784,0.0699472344259097,0.11199303363593538,0.11199303363593538,0.0,0.0
2019-04-24,1.225843279416432,0.0025642230945310818,0.09795648947523035,0.06683425582923283,0.10199673494321414,0.000337661981544894,46,0.040077467890336504,0.08704669216206938,0.16883099077244698,0.16883099077244698,0.0,0.0
2019-04-25,1.2277862960324737,0.0015850448818928164,0.07190201993207485,0.06531422005757571,0.03848408275129919,0.00020759660561774982,47,1.1102230246251565e-16,0.08760865530048312,0.1037983028088749,0.1037983028088749,0.0,0.0
2019-04-26,1.2310706940613927,0.002675056758274952,0.0719671245845418,0.07726904072352925,0.02943562104356367,0.00021340932353418581,47,0.03722958740199078,0.08774146312590213,0.10670466176709291,0.10670466176709291,0.0,0.0
2019-04-29,1.2289670467280411,-0.001708794907960498,0.06454876260282551,0.009105489780246282,0.09285650623373828,0.0002039239920279692,45,0.010150179833962492,0.08726104440577066,0.10196199601398459,0.10196199601398459,0.0,0.0
2019-04-30,1.2404521083630826,0.009345296658375801,0.09334485861563323,0.08812259063016262,0.08851447755073433,0.000353274136361794,49,0.0,0.09226808129008142,0.17663706818089697,0.17663706818089697,0.0,0.0
2019-05-01,1.227824152143989,-0.01018012395154666,0.061895030503456634,0.07046990137757853,0.053320159629334625,0.0002475801220138263,47,1.1102230246251565e-16,0.09111410038817584,0.12379006100691316,0.12379006100691316,0.0,0.0
2019-05-02,1.231537742263124,0.0030245292965205284,0.1328533080465505,0.1430190379939495,0.06586456436344483,0.0004177672047147886,46,0.05682301373570675,0.09023196300421646,0.2088836023573943,0.2088836023573943,0.0,0.0
2019-05-03,1.2341538431861234,0.0021242555816374242,0.049884185578838114,0.03596852847501157,0.03519312398593277,0.00014232330492188868,48,0.028087774206865812,0.09030466870106653,0.07116165246094434,0.07116165246094434,0.0,0.0
2019-05-06,1.224886658967464,-0.007508937617319189,0.09073227201683058,0.06300751395217646,0.08274593318443936,0.00029150689427323166,46,0.06400312640875583,0.09121448585497875,0.14575344713661584,0.14575344713661584,0.0,0.0
2019-05-07,1.1988924119064035,-0.021221757026052335,0.11606894082475266,0.07598429938554906,0.12494216099224124,0.00040185292075558057,47,0.03415313604729542,0.09181346871886785,0.20092646037779027,0.20092646037779027,0.0,0.0
2019-05-08,1.1975426879170292,-0.0011258091017758431,0.060800240321777714,0.05209918831995617,0.035315640739699415,0.00017482965811931115,51,0.0,0.09178128841389874,0.08741482905965557,0.08741482905965557,0.0,0.0
2019-05-09,1.19359759447407,-0.003294323853975656,0.12944230309827404,0.13817045979434306,0.12071414640220506,0.0005177692123930961,52,0.0,0.08374329821484391,0.2588846061965481,0.2588846061965481,0.0,0.0
2019-05-10,1.2000060833834125,0.0053690531373484784,0.02246652539224889,0.0,0.04493305078449766,8.986610156899534e-05,52,1.1102230246251565e-16,0.08192000842067218,0.04493305078449767,0.04493305078449767,0.0,0.0
2019-05-13,1.1571783315456285,-0.03568961227015721,0.04560539978815331,0.012284345260027758,0.07892645431627876,0.00018242159915261302,54,0.0,0.08401886384436226,0.09121079957630651,0.09121079957630651,0.0,0.0
2019-05-14,1.1763916675116508,0.01660360848648046,0.08490629488341851,0.06812203369203144,0.10169055607480558,0.00033962517953367403,53,0.0,0.07498749580458336,0.16981258976683702,0.16981258976683702,0.0,0.0
2019-05-15,1.185995702936712,0.008163977772280617,0.06809532366458146,0.04794250700385573,0.0882481403253072,0.0002723812946583258,54,0.0,0.0670869357675408,0.13619064732916292,0.13619064732916292,0.0,0.0
2019-05-16,1.1977105471951222,0.009877644775105221,0.05459012046667396,0.027632470588029492,0.0644572681978339,0.0001841794775717268,55,0.017090502147484532,0.06002274597204999,0.10918024093334794,0.09208973878586339,0.01709050214748454,0.01709050214748454
2019-05-17,1.1865469160781195,-0.009320808890884713,0.08371515039636646,0.06147881223982897,0.09176194764931149,0.00030648151977828085,53,0.031435551900638625,0.05997067370482125,0.17195679025621555,0.15324075988914043,0.0187160303670751,0.0187160303670751
2019-05-20,1.1662034472198086,-0.017145102804322243,0.057658688542243916,0.05115467408821919,0.05032603117119741,0.00020296141051883318,53,0.018140756161867055,0.060177867565370136,0.11962146142128365,0.10148070525941659,0.018140756161867052,0.018140756161867052
2019-05-21,1.1794941275695114,0.01139653666895546,0.05658164116778818,0.053060011975091095,0.058419883525908406,0.00022295979100199904,53,0.016248958042139883,0.05992533575655369,0.12165779790556823,0.11147989550099952,0.01017790240456872,0.01017790240456872
2019-05-22,1.1745370766003378,-0.004202692368963534,0.09077774260099551,0.07347895338399814,0.1041830997207643,0.0003553241062095248,54,0.012418305513599681,0.0590555667129236,0.19008035861836198,0.1776620531047624,0.012418305513599563,0.012418305513599563
2019-05-23,1.1542171309428921,-0.01730038673301071,0.06512444937996643,0.04770410407749918,0.05118249216752745,0.00019777319249005324,54,0.04399673254627301,0.05925629786492574,0.11179178280184865,0.09888659624502662,0.012905186556822035,0.012905186556822035
2019-05-24,1.1548649629744494,0.0005612739702001157,0.07076430083281546,0.04540339728980692,0.06295259423574122,0.0002167119830510963,53,0.010789912767260157,0.05877000073287905,0.10835599152554815,0.10835599152554815,0.0,0.0
2019-05-28,1.1488864811091877,-0.005176780019253258,0.14238247247124333,0.1334037836146053,0.15131880220701685,0.0005694451716432442,51,0.010797525078602654,0.0671729332040513,0.28472258582162213,0.28472258582162213,0.0,0.0
2019-05-29,1.1398570582872332,-0.007859281983401134,0.10469798808211161,0.07258820994028833,0.12592902907216688,0.0003970344780249104,51,1.1102230246251565e-16,0.07688109987775373,0.1985172390124552,0.1985172390124552,0.0,0.0
2019-05-30,1.1456029737079363,0.005040908751608786,0.06064891205342812,0.03713727037722709,0.08416055372962904,0.00024259564821371227,52,0.0,0.05387515121637598,0.12129782410685613,0.12129782410685613,0.0,0.0
2019-05-31,1.1287690698552217,-0.014694361169671932,0.08278935067281015,0.0515167872375897,0.11406191410803063,0.0003311574026912406,55,0.0,0.06908936559862522,0.1655787013456203,0.1655787013456203,0.0,0.0
2019-06-03,1.11135877171778,-0.015424145294550717,0.06928242525821862,0.05975301817460055,0.07881183234183659,0.00027712970103287426,53,1.1102230246251565e-16,0.0776453521010011,0.13856485051643713,0.13856485051643713,0.0,0.0
2019-06-04,1.146817118179385,0.031905400275735074,0.11984037053478917,0.10657663790973299,0.1271780474128457,0.0004675093706451574,48,0.005926055746999781,0.07735777687183946,0.23375468532257868,0.23375468532257868,0.0,0.0
2019-06-05,1.1591012958925402,0.010711540243362405,0.08785781734984607,0.07128560559493334,0.07795698764242051,0.0002984851864747077,45,0.03233454266348079,0.07868912165572357,0.16167636299326207,0.14924259323735387,0.012433769755908198,0.012433769755908198
2019-06-06,1.1644361072723548,0.004602541122781467,0.13942712700993115,0.18299326201551924,0.07083409052639277,0.0005076547050838241,50,0.007143162361069044,0.07446925764072666,0.26097051490298095,0.253827352541912,0.007143162361068961,0.007143162361068961
2019-06-07,1.1818401592903145,0.014946334890566071,0.05825576393228584,0.06202663345450964,0.0412496495661414,0.00020655256604130206,49,0.020271761630124674,0.07413811217518472,0.11978883882712686,0.10327628302065103,0.016512555806475822,0.016512555806475822
2019-06-10,1.1944667931505,0.010683876123965597,0.09536291838557356,0.09962449505926944,0.055460605833993,0.0003101702017865249,46,0.055691984752506696,0.07340636829258457,0.17117241832064622,0.15508510089326244,0.016087317427383768,0.016087317427383768
2019-06-11,1.1960064667695416,0.001289004958422213,0.07128759691992495,0.027625120414069483,0.10998991339572638,0.00027523006761959174,48,0.0506448215167965,0.07310418161491067,0.15481855288404725,0.13761503380979587,0.01720351907425137,0.01720351907425137
2019-06-12,1.1936459570086646,-0.0019736596970523212,0.1427675234245249,0.1388025321496678,0.10960815036939783,0.0004968213650381313,47,0.013595399310796119,0.06465968951322881,0.25604776992886147,0.24841068251906565,0.0076370874097958195,0.0076370874097958195
2019-06-13,1.195394049938261,0.0014644986809799754,0.08222625104285335,0.05949897196806456,0.061333907846662,0.00024166575962945307,46,0.05719185951573147,0.06467541875828631,0.12921024493147182,0.12083287981472654,0.008377365116745271,0.008377365116745271
2019-06-14,1.189094997931683,-0.005269435636644948,0.033717182008308866,0.011359087061678343,0.05443161663115117,0.000131581407385659,45,0.059130919868250253,0.06501651713971708,0.07361383816101624,0.06579070369282951,0.00782313446818673,0.00782313446818673
2019-06-17,1.190539586533654,0.0012148639128781724,0.060909413122731126,0.05866856729341891,0.04730584949501468,0.0002119488335768672,43,0.07489106294728298,0.07355827920247053,0.12468479310048577,0.1059744167884336,0.018710376312052177,0.018710376312052177
2019-06-18,1.2032618806167548,0.010686157963165854,0.03996793049831387,0.01669006374000582,0.0431490162556554,0.00011967815999132245,41,0.09418713984547611,0.07395646918830695,0.07706566648177549,0.059839079995661223,0.017226586486114262,0.017226586486114262
2019-06-19,1.2121041745876302,0.007348603087420358,0.09450840812169792,0.07406052507846529,0.06488586894424143,0.00027789278804541345,46,0.04340363991628382,0.08056904111807395,0.1465403210471035,0.13894639402270673,0.007593927024396771,0.007593927024396771
2019-06-20,1.2222445115586633,0.008365895591839756,0.04179409883921392,0.023477255483283214,0.05512918230484881,0.00015721287557626405,47,0.048018535028125364,0.08100415764570289,0.08421097948604778,0.07860643778813202,0.005604541697915755,0.005604541697915755
2019-06-21,1.2152776502467644,-0.0057000553048215385,0.04958189695739205,0.055728112277332466,0.03528265608584576,0.00018202153672635643,47,0.056438047467509245,0.08103449003272366,0.09686980178149947,0.09101076836317822,0.005859033418321253,0.005859033418321253
2019-06-24,1.2113909731601669,-0.0031981803383023255,0.07180973039162514,0.05633983052212458,0.033196084430015545,0.00017907182990428025,46,0.002525440920362665,0.08152082599124515,0.08953591495214012,0.08953591495214012,0.0,0.0
2019-06-25,1.1990334062281305,-0.010201138365592333,0.04319153393103836,0.02195549746159579,0.06141067866721152,0.00016673235225761463,47,0.005567935127568813,0.08181188566777549,0.08336617612880731,0.08336617612880731,0.0,0.0
2019-06-26,1.1980913002302367,-0.0007857212259476665,0.046482962619955145,0.049134303226789224,0.017453673788293593,0.00013317595403016563,45,0.03194951953916725,0.08116133021852921,0.06658797701508282,0.06658797701508282,0.0,0.0
2019-06-27,1.2075160878847373,0.007866502037607193,0.033956804576875,0.016189303069993083,0.03406735136155928,0.00010051330886310472,45,0.014040009233500683,0.07894511966484791,0.05025665443155236,0.05025665443155236,0.0,0.0
2019-06-28,1.2175866330662335,0.008339884894732252,0.02215013316585905,0.003461937537480194,0.03283028733210648,7.258444973917336e-05,44,0.021930916434613312,0.0787111141230532,0.03629222486958668,0.03629222486958668,0.0,0.0
2019-07-01,1.2287743766771362,0.009188457976685216,0.09616200037689504,0.10762281933564959,0.05311219764183443,0.00032147003395496804,46,0.05331323768435947,0.07849974552784608,0.16073501697748402,0.16073501697748402,0.0,0.0
2019-07-02,1.2339518505218208,0.004213526862991479,0.07311441731750509,0.06135742338486986,0.07554973706134727,0.00027381432089243425,45,0.062396680978320296,0.07811983755648466,0.13690716044621712,0.13690716044621712,0.0,0.0
2019-07-03,1.2429992360177462,0.007332040948031748,0.04599104325085842,0.048978909317748426,0.026612358364888133,0.00015118253536527314,43,0.04554233246952266,0.07776358985965795,0.07559126768263656,0.07559126768263656,0.0,0.0
2019-07-05,1.2417216195725649,-0.00102784974291259,0.059228630462986126,0.06542927608878013,0.025357545699379196,0.00018157364357631865,46,0.017910474374701835,0.07786202126326819,0.09078682178815932,0.09078682178815932,0.0,0.0
2019-07-08,1.2356822556588212,-0.004863701991290603,0.11270113018924105,0.1231859761560479,0.07063267400820808,0.000387637300328512,44,0.049574644851986815,0.0749112043824346,0.19381865016425598,0.19381865016425598,0.0,0.0
2019-07-09,1.2426946517723525,0.005674918516809679,0.03967511454709426,0.02934249150190141,0.03391292501672099,0.00012651083303724482,42,0.0653834765461,0.07414983569861619,0.0632554165186224,0.0632554165186224,0.0,0.0
2019-07-10,1.2488238714825777,0.004932200924405272,0.1373932460314743,0.15085286215270366,0.058898348963733374,0.0004195024222328741,44,0.0,0.07926314403147501,0.20975121111643705,0.20975121111643705,0.0,0.0
2019-07-11,1.2510475129452674,0.0017805885309110092,0.02766207092481659,0.02521270231863714,0.02201142708117775,9.444825879962979e-05,43,0.008100012449818283,0.07777708141616745,0.04722412939981489,0.04722412939981489,0.0,0.0
2019-07-12,1.2596203664666328,0.006852540317340061,0.030757193698510973,0.02379730836446663,0.02681067907902178,0.00010121597488697681,44,0.018950470236763772,0.07757689811968717,0.050607987443488406,0.050607987443488406,0.0,0.0
2019-07-15,1.263254645273288,0.002885217565074649,0.0363940277300835,0.023921401456879397,0.029972739459266103,0.000107788281832291,46,1.1102230246251565e-16,0.07657561944519584,0.0538941409161455,0.0538941409161455,0.0,0.0
2019-07-16,1.2592667587671467,-0.0031568350221887753,0.02618967691876045,0.009282545334822786,0.043096808502698,0.00010475870767504159,46,0.0,0.07576694238615203,0.05237935383752079,0.05237935383752079,0.0,0.0
2019-07-17,1.2536721191642044,-0.004442775578718194,0.029767660009886697,0.01775161298302161,0.034556550139972456,0.00010461632624598813,47,0.00722715689677933,0.07415606181435373,0.052308163122994064,0.052308163122994064,0.0,0.0
2019-07-18,1.258257791966277,0.0036577927609411365,0.025691434377011133,0.013095775165552066,0.0363669251446718,9.892540062044772e-05,47,0.009120273897579523,0.08531881310995787,0.04946270031022386,0.04946270031022386,0.0,0.0
2019-07-19,1.2454844977097703,-0.010151571751084387,0.03872158186834755,0.03187179905279716,0.04400183570904812,0.0001517472695236906,47,0.00764288139089675,0.08661953654565122,0.07587363476184529,0.07587363476184529,0.0,0.0
2019-07-22,1.2507249596131345,0.0042075689524843085,0.07113599683708394,0.0619362665306189,0.07272691876804431,0.00026932637059732644,45,0.0,0.08512286076132328,0.13466318529866322,0.13466318529866322,0.0,0.0
2019-07-23,1.2570545143267042,0.005060708723305218,0.05553588050931461,0.052454896057692366,0.0395073334428203,0.0001839244590010253,45,0.019109531518116563,0.08534836551574838,0.09196222950051265,0.09196222950051265,0.0,0.0
2019-07-24,1.2708902140632303,0.01100644369742132,0.42053813376107263,0.4931859733165262,0.3391486743067832,0.0016646692952466187,47,0.010128408661992383,0.17477910625214185,0.8424630562853016,0.8323346476233093,0.010128408661992326,0.010128408661992326
2019-07-25,1.2593621694062649,-0.009070842256396427,0.15567175146717363,0.13480402781312345,0.1700507041636219,0.0006097094639534906,47,0.016703661897359168,0.15733547551012048,0.3215583938741045,0.3048547319767453,0.016703661897359185,0.016703661897359185
2019-07-26,1.2663621450374534,0.005558349933989737,0.19626567944263767,0.16393568330867195,0.2119968347444435,0.0007518650361062311,48,0.0,0.130216434175328,0.3759325180531155,0.3759325180531155,0.0,0.0
2019-07-29,1.2649787125968663,-0.0010924461426838894,0.39360036870247656,0.5314826968722517,0.14280597887257007,0.0013485773514896435,49,0.11291206166013135,0.0899052458458291,0.6832839344808027,0.6742886757448218,0.008995258735980975,0.008995258735980975
2019-07-30,1.257729974817158,-0.005730323923655134,0.43095494361666825,0.5501974262204866,0.1983196550576528,0.0014970341625562792,46,0.0,0.16440276851712599,0.7485170812781395,0.7485170812781395,0.0,0.0
2019-07-31,1.2493263247872208,-0.0066816011371271244,0.4201420172989731,0.5350584721394596,0.1953716896344398,0.0014608603235477986,50,0.1098538728240469,0.08892520637903958,0.7304301617738993,0.7304301617738993,0.0,0.0
2019-08-01,1.2467959996200861,-0.0020253516770853963,0.15480422060996488,0.026917096328266867,0.2051219827062436,0.00046407815806902086,49,0.032456370658208056,0.0876702100271282,0.23203907903451043,0.23203907903451043,0.0,0.0
2019-08-02,1.235156051574501,-0.009335888187908759,0.12307570239277256,0.12780359319199855,0.10277034480714647,0.00046114787599829,50,0.04832459377425036,0.08957628548537487,0.25439127253514787,0.230573937999145,0.02381733453600289,0.02381733453600289
2019-08-05,1.1930568113137974,-0.034084146863093245,0.28199297154232217,0.30971925968073993,0.21057040277165048,0.001040579324904781,44,0.006281476792794005,0.07603514887303509,0.5202896624523905,0.5202896624523905,0.0,0.0
2019-08-06,1.219824951621749,0.02243660155502103,0.31466607637713884,0.42713735246117246,0.11600407029060535,0.0010862828455035557,49,0.09232769079084258,0.0753452894052625,0.5670189153049264,0.5431414227517778,0.02387749255314855,0.02387749255314855
2019-08-07,1.2226740423524196,0.002335655396196623,0.333551540152844,0.48232483477300936,0.13407354969601679,0.0012327967689380523,44,0.041294295734183195,0.12174535817809981,0.6389582619063251,0.6163983844690262,0.02255987743729898,0.02255987743729898
2019-08-08,1.254697022239893,0.026190937877327736,0.1855986451324812,0.2195959056253579,0.1387611832131373,0.0007167141776769905,44,0.05305172347745035,0.056935975941565464,0.37336895279538124,0.35835708883849526,0.015011863956886017,0.015011863956886017
2019-08-09,1.2440367571091737,-0.008496286307979384,0.2017234995308643,0.1810110523457557,0.17937091558765578,0.000720763935866823,47,0.010402732003933934,0.0694566789932146,0.3707846999373454,0.3603819679334115,0.010402732003933947,0.010402732003933947
2019-08-12,1.227582055133747,-0.013226861570925896,0.05319613950139949,0.03356733932998152,0.0723510427001902,0.00021183676406034345,46,0.010066041659474445,0.06902215805766602,0.11598442368964612,0.10591838203017172,0.010066041659474398,0.010066041659474398
2019-08-13,1.2467667521168684,0.015628036352348884,0.0704086609277634,0.021109497894750237,0.09392377286535193,0.00023006654152020432,48,0.035692920720791776,0.07253411543067396,0.12547867823177844,0.11503327076010215,0.010445407471676282,0.010445407471676282
2019-08-14,1.2101387066574107,-0.02937842655594347,0.0813151821511896,0.07968251296783375,0.05729028228648657,0.0002739455905086407,48,0.011105618355589542,0.07142025328109461,0.14807841360990995,0.13697279525432032,0.011105618355589627,0.011105618355589627
2019-08-15,1.213389167777803,0.0026860235958987566,0.09211945774586357,0.08975947619030802,0.08340740693664757,0.0003463337662539112,50,0.0,0.0711808660776597,0.1731668831269556,0.1731668831269556,0.0,0.0
2019-08-16,1.226677866919025,0.010951720597241588,0.09537234226000815,0.09201347815858682,0.038833647877015334,0.00026169425207120433,48,0.05989755848441414,0.051785045074014914,0.13084712603560217,0.13084712603560217,0.0,0.0
2019-08-19,1.237309160795355,0.008666736527195962,0.05658908103693856,0.05549028362651263,0.03946724360243891,0.00018991505445790309,47,0.077592259651865,0.05203965397279163,0.10560665726568148,0.09495752722895154,0.010649130036729954,0.010649130036729954
2019-08-20,1.2336463371083826,-0.0029603140452123533,0.08655794591102889,0.07106213100158333,0.04892778494127853,0.0002399798318857237,48,0.024677987360393505,0.057880351235146135,0.1342838825937229,0.11998991594286185,0.014293966650861047,0.014293966650861047
2019-08-21,1.2479657468110694,0.011607386389401508,0.023868584059342793,0.015372196516286254,0.020561389492383536,7.186717201733958e-05,49,0.012589491878208459,0.057636411264396906,0.04852307788687838,0.03593358600866979,0.01258949187820859,0.01258949187820859
2019-08-22,1.246367547513354,-0.0012806435607702893,0.02715395022269349,0.0,0.05114348359447123,0.00010228696718894248,49,0.015768762662482838,0.05605751664539357,0.06532950859410784,0.05114348359447124,0.014186024999636594,0.014186024999636594
2019-08-23,1.2170090573735435,-0.023555242751934657,0.11644362323098473,0.1317571791609302,0.09056749172404768,0.00044464934176995574,49,0.005579403757268064,0.11141314265680274,0.22790407464224602,0.22232467088497787,0.005579403757268155,0.005579403757268155
2019-08-26,1.23390009330182,0.013879137403241204,0.19994302238642375,0.2579682505492747,0.13641910837535387,0.0007887747178492571,51,0.0,0.09840470773349817,0.39438735892462856,0.39438735892462856,0.0,0.0
2019-08-27,1.2354574871222774,0.0012621717340906002,0.16219277229456064,0.19611514125756313,0.10153264204857207,0.0005952955666122704,50,0.026737761282986106,0.05149761783771594,0.3093783376688671,0.29764778330613517,0.011730554362731876,0.011730554362731876
2019-08-28,1.2351079553850972,-0.0002829168472598953,0.0705566571166932,0.026242562301111657,0.09444562088933832,0.00024137636638089994,51,0.04716400333970838,0.07129233003141289,0.1325914519575508,0.12068818319044997,0.011903268767100825,0.011903268767100825
2019-08-29,1.2491108922666587,0.011337419389542802,0.1492097393099197,0.17797429628469078,0.09458368516962108,0.0005451159629086236,44,0.020748360815468048,0.06771703682634937,0.2798383452153592,0.2725579814543118,0.007280363761047404,0.007280363761047404
2019-08-30,1.2473291695952091,-0.0014263927105915286,0.14069594596825163,0.12048495877274358,0.15953736994309856,0.0005600446574316843,42,0.019396798573270146,0.1067130591072672,0.29941912728911224,0.28002232871584215,0.01939679857327007,0.01939679857327007
2019-09-03,1.2346784902803862,-0.010142213958588275,0.11239320285985689,0.16158070303557126,0.0556080152167408,0.00043437743650462417,44,0.02718471634673847,0.05481108825349414,0.22954985242512005,0.2171887182523121,0.012361134172807941,0.012361134172807941
2019-09-04,1.247728087965462,0.010569227363888212,0.09727192296655332,0.0986548383842506,0.06899762748163554,0.0003353049317317723,47,0.0,0.0540473217103631,0.16765246586588614,0.16765246586588614,0.0,0.0
2019-09-05,1.2673115902887713,0.0156953285833632,0.04040018096704774,0.017662415285412056,0.04795317016771848,0.00013123117090626109,48,0.015184776480964945,0.054080638330174305,0.07648441362815814,0.06561558545313054,0.010868828175027613,0.010868828175027613
2019-09-06,1.2630743809433063,-0.0033434629478134026,0.11470214037642483,0.11396825844085526,0.11514017287865147,0.0004582168626390135,48,0.014932885839108567,0.06916843478631977,0.24404131715861538,0.22910843131950676,0.014932885839108631,0.014932885839108631
2019-09-09,1.253982731729868,-0.007198031525782689,0.11903638269714634,0.11671153235366817,0.05804210747793992,0.00034950727966321624,47,0.07835502109957893,0.06270791267872708,0.19091497625110881,0.1747536398316081,0.01616133641950072,0.01616133641950072
2019-09-10,1.242568145648862,-0.009102666083176114,0.07465371869942869,0.05726670510772919,0.08729569980772521,0.0002891248098309088,47,0.08379698270853042,0.05676235579166233,0.1558599164208251,0.14456240491545438,0.01129751150537072,0.01129751150537072
2019-09-11,1.2521852300274101,0.007739683664211627,0.04136034382651053,0.02880714402083851,0.04477739040288933,0.0001471690688474557,46,0.09227731730448985,0.05574142322751942,0.08067564609777221,0.07358453442372785,0.007091111674044364,0.007091111674044364
2019-09-12,1.256049445973084,0.003085977899283554,0.1404265400864016,0.14682717864565725,0.05111020068309569,0.0003958747586575059,48,0.009041308899967904,0.07474162013396923,0.2069786882287209,0.19793737932875294,0.009041308899967947,0.009041308899967947
2019-09-13,1.2499414287144066,-0.004862879624890404,0.10594968925340077,0.12236703046613114,0.02357806826352364,0.00029189019745930954,47,0.07503711835834725,0.05090248364675556,0.1541943287528749,0.14594509872965478,0.008249230023220123,0.008249230023220123
2019-09-16,1.252634642379146,0.002154671893313642,0.0587992405885402,0.057129209215935624,0.034433139532745925,0.0001831246974973631,48,0.048825941573620635,0.05108694249001653,0.09820146188088663,0.09156234874868155,0.00663911313220508,0.00663911313220508
2019-09-17,1.2633327576115627,0.008540491273734574,0.0738584293994407,0.064554065513002,0.060767308890838055,0.00025064274880768006,47,0.026004856620282957,0.06722985965917741,0.13223503725234428,0.12532137440384003,0.006913662848504237,0.006913662848504237
2019-09-18,1.2605188651004557,-0.0022273565647319415,0.09558562081121072,0.10217422943275901,0.07279808852104858,0.0003499446359076152,47,0.009854863766066035,0.0839138042917973,0.1848271817198735,0.17497231795380758,0.009854863766065909,0.009854863766065909
2019-09-19,1.2620617885071805,0.0012240383301218571,0.05993880764803904,0.06678061542850218,0.05299639820807878,0.00023955402727316192,47,0.009941059555608978,0.08022862957282073,0.1297180731921899,0.11977701363658096,0.009941059555608926,0.009941059555608926
2019-09-20,1.2558884746475332,-0.004891451366219934,0.01448944243510137,0.004357170666666829,0.021875496776006545,5.246533488534674e-05,48,0.007243183234577288,0.08045602100600524,0.033475850677250736,0.02623266744267337,0.007243183234577363,0.007243183234577363
2019-09-23,1.2545243795861791,-0.0010861593914514023,0.041859950970460455,0.03899400169483197,0.04411164874032612,0.00016621130087031622,50,0.006635602326733436,0.0792492473367892,0.08974125276189149,0.08310565043515811,0.006635602326733379,0.006635602326733379
2019-09-24,1.2416091566727057,-0.010294915845106,0.10988665250607205,0.14555267784551656,0.053858321354281535,0.00039882199839959623,50,0.027064257746054365,0.057109369434200204,0.21331784842654666,0.1994109991997981,0.01390684922674858,0.01390684922674858
2019-09-25,1.25100453880149,0.007567101191459091,0.05356640491382059,0.0379789522857059,0.06715452114822693,0.00021026694686786566,45,0.028854686270864738,0.0789640759892615,0.11723200867176302,0.10513347343393283,0.012098535237830194,0.012098535237830194
2019-09-26,1.2505269361937843,-0.0003817752796990703,0.05448257619982272,0.06349460791731826,0.020520778369061236,0.000168030772572759,42,0.05381062227033595,0.07996374583991488,0.09631741282635659,0.0840153862863795,0.012302026539977086,0.012302026539977086
2019-09-27,1.2340672523746141,-0.013162198544293902,0.041922591069509435,0.026272628480582066,0.0164272951441069,8.539984724937794e-05,45,0.01337841981664123,0.08089869266940711,0.05307740693202927,0.04269992362468897,0.0103774833073403,0.0103774833073403
2019-09-30,1.2415368278914638,0.006052810738212733,0.05692228113895882,0.06974754350185293,0.0393306631751372,0.00021815641335398028,44,0.008528673333729642,0.07910449262103934,0.11760688001071969,0.10907820667699014,0.008528673333729543,0.008528673333729543
2019-10-01,1.2306854064089348,-0.008740313810069011,0.029387289111524183,0.014674373295799159,0.043867067231168275,0.00011708288105393489,43,0.008836004221261295,0.07763575790477588,0.06737744474822877,0.05854144052696744,0.008836004221261318,0.008836004221261318
2019-10-02,1.209520835609996,-0.017197385041475166,0.15300301228139743,0.25027323721783484,0.04674750878167181,0.0005940414919990134,42,0.0,0.07615185206555611,0.2970207459995067,0.2970207459995067,0.0,0.0
2019-10-03,1.222647414654525,0.010852710146087574,0.1381993525462465,0.12303105540078055,0.05402441767083417,0.00035411094614322945,40,0.09934323202087825,0.0751529336935153,0.17705547307161473,0.17705547307161473,0.0,0.0
2019-10-04,1.2371230194990184,0.01183955788969926,0.09595838785166166,0.05533984759115898,0.08115145310008241,0.0002729826013824828,43,0.04272853791671272,0.07460419550125758,0.13649130069124138,0.13649130069124138,0.0,0.0
2019-10-07,1.233237144225888,-0.0031410580935629095,0.028142453350643356,0.02635141958816343,0.023040026599322153,9.878289237497116e-05,43,0.03596547897310609,0.07445152167103018,0.058679112517137276,0.04939144618748558,0.009287666329651693,0.009287666329651693
2019-10-08,1.2116788942155716,-0.017481025536129735,0.06034776622690647,0.03139182281134531,0.08099374391316945,0.00022477113344902954,43,0.02828718496822713,0.05543480639155167,0.12061268832084153,0.11238556672451477,0.00822712159632676,0.00822712159632676
2019-10-09,1.2252036240330653,0.011161975241179123,0.06606353665173449,0.060654264818136704,0.04966653543817109,0.0002206416005126156,46,0.006162484017419145,0.05546969734691807,0.11032080025630779,0.11032080025630779,0.0,0.0
2019-10-10,1.2315172974386506,0.00515316252885567,0.020738632123233694,0.004140900533033041,0.032899890087690044,7.408158124144618e-05,46,0.010566909981688077,0.06797782038803567,0.046234126865081666,0.03704079062072309,0.009193336244358575,0.009193336244358575
2019-10-11,1.2495289135674408,0.014625548635209151,0.006025122657008263,0.004334948514875903,0.005702368799085402,2.0074634627922612e-05,45,0.012427309807259368,0.06841077735424862,0.018102225404010727,0.010037317313961305,0.00806490809004942,0.00806490809004942
2019-10-14,1.251320863411238,0.0014341003432094546,0.04746497498206493,0.027559549722697328,0.04219114746074765,0.00013950139436688994,44,0.03758703495622151,0.06811165242371245,0.07715623817779879,0.06975069718344497,0.007405540994353824,0.007405540994353824
2019-10-15,1.2654289418805424,0.01127454906397407,0.10150972593588499,0.12173640397097678,0.04412739483487478,0.00033172759761170305,48,0.0,0.06674520582567128,0.16586379880585153,0.16586379880585153,0.0,0.0
2019-10-16,1.2552522307450107,-0.008042103984446713,0.05068050466959296,0.032949146069038204,0.06841186327014773,0.00020272201867837183,49,0.0,0.07627163829469115,0.10136100933918592,0.10136100933918592,0.0,0.0
2019-10-17,1.2564816840465922,0.0009794472150443934,0.08339326710185221,0.08863036927374336,0.07815616492996104,0.00033357306840740885,51,0.0,0.07320601341908917,0.16678653420370443,0.16678653420370443,0.0,0.0
2019-10-18,1.2480615174598386,-0.0067013842650183175,0.06660183163965964,0.0547319359588874,0.07847172732043185,0.0002664073265586386,51,0.0,0.07033934334306982,0.1332036632793193,0.1332036632793193,0.0,0.0
2019-10-21,1.253902547791565,0.004680082071286451,0.09462180126710015,0.07017226688452856,0.06562100544716663,0.0002715865446633904,51,0.053450330202505114,0.07027620052908574,0.1357932723316952,0.1357932723316952,0.0,0.0
2019-10-22,1.2411150736547163,-0.010198140325474836,0.23391632120724234,0.2543183379160688,0.15955796361004113,0.0008277526030522198,50,0.0,0.15661230713833307,0.4138763015261099,0.4138763015261099,0.0,0.0
2019-10-23,1.2376628789703474,-0.002781526675204371,0.28613800371573783,0.3818493418931005,0.1121098211314894,0.0009879183260491796,49,0.0783168444068858,0.053140031590318236,0.4939591630245898,0.4939591630245898,0.0,0.0
2019-10-24,1.2622513173183438,0.01986683027001046,0.1031793630617481,0.11699550632630973,0.07433378768737887,0.0003826585880273772,48,0.061732428821643426,0.05497830639219034,0.1913292940136886,0.1913292940136886,0.0,0.0
2019-10-25,1.2690935349833372,0.005420646087761494,0.20855725110013348,0.2171279320019011,0.14824576539216638,0.000730747394788135,51,0.009613930895859601,0.05496758580188954,0.3653736973940675,0.3653736973940675,0.0,0.0
2019-10-28,1.2758070423523946,0.005290002024275875,0.10879504515185995,0.12964101769099595,0.07838971074658185,0.0004160614568751556,55,0.0,0.054477373744674144,0.2080307284375778,0.2080307284375778,0.0,0.0
2019-10-29,1.2681891765464834,-0.0059710172095186476,0.11811903067759956,0.14701713148247522,0.08922092987272391,0.00047247612271039826,54,0.0,0.05273493243666938,0.23623806135519912,0.23623806135519912,0.0,0.0
2019-10-30,1.27797367321982,0.00771532895429794,0.07653671224688409,0.05988727729727524,0.09318614719649283,0.0003061468489875361,54,1.1102230246251565e-16,0.0579340157466329,0.15307342449376807,0.15307342449376807,0.0,0.0
2019-10-31,1.2715380839728112,-0.005035776074161502,0.13985372622024952,0.14836743525462445,0.1313400171858745,0.0005594149048809979,56,0.0,0.07604003501021739,0.27970745244049894,0.27970745244049894,0.0,0.0
2019-11-01,1.2710758555168753,-0.0003635191597971543,0.1661314074168981,0.16682674957316324,0.1376783718214877,0.0006090102427893019,55,0.027757693439145248,0.07718360315127773,0.30450512139465097,0.30450512139465097,0.0,0.0
2019-11-04,1.2707440530912621,-0.0002610406170276969,0.2602815347335019,0.25419398190101655,0.2259538344813181,0.0009602956327646693,51,0.06815353174940708,0.07880952334608542,0.48014781638233467,0.48014781638233467,0.0,0.0
2019-11-05,1.267770893813342,-0.002339699541136886,0.07887923706659677,0.05025826396176569,0.08185851614611749,0.00026423356021576636,52,0.04265361978815241,0.0790985110260495,0.13211678010788316,0.13211678010788316,0.0,0.0
2019-11-06,1.2676988223994836,-5.684892610346992e-05,0.10335188083430974,0.10781328642932744,0.06647735275197761,0.00034858127836261013,51,0.07505429812719722,0.0784943218145124,0.17429063918130505,0.17429063918130505,0.0,0.0
2019-11-07,1.2580358217386878,-0.007622473485071057,0.3807597299201399,0.4498822029020875,0.23611022940728962,0.0013719848646187543,53,0.0,0.11686827419264939,0.6859924323093771,0.6859924323093771,0.0,0.0
2019-11-08,1.2624980051448706,0.0035469446331153343,0.12077285327953813,0.06536245475340356,0.1761832518056727,0.00048309141311815253,53,0.0,0.11136697498411502,0.24154570655907626,0.24154570655907626,0.0,0.0
2019-11-11,1.264984981694166,0.0019698855278666993,0.1423855061050783,0.10990393441305944,0.17486707779709712,0.0005695420244203132,56,0.0,0.09971955578575133,0.2847710122101566,0.2847710122101566,0.0,0.0
2019-11-12,1.271852809583111,0.005429177411851116,0.11518294944430975,0.10882311950014219,0.08772020352983206,0.00039308664605994855,55,0.03382257585864523,0.051582995108855376,0.19654332302997427,0.19654332302997427,0.0,0.0
2019-11-13,1.2733220951681095,0.0011552324089139088,0.018654347797894443,0.0,0.03385966958321324,6.771933916642648e-05,55,0.030332234196975505,0.044812416691086654,0.03385966958321324,0.03385966958321324,0.0,0.0
2019-11-14,1.2743238021967305,0.0007866878556668233,0.047494542156733585,0.043189331609410964,0.042716457877422204,0.00017181157897366633,53,0.03938647844801535,0.05083187532557233,0.08590578948683317,0.08590578948683317,0.0,0.0
2019-11-15,1.2831876186438473,0.0069557018646571045,0.09508918185049851,0.09402468574199148,0.057051086166900064,0.00030215154381778314,53,0.0,0.05621520594781335,0.15107577190889157,0.15107577190889157,0.0,0.0
2019-11-18,1.2853926830743805,0.0017184271407353346,0.07014186620535748,0.07193994738521042,0.03053195492264637,0.00020494380461571357,51,0.03781183010285816,0.056476145854768095,0.10247190230785679,0.10247190230785679,0.0,0.0
2019-11-19,1.2862569584789785,0.0006723823902052839,0.09489605927170114,0.09409383982712838,0.05792334391021886,0.0003040343674746945,51,0.0,0.05798631408271806,0.15201718373734724,0.15201718373734724,0.0,0.0
2019-11-20,1.2811396684697127,-0.003978435238412237,0.10885554926735751,0.12715658515870823,0.05155072628432984,0.0003574146228860761,48,0.039003787091676956,0.058125003503018226,0.17870731144303806,0.17870731144303806,0.0,0.0
2019-11-21,1.2751426741347278,-0.004680984035213109,0.09335192665727743,0.1196022008653465,0.03902544772193826,0.0003172552971745695,50,0.011098584770564357,0.058835194808710356,0.15862764858728476,0.15862764858728476,0.0,0.0
2019-11-22,1.2714513682387227,-0.002894817945380046,0.08222947652740367,0.06417729764481327,0.08915426238906163,0.0003066631200677498,50,1.1102230246251565e-16,0.04851040947124833,0.15333156003387488,0.15333156003387488,0.0,0.0
2019-11-25,1.2848574076957855,0.01054388692477759,0.07400811026543896,0.09377675686258842,0.03774034906730198,0.00026303421185978085,46,0.01649911460098763,0.052645639348393086,0.1315171059298904,0.1315171059298904,0.0,0.0
2019-11-26,1.287441123734147,0.0020108971025780686,0.18674468409976278,0.21239641853071414,0.14463870438880172,0.0007140702458390317,50,0.0,0.04457290831271065,0.35703512291951583,0.35703512291951583,0.0,0.0
2019-11-27,1.2976892916665965,0.007960106092250063,0.07821233377233582,0.06792175823349726,0.08850290931117435,0.0003128493350893433,51,0.0,0.048163373788363634,0.15642466754467163,0.15642466754467163,0.0,0.0
2019-11-29,1.292408615494503,-0.004069291629363536,0.11212579077442514,0.15555724138615806,0.041966724837115436,0.00039504793244654705,49,0.02672761532557677,0.04432466614830658,0.1975239662232735,0.1975239662232735,0.0,0.0
2019-12-02,1.2764821742128143,-0.012323069570063794,0.08020051263089888,0.05199413977814821,0.08135301148942994,0.0002666943025351563,51,0.0,0.04285779425873278,0.13334715126757815,0.13334715126757815,0.0,0.0
2019-12-03,1.270485362738362,-0.004697920265240185,0.12038622839714284,0.14366482633284544,0.09710763046144014,0.00048154491358857115,49,1.1102230246251565e-16,0.04088488907803544,0.24077245679428558,0.24077245679428558,0.0,0.0
2019-12-04,1.2774623078759455,0.0054915588500330514,0.05329542659198872,0.03833743375618023,0.06825341942779711,0.00021318170636795467,52,0.0,0.04000694262341827,0.10659085318397733,0.10659085318397733,0.0,0.0
2019-12-05,1.280432790107515,0.0023252993166651414,0.11569878723748617,0.14217276746765034,0.08922480700732185,0.00046279514894994445,52,1.1102230246251565e-16,0.054250573119055186,0.23139757447497222,0.23139757447497222,0.0,0.0
2019-12-06,1.2918365943874073,0.008906210749987764,0.07440873979031026,0.0813120388305863,0.06750544075003412,0.00029763495916124085,55,0.0,0.05282109804223476,0.14881747958062042,0.14881747958062042,0.0,0.0
2019-12-09,1.2845568631005915,-0.005635179649224775,0.08960159200975161,0.07339888184724995,0.08985599998379891,0.0003265097636620978,51,0.015948302188454333,0.055081384799038555,0.1632548818310489,0.1632548818310489,0.0,0.0
2019-12-10,1.2876296092333497,0.002392067039633794,0.07046957611588504,0.07609159569274843,0.05254919897701436,0.0002572815893395256,52,0.003607792843799529,0.06621528924351378,0.12864079466976278,0.12864079466976278,0.0,0.0
2019-12-11,1.29631468721015,0.006745012629813196,0.16253753863213574,0.21069205560838666,0.08704563515425298,0.0005954753815252794,49,0.03091887381643932,0.06613521246862135,0.2977376907626397,0.2977376907626397,0.0,0.0
2019-12-12,1.3081339374184868,0.009117577949975475,0.06771382867249814,0.07677662089127271,0.028017942518849828,0.0002095891268202451,48,0.0,0.06443851492424964,0.10479456341012255,0.10479456341012255,0.0,0.0
2019-12-13,1.3099048138549572,0.0013537424462550796,0.07813020604249288,0.03280984483268472,0.07909254605745761,0.00022380478178028466,47,0.044358021194843444,0.05393940270585535,0.11190239089014233,0.11190239089014233,0.0,0.0
2019-12-16,1.3228570065442808,0.00988788845748756,0.10327471668708772,0.09680862277037075,0.06583138964388148,0.0003252800248285044,48,0.0,0.052233598286435194,0.1626400124142522,0.1626400124142522,0.0,0.0
2019-12-17,1.3253550755039714,0.001888389256988754,0.04834800308040783,0.0328728841152095,0.06382312204560615,0.0001933920123216313,49,0.0,0.05187958325223031,0.09669600616081565,0.09669600616081565,0.0,0.0
2019-12-18,1.3267436160677324,0.0010476743850948989,0.08017518988252206,0.07456214424104524,0.06842922337481276,0.000285982735231716,46,0.017359012149186115,0.057263775056112694,0.142991367615858,0.142991367615858,0.0,0.0
2019-12-19,1.3347056414386747,0.006001178580787414,0.08676770244656137,0.11568693369875462,0.040598405687032095,0.0003125706787715734,47,0.0,0.05682766980639371,0.1562853393857867,0.1562853393857867,0.0,0.0
2019-12-20,1.339894864164099,0.003887915480623061,0.13872968440635297,0.15064802885067255,0.12681133996203336,0.0005549187376254119,50,0.0,0.11720576018233379,0.27745936881270594,0.27745936881270594,0.0,0.0
2019-12-23,1.3390915592938768,-0.0005995282851714023,0.054589271555291724,0.06147728805755935,0.04304119777860456,0.0002090369716723278,50,0.004660057274419538,0.11738472965747267,0.10451848583616391,0.10451848583616391,0.0,0.0
2019-12-24,1.3410990604335975,0.0014991515149116452,0.06786724246272278,0.07426187160837468,0.056820751593265384,0.0002621652464032801,52,0.0,0.1133508162366319,0.13108262320164005,0.13108262320164005,0.0,0.0
2019-12-26,1.3473128476124008,0.004633354359963704,0.06862961147054873,0.05849715464267399,0.07876206829842337,0.00027451844588219474,51,1.1102230246251565e-16,0.10637549870007927,0.13725922294109735,0.13725922294109735,0.0,0.0
2019-12-27,1.3465688831928677,-0.0005521838679497515,0.05519573130553649,0.030279708798213963,0.051984917578297436,0.0001645292527530228,49,0.028126836234561692,0.10654542711485451,0.0822646263765114,0.0822646263765114,0.0,0.0
2019-12-30,1.3378754458039823,-0.006455991592700605,0.1277058360867089,0.15593063668296192,0.054945613886346716,0.0004217525011386174,49,0.07283308475050598,0.05450790457378652,0.21087625056930867,0.21087625056930867,0.0,0.0
2019-12-31,1.3393781969921954,0.0011232369896063688,0.06851717729876715,0.06059856019073899,0.057923141914403835,0.00023704340421028567,50,0.054221469998977256,0.06501359541938084,0.11852170210514283,0.11852170210514283,0.0,0.0
2020-01-02,1.3548253046396501,0.011533043976782453,0.042333455771288976,0.03703920397018662,0.027820535675608465,0.00012971947929159018,52,0.03378913594599575,0.05433362875376733,0.06485973964579508,0.06485973964579508,0.0,0.0
2020-01-03,1.3462791287890181,-0.006307954111401171,0.07341352398830257,0.05906816309226935,0.05376292893847545,0.00022566218406148964,52,0.0,0.05349983214411629,0.11283109203074482,0.11283109203074482,0.0,0.0
2020-01-06,1.349154860964977,0.002136059391001366,0.12512862645549472,0.21697988263142773,0.032343000177135754,0.000498645765617127,48,0.0009343701024259188,0.09924197081693448,0.2493228828085635,0.2493228828085635,0.0,0.0
2020-01-07,1.3512183991726803,0.0015295043344596415,0.06688612624146685,0.08303088890360921,0.045910698263849345,0.00025788317433491715,48,0.005763367886947202,0.09928170854913486,0.12894158716745857,0.12894158716745857,0.0,0.0
2020-01-08,1.3596300379066293,0.006225225129482537,0.07327269662509461,0.07531512677586841,0.06550416802613024,0.0002816385896039973,49,0.0,0.09118789399688543,0.14081929480199865,0.14081929480199865,0.0,0.0
2020-01-09,1.3666342263189482,0.0051515399167725295,0.13832455604354676,0.17127368829562414,0.04432590159788605,0.00043119917978702045,49,0.06104952219358328,0.06870587017809905,0.21559958989351022,0.21559958989351022,0.0,0.0
2020-01-10,1.363734274270371,-0.0021219665018841205,0.03579832915775186,0.03598104513389241,0.031696465130696266,0.00013535502052917735,48,0.0650902098291466,0.06951519954557264,0.06767751026458868,0.06767751026458868,0.0,0.0
2020-01-13,1.3753530185257095,0.00851980072258196,0.09693820466602432,0.08743821770232682,0.04827690252039554,0.0002714302404454447,50,0.00636153169321918,0.06351077483395019,0.13571512022272236,0.13571512022272236,0.0,0.0
2020-01-14,1.3724863031175432,-0.0020843487959470997,0.12598274714531454,0.10667501737043175,0.07011264606210929,0.0003535753268650821,43,0.08155039591897117,0.06800089283536533,0.17678766343254104,0.17678766343254104,0.0,0.0
2020-01-15,1.3733860183966917,0.0006555367999701023,0.05253899738905181,0.06779375141668775,0.02359608897146383,0.0001827796807763032,44,0.06779392127454986,0.0684080985767833,0.0913898403881516,0.0913898403881516,0.0,0.0
2020-01-16,1.3831586240326865,0.007115701998629209,0.11990440210316931,0.1289328607713133,0.04358424108303592,0.0003450342037086985,48,0.0,0.06711022461705071,0.17251710185434924,0.17251710185434924,0.0,0.0
2020-01-17,1.389447634976797,0.004546847219716987,0.07251117546164408,0.08612165201485972,0.0476899399411959,0.0002676231839121112,48,0.01121075896723256,0.06739565549656468,0.1338115919560556,0.1338115919560556,0.0,0.0
2020-01-21,1.3857052334499342,-0.0026934455337895846,0.046911077802857394,0.0,0.09347820558294818,0.00018695641116589634,48,0.01158288452467493,0.0669941443797985,0.09347820558294817,0.09347820558294817,0.0,0.0
2020-01-22,1.3887541506987882,0.0022002639343889907,0.09078145638222762,0.08226700940779162,0.08774237803527409,0.0003400187748861315,48,0.0,0.07583199839105373,0.17000938744306573,0.17000938744306573,0.0,0.0
2020-01-23,1.3920041319158059,0.002340213503867705,0.1464822244347261,0.14308713381601235,0.14987731505343993,0.0005859288977389045,52,0.0,0.06626179940993843,0.2929644488694522,0.2929644488694522,0.0,0.0
2020-01-24,1.3784310562845374,-0.009750743780183924,0.12325284359970844,0.16670443188784487,0.07980125531157202,0.0004930113743988338,53,0.0,0.06535193429151218,0.24650568719941687,0.24650568719941687,0.0,0.0
2020-01-27,1.3528088287402409,-0.01858796450317901,0.15902426948761125,0.15091001686302988,0.10984119222924062,0.000521502418184541,53,0.057297329882952,0.06448051363285551,0.2764144041394194,0.2607512090922705,0.01566319504714892,0.01566319504714892
2020-01-28,1.370147446214206,0.012816753635553235,0.1040561199389479,0.10114524904844197,0.05744156836166114,0.00031717363482020624,56,0.007028891503576107,0.0699846229202543,0.16561570891367924,0.1585868174101031,0.007028891503576141,0.007028891503576141
2020-01-29,1.36462545791525,-0.004030214641653096,0.3258556603037413,0.4256577211302268,0.22033337198064065,0.001291982186221735,51,0.012768443621403391,0.07614637945514141,0.6459910931108674,0.6459910931108674,0.0,0.0
2020-01-30,1.3684393355253417,0.0027948164003317455,0.14148113365655102,0.18126109503228272,0.05419469907996041,0.0004709115882244863,47,0.0602333347727515,0.07513785965574284,0.23545579411224313,0.23545579411224313,0.0,0.0
2020-01-31,1.3382035155354444,-0.0220951117122703,0.14256263034060618,0.054283834284442924,0.19627196743012132,0.0005011116034291285,46,0.09613286034732516,0.07427665146310301,0.25055580171456426,0.25055580171456426,0.0,0.0
2020-02-03,1.3518940538537665,0.010230535310501221,0.13459680125311888,0.1514258982106512,0.02991986625384503,0.00036269152892899246,53,0.0072769779426506975,0.0735213190762861,0.1813457644644962,0.1813457644644962,0.0,0.0
2020-02-04,1.3817960967125398,0.022118628877413338,0.12217506081531437,0.10331832383642338,0.10064134271311423,0.0004079193330990752,51,0.0475070551675707,0.07214168921399795,0.2039596665495376,0.2039596665495376,0.0,0.0
2020-02-05,1.3817939874630512,-1.5264549477755907e-06,0.12655652298328393,0.12749116210013944,0.07813429353091955,0.00041125091126211795,53,0.0,0.07322887150392922,0.20562545563105897,0.20562545563105897,0.0,0.0
2020-02-06,1.3853318997840758,0.002560376114763896,0.16979977622054537,0.1426927679978825,0.13407199723828203,0.0005535295304723291,49,0.06283478720492619,0.06840037005910146,0.27676476523616456,0.27676476523616456,0.0,0.0
2020-02-07,1.371915255367583,-0.009684787030879716,0.07764699138939501,0.07439114222991916,0.06867013901792444,0.0002861225624956872,49,0.05119842416716602,0.0654312538034179,0.14306128124784362,0.14306128124784362,0.0,0.0
2020-02-10,1.3840999158438676,0.00888149645439995,0.06773402203841423,0.0319440695279349,0.08276086150783868,0.00022940986207154718,50,0.02997295350752327,0.07350696758817335,0.11470493103577359,0.11470493103577359,0.0,0.0
2020-02-11,1.3891538029755903,0.003651388945169698,0.06031970451068876,0.05815790329220311,0.05845146052139279,0.0002332187276271918,48,0.025826898730628156,0.07557959414943506,0.1166093638135959,0.1166093638135959,0.0,0.0
2020-02-12,1.4028302645713107,0.009845174498622988,0.0754827722990782,0.08230374179888404,0.05952070045907711,0.00028364888451592237,49,0.016426750645220922,0.07577820855223179,0.14182444225796118,0.14182444225796118,0.0,0.0
2020-02-13,1.4072890374136666,0.0031784122106308654,0.05959554645536276,0.058749224179113435,0.04407053093530462,0.00020563951022883615,50,0.0,0.07451357461635454,0.10281975511441807,0.10281975511441807,0.0,0.0
2020-02-14,1.4069276793964811,-0.00025677597677420394,0.1842069813053894,0.20094577502302052,0.0883710991799782,0.0005786337484059975,45,0.07909708840778007,0.07427497491401283,0.28931687420299873,0.28931687420299873,0.0,0.0
2020-02-18,1.4118647885215805,0.0035091420812882745,0.0341003767696113,0.02530914499980048,0.04266410964637118,0.0001359465092923433,48,0.07903727960983642,0.060468427735541015,0.06797325464617165,0.06797325464617165,0.0,0.0
2020-02-19,1.421780718221859,0.007023285643848132,0.10975511400251146,0.06835410126922042,0.09852332862040623,0.00033375485977925334,47,0.025827056448092467,0.056542202364635974,0.16687742988962667,0.16687742988962667,0.0,0.0
2020-02-20,1.4111087473158628,-0.007506059668148435,0.029629441340091496,0.018554210416852245,0.01652192071884325,7.015226227139098e-05,44,0.05020330801561301,0.05643289344809409,0.03507613113569549,0.03507613113569549,0.0,0.0
2020-02-21,1.3880181120537685,-0.016363469722667445,0.02694755815780729,0.0,0.03852129597914501,7.704259195829003e-05,44,0.03566072207574145,0.05715099830026579,0.03852129597914501,0.03852129597914501,0.0,0.0
2020-02-24,1.3387054345118974,-0.03552740206603355,0.045864962844739385,0.037446772145161594,0.03125336653546214,0.00013740027736124747,43,0.013939456450230314,0.056819817604145215,0.06870013868062373,0.06870013868062373,0.0,0.0
2020-02-25,1.2956746537657435,-0.03214357665011136,0.2668567035863861,0.34120965934195724,0.1781163057774932,0.001038651930238901,48,0.0,0.06410670327726836,0.5193259651194504,0.5193259651194504,0.0,0.0
2020-02-26,1.2926525948494807,-0.0023324211116421134,0.25917851625613875,0.3123164575671199,0.1193944381505646,0.000863421791435369,47,0.08664613679459299,0.06236617300214278,0.4317108957176845,0.4317108957176845,0.0,0.0
2020-02-27,1.2481118600124637,-0.03445684866489862,0.07492213972023601,0.06349087133483386,0.07687623195460848,0.00028073420657888473,47,0.08023586478385847,0.05248984574373091,0.1481475533654744,0.14036710328944235,0.007780450076032033,0.007780450076032033
2020-02-28,1.2544256472113884,0.005058670942251764,0.3460878251949655,0.4936505983465416,0.12799977021100833,0.0012433007371151,48,0.009207483816913165,0.07135649341357105,0.6308578523744631,0.62165036855755,0.00920748381691321,0.00920748381691321
2020-03-02,1.2995219697993876,0.035949777245267045,0.15521864485765674,0.16863083069045137,0.1329238559303488,0.0006031093732416003,56,0.0,0.05723539958312904,0.30155468662080015,0.30155468662080015,0.0,0.0
2020-03-03,1.2583092598955632,-0.031713746178671065,0.17303299725941623,0.1572671270569787,0.11834108574065637,0.0005512164255952701,49,0.07045778172119743,0.05352829127161429,0.27560821279763503,0.27560821279763503,0.0,0.0
2020-03-04,1.309382528524438,0.04058880456233305,0.11354963269408005,0.1379973617105275,0.050319884549690386,0.0003766344925204358,48,0.028902011856763443,0.05948044147347133,0.1883172462602179,0.1883172462602179,0.0,0.0
2020-03-05,1.2650717002871286,-0.033841010760426116,0.168209255832423,0.20454651436110552,0.1019759926666236,0.0006130450140554582,48,0.0,0.1364846056572247,0.3065225070277291,0.3065225070277291,0.0,0.0
2020-03-06,1.2338384380841707,-0.024688926482087092,0.15028098872696463,0.09969473530691303,0.190155046915084,0.0005796995644439941,48,0.010712195231932231,0.0725499780357987,0.3005619774539293,0.28984978222199703,0.010712195231932247,0.010712195231932247
2020-03-09,1.127272007888219,-0.0863698413881655,0.15876206539557333,0.16818713555096418,0.11132774643415479,0.0005590297639702378,48,0.04972756468586592,0.04283344851289515,0.2882974947843287,0.2795148819851189,0.008782612799209754,0.008782612799209754
2020-03-10,1.188064472872281,0.05392883399805859,0.17044665052138486,0.11405157791484373,0.18035646331004562,0.0005888160824497787,48,0.000669996488665836,0.07741787370940968,0.29440804122488934,0.29440804122488934,0.0,0.0
2020-03-11,1.1130135360747442,-0.06317076094034912,0.09222871070159788,0.08862352891482331,0.09511898069114291,0.00036748501921193247,50,0.0,0.07146832451257276,0.18374250960596622,0.18374250960596622,0.0,0.0
2020-03-12,0.9853987446541556,-0.11465699857581846,0.04836119096515814,0.022929395536684487,0.07379298639363169,0.00019344476386063233,50,1.1102230246251565e-16,0.06888360693437096,0.0967223819303161,0.09672238193031617,0.0,2.17057274931598e-16
2020-03-13,1.080202733266897,0.09620875724376399,0.0898104151012302,0.09414953998713947,0.07801720257209616,0.00034433348511847127,50,0.00745408764322486,0.06514395805149445,0.1796208302024605,0.17216674255923564,0.007454087643224878,0.007454087643224878
2020-03-16,0.9355921949458976,-0.1338735163941388,0.08770772928850899,0.056686453268559416,0.11012564203494965,0.00033362419060701815,50,1.1102230246251565e-16,0.06200759414292212,0.16681209530350907,0.16681209530350907,0.0,0.0
2020-03-17,0.976951533728432,0.044206588090365706,0.10424448135808963,0.054213207473549796,0.1541124558888983,0.0004166513267248962,48,0.00016329935373127213,0.05217941487670834,0.2083256633624481,0.2083256633624481,0.0,0.0
2020-03-18,0.8943903433114343,-0.0845089930939682,0.10837529230960356,0.10776907921178583,0.10880320914861534,0.00043314457672080235,50,0.0,0.05303688491854947,0.21657228836040118,0.21657228836040118,0.0,0.0
2020-03-19,0.9582912481731534,0.0714463269193284,0.0690271336316572,0.06484692242172047,0.07320734484159391,0.0002761085345266288,52,0.0,0.05579693450212733,0.1380542672633144,0.1380542672633144,0.0,0.0
2020-03-20,0.9530220741327808,-0.00549851003065871,0.1382086079367277,0.0704584901078373,0.17805633969981888,0.0004970296596153124,52,0.0279023860657992,0.056802168974618775,0.2485148298076562,0.2485148298076562,0.0,0.0
2020-03-23,0.9522810609126172,-0.0007775404581661371,0.17418949982134488,0.1987750975098136,0.11919278982028324,0.0006359357746601936,51,0.058317452561477356,0.058309902337502516,0.31796788733009684,0.31796788733009684,0.0,0.0
2020-03-24,1.068383317955468,0.12192015761773556,0.1674968605954469,0.13879030581983776,0.15167909555358838,0.0005809388027468523,53,0.007425521082231712,0.06249433012646934,0.29046940137342614,0.29046940137342614,0.0,0.0
2020-03-25,1.1039257022729965,0.03326744598141507,0.153535001674604,0.15014991190474633,0.14973795533465506,0.0005997757344788028,55,0.0,0.052058507864312244,0.2998878672394014,0.2998878672394014,0.0,0.0
2020-03-26,1.169770498634173,0.059646039788367355,0.21756460800193841,0.2438548088428227,0.17565299221818859,0.0008390156021220226,54,0.015621414942865508,0.04492349670482414,0.4195078010610113,0.4195078010610113,0.0,0.0
2020-03-27,1.1188337965810125,-0.04354418419051809,0.13388912635487227,0.11373129713350759,0.1377225644704869,0.0005029077232079889,54,0.0,0.0529225983648481,0.2514538616039944,0.2514538616039944,0.0,0.0
2020-03-30,1.1549362712006679,0.032267951441920184,0.05920036559370887,0.05276152859003646,0.06563920259738129,0.0002368014623748355,55,0.0,0.05210625866916684,0.11840073118741774,0.11840073118741774,0.0,0.0
2020-03-31,1.155986667750901,0.0009094844247476974,0.07308319567542347,0.07348443733074597,0.06107846858398097,0.0002691258118294539,53,0.011603485436119998,0.05352044622294397,0.13456290591472694,0.13456290591472694,0.0,0.0
2020-04-01,1.0991013323761925,-0.04920933516074644,0.10750591780423485,0.15307247720524525,0.05666937714443582,0.0004194837086993621,53,0.0069289373801278975,0.05318482671681937,0.20974185434968107,0.20974185434968107,0.0,0.0
2020-04-02,1.1167807798725249,0.01608536626746737,0.09453182841821825,0.12100372869074291,0.0543728705129191,0.0003507531984073241,52,0.02050391304977983,0.0530430091446965,0.17537659920366203,0.17537659920366203,0.0,0.0
2020-04-03,1.097043913552347,-0.01767299963958069,0.09940313976169392,0.06449587893940695,0.11344503083197807,0.0003558818195427701,53,0.0,0.05318326764940093,0.17794090977138505,0.17794090977138505,0.0,0.0
2020-04-06,1.209450826867191,0.10246345832306591,0.05627884408995755,0.061812636963584855,0.050745051216330245,0.0002251153763598302,53,0.0,0.05295971409684134,0.1125576881799151,0.1125576881799151,0.0,0.0
2020-04-07,1.2243296884071182,0.012302163270637045,0.09214310509117302,0.10921854918254693,0.07506766099979911,0.00036857242036469206,53,0.0,0.051897491206105276,0.18428621018234603,0.18428621018234603,0.0,0.0
2020-04-08,1.2745575350982692,0.04102477230336432,0.06094596214849833,0.06332557854231377,0.04854690685581153,0.0002237449707962506,53,0.010019438898871358,0.049685090362364334,0.1118724853981253,0.1118724853981253,0.0,0.0
2020-04-09,1.280625889916712,0.004761146241997638,0.06342498462591566,0.04390349346448519,0.06756547107865565,0.00022293792908628166,52,0.025350742514913316,0.05425385051355564,0.11146896454314083,0.11146896454314083,0.0,0.0
2020-04-13,1.2856258615149474,0.0039043186910430183,0.09900791531055034,0.08979700024754453,0.08297540604962811,0.00034554481259434526,54,0.0,0.05329029046351273,0.17277240629717264,0.17277240629717264,0.0,0.0
2020-04-14,1.32833329692025,0.033219178832461616,0.06731042869256419,0.03457015423906587,0.10005070314606243,0.0002692417147702565,52,1.1102230246251565e-16,0.06608718297557827,0.13462085738512827,0.13462085738512827,0.0,0.0
2020-04-15,1.2972339416035714,-0.0234123133017764,0.05223664374674672,0.035141586640503604,0.06933170085298973,0.00020894657498698665,50,0.0,0.06653288861616491,0.10447328749349333,0.10447328749349333,0.0,0.0
2020-04-16,1.3010199736008523,0.0029185421964836866,0.08979596813087806,0.07512948304884129,0.08598330537755464,0.00032222557685279186,49,0.0184791478353602,0.07015633542960308,0.16111278842639593,0.16111278842639593,0.0,0.0
2020-04-17,1.353300053809749,0.04018391821011047,0.0748614099010282,0.04606892048650778,0.10353350358289826,0.00029920484813881197,49,0.017639558503641517,0.06978613048349035,0.149602424069406,0.149602424069406,0.0,0.0
2020-04-20,1.338671836034842,-0.010809293721467328,0.05403465992796773,0.052427125810631525,0.05412236354973387,0.0002130989787207308,49,0.01630868267161034,0.0676928973525162,0.10654948936036539,0.10654948936036539,0.0,0.0
2020-04-21,1.2869452568828237,-0.03864022366021602,0.09010920998226764,0.10886993593462052,0.05438984069047466,0.00032651955325019034,51,0.0,0.06660399098628411,0.16325977662509517,0.16325977662509517,0.0,0.0
2020-04-22,1.3304147666366488,0.03377727958616883,0.06765875303322925,0.047983971954114676,0.08733353411234386,0.00027063501213291704,51,0.0,0.06317920414112509,0.1353175060664585,0.1353175060664585,0.0,0.0
2020-04-23,1.3307408038524666,0.00024506433932791616,0.10879857848377142,0.11199187753218051,0.10560527943536231,0.0004351943139350857,53,0.0,0.07188973170621389,0.21759715696754284,0.21759715696754284,0.0,0.0
2020-04-24,1.3525572375022774,0.016394202076507103,0.07615972476351848,0.060428827242107325,0.09189062228492952,0.00030463889905407373,55,1.1102230246251565e-16,0.06573213450612918,0.15231944952703685,0.15231944952703685,0.0,0.0
2020-04-27,1.386754691695056,0.025283554177662593,0.05032458829101122,0.023266897272463612,0.07738227930955882,0.00020129835316404487,55,1.1102230246251565e-16,0.0614781087678163,0.10064917658202244,0.10064917658202244,0.0,0.0
2020-04-28,1.3919730642511645,0.0037630105651418333,0.06831902244960396,0.047833055356976156,0.0828210519668338,0.00026130821464761996,53,0.005983937575398057,0.05956906926325111,0.13065410732380997,0.13065410732380997,0.0,0.0
2020-04-29,1.4507580450734718,0.042231406865571586,0.051930611459816,0.027937751885316643,0.07018313041752118,0.00019624176460567567,53,0.0,0.05775065488782965,0.09812088230283783,0.09812088230283783,0.0,0.0
2020-04-30,1.4282063664624307,-0.015544755162739121,0.11201464802506848,0.11481993308978838,0.10920936296034854,0.00044805859210027396,52,0.0,0.05730872282385036,0.22402929605013697,0.22402929605013697,0.0,0.0
2020-05-01,1.3842203835325657,-0.030798058293785124,0.10165000505511289,0.11310229720603929,0.0901977129041865,0.0004066000202204516,53,0.0,0.05747676755264716,0.20330001011022578,0.20330001011022578,0.0,0.0
2020-05-04,1.4000049339225091,0.011403206149631195,0.09142968696357928,0.07709379168679081,0.10576558224036778,0.0003657187478543171,55,0.0,0.05651587942486242,0.18285937392715856,0.18285937392715856,0.0,0.0
2020-05-05,1.4199353661405831,0.014235972842062239,0.11150930296896867,0.10400736416294414,0.09289199045578597,0.00039379870923746026,52,0.026119251319207226,0.05990608457268101,0.19689935461873012,0.19689935461873012,0.0,0.0
2020-05-06,1.4237104802915215,0.002658652105552717,0.060369880618403135,0.026279301748277587,0.08216435153300546,0.00021688730656256608,52,0.013748235580835266,0.0839010083480484,0.10844365328128304,0.10844365328128304,0.0,0.0
2020-05-07,1.474410800933692,0.03561139806443592,0.06964501730397314,0.0736554423074153,0.045549361727893055,0.00023840960807061673,50,0.033357542846400245,0.08842471080437028,0.11920480403530836,0.11920480403530836,0.0,0.0
2020-05-08,1.5054318781352136,0.02103964321332774,0.0842270117967095,0.07337244491488698,0.0693514359342715,0.0002854477616983169,53,0.006930705668548365,0.07498331285092785,0.14272388084915846,0.14272388084915846,0.0,0.0
2020-05-11,1.5157665908119913,0.006864948741207355,0.15747856914252387,0.12826440967180064,0.12800831994235942,0.0005125454592283201,49,0.06556433171865006,0.05662304885339642,0.25627272961416003,0.25627272961416003,0.0,0.0
2020-05-12,1.5110797824517461,-0.0030920383050100364,0.06284282336451817,0.06966245718882305,0.042233609646009904,0.00022379213366966589,49,0.07954254953195361,0.06895816040226539,0.11189606683483294,0.11189606683483294,0.0,0.0
2020-05-13,1.4913078247591867,-0.013084655040833892,0.10385838090357577,0.045802651718005336,0.12196326859989821,0.0003355318406358071,50,0.04061925084951312,0.06468783131598924,0.16776592031790355,0.16776592031790355,0.0,0.0
2020-05-14,1.5119952070366114,0.013871973266663007,0.07268373100751505,0.04821462233317946,0.07456914051376891,0.0002455675256938967,55,0.017469953710540276,0.06385991766847664,0.12278376284694835,0.12278376284694835,0.0,0.0
2020-05-15,1.5217718232647846,0.006466036520932139,0.08347805634758963,0.06450955348658347,0.08268078484735465,0.0002943806766678762,52,0.0371183826560193,0.06743744666227285,0.1471903383339381,0.1471903383339381,0.0,0.0
2020-05-18,1.5738927146832429,0.034250135678448146,0.03777791889305576,0.0268143781454249,0.041218398559371844,0.0001360655534095935,52,0.04340735139218421,0.06666608099441931,0.06803277670479675,0.06803277670479675,0.0,0.0
2020-05-19,1.5796325115302643,0.003646879354274546,0.13129880925601844,0.14657392220348844,0.08858493611229949,0.0004703177166315759,46,0.07066804435813134,0.06967965770571775,0.23515885831578795,0.23515885831578795,0.0,0.0
2020-05-20,1.607936797550501,0.017918272644829925,0.06052058026104476,0.03518723554509021,0.0404164510254504,0.0001512073731410812,48,0.023976113295678503,0.07065615973996413,0.0756036865705406,0.0756036865705406,0.0,0.0
2020-05-21,1.5877260882352506,-0.012569343114753662,0.037806280987594976,0.029976938485083197,0.039238482857356774,0.00013843084268487993,48,0.01788081154034793,0.06733107650647069,0.06921542134243996,0.06921542134243996,0.0,0.0
2020-05-22,1.5979867278838396,0.00646247468289296,0.0864422114249471,0.08697602201373944,0.0731447571190941,0.0003202415582656671,51,0.030523953525957492,0.06089799850381167,0.16012077913283357,0.16012077913283357,0.0,0.0
2020-05-26,1.5960537265990689,-0.0012096478969699787,0.06668740548166649,0.04924889784616715,0.046492091669637574,0.00019148197903160944,49,0.06818889106215786,0.061437790152596566,0.09574098951580472,0.09574098951580472,0.0,0.0
2020-05-27,1.6112996423530854,0.009552257232908534,0.09530605122843316,0.09853930961735402,0.05621409127954096,0.00030950680179378997,51,0.03166408950723809,0.06107917114794529,0.154753400896895,0.154753400896895,0.0,0.0
2020-05-28,1.6053107030107148,-0.0037168377531721086,0.06728137680688678,0.0786614250843335,0.04779850788261353,0.0002529198659338941,48,0.039877001150463554,0.06664546911823335,0.12645993296694705,0.12645993296694705,0.0,0.0
2020-05-29,1.640863064224321,0.022146716611886275,0.050601137184745376,0.0346157034551691,0.04357001449170074,0.00015637143589373968,49,0.01599033454377019,0.06496173670039541,0.07818571794686983,0.07818571794686983,0.0,0.0
2020-06-01,1.6563726874964109,0.009452113104527538,0.16101047233128524,0.15665123482612933,0.14075536673580938,0.0005948132031238773,49,0.040445528229872685,0.06427764878860616,0.29740660156193865,0.29740660156193865,0.0,0.0
2020-06-02,1.6659427560478375,0.005777726609276446,0.07825054727227884,0.061588203621941534,0.07833634198698364,0.00027984909121785037,51,0.02362538486724397,0.06364183290116866,0.13992454560892517,0.13992454560892517,0.0,0.0
2020-06-03,1.6751244217135408,0.005511393253082364,0.1588192689795614,0.16948886543382757,0.12466760568249965,0.0005883129422326545,55,0.0,0.06068490539035024,0.29415647111632726,0.29415647111632726,0.0,0.0
2020-06-04,1.663532831846173,-0.006919838142835033,0.12135330526797629,0.10141312878798339,0.14129348174796919,0.00048541322107190516,57,0.0,0.06615564496236914,0.24270661053595258,0.24270661053595258,0.0,0.0
2020-06-05,1.6843095627616536,0.012489522609795856,0.09501791511782991,0.0991153802606058,0.07347213827310074,0.0003451750370674131,53,0.017448311701953267,0.0604662514071489,0.17258751853370655,0.17258751853370655,0.0,0.0
2020-06-08,1.6967805582432398,0.007404218177766708,0.10192478465627978,0.11024090572800982,0.08412135666014661,0.00038872452477631286,48,0.0268006443122768,0.07283411105965516,0.19868229636406087,0.19436226238815643,0.004320033975904463,0.004320033975904463
2020-06-09,1.7014530561393857,0.0027537431834929738,0.0948894107397773,0.09303131821238886,0.07002917462280742,0.0003261209856703925,48,0.0,0.05982925183341026,0.16306049283519625,0.16306049283519625,0.0,0.0
2020-06-10,1.7184834247570224,0.01000930854729476,0.10642794309046026,0.09010410473578205,0.12275178144513837,0.00042571177236184083,54,1.1102230246251565e-16,0.0563026708484489,0.2128558861809204,0.2128558861809204,0.0,0.0
2020-06-11,1.6413352320316958,-0.04489318407958143,0.18774351113126578,0.2511569737112604,0.09269470399094097,0.0006877033554044029,54,0.031635344560330236,0.05769913116684364,0.34385167770220143,0.34385167770220143,0.0,0.0
2020-06-12,1.6514487051792504,0.006161735244685884,0.10476488072911466,0.11416672755244654,0.08653591789440092,0.00040140529089369495,51,0.040256104868679476,0.04779509650516432,0.20070264544684746,0.20070264544684746,0.0,0.0
2020-06-15,1.6810568474621919,0.01792858730040159,0.07329138755701485,0.0865833103606485,0.04442891759361617,0.0002620244559085294,48,0.02396617210208174,0.055905529395678076,0.13101222795426468,0.13101222795426468,0.0,0.0
2020-06-16,1.7067448231942899,0.015280848931954916,0.06273147551240461,0.04335779972389954,0.06430550723005694,0.00021532661390791295,48,0.005800733669553693,0.059030251504463824,0.10766330695395647,0.10766330695395647,0.0,0.0
2020-06-17,1.714700101853608,0.004661082635908809,0.09178895363003363,0.12748124476290304,0.05483680012815561,0.00036463608978211734,47,0.004511853698161872,0.06030255479224223,0.18231804489105866,0.18231804489105866,0.0,0.0
2020-06-18,1.7165310402333236,0.0010677892756500995,0.045541487731843557,0.022262807569637742,0.04615085079054153,0.00013682731672035853,46,0.02717574154514446,0.06501080593637966,0.06841365836017926,0.06841365836017926,0.0,0.0
2020-06-19,1.7181466937383298,0.0009412317442198948,0.0812597358748193,0.06646894585384326,0.058670563196862896,0.00025027901810141236,44,0.06452335450415392,0.0654891227898221,0.12513950905070617,0.12513950905070617,0.0,0.0
2020-06-22,1.7420765965792309,0.013927741401890792,0.06711563076213284,0.04545249347200732,0.05152475075799604,0.00019395448846000672,43,0.10087870895201545,0.06661514314061441,0.09697724423000335,0.09697724423000335,0.0,0.0
2020-06-23,1.7370654337255225,-0.002876545648766715,0.0812876266448237,0.03723376548986721,0.1242881667043166,0.00032304386438836765,41,0.10219036712920215,0.05294832073684931,0.16152193219418381,0.16152193219418381,0.0,0.0
2020-06-24,1.7007162142880763,-0.02092564778028383,0.106975328951741,0.07497319098836477,0.08666657052077804,0.00032327952301828563,43,0.052029832013521515,0.06850804226419979,0.17501077722245445,0.1616397615091428,0.013371015713311639,0.013371015713311639
2020-06-25,1.7216525638959135,0.012310313403227635,0.0435186668317898,0.030922419168698204,0.04581766634275147,0.00015348017102289935,44,0.04109198079992582,0.06872465166494503,0.07674008551144967,0.07674008551144967,0.0,0.0
2020-06-26,1.6908148522843982,-0.017911692671448654,0.05478699483728257,0.07560864121852019,0.015644572256224093,0.00018250642694948857,45,0.023513019134827395,0.06949969226365753,0.10296852549720212,0.09125321347474429,0.011715312022457826,0.011715312022457826
2020-06-29,1.6997712835711107,0.005297109423076041,0.051742389585757435,0.07978196434121271,0.014341295136029098,0.00018824651895448362,44,0.032746241156683675,0.06964180947513027,0.10603970012509756,0.0941232594772418,0.011916440647855745,0.011916440647855745
2020-06-30,1.7311633347816682,0.018468397197889397,0.08659524611159665,0.12024107012039575,0.012211760699342471,0.0002649056616394765,45,0.07288158121684807,0.06913750305647688,0.1443059521689221,0.13245283081973824,0.011853121349183886,0.011853121349183886
2020-07-01,1.7503976500526186,0.011110629993429377,0.06435081348459273,0.045664684466038524,0.06432643000385894,0.00021998222893979493,43,0.05335435004165556,0.06827046815974709,0.12259692434413526,0.10999111446989747,0.012605809874237787,0.012605809874237787
2020-07-02,1.7595719597943613,0.005241271742719045,0.07830461489472063,0.07848091080594251,0.0706892820172536,0.0002983403856463923,43,0.06049936564914826,0.06824058640001823,0.1616900890312288,0.14917019282319613,0.012519896208032677,0.012519896208032677
2020-07-06,1.7882036789916,0.016271979692484395,0.03481282756920068,0.02588933021038288,0.03956571791825449,0.00013091009625727473,42,0.06369349741718411,0.06870602942424947,0.07688498370582611,0.06545504812863737,0.011429935577188745,0.011429935577188745
2020-07-07,1.7773538824731205,-0.006067427690674365,0.060446787124261256,0.0799252193839662,0.03804553677112465,0.0002359415123101817,41,0.06699001062856225,0.06827716722290089,0.1232928759916378,0.11797075615509085,0.005322119836546954,0.005322119836546954
2020-07-08,1.8049345951444815,0.015517850971233482,0.06130437483573138,0.03598850024432183,0.0629085054719598,0.00019779401143256325,43,0.042241562864170246,0.06737254006808809,0.11143803409731237,0.09889700571628163,0.012541028381030737,0.012541028381030737
2020-07-09,1.8208501070184488,0.008817777617417422,0.03191411369886426,0.03381307695879209,0.027135223629321307,0.00012189660117622679,44,0.04474716457874017,0.06835951475423231,0.060948300588113395,0.060948300588113395,0.0,0.0
2020-07-10,1.8252759136435361,0.0024306265562596963,0.033129328092389214,0.021665408030875664,0.0351746904294432,0.00011368019692063774,44,0.054052147847265086,0.06829024084732872,0.056840098460318865,0.056840098460318865,0.0,0.0
2020-07-13,1.7731468948045894,-0.0285595281509462,0.05866191602458325,0.041679560474629625,0.06486801177768313,0.00021309514450462553,44,0.04485311859845553,0.06380681896608907,0.10654757225231276,0.10654757225231276,0.0,0.0
2020-07-14,1.8018015128190732,0.01616031818821284,0.04700092024453159,0.03948297798945059,0.03342666765447043,0.00014581929128784204,44,0.06522556371005683,0.0639958372948142,0.07290964564392102,0.07290964564392102,0.0,0.0
2020-07-15,1.8101773983089604,0.0046486171924577935,0.05155863906094586,0.024913564659343333,0.026688050531874764,0.00010320323038243619,43,0.1164327206014798,0.06444186485856812,0.05931422790354728,0.05160161519121809,0.007712612712329188,0.007712612712329188
2020-07-16,1.7961605705504406,-0.0077433448078702005,0.10009977361305339,0.10604121882175051,0.042849383349503736,0.0002977812043425085,44,0.0659974479198322,0.07773816363625605,0.16270774746431063,0.14889060217125424,0.013817145293056395,0.013817145293056395
2020-07-17,1.8108375862694857,0.008171327196291323,0.016644940035943266,0.0,0.016796667356768175,3.359333471353634e-05,44,0.08195354576089708,0.07734075031002749,0.027104366863698173,0.016796667356768172,0.01030769950693,0.01030769950693
2020-07-20,1.8559026664183054,0.024886318072101954,0.0051872969568762285,0.0,0.007612014366208696,1.5224028732417392e-05,44,0.08272490966423507,0.07747010045703986,0.013035068479749915,0.007612014366208696,0.00542305411354122,0.00542305411354122
2020-07-21,1.8455730062411133,-0.005565841551985695,0.06282059746607066,0.0713334963991883,0.031829324825847216,0.00020632564245007105,46,0.06069238294025414,0.06514670701500236,0.11224360910974028,0.10316282122503552,0.009080787884704762,0.009080787884704762
2020-07-22,1.8599831661261053,0.007807959824001287,0.09623335436088784,0.124371350495214,0.019110590210163234,0.0002869638814107545,45,0.011220121047059162,0.08401330753918541,0.1547020617524365,0.14348194070537723,0.011220121047059262,0.011220121047059262
2020-07-23,1.8375923800472775,-0.012038165982685922,0.03397253741681583,0.029198361105641394,0.03676206871958719,0.00013192085965045715,46,0.013339983335013628,0.082281929502263,0.07930041316024211,0.06596042982522858,0.013339983335013534,0.013339983335013534
2020-07-24,1.8282782454598014,-0.005068661956051712,0.1057396900615704,0.1645701862441166,0.02213724606816936,0.0003734148646245719,47,0.038174884754382354,0.063058498133184,0.1921739981731863,0.18670743231228595,0.005466565860900357,0.005466565860900357
2020-07-27,1.857972318675621,0.0162415503709894,0.12368091488425481,0.14152858165441856,0.05681969515181268,0.0003966965536124625,47,0.08656342572159936,0.06153547771629457,0.2034361069134582,0.19834827680623124,0.005087830107226967,0.005087830107226967
2020-07-28,1.8419119278471094,-0.008644042038236321,0.09408196013211065,0.1063947879408894,0.038120757610442355,0.00028903109110266353,45,0.13094134501806343,0.06199898223973266,0.15025174237813843,0.14451554555133175,0.005736196826806692,0.005736196826806692
2020-07-29,1.872069230542629,0.016372825562169124,0.11444247220290132,0.18735490293563492,0.03706780999796573,0.0004488454258672013,49,0.13323640695441474,0.06174780499089224,0.22442271293360064,0.22442271293360064,0.0,0.0
2020-07-30,1.8839712915103293,0.006357703429723305,0.07696504795092926,0.10776501055841049,0.030741848108424785,0.0002770137173336706,48,0.14778124293030315,0.06467174512359423,0.1385068586668353,0.1385068586668353,0.0,0.0
2020-07-31,1.8882171829102894,0.0022536921974836144,0.09142373867727037,0.10863507145215019,0.06384789371119287,0.0003449659303266861,48,0.13703356135687372,0.05771461990506188,0.186940028180211,0.17248296516334305,0.01445706301686793,0.01445706301686793
2020-08-03,1.9116856342668647,0.012428894074782093,0.09236740217774653,0.12339222309843992,0.05325415903012081,0.00035329276425712146,48,0.12721505359530916,0.05910921263944296,0.17664638212856074,0.17664638212856074,0.0,0.0
2020-08-04,1.91721444104236,0.00289211085567187,0.3772149216229358,0.5498032808997178,0.07793762339205408,0.0012554818085835442,45,1.1102230246251565e-16,0.15833654454042087,0.6277409042917721,0.6277409042917721,0.0,0.0
2020-08-05,1.9138907232973534,-0.001733618146126381,0.06887254410611225,0.0593264501482276,0.06611737327629755,0.00025088764684905033,48,0.01230126478769944,0.15168899540177785,0.13774508821222475,0.12544382342452517,0.012301264787699573,0.012301264787699573
2020-08-06,1.913077864814624,-0.00042471520073461555,0.0934857985178069,0.11843911829660714,0.03845480385557503,0.0003137878443043644,43,0.042380304797704715,0.15164753443314336,0.1651710342037229,0.15689392215218217,0.008277112051540733,0.008277112051540733
2020-08-07,1.89550023765116,-0.00918813995329315,0.346163296246916,0.48907532458988195,0.06036886700460771,0.0010988883831889794,48,0.1856087097780944,0.05313152874697946,0.5494441915944897,0.5494441915944897,0.0,0.0
2020-08-10,1.8823563020681382,-0.006934283268309915,0.08249138771799902,0.09167452567102573,0.037523539714527626,0.00025839613077110676,46,0.22264117491397373,0.0517461100845898,0.135021035832411,0.12919806538555337,0.005822970446857644,0.005822970446857644
2020-08-11,1.8605559551276067,-0.011581413633847903,0.036954998411837296,0.006697334086952029,0.03144203926686852,7.627874670764109e-05,46,0.18946208177767387,0.056954507198622766,0.04315962535297523,0.038139373353820546,0.005020251999154688,0.005020251999154688
2020-08-12,1.8908099350542562,0.016260720266579876,0.051862999552526955,0.039386468226642754,0.018382502046880796,0.00011553794054704711,47,0.14045201752936864,0.05767865622605385,0.06170769900726062,0.057768970273523554,0.003938728733737072,0.003938728733737072
2020-08-13,1.8940702985902718,0.0017243211364457167,0.06339114016129216,0.057778115782223916,0.010235785039676072,0.00013602780164379997,48,0.0814227980389286,0.058407945277639504,0.07205776478238855,0.06801390082189998,0.004043863960488559,0.004043863960488559
2020-08-14,1.8929286260383698,-0.0006027614459461761,0.05277125675164171,0.04882817186986076,0.005803738352093624,0.00010926382044390878,45,0.13237360751249416,0.058716721668711114,0.058528139648765624,0.054631910221954384,0.0038962294268112376,0.0038962294268112376
2020-08-17,1.9193978709265522,0.013983223944147749,0.03514432535632874,0.008887100876770184,0.033079957569296714,8.393411689213379e-05,45,0.10221557415297788,0.059729505444691855,0.045839514702414354,0.04196705844606689,0.003872456256347456,0.003872456256347456
2020-08-18,1.9274898675963927,0.004215903743779004,0.042517223699293206,0.03145431566407178,0.03222893542647627,0.00012736650218109612,46,0.08042229177536298,0.06188177008829138,0.06961019554297822,0.06368325109054805,0.005926944452430162,0.005926944452430162
2020-08-19,1.9234299795590564,-0.0021063083679910832,0.059142505828677146,0.06247799599116385,0.03208967402184782,0.00018913534002602334,44,0.10429414231171663,0.06286852236273983,0.10162874984843731,0.09456767001301167,0.007061079835425643,0.007061079835425643
2020-08-20,1.9384726124738816,0.007820733312201789,0.059076480239941984,0.02752974084609487,0.07083121233455578,0.0001967219063613013,44,0.08367245014105329,0.08258857287670743,0.10419701900654822,0.09836095318065065,0.005836065825897576,0.005836065825897576
2020-08-21,1.937241067128803,-0.0006353173819190205,0.11309028176157951,0.11325236326912747,0.0677018262506344,0.00036190837903952376,47,0.038468967482086724,0.07581627178741512,0.18629142005585284,0.1809541895197619,0.005337230536090967,0.005337230536090967
2020-08-24,1.9443815975512437,0.0036859276543335096,0.029544660980243862,0.0428315300170001,0.009160788162863795,0.0001039846363597278,47,0.031226705101482954,0.0760149879361647,0.05611308506601751,0.0519923181798639,0.004120766886153616,0.004120766886153616
2020-08-25,1.955604550762139,0.005771991066480631,0.05825556668321474,0.0451311571886508,0.039562491974870856,0.0001693872983270433,47,0.062859724364283,0.07555236705009818,0.09418494546865372,0.08469364916352165,0.009491296305132063,0.009491296305132063
2020-08-26,1.9865823555263264,0.015840526016425382,0.015118230126472508,0.01150444885212301,0.015055211126516822,5.311931995727966e-05,48,0.058199432942103946,0.0753127826139324,0.03198846701698903,0.02655965997863983,0.0054288070383491935,0.0054288070383491935
2020-08-27,1.9663987680803878,-0.01015995505537004,0.06734202454238854,0.050448553135245496,0.05221277555377027,0.0002053226573780315,46,0.09080745392624734,0.07383541349975616,0.10766595085725289,0.10266132868901576,0.005004622168237125,0.005004622168237125
2020-08-28,1.9799140617324358,0.006873119466628719,0.0651325217707191,0.07926473105596779,0.041005633526273684,0.00024054072916448297,48,0.08017121114139336,0.06971350030619876,0.12881877165324146,0.12027036458224148,0.008548407070999967,0.008548407070999967
2020-08-31,1.979700483741842,-0.0001078723540187676,0.0694269021287364,0.08596871980503001,0.02147887782902154,0.00021489519526810311,46,0.048756423441508434,0.06909257038675742,0.11818235919930983,0.10744759763405155,0.01073476156525828,0.01073476156525828
2020-09-01,2.0115226252960854,0.016074220224514102,0.05723387748330091,0.045718184765331044,0.029625310153347885,0.00015068698983735789,50,0.008853609592400336,0.06987123431258983,0.07534349491867894,0.07534349491867894,0.0,0.0
2020-09-02,2.051478716570181,0.019863605197189438,0.06510847761458832,0.04401865215713019,0.04286044667697005,0.0001737581976682005,48,0.052017518224408144,0.06397190191435508,0.0928059265433203,0.08687909883410025,0.00592682770922006,0.00592682770922006
2020-09-03,1.9606878934236984,-0.0442562832424962,0.054081691660129,0.040897350356006376,0.04367600292673857,0.00016914670656548988,48,0.03082698439912246,0.061761737669990366,0.08457335328274494,0.08457335328274494,0.0,0.0
2020-09-04,1.937141923814177,-0.012009035037395033,0.06646455265148338,0.06138240081474613,0.054983444835681176,0.00023273169130085458,45,0.04775768457733831,0.06159890898186723,0.12615563407985805,0.11636584565042729,0.009789788429430749,0.009789788429430749
2020-09-08,1.8838655399041988,-0.027502571316549984,0.11544880466028373,0.16333852355921274,0.0588758798350353,0.00044442880678849606,47,0.05776966958020424,0.06355937469951961,0.23614004605635674,0.22221440339424803,0.013925642662108722,0.013925642662108722
2020-09-09,1.9244560399389852,0.02154638915304452,0.1003689764331342,0.16670625060162944,0.028244740308948607,0.0003899019818211561,46,0.06231610804706211,0.06329878938077772,0.19495099091057805,0.19495099091057805,0.0,0.0
2020-09-10,1.8986270130085723,-0.013421468921281154,0.08715145548412404,0.0728690553128068,0.06810998449170978,0.0002819580796090332,47,0.029822179104351698,0.06327463085759344,0.15120088760545192,0.1409790398045166,0.01022184780093534,0.01022184780093534
2020-09-11,1.8983497661099777,-0.00014602494154725143,0.031676412169310206,0.04390282161242476,0.010586681857335575,0.00010897900693952067,48,0.038686604925059265,0.0653867342793355,0.054489503469760336,0.054489503469760336,0.0,0.0
2020-09-14,1.9217653984031509,0.012334730254243587,0.0643647721026204,0.10647532847745252,0.013670261194979551,0.00024029117934486414,47,0.029622093051297482,0.06537092441528256,0.12014558967243207,0.12014558967243207,0.0,0.0
2020-09-15,1.9390264769614376,0.008981886432459119,0.011781493109248376,0.007378922680602759,0.015001643061909518,4.4761131485024556e-05,46,0.028174664652300785,0.06552845436830528,0.02238056574251228,0.02238056574251228,0.0,0.0
2020-09-16,1.9198329788975683,-0.009898522940205878,0.033415751512809164,0.0400691511207222,0.024184935282229335,0.00012850817280590307,47,0.031030100140808425,0.06513685797865948,0.06425408640295154,0.06425408640295154,0.0,0.0
2020-09-17,1.9112255726770775,-0.004483414086069892,0.027860438297793458,0.02412928163832476,0.024903365248887928,9.806529377442539e-05,46,0.03785502050215894,0.06882673161714083,0.04903264688721269,0.04903264688721269,0.0,0.0
2020-09-18,1.8975258276522107,-0.007168041920701862,0.056119702798869464,0.04029399338152961,0.0338227381691365,0.00014823346310133224,47,0.0,0.06873401448970469,0.07411673155066612,0.07411673155066612,0.0,0.0
2020-09-21,1.8905484899748874,-0.003677071255444364,0.04593689048521012,0.03980784603845746,0.052065934931962765,0.0001837475619408405,45,0.0,0.06661317086359657,0.09187378097042025,0.09187378097042025,0.0,0.0
2020-09-22,1.9099684696265364,0.010272140468561508,0.04945452117256093,0.05017466669834106,0.028088084558448762,0.00015652550251357963,46,0.020646291088332047,0.06613467066351225,0.07826275125678982,0.07826275125678982,0.0,0.0
2020-09-23,1.867916435812874,-0.022017135090133255,0.05690877120129498,0.0777914950315989,0.01385854443057403,0.00018330007892434588,45,0.04327473023672401,0.06660455726484683,0.09165003946217294,0.09165003946217294,0.0,0.0
2020-09-24,1.8763887971339188,0.004535728236342518,0.07289976807044903,0.0897656907728972,0.015800729098210523,0.00021113283974221549,43,0.08330335489236396,0.06560271727251579,0.10556641987110774,0.10556641987110774,0.0,0.0
2020-09-25,1.903942210991319,0.014684277533252521,0.1298078149445976,0.1971531042168787,0.01611457557946656,0.0004265353595926905,42,0.1284107403711795,0.06472910162651338,0.21326767979634526,0.21326767979634526,0.0,0.0
2020-09-28,1.938425707204415,0.018111629656627937,0.05749349463704177,0.0789105708077337,0.009762356473959255,0.00017734585456338593,43,0.09978995599431473,0.06537605990583352,0.08867292728169296,0.08867292728169296,0.0,0.0
2020-09-29,1.936472070885743,-0.0010078468890559744,0.04476230426212917,0.06217009167083798,0.006808263518170599,0.00013795671037801716,44,0.07933059653744012,0.06485783470714884,0.06897835518900858,0.06897835518900858,0.0,0.0
2020-09-30,1.9474898546262898,0.005689616651949558,0.05258517191244428,0.04636298753858265,0.028598098785863627,0.00014992217264889256,44,0.04866070576527215,0.065585038505512,0.07496108632444627,0.07496108632444627,0.0,0.0
2020-10-01,1.97172330592972,0.012443428778775578,0.06144823514530655,0.0737238266220639,0.027119617052066582,0.000201686887348261,44,0.07010597471815938,0.06511425465962342,0.10084344367413049,0.10084344367413049,0.0,0.0
2020-10-02,1.9385406624332095,-0.016829259661696683,0.03698128378842801,0.05779868034458422,0.014190593964333108,0.00014397854861783466,45,0.06932244213764349,0.06545934416319552,0.07198927430891733,0.07198927430891733,0.0,0.0
2020-10-05,1.9741688771497414,0.018378884388121186,0.05144724063663572,0.025358490331497757,0.07561614659176677,0.00020194927384652904,44,0.0661377750520642,0.06444031081966403,0.10097463692326453,0.10097463692326453,0.0,0.0
2020-10-06,1.9540497171474447,-0.010191205137092596,0.06952098616964386,0.08027071154790925,0.031283014901861105,0.0002231074528995407,43,0.09429207665431694,0.0629814372647008,0.11155372644977035,0.11155372644977035,0.0,0.0
2020-10-07,1.9881154822258396,0.017433417778194737,0.03939276559074583,0.03595649898828042,0.03871919958861817,0.00014935139715379717,41,0.0967724013324871,0.07500939504281764,0.07467569857689858,0.07467569857689858,0.0,0.0
2020-10-08,2.0074376874666915,0.009718854570369029,0.03542389284897324,0.035423892848973196,0.003619190337912283,7.808616637377096e-05,42,0.06402875083950488,0.07385241687989495,0.03904308318688548,0.03904308318688548,0.0,0.0
2020-10-09,2.034149595621847,0.01330646939724689,0.04420253534237847,0.057602614658623236,0.02791155779498143,0.00017102834490720934,41,0.060286237257090036,0.0737492218578867,0.08551417245360467,0.08551417245360467,0.0,0.0
2020-10-12,2.061377284832691,0.01338529342652417,0.10186257071621359,0.10519226929712243,0.005201850812655751,0.00022078824021955635,39,0.15280783350437888,0.07292615698841821,0.11039412010977817,0.11039412010977817,0.0,0.0
2020-10-13,2.0678116249951484,0.0031213791913786704,0.12512984826281182,0.12818663822075074,0.019963700854930724,0.0002963006781513629,40,0.0501778528603668,0.10965421135979786,0.14815033907568145,0.14815033907568145,0.0,0.0
2020-10-14,2.0568197526657994,-0.005315702937580102,0.061596463180025214,0.07160708136179589,0.004811893788212229,0.00015283795030001624,41,0.0036643475832046635,0.1100934022730514,0.07641897515000812,0.07641897515000812,0.0,0.0
2020-10-15,2.0530797801757843,-0.0018183277777101825,0.16108466961490672,0.14795590924876623,0.04168999108257929,0.000379291800662691,40,0.13619306921541874,0.07307926181376828,0.19695190978389204,0.1896459003313455,0.007306009452546513,0.007306009452546513
2020-10-16,2.0448564899567216,-0.004005343727246036,0.008704298431305737,0.005832726598670975,0.006092704030742109,2.385086125882617e-05,41,0.1312543353544856,0.07211114139315451,0.01834625244437039,0.011925430629413085,0.006420821814957307,0.006420821814957307
2020-10-19,2.026558361773227,-0.008948367904234589,0.0037080867751204316,0.0,0.003708086775120451,7.416173550240902e-06,41,0.12873038332960607,0.07172513099794246,0.01195890030493761,0.003708086775120451,0.008250813529817158,0.008250813529817158
2020-10-20,2.0293466517394445,0.001375874496788665,0.05335336100671313,0.08580458661839441,0.01298271795064557,0.00019757460913807996,41,0.12060869348010783,0.07070819105457872,0.11037699835279749,0.09878730456903997,0.011589693783757514,0.011589693783757514
2020-10-21,2.0182925987609672,-0.005447099424340518,0.07564412013950522,0.10670266970342923,0.01749719184484575,0.00024839972309655,41,0.14832751467237504,0.07005891812868832,0.13436461720607842,0.12419986154827498,0.010164755657803436,0.010164755657803436
2020-10-22,2.0154939496910593,-0.001386641893066476,0.029997312855273094,0.027977152819442776,0.02338623126041209,0.00010272676815970974,43,0.13988697741989142,0.070669491626707,0.05567806122816442,0.05136338407985487,0.004314677148309546,0.004314677148309546
2020-10-23,2.027831622827962,0.006121414127189029,0.06383997995692095,0.03416360537075782,0.029916934556590512,0.00012816107985469665,42,0.2026174822102702,0.06991720713737633,0.06408053992734833,0.06408053992734833,0.0,0.0
2020-10-26,1.9926373299057611,-0.01735562880369712,0.14000370250059022,0.22821371920124311,0.041665091762844914,0.000539757621928176,43,0.21621344407635068,0.06450757231017223,0.269878810964088,0.269878810964088,0.0,0.0
2020-10-27,1.9899826336226532,-0.001332252609777984,0.027293632347571567,0.0,0.027293632347571564,5.458726469514313e-05,43,0.18919642867706776,0.06456779397647756,0.027293632347571564,0.027293632347571564,0.0,0.0
2020-10-28,1.9427369497926028,-0.023741756853446594,0.06373808028718753,0.07821070430457368,0.012598782350380153,0.00018161897330990767,44,0.157095651104595,0.06452384049336361,0.09080948665495384,0.09080948665495384,0.0,0.0
2020-10-29,1.961987380046259,0.00990892269574184,0.06690828710957623,0.1156130971679175,0.00958561673550562,0.0002503974278068463,46,0.146897465104319,0.06467767978708168,0.12519871390342313,0.12519871390342313,0.0,0.0
2020-10-30,1.9263213013761504,-0.01817854642330452,0.08022836339207434,0.11435852796636477,0.04214473953907756,0.00031300653501088467,45,0.14561699948729112,0.06369798314137881,0.15650326750544233,0.15650326750544233,0.0,0.0
2020-11-02,1.9360367749769238,0.005043537437826595,0.1015647004977297,0.1093956783595203,0.019599783087239954,0.0002579909228935205,41,0.21898282041840988,0.07726816251697238,0.12899546144676025,0.12899546144676025,0.0,0.0
2020-11-03,1.977166500700336,0.021244289496465063,0.03829090570905065,0.05690512156339961,0.01486830118686764,0.00014354684550053448,39,0.21920506963559372,0.077719791986543,0.07177342275026724,0.07177342275026724,0.0,0.0
2020-11-04,2.0314342301776853,0.027447222810080385,0.032937288303005616,0.041033070514690906,0.019196361210788406,0.00012045886345095863,41,0.20767838121026472,0.07684749127609551,0.060229431725479315,0.060229431725479315,0.0,0.0
2020-11-05,2.077494270139918,0.02267365552770273,0.10089019095945798,0.14801734500121705,0.02578839007762342,0.000347611470157681,39,0.1750287146924232,0.07800500874492432,0.1738057350788405,0.1738057350788405,0.0,0.0
2020-11-06,2.094113637573651,0.007999717579299626,0.3242213487585086,0.4046828972569132,0.09988104669654625,0.0010091278879069189,38,0.029585668386031494,0.23192605842163505,0.5045639439534594,0.5045639439534594,0.0,0.0
2020-11-09,2.062946951997068,-0.01488299632712109,0.17082897859476429,0.24926499004428687,0.0750392911106021,0.000648608562309778,40,0.012659488653372075,0.2376621178285847,0.324304281154889,0.324304281154889,0.0,0.0
2020-11-10,2.030843526980477,-0.01556192464644468,0.3264699479948625,0.43908845604146285,0.03582058818350527,0.0009498180884499361,42,0.19087824639393802,0.06129455341098107,0.47490904422496805,0.47490904422496805,0.0,0.0
2020-11-11,2.068490627389645,0.01853766669318091,0.06445013101931112,0.07975273274277359,0.04158378424020466,0.0002426730339659565,45,0.17979498661534954,0.06106041922136759,0.12133651698297826,0.12133651698297826,0.0,0.0
2020-11-12,2.0583825941453084,-0.004886671039497248,0.016139968389032998,0.01302986009592905,0.009680438629343771,4.542059745054564e-05,43,0.1902393316317592,0.06049017564442953,0.02271029872527282,0.02271029872527282,0.0,0.0
2020-11-13,2.0725299480037647,0.006873043864000783,0.011830159097775995,0.002976609767728016,0.012187255003898289,3.032772954325261e-05,42,0.1804385501140735,0.06070929339443669,0.015163864771626305,0.015163864771626305,0.0,0.0
2020-11-16,2.0877712926632173,0.007353980420950146,0.06631815182377396,0.06400073707229377,0.01585288168233953,0.0001597072375092666,45,0.126310003752943,0.06020165285692602,0.0798536187546333,0.0798536187546333,0.0,0.0
2020-11-17,2.0954600906562315,0.003682777907730639,0.055715660356297846,0.050665512143039985,0.02725971290723497,0.0001558504501005499,47,0.09232082999766689,0.058554135601513554,0.07792522505027495,0.07792522505027495,0.0,0.0
2020-11-18,2.080772941070919,-0.007009033314832935,0.05988582283658888,0.03797816249359177,0.029267983249100536,0.0001344922914853846,48,0.040434473175650076,0.05950939655723197,0.0672461457426923,0.0672461457426923,0.0,0.0
2020-11-19,2.1072863380243905,0.012742090417528162,0.01187030696074889,0.010552510685132148,0.0013177962756167547,2.3740613921497806e-05,49,0.028054481017366628,0.058353344872803574,0.011870306960748903,0.011870306960748903,0.0,0.0
2020-11-20,2.1039177240951683,-0.0015985553877696512,0.042369154586752805,0.057036445834547554,0.0069638749737503764,0.00012800064161659587,48,0.04883379108781982,0.05784246017084065,0.06400032080829793,0.06400032080829793,0.0,0.0
2020-11-23,2.116867978423793,0.006155304544617657,0.09869479430643138,0.16721684800861433,0.009457273916663567,0.0003533482438505558,47,0.06923336003168701,0.05686502429665636,0.1766741219252779,0.1766741219252779,0.0,0.0
2020-11-24,2.1219084888438893,0.002381117042475678,0.03289648662911627,0.02592043830632154,0.008757433985962095,6.935574458456728e-05,46,0.10017920954045068,0.05761778584783671,0.03467787229228364,0.03467787229228364,0.0,0.0
2020-11-25,2.1294686683389017,0.0035629149582843134,0.043580748394536496,0.059484518238038867,0.0101119758591404,0.00013919298819435854,45,0.11737465468673991,0.05677881816551366,0.06959649409717927,0.06959649409717927,0.0,0.0
2020-11-27,2.1494728019145777,0.009393955343461435,0.09371926802302183,0.14153424908976453,0.01844891684760573,0.00031996633187474056,44,0.08878972738559388,0.059274847290032795,0.15998316593737028,0.15998316593737028,0.0,0.0
2020-11-30,2.16476607187611,0.007114893451040771,0.02008495903757543,0.01991059273957996,0.008502203927221418,5.6825593333602755e-05,45,0.07640032957762322,0.059314713394912025,0.02841279666680138,0.02841279666680138,0.0,0.0
2020-12-01,2.175542026015452,0.00497788388285425,0.08208336320507692,0.08293343485930776,0.025676014362349463,0.00021721889844331443,43,0.13156266517482107,0.056721404926509116,0.10860944922165722,0.10860944922165722,0.0,0.0
2020-12-02,2.164091069044886,-0.005263496100573639,0.08684911749942534,0.05454212887884223,0.05384882996347304,0.00021678191768463055,45,0.06692286142497195,0.0537673045352564,0.10839095884231527,0.10839095884231527,0.0,0.0
2020-12-03,2.165148414109636,0.000488586215189768,0.05298394701954843,0.07721122228323808,0.015855269005077426,0.000186132982576631,45,0.0797791320872967,0.04883279745217696,0.11656656592203143,0.0930664912883155,0.023500074633715937,0.023500074633715937
2020-12-04,2.188376613426041,0.010728224986810808,0.04582033152346307,0.049520368807128276,0.012922947471785783,0.0001248866325578281,42,0.10811981748577881,0.04887082573202345,0.08491640460427152,0.06244331627891406,0.022473088325357465,0.022473088325357465
2020-12-07,2.1989489125607853,0.004831115023749444,0.019509666332614105,0.020319726431681194,0.00048682650689630194,4.1613105877154994e-05,42,0.08938273226325322,0.048504057784619616,0.044873974980450926,0.020806552938577496,0.02406742204187343,0.02406742204187343
2020-12-08,2.1974414694609963,-0.0006855289321084923,0.08223971434213864,0.13409484050036585,0.0020757501622872057,0.0002723411813253061,43,0.061110851426951496,0.04789930354159475,0.13617059066265305,0.13617059066265305,0.0,0.0
2020-12-09,2.1684351709267324,-0.013200032372820747,0.008882120748204764,0.00789060999051343,0.001431429278101603,1.8644078537230067e-05,42,0.07036935471684458,0.04911472244267464,0.009322039268615034,0.009322039268615034,0.0,0.0
2020-12-10,2.176510430678606,0.0037240033089955826,0.046121478101282726,0.02930176132162395,0.016819716779658742,9.224295620256539e-05,43,0.023980326187120093,0.048723197300209214,0.04612147810128269,0.04612147810128269,0.0,0.0
2020-12-11,2.18526764895191,0.004023513119840061,0.02148329914471285,0.019737642008261305,0.0019530958571056436,4.33814757307339e-05,42,0.04515905197469272,0.04944773282748916,0.021690737865366946,0.021690737865366946,0.0,0.0
2020-12-14,2.1970681016682767,0.005400003391816233,0.0222436582843396,0.01689874810323916,0.01178293708060353,5.736337036768537e-05,42,0.06071955753057856,0.04930103986136315,0.028681685183842686,0.028681685183842686,0.0,0.0
2020-12-15,2.2159896824418674,0.008612195843735293,0.05778212892764427,0.05460524801607297,0.0032019960419339324,0.0001156144881160138,40,0.11795114759835879,0.04575625330756499,0.0578072440580069,0.0578072440580069,0.0,0.0
2020-12-16,2.23049261485261,0.006544675061285199,1.3877787807814457e-17,0.0,0.0,0.0,40,0.11718421498894438,0.04633632739736619,0.0,0.0,0.0,0.0
2020-12-17,2.244560499373233,0.00630707513979023,0.048577993724738096,0.056917588716353204,0.01025942857970432,0.00013435403459211503,39,0.14641308227629501,0.045444345926269725,0.06717701729605752,0.06717701729605752,0.0,0.0
2020-12-18,2.261606395031867,0.007594313302490052,0.1059563945650688,0.1020676876197178,0.01913023524215137,0.00024239584572373831,36,0.23598919981787392,0.04502303669260342,0.12119792286186916,0.12119792286186916,0.0,0.0
2020-12-21,2.2530683009639376,-0.0037752343142842815,0.03842463579196635,0.031179429354432228,0.0072452064375341345,7.684927158393273e-05,34,0.275289921967967,0.04533441832515822,0.038424635791966366,0.038424635791966366,0.0,0.0
2020-12-22,2.261034237872708,0.0035355949508333318,0.030833943910965344,0.0308339439109653,0.0,6.16678878219306e-05,33,0.30513706460239154,0.04525175904851937,0.0308339439109653,0.0308339439109653,0.0,0.0
2020-12-23,2.2484454165372214,-0.005567726982909749,0.028445483203139,0.019746037052873134,0.02844548320313895,9.638304051202418e-05,34,0.3155153680014754,0.04595635414878053,0.04819152025601209,0.04819152025601209,0.0,0.0
2020-12-24,2.2590726173614764,0.004726466004507879,0.0,0.0,0.0,0.0,34,0.31403111063271205,0.04612272232687085,0.0,0.0,0.0,0.0
2020-12-28,2.2586847612784586,-0.00017168818746104986,0.0,0.0,0.0,0.0,34,0.31408503532313536,0.04566110382236138,0.0,0.0,0.0,0.0
2020-12-29,2.256616408062303,-0.0009157334620636393,0.0,0.0,0.0,0.0,34,0.3143729171229114,0.04525498639170904,0.0,0.0,0.0,0.0
2020-12-30,2.2675121104276976,0.004828336055018978,0.0,0.0,0.0,0.0,34,0.3128623127380616,0.04495990996483307,0.0,0.0,0.0,0.0
2020-12-31,2.276146580761618,0.003807904837294096,0.0,0.0,0.0,0.0,34,0.3116754821618714,0.044865689306161825,0.0,0.0,0.0,0.0
2021-01-04,2.2630047699982625,-0.005773710214637573,0.0,0.0,0.0,0.0,34,0.31348545634330105,0.04526583189023656,0.0,0.0,0.0,0.0
2021-01-05,2.268250010545371,0.0023178212510406304,0.5397169849513931,0.5197074366683854,0.3027950400683824,0.0016450049534735356,41,0.05531454754005416,0.07753633730664171,0.8225024767367678,0.8225024767367678,0.0,0.0
2021-01-06,2.2322583525707484,-0.015867588584720704,0.027103439028346017,0.002633992884062788,0.031731429567019215,6.873084490216402e-05,40,0.03636108897365453,0.0755983508452095,0.03436542245108201,0.03436542245108201,0.0,0.0
2021-01-07,2.3024172769341607,0.03142957188741824,0.05843859942200388,0.0338457284016209,0.05359226580653101,0.0001748759884163038,43,0.005807729602954725,0.07687757370478585,0.0874379942081519,0.0874379942081519,0.0,0.0
2021-01-08,2.3303526291316015,0.012133053585594578,0.031236239841452452,0.023683146135322606,0.03305187582989466,0.00011347004393043454,44,1.1102230246251565e-16,0.07514114366985561,0.056735021965217264,0.056735021965217264,0.0,0.0
2021-01-11,2.3226071748227155,-0.003323726294493179,0.028457302680188576,0.010355679134724155,0.0350862731579446,9.088390458533752e-05,45,0.011472653067708505,0.07455458240699735,0.04544195229266876,0.04544195229266876,0.0,0.0
2021-01-12,2.327969167426634,0.002308609334390699,0.014632883842812645,0.00030154501060320924,0.024594528060326092,4.9792146141858604e-05,44,0.015815352880874767,0.07384349904006168,0.024896073070929302,0.024896073070929302,0.0,0.0
2021-01-13,2.3260596977064214,-0.0008202298152957255,0.040299431165316583,0.005138141858447145,0.059634435202594205,0.0001295451541220827,43,0.0,0.07378498324212941,0.06477257706104135,0.06477257706104135,0.0,0.0
2021-01-14,2.32510032899078,-0.00041244372042015254,0.013804381861127977,0.009376446387516873,0.012616145578055587,4.398518393114492e-05,43,0.005616171756683497,0.0743217937627981,0.021992591965572458,0.021992591965572458,0.0,0.0
2021-01-15,2.297573746792206,-0.011838879318606388,0.019230673014889114,0.00737355375621978,0.02593949104368106,6.662608959980168e-05,42,0.011747592597428382,0.07478507615564106,0.03331304479990084,0.03331304479990084,0.0,0.0
2021-01-19,2.340575214689375,0.018716033797481435,0.02195840737561124,0.003194604878871246,0.03358685901864275,7.356292779502798e-05,43,0.004395564553928644,0.07503040428016462,0.03678146389751399,0.03678146389751399,0.0,0.0
2021-01-20,2.3914134866061367,0.021720417954399496,0.015316975138848556,0.01009856929994489,0.016233486850762667,5.266411230141511e-05,44,0.0,0.07450752851086014,0.026332056150707554,0.026332056150707554,0.0,0.0
2021-01-21,2.3857716127756317,-0.002359221381874832,0.037962703528891535,0.014721655545778992,0.04587139209847868,0.00012118609528851535,44,0.015332359413525398,0.07388581299134289,0.06059304764425767,0.06059304764425767,0.0,0.0
2021-01-22,2.369714022320942,-0.006730564807084782,0.006895283527358169,0.0,0.00882505467362035,1.76501093472407e-05,44,0.02040149405179681,0.07389998616444315,0.00882505467362035,0.00882505467362035,0.0,0.0
2021-01-25,2.362475000443821,-0.003054808221133465,0.015973020813415763,0.0066153239651194,0.021396600058920936,5.6023848048080675e-05,43,0.016528743595419115,0.07418314631314323,0.028011924024040336,0.028011924024040336,0.0,0.0
2021-01-26,2.329976568801598,-0.013756095466033513,0.016303823724199203,0.003339461442260249,0.020055740855535915,4.679040459559232e-05,44,0.00754605660827945,0.07406868636133664,0.02339520229779616,0.02339520229779616,0.0,0.0
2021-01-27,2.234963538485651,-0.04077853468063675,0.012330144566584772,0.0,0.020505357485434864,4.101071497086973e-05,44,0.012021464468276233,0.07409875589970205,0.020505357485434864,0.020505357485434864,0.0,0.0
2021-01-28,2.2971722778514994,0.027834341945461416,0.039874605952184644,0.01280750284242061,0.05524738465681027,0.00013610977499846176,44,1.1102230246251565e-16,0.07393609688612583,0.06805488749923087,0.06805488749923087,0.0,0.0
2021-01-29,2.253094853700005,-0.01918768765254264,0.013027120962902523,0.0033368524794978897,0.022717389446307044,5.2108483851609864e-05,45,0.0,0.07384876458820201,0.02605424192580493,0.02605424192580493,0.0,0.0
2021-02-01,2.316814472932065,0.028280930617466282,0.031104723030175547,0.020990898001754077,0.03715041378305803,0.00011628262356962422,43,0.0040681342755389815,0.07223114264793198,0.05814131178481211,0.05814131178481211,0.0,0.0
2021-02-02,2.367257702037429,0.02177266660524846,0.05952112579677976,0.02428633205358258,0.09077538821886047,0.0002301234405448861,44,0.0,0.062209064522728924,0.11506172027244305,0.11506172027244305,0.0,0.0
2021-02-03,2.339753879727358,-0.011618431861642797,0.05082916926741107,0.021802964277717045,0.07985537425710508,0.0002033166770696443,45,0.0,0.07253550497304322,0.10165833853482215,0.10165833853482215,0.0,0.0
2021-02-04,2.372449892169521,0.0139741246827092,0.04661169010174444,0.014822696761361661,0.06732711832538214,0.00016429963017348763,45,0.011073565116745065,0.072733675358875,0.08214981508674381,0.08214981508674381,0.0,0.0
2021-02-05,2.3790732455837293,0.002791777999640477,0.031193291440529423,0.021462061928900513,0.030002452638590797,0.00010292902913498261,44,0.02196366794407678,0.07194243003370575,0.05146451456749131,0.05146451456749131,0.0,0.0
2021-02-08,2.412643337892756,0.014110575355904986,0.056125582285163775,0.003604846758169695,0.08699218187115082,0.00018119405725864108,43,1.1102230246251565e-16,0.07416410561801721,0.09059702862932054,0.09059702862932054,0.0,0.0
2021-02-09,2.4174622581142478,0.0019973612119976725,0.04884936156580308,0.0034359010838988725,0.09426282204770729,0.00019539744626321232,44,1.1102230246251565e-16,0.10036280868870845,0.09769872313160616,0.09769872313160616,0.0,0.0
2021-02-10,2.416134544992915,-0.0005492177248586083,0.024034913602067748,0.020350640487648522,0.02771918671648687,9.613965440827077e-05,45,0.0,0.10088643573161593,0.048069827204135385,0.048069827204135385,0.0,0.0
2021-02-11,2.455639200677788,0.016350354232855357,0.01703796404268962,0.005888078728736105,0.028187849356643136,6.815185617075848e-05,44,0.0,0.10806446166462394,0.03407592808537924,0.03407592808537924,0.0,0.0
2021-02-12,2.476091348870004,0.008328645424201975,0.05189081554286109,0.032889269782381686,0.049311270855531164,0.00016440108127582572,44,0.021581090447809315,0.10842696148076018,0.08220054063791286,0.08220054063791286,0.0,0.0
2021-02-16,2.4769860084904973,0.00036131931114002924,0.053926607946911745,0.022141760289822756,0.0766026079996123,0.0001974887365788701,44,0.030677882721000915,0.08692244406298405,0.09874436828943506,0.09874436828943506,0.0,0.0
2021-02-17,2.4510385721616395,-0.010475406901741202,0.04977952323259714,0.0,0.06939042776526277,0.00013878085553052554,44,0.0008297268006589587,0.08463971840610372,0.06939042776526277,0.06939042776526277,0.0,0.0
2021-02-18,2.4265878745456453,-0.009975647830964385,0.05800869320915655,0.026605756377879652,0.08454042321034289,0.00022229235917644514,44,0.005709107793752222,0.10158985777365442,0.11114617958822257,0.11114617958822257,0.0,0.0
2021-02-19,2.4473043157194168,0.008537272188278155,0.02209990291666205,0.0,0.042948098558330705,8.589619711666142e-05,44,0.0069120012081244075,0.08323899197113085,0.042948098558330705,0.042948098558330705,0.0,0.0
2021-02-22,2.373668424532246,-0.03008857162315115,0.025098957719091715,0.024070378050534916,0.023685137838282168,9.551103177763417e-05,43,0.009568144059175387,0.08181915747291021,0.04775551588881708,0.04775551588881708,0.0,0.0
2021-02-23,2.357886931350584,-0.006648566842174741,0.046746350811278765,0.007008426299805399,0.08166269527396479,0.00017734224314754036,45,0.004808896038244415,0.08200584356750142,0.08867112157377018,0.08867112157377018,0.0,0.0
2021-02-24,2.407461169811087,0.021024858232751242,0.04959516148038078,0.00485591234905823,0.09335577572148843,0.00019642337614109333,44,0.005687581415739218,0.054801395742040675,0.09821168807054666,0.09821168807054666,0.0,0.0
2021-02-25,2.3078717381574183,-0.041366993953004694,0.04866420597896522,0.06582289034223246,0.028081089732474637,0.0001878079601494142,43,0.009356329915948258,0.055937940358078954,0.0939039800747071,0.0939039800747071,0.0,0.0
2021-02-26,2.3242446468639617,0.007094375495761085,0.019508477643836262,0.0053647451768202145,0.024362342278488297,5.945417491061701e-05,44,1.1102230246251565e-16,0.05581331560816135,0.029727087455308505,0.029727087455308505,0.0,0.0
2021-03-01,2.3930666101771245,0.029610464374317136,0.06789771230553933,0.03043469838223027,0.10536072622884828,0.0002715908492221571,48,0.0,0.06003280715559423,0.13579542461107855,0.13579542461107855,0.0,0.0
2021-03-02,2.350243237473407,-0.017894768378615256,0.061051272684392796,0.05038123122111196,0.07172131414767355,0.000244205090737571,46,1.1102230246251565e-16,0.05574445475822647,0.12210254536878548,0.12210254536878548,0.0,0.0
2021-03-03,2.270641571959893,-0.03386954347716298,0.06235342193928835,0.06555319771185167,0.04692018868040181,0.00022494677278450697,45,0.012233457486323318,0.052221126211421894,0.11247338639225349,0.11247338639225349,0.0,0.0
2021-03-04,2.1933438080424934,-0.03404225698672492,0.04446070527862613,0.021701712391847303,0.05455704106849053,0.0001525175069206757,46,0.0,0.05602061713202965,0.07625875346033785,0.07625875346033785,0.0,0.0
2021-03-05,2.2096509725589897,0.007434841932533187,0.01796309062222398,0.003490532963449482,0.032435648280998486,7.185236248889593e-05,45,0.0,0.054709478132091295,0.03592618124444796,0.03592618124444796,0.0,0.0
2021-03-08,2.1369852237173284,-0.03288562299841746,0.021917361751909115,0.007695496020469485,0.03613922748334874,8.766944700763646e-05,45,0.0,0.05573514544453399,0.04383472350381823,0.04383472350381823,0.0,0.0
2021-03-09,2.2318873488481983,0.04440935018061842,0.035076693915785453,0.00455368118614041,0.0655997066454305,0.00014030677566314182,44,0.0,0.05511379097619591,0.07015338783157091,0.07015338783157091,0.0,0.0
2021-03-10,2.2157673373465028,-0.007222591906358766,0.018386416369494795,0.003463638543527812,0.03330919419546177,7.354566547797919e-05,44,0.0,0.05292874204960404,0.03677283273898959,0.03677283273898959,0.0,0.0
2021-03-11,2.288586082091535,0.03286389483123098,0.022599037105568126,0.020039395358689045,0.02515867885244721,9.039614842227251e-05,42,0.0,0.05319950695057474,0.04519807421113625,0.04519807421113625,0.0,0.0
2021-03-12,2.2691331987949206,-0.008499957003512137,0.045543650161428646,0.025530179287506016,0.058723678137281646,0.00016850771484957532,41,0.0068334428980696416,0.05785590389801513,0.08425385742478765,0.08425385742478765,0.0,0.0
2021-03-15,2.302937869623922,0.014897614140480853,0.024055383310728436,0.00651621031801734,0.0373528812349387,8.773818310591207e-05,42,0.0024908694256471353,0.06106893962160761,0.043869091552956034,0.043869091552956034,0.0,0.0
2021-03-16,2.3033509981344644,0.00017939194799443392,0.018325402379971534,0.0,0.034160552244495976,6.832110448899195e-05,42,0.0,0.06182355067611074,0.034160552244495976,0.034160552244495976,0.0,0.0
2021-03-17,2.306113596620424,0.0011993823295699535,0.034192694813605935,0.018330479653669785,0.05005490997354197,0.00013677077925442353,45,1.1102230246251565e-16,0.0676489176994244,0.06838538962721176,0.06838538962721176,0.0,0.0
2021-03-18,2.2204505966264816,-0.0371460452422987,0.024096804733026816,0.00816019167999377,0.040033417786059754,9.638721893210703e-05,44,0.0,0.06886921974133968,0.048193609466053514,0.048193609466053514,0.0,0.0
2021-03-19,2.2344204641872674,0.006291456149490671,0.017203796523228426,0.007267978458187495,0.027139614588269363,6.88151860929137e-05,44,0.0,0.06734270948093113,0.03440759304645685,0.03440759304645685,0.0,0.0
2021-03-22,2.266478613968396,0.01434741146303864,0.03969833734558037,0.013114194641798395,0.06628248004936224,0.00015879334938232126,45,1.1102230246251565e-16,0.0809264988105268,0.07939667469116063,0.07939667469116063,0.0,0.0
2021-03-23,2.245329021595636,-0.009331476697999386,0.017717558374925665,0.005670158788819098,0.023688223876013933,5.871676532966606e-05,44,0.006076734085018409,0.08106583958701805,0.02935838266483303,0.02935838266483303,0.0,0.0
2021-03-24,2.2131928333930193,-0.014312462847774099,0.03511874155697954,0.010351909725145325,0.05489840895843387,0.0001305006373671584,44,0.0011770010260500063,0.066420018432814,0.0652503186835792,0.0652503186835792,0.0,0.0
2021-03-25,2.2118845404268432,-0.0005911337441709685,0.018683732928692128,0.0,0.037074655499951266,7.414931099990252e-05,44,0.0008847995197377445,0.0755390436745465,0.03707465549995126,0.03707465549995126,0.0,0.0
2021-03-26,2.284252419620136,0.03271774718373299,0.028266937683034694,0.004495954200650801,0.051181248569420495,0.00011135440554014257,43,0.0,0.06709941891875161,0.05567720277007129,0.05567720277007129,0.0,0.0
2021-03-29,2.269322541362113,-0.0065360019452253,0.037211325988799455,0.0052544889993662155,0.06916816297823267,0.00014884530395519783,44,0.0,0.07572606770414769,0.07442265197759891,0.07442265197759891,0.0,0.0
2021-03-30,2.2592155198756942,-0.004453761553151692,0.019151422880545582,0.012625212531540904,0.025677633229550266,7.660569152218233e-05,46,0.0,0.07441432375864397,0.038302845761091164,0.038302845761091164,0.0,0.0
2021-03-31,2.3020183909347636,0.01894589988538331,0.03408554591757865,0.012168729049415974,0.05600236278574132,0.0001363421836703146,47,0.0,0.07693724401083588,0.0681710918351573,0.0681710918351573,0.0,0.0
2021-04-01,2.361159952608402,0.025691176884830913,0.021561726575970785,0.0018677665898208856,0.0412556865621207,8.624690630388314e-05,47,0.0,0.07721130401403858,0.04312345315194157,0.04312345315194157,0.0,0.0
2021-04-05,2.398877877549877,0.015974320121687313,0.03578268129690604,0.029611206662308983,0.03669643005175538,0.00013261527342812873,46,0.00525772587974771,0.0773496382229656,0.06630763671406437,0.06630763671406437,0.0,0.0
2021-04-06,2.4016024769782245,0.001135780797282715,0.017238366290638903,0.013501362522400771,0.01885847072250163,6.471966648980481e-05,44,0.007368320474570478,0.07751808548085831,0.0323598332449024,0.0323598332449024,0.0,0.0
2021-04-07,2.3945351671577617,-0.002942747556354597,0.03382942676367075,0.014378498562146472,0.04668148033614347,0.0001221199577965799,45,0.0007902904740842986,0.07758950786609119,0.06105997889828995,0.06105997889828995,0.0,0.0
2021-04-08,2.427644297665896,0.013826955211283742,0.02795872581947404,0.011946082140661264,0.04319194326592042,0.00011027605081316338,47,0.0,0.07517867991247451,0.05513802540658169,0.05513802540658169,0.0,0.0
2021-04-09,2.4405041882788487,0.005297271361095701,0.012277342976904344,0.0,0.024554685953808688,4.9109371907617374e-05,47,0.0,0.07433117077675236,0.024554685953808688,0.024554685953808688,0.0,0.0
2021-04-12,2.4332949667174932,-0.0029539886044775976,0.020006255930836936,0.006464647679927687,0.02410168163963525,6.113265863912587e-05,45,0.009446182542110937,0.07374125531685767,0.03056632931956294,0.03056632931956294,0.0,0.0
2021-04-13,2.4573841882919156,0.009899836190808697,0.016236469137849437,0.0038839801986538295,0.01619252292374522,4.0153006244798095e-05,44,0.021749643175505762,0.07288029701026705,0.020076503122399048,0.020076503122399048,0.0,0.0
2021-04-14,2.4376442480588048,-0.00803290764511333,0.037888863952392736,0.01776016230893054,0.04553289355339733,0.00012658611172465577,46,0.009438323327397469,0.07544883382922207,0.06329305586232788,0.06329305586232788,0.0,0.0
2021-04-15,2.4797685589752883,0.01728074592920148,0.01650423739910909,0.001963383322689527,0.024157530322709286,5.224182729079764e-05,45,0.016165069146465316,0.0721462534003547,0.026120913645398817,0.026120913645398817,0.0,0.0
2021-04-16,2.4748066060850653,-0.0020009741926373392,0.0181106675846777,0.002603596914106848,0.02662349691419556,5.8454187656604814e-05,45,0.009202291734120571,0.07082114297104888,0.029227093828302405,0.029227093828302405,0.0,0.0
2021-04-19,2.4437734274982024,-0.012539637849098395,0.024089237846357844,0.006664698850195423,0.03698401975326581,8.729743720692247e-05,44,0.004788579879323129,0.07135726439287635,0.043648718603461235,0.043648718603461235,0.0,0.0
2021-04-20,2.4153427271476215,-0.011633934648224153,0.02277526615807484,0.01828076533660492,0.02242521575556605,8.141196218434194e-05,46,1.1102230246251565e-16,0.07129692734118999,0.04070598109217097,0.04070598109217097,0.0,0.0
2021-04-21,2.4402798801214147,0.010324478051709995,0.025265370918117477,0.0,0.050530741836234835,0.00010106148367246968,46,0.0,0.06922222149977092,0.05053074183623484,0.05053074183623484,0.0,0.0
2021-04-22,2.4183019327336486,-0.009006322416866608,0.013071131449956589,0.0038182963193537558,0.016714183799850863,4.106496023840923e-05,45,0.005609782780708561,0.07061245818701847,0.020532480119204617,0.020532480119204617,0.0,0.0
2021-04-23,2.446810057040454,0.011788488410369613,0.0294623131994138,0.004384412041670977,0.029610171433722406,6.798916695078678e-05,45,0.030474088384025988,0.06892823507700604,0.033994583475393386,0.033994583475393386,0.0,0.0
2021-04-26,2.47851755924422,0.012958710101967696,0.023206742591886896,0.016247285447452894,0.029982702033408946,9.245997496172368e-05,46,0.03026495161282472,0.06813282759770528,0.04622998748086184,0.04622998748086184,0.0,0.0
2021-04-27,2.459083789726598,-0.007840884340374776,0.01741346311175081,0.007146533453874296,0.027673054629758467,6.963917616726554e-05,46,0.030494668553289195,0.06782971203976629,0.034819588083632766,0.034819588083632766,0.0,0.0
2021-04-28,2.4563042752516706,-0.0011303049072746152,0.034961824723848706,0.032350865731529344,0.03449367482401909,0.00013368908111109688,46,0.03360420330523062,0.06793634987310279,0.06684454055554843,0.06684454055554843,0.0,0.0
2021-04-29,2.4427886348063956,-0.005502429231366346,0.04134735169694338,0.023516787921640223,0.05563600241714481,0.00015830558067757007,46,0.030242868888955776,0.065546435512221,0.07915279033878503,0.07915279033878503,0.0,0.0
2021-04-30,2.424718849520454,-0.007397195577411808,0.04119159523824255,0.03058663118312315,0.04537780518961546,0.00015192887274547722,45,0.024044865371484536,0.06898378290377911,0.07596443637273861,0.07596443637273861,0.0,0.0
2021-05-03,2.397429187998261,-0.011254773528728834,0.11887893010447595,0.10046118976537041,0.10175054321201304,0.00040442346595476685,45,0.059854857549763274,0.07132618851582191,0.20221173297738343,0.20221173297738343,0.0,0.0
2021-05-04,2.3628538572251085,-0.014421836084352213,0.04474697022809329,0.016555819224906662,0.04050220180802622,0.00011411604206586575,47,0.028287856063561434,0.0742613501594065,0.05705802103293288,0.05705802103293288,0.0,0.0
2021-05-05,2.3619805259585553,-0.0003696086678753874,0.04439504236261084,0.0,0.06829592922118347,0.0001365918584423669,47,0.007800294542682162,0.07425205926586113,0.06829592922118345,0.06829592922118345,0.0,0.0
2021-05-06,2.357511892169804,-0.0018919011988627332,0.026801384495149627,0.009401794057705868,0.03638661071095964,9.157680953733102e-05,47,0.0,0.07756116989057779,0.045788404768665504,0.045788404768665504,0.0,0.0
2021-05-07,2.38762470241761,0.012773131854741493,0.04854357336362737,0.009264190520471284,0.0783590254582924,0.0001752464319575274,44,0.009463930748491056,0.09459546479471605,0.08762321597876369,0.08762321597876369,0.0,0.0
2021-05-10,2.3256642603438817,-0.025950662183629514,0.03973524224286443,0.03870238227955951,0.031053388532490515,0.00013951154162410005,47,0.0,0.10159744353898294,0.06975577081205002,0.06975577081205002,0.0,0.0
2021-05-11,2.3431869438117268,0.007534485422781456,0.037226756250206314,0.033032309990220964,0.04142120251019156,0.00014890702500082505,46,1.1102230246251565e-16,0.09481582540804312,0.07445351250041252,0.07445351250041252,0.0,0.0
2021-05-12,2.26869292175145,-0.03179175364433162,0.06729741238044802,0.04358133522007803,0.0816548974694482,0.00025047246537905247,47,0.009358592071369909,0.13598972464402903,0.12523623268952624,0.12523623268952624,0.0,0.0
2021-05-13,2.26127984869258,-0.0032675524253618082,0.040424259236948396,0.0047694685203063135,0.07420748895160151,0.00015795391494381568,45,0.011259349939614749,0.1085664463335622,0.07897695747190783,0.07897695747190783,0.0,0.0
2021-05-14,2.3271295444456257,0.029120542418099582,0.02363854354074514,0.0175765931932833,0.023400329621071865,8.195384562871033e-05,44,0.017240017013766984,0.10955547488664513,0.040976922814355166,0.040976922814355166,0.0,0.0
2021-05-17,2.3145085697551453,-0.005423408731415114,0.01771998834328641,0.006337215628886016,0.02651236519484315,6.569916164745833e-05,43,0.019923283556403937,0.10561514826990973,0.032849580823729164,0.032849580823729164,0.0,0.0
2021-05-18,2.316125405873577,0.000698565621903402,0.05585046781291375,0.00818640702104027,0.08360880822452507,0.0001835904304911307,43,0.0,0.1257298657453891,0.09179521524556535,0.09179521524556535,0.0,0.0
2021-05-19,2.3476228523450455,0.013599197345529168,0.05965651414304228,0.0209130558956713,0.09839997239041318,0.0002386260565721689,43,1.1102230246251565e-16,0.09454295173493668,0.11931302828608445,0.11931302828608445,0.0,0.0
2021-05-20,2.4073289835313276,0.02543259072752746,0.047084086286048064,0.03021155900276769,0.06395661356932832,0.00018833634514419203,46,0.0,0.09063481590417385,0.09416817257209602,0.09416817257209602,0.0,0.0
2021-05-21,2.4046754654254756,-0.0011022665053280756,0.04924274957830998,0.018313501412964978,0.08017199774365495,0.00019697099831323992,45,0.0,0.08697845168557951,0.09848549915661996,0.09848549915661996,0.0,0.0
2021-05-24,2.439133459210837,0.01432958180045496,0.02944480724718071,0.000977899814106817,0.05791171468025458,0.00011777922898872284,46,0.0,0.08366169684265631,0.05888961449436142,0.05888961449436142,0.0,0.0
2021-05-25,2.442616067309881,0.0014278054716081456,0.05950220938096492,0.009366055881235387,0.09892420962048482,0.0002165805310034404,46,0.010714153260209636,0.07909512323341561,0.1082902655017202,0.1082902655017202,0.0,0.0
2021-05-26,2.454402733098783,0.004825427109338198,0.04867165677035318,0.007186254996554474,0.07949620590959591,0.00017336492181230082,47,0.0,0.10447839298039277,0.08668246090615041,0.08668246090615041,0.0,0.0
2021-05-27,2.460058433039963,0.0023043080358859935,0.024481499141342362,0.003151661779167147,0.04581133650351758,9.792599656536945e-05,48,0.0,0.08612411311952936,0.048962998282684723,0.048962998282684723,0.0,0.0
2021-05-28,2.4648047325495672,0.0019293442163237362,0.025457499828689965,0.0,0.05091499965737982,0.00010182999931475964,48,1.1102230246251565e-16,0.08465933697534168,0.05091499965737982,0.05091499965737982,0.0,0.0
2021-06-01,2.457699894060344,-0.0028825157609440044,0.0443917022793889,0.025353809477953723,0.06342959508082409,0.0001775668091175556,48,1.1102230246251565e-16,0.07158067398064852,0.0887834045587778,0.0887834045587778,0.0,0.0
2021-06-02,2.4513920136014864,-0.002566578805696329,0.03980259137605248,0.012793682137972521,0.06681150061413234,0.0001592103655042097,46,0.0,0.07336738772815272,0.07960518275210485,0.07960518275210485,0.0,0.0
2021-06-03,2.4174000894717325,-0.013866376304218386,0.043557523318051905,0.00979506663640595,0.07731997999969785,0.00017423009327220763,45,0.0,0.07266890017243215,0.08711504663610381,0.08711504663610381,0.0,0.0
2021-06-04,2.467665402121181,0.020793129307955294,0.03733236583588808,0.020115823557477593,0.05454890811429858,0.00014932946334355232,46,0.0,0.07158720987201395,0.07466473167177616,0.07466473167177616,0.0,0.0
2021-06-07,2.4595790491155056,-0.003276924415572924,0.0506579294842579,0.010521591835473028,0.06957238370829505,0.00016018795108753615,44,0.021221883424747734,0.08041003329344386,0.08009397554376807,0.08009397554376807,0.0,0.0
2021-06-08,2.458711869006011,-0.00035257257123189056,0.025219857845292896,0.004679422396693485,0.02453216526327831,5.842317531994361e-05,45,0.0,0.08039080718182909,0.029211587659971804,0.029211587659971804,0.0,0.0
2021-06-09,2.4525453931740793,-0.0025080107635484516,0.008429130308515725,0.0046276831874589594,0.006810651669147776,2.287666971321347e-05,44,0.005419925760424715,0.08128198295664775,0.011438334856606735,0.011438334856606735,0.0,0.0
2021-06-10,2.4945912191184703,0.017143750350722575,0.011678713524996429,0.0,0.01802904517045693,3.605809034091386e-05,44,0.0,0.08392370369097657,0.01802904517045693,0.01802904517045693,0.0,0.0
2021-06-11,2.500129031358284,0.0022199277370062998,0.041814600723163356,0.01591883682049595,0.06771036462583076,0.00016725840289265342,46,0.0,0.07330373855740227,0.08362920144632671,0.08362920144632671,0.0,0.0
2021-06-14,2.530175047312874,0.01201778611332971,0.0198480964752584,0.0,0.039696192950516795,7.939238590103361e-05,46,0.0,0.07247538362771615,0.0396961929505168,0.0396961929505168,0.0,0.0
2021-06-15,2.4980127113067456,-0.01271150628107165,0.017263334149683448,0.0,0.031875472616647124,6.375094523329427e-05,46,0.0026511956827197647,0.06433422676766368,0.03187547261664713,0.03187547261664713,0.0,0.0
2021-06-16,2.492615266214574,-0.0021606956072485195,0.04533717244400722,0.02155207721444619,0.06646579887561213,0.00017603575218011667,47,0.0,0.0700955238051369,0.08801787609005833,0.08801787609005833,0.0,0.0
2021-06-17,2.5267189083123673,0.013681871630989662,0.0431414365252577,0.007329881251145006,0.07895299179937042,0.0001725657461010308,46,0.0,0.07264844369897097,0.0862828730505154,0.0862828730505154,0.0,0.0
2021-06-18,2.510117119176724,-0.006570493093247087,0.025662352677507723,0.011320404989916058,0.040004300365099374,0.0001026494107100309,46,0.0,0.07152870689992012,0.051324705355015446,0.051324705355015446,0.0,0.0
2021-06-21,2.526288219185094,0.0064423687185057865,0.038615481322893094,0.004819903418112588,0.061354410955449856,0.00013234862874712488,46,0.011056648272223746,0.0705264583946681,0.06617431437356244,0.06617431437356244,0.0,0.0
2021-06-22,2.550878987367326,0.009733951967746624,0.04231083879692535,0.00761811015082642,0.06605511999041117,0.00014734646028247516,47,0.0,0.0692732800261161,0.07367323014123758,0.07367323014123758,0.0,0.0
2021-06-23,2.5542095842536523,0.0013056663616033415,0.04978754352788941,0.02375245053918995,0.07582263651658874,0.0001991501741115574,47,1.1102230246251565e-16,0.0618621110687009,0.09957508705577871,0.09957508705577871,0.0,0.0
2021-06-24,2.5823720532158125,0.011025903722144736,0.0284128939342679,0.00951115934642055,0.03203884310919674,8.310000491123457e-05,46,0.01527578541291863,0.061569745109020003,0.04155000245561728,0.04155000245561728,0.0,0.0
2021-06-25,2.5858706509145675,0.0013548000158993823,0.03887571205208003,0.031904846933976355,0.03539005671574759,0.0001345898072994479,45,0.025709585050182837,0.06301797508251515,0.06729490364972394,0.06729490364972394,0.0,0.0
2021-06-28,2.6152517604482926,0.011362172939057613,0.011509676933505601,0.01028305949019835,0.009112752410010111,3.8791623800416915e-05,44,0.029043305946032216,0.06020185349453694,0.01939581190020846,0.01939581190020846,0.0,0.0
2021-06-29,2.619904943275722,0.0017792485212329012,0.06328848217093104,0.04873619228153866,0.04885470825022507,0.00019518180106352744,46,0.0,0.06537335732900425,0.09759090053176372,0.09759090053176372,0.0,0.0
2021-06-30,2.604856731023783,-0.005743800854516423,0.04248340824699318,0.026051764239665893,0.047348899615137885,0.00014680132770960756,44,0.011566152639182592,0.0659852147685877,0.07340066385480377,0.07340066385480377,0.0,0.0
2021-07-01,2.59953888396144,-0.0020415123023880266,0.034589721806717655,0.003008788590876991,0.059991435740131174,0.0001260004486620163,45,0.0177675723465327,0.06267968883900714,0.06300022433100816,0.06300022433100816,0.0,0.0
2021-07-02,2.61357045873143,0.005397716824534271,0.039902782561873795,0.0,0.06449403339025242,0.00012898806678050486,45,0.0023583716733223126,0.069721671433742,0.06449403339025243,0.06449403339025243,0.0,0.0
2021-07-06,2.619297970352581,0.002191451009869061,0.024021174941697854,0.0,0.03920659694449741,7.841319388899482e-05,45,0.01118878313436722,0.06829646807315246,0.03920659694449741,0.03920659694449741,0.0,0.0
2021-07-07,2.5992421568675064,-0.007656942322745719,0.016361514210689307,0.007518409936161501,0.02375533965149548,6.254749917531397e-05,45,0.012723689651036096,0.06866890432961352,0.03127374958765698,0.03127374958765698,0.0,0.0
2021-07-08,2.5724675173993377,-0.010300940755914922,0.03192685886774422,0.019111677539011298,0.042557111248435024,0.00012333757757489262,46,0.015039463084604465,0.06816881661741739,0.06166878878744631,0.06166878878744631,0.0,0.0
2021-07-09,2.606814119284145,0.013351617329469878,0.03235387464054699,0.001977384419127352,0.05064295198480205,0.00010524067280785883,45,0.0027523328381684475,0.08565865791063251,0.052620336403929414,0.052620336403929414,0.0,0.0
2021-07-12,2.614748796764688,0.0030438217369797016,0.03228251072864398,0.005560814044643536,0.056260566035766374,0.00012364276016081985,45,0.0,0.09321767577693116,0.06182138008040992,0.06182138008040992,0.0,0.0
2021-07-13,2.6124905329833834,-0.0008636637615433429,0.011844446864481096,0.006092296946052416,0.01562636328418639,4.3437320460477617e-05,45,0.001970233498723384,0.09408023460738267,0.021718660230238808,0.021718660230238808,0.0,0.0
2021-07-14,2.596218324523231,-0.0062286191106576405,0.010614713959007151,0.005327030207275768,0.013919891779546023,3.849384397364358e-05,46,0.0,0.09343358637909557,0.01924692198682179,0.01924692198682179,0.0,0.0
2021-07-15,2.5700759820730754,-0.01006939293326048,0.010030030973249551,0.0,0.020060061946499105,4.0120123892998205e-05,46,0.0,0.09203829126862813,0.020060061946499102,0.020060061946499102,0.0,0.0
2021-07-16,2.5467869756020347,-0.009061602315840966,0.01686093028900744,0.009790966744343352,0.020942910342713998,6.14677541741147e-05,46,0.0029879834909575242,0.09400222746408803,0.030733877087057354,0.030733877087057354,0.0,0.0
2021-07-19,2.5271618016975452,-0.00770585608160268,0.022973306868041107,0.0028182496954551723,0.04011743534873398,8.587137008837832e-05,45,0.0,0.08802290382048306,0.04293568504418916,0.04293568504418916,0.0,0.0
2021-07-20,2.5716325486823974,0.01759711109711315,0.025605881651097086,0.01944949548054517,0.03176226782164889,0.00010242352660438813,47,1.1102230246251565e-16,0.08535338228228437,0.05121176330219406,0.05121176330219406,0.0,0.0
2021-07-21,2.60798967390193,0.014137760559206125,0.015905972556055966,0.0005660661245041446,0.030183880016316347,6.149989228164098e-05,47,0.0010619989712915556,0.08459390953096214,0.030749946140820487,0.030749946140820487,0.0,0.0
2021-07-22,2.6230300399369417,0.005767034350450118,0.02399941087421826,0.0001541248193395601,0.04678888655933497,9.388602275734905e-05,46,0.0,0.0830068097106736,0.04694301137867453,0.04694301137867453,0.0,0.0
2021-07-23,2.6568371429679516,0.012888568760662134,0.031127468386433606,0.009328947875514398,0.04750534105565531,0.00011366857786233945,46,0.00542064784169749,0.08290286090513174,0.05683428893116972,0.05683428893116972,0.0,0.0
2021-07-26,2.650149901301465,-0.0025169934424420504,0.053169603236867494,0.006870487296082772,0.07972737210420686,0.00017319571880057924,44,0.025174731876062006,0.08676074088667668,0.08659785940028962,0.08659785940028962,0.0,0.0
2021-07-27,2.621810706442952,-0.010693430905397316,0.05327839473601081,0.020378722417619174,0.060735349283828316,0.00016222814340289497,46,1.1102230246251565e-16,0.08442010148188647,0.08111407170144748,0.08111407170144748,0.0,0.0
2021-07-28,2.6525793317635293,0.011735639512404639,0.05167183348849638,0.010220502328803373,0.09096172211907519,0.00020236444889575712,46,0.0021614425291143213,0.06743022858003653,0.10118222444787855,0.10118222444787855,0.0,0.0
2021-07-29,2.6659068581349734,0.005024364855690688,0.041202415109855076,0.00969925250147225,0.07055528597055534,0.00016050907694405516,45,0.0,0.09838556856520467,0.08025453847202758,0.08025453847202758,0.0,0.0
2021-07-30,2.6724549435422023,0.002456231877436821,0.07439542281799064,0.029924770110617137,0.09118207674339175,0.0002422136937080178,45,0.027683998781972363,0.06638072146380135,0.1211068468540089,0.1211068468540089,0.0,0.0
2021-08-02,2.6849243805873946,0.0046659110475646415,0.09290471380250198,0.03374478152299099,0.13165870853281425,0.00033080698011161053,44,0.04795224962928246,0.06597059657653356,0.16540349005580526,0.16540349005580526,0.0,0.0
2021-08-03,2.685117244760814,7.183225524465264e-05,0.0685581159397739,0.017069101178156004,0.0965451740042956,0.00022722855036490323,45,0.024435953323827753,0.06445255661140348,0.11361427518245161,0.11361427518245161,0.0,0.0
2021-08-04,2.7025168309486434,0.0064800098475326084,0.04726445644085281,0.02248284301467693,0.06630768631227633,0.00017758105865390655,46,0.018535932598897187,0.06255967083579152,0.08879052932695328,0.08879052932695328,0.0,0.0
2021-08-05,2.7451820528601383,0.01578721783446535,0.07405444392105917,0.025939782101211895,0.1098837512076978,0.0002716470666178194,45,0.005957538310713217,0.058443988568411986,0.1358235333089097,0.1358235333089097,0.0,0.0
2021-08-06,2.7294568174977045,-0.005728303281762326,0.06577296539227231,0.009517420070682852,0.0904571151017104,0.00019994907034478652,45,0.03756205905568133,0.06450391872433373,0.09997453517239326,0.09997453517239326,0.0,0.0
2021-08-09,2.728291100032623,-0.00042708771122823563,0.1041529023054768,0.08126891654121177,0.12415736872248345,0.0004108525705273905,46,0.040442188488813646,0.07425776772041716,0.20542628526369525,0.20542628526369525,0.0,0.0
2021-08-10,2.689874582438515,-0.014080798633858693,0.09571037478288781,0.03893031710960856,0.1284332718747006,0.00033472717796861835,45,0.016948888730860423,0.06730632534891329,0.16736358898430917,0.16736358898430917,0.0,0.0
2021-08-11,2.672581598879701,-0.006428918162844854,0.06670063924414675,0.013313509419438842,0.10303318168565012,0.00023269338221017794,45,1.1102230246251565e-16,0.08218006606205351,0.11634669110508897,0.11634669110508897,0.0,0.0
2021-08-12,2.6810708212410415,0.003176412785637295,0.023073079243010497,0.00755966814664657,0.03858649033937432,9.229231697204177e-05,46,0.0,0.08203251989416205,0.04614615848602088,0.04614615848602088,0.0,0.0
2021-08-13,2.692947627031792,0.004429873950607899,0.02005547321232073,0.0,0.04011094642464147,8.022189284928293e-05,46,0.0,0.08082247642028875,0.04011094642464146,0.04011094642464146,0.0,0.0
2021-08-16,2.676865342078442,-0.005972000640456665,0.021217003301275544,0.008277793497419472,0.034156213105131616,8.486801320510217e-05,44,0.0,0.08138699927325986,0.04243400660255109,0.04243400660255109,0.0,0.0
2021-08-17,2.6527541092963935,-0.009007263982627967,0.030900169070152854,0.02468445350020826,0.022346888361192405,9.406268372280133e-05,42,0.014768996278905044,0.08133803618462279,0.04703134186140066,0.04703134186140066,0.0,0.0
2021-08-18,2.642568569610793,-0.003839609427012447,0.05861839306674268,0.016881885153160803,0.09215484680577199,0.00021807346391786557,41,0.006622634714166131,0.0857058325618464,0.10903673195893278,0.10903673195893278,0.0,0.0
2021-08-19,2.6775315653035774,0.013230686270492509,0.05892054682073167,0.010749289793085363,0.10152656360263673,0.00022455170679144416,44,0.0009694489222396019,0.07448687043807561,0.11227585339572208,0.11227585339572208,0.0,0.0
2021-08-20,2.691359806938809,0.00516454850221848,0.056108006378659446,0.013545664280371655,0.0978428472889067,0.0002227770231385567,44,0.0001367518317648697,0.07434121693586193,0.11138851156927834,0.11138851156927834,0.0,0.0
2021-08-23,2.7452067604788217,0.020007341047891813,0.07642999473057928,0.08122355421055025,0.02767445294837434,0.00021779601431784918,44,0.04409602256082712,0.06141280616657924,0.10889800715892459,0.10889800715892459,0.0,0.0
2021-08-24,2.8037307196920858,0.021318597948905005,0.045559267940374265,0.006699086184738407,0.061918877386235846,0.0001372359271419485,45,0.020669082184751497,0.07130577488633946,0.06861796357097426,0.06861796357097426,0.0,0.0
2021-08-25,2.8148189324437163,0.0039548065988477266,0.0957160106206513,0.011195012857024355,0.14585624272537506,0.0003141025111647988,42,0.05496196098594541,0.06442867524732475,0.1570512555823994,0.1570512555823994,0.0,0.0
2021-08-26,2.807735162323005,-0.0025165988614981316,0.02901551265823079,0.0017928194110547109,0.038027354882902514,7.964034858791444e-05,43,0.03688538790586904,0.06605046039408506,0.03982017429395722,0.03982017429395722,0.0,0.0
2021-08-27,2.849222387040891,0.014776046286203659,0.040390852831023644,0.0021009748761088307,0.06812428529996908,0.00014045052035215584,44,0.02578675306401168,0.06511219668521873,0.07022526017607791,0.07022526017607791,0.0,0.0
2021-08-30,2.8573585718059995,0.002855580807631597,0.06023938947452574,0.0,0.11009953275926522,0.00022019906551853049,44,0.01532841834185239,0.05890590784768748,0.11009953275926523,0.11009953275926523,0.0,0.0
2021-08-31,2.8438028921507366,-0.004744129696923172,0.044116785186614674,0.025232749050157446,0.04931588600140569,0.00014909727010312625,44,0.0017142533431094842,0.06717928168109934,0.07454863505156313,0.07454863505156313,0.0,0.0
2021-09-01,2.837276955914068,-0.0022947920387453857,0.02573932652312535,0.012792718184835261,0.02871838486244166,8.302220609455385e-05,44,0.011685603596707117,0.06592924068030663,0.041511103047276926,0.041511103047276926,0.0,0.0
2021-09-02,2.8494063241739362,0.004275003268392696,0.027867282844763967,0.006305094024804194,0.03779463768527296,8.81994634201543e-05,45,0.0,0.06532910193357541,0.04409973171007715,0.04409973171007715,0.0,0.0
2021-09-03,2.9163029018269278,0.023477373895555376,0.030659278664932108,0.028102692647842757,0.02314025584893357,0.00010248589699355266,44,0.01007560883308789,0.07226876024175485,0.051242948496776325,0.051242948496776325,0.0,0.0
2021-09-07,2.8906791185843663,-0.008786392945159927,0.07281659867512237,0.0332658763741592,0.07979551995155573,0.0002261227926514299,42,0.04273442433456631,0.05886405550105793,0.11306139632571495,0.11306139632571495,0.0,0.0
2021-09-08,2.869036171611386,-0.007487149588426001,0.02899001375565468,0.007810217109309772,0.039336351663818186,9.429313754625593e-05,44,0.03221927831594862,0.06893769389776776,0.047146568773127964,0.047146568773127964,0.0,0.0
2021-09-09,2.868597510690178,-0.00015289487304082083,0.041234277352876256,0.0027488329536257067,0.06648578409739925,0.00013846923410204995,45,0.018985805515970844,0.0555101425394442,0.06923461705102497,0.06923461705102497,0.0,0.0
2021-09-10,2.8596268067266806,-0.0031272090037264277,0.02698015050054204,0.009841887552894377,0.04292108287646949,0.00010552594085872774,43,0.020240685142576154,0.05548915094894802,0.05276297042936387,0.05276297042936387,0.0,0.0
2021-09-13,2.850080204332268,-0.0033384084846161954,0.05653522902277808,0.07308402319152112,0.03028495249440224,0.00020673795137184672,44,0.03000576698048052,0.061432828252452484,0.10336897568592336,0.10336897568592336,0.0,0.0
2021-09-14,2.8489253583219982,-0.0004051977233884285,0.11759160981824364,0.03828031773661926,0.166897289736609,0.0004103552149464565,45,0.0,0.06783084840943703,0.20517760747322825,0.20517760747322825,0.0,0.0
2021-09-15,2.877656405242118,0.010084871769698633,0.06499039622284032,0.025529877382188287,0.10445091506349234,0.00025996158489136127,44,0.0,0.07908514235913577,0.12998079244568064,0.12998079244568064,0.0,0.0
2021-09-16,2.889012013262624,0.003946130608164289,0.030299998307728396,0.00813201943479324,0.052467977180663455,0.00012119999323091337,44,1.1102230246251565e-16,0.07828982996465231,0.06059999661545668,0.06059999661545668,0.0,0.0
2021-09-17,2.863611833156734,-0.00879199532202879,0.03515064166801943,0.009974058184153473,0.06032722515188527,0.0001406025666720775,43,0.0,0.07758490785209766,0.07030128333603874,0.07030128333603874,0.0,0.0
2021-09-20,2.804135754369551,-0.020769602254932407,0.04751082027195009,0.010249629151997796,0.08477201139190241,0.00019004328108780037,43,0.0,0.07742353318659613,0.09502164054390018,0.09502164054390018,0.0,0.0
2021-09-21,2.8068279514789714,0.0009600808752663337,0.03519692608624637,0.012868236415088267,0.057525615757404475,0.00014078770434498549,44,0.0,0.07713942885581092,0.07039385217249274,0.07039385217249274,0.0,0.0
2021-09-22,2.8320670726617947,0.008992044264602761,0.026633259623238648,0.006634712409622033,0.04663180683685516,0.00010653303849295437,42,1.1102230246251565e-16,0.07452688495771749,0.053266519246477184,0.053266519246477184,0.0,0.0
2021-09-23,2.8685870439427066,0.012895164677928284,0.02179907076744716,0.01892723270413827,0.024670908830756056,8.719628306978865e-05,43,1.1102230246251565e-16,0.07548098370998906,0.04359814153489432,0.04359814153489432,0.0,0.0
2021-09-24,2.86730917011408,-0.0004454715192712122,0.014490632479925205,0.0,0.028981264959850313,5.79625299197006e-05,43,0.0,0.0751511570380076,0.0289812649598503,0.0289812649598503,0.0,0.0
2021-09-27,2.8320844923539767,-0.012284924879133796,0.02495623203582277,0.01238504898292964,0.0375274150887159,9.982492814329108e-05,43,0.0,0.07954808927681623,0.04991246407164554,0.04991246407164554,0.0,0.0
2021-09-28,2.7410125023272576,-0.03215722916198094,0.035956563403132344,0.033208454861983594,0.038704671944281094,0.0001438262536125294,44,0.0,0.08053325808185068,0.07191312680626469,0.07191312680626469,0.0,0.0
2021-09-29,2.734395744009008,-0.002413983268092279,0.050374656667927974,0.042351665111908215,0.058397648223947746,0.0002014986266717119,45,0.0,0.08083669673542365,0.10074931333585595,0.10074931333585595,0.0,0.0
2021-09-30,2.7397183524585027,0.0019465391800570497,0.021903501730209177,0.011940696979991335,0.031866306480427015,8.761400692083671e-05,45,0.0,0.07957964551296705,0.04380700346041835,0.04380700346041835,0.0,0.0
2021-10-01,2.763531657570658,0.008691880714959632,0.06381706912436945,0.04772680547681142,0.04535705416273458,0.00018616771927909198,43,0.03455027860919291,0.07842697027916089,0.09308385963954599,0.09308385963954599,0.0,0.0
2021-10-04,2.6908813841184878,-0.02628892390400006,0.045689215376813905,0.019827968095027543,0.04615044257548853,0.00013195682134103216,43,0.010078388566360452,0.08722794479012677,0.06597841067051607,0.06597841067051607,0.0,0.0
2021-10-05,2.735063742083209,0.016419288574176516,0.05095573501577542,0.022630850592927305,0.0693668620923768,0.00018399542537060818,45,0.0,0.08444985257169078,0.09199771268530409,0.09199771268530409,0.0,0.0
2021-10-06,2.7518950465833467,0.006153898441620287,0.035509684349769,0.030694125228432532,0.029636028326962903,0.00012066030711079087,43,0.010689215144142561,0.08688569582380935,0.060330153555395435,0.060330153555395435,0.0,0.0
2021-10-07,2.786235768968245,0.012478936079896918,0.021837047983652883,0.008892396053835086,0.030535225648954688,7.885524340557955e-05,42,0.006310162384996598,0.08248402903424988,0.039427621702789774,0.039427621702789774,0.0,0.0
2021-10-08,2.7573494263082616,-0.010367515549726813,0.017525464218516595,0.0,0.03334936207566179,6.669872415132357e-05,42,0.008077409519674061,0.0836179614752541,0.03334936207566178,0.03334936207566178,0.0,0.0
2021-10-11,2.74323200492772,-0.005119924680508592,0.013504119773623747,0.009487694873951728,0.01406088347123095,4.709715669036535e-05,41,0.011578256897187611,0.08434491805452939,0.023548578345182675,0.023548578345182675,0.0,0.0
2021-10-12,2.7531817725243672,0.003627023736517465,0.03265895894207847,0.02650917345112462,0.027273571303461308,0.00010756548950917186,43,0.0,0.08380217612856915,0.05378274475458593,0.05378274475458593,0.0,0.0
2021-10-13,2.7854462115268626,0.011718964335911686,0.01645229731236223,0.006989929348109247,0.025914665276615102,6.58091892494487e-05,43,1.1102230246251565e-16,0.08332008684524854,0.03290459462472435,0.03290459462472435,0.0,0.0
2021-10-14,2.8351150358865906,0.01783155034700945,0.031287328143580824,0.014351270997737278,0.048223385289424256,0.00012514931257432308,45,0.0,0.08100969588641552,0.06257465628716154,0.06257465628716154,0.0,0.0
2021-10-15,2.844199767012997,0.0032043606736984476,0.021716378435533708,0.0,0.04343275687106743,8.686551374213483e-05,45,0.0,0.07992456496039888,0.043432756871067416,0.043432756871067416,0.0,0.0
2021-10-18,2.8726659509098917,0.010008503701830485,0.019207870848228857,0.0,0.03841574169645761,7.683148339291521e-05,45,1.1102230246251565e-16,0.07910430328688377,0.0384157416964576,0.0384157416964576,0.0,0.0
2021-10-19,2.900474379236123,0.009680355739734692,0.024303649719307145,0.0,0.04798216923670583,9.596433847341166e-05,45,0.0006251302019085747,0.08116686252236303,0.04798216923670583,0.04798216923670583,0.0,0.0
2021-10-20,2.900288452935613,-6.410203166795636e-05,0.006798249986346559,0.0,0.012971345914699615,2.5942691829399226e-05,45,1.1102230246251565e-16,0.08085641067976744,0.012971345914699473,0.012971345914699613,0.0,2.242130092700023e-16
2021-10-21,2.9341948366195143,0.011690693610003411,0.023007287806782784,0.006410976953875831,0.039603598659689626,9.202915122713091e-05,44,0.0,0.08034409469264354,0.04601457561356546,0.04601457561356546,0.0,0.0
2021-10-22,2.923191127194005,-0.003750163175321508,0.05839261787309981,0.05489564328375078,0.025346503455482262,0.0001604842934784661,44,0.03654308900696657,0.08191611906896216,0.08024214673923305,0.08024214673923305,0.0,0.0
2021-10-25,2.94699955922709,0.008144671695120564,0.04819350298569637,0.02419558947586868,0.058114267635998,0.00016461971422373337,44,0.02216474609852892,0.08227391278870386,0.08230985711186668,0.08230985711186668,0.0,0.0
2021-10-26,2.9464202054094386,-0.0001965910771304369,0.05317200837845125,0.028269958805352824,0.06043773514105165,0.00017741538789280896,43,0.00452884839588652,0.10137881089251825,0.08870769394640447,0.08870769394640447,0.0,0.0
2021-10-27,2.9148932660997056,-0.01070008251092347,0.09576635822182311,0.08109752617539681,0.07862916240943804,0.0003194533771696697,43,0.03638239702647761,0.1007005919100668,0.15972668858483485,0.15972668858483485,0.0,0.0
2021-10-28,2.9690116380618132,0.01856615903968284,0.07184319816368222,0.08131069279985832,0.060469988495168846,0.0002835613625900543,42,0.03761481459509375,0.11752928096515987,0.14178068129502716,0.14178068129502716,0.0,0.0
2021-10-29,2.9875683086517646,0.006250117160896407,0.05628192302539055,0.02140728159919536,0.056964820589442716,0.00015674420437727615,44,0.003183574708770176,0.1268436523972785,0.07837210218863808,0.07837210218863808,0.0,0.0
2021-11-01,3.0007613294466093,0.004415972935794876,0.0493514556416502,0.015304011369310833,0.08022992758014369,0.00019106787789890904,44,0.0,0.12478674372667387,0.09553393894945451,0.09553393894945451,0.0,0.0
2021-11-02,3.0299704992857714,0.009733919706486294,0.07265556557570318,0.04170167094395424,0.07011968280160263,0.0002236427074911138,41,0.033489777405849463,0.12674843643744466,0.11182135374555689,0.11182135374555689,0.0,0.0
2021-11-03,3.0658658816295943,0.011846776182238061,0.06040415987509936,0.06341896174477399,0.04980135968048773,0.00022644064285052344,46,0.02550218365444845,0.1316372773410951,0.11322032142526171,0.11322032142526171,0.0,0.0
2021-11-04,3.13146674783853,0.021397174156250642,0.08595149617034842,0.0946255513910887,0.07522079441432367,0.00033969269161082476,46,0.027016105396231893,0.11583989638638553,0.16984634580541239,0.16984634580541239,0.0,0.0
2021-11-05,3.1598066107781557,0.009050028380211073,0.10377896407341014,0.009429990335997656,0.19061074514325507,0.0004000814709585055,46,0.03428028269631067,0.0784144148970412,0.20004073547925275,0.20004073547925275,0.0,0.0
2021-11-08,3.1859035224149834,0.008259021785640419,0.10123565968004056,0.13081482651397536,0.06519782249454609,0.00039202529801704296,45,0.040444821943422915,0.08291386102842786,0.19601264900852147,0.19601264900852147,0.0,0.0
2021-11-09,3.1952829203655875,0.0029440307544197353,0.0758050563992723,0.03609247802165299,0.10167997555419843,0.00027554490715170284,46,0.026477329788509474,0.08341941603729315,0.1377724535758514,0.1377724535758514,0.0,0.0
2021-11-10,3.108358086236821,-0.027204111903436967,0.06373291337479216,0.051972406209626315,0.07380157654255705,0.0002515479655043667,46,0.028902762334919285,0.06471280942144357,0.12577398275218335,0.12577398275218335,0.0,0.0
2021-11-11,3.129782639531041,0.006892562793547885,0.0697797716258822,0.04074478402459502,0.0701162118104332,0.00022172199167005646,49,0.0,0.062099519908291295,0.11086099583502823,0.11086099583502823,0.0,0.0
2021-11-12,3.1839418337614136,0.017304458637577236,0.055157936955037,0.028811716998012903,0.07272840112961704,0.0002030802362552599,47,0.00877575578244405,0.0619891643806319,0.10154011812762995,0.10154011812762995,0.0,0.0
2021-11-15,3.1601721094869855,-0.0074655020460431265,0.038452521273980855,0.030447284113368084,0.03761719806516959,0.00013612896435707532,47,0.0,0.06261491610416645,0.06806448217853767,0.06806448217853767,0.0,0.0
2021-11-16,3.1971238241518005,0.011692943733629058,0.054514948383648495,0.05770375787986436,0.05132613888743263,0.00021805979353459399,50,0.0,0.059297420228108556,0.10902989676729699,0.10902989676729699,0.0,0.0
2021-11-17,3.17582784671817,-0.006660979869705264,0.04695783893080122,0.0333719555690129,0.04102741966760461,0.00014879875047323502,48,0.019516302624984938,0.06296896968660338,0.07439937523661751,0.07439937523661751,0.0,0.0
2021-11-18,3.1640647594450724,-0.003703943614340899,0.07561780814062842,0.015040299535553834,0.1166116159143247,0.00026330383089975703,51,0.0,0.06417935214603958,0.1316519154498785,0.1316519154498785,0.0,0.0
2021-11-19,3.165463553096911,0.00044208755451768944,0.05497222156458415,0.05252780051383841,0.057416642615329895,0.0002198888862583366,49,0.0,0.06440319623706649,0.1099444431291683,0.1099444431291683,0.0,0.0
2021-11-22,3.084359673565525,-0.02562148581746837,0.031226889522613512,0.015757634572669148,0.04669614447255787,0.00012490755809045406,52,0.0,0.06293696471944764,0.062453779045227024,0.062453779045227024,0.0,0.0
2021-11-23,3.07617619973417,-0.0026532164525077118,0.06069455248525817,0.057067852838713545,0.061817428406283764,0.0002377705624899946,47,0.00250382372551905,0.06949408797202866,0.1188852812449973,0.1188852812449973,0.0,0.0
2021-11-24,3.0927841201853195,0.00539888464535454,0.04605730904858857,0.039430089833037286,0.05019459620342197,0.0001792493720729185,48,0.0,0.06708721985746872,0.08962468603645925,0.08962468603645925,0.0,0.0
2021-11-26,3.019143330087565,-0.023810517396649744,0.022047417461100564,0.0028690507475834176,0.04122578417461772,8.818966984440225e-05,46,0.0,0.06273227023006138,0.04409483492220113,0.04409483492220113,0.0,0.0
2021-11-29,3.097866056984327,0.026074524555440348,0.030552131784073167,0.02007370888171187,0.04103055468643446,0.00012220852713629268,44,0.0,0.06610464142469641,0.061104263568146334,0.061104263568146334,0.0,0.0
2021-11-30,3.0181540099811617,-0.025731276154903338,0.0554520170894227,0.017325788365862835,0.09357824581298248,0.00022180806835769056,47,1.1102230246251565e-16,0.06519452526130999,0.11090403417884528,0.11090403417884528,0.0,0.0
2021-12-01,2.9491076883602925,-0.022877004086779618,0.07658285879967427,0.03313734398224794,0.12002837361710048,0.00030633143519869687,48,0.0,0.06130398584134024,0.15316571759934844,0.15316571759934844,0.0,0.0
2021-12-02,3.003936288032093,0.01859158954696727,0.05881606276329849,0.026125440885836255,0.09150668464076059,0.00023526425105319375,48,1.1102230246251565e-16,0.06846709919173646,0.11763212552659687,0.11763212552659687,0.0,0.0
2021-12-03,2.9337480880511846,-0.02336540900036499,0.054192734166124246,0.023075100753175086,0.08531036757907329,0.00021677093666449678,47,0.0,0.0642632876368639,0.10838546833224838,0.10838546833224838,0.0,0.0
2021-12-06,2.9402997891964797,0.0022332187183962127,0.034938785395288934,0.0,0.06092338597370272,0.00012184677194740542,47,0.008954184816875155,0.06753371868083834,0.06092338597370271,0.06092338597370271,0.0,0.0
2021-12-07,3.078129192081213,0.046875969379434945,0.06516421985588879,0.035627257681853444,0.08615002196303972,0.00024355455928978643,47,0.0,0.06860031966252399,0.12177727964489321,0.12177727964489321,0.0,0.0
2021-12-08,3.1167998072946936,0.012563025396388428,0.03750179827702748,0.01333066717090942,0.061672929383145544,0.00015000719310810992,47,0.0,0.06862550344089227,0.07500359655405496,0.07500359655405496,0.0,0.0
2021-12-09,3.0481514745850675,-0.02202526211306821,0.029719083007728873,0.01257363407625279,0.046864531939204826,0.00011887633203091527,48,1.1102230246251565e-16,0.06732651088971514,0.059438166015457636,0.059438166015457636,0.0,0.0
2021-12-10,3.0628327420347228,0.0048164494356874865,0.04179607331998116,0.0,0.08359214663996223,0.00016718429327992442,48,0.0,0.0708965092711662,0.08359214663996221,0.08359214663996221,0.0,0.0
2021-12-13,3.0182638631842895,-0.014551522268507866,0.04587303237879128,0.0,0.09174606475758254,0.0001834921295151651,48,0.0,0.09050183834156501,0.09174606475758255,0.09174606475758255,0.0,0.0
2021-12-14,2.964717910747964,-0.01774064656488783,0.024206281353984546,0.013491175460253059,0.034921387247716026,9.682512541593818e-05,48,0.0,0.09098111041675157,0.04841256270796909,0.04841256270796909,0.0,0.0
2021-12-15,3.0402002307375526,0.02546020304864194,0.02562555332730466,0.004181993636472604,0.04706911301813671,0.00010250221330921865,47,0.0,0.09037915061851262,0.05125110665460932,0.05125110665460932,0.0,0.0
2021-12-16,2.964029849461936,-0.025054396255057787,0.040839021317052325,0.05027593644900977,0.027694934695096117,0.00015594174228821176,48,0.003707171489998773,0.0941895913108855,0.07797087114410588,0.07797087114410588,0.0,0.0
2021-12-17,2.98730283530849,0.007851805490683095,0.08352827639944936,0.08138536597706957,0.08455847475083916,0.00033188768145581745,43,0.004789781562018924,0.0753905212328669,0.16594384072790871,0.16594384072790871,0.0,0.0
2021-12-20,2.9524525178002565,-0.011666148170958568,0.039772903417323334,0.017878346177595768,0.056821865256503484,0.00014940042286819852,43,0.0,0.0635403360597807,0.07470021143409926,0.07470021143409926,0.0,0.0
2021-12-21,3.065072747548451,0.038144637066713116,0.05367453338576187,0.07652283787996247,0.022123033936515143,0.00019729174363295523,42,0.008703194955046123,0.06795001022316396,0.09864587181647762,0.09864587181647762,0.0,0.0
2021-12-22,3.1097231558667127,0.014567487298294823,0.04092126617734894,0.029361604432797693,0.05054016280808578,0.00015980353448176695,43,0.010517625956165233,0.06503835473491282,0.07990176724088348,0.07990176724088348,0.0,0.0
2021-12-23,3.140130433948182,0.009778130257062756,0.016915985213607685,0.00785700841863415,0.023461807272058852,6.2637631381386e-05,44,0.007901971955031395,0.06325074856264196,0.031318815690693,0.031318815690693,0.0,0.0
2021-12-27,3.2003015908012835,0.019161992827618546,0.03503828259853432,0.014630493207381598,0.03694765744686801,0.00010315630130849921,45,0.02625101606488922,0.06464187519013027,0.05157815065424961,0.05157815065424961,0.0,0.0
2021-12-28,3.1676833002360785,-0.010192255210871637,0.03879692667256494,0.026808874168979004,0.041147923816277146,0.00013591359597051232,44,0.01688066824158163,0.06509137182699089,0.06795679798525615,0.06795679798525615,0.0,0.0
2021-12-29,3.169064067715964,0.00043589189606896284,0.042128318906641364,0.028394458141898712,0.049259114686110765,0.00015530714565601894,45,0.010267627769654064,0.08590585830479465,0.07765357282800947,0.07765357282800947,0.0,0.0
2021-12-30,3.1576740492031297,-0.003594126931313002,0.056558640981167134,0.04480612867257042,0.05800860819220833,0.0002056294737295575,46,0.0,0.06858364781424153,0.10281473686477874,0.10281473686477874,0.0,0.0
2021-12-31,3.1408894102657365,-0.005315507134635689,0.009469327052438054,0.004756170210545154,0.01367209947989177,3.6856539380873855e-05,45,0.00051038441443918,0.06904286360724297,0.018428269690436927,0.018428269690436927,0.0,0.0
2022-01-03,3.133492856770925,-0.0023549232490124306,0.015921040943858492,0.010547922207624174,0.020782602569142945,6.266104955353422e-05,45,0.0,0.0698523189160192,0.031330524776767114,0.031330524776767114,0.0,0.0
2022-01-04,3.088141071551779,-0.014473237148490248,0.03174968596145005,0.01869765690173554,0.04480171502116445,0.0001269987438458,47,1.1102230246251565e-16,0.06288968537267119,0.06349937192289999,0.06349937192289999,0.0,0.0
2022-01-05,2.970278998888816,-0.03816602607591946,0.03707881366137066,0.021065539863655648,0.05309208745908558,0.00014831525464548243,48,0.0,0.062180078948554755,0.07415762732274121,0.07415762732274121,0.0,0.0
2022-01-06,2.982529577976212,0.004124386662659907,0.05601209191727278,0.05280645661977516,0.05921772721477031,0.00022404836766909089,48,1.1102230246251565e-16,0.06029710677307281,0.11202418383454545,0.11202418383454545,0.0,0.0
2022-01-07,2.933644334064706,-0.016390531135881403,0.030382133914522304,0.027874487751415135,0.027787193584667896,0.00011132336267216605,48,0.0051025864929616915,0.05815165183331803,0.05566168133608303,0.05566168133608303,0.0,0.0
2022-01-10,2.9263096566133684,-0.002500193144127638,0.0579877367602608,0.059405084249755075,0.05145614754374941,0.000221722463587009,47,0.0,0.05734288617046051,0.11086123179350449,0.11086123179350449,0.0,0.0
2022-01-11,2.973369948032914,0.016081787965668948,0.016894672556471507,0.0,0.033789345112942896,6.757869022588581e-05,47,1.1102230246251565e-16,0.05576706241168889,0.0337893451129429,0.0337893451129429,0.0,0.0
2022-01-12,2.9802481654973643,0.0023132733513369086,0.03037698023385703,0.03100557480591743,0.029748385661796505,0.0001215079209354279,47,0.0,0.05646213195193578,0.06075396046771395,0.06075396046771395,0.0,0.0
2022-01-13,2.8872587260528024,-0.031201911478752065,0.032362880979252814,0.011653524524139092,0.039916775148099784,0.00010314059934447777,45,0.01315546228626674,0.058821896150734646,0.05157029967223888,0.05157029967223888,0.0,0.0
2022-01-14,2.912002564547244,0.00857001081031239,0.021431964791653404,0.010227690432391419,0.019593339276434123,5.9642059417651086e-05,47,0.0,0.05943180376408425,0.029821029708825542,0.029821029708825542,0.0,0.0
2022-01-18,2.8232856176040695,-0.030465957696355295,0.04634905511908141,0.030451579689076767,0.06224653054908607,0.00018539622047632564,48,0.0,0.05930313861384703,0.09269811023816282,0.09269811023816282,0.0,0.0
2022-01-19,2.8071486647051085,-0.005715664330361081,0.06265773661541532,0.045618162250152396,0.06102255361738108,0.00021328143173506695,46,0.018674757363297156,0.07339685717199906,0.10664071586753347,0.10664071586753347,0.0,0.0
2022-01-20,2.7790248897857723,-0.010018626826908905,0.0434010251242241,0.041570911298468585,0.02974191974049278,0.00014262566207792274,44,0.03435027495219867,0.07280335333505099,0.07131283103896137,0.07131283103896137,0.0,0.0
2022-01-21,2.656855997259578,-0.04396106453570192,0.01829135004513273,0.0008548532152400396,0.03276693133574303,6.724356910196612e-05,45,0.03296645503420814,0.06437438415467188,0.03362178455098306,0.03362178455098306,0.0,0.0
2022-01-24,2.6872225437746886,0.0114295041004977,0.06316782070137078,0.02929416344136293,0.0732513790218319,0.00020509108492638967,43,0.05637733687808333,0.06536981406123776,0.10254554246319483,0.10254554246319483,0.0,0.0
2022-01-25,2.591280035125521,-0.0357032240859364,0.04809083771733073,0.008307164697400646,0.06430481248944939,0.00014522395437370007,45,0.034886526999703404,0.06770128054819297,0.07261197718685003,0.07261197718685003,0.0,0.0
2022-01-26,2.592166675195447,0.00034216296884448383,0.042544205331754764,0.02211929044608609,0.062338712266881466,0.0001689160054259351,43,0.03549911127841099,0.06887561767655345,0.08445800271296755,0.08445800271296755,0.0,0.0
2022-01-27,2.572743940639286,-0.007492857130684483,0.016993850106392996,0.01372284704287792,0.01987859127427625,6.720287663430834e-05,43,0.036150967360012554,0.06472528688352129,0.03360143831715417,0.03360143831715417,0.0,0.0
2022-01-28,2.6535639341676265,0.03141392823891298,0.03734993736393999,0.02323409859786769,0.04366843553862277,0.0001338050682729809,44,0.02724788149425217,0.06121925761369129,0.06690253413649046,0.06690253413649046,0.0,0.0
2022-01-31,2.7830816119623796,0.048808953169383607,0.0555632900601216,0.011627001911415288,0.09260760281045309,0.00020846920944373677,44,0.0190824416464217,0.05940266923671786,0.10423460472186838,0.10423460472186838,0.0,0.0
2022-02-01,2.8100025095680348,0.009673053599988712,0.0360058350669786,0.0017915265255121712,0.06852679315180006,0.00014063663935462447,45,0.020590317041946027,0.06913560669462585,0.07031831967731224,0.07031831967731224,0.0,0.0
2022-02-02,2.8129586816581584,0.0010520175978696589,0.05767302518622963,0.043366759080943895,0.05616874654033482,0.00019907101124255741,45,0.004754039051476866,0.05644804041146782,0.0995355056212787,0.0995355056212787,0.0,0.0
2022-02-03,2.711883408902628,-0.03593201471980012,0.08422084033399334,0.0625412732293574,0.08044832143325031,0.00028597918932521545,42,0.030381903785669184,0.09802441865858696,0.14298959466260772,0.14298959466260772,0.0,0.0
2022-02-04,2.7487287002373693,0.01358660597789152,0.03131478648252275,0.01404939170598952,0.022064095546978888,7.222697450593683e-05,43,0.003456399336074445,0.09057513096343656,0.03611348725296841,0.03611348725296841,0.0,0.0
2022-02-07,2.743559183986499,-0.001880693518579668,0.025390496579131904,0.0018851575644561903,0.04543325130052924,9.463681772997086e-05,44,0.0,0.08720593825176302,0.04731840886498543,0.04731840886498543,0.0,0.0
2022-02-08,2.781906193707748,0.013977103153112624,0.11929701232007693,0.09620542657271566,0.08827845127267386,0.00036896775569077904,42,0.054110146794764336,0.060563302189164385,0.18448387784538953,0.18448387784538953,0.0,0.0
2022-02-09,2.887520907432209,0.03796487241853996,0.04935194690556105,0.04437313658371807,0.05398124363592877,0.0001967087604392937,42,0.05247025899666902,0.06540284263224949,0.09835438021964685,0.09835438021964685,0.0,0.0
2022-02-10,2.82675343454493,-0.02104485987646676,0.07761628199114426,0.08405830025931242,0.025434399431050282,0.0002189853993807254,45,0.007846624634857191,0.06682980128269074,0.1094926996903627,0.1094926996903627,0.0,0.0
2022-02-11,2.7289258366027354,-0.03460775770064417,0.01884295767348806,0.011881886122212222,0.022204028857343072,6.817182995911059e-05,42,0.0045273590335715985,0.06663016734668051,0.03408591497955529,0.03408591497955529,0.0,0.0
2022-02-14,2.734353449122409,0.0019889190269937185,0.03946710356770552,0.022254393709166057,0.05216211355240362,0.00014883301452313935,45,1.1102230246251565e-16,0.06628782378072774,0.07441650726156968,0.07441650726156968,0.0,0.0
2022-02-15,2.8352784504289428,0.036910005668405965,0.022769591594499306,0.00605339110289078,0.03463359662293521,8.137397545165198e-05,47,0.004852195463172726,0.06617043546087249,0.04068698772582599,0.04068698772582599,0.0,0.0
2022-02-16,2.83228204009403,-0.0010568310616755339,0.03338936531555868,0.004361059114832416,0.04198842717185223,9.269897257336928e-05,47,0.02528612291420662,0.0679459752764252,0.04634948628668464,0.04634948628668464,0.0,0.0
2022-02-17,2.7127770357675027,-0.04219389264021167,0.02781239402034727,0.001127755617035348,0.04508382211934015,9.242315547275101e-05,46,0.01698439323637302,0.0688515559848359,0.046211577736375506,0.046211577736375506,0.0,0.0
2022-02-18,2.6655034369280095,-0.017426275073918363,0.0513810795533018,0.02334173642844401,0.062137760654130486,0.000170958994165149,45,0.0,0.0698458316890593,0.08547949708257449,0.08547949708257449,0.0,0.0
2022-02-22,2.63027047968362,-0.01321812486011864,0.024909769275670447,0.0010510535013540008,0.0487684850499869,9.963907710268178e-05,46,0.0,0.06699622562423964,0.04981953855134089,0.04981953855134089,0.0,0.0
2022-02-23,2.574799669668067,-0.02108939382622932,0.03607393040649794,0.0010735421929262507,0.07107431862006963,0.00014429572162599175,45,0.0,0.06568596668849053,0.07214786081299587,0.07214786081299587,0.0,0.0
2022-02-24,2.701205016722685,0.04909327453460244,0.0507368003749289,0.03649508778184777,0.04978224459328449,0.00017255466475026452,44,0.015196268374725541,0.0628223383836913,0.08627733237513226,0.08627733237513226,0.0,0.0
2022-02-25,2.737626662327492,0.013483480661159453,0.07031264685224681,0.0,0.12939056205432695,0.0002587811241086539,44,0.003755483935194759,0.08031044152154374,0.12939056205432695,0.12939056205432695,0.0,0.0
2022-02-28,2.742645067821608,0.001833122669052667,0.0377154383626351,0.025630830753482846,0.047053212951664564,0.00014536808741029482,44,0.006494900360593636,0.08007412770717974,0.0726840437051474,0.0726840437051474,0.0,0.0
2022-03-01,2.685392258439978,-0.020875034124303915,0.0547146049263382,0.039864584253601884,0.0629326171509752,0.00020559440280915414,42,1.1102230246251565e-16,0.08269318618452871,0.10279720140457707,0.10279720140457707,0.0,0.0
2022-03-02,2.7522237358893693,0.024887044802987424,0.0496232322912364,0.03355087982530733,0.06569558475716547,0.0001984929291649456,43,1.1102230246251565e-16,0.08226156056116464,0.0992464645824728,0.0992464645824728,0.0,0.0
2022-03-03,2.6793064178654875,-0.026493964525132974,0.03002453303427713,0.016365191449847407,0.04115361547605881,0.00011503761385181244,44,0.00253025914264815,0.07626384263565744,0.05751880692590622,0.05751880692590622,0.0,0.0
2022-03-04,2.6268009979820945,-0.019596646181746613,0.04893038922625443,0.03166286223677208,0.05334265555602698,0.0001700110355855981,42,0.015435656739362535,0.08042952006472935,0.08500551779279905,0.08500551779279905,0.0,0.0
2022-03-07,2.498925741254554,-0.048680983761531293,0.05566734951413259,0.03249053542466447,0.06262171851869466,0.0001902245078867183,43,0.0,0.07980403624858584,0.09511225394335915,0.09511225394335915,0.0,0.0
2022-03-08,2.499623218796539,0.0002791109517461532,0.0736556931957433,0.0696798227269079,0.07763156366457871,0.0002946227727829732,45,0.0,0.08044690018738211,0.1473113863914866,0.1473113863914866,0.0,0.0
2022-03-09,2.632263213824565,0.05306399541763218,0.054929452731577115,0.028669923114190213,0.08118898234896399,0.00021971781092630847,46,0.0,0.07845475374020477,0.10985890546315423,0.10985890546315423,0.0,0.0
2022-03-10,2.604556057274429,-0.01052598250988701,0.04071505952273626,0.021852701771525384,0.059577417273947136,0.00016286023809094504,47,0.0,0.07724591512980473,0.08143011904547252,0.08143011904547252,0.0,0.0
2022-03-11,2.53905740665821,-0.025147721598574813,0.07817159972850378,0.02205379074701213,0.10690799606227588,0.00025792357361857605,45,0.02738141264771954,0.08365153201399275,0.12896178680928802,0.12896178680928802,0.0,0.0
2022-03-14,2.4644936226273124,-0.029366718466218078,0.07815720866413657,0.02990078316027892,0.12144559962473854,0.00030269276557003496,48,0.023233269711370075,0.0910402098973146,0.15134638278501747,0.15134638278501747,0.0,0.0
2022-03-15,2.5380069603059803,0.029828982718282715,0.08725269155772473,0.0260435879253738,0.1259083329927508,0.0003039038418362491,48,0.0,0.07285697666781171,0.15195192091812454,0.15195192091812454,0.0,0.0
2022-03-16,2.6767885690257436,0.054681334957029426,0.08125409049229193,0.050064642427952596,0.11244353855663128,0.0003250163619691677,48,0.0,0.06468848705884554,0.16250818098458386,0.16250818098458386,0.0,0.0
2022-03-17,2.7291760829145697,0.019571031681405282,0.06988789704840531,0.06294515685264626,0.07683063724416422,0.00027955158819362104,46,1.1102230246251565e-16,0.06492939121751572,0.1397757940968105,0.1397757940968105,0.0,0.0
2022-03-18,2.8027759631979863,0.026967802020607223,0.06099316691903204,0.014856476032267633,0.10712985780579645,0.00024397266767612816,48,1.1102230246251565e-16,0.09112030963155807,0.12198633383806397,0.12198633383806408,0.0,2.0090266256156397e-16
2022-03-21,2.7788706003818735,-0.008529173622866648,0.07095008962809461,0.045144798382587115,0.096755380873602,0.0002838003585123782,50,0.0,0.09128007254916734,0.1419001792561891,0.1419001792561891,0.0,0.0
2022-03-22,2.8260266151711972,0.01696948925323971,0.019547673439235008,0.010132760141781626,0.028282269473872797,7.683005923130886e-05,49,0.0006803172628155885,0.09038509423607084,0.03841502961565443,0.03841502961565443,0.0,0.0
2022-03-23,2.7760073669548926,-0.01769949651138536,0.039807047791002526,0.028721911903100975,0.050199717496808016,0.000157843258799818,50,0.0,0.08709887077247686,0.07892162939990899,0.07892162939990899,0.0,0.0
2022-03-24,2.85973180707522,0.030160020869169246,0.05041465776353318,0.04132438915093858,0.05950492637612781,0.00020165863105413274,47,0.0,0.0747768705156022,0.10082931552706637,0.10082931552706637,0.0,0.0
2022-03-25,2.853402791314359,-0.002213150109112494,0.04568410940159505,0.04037850630387867,0.05098971249931144,0.0001827364376063802,47,0.0,0.08442007476343208,0.0913682188031901,0.0913682188031901,0.0,0.0
2022-03-28,2.891387183736132,0.01331196301391313,0.029714747828847754,0.020400124972564358,0.03902937068513116,0.00011885899131539101,47,0.0,0.0967631768922946,0.05942949565769551,0.05942949565769551,0.0,0.0
2022-03-29,2.9558401226873827,0.022291355275348312,0.0208956960403047,0.003891000406731596,0.037900391673877806,8.35827841612188e-05,49,0.0,0.09515507693934319,0.0417913920806094,0.0417913920806094,0.0,0.0
2022-03-30,2.900370706674262,-0.018766040689199848,0.05234385076944418,0.04006270055755536,0.059141547288745586,0.00019840849569260192,51,0.005483453692587403,0.09282004680055955,0.09920424784630096,0.09920424784630096,0.0,0.0
2022-03-31,2.8662458080973736,-0.011765702397407596,0.040401671848066374,0.007629539798809027,0.057982207904489026,0.00013122349540659614,50,0.02073960636641492,0.09171002859630498,0.06561174770329807,0.06561174770329807,0.0,0.0
2022-04-01,2.8582700805749055,-0.0027826390534740897,0.058248466832391946,0.02980049886843962,0.06637588687646712,0.00019235277148981348,49,0.04111402570888112,0.07146317797650276,0.09617638574490674,0.09617638574490674,0.0,0.0
2022-04-04,2.907634160940491,0.01727061438352817,0.04386682676157562,0.0038915129773619706,0.0514419734530284,0.00011066697286078075,50,0.008011376465907993,0.09171708418518364,0.05533348643039037,0.05533348643039037,0.0,0.0
2022-04-05,2.8239094021849946,-0.028794805027471226,0.04133321691992921,0.02088396787308021,0.05558130298958157,0.00015293054172532355,50,0.0020464775041659777,0.07709950560573196,0.07646527086266178,0.07646527086266178,0.0,0.0
2022-04-06,2.755265911707368,-0.024307964846362995,0.06427952768120813,0.04311411187097852,0.07917283286362095,0.00024457388946919897,52,0.00836906019334327,0.09109147423631486,0.12228694473459947,0.12228694473459947,0.0,0.0
2022-04-07,2.756556349789582,0.00046835337262041143,0.0687475438283009,0.08843582491461997,0.04632701524176132,0.0002695256803127626,50,0.005630640229807415,0.08244250099671577,0.13476284015638132,0.13476284015638132,0.0,0.0
2022-04-08,2.7148138298591644,-0.015142995329518238,0.02289311649156106,0.023908884215038055,0.01616059093470331,8.013895029948274e-05,50,0.0,0.08241978032831784,0.040069475149741365,0.040069475149741365,0.0,0.0
2022-04-11,2.672889683559672,-0.015442733434751665,0.049640475471753855,0.04151894718510344,0.034336395954493594,0.00015171068627919406,50,0.023425607803910675,0.08323782666908826,0.07585534313959703,0.07585534313959703,0.0,0.0
2022-04-12,2.66392698919576,-0.003353185288206828,0.046525039128086816,0.0233888343163467,0.04616009086686518,0.00013909785036642373,53,0.0,0.081104645125654,0.06954892518321186,0.06954892518321186,0.0,0.0
2022-04-13,2.7241226902432185,0.022596603169530383,0.015416710504547541,0.002609208402879567,0.0282242126062154,6.166684201818994e-05,54,1.1102230246251565e-16,0.08876182028341406,0.030833421009094822,0.03083342100909497,0.0,2.106604821139335e-16
2022-04-14,2.668445783706148,-0.02043847244343433,0.042661968449646995,0.04438461593133995,0.04093932096795391,0.00017064787379858775,50,0.0,0.08858491185685664,0.08532393689929388,0.08532393689929388,0.0,0.0
2022-04-18,2.6737747974025616,0.001997047768012683,0.05198251983157472,0.033107224306098304,0.04877118936269205,0.00016375682733758075,49,0.022086625994359066,0.08694584287219083,0.08187841366879037,0.08187841366879037,0.0,0.0
2022-04-19,2.7388984392424973,0.02435644239866419,0.05246718934556173,0.03026361856696821,0.05311289015936149,0.0001667530174526594,49,0.0,0.10340489509285396,0.08337650872632969,0.08337650872632969,0.0,0.0
2022-04-20,2.695571148901664,-0.015819239486958292,0.03117690992926696,0.009789331417624858,0.05256448844090905,0.00012470763971706784,49,0.0,0.10706870407973093,0.06235381985853392,0.06235381985853392,0.0,0.0
2022-04-21,2.6101120341167445,-0.031703527773600304,0.03770876247541856,0.00809110483242983,0.06732642011840728,0.00015083504990167423,50,0.0,0.10361733224541246,0.07541752495083712,0.07541752495083712,0.0,0.0
2022-04-22,2.5560544872000395,-0.020710814788836407,0.048083206969090644,0.013475161443504895,0.08269125249467638,0.00019233282787636257,48,0.0,0.10379998028748776,0.09616641393818129,0.09616641393818129,0.0,0.0
2022-04-25,2.589194974902929,0.012965485622019157,0.028009842826485533,0.008508278365150848,0.04751140728782023,0.00011203937130594213,50,0.0,0.0968097728506719,0.056019685652971066,0.056019685652971066,0.0,0.0
2022-04-26,2.488202104051352,-0.03900551014137654,0.03298465319806821,0.007355360410562765,0.05861394598557355,0.0001319386127922726,49,1.1102230246251565e-16,0.10536976003182792,0.06596930639613631,0.06596930639613631,0.0,0.0
2022-04-27,2.492969464411134,0.0019159859852300176,0.037340129842834247,0.02557654407489894,0.036242455150651734,0.00012363799845110135,48,0.01286126046011793,0.10232890868076036,0.06181899922555067,0.06181899922555067,0.0,0.0
2022-04-28,2.584046036370254,0.03653336844245447,0.03540881759253071,0.0014063028591578088,0.06765220426029198,0.00013811701423889955,49,0.010647114215374565,0.11569204260412813,0.06905850711944977,0.06905850711944977,0.0,0.0
2022-04-29,2.488507488567367,-0.036972463515815734,0.08237650964263728,0.09764036889579732,0.060953366892805255,0.0003171874715772051,49,0.017211653943933647,0.11647019502912544,0.15859373578860256,0.15859373578860256,0.0,0.0
2022-05-02,2.5245696596908407,0.014491485876232835,0.029015443969749928,0.019537098147058847,0.024315747989560814,8.770569227323932e-05,48,0.002786264574757502,0.11713056807320886,0.04385284613661966,0.04385284613661966,0.0,0.0
2022-05-03,2.5210848282576253,-0.0013803665190376124,0.06509160908781754,0.03175898087533242,0.09563483222991492,0.0002547876262104948,45,0.0,0.13131788010461828,0.1273938131052474,0.1273938131052474,0.0,0.0
2022-05-04,2.59211397457459,0.028174040603804018,0.05762852477141244,0.013904498134946675,0.09330944438541419,0.00021442788504072173,44,0.008043107022464024,0.15981325456590076,0.10721394252036086,0.10721394252036086,0.0,0.0
2022-05-05,2.479071524604325,-0.043610138704960666,0.06422963580164544,0.05405492582034949,0.06599650273178298,0.00024010285710426496,47,1.1102230246251565e-16,0.1656171838398514,0.12005142855213248,0.12005142855213248,0.0,0.0
2022-05-06,2.412706012470438,-0.02677030955953541,0.17806917748561954,0.17311271700701272,0.11767873520426225,0.00058158290442255,44,0.06534690275996424,0.15178917562649455,0.29079145221127495,0.29079145221127495,0.0,0.0
2022-05-09,2.2320370756740195,-0.07488228398429131,0.09160006586290331,0.024801284568273442,0.15494849636776453,0.0003594995618720759,46,0.06716056655206626,0.09261863859179875,0.17974978093603794,0.17974978093603794,0.0,0.0
2022-05-10,2.2587351656040275,0.011961311136351016,0.09023215816071069,0.05253223335032856,0.09439790896460666,0.0002938602846298704,47,0.032813056851054845,0.08929037691618083,0.1469301423149352,0.1469301423149352,0.0,0.0
2022-05-11,2.1915347239696303,-0.02975135937037865,0.07341800631014116,0.028322446694043678,0.08792288137723958,0.00023249065614256654,47,0.003220677557779217,0.08753517513310936,0.11624532807128327,0.11624532807128327,0.0,0.0
2022-05-12,2.224250262924993,0.014928140812710211,0.028676457441333292,0.018656820231698713,0.031904310308162286,0.000101122261079722,47,0.009964769449912425,0.08701726362702217,0.050561130539861,0.050561130539861,0.0,0.0
2022-05-13,2.354281184663166,0.05846056260196919,0.02989666347992587,0.03278061697094734,0.018406095868510483,0.00010237342567891565,49,0.0008068205170140841,0.08508188488628197,0.051186712839457825,0.051186712839457825,0.0,0.0
2022-05-16,2.2959572191968483,-0.024773576685005128,0.04436937814400997,0.02760239094392616,0.0603091947096785,0.00017582317130720936,48,1.1102230246251565e-16,0.08449810938266972,0.08791158565360455,0.08791158565360467,0.0,2.0578157233774874e-16
2022-05-17,2.3938383699154024,0.042631957555722355,0.04087601561113326,0.028888690248534556,0.032211999515450104,0.00012220137952796933,47,0.020651341458281958,0.09165055351790058,0.06110068976398466,0.06110068976398466,0.0,0.0
2022-05-18,2.287816011603924,-0.044289689581350156,0.06338542463575333,0.038182060826681276,0.06984296476229993,0.00021605005117796241,47,0.002857877260973418,0.07805402117237363,0.10802502558898121,0.10802502558898121,0.0,0.0
2022-05-19,2.3314162966481202,0.019057601145832326,0.08686584340888462,0.04146371867160471,0.07878201878265031,0.0002404914749085101,43,0.056289706445197485,0.06999682317086954,0.12024573745425504,0.12024573745425504,0.0,0.0
2022-05-20,2.343013697518932,0.004974401563326625,0.04277568385066671,0.013203170195408946,0.043492886153447194,0.00011339211269771227,46,0.027149422249599375,0.06881201103179367,0.05669605634885613,0.05669605634885613,0.0,0.0
2022-05-23,2.3598573098773934,0.007188866363136315,0.06188059623667261,0.04008078179835866,0.05733076832699003,0.0001948231002506974,47,0.0006007478136834665,0.0671215829221204,0.09741155012534869,0.09741155012534869,0.0,0.0
2022-05-24,2.2774736151951775,-0.034910455957396835,0.029435301325281948,0.002275466062324074,0.05597273027119061,0.00011649639266702935,46,0.0,0.0660580710400321,0.058248196333514676,0.058248196333514676,0.0,0.0
2022-05-25,2.3487096781060557,0.03127854585695089,0.04203786216587355,0.025300672905303332,0.03734224180314026,0.00012528582941688719,44,0.021432809623303517,0.06650867451895918,0.06264291470844359,0.06264291470844359,0.0,0.0
2022-05-26,2.4212698804423183,0.030893644715924706,0.031784436356569766,0.014599284311005234,0.022319381973133226,7.383733256827692e-05,42,0.04743918615708653,0.0662746106987795,0.03691866628413846,0.03691866628413846,0.0,0.0
2022-05-27,2.523415558920824,0.04218682076854874,0.032130757448459946,0.008806876426964916,0.04879319544005474,0.00011520014373403933,44,0.052175088194826746,0.069696311228504,0.05760007186701966,0.05760007186701966,0.0,0.0
2022-05-31,2.49473879446618,-0.011364265530211748,0.03710639553358612,0.007640827688095339,0.06599160855224448,0.00014726487248067964,42,0.05334741838547952,0.060361957280006324,0.07363243624033981,0.07363243624033981,0.0,0.0
2022-06-01,2.470709754551743,-0.009631886098752207,0.04076655484077252,0.005096099036274734,0.046890233214946855,0.00010397266450244318,42,0.02431387394113671,0.06025878920462297,0.05198633225122159,0.05198633225122159,0.0,0.0
2022-06-02,2.5906425542165485,0.04854184083899593,0.041551224732789896,0.036394612098205714,0.04325311476610025,0.00015929545372861192,44,0.019729856120070832,0.058966782042244356,0.07964772686430596,0.07964772686430596,0.0,0.0
2022-06-03,2.528925209781593,-0.023823180212377726,0.051537290163666045,0.014539548541295555,0.0877011212465246,0.00020448133957564032,44,0.02104113256405593,0.06365453903878773,0.10224066978782016,0.10224066978782016,0.0,0.0
2022-06-06,2.541384890305181,0.004926867934012202,0.052899428466658585,0.025306251876590368,0.06223041588327201,0.00017507333551972472,42,0.039196497424208276,0.06309640095011382,0.08753666775986237,0.08753666775986237,0.0,0.0
2022-06-07,2.5782054171820104,0.014488370894661262,0.06250515494994299,0.045954343483002674,0.05995482729467445,0.00021181834155535424,44,0.019527391289204,0.06591282351199156,0.10590917077767711,0.10590917077767711,0.0,0.0
2022-06-08,2.55350429392815,-0.009580742903278372,0.06154134710229904,0.02789797041945616,0.07547251197423771,0.00020674096478738772,44,1.1102230246251565e-16,0.06538366265617591,0.10337048239369385,0.10337048239369385,0.0,0.0
2022-06-09,2.4812802774313085,-0.028284274543253884,0.019409720797460922,0.011490901502875031,0.02732854009204669,7.763888318984346e-05,45,0.0,0.06761961567450397,0.03881944159492173,0.03881944159492173,0.0,0.0
2022-06-10,2.391213274357898,-0.03629860112645167,0.04854897696621476,0.03235621066075114,0.06474174327167839,0.00019419590786485906,44,0.0,0.06641221203939665,0.09709795393242952,0.09709795393242952,0.0,0.0
2022-06-13,2.257143525223299,-0.05606766680843234,0.08170323261468102,0.02371270202229606,0.139693763207066,0.00032681293045872407,45,0.0,0.06131827897055336,0.16340646522936203,0.16340646522936203,0.0,0.0
2022-06-14,2.2585660836591734,0.0006302472217549759,0.06719740982991859,0.05069927443243873,0.08369554522739842,0.00026878963931967437,45,0.0,0.05992945791351604,0.13439481965983718,0.13439481965983718,0.0,0.0
2022-06-15,2.319560491506206,0.027005810584126655,0.028796747042103214,0.0009664776591674036,0.05662701642503903,0.00011518698816841286,46,0.0,0.06535234794880825,0.05759349408420643,0.05759349408420643,0.0,0.0
2022-06-16,2.1922403618498514,-0.0548897647302482,0.017909020988605518,0.0,0.03581804197721104,7.163608395442207e-05,46,0.0,0.0622718645866008,0.035818041977211036,0.035818041977211036,0.0,0.0
2022-06-17,2.2183514831591795,0.01191070183896037,0.03405668778831455,0.021520956970657923,0.04659241860597117,0.0001362267511532582,47,0.0,0.06055101487333767,0.0681133755766291,0.0681133755766291,0.0,0.0
2022-06-21,2.2696037261739597,0.023103752224959084,0.05644391480833843,0.04601042938706617,0.046904625329275244,0.00018583010943268283,45,0.019972774900335444,0.061088362840168775,0.09291505471634141,0.09291505471634141,0.0,0.0
2022-06-22,2.241719099631284,-0.012286121238302194,0.07006314968096974,0.03488902886996803,0.0850209047392246,0.00023981986721838524,44,1.1102230246251565e-16,0.06655659112168828,0.11990993360919262,0.11990993360919262,0.0,0.0
2022-06-23,2.2610604781615034,0.00862792244282562,0.04625249724722738,0.011282322423490879,0.08122267207096377,0.0001850099889889093,44,0.0,0.08832349797462045,0.09250499449445465,0.09250499449445465,0.0,0.0
2022-06-24,2.3680377935601222,0.047312894295336694,0.07253132311574924,0.028577024335901268,0.09816128228004867,0.0002534766132318998,44,0.01832433961554858,0.07572377438470526,0.1267383066159499,0.1267383066159499,0.0,0.0
2022-06-27,2.3469391215214546,-0.008909769977508586,0.0748863275313824,0.06908177419436244,0.06908589003028759,0.00027633532844930004,44,0.006878972980927767,0.07131197914362454,0.13816766422465002,0.13816766422465002,0.0,0.0
2022-06-28,2.286742622078406,-0.025648939459505415,0.030162388600944338,0.024615823172014863,0.028649650216310316,0.00010653094677665036,43,1.1102230246251565e-16,0.06943487408808856,0.05326547338832518,0.05326547338832518,0.0,0.0
2022-06-29,2.2562984454601582,-0.013313337637699374,0.07336490343512356,0.07899850695246584,0.06773129991778118,0.000293459613740494,45,0.0,0.07849357312408725,0.146729806870247,0.146729806870247,0.0,0.0
2022-06-30,2.2100842324439314,-0.020482313901874716,0.035104773838466316,0.03646674685241154,0.033742800824521094,0.00014041909535386526,43,0.0,0.08283725468635975,0.07020954767693263,0.07020954767693263,0.0,0.0
2022-07-01,2.206394130108303,-0.0016696659256048019,0.023844119078911274,0.018723137931495805,0.013484987039966855,6.441624994292531e-05,40,0.01548011318635989,0.08387131478210645,0.03220812497146266,0.03220812497146266,0.0,0.0
2022-07-05,2.230941401349124,0.011125515113483475,0.029626028761199696,0.006828534444848596,0.04687180046655514,0.00010740066982280748,41,0.009756417061552836,0.07534203873445026,0.05370033491140374,0.05370033491140374,0.0,0.0
2022-07-06,2.2208110261719174,-0.004540852203056778,0.06045961340446907,0.05342484103256977,0.06638754103323602,0.00023962476413161158,42,0.008691728311324476,0.07409748604177271,0.11981238206580579,0.11981238206580579,0.0,0.0
2022-07-07,2.3068514174416044,0.03874277921701319,0.04843015582793121,0.026684249690466445,0.061809996612832936,0.00017698849260659873,43,0.0,0.08378051920104662,0.08849424630329937,0.08849424630329937,0.0,0.0
2022-07-08,2.30447945602652,-0.0010282246169608378,0.048622626505453306,0.04394689852145863,0.053298354489448016,0.00019449050602181323,44,0.0,0.09028248108264884,0.09724525301090661,0.09724525301090661,0.0,0.0
2022-07-11,2.247833277048379,-0.024580899964199543,0.04580227844930576,0.02249725521150528,0.06910730168710626,0.00018320911379722304,45,0.0,0.0688946127077174,0.09160455689861152,0.09160455689861152,0.0,0.0
2022-07-12,2.21571410028504,-0.01428894975943873,0.04361521868688839,0.036522541766885276,0.04789868912603592,0.0001688424617858424,45,0.002809206480855586,0.08059753211380823,0.0844212308929212,0.0844212308929212,0.0,0.0
2022-07-13,2.2178900467940568,0.0009820520204917305,0.05048637803939584,0.0,0.09816685667905087,0.00019633371335810176,45,0.0,0.07491502767866769,0.09816685667905088,0.09816685667905088,0.0,0.0
2022-07-14,2.1943379991834773,-0.010619123181793366,0.03307259080150045,0.019368469149371414,0.03612652519419991,0.00011098998868714264,44,0.010650187259429567,0.07937392806594186,0.05549499434357132,0.05549499434357132,0.0,0.0
2022-07-15,2.251715270833711,0.026147873149708012,0.0027085547210609863,0.0,0.004715795912775815,9.431591825551631e-06,44,0.011080019259662177,0.07849108951318415,0.004715795912775815,0.004715795912775815,0.0,0.0
2022-07-18,2.2651570811803383,0.005969587061356307,0.02454247217231592,0.007702977756382199,0.03134259792880275,7.809115137036989e-05,46,0.0009740398478276235,0.0798656502678266,0.03904557568518494,0.03904557568518494,0.0,0.0
2022-07-19,2.347277829772841,0.0362538868826312,0.0424221570509669,0.033367919780945325,0.028748451177259222,0.00012423274191640909,43,0.023667788921404864,0.07721456543856539,0.06211637095820455,0.06211637095820455,0.0,0.0
2022-07-20,2.400335237286737,0.022603803793874055,0.07093277852985226,0.058001536646604054,0.06408162765843226,0.0002441663286100726,43,0.0033565883018183973,0.07824098745537944,0.12208316430503631,0.12208316430503631,0.0,0.0
2022-07-21,2.439296162997295,0.01623145180112351,0.05477738840890696,0.02028485569931058,0.05381667841603631,0.0001482030682306938,40,0.03875572939404215,0.07489959255451185,0.0741015341153469,0.0741015341153469,0.0,0.0
2022-07-22,2.3867060281928305,-0.021559552957212125,0.03128528880475191,0.010726712475538096,0.04214628868511261,0.00010574600232130142,41,0.029907931732777726,0.07429363060138769,0.05287300116065071,0.05287300116065071,0.0,0.0
2022-07-25,2.379846624676023,-0.002874004354026516,0.028213587571928996,0.016747707356852805,0.026973524905153097,8.74424645240118e-05,42,0.017285569364445807,0.07061752166816741,0.0437212322620059,0.0437212322620059,0.0,0.0
2022-07-26,2.343406768106261,-0.015311850852876896,0.06401667827801545,0.0755557047599503,0.01860842169843103,0.00018832825291676265,41,0.05142028320856151,0.07047929054157133,0.09416412645838132,0.09416412645838132,0.0,0.0
2022-07-27,2.4448533914516326,0.04329023229174678,0.029850728628993673,0.017061985005423108,0.03477489581746325,0.0001036737616457727,40,0.05714611927235691,0.07691217921079785,0.05183688082288635,0.05183688082288635,0.0,0.0
2022-07-28,2.485080613105905,0.016453838007189248,0.05795043062334293,0.0852464108154916,0.026654326446886457,0.00022380147452475614,39,0.06020860857089094,0.07438889178507374,0.11190073726237806,0.11190073726237806,0.0,0.0
2022-07-29,2.5269915517159665,0.016865021757857646,0.02518185752097929,0.006841957976407885,0.03021846383587252,7.412084362456081e-05,40,0.045902348197494836,0.0748523415494664,0.037060421812280406,0.037060421812280406,0.0,0.0
2022-08-01,2.5134542701514344,-0.005357074326322708,0.049046389884684814,0.02566327932873012,0.06294239478971544,0.0001772113482368911,40,0.036654291021051555,0.060171959393553506,0.08860567411844555,0.08860567411844555,0.0,0.0
2022-08-02,2.5325271240237144,0.00758830351472084,0.04226961952865966,0.01901941950072583,0.041681359975153605,0.00012140155895175887,43,0.012535365923615593,0.061265829718219186,0.060700779475879436,0.060700779475879436,0.0,0.0
2022-08-03,2.584728269837045,0.020612275113718326,0.04082971460477232,0.027004485931230122,0.03698689372593925,0.00012798275931433876,41,0.029948679443387638,0.0597923193531279,0.06399137965716938,0.06399137965716938,0.0,0.0
2022-08-04,2.5721962450920683,-0.004848488288390351,0.04318546610887454,0.035060293160586974,0.05014075168313352,0.00017040208968744099,41,0.03125935191629281,0.05713614063624754,0.08520104484372049,0.08520104484372049,0.0,0.0
2022-08-05,2.590367160504015,0.007064358112884417,0.09143490017051206,0.10147624165520777,0.06821858699287373,0.000339389657296163,41,0.044204510732647084,0.06721443700225119,0.1696948286480815,0.1696948286480815,0.0,0.0
2022-08-08,2.584135503190368,-0.0024057042602542156,0.047111888587550985,0.031185096424300562,0.051453593326069844,0.0001652773795007408,40,0.03271869911023206,0.06917626098605145,0.0826386897503704,0.0826386897503704,0.0,0.0
2022-08-09,2.541811478272014,-0.016378407736785006,0.0867128651143935,0.059095173750981306,0.09422876727980722,0.0003066478820615771,42,0.013151512933349374,0.07042235399459397,0.15332394103078856,0.15332394103078856,0.0,0.0
2022-08-10,2.6195285461444526,0.030575464992892654,0.047464135100028094,0.045877412310655376,0.04731710253470135,0.00018638902969071345,40,0.014492706137314348,0.0712518119568023,0.09319451484535672,0.09319451484535672,0.0,0.0
2022-08-11,2.61157197951171,-0.003037404056716042,0.06979165206282793,0.09385471599515183,0.030186682374355643,0.00024808279673901493,40,0.030075159867386625,0.07072136726671965,0.12404139836950748,0.12404139836950748,0.0,0.0
2022-08-12,2.6675054494764274,0.021417548665526587,0.046651438344960466,0.04168423795516699,0.031076991412833876,0.00014552245873600175,40,0.04998189269019582,0.06506228199712914,0.07276122936800088,0.07276122936800088,0.0,0.0
2022-08-15,2.6761521716007404,0.0032415012033095714,0.014891776360367974,0.013839756774391263,0.011530809808648913,5.074113316608035e-05,41,0.04540488572304424,0.06471279588823817,0.025370566583040176,0.025370566583040176,0.0,0.0
2022-08-16,2.668935440344004,-0.0026966819500474637,0.09444348106022117,0.06057568625907299,0.08279667133686544,0.0002867447151918768,44,1.1102230246251565e-16,0.07645620646068105,0.14337235759593842,0.14337235759593842,0.0,0.0
2022-08-17,2.6269194582548088,-0.01574259963507396,0.02489406081591987,0.011667658875932883,0.038120462755906734,9.957624326367926e-05,43,0.0,0.06806329319659686,0.04978812163183963,0.04978812163183963,0.0,0.0
2022-08-18,2.643285928872252,0.00623029022302668,0.0543761332935298,0.03924199065729791,0.030377699251336165,0.00013923937981726817,40,0.03913257667842551,0.07508984765785395,0.06961968990863408,0.06961968990863408,0.0,0.0
2022-08-19,2.584472328589649,-0.02225018475685514,0.025003388736155877,0.01656420381015553,0.029382593754270568,9.189359512885219e-05,39,0.04407940004506805,0.06858745063969401,0.045946797564426094,0.045946797564426094,0.0,0.0
2022-08-22,2.51087737234926,-0.028475815131110305,0.06423281709845356,0.07278720411102356,0.028287411629128068,0.0002021492314803033,41,0.017971197033713526,0.06733240569180035,0.10107461574015164,0.10107461574015164,0.0,0.0
2022-08-23,2.5502183770688474,0.01566823021818009,0.0379348252462471,0.019506204842199795,0.04765496770585087,0.00013432234509610133,41,0.026400065183047827,0.07430342182376251,0.06716117254805067,0.06716117254805067,0.0,0.0
2022-08-24,2.5571719808177686,0.0027266699242101122,0.039047128194211356,0.013865364724639123,0.06227392700915161,0.00015227858346758148,42,0.028279232084871375,0.06630060810536498,0.07613929173379073,0.07613929173379073,0.0,0.0
2022-08-25,2.621122890179389,0.025008450679632865,0.02510742944113155,0.010015288747776668,0.03604268140606369,9.211594030768073e-05,41,0.02342983711570845,0.07504340139630808,0.04605797015384036,0.04605797015384036,0.0,0.0
2022-08-26,2.5075001250341233,-0.043348888970821786,0.06036912465353642,0.03237878562279932,0.07370784033112085,0.00021217325190784033,42,0.039137944082739407,0.06294201589894434,0.10608662595392017,0.10608662595392017,0.0,0.0
2022-08-29,2.476478509612835,-0.012371530956899135,0.03380719419363505,0.027637511354773492,0.03512711184392803,0.00012552924639740303,41,0.03477346596841557,0.06479580547340132,0.06276462319870152,0.06276462319870152,0.0,0.0
2022-08-30,2.4548774172287673,-0.008722503466200071,0.01982349739837171,0.010980978743544348,0.018363405147185444,5.868876778145958e-05,40,0.04537999869917109,0.06556170259003266,0.02934438389072979,0.02934438389072979,0.0,0.0
2022-08-31,2.4347564127619643,-0.008196337758288985,0.02580540301963158,0.015392670486522061,0.010930571632266758,5.264648423757764e-05,42,0.020465049554677317,0.06467434525194807,0.02632324211878882,0.02632324211878882,0.0,0.0
2022-09-01,2.3921415096618874,-0.017502737800261015,0.025325430350616948,0.013443160040830472,0.03712917833507984,0.00010114467675182062,42,0.02074899588886492,0.06527591331189388,0.05057233837591031,0.05057233837591031,0.0,0.0
2022-09-02,2.3774700027289812,-0.006133210294477887,0.030698967036102302,0.02957941001606667,0.02394939959221196,0.00010705761921655725,41,0.028743928578178646,0.06550963762381243,0.053528809608278625,0.053528809608278625,0.0,0.0
2022-09-06,2.359643328256608,-0.007498170093381162,0.013856095584450077,0.006426928501515137,0.015111940134442375,4.307773727191502e-05,42,0.022786513599026503,0.06514173229425328,0.02153886863595751,0.02153886863595751,0.0,0.0
2022-09-07,2.408411811654798,0.020667735167510415,0.037573991084624836,0.03585441994309574,0.006054582568635662,8.381800502346281e-05,40,0.05556221266848027,0.06508179948620088,0.0419090025117314,0.0419090025117314,0.0,0.0
2022-09-08,2.450549449216727,0.0174960267833002,0.026558267938167738,0.016037693740229942,0.018472201917404816,6.901979131526952e-05,39,0.07320968171833042,0.06514129821305624,0.03450989565763476,0.03450989565763476,0.0,0.0
2022-09-09,2.5165051933778075,0.026914675883060513,0.044090637000138155,0.04574055316584216,0.03436894250404714,0.00016021899133977858,39,0.06320770949466048,0.06496437691190017,0.08010949566988929,0.08010949566988929,0.0,0.0
2022-09-12,2.539164484991042,0.009004269759848915,0.03902637411607753,0.02961923890009345,0.03593970991363915,0.0001311178976274652,42,0.050141636056711514,0.06542548617683759,0.0655589488137326,0.0655589488137326,0.0,0.0
2022-09-13,2.414586482406395,-0.04906259650409628,0.058928694445491744,0.047259752540250256,0.019445591283877472,0.00013341068764825546,45,0.001569560416592175,0.06563061591768961,0.06670534382412772,0.06670534382412772,0.0,0.0
2022-09-14,2.4326139179513526,0.007466055026942309,0.016837922439966114,0.011853016086665197,0.020367900666704967,6.444183350674033e-05,43,0.0030127565649595844,0.06671971702355864,0.03222091675337016,0.03222091675337016,0.0,0.0
2022-09-15,2.393805221620249,-0.01595349596773943,0.038091663550542845,0.051832911459515414,0.005958649737812828,0.00011558312239465648,43,0.021453011819275725,0.06742794616319331,0.05779156119732824,0.05779156119732824,0.0,0.0
2022-09-16,2.3630505459538935,-0.012847609901000645,0.014038076799508503,0.006923561292881773,0.010243148691798062,3.433341996935967e-05,44,0.010822029134120559,0.06564697815848757,0.017166709984679833,0.017166709984679833,0.0,0.0
2022-09-19,2.38245344888977,0.00821095552488238,0.01149333010350721,0.008142512990324332,0.0041471147948082265,2.457925557026512e-05,46,3.6597358075041164e-05,0.06603163477401772,0.012289627785132559,0.012289627785132559,0.0,0.0
2022-09-20,2.3541719842842093,-0.011870731249225552,0.003800360143366586,0.0,0.007563683832485018,1.5127367664970037e-05,46,0.0,0.06640695785946993,0.007563683832485018,0.007563683832485018,0.0,0.0
2022-09-21,2.3062828359464325,-0.02034224714994115,0.03331597441430346,0.0,0.04428627893675742,8.857255787351484e-05,46,0.022345669891849496,0.0645941691127576,0.04428627893675742,0.04428627893675742,0.0,0.0
2022-09-22,2.246945624606829,-0.0257285058080281,0.033237112156272584,0.020955431096080005,0.02713295882856079,9.61767798492816e-05,44,0.041319401561402236,0.0641137221483044,0.0480883899246408,0.0480883899246408,0.0,0.0
2022-09-23,2.202424336478504,-0.019814136862397635,0.018288133577546023,0.012423123972346293,0.020878279264475726,6.660280647364405e-05,45,0.03887698822234409,0.06486143065795599,0.03330140323682202,0.03330140323682202,0.0,0.0
2022-09-26,2.183116718451785,-0.008766529549700808,0.012810354845942274,0.013436002038339188,0.011890170677450344,5.065234543157907e-05,45,0.03892429508578754,0.0660048988303289,0.025326172715789533,0.025326172715789533,0.0,0.0
2022-09-27,2.2059329313746487,0.0104512107529664,0.027683325940361405,0.02850808630807904,0.024647383976797412,0.0001063109405697529,44,0.040728783032894955,0.06561693606451928,0.05315547028487645,0.05315547028487645,0.0,0.0
2022-09-28,2.262624462749561,0.0256995716273134,0.01628111024914095,0.0,0.027404937089102015,5.480987417820403e-05,44,0.034548836998774646,0.07276921214123921,0.027404937089102015,0.027404937089102015,0.0,0.0
2022-09-29,2.2158132286976193,-0.02068891007881013,0.007894595268908879,0.004570352553090589,0.009404577281200975,2.794985966858313e-05,43,0.0334634684258448,0.0722408190595322,0.013974929834291563,0.013974929834291563,0.0,0.0
2022-09-30,2.1911601630147595,-0.011125967371063195,0.02487189214169555,0.0031851172884852785,0.026935315165774524,6.024086490851961e-05,44,0.01421458045897439,0.07149549167881511,0.030120432454259802,0.030120432454259802,0.0,0.0
2022-10-03,2.2600355679844615,0.03143330466310501,0.02321762179948037,0.03275345131826332,0.007999940578124963,8.150678379277659e-05,43,0.008098410976535741,0.06909188022655964,0.04075339189638829,0.04075339189638829,0.0,0.0
2022-10-04,2.3479566372062157,0.03890251572463699,0.04004012719602932,0.026967974755014633,0.04351055494265461,0.0001409570593953385,42,0.017395785567069888,0.07024402643857572,0.07047852969766924,0.07047852969766924,0.0,0.0
2022-10-05,2.352617454168501,0.0019850524019178195,0.021722052142515075,0.014016894079135698,0.012066793468238794,5.2167375094748986e-05,43,1.1102230246251565e-16,0.06878622348477764,0.026083687547374494,0.026083687547374494,0.0,0.0
2022-10-06,2.336242594657719,-0.006960272900198072,0.0063626103972667745,0.0,0.011085875915294105,2.217175183058821e-05,43,0.001639344879239557,0.06858569714309633,0.011085875915294105,0.011085875915294105,0.0,0.0
2022-10-07,2.242127134577384,-0.040284968819397804,0.0005541087931667769,0.0,0.0008978135219761731,1.7956270439523462e-06,43,0.0019185589669339365,0.07043751128064114,0.0008978135219761731,0.0008978135219761731,0.0,0.0
2022-10-10,2.194113913857109,-0.02141413837771733,0.021845857053072484,0.02405967676407048,0.009435093878775,6.698954128569096e-05,42,0.012157354418316224,0.0713833750567972,0.03349477064284548,0.03349477064284548,0.0,0.0
2022-10-11,2.137011485133565,-0.026025279892219144,0.03367180327638639,0.030171657976309555,0.0266015402472885,0.0001135463964471961,41,0.001910381719653742,0.07167239898974674,0.056773198223598054,0.056773198223598054,0.0,0.0
2022-10-12,2.137970071100141,0.0004485637879088067,0.010756850003754035,0.006052404273177795,0.013551845428139218,3.920849940263403e-05,42,0.0,0.07274498262628927,0.019604249701317012,0.019604249701317012,0.0,0.0
2022-10-13,2.1776601764140446,0.018564387710759744,0.029779152764810888,0.03998263570866524,0.00637973874872871,9.27247489147879e-05,41,0.013195931072227829,0.07211613796745664,0.04636237445739395,0.04636237445739395,0.0,0.0
2022-10-14,2.1008200733146842,-0.035285626256844616,0.013133746361447343,0.0,0.017309059484188087,3.461811896837617e-05,41,0.0047196818729370316,0.07379532501640647,0.017309059484188087,0.017309059484188087,0.0,0.0
2022-10-17,2.173803932452659,0.034740652026815644,0.008090169006741987,0.0,0.015723806764015965,3.144761352803193e-05,41,0.004104547356036714,0.07394140909808647,0.015723806764015965,0.015723806764015965,0.0,0.0
2022-10-18,2.203311329057422,0.013574083736002107,0.01685103106444446,0.00535120886707602,0.025777259153509875,6.225693604117179e-05,40,0.006622920038546032,0.06662101892455871,0.031128468020585894,0.031128468020585894,0.0,0.0
2022-10-19,2.197660706239903,-0.0025646048032332835,0.014321668749988898,0.013295037832531236,0.0031485066232709354,3.288708891160434e-05,39,0.018839523558931814,0.06670955334627367,0.01644354445580217,0.01644354445580217,0.0,0.0
2022-10-20,2.2047153713822527,0.0032100793003757566,0.016277846804795534,0.0,0.017539542856277863,3.5079085712555726e-05,39,0.03379473270178013,0.06656130971535335,0.017539542856277863,0.017539542856277863,0.0,0.0
2022-10-21,2.27331430641203,0.03111464451158108,0.021796334015312575,0.012636109900501543,0.02014647305635265,6.556516591370839e-05,39,0.043582887908445445,0.06633801669137802,0.0327825829568542,0.0327825829568542,0.0,0.0
2022-10-24,2.277324101249935,0.0017638541342896996,0.062068844220607516,0.06832666584993337,0.03207578115818166,0.00020080489401623006,42,0.019762171726126265,0.06846307399045384,0.10040244700811503,0.10040244700811503,0.0,0.0
2022-10-25,2.3180559657908577,0.017885844407727003,0.009155871708076881,0.007295399440315305,0.003656391501987981,2.1903581884606573e-05,43,0.012054541766688187,0.06352247786006597,0.010951790942303287,0.010951790942303287,0.0,0.0
2022-10-26,2.3046832112305715,-0.005768952414280326,0.05577332159719071,0.0508304670780334,0.04859409970285391,0.00019884913356177462,44,0.0,0.06137605409086667,0.0994245667808873,0.0994245667808873,0.0,0.0
2022-10-27,2.313062637675602,0.0036358256979518444,0.04158385205667431,0.05574336281468409,0.02742434129866442,0.000166335408226697,45,1.1102230246251565e-16,0.06719074691549325,0.0831677041133485,0.0831677041133485,0.0,0.0
2022-10-28,2.3646718074491635,0.022312050237179637,0.07269580260243833,0.04067982569971161,0.08162483978610639,0.00024460933097163607,44,0.02308693971905873,0.07241874804414573,0.12230466548581803,0.12230466548581803,0.0,0.0
2022-10-31,2.335459227559591,-0.0123537565752454,0.08080511653534735,0.059078557810036306,0.04553582854999666,0.00020922877272006594,43,0.08036667348255944,0.07370034225831736,0.10461438636003297,0.10461438636003297,0.0,0.0
2022-11-01,2.3537154688275295,0.007816981368163445,0.039768463607148447,0.007325984605124934,0.05879301490304929,0.0001322379990163485,43,0.06631484862136394,0.07390282968005539,0.06611899950817424,0.06611899950817424,0.0,0.0
2022-11-02,2.2513076949494755,-0.04350898621109334,0.02240075209645833,0.0003196523076029271,0.02827787969192276,5.719506399905138e-05,42,0.053123449375033216,0.07932456857718499,0.02859753199952569,0.02859753199952569,0.0,0.0
2022-11-03,2.218609905248718,-0.014523909714389882,0.020280418248502165,0.0,0.031099428708118687,6.219885741623738e-05,42,0.044441620078370714,0.07996754074005796,0.031099428708118687,0.031099428708118687,0.0,0.0
2022-11-04,2.2543527701375248,0.01611047746800698,0.08196105069002756,0.09379853173076744,0.0498853650940978,0.0002873677936497305,43,0.06396263213788,0.07791080154966641,0.14368389682486524,0.14368389682486524,0.0,0.0
2022-11-07,2.265880842318039,0.005113694863209339,0.0926432858938965,0.06765498185798238,0.0906286565659721,0.000316567276847909,38,0.0906199987648888,0.07859939541757985,0.1582836384239545,0.1582836384239545,0.0,0.0
2022-11-08,2.30713259664177,0.018205615032046207,0.06360317493236527,0.0402540390893329,0.05879379068354026,0.00019809565954574633,38,0.06082355386146088,0.0802187848861591,0.09904782977287316,0.09904782977287316,0.0,0.0
2022-11-09,2.2506108289835405,-0.024498707937507302,0.03949899283482723,0.025420784335745603,0.026967868838500116,0.00010477730634849145,40,0.03573520915531481,0.08180178465441182,0.05238865317424572,0.05238865317424572,0.0,0.0
2022-11-10,2.4573571701326005,0.09186232399069816,0.0249451268947959,0.01808885378711737,0.008000453781315944,5.217861513686663e-05,42,0.008926022881489915,0.08232245277459162,0.026089307568433313,0.026089307568433313,0.0,0.0
2022-11-11,2.5479864991825893,0.03688081250520803,0.10142227835208614,0.1387835420474463,0.05545582570559669,0.00038847873550608593,43,0.0,0.08048041902518614,0.19423936775304296,0.19423936775304296,0.0,0.0
2022-11-14,2.519417740756758,-0.011212287990927883,0.06407468842715341,0.05883670118246691,0.04742560897185287,0.00021252462030863954,42,0.02188706669998708,0.06899047211961834,0.10626231015431976,0.10626231015431976,0.0,0.0
2022-11-15,2.5823013908922086,0.024959596464761757,0.02130752354324482,0.02033699846129987,0.0168065812017275,7.428715932605475e-05,43,0.026823958631371436,0.070015010122939,0.03714357966302737,0.03714357966302737,0.0,0.0
2022-11-16,2.5081256807906884,-0.028724652499176995,0.03345615011107459,0.017384098837616636,0.048981507242048285,0.00013273121215932985,44,0.02706689486071512,0.06432616387946852,0.06636560607966492,0.06636560607966492,0.0,0.0
2022-11-17,2.4722173149004782,-0.014316812815731828,0.02701315159905527,0.02209978096968286,0.010948753023232704,6.609706798583113e-05,41,0.048435989219721476,0.06334989000799586,0.03304853399291557,0.03304853399291557,0.0,0.0
2022-11-18,2.474684671101947,0.0009980337030233155,0.02037311935703073,0.02610213769861618,0.010575606554121979,7.335548850547632e-05,40,0.04431565270318549,0.06435920991375753,0.03667774425273816,0.03667774425273816,0.0,0.0
2022-11-21,2.442777975442925,-0.012893236876443726,0.038337823469932635,0.026572734417653322,0.015093030687316359,8.333153020993935e-05,41,0.009880865009766593,0.06641671151752063,0.04166576510496968,0.04166576510496968,0.0,0.0
2022-11-22,2.4792646831260763,0.014936563228401978,0.02309488318334935,0.020188927002491232,0.01829719781421141,7.697224963340529e-05,41,0.01743834302328906,0.059706147880091306,0.038486124816702647,0.038486124816702647,0.0,0.0
2022-11-23,2.500242831070069,0.008461439428702588,0.02319529118343556,0.010028273094855204,0.019942453348435425,5.994145288658126e-05,42,0.0008711351464901762,0.056005968752072255,0.02997072644329063,0.02997072644329063,0.0,0.0
2022-11-25,2.490568108327515,-0.003869513241805067,0.034853248338379494,0.02457802498462838,0.02012560210530708,8.940725417987092e-05,41,0.025877310508236828,0.057082245401323166,0.04470362708993546,0.04470362708993546,0.0,0.0
2022-11-28,2.4463379982219795,-0.017759044596149298,0.02800112181458997,0.04393513570096393,0.008113979317298518,0.0001040982300365249,41,0.030295561782395675,0.05767793361360784,0.05204911501826245,0.05204911501826245,0.0,0.0
2022-11-29,2.4461906160186344,-6.024605081234036e-05,0.03324772548446618,0.022304739825676333,0.03182709585701743,0.00010826367136538752,40,0.042657722260197706,0.05861252861722529,0.05413183568269376,0.05413183568269376,0.0,0.0
2022-11-30,2.544001507548999,0.039984983545378494,0.008757422298069074,0.007229546607714034,0.003821676875912205,2.2102446967252482e-05,38,0.047480347406706924,0.058098101468365054,0.01105122348362624,0.01105122348362624,0.0,0.0
2022-12-01,2.581758508183179,0.014841579504627278,0.03172575396026766,0.0,0.047388423036693,9.477684607338601e-05,38,0.030718450606951775,0.07203760983061233,0.047388423036693,0.047388423036693,0.0,0.0
2022-12-02,2.5532605940282918,-0.011038179622361977,0.08708692132738265,0.08776925832369314,0.06538767651926072,0.00030631386968590777,39,0.052068704237834496,0.058030889209512514,0.15315693484295387,0.15315693484295387,0.0,0.0
2022-12-05,2.4836860030012553,-0.027249310622566858,0.009450256668233717,0.0,0.017777352258347198,3.55547045166944e-05,39,0.05240222165254005,0.05882710805513039,0.017777352258347198,0.017777352258347198,0.0,0.0
2022-12-06,2.4350352213180013,-0.019588136996570804,0.010041977075763821,0.010041977075763807,0.005422229186787088,3.092841252510179e-05,38,0.058067286533078466,0.05958249085382375,0.015464206262550895,0.015464206262550895,0.0,0.0
2022-12-07,2.439435003582329,0.0018068659647338947,0.0028145691153974584,0.0,0.0028145691153974375,5.629138230794875e-06,38,0.06077679879963682,0.05695177845973978,0.0028145691153974375,0.0028145691153974375,0.0,0.0
2022-12-08,2.4855616775788207,0.01890875302221784,0.029331347802361806,0.03540847627068235,0.0018121626293016238,7.444127779996795e-05,37,0.08108652861335264,0.05746833978449067,0.03722063889998398,0.03722063889998398,0.0,0.0
2022-12-09,2.475026004328058,-0.004238749472926129,0.018212968675096686,0.0,0.0337500596418444,6.75001192836888e-05,37,0.07875032281921857,0.05797370787164472,0.0337500596418444,0.0337500596418444,0.0,0.0
2022-12-12,2.518010131133382,0.01736714148867846,0.05025578159715878,0.06396285625930369,0.0010601819650454224,0.00013004607644869824,36,0.11288446045644307,0.058669587113345884,0.06502303822434911,0.06502303822434911,0.0,0.0
2022-12-13,2.545845578237267,0.01105454134585071,0.00041348596440649726,0.0,0.0004134859644065042,8.269719288130084e-07,36,0.1120636121325741,0.0575834798624795,0.0004134859644065042,0.0004134859644065042,0.0,0.0
2022-12-14,2.525238998872624,-0.00809419846230841,0.024362022426726398,0.013020613911425912,0.03385728924460536,9.375580631206255e-05,35,0.11481362847343513,0.05925497024648094,0.04687790315603128,0.04687790315603128,0.0,0.0
2022-12-15,2.441952924024604,-0.032981462303252274,0.04124967921342022,0.06629293341055023,0.003894271469300742,0.00014037440975970194,35,0.10640068090552413,0.06001224507990672,0.07018720487985097,0.07018720487985097,0.0,0.0
2022-12-16,2.4282394012354738,-0.005615801457191427,0.13135803146404385,0.14125171148885787,0.0013929353340570334,0.0002852892936458298,29,0.2270424702372703,0.05950093376459742,0.1426446468229149,0.1426446468229149,0.0,0.0
2022-12-19,2.4053027495104202,-0.00944579505356169,0.02475088984988865,0.027034113651543245,0.009342515980049093,7.275325926318468e-05,28,0.24231599194628817,0.05984365815546942,0.03637662963159234,0.03637662963159234,0.0,0.0
2022-12-20,2.414601448184794,0.0038659161206489046,0.0004994568121190592,0.0,0.0004994568121190982,9.989136242381964e-07,28,0.24188204187880824,0.06044863257155454,0.0004994568121190982,0.0004994568121190982,0.0,0.0
2022-12-21,2.44311756289469,0.011809863996947945,0.0001882287405128517,0.0,0.00018822874051290092,3.7645748102580183e-07,28,0.23887047134469774,0.060121013993060454,0.00018822874051290092,0.00018822874051290092,0.0,0.0
2022-12-22,2.387070742789649,-0.02294069714706437,0.029998939421508324,0.04534875390310873,0.007973931867270544,0.00010664537154075857,28,0.2377777241833804,0.06034260440103274,0.05332268577037928,0.05332268577037928,0.0,0.0
2022-12-23,2.3879784185626987,0.0003802467001832177,0.7429742079688272,0.7429742079688273,0.2812140625914543,0.0020483765411205626,2,0.698960616552089,0.15209445199162494,1.0241882705602814,1.0241882705602814,0.0,0.0
2022-12-27,2.3908062815113267,0.0011842079168915554,0.003869403424176257,0.0,0.0038694034241763264,7.738806848352653e-06,1,0.8468960851822562,0.15310391481774377,0.0038694034241763264,0.0038694034241763264,0.0,0.0
2022-12-28,2.3640256775051864,-0.011201494748127816,0.9107194807774914,0.9107194807774915,0.05588520134608334,0.0019332093642471498,2,1.1102230246251565e-16,0.9107194807774915,0.9666046821235749,0.9666046821235749,0.0,0.0
2022-12-29,2.326996539217556,-0.015663593944845955,0.062078418515860795,0.0,0.09219702007911418,0.00018439404015822836,2,0.03195981695260752,0.9362811613621544,0.09219702007911418,0.09219702007911418,0.0,0.0
2022-12-30,2.2791197286616076,-0.02057450870642319,0.018675551649461757,0.0,0.03645848802467345,7.29169760493469e-05,0,1.0,0.0,0.03645848802467345,0.03645848802467345,0.0,0.0
2023-01-03,2.2791197286616076,0.0,0.0,0.0,0.0,0.0,0,1.0,0.0,0.0,0.0,0.0,0.0
2023-01-04,2.274695936651671,-0.0019410090458629181,0.9705045229314514,0.9705045229314514,0.0,0.001941009045862903,41,0.029495477068548603,0.09076203110132182,0.9705045229314514,0.9705045229314514,0.0,0.0
2023-01-05,2.298354863649885,0.01040091847750002,0.027244734214995237,0.007747430584047296,0.03908914738156492,9.367315593122444e-05,43,0.02153623000729188,0.09400245725791842,0.04683657796561222,0.04683657796561222,0.0,0.0
2023-01-06,2.3552423179189423,0.024751379853813038,0.055299493203990135,0.026167335031428048,0.06991487539131358,0.00019216442084548328,42,0.03552879112709384,0.06757868616610996,0.09608221042274163,0.09608221042274163,0.0,0.0
2023-01-09,2.3836072667811177,0.012043325073760602,0.054099994381597974,0.018839050609266623,0.06042099588957829,0.00015852009299768984,46,0.006160490908538319,0.06615810624540991,0.07926004649884491,0.07926004649884491,0.0,0.0
2023-01-10,2.4051902215368464,0.00905474448602206,0.01777948040327008,0.004463899031649977,0.021592809235347475,5.21134165339949e-05,45,0.015607144170023401,0.06598012037116847,0.02605670826699745,0.02605670826699745,0.0,0.0
2023-01-11,2.4308990126885126,0.010688880622190089,0.013130279742643167,0.005931165834518011,0.01755189781509809,4.69661272992322e-05,44,0.012663864470278785,0.06589562721761738,0.0234830636496161,0.0234830636496161,0.0,0.0
2023-01-12,2.476061321875036,0.018578439067518104,0.03387870784348357,0.01803905588732477,0.037286854571427004,0.00011065182091750357,45,0.0,0.06561794881999068,0.05532591045875178,0.05532591045875178,0.0,0.0
2023-01-13,2.4988277354299067,0.00919460812773032,0.032200204193809825,0.024132089717020633,0.018562637630859215,8.538945469575969e-05,42,0.0217056810397398,0.0655088495278623,0.042694727347879845,0.042694727347879845,0.0,0.0
2023-01-17,2.518464926750906,0.00785856145366548,0.004265212677733516,0.0,0.004751432644869651,9.502865289739301e-06,42,0.017757238268351072,0.06491213477998778,0.004751432644869651,0.004751432644869651,0.0,0.0
2023-01-18,2.4786396353192885,-0.015813319855518704,0.01862269433486696,0.010558962319882414,0.011319214201893208,4.375635304355125e-05,44,0.002674549272504767,0.06570307470084041,0.021878176521775622,0.021878176521775622,0.0,0.0
2023-01-19,2.4634047656180122,-0.006146464166951748,0.020179528698975387,0.012428169262527414,0.025240000911775404,7.533634034860563e-05,44,0.0,0.0665089677206212,0.037668170174302816,0.037668170174302816,0.0,0.0
2023-01-20,2.5301267887153003,0.02708528619759698,0.0250702179008154,0.022880409731739212,0.02726002606989159,0.0001002808716032616,44,0.0,0.06603973837831707,0.0501404358016308,0.0501404358016308,0.0,0.0
2023-01-23,2.576090544100529,0.018166581844923035,0.02205928178584683,0.018998324569580886,0.013934085358140974,6.586481985544373e-05,43,0.011186153643971797,0.06545558324796781,0.03293240992772186,0.03293240992772186,0.0,0.0
2023-01-24,2.5834221686287235,0.0028460274989110523,0.02113370452026343,0.0,0.03694281834626727,7.388563669253455e-05,43,0.016478174436106552,0.06697790268566184,0.036942818346267274,0.036942818346267274,0.0,0.0
2023-01-25,2.601417981678144,0.006965881638684168,0.02318056111539519,0.027659602689378913,0.01034291643904169,7.600503825684122e-05,44,0.00800433660817379,0.0663051929320409,0.038002519128420606,0.038002519128420606,0.0,0.0
2023-01-26,2.6558907956292366,0.020939662266789005,0.037468337556695104,0.02624827677040957,0.0408492842787119,0.00013419512209824296,44,0.0,0.06214156740549892,0.06709756104912148,0.06709756104912148,0.0,0.0
2023-01-27,2.6209378153920606,-0.013160548729901689,0.047403659551583946,0.015463549912425946,0.06206356012282767,0.00015505422007050724,43,0.017280209067914276,0.06052923554956882,0.07752711003525362,0.07752711003525362,0.0,0.0
2023-01-30,2.571383236867972,-0.01890719353701109,0.04484352787793312,0.011168157825432193,0.060908211189438996,0.0001441527380297423,46,0.0,0.05864438595866127,0.07207636901487116,0.07207636901487116,0.0,0.0
2023-01-31,2.601333554533947,0.01164755110656146,0.03223100958554899,0.015795738574769572,0.04536766076231705,0.00012232679867417326,47,0.0032986198340113626,0.05680537621051318,0.06116339933708662,0.06116339933708662,0.0,0.0
2023-02-01,2.622671299118305,0.0082026176716814,0.03928670653953749,0.021551857556946736,0.043774621340400256,0.000130652957794694,44,0.01651828936546096,0.05671362581356943,0.065326478897347,0.065326478897347,0.0,0.0
2023-02-02,2.6347106692843623,0.004590499072493204,0.05719803099225555,0.01348469536847733,0.08356639066680357,0.00019410217207056177,44,0.03378459303187642,0.06161118672861798,0.09705108603528088,0.09705108603528088,0.0,0.0
2023-02-03,2.6036308622703923,-0.01179628844119407,0.06489119685449388,0.04410739285290281,0.05779582475937254,0.00020380643522455071,45,0.006301739355551672,0.06499850386664206,0.10190321761227536,0.10190321761227536,0.0,0.0
2023-02-06,2.5839908971850427,-0.007543298618078009,0.04375744961347375,0.027245099586860687,0.053921193832773294,0.00016233258683926794,46,0.0,0.06646268551758067,0.08116629341963397,0.08116629341963397,0.0,0.0
2023-02-07,2.6484313331286202,0.024938337055977255,0.02639636428864138,0.0,0.052792728577282656,0.0001055854571545653,46,1.1102230246251565e-16,0.06574077896107759,0.05279272857728265,0.05279272857728265,0.0,0.0
2023-02-08,2.6434100675891274,-0.001895939485643039,0.07742467438542858,0.04216007819745931,0.07968801171494026,0.0002436961798247991,44,0.03300125885845773,0.06761091491104639,0.12184808991239955,0.12184808991239955,0.0,0.0
2023-02-09,2.631168297593781,-0.0046310521948308425,0.057885736679548064,0.02148108728422113,0.06285914286656881,0.0001686804603015799,48,0.00171796469463259,0.06805914348852275,0.08434023015078995,0.08434023015078995,0.0,0.0
2023-02-10,2.6443574025697467,0.005012642098199294,0.03232722357972265,0.0072198182268974264,0.055725448025573374,0.00012589053250494157,46,1.1102230246251565e-16,0.06656705499499917,0.06294526625247078,0.06294526625247078,0.0,0.0
2023-02-13,2.685391294784905,0.015517528823933535,0.02646827877776419,0.006431010969550218,0.04650554658597805,0.00010587311511105655,47,0.0,0.06493800466389346,0.05293655755552827,0.05293655755552827,0.0,0.0
2023-02-14,2.713107489472947,0.010321100966502517,0.025021400646529492,0.011380777827382702,0.03500889967038158,9.277935499552858e-05,45,0.0036531237952946993,0.0651394528868606,0.046389677497764285,0.046389677497764285,0.0,0.0
2023-02-15,2.713819972619839,0.00026260778448938815,0.03538498498633528,0.03725613851756151,0.029862157000837376,0.00013423659103679777,44,0.0,0.06439258422357484,0.06711829551839889,0.06711829551839889,0.0,0.0
2023-02-16,2.685368580969149,-0.010483890581446165,0.035476415356938726,0.0004811137310808373,0.0421338143476233,8.522985615740827e-05,44,0.02833790263517333,0.06521161046360599,0.04261492807870413,0.04261492807870413,0.0,0.0
2023-02-17,2.645928095569261,-0.014687177648311511,0.06933171302922655,0.07129726239101447,0.048630874796410234,0.0002398562743748494,46,0.010018123211648633,0.07788395534759211,0.1199281371874247,0.1199281371874247,0.0,0.0
2023-02-21,2.615714660019881,-0.011418842258024253,0.042653505649840696,0.030243353642414872,0.0498192095723662,0.00016012512642956213,44,0.015376665333792228,0.08067100857487108,0.08006256321478107,0.08006256321478107,0.0,0.0
2023-02-22,2.6141373637233025,-0.0006030077824186186,0.03226035518419813,0.01289546259878203,0.03624081660834591,9.827255841425587e-05,45,0.0,0.08081009859016469,0.04913627920712794,0.04913627920712794,0.0,0.0
2023-02-23,2.6413194590411835,0.010398112851715435,0.02160438091153123,0.013661557779128444,0.02193322505109246,7.118956566044181e-05,44,0.0076139789928415524,0.08118157979424356,0.035594782830220904,0.035594782830220904,0.0,0.0
2023-02-24,2.6086285386906165,-0.012376738542044463,0.031481138133898384,0.0018540728489853902,0.03796262250204447,7.963339070205975e-05,43,0.030854363165008558,0.08342045241482333,0.03981669535102987,0.03981669535102987,0.0,0.0
2023-02-27,2.635304470442049,0.0102260369216165,0.08608239632405555,0.07941391528680164,0.07001890600144457,0.0002988656425764924,41,0.05326488253876005,0.08288272578096859,0.1494328212882462,0.1494328212882462,0.0,0.0
2023-02-28,2.62745252206659,-0.0029795222766582086,0.016647713601396108,8.417900134162544e-05,0.03182787607586014,6.382411015440355e-05,42,0.05203727884905163,0.0839126164918356,0.031912055077201774,0.031912055077201774,0.0,0.0
2023-03-01,2.662654120126999,0.01339761528125405,0.032570384295664556,0.015593087917380271,0.04236583277913919,0.00011591784139303894,42,0.0441615202120661,0.08201664582803882,0.057958920696519464,0.057958920696519464,0.0,0.0
2023-03-02,2.6681694833982403,0.0020713780395098524,0.02804439518334944,0.00015255769046184893,0.04710453528418192,9.451418594928754e-05,42,0.035234371442606216,0.08183937380984714,0.04725709297464377,0.04725709297464377,0.0,0.0
2023-03-03,2.7094463863816096,0.015470120335383752,0.023409008573083628,0.0009877371608306646,0.040274110206001704,8.252369473366474e-05,43,0.029138562312296834,0.08033146461649093,0.041261847366832374,0.041261847366832374,0.0,0.0
2023-03-06,2.702704076526097,-0.00248844556932426,0.0284962782773941,0.00645458278832486,0.047799376920759654,0.00010850791941816904,42,0.026469486427230793,0.08405726652424923,0.05425395970908452,0.05425395970908452,0.0,0.0
2023-03-07,2.669614523267208,-0.012243128482427257,0.013538875671038918,0.00358934611544413,0.012338835672843166,3.1856363576574596e-05,44,0.015647149323985032,0.08464282490895841,0.015928181788287296,0.015928181788287296,0.0,0.0
2023-03-08,2.699939302963389,0.011359235362215614,0.02089769984790616,0.008280627849501097,0.018044180427853322,5.264961655470884e-05,45,1.1102230246251565e-16,0.08470494524903714,0.02632480827735442,0.02632480827735442,0.0,0.0
2023-03-09,2.65709996076454,-0.01586677972791084,0.02182731908437847,0.007219014012429724,0.035865316300881786,8.616866062662303e-05,42,0.0005703078554455399,0.086648353747171,0.04308433031331151,0.04308433031331151,0.0,0.0
2023-03-10,2.590173610846925,-0.025187742616336495,0.056213134404615506,0.07432746826023845,0.03032400135382863,0.00020930293922813415,42,0.008359720531571302,0.08708411538567087,0.10465146961406707,0.10465146961406707,0.0,0.0
2023-03-13,2.553504454090554,-0.014157026618915047,0.030862694812449198,0.02990418870566857,0.021996068289256182,0.0001038005139898495,42,0.01830402127043884,0.08823500232955081,0.05190025699492475,0.05190025699492475,0.0,0.0
2023-03-14,2.590498447965001,0.014487538416150025,0.04375435418612921,0.009543141243769171,0.05992544591614032,0.000138937174319819,43,0.0,0.0880815726278251,0.0694685871599095,0.0694685871599095,0.0,0.0
2023-03-15,2.5030529034692144,-0.033756262067819565,0.03563949833831251,0.020077511856486544,0.05120148482013847,0.00014255799335325005,44,0.0,0.08033267285039607,0.07127899667662502,0.07127899667662502,0.0,0.0
2023-03-16,2.5667216872478287,0.025436451499035284,0.06427068005119538,0.03613448501701291,0.08027600473206896,0.0002328209794981638,43,0.012130870353308842,0.07106625961706266,0.1164104897490819,0.1164104897490819,0.0,0.0
2023-03-17,2.535887134973249,-0.012013204403022892,0.02440145218017585,0.0,0.045869009707837055,9.17380194156741e-05,43,0.009343351911251019,0.07130838884238923,0.04586900970783705,0.04586900970783705,0.0,0.0
2023-03-20,2.5515075835503196,0.006159757018222134,0.03769172233050995,0.005663196560850401,0.0604353242273887,0.00013219704157647818,41,1.1102230246251565e-16,0.06912864244939446,0.06609852078823909,0.06609852078823909,0.0,0.0
2023-03-21,2.5959967686266823,0.01743643066678957,0.021530838045928372,0.018022024377297753,0.025039651714558988,8.61233521837135e-05,43,1.1102230246251565e-16,0.07001443857749237,0.043061676091856745,0.043061676091856745,0.0,0.0
2023-03-22,2.5529490494182014,-0.016582346992386143,0.03043787409913838,0.02306186488567604,0.01937980765459136,8.48833450805348e-05,42,0.018434075658009474,0.0694526518520829,0.0424416725402674,0.0424416725402674,0.0,0.0
2023-03-23,2.569174957035659,0.006355750664571724,0.04173825097625793,0.0341888032937091,0.030972432639279023,0.00013032247186597627,44,0.0,0.06744187564970462,0.06516123593298813,0.06516123593298813,0.0,0.0
2023-03-24,2.5617685232502008,-0.0028828063130444948,0.045367472122104194,0.03652086122196115,0.05421408302224713,0.00018146988848841657,46,1.1102230246251565e-16,0.0649271007250503,0.09073494424420828,0.09073494424420828,0.0,0.0
2023-03-27,2.599190690667865,0.01460794255141562,0.02218540027373461,0.004083008302617188,0.04028779224485192,8.874160109493821e-05,47,0.0,0.06874226491348841,0.04437080054746911,0.04437080054746911,0.0,0.0
2023-03-28,2.6238102986762333,0.0094720283882066,0.018027874661594754,0.0,0.03605574932318951,7.211149864637902e-05,47,0.0,0.06558920437552444,0.03605574932318951,0.03605574932318951,0.0,0.0
2023-03-29,2.6634271662945177,0.015098983199460791,0.028228990412074273,0.003234034863681978,0.05322394596046657,0.0001129159616482971,46,0.0,0.05691538446888445,0.056457980824148546,0.056457980824148546,0.0,0.0
2023-03-30,2.691711312341172,0.01061945541616005,0.04727980844422748,0.039921592475578194,0.031159927618718636,0.00014216304018859366,44,0.023478096794158132,0.059112222750795626,0.07108152009429683,0.07108152009429683,0.0,0.0
2023-03-31,2.719011878177063,0.010142456849187909,0.021230389025089003,0.010903490389974143,0.022116774810501866,6.604053040095201e-05,43,0.013800314351463783,0.0569484746266737,0.033020265200476004,0.033020265200476004,0.0,0.0
2023-04-03,2.730827694856522,0.004345628930235046,0.01628342747588433,0.0,0.032346911375630366,6.469382275126071e-05,43,0.01395965743447558,0.057143964087445105,0.03234691137563036,0.03234691137563036,0.0,0.0
2023-04-04,2.679804523090862,-0.018684141757373318,0.03651298230793177,0.022921631046905547,0.04648050514157409,0.00013880427237695925,43,0.01784730159063097,0.062316482971822296,0.06940213618847962,0.06940213618847962,0.0,0.0
2023-04-05,2.6781001826191484,-0.0006359943260890732,0.03636310197262589,0.02102885322073726,0.0488006933277038,0.00013965909309688213,43,0.0207528228694136,0.06089662087090999,0.06982954654844106,0.06982954654844106,0.0,0.0
2023-04-06,2.661860998502029,-0.0060636955340623855,0.08572787299670978,0.02958921081323484,0.12099339396585632,0.0003011652095581823,47,0.0,0.0713395646778529,0.15058260477909116,0.15058260477909116,0.0,0.0
2023-04-10,2.695847436851183,0.012767923782752044,0.02569058492761889,0.012440197574501589,0.03894097228073609,0.00010276233971047534,45,1.1102230246251565e-16,0.07033611735735971,0.05138116985523767,0.05138116985523767,0.0,0.0
2023-04-11,2.714457457767993,0.006903217393691818,0.056892144639082876,0.03677292060254543,0.0770113686756202,0.00022756857855633128,46,0.0,0.0683771910196568,0.11378428927816564,0.11378428927816564,0.0,0.0
2023-04-12,2.706258927627751,-0.0030203199968303895,0.03620352494909433,0.029427285425318868,0.04283307207101408,0.00014452071499266588,45,0.0001466924018557192,0.06784269959511612,0.07226035749633294,0.07226035749633294,0.0,0.0
2023-04-13,2.7330629792348202,0.009904466765330966,0.016737951337601243,0.0,0.0333306586170028,6.66613172340056e-05,45,0.0,0.0670401001038738,0.0333306586170028,0.0333306586170028,0.0,0.0
2023-04-14,2.726726964331715,-0.002318283534351262,0.021577896485429984,0.0,0.04315579297085996,8.631158594171994e-05,45,0.0,0.06643258339076394,0.04315579297085997,0.04315579297085997,0.0,0.0
2023-04-17,2.740555273362532,0.005071394830397313,0.020058276596848935,0.009153425500523015,0.030963127693174747,8.023310638739552e-05,44,1.1102230246251565e-16,0.06737610319319502,0.04011655319369776,0.04011655319369776,0.0,0.0
2023-04-18,2.7470860697376107,0.002383019397038444,0.029840515824096487,0.003384131987028006,0.05629689966116485,0.00011936206329638572,45,0.0,0.06696112796481563,0.05968103164819286,0.05968103164819286,0.0,0.0
2023-04-19,2.7099123587961196,-0.013532051780613452,0.026050746289643583,0.01367020037880226,0.038431292200484905,0.00010420298515857434,46,0.0,0.06843246110359,0.052101492579287166,0.052101492579287166,0.0,0.0
2023-04-20,2.7088552554936185,-0.00039008763477899056,0.02144510101470725,0.018594778968722945,0.014159651177571243,6.550886029258837e-05,43,0.010135771883120315,0.0682043763365618,0.032754430146294186,0.032754430146294186,0.0,0.0
2023-04-21,2.6947735502165293,-0.0051983970898892284,0.020955542947017566,0.0,0.03315464454077744,6.630928908155488e-05,43,0.0014316200226428544,0.06861723223762144,0.03315464454077744,0.03315464454077744,0.0,0.0
2023-04-24,2.702091957087263,0.0027157780549484922,0.036815285788951185,0.045897435902235564,0.012486650642688883,0.0001167681730898489,42,0.016674060908731025,0.06830821724943285,0.05838408654492445,0.05838408654492445,0.0,0.0
2023-04-25,2.637082305085169,-0.024059007996223625,0.060268455240904704,0.046499832930434394,0.05301484903199292,0.00019902936392485462,41,0.03810393982937266,0.06931737461925881,0.09951468196242731,0.09951468196242731,0.0,0.0
2023-04-26,2.6512962937310696,0.005390043616951612,0.03898217650399954,0.015252130451286617,0.040364969777389445,0.00011123420045735213,43,0.015548190496627368,0.07784000616870142,0.05561710022867607,0.05561710022867607,0.0,0.0
2023-04-27,2.6794228931510045,0.010608621709478294,0.05685941093763544,0.02604421090721387,0.06038730450955253,0.0001728630308335328,42,0.04266962405935615,0.06089147634534568,0.0864315154167664,0.0864315154167664,0.0,0.0
2023-04-28,2.711158104123298,0.011844047109328404,0.015351469457986452,0.0,0.029937736434384184,5.987547286876837e-05,42,0.042932836236346916,0.06148026757970186,0.029937736434384184,0.029937736434384184,0.0,0.0
2023-05-01,2.713287542506078,0.0007854349694844664,0.08431777239118654,0.034488366776307205,0.12276316432764749,0.0003145030622079093,44,0.054269663517227285,0.06141269616814189,0.15725153110395465,0.15725153110395465,0.0,0.0
2023-05-02,2.654770911711992,-0.021566689809823125,0.031780880322546265,0.0,0.05308664290770884,0.00010617328581541768,44,0.04498487219098901,0.05903644460177116,0.05308664290770884,0.05308664290770884,0.0,0.0
2023-05-03,2.635439643478788,-0.007281708620476834,0.057632879362355324,0.02703418364847198,0.07184647304140467,0.0001977613133797533,46,0.028920778106733436,0.06630616289544722,0.09888065668987664,0.09888065668987664,0.0,0.0
2023-05-04,2.6024054912260484,-0.012534588805507396,0.10140061357880852,0.03218010019794731,0.1394243618444878,0.00034320892408487027,44,0.06047460301192764,0.06457830868650649,0.17160446204243512,0.17160446204243512,0.0,0.0
2023-05-05,2.65146181777471,0.018850377742459345,0.059065924709003195,0.063461448631555,0.054308807051223824,0.00023554051136555766,43,0.059703338228639824,0.06414429133300417,0.11777025568277882,0.11777025568277882,0.0,0.0
2023-05-08,2.6686641438504406,0.00648786490546871,0.10272454939601396,0.018476722044790072,0.15703485120011534,0.00035102314648981084,44,0.029360140183407046,0.04994525284515882,0.1755115732449054,0.1755115732449054,0.0,0.0
2023-05-09,2.6640396133877386,-0.0017329008872691842,0.0826439384023197,0.10312159632460237,0.058832150987652175,0.0003239074946245091,42,0.026067450746055876,0.05666922752117819,0.16195374731225456,0.16195374731225456,0.0,0.0
2023-05-10,2.676766695244953,0.00477736209073476,0.04312959685929816,0.020121583387290396,0.06069325220186336,0.0001616296711783075,43,0.03138367409724174,0.055364789844755596,0.08081483558915376,0.08081483558915376,0.0,0.0
2023-05-11,2.6652988195356735,-0.00428422683592522,0.034801636981723234,0.02422109374727093,0.030795683018815596,0.00011003355353217305,41,0.046101736471255705,0.05555246702234203,0.055016776766086524,0.055016776766086524,0.0,0.0
2023-05-12,2.670096147406057,0.0017999212077914883,0.024966592858119314,0.009637464216114666,0.0362693964790508,9.181372139033093e-05,41,0.05004100592032057,0.04908517671504391,0.04590686069516547,0.04590686069516547,0.0,0.0
2023-05-15,2.7001195073887896,0.01124429920319514,0.02286432816366307,0.00010498143622566502,0.037108717157332244,7.442739718711584e-05,40,0.05799586114941557,0.048462150495959436,0.037213698593557915,0.037213698593557915,0.0,0.0
2023-05-16,2.6667676265626317,-0.012352001729883266,0.04408076976141741,0.021821738500677465,0.03334580413932325,0.00011033508528000142,41,0.025720709442394463,0.052889541404900056,0.05516754264000071,0.05516754264000071,0.0,0.0
2023-05-17,2.7209109020642237,0.020302959643836882,0.055582655501820226,0.047019381577806045,0.05486954361656491,0.00020377785038874194,41,0.03448014307416114,0.05599860835621928,0.10188892519437097,0.10188892519437097,0.0,0.0
2023-05-18,2.771605363490242,0.018631430153614792,0.04566010341778506,0.021084063893706307,0.053215445429651606,0.00014859901864671586,40,0.050865146385676185,0.061389612458170005,0.07429950932335792,0.07429950932335792,0.0,0.0
2023-05-19,2.768702555833276,-0.0010473380139914834,0.09258635098045506,0.044896300926683945,0.08937159922731538,0.0002685358003079986,42,0.0,0.07454526148271252,0.1342679001539993,0.1342679001539993,0.0,0.0
2023-05-22,2.7776506665087672,0.003231878648950026,0.019389554472152182,0.009157094510186444,0.028793656190998478,7.590150140236985e-05,41,0.0008283582431194425,0.07565817978104399,0.03795075070118492,0.03795075070118492,0.0,0.0
2023-05-23,2.7448567393537453,-0.011806354035239663,0.05309425521098388,0.06946367878901852,0.03588675327583408,0.00021070086412970518,39,0.0,0.07520403639013742,0.10535043206485259,0.10535043206485259,0.0,0.0
2023-05-24,2.7423217185560915,-0.000923553044247627,0.03501978005783394,0.02385381594734656,0.04618574416832131,0.00014007912023133575,40,0.0,0.07518665317176591,0.07003956011566788,0.07003956011566788,0.0,0.0
2023-05-25,2.797116371459185,0.01998111765381938,0.03874970484842555,0.015423767033906235,0.06207564266294486,0.0001549988193937022,41,0.0,0.06508927569509965,0.0774994096968511,0.0774994096968511,0.0,0.0
2023-05-26,2.8560207482986497,0.021058965383244255,0.07529681916825384,0.04708522901734119,0.10350840931916652,0.00030118727667301535,42,0.0,0.05775003413648916,0.15059363833650768,0.15059363833650768,0.0,0.0
2023-05-30,2.83539278194311,-0.00722262482435676,0.05291290451506385,0.028532955193223988,0.06952305479207826,0.0001961120199706045,42,0.007769799044825443,0.061100625801704,0.09805600998530226,0.09805600998530226,0.0,0.0
2023-05-31,2.808943438074158,-0.009328282147500588,0.11010957419645576,0.10005064014999825,0.06648895493350612,0.0003330791901670088,38,0.061519901374747055,0.06186398618677663,0.16653959508350438,0.16653959508350438,0.0,0.0
2023-06-01,2.852416510636893,0.01547666356448274,0.04467592022999779,0.017818677514086462,0.0492197887534024,0.00013407693253497774,39,0.038260792779647335,0.06345897767297454,0.06703846626748887,0.06703846626748887,0.0,0.0
2023-06-02,2.9129858734592133,0.021234403389705614,0.051104077178445034,0.030225182203666615,0.06544640374195634,0.0001913431718912459,41,0.030921503615317536,0.05721052871686845,0.09567158594562296,0.09567158594562296,0.0,0.0
2023-06-05,2.9253475212151425,0.004243634639137239,0.048639348823482205,0.024962510545077952,0.053526590422124425,0.00015697820193440474,40,0.049575601735585395,0.056729783365608105,0.07848910096720237,0.07848910096720237,0.0,0.0
2023-06-06,2.945605879367715,0.006925111633970138,0.05174332429214406,0.0341502924864517,0.03864578967120165,0.0001455921643153067,43,0.018536911708253778,0.06117518760956157,0.07279608215765335,0.07279608215765335,0.0,0.0
2023-06-07,2.946310427531942,0.00023918616172036167,0.04054028502382077,0.032949916139908685,0.04749580393037388,0.0001608914401405651,43,0.017894647301141653,0.06101965533710085,0.08044572007028256,0.08044572007028256,0.0,0.0
2023-06-08,2.963120808666659,0.005705570254115777,0.0613722233664328,0.03731463463656705,0.06764041969066471,0.0002099101086544635,46,1.1102230246251565e-16,0.060737398876181695,0.10495505432723175,0.10495505432723175,0.0,0.0
2023-06-09,2.9630365873354845,-2.8423185085224567e-05,0.020501896512382413,0.0,0.04097728887145442,8.195457774290885e-05,46,2.65041533105137e-05,0.05989624304602609,0.04097728887145442,0.04097728887145442,0.0,0.0
2023-06-12,2.9826749457226716,0.006627781267070754,0.05436827896718331,0.03735082161534564,0.060885364646251584,0.00019647237252319445,43,0.010526696145896186,0.05897455353266261,0.09823618626159722,0.09823618626159722,0.0,0.0
2023-06-13,3.0137297955503084,0.010411744622782715,0.03092180748132022,0.013393575758452608,0.03803288649349598,0.00010285292450389718,44,1.1102230246251565e-16,0.058046207524851595,0.051426462251948586,0.051426462251948586,0.0,0.0
2023-06-14,3.01463732519655,0.0003011317230834365,0.0426654825400131,0.013186809600525953,0.07214415547950014,0.00017066193016005218,43,0.0,0.0809445053934807,0.08533096508002609,0.08533096508002609,0.0,0.0
2023-06-15,3.0492427396191473,0.011479130220196865,0.047720309439728034,0.036854259714696594,0.022140686764708328,0.00011798989295880984,40,0.03644567240005114,0.08110788271209671,0.05899494647940492,0.05899494647940492,0.0,0.0
2023-06-16,3.049188857919927,-1.7670518165036064e-05,0.042776985382216845,0.005307785663553184,0.057636114817562506,0.0001258878009622314,41,0.013831657995401647,0.07844873726036478,0.0629439004811157,0.0629439004811157,0.0,0.0
2023-06-20,3.0268490834594006,-0.0073264646768275155,0.029182651362979796,0.02501195376257418,0.01942084412193136,8.886559576901108e-05,42,0.0,0.07747190829595466,0.04443279788450554,0.04443279788450554,0.0,0.0
2023-06-21,3.029965488281013,0.0010295871170593607,0.036021752069903386,0.029371780409670083,0.04267172373013658,0.00014408700827961331,42,1.1102230246251565e-16,0.07502310353201398,0.07204350413980666,0.07204350413980666,0.0,0.0
2023-06-22,3.0161272959602283,-0.004567112191312672,0.032031126384845024,0.0,0.06406225276968995,0.00012812450553937988,42,0.0,0.07208162437374692,0.06406225276968994,0.06406225276968994,0.0,0.0
2023-06-23,2.9938364108188202,-0.007390565103556512,0.031916428254103145,0.0020755868226903043,0.06175726968551588,0.00012766571301641236,43,1.1102230246251565e-16,0.06772382129792609,0.06383285650820618,0.06383285650820618,0.0,0.0
2023-06-26,3.0191308301776805,0.008448831495085685,0.02360168491177736,0.01884608914651938,0.026772644184143476,9.12374666613257e-05,41,0.0015846364928919776,0.06982470650294972,0.04561873333066285,0.04561873333066285,0.0,0.0
2023-06-27,3.046201533402787,0.008966389582896417,0.079091666373106,0.06900415671426514,0.033785108069079986,0.0002055785295666903,39,0.05696429938188052,0.06854838381680263,0.10278926478334514,0.10278926478334514,0.0,0.0
2023-06-28,3.0459813612974047,-7.227758996519729e-05,0.05774352656886643,0.055507796591961575,0.012538668040824343,0.00013609292926557184,42,0.009520075418078311,0.06993401905363283,0.06804646463278592,0.06804646463278592,0.0,0.0
2023-06-29,3.066088302915932,0.006601137444243177,0.03357681885062342,0.01320503711117069,0.03174875966998317,8.990759356230772e-05,40,0.03165663481481895,0.06919736695517062,0.04495379678115386,0.04495379678115386,0.0,0.0
2023-06-30,3.0918061863113935,0.008387848246576235,0.02031943520349355,0.007487394460952513,0.022328351704670686,5.96314923312464e-05,39,0.04221456468512297,0.06949210058841016,0.0298157461656232,0.0298157461656232,0.0,0.0
2023-07-03,3.107457589820689,0.005062220128347672,0.040121825688134063,0.037799551965223194,0.038219670375068064,0.00015203844468058251,39,0.04621998473697153,0.07359705247525297,0.07601922234029125,0.07601922234029125,0.0,0.0
2023-07-05,3.0789730276874017,-0.00916651677776581,0.03641539519205286,0.019940587256617848,0.03203336063242698,0.00010394789577808964,42,0.02578588915397606,0.07400471490981356,0.05197394788904482,0.05197394788904482,0.0,0.0
2023-07-06,3.02157405880664,-0.01864224478896248,0.02299810333879323,0.00650507582083262,0.023795149974271804,6.060045159020884e-05,42,0.01057815449835453,0.074060022842258,0.03030022579510442,0.03030022579510442,0.0,0.0
2023-07-07,3.0530533404620237,0.010418173125240626,0.049424690666932544,0.047774440502032806,0.030892156177562077,0.00015733319335918978,39,0.030650223270119903,0.07506695156235745,0.07866659667959489,0.07866659667959489,0.0,0.0
2023-07-10,3.086850566654084,0.011069975668013043,0.03699757138840336,0.039055985126406886,0.027202197773503814,0.0001325163657998214,40,0.022573663869668414,0.06960981773842087,0.0662581828999107,0.0662581828999107,0.0,0.0
2023-07-11,3.123995282149712,0.01203320818211484,0.024364607340716143,0.012188349495361118,0.02144961940567619,6.727593780207463e-05,42,0.007212513644463847,0.07105287196773899,0.03363796890103731,0.03363796890103731,0.0,0.0
2023-07-12,3.1497839665277296,0.008255033074272777,0.018804883033885094,0.008485847676529875,0.021970892550977877,6.0913480455015505e-05,43,0.0,0.07142539364610188,0.03045674022750775,0.03045674022750775,0.0,0.0
2023-07-13,3.19718920174171,0.01505031320171435,0.017295863111960578,0.0,0.02931700644760394,5.863401289520788e-05,43,0.005274719776317216,0.06690233855070704,0.02931700644760394,0.02931700644760394,0.0,0.0
2023-07-14,3.1497731054753646,-0.014830556865547573,0.04955944042821437,0.04542223125766335,0.04834352924282388,0.00018753152100097446,43,1.1102230246251565e-16,0.0646069825881501,0.09376576050048722,0.09376576050048722,0.0,0.0
2023-07-17,3.197790680818723,0.015244772793280736,0.006885599263424142,0.0027782745291935473,0.010992923997654735,2.7542397053696564e-05,45,1.1102230246251565e-16,0.06328774051327483,0.013771198526848282,0.013771198526848282,0.0,0.0
2023-07-18,3.2346312637549075,0.011520636155819997,0.02087428417921056,0.012360664916094107,0.02938790344232701,8.349713671684224e-05,43,1.1102230246251565e-16,0.06454868165579575,0.04174856835842112,0.04174856835842112,0.0,0.0
2023-07-19,3.2212459502473147,-0.004138126548636212,0.030872612799451533,0.024605603837356025,0.037139621761546934,0.00012349045119780592,43,0.0,0.058471776783630025,0.061745225598902956,0.061745225598902956,0.0,0.0
2023-07-20,3.179588546581564,-0.012932077931693708,0.017102765779785874,0.01078798062569078,0.01598211393638392,5.35401891241494e-05,43,0.007435436997497047,0.0578978668431884,0.026770094562074697,0.026770094562074697,0.0,0.0
2023-07-21,3.1989717969946962,0.006096150533053013,0.020066698939614012,0.007927377344800405,0.028033847050350072,7.192244879030095e-05,44,0.003217679084905223,0.05806480111347268,0.035961224395150475,0.035961224395150475,0.0,0.0
2023-07-24,3.2110490816928805,0.0037753645435480987,0.050493593927393235,0.0,0.09778223788807285,0.00019556447577614576,44,0.0,0.061535335380364216,0.09778223788807287,0.09778223788807287,0.0,0.0
2023-07-25,3.238207531064816,0.00845781197390405,0.09256801540304951,0.03719579761406673,0.14794023319203226,0.0003702720616121978,45,1.1102230246251565e-16,0.10799606322115402,0.18513603080609892,0.18513603080609892,0.0,0.0
2023-07-26,3.2294217593564314,-0.0027131589387341393,0.01709765809695487,0.00759223081909911,0.02660308537481052,6.839063238781926e-05,44,0.0,0.10917095496577975,0.03419531619390963,0.03419531619390963,0.0,0.0
2023-07-27,3.174177824140859,-0.017106447943975422,0.051086219035320415,0.07065209442107245,0.03152034364956839,0.00020434487614128167,40,0.0,0.09946301799940721,0.10217243807064083,0.10217243807064083,0.0,0.0
2023-07-28,3.2207672262748597,0.014677628260039599,0.04887868472007797,0.014703825442850198,0.08305354399730562,0.00019551473888031166,42,1.1102230246251565e-16,0.07647915209626864,0.09775736944015583,0.09775736944015583,0.0,0.0
2023-07-31,3.2553076362175517,0.010724280122112795,0.056533598239342515,0.016721885484608248,0.09634531099407681,0.00022613439295737005,43,1.1102230246251565e-16,0.07446678641779968,0.11306719647868503,0.11306719647868503,0.0,0.0
2023-08-01,3.2579876683241142,0.0008232807482602134,0.03785332613696968,0.0,0.07379334797933648,0.00014758669595867291,43,0.0019133042946030132,0.05902706740822476,0.07379334797933645,0.07379334797933645,0.0,0.0
2023-08-02,3.184168639227752,-0.022657860192065726,0.06422895781926802,0.03994367781007643,0.06349139381556816,0.0002068701432512892,41,0.026980099728321272,0.06405602733895002,0.1034350716256446,0.1034350716256446,0.0,0.0
2023-08-03,3.1796033604284384,-0.001433742780791003,0.0477399139334182,0.02143242801098717,0.04977747005405901,0.00014241979613009235,42,0.00274505997279062,0.06187976441248258,0.07120989806504617,0.07120989806504617,0.0,0.0
2023-08-04,3.13532138292051,-0.013926887252365128,0.04891929034916558,0.04801701653335088,0.04601016997606208,0.00018805437301882592,42,0.0065947007376699895,0.061760094504222186,0.09402718650941295,0.09402718650941295,0.0,0.0
2023-08-07,3.155467932447243,0.006425672862909737,0.07021520446351395,0.022767743735626202,0.07640720214706162,0.00019834989176537566,42,0.047806759237666197,0.06174965921416178,0.09917494588268783,0.09917494588268783,0.0,0.0
2023-08-08,3.1425339497794793,-0.004098911142390471,0.043972212757710766,0.060314082356928034,0.022427932270734155,0.00016548402925532438,43,0.05319798847805157,0.061690883900398785,0.08274201462766219,0.08274201462766219,0.0,0.0
2023-08-09,3.1209673952065895,-0.006862791275302871,0.04487514781422455,0.03917136531141088,0.033479860649946645,0.00014530245192271506,42,0.07065688445100327,0.06547918670061792,0.07265122596135752,0.07265122596135752,0.0,0.0
2023-08-10,3.1236685338049273,0.0008654811974282417,0.07603216381557228,0.042907119906547775,0.07370541823789496,0.00023322507628888552,44,0.035127530932285156,0.06185567729263095,0.11661253814444275,0.11661253814444275,0.0,0.0
2023-08-11,3.1147284917974907,-0.0028620328663832018,0.02806063815122419,0.012870029268340936,0.03214564341901299,9.003134537470784e-05,42,0.02411958037261841,0.06248590139124819,0.04501567268735392,0.04501567268735392,0.0,0.0
2023-08-14,3.1375388908757658,0.007323398857507213,0.04420251156767006,0.051503836292405555,0.014818215262799233,0.00013264410311040957,41,0.046024022765747574,0.06212790606159173,0.06632205155520479,0.06632205155520479,0.0,0.0
2023-08-15,3.106359438395677,-0.009937550916344406,0.016332976985562034,0.0,0.027700326078008913,5.5400652156017826e-05,41,0.04151777630776765,0.06955924949596665,0.027700326078008913,0.027700326078008913,0.0,0.0
2023-08-16,3.0857542641781346,-0.00663322278898415,0.047188981592518324,0.03156799519296217,0.023371447179813522,0.00010987888474555138,43,0.002351898731829949,0.06915778303623817,0.05493944237277569,0.05493944237277569,0.0,0.0
2023-08-17,3.050626649560767,-0.011383801693205742,0.024865246970030626,0.0,0.04735173866286729,9.470347732573458e-05,43,0.0,0.0689273844188585,0.047351738662867286,0.047351738662867286,0.0,0.0
2023-08-18,3.0659697082546558,0.00502947769636064,0.015795579166587245,0.009457303404449854,0.016631112820541614,5.217683244998293e-05,42,0.005502742108183023,0.06830892018952091,0.026088416224991466,0.026088416224991466,0.0,0.0
2023-08-21,3.1108641731238005,0.014642827275257453,0.015267636004948144,0.0,0.022505657150790136,4.501131430158027e-05,42,0.013452699982868355,0.06896113237576283,0.022505657150790136,0.022505657150790136,0.0,0.0
2023-08-22,3.119217261008732,0.0026851342328275685,0.02755236479514919,0.006225244050262509,0.03062705283011638,7.370459376075779e-05,41,0.031668118250498756,0.0696541202293175,0.036852296880378894,0.036852296880378894,0.0,0.0
2023-08-23,3.1748512592978795,0.01783588433694283,0.037422231180792374,0.05709001728480508,0.016807800248493564,0.00014779563506659728,39,0.030161943823485915,0.07550850056176417,0.07389781753329865,0.07389781753329865,0.0,0.0
2023-08-24,3.1004799028920296,-0.023425146670429275,0.03446561937924955,0.007846974211570733,0.0302011750342523,7.609629849164607e-05,40,0.0,0.08328001917405127,0.03804814924582303,0.03804814924582303,0.0,0.0
2023-08-25,3.128262383861715,0.008960703452317587,0.02432343116535077,0.020082372566903133,0.015832580498046336,7.182990612989894e-05,39,0.012731909265752073,0.08465363170040952,0.03591495306494947,0.03591495306494947,0.0,0.0
2023-08-28,3.1575683564798047,0.009368131256916046,0.03506951816590751,0.02086581912003417,0.0366609263924828,0.00011505349102503393,41,0.0,0.08429409752549062,0.057526745512516964,0.057526745512516964,0.0,0.0
2023-08-29,3.2098772333738372,0.016566189861475733,0.02127633477998808,0.021276334779988085,0.021276334779988075,8.510533911995231e-05,43,0.0,0.08344223390168859,0.04255266955997616,0.04255266955997616,0.0,0.0
2023-08-30,3.2235222261657572,0.004250939148092492,0.03377159545775379,0.019503659223220685,0.0480395316922869,0.00013508638183101516,41,0.0,0.07997404111111452,0.06754319091550758,0.06754319091550758,0.0,0.0
2023-08-31,3.2239807385447,0.0001422395587102887,0.043287744926266886,0.04211504763938985,0.034284249665469384,0.00015279859460971845,39,0.010176192547674545,0.07940852978943441,0.07639929730485923,0.07639929730485923,0.0,0.0
2023-09-01,3.235314239914704,0.0035153750251992744,0.02654497633045151,0.005152835790371752,0.046469128529914076,0.00010324392864057165,38,0.011607486120929544,0.07203864549935594,0.051621964320285825,0.051621964320285825,0.0,0.0
2023-09-05,3.222101748303856,-0.00408383564348791,0.04224242674815056,0.0484795323262124,0.03151591505765537,0.00015999089476773554,38,0.0071638127469449975,0.07309112986433737,0.07999544738386777,0.07999544738386777,0.0,0.0
2023-09-06,3.2089471627384727,-0.004082610231755712,0.01993944702963194,0.020023945217115778,0.01564892414562654,7.134573872548464e-05,38,0.011398691189772991,0.0735514249150207,0.03567286936274232,0.03567286936274232,0.0,0.0
2023-09-07,3.1779032215248004,-0.009674182727016256,0.006843290781011733,0.0,0.01087191707819802,2.1743834156396038e-05,38,0.008695126677541576,0.0743688195128325,0.01087191707819802,0.01087191707819802,0.0,0.0
2023-09-08,3.1726736632228585,-0.0016456002393404612,0.04927086726318134,0.06325447682830417,0.026579363541052028,0.00017966768073871236,40,1.1102230246251565e-16,0.07376347765360719,0.08983384036935618,0.08983384036935618,0.0,0.0
2023-09-11,3.1767116576661825,0.0012727418171405436,0.038656232156603916,0.03424299104417465,0.04306947326903317,0.00015462492862641566,40,1.1102230246251565e-16,0.07388292235726777,0.07731246431320783,0.07731246431320783,0.0,0.0
2023-09-12,3.1567139746805575,-0.00629508911750476,0.02124470462933004,0.0,0.03849417095280262,7.698834190560523e-05,40,0.0039952383058575736,0.0722471720953426,0.038494170952802616,0.038494170952802616,0.0,0.0
2023-09-13,3.1561224340458853,-0.00018739126807709727,0.04048799048002577,0.02349382469881437,0.05348678436933065,0.00015396121813629005,40,0.0,0.09164329249190814,0.07698060906814502,0.07698060906814502,0.0,0.0
2023-09-14,3.1910397230977625,0.011063350608713884,0.016462512350214592,0.008863791206848711,0.024061233493580365,6.585004940085815e-05,41,1.1102230246251565e-16,0.08979435258889765,0.03292502470042907,0.03292502470042907,0.0,0.0
2023-09-15,3.1322693974007816,-0.018417296805045225,0.055684167884440514,0.06438403879903637,0.03392302261348014,0.00019661412282503306,40,0.013061274356364616,0.09507574279983455,0.09830706141251652,0.09830706141251652,0.0,0.0
2023-09-18,3.14523692918371,0.00413997972003588,0.029277563289341876,0.010565474120524195,0.034983413520268083,9.109777528158453e-05,39,1.1102230246251565e-16,0.09449132126625671,0.04554888764079227,0.04554888764079227,0.0,0.0
2023-09-19,3.1298183298653974,-0.00490220599130331,0.04419236009396042,0.03757237171917216,0.025259266295380188,0.00012566327602910472,38,0.025553082173368602,0.09654012305680812,0.06283163801455235,0.06283163801455235,0.0,0.0
2023-09-20,3.108382063775698,-0.006849044842363594,0.023943500043244473,0.01585158700977451,0.026570630912474014,8.484443584449705e-05,38,0.020262338173142713,0.09689534701616259,0.042422217922248526,0.042422217922248526,0.0,0.0
2023-09-21,3.0497354579258813,-0.018867244967492702,0.014238611718778804,0.0,0.02568175812479195,5.136351624958391e-05,38,0.017855458147164494,0.09553734866261754,0.025681758124791954,0.025681758124791954,0.0,0.0
2023-09-22,3.0611143393878284,0.003731104424934628,0.04004280905794445,0.03158964516726656,0.0346661088788644,0.00013251150809226193,39,0.00395686388434513,0.08993671049272361,0.06625575404613096,0.06625575404613096,0.0,0.0
2023-09-25,3.066072347032281,0.0016196741103908785,0.09058810379712082,0.0873882439032106,0.08983889853264164,0.0003544542848717045,41,0.0,0.07732879365308229,0.17722714243585225,0.17722714243585225,0.0,0.0
2023-09-26,3.014825923490007,-0.01671402946244116,0.040043559966249496,0.028136672949970548,0.051950446982528445,0.000160174239864998,41,0.0,0.07612948550674015,0.08008711993249899,0.08008711993249899,0.0,0.0
2023-09-27,3.03111984761428,0.005404598652717807,0.006280704997371989,0.0,0.012561409994743977,2.5122819989487956e-05,41,0.0,0.0754351548227587,0.012561409994743977,0.012561409994743977,0.0,0.0
2023-09-28,3.072831828992619,0.013761244515346105,0.022204912742925024,0.0,0.04440982548585003,8.881965097170009e-05,41,0.0,0.07409659186931042,0.04440982548585005,0.04440982548585005,0.0,0.0
2023-09-29,3.0649289667736244,-0.0025718498957313374,0.011215852383581665,0.0,0.02243170476716333,4.486340953432666e-05,41,0.0,0.07428288038690468,0.02243170476716333,0.02243170476716333,0.0,0.0
2023-10-02,3.0538012292668304,-0.0036306673425152702,0.022956070668277512,0.009296259800216722,0.03528021174107973,8.915294308259292e-05,42,0.001335669795258565,0.07722967300037166,0.04457647154129646,0.04457647154129646,0.0,0.0
2023-10-03,2.995143647243496,-0.019208055017194914,0.025015680407988232,0.015353280254535239,0.029158137212099804,8.902283493327008e-05,41,0.006881649975276516,0.0767512782363598,0.04451141746663504,0.04451141746663504,0.0,0.0
2023-10-04,3.017404684902753,0.007432377301751281,0.020920782689655807,0.0,0.03501116339782759,7.002232679565517e-05,41,0.0,0.07711844998064982,0.03501116339782758,0.03501116339782758,0.0,0.0
2023-10-05,3.005165302247922,-0.004056261566792618,0.022072610646934318,0.0,0.044145221293868525,8.829044258773705e-05,41,1.1102230246251565e-16,0.07553384879762579,0.044145221293868525,0.044145221293868525,0.0,0.0
2023-10-06,3.0501496638413923,0.014969014037204964,0.031765582625671626,0.008047427164277015,0.03534138894293763,8.677763221442929e-05,40,0.020142349144128713,0.07586480575161442,0.043388816107214644,0.043388816107214644,0.0,0.0
2023-10-09,3.0602270258134014,0.0033038909832763252,0.03481862249489713,0.021487346654502273,0.038761633636930554,0.00012049796058286566,40,0.010685336344287366,0.07400284881507886,0.06024898029143283,0.06024898029143283,0.0,0.0
2023-10-10,3.0898943865106885,0.009694496665456187,0.03568708012143341,0.03757682484506206,0.03254037892031692,0.00014023440753075799,39,0.011838214400314517,0.0778485181635478,0.07011720376537899,0.07011720376537899,0.0,0.0
2023-10-11,3.102871322594354,0.004199799235960144,0.015089384294064066,0.0,0.0285507673018697,5.7101534603739405e-05,39,0.013416032342540074,0.07728539250041683,0.0285507673018697,0.0285507673018697,0.0,0.0
2023-10-12,3.0901957720491207,-0.004085103514584354,0.02828202799289599,0.0,0.05134194417131586,0.00010268388834263171,39,0.008247567953858836,0.07785449134521293,0.05134194417131585,0.05134194417131585,0.0,0.0
2023-10-13,3.0550648099691666,-0.011368523120028229,0.030371569150649518,0.007615673927367667,0.04478592986371304,0.0001048032075821614,40,1.1102230246251565e-16,0.0770637069084853,0.0524016037910807,0.0524016037910807,0.0,0.0
2023-10-16,3.0958066267469095,0.013335827326738103,0.03277480715914308,0.019529505691898826,0.032654069143639594,0.00010436714967107684,40,0.013366039482747838,0.07685625002761316,0.05218357483553842,0.05218357483553842,0.0,0.0
2023-10-17,3.110236287749807,0.004661034341818748,0.06714124095333962,0.059384658267430994,0.061597013779640705,0.00024196334409414338,41,1.1102230246251565e-16,0.07470603166904179,0.12098167204707169,0.12098167204707169,0.0,0.0
2023-10-18,3.060484740294051,-0.01599606681065069,0.016629554096059592,0.0,0.03325910819211919,6.651821638423837e-05,41,1.1102230246251565e-16,0.07582340062369629,0.033259108192119184,0.033259108192119184,0.0,0.0
2023-10-19,3.028493690851875,-0.010452935452016865,0.049136431370694546,0.029880434296764208,0.06839242844462477,0.00019654572548277797,44,0.0,0.07404697051173859,0.09827286274138898,0.09827286274138898,0.0,0.0
2023-10-20,2.9863399293294393,-0.013919052118143371,0.030907950748276576,0.0,0.06181590149655315,0.0001236318029931063,44,0.0,0.07515334462527383,0.06181590149655315,0.06181590149655315,0.0,0.0
2023-10-23,2.969304780086997,-0.005704357054311493,0.042544941244070045,0.010784747597207612,0.07430513489093246,0.0001701797649762802,43,0.0,0.06639169790799833,0.08508988248814009,0.08508988248814009,0.0,0.0
2023-10-24,3.0042791067105097,0.011778624699646967,0.039194621259857114,0.022148917614662353,0.042511605568844424,0.00012932104636701356,42,0.013728719336207451,0.06505033528219031,0.06466052318350678,0.06466052318350678,0.0,0.0
2023-10-25,2.9420328752283265,-0.02071919061819083,0.048699194668296336,0.02880093751129234,0.058235923503231736,0.00017407372202904816,42,0.02437827346343302,0.060528743962151986,0.08703686101452408,0.08703686101452408,0.0,0.0
2023-10-26,2.9546583587907147,0.004291414847432007,0.08420566246532565,0.07753750152669972,0.07331201930586033,0.00030169904166512014,41,0.04182858384089527,0.05795188277141579,0.15084952083256006,0.15084952083256006,0.0,0.0
2023-10-27,2.9647125929474925,0.0034028415254387934,0.026260788020468374,0.00993958094904506,0.03888640263161773,9.765196716132559e-05,40,0.037987067251766815,0.06629138784510213,0.04882598358066279,0.04882598358066279,0.0,0.0
2023-10-30,2.9519669444972365,-0.0042991177224313,0.10982811374728813,0.05214543345101486,0.12707689219450283,0.00035844465129103545,40,0.07857131004722306,0.06779413405218254,0.1792223256455177,0.1792223256455177,0.0,0.0
2023-10-31,2.9882021583350635,0.012274938886213782,0.12806638282469482,0.03949400744584613,0.19687479337177624,0.0004727376016352447,39,0.09734581875078618,0.04999161932537021,0.23636880081762235,0.23636880081762235,0.0,0.0
2023-11-01,3.0282303482799997,0.013395408952933341,0.05911145519592104,0.0040305490500270515,0.0935010241911981,0.00019506314648245034,40,0.07534899351324942,0.05629818804240601,0.09753157324122518,0.09753157324122518,0.0,0.0
2023-11-02,3.0885363632009604,0.01991460621719665,0.0774799605421756,0.08828753008715674,0.03809418307292386,0.00025276342632016117,41,0.0452808657513909,0.05961843523891546,0.1263817131600806,0.1263817131600806,0.0,0.0
2023-11-03,3.1164436151100587,0.009035753064657204,0.0656120108221384,0.032589686408401736,0.08110464040108883,0.00022738865361898112,41,0.027335483885389533,0.06001779908245236,0.11369432680949056,0.11369432680949056,0.0,0.0
2023-11-06,3.100632994937648,-0.005073289340372877,0.04092275336329857,0.02367492212076178,0.05220526514273812,0.00015176037452699982,42,0.02150538279998382,0.05935264289072788,0.0758801872634999,0.0758801872634999,0.0,0.0
2023-11-07,3.127988950867192,0.00882270038866495,0.02422949939259541,0.0,0.048249955609238906,9.649991121847781e-05,42,0.02152429264859801,0.05898681340498198,0.048249955609238906,0.048249955609238906,0.0,0.0
2023-11-08,3.128969446311779,0.00031345873019006376,0.05996011878843689,0.061327176368634426,0.04604166002417593,0.0002147376727856207,43,0.03406432834132034,0.058161468940346885,0.10736883639281035,0.10736883639281035,0.0,0.0
2023-11-09,3.1099478336910478,-0.0060791941075528655,0.04375247694429254,0.0036334174990135283,0.0714426066911116,0.00015015204838025027,42,0.021838602795802742,0.057831137619239234,0.07507602419012513,0.07507602419012513,0.0,0.0
2023-11-10,3.176205316737001,0.02130501429257592,0.0429591934879971,0.020777295842889752,0.061867308145408896,0.0001652892079765973,44,0.02465328549172241,0.05724502252858203,0.08264460398829865,0.08264460398829865,0.0,0.0
2023-11-13,3.1676379662101,-0.0026973541293932035,0.06181141006497909,0.0336228664197088,0.06528487971342892,0.00019781549226627543,46,0.0,0.055642774472855795,0.09890774613313771,0.09890774613313771,0.0,0.0
2023-11-14,3.2658692149403983,0.031010882486620206,0.044614673563347966,0.03899246899899115,0.04292068686013778,0.00016382631171825787,43,0.007316191267566996,0.07384924597467574,0.08191315585912894,0.08191315585912894,0.0,0.0
2023-11-15,3.3113167119334843,0.013915896198530175,0.0671548601254548,0.0,0.09528335287915227,0.00019056670575830453,43,0.04624076954507739,0.05709323809331432,0.09528335287915227,0.09528335287915227,0.0,0.0
2023-11-16,3.289672985157957,-0.006536290140271572,0.06297952502215207,0.01105098829797464,0.09693676443020394,0.00021597550545635717,43,0.06450624591332166,0.05549822339367008,0.10798775272817858,0.10798775272817858,0.0,0.0
2023-11-17,3.331064731161725,0.012582328453470959,0.030909404085532034,0.00859835175704228,0.04445682156740693,0.00010611034664889843,44,0.05493429797403537,0.05479496259294548,0.053055173324449215,0.053055173324449215,0.0,0.0
2023-11-20,3.4630764797942306,0.039630496338768584,0.047668435087989,0.014571245035404795,0.07008736927205998,0.00016931722861492958,44,0.04215301143691308,0.08134024993258333,0.08465861430746478,0.08465861430746478,0.0,0.0
2023-11-21,3.4443099488564455,-0.005419034505094178,0.09035133603502894,0.015947589129608558,0.1301996988354768,0.0002922945759301707,43,0.07692568054367588,0.09832865789029285,0.14614728796508536,0.14614728796508536,0.0,0.0
2023-11-22,3.450647736240028,0.0018400746383717692,0.034016460337303926,0.012904013325662279,0.048482585855800564,0.00012277319836292568,42,0.0701286429737169,0.10268322095761577,0.061386599181462845,0.061386599181462845,0.0,0.0
2023-11-24,3.4762083427453065,0.007407480699009428,0.04802960777875286,0.022470234686889776,0.03828667351021359,0.00012151381639420673,42,0.034302219822596514,0.10275308248870738,0.06075690819710336,0.06075690819710336,0.0,0.0
2023-11-27,3.4976483584405273,0.006167644048137966,0.053587156851370985,0.031747046984324095,0.0606835726891167,0.0001848612393468816,43,0.048829344541520325,0.10189636019764836,0.0924306196734408,0.0924306196734408,0.0,0.0
2023-11-28,3.5035618450012036,0.0016907035684150529,0.03033226724569812,0.027354021170799346,0.030410803125595156,0.000115529648592789,42,0.05164100641605607,0.10586008696720142,0.0577648242963945,0.0577648242963945,0.0,0.0
2023-11-29,3.519905739441228,0.004664936759527505,0.06355781405661853,0.020399949658977283,0.07472508710378332,0.00019025007352552122,44,0.019400852524653733,0.10467689802875473,0.0951250367627606,0.0951250367627606,0.0,0.0
2023-11-30,3.5304157654042005,0.0029858827880546723,0.06253011584009792,0.039365102622632715,0.07549696737953267,0.00022972414000433077,46,0.00914049105213055,0.08487585455367172,0.11486207000216539,0.11486207000216539,0.0,0.0
2023-12-01,3.5607673008932172,0.008597156115843996,0.03200858009521635,0.02664916029279456,0.036784222577568415,0.00012686676574072596,46,0.008477651588563617,0.08476892250363721,0.06343338287036297,0.06343338287036297,0.0,0.0
2023-12-04,3.5206481560048504,-0.01126699430156608,0.038403149243333316,0.016162075765189854,0.05136426342457511,0.00013505267837952994,44,0.017853059021657458,0.07860047334599343,0.06752633918976497,0.06752633918976497,0.0,0.0
2023-12-05,3.518909162591019,-0.0004939412678500732,0.02249411975123089,0.0018870559615493242,0.03319383239893235,7.016177672096335e-05,45,0.007953277378832668,0.0783521645649967,0.03508088836048168,0.03508088836048168,0.0,0.0
2023-12-06,3.479875700883612,-0.011092489150435036,0.05708386681283858,0.0370096647361937,0.06911728734275721,0.00021225390415790182,46,0.0,0.0916332422403077,0.10612695207895091,0.10612695207895091,0.0,0.0
2023-12-07,3.5067465546295415,0.007721785504897882,0.023505859962284846,0.002444776006838697,0.04392039681335083,9.273034564037904e-05,46,0.0006465471043801685,0.0914534167351151,0.046365172820189524,0.046365172820189524,0.0,0.0
2023-12-08,3.5315416085025255,0.007070671771317594,0.03353948751990649,0.008420663347707887,0.05801638931949238,0.00013287410533440055,45,0.0,0.08848454092247088,0.06643705266720028,0.06643705266720028,0.0,0.0
2023-12-11,3.592723089730487,0.01732429856713602,0.04036716818206138,0.005140266659678341,0.07077851347744228,0.00015183756027424124,44,0.004815556227002138,0.08795937369018943,0.07591878013712063,0.07591878013712063,0.0,0.0
2023-12-12,3.605222133343069,0.003478988861766119,0.08102414193984574,0.01917652638025587,0.11628687097133217,0.00027092679470317604,45,0.031382447430947646,0.07221313907806992,0.13546339735158802,0.13546339735158802,0.0,0.0
2023-12-13,3.6658055455805325,0.016804349356771997,0.044615968907443744,0.018892439883133095,0.062314694385061764,0.0001624142685363897,44,0.03888359215588033,0.07647334873256091,0.08120713426819486,0.08120713426819486,0.0,0.0
2023-12-14,3.70666800061676,0.011146923787458185,0.02990263595331897,0.0196516051848108,0.03964296873532197,0.00011858914784026553,42,0.037939679569105045,0.07897289896654895,0.059294573920132765,0.059294573920132765,0.0,0.0
2023-12-15,3.726697802223211,0.005403721510294002,0.10115554993853057,0.0351733481221274,0.12941440744632388,0.00032917551113690257,42,0.0,0.07107128996616173,0.1645877555684513,0.1645877555684513,0.0,0.0
2023-12-18,3.761303270196876,0.009285826168416556,0.055278418253029066,0.013307400267239934,0.08184877320521643,0.00019031234694491273,43,0.01540066303360177,0.07103733601688234,0.09515617347245636,0.09515617347245636,0.0,0.0
2023-12-19,3.7933607799633546,0.008522979261069041,0.018211314253397705,0.00765329589797765,0.020099999620349175,5.550659103665365e-05,41,0.02393899814431888,0.07478355243141156,0.027753295518326823,0.027753295518326823,0.0,0.0
2023-12-20,3.730010540120916,-0.016700293886375506,0.01882662517067462,0.0,0.02600429469844689,5.200858939689378e-05,41,0.012695354603466935,0.07558846000273883,0.026004294698446888,0.026004294698446888,0.0,0.0
2023-12-21,3.7713931442749122,0.011094500594267753,0.02971594441791682,0.0147031973848459,0.0335198325897103,9.64460599491124e-05,40,0.001345981639857552,0.0753260943850941,0.0482230299745562,0.0482230299745562,0.0,0.0
2023-12-22,3.779967320750534,0.0022734772397403624,0.02522050960248983,0.011047185705765994,0.03805103684759339,9.819644510671877e-05,41,0.0,0.07841829388528102,0.04909822255335938,0.04909822255335938,0.0,0.0
2023-12-26,3.8042712422166822,0.006429664439882687,0.025106297994392842,0.020105333684757455,0.03010726230402823,0.00010042519197757137,44,0.0,0.0758852799497798,0.050212595988785684,0.050212595988785684,0.0,0.0
2023-12-27,3.7971362801136497,-0.0018755135080418261,0.03022497123226677,0.034357658026931186,0.02609228443760236,0.00012089988492906709,46,0.0,0.07458581765257777,0.06044994246453354,0.06044994246453354,0.0,0.0
2023-12-28,3.7762356296181485,-0.005504319295823512,0.025851783234140783,0.0,0.05170356646828156,0.00010340713293656313,46,0.0,0.08173472883480774,0.051703566468281566,0.051703566468281566,0.0,0.0
2023-12-29,3.7690002708424646,-0.0019160241799889288,0.06780868239031725,0.0389110111994408,0.09670635358119359,0.0002712347295612688,47,1.1102230246251565e-16,0.07971548669005925,0.13561736478063438,0.13561736478063438,0.0,0.0
2024-01-02,3.7150700928468425,-0.014308881432785747,0.02498105246197979,0.03251177360627325,0.017450331317686224,9.992420984791895e-05,46,0.0,0.0839011985543338,0.04996210492395947,0.04996210492395947,0.0,0.0
2024-01-03,3.7050999403670177,-0.002683705079756571,0.03753712609395089,0.025634325175345755,0.04943992701255604,0.0001501485043758036,44,0.0,0.0833022905118728,0.07507425218790179,0.07507425218790179,0.0,0.0
2024-01-04,3.676871475619784,-0.007618813311804362,0.03096612531432039,0.02372237000022557,0.038209880628415197,0.00012386450125728156,44,0.0,0.08110184105755706,0.06193225062864078,0.06193225062864078,0.0,0.0
2024-01-05,3.682970801589077,0.0016588357819238286,0.020390545701002103,0.011781094895268442,0.02899999650673577,8.156218280400841e-05,42,0.0,0.07940213229722491,0.040781091402004206,0.040781091402004206,0.0,0.0
2024-01-08,3.752263658082732,0.01881439202932511,0.014235112637288053,0.0007786390230763885,0.027691586251499714,5.694045054915221e-05,41,0.0,0.07726728422523989,0.028470225274576107,0.028470225274576107,0.0,0.0
2024-01-09,3.7338536070256385,-0.004906385247592238,0.013784988335411938,0.00045356193312431887,0.024543677063750945,4.999447799375053e-05,42,0.0025727376739486107,0.07958528440048272,0.024997238996875264,0.024997238996875264,0.0,0.0
2024-01-10,3.761173836756619,0.007316899002032251,0.04561347504718415,0.02565423678870217,0.06301911630958215,0.00017734670619656864,45,0.0,0.08322251160723984,0.08867335309828432,0.08867335309828432,0.0,0.0
2024-01-11,3.7896839619243905,0.007580113657377874,0.0265421568044753,0.0,0.05308431360895048,0.00010616862721790098,45,1.1102230246251565e-16,0.08319390220308366,0.05308431360895049,0.05308431360895049,0.0,0.0
2024-01-12,3.8034650995297907,0.003636487301807101,0.006386434941781865,0.00040420733325246356,0.010584694825994384,2.1977804318493698e-05,44,0.0017839677243169927,0.08272060854578224,0.010988902159246848,0.010988902159246848,0.0,0.0
2024-01-16,3.8062039975323514,0.0007201059904293761,0.020476939510282045,0.0072392233613977385,0.01772665580895211,4.9931758340699705e-05,43,0.017770594840554876,0.0878033253868868,0.024965879170349852,0.024965879170349852,0.0,0.0
2024-01-17,3.7849465129533493,-0.005584956716136014,0.058679443822910834,0.05260029847628674,0.046891744842342105,0.00019898408663725768,44,0.0,0.08715119620536284,0.09949204331862883,0.09949204331862883,0.0,0.0
2024-01-18,3.836717492658355,0.01367812716185779,0.06371325103768267,0.06852060680606846,0.052230587149190585,0.0002415023879105181,43,0.006675308120106305,0.0864150226704132,0.12075119395525905,0.12075119395525905,0.0,0.0
2024-01-19,3.898113347767674,0.016002182914640173,0.027760652225453,0.028796788085433157,0.020581166199749274,9.875590857036487e-05,43,0.0004261720323883722,0.08547687492563877,0.049377954285182435,0.049377954285182435,0.0,0.0
2024-01-22,3.9174177803944095,0.00495225020529233,0.039854878935206416,0.03776889689112975,0.021861490615801615,0.00011926077501386273,43,0.02050339171046034,0.08469580008560039,0.059630387506931365,0.059630387506931365,0.0,0.0
2024-01-23,3.9177207395654374,7.733644661134242e-05,0.05316036465829767,0.019352843303970635,0.08244557655306604,0.0002035968397140734,44,0.025019941530235013,0.09065605345131794,0.10179841985703669,0.10179841985703669,0.0,0.0
2024-01-24,3.950730129002226,0.008425661661747297,0.037006250280692134,0.04321194472523674,0.028154841255951978,0.00014273357196237745,44,0.0221616374098228,0.09038826357887955,0.07136678598118872,0.07136678598118872,0.0,0.0
2024-01-25,3.967379828809281,0.004214334885805027,0.08907951466510576,0.11072953311357353,0.045367753123291624,0.0003121945724737303,46,0.0,0.08753310343826728,0.15609728623686517,0.15609728623686517,0.0,0.0
2024-01-26,3.961372323684825,-0.0015142248495675359,0.06200789870378771,0.04817475054704164,0.05735311315970619,0.00021105572741349568,44,0.018487933700827575,0.08819633538247885,0.10552786370674784,0.10552786370674784,0.0,0.0
2024-01-29,4.010230280610151,0.012333593748107718,0.12230042013115298,0.06240544184615408,0.16394097669213367,0.00045269283707657557,45,0.0,0.0739301054503888,0.22634641853828777,0.22634641853828777,0.0,0.0
2024-01-30,4.019472042200073,0.002304546358498971,0.02845073368723609,0.00031498139370610134,0.05658648598076608,0.00011380293474894436,46,0.0,0.07370641909228881,0.05690146737447218,0.05690146737447218,0.0,0.0
2024-01-31,3.9608192797910586,-0.014592155833707654,0.030297590889740777,0.009873355237105527,0.050721826542375906,0.00012119036355896289,48,1.1102230246251565e-16,0.07422118285673335,0.06059518177948144,0.06059518177948144,0.0,0.0
2024-02-01,4.003553362326165,0.010789202817999,0.07355003183183574,0.017057429203228874,0.09988554832310924,0.00023388595505267624,49,0.030157086137333478,0.06554228397356625,0.11694297752633812,0.11694297752633812,0.0,0.0
2024-02-02,4.044375155890046,0.0101963905234832,0.0707943908652157,0.04742607270884192,0.06864983826462233,0.00023215182194692848,46,0.05535863678590569,0.06806081521510876,0.11607591097346424,0.11607591097346424,0.0,0.0
2024-02-05,4.049446845305929,0.0012540106247305172,0.014477285819660263,0.0020872879514600194,0.024393844119127983,5.2962264141176e-05,45,0.05775981473403413,0.07174319936033217,0.026481132070587998,0.026481132070587998,0.0,0.0
2024-02-06,4.045506994797012,-0.000972935479689907,0.0389330905599428,0.028651143888785827,0.042750650788029754,0.00014280358935363116,44,0.051343423251154374,0.0715470630726411,0.07140179467681558,0.07140179467681558,0.0,0.0
2024-02-07,4.088086049273387,0.010525023076498385,0.023908184675214113,0.004146858059642386,0.040980316143741244,9.025434840676727e-05,43,0.048114880072829935,0.07181582521135198,0.045127174203383635,0.045127174203383635,0.0,0.0
2024-02-08,4.110651222977728,0.0055197403949829305,0.06975047098983926,0.05732488352297652,0.057944670103480624,0.0002305391072529143,43,0.07207111320281656,0.06831409255016414,0.11526955362645715,0.11526955362645715,0.0,0.0
2024-02-09,4.135830149137833,0.0061252888640515035,0.04189471901242181,0.018820504166734184,0.06316449802748797,0.00016397000438844432,40,0.0734250346761447,0.07427323030216677,0.08198500219422215,0.08198500219422215,0.0,0.0
2024-02-12,4.124219277100234,-0.002807386091524866,0.0787358691227456,0.06524247221366702,0.05462720854393709,0.00023973936151520822,42,0.03601203750374482,0.08035538744772372,0.11986968075760411,0.11986968075760411,0.0,0.0
2024-02-13,4.0589859409250675,-0.015817135751577394,0.04123061965068384,0.034456252858215825,0.04124336333729397,0.00015139923239101957,41,0.043346882427972355,0.07878674925995456,0.07569961619550979,0.07569961619550979,0.0,0.0
2024-02-14,4.1066654428921,0.011746653637377813,0.02956285259263937,0.01209924161188568,0.018862922375863372,6.19243279754981e-05,41,0.01467741908198239,0.07861944590835539,0.03096216398774905,0.03096216398774905,0.0,0.0
2024-02-15,4.130343968685691,0.005765876505614553,0.039926697429842464,0.03764912336240341,0.027612900216293274,0.0001305240471573934,43,0.0,0.07751471808601573,0.06526202357869669,0.06526202357869669,0.0,0.0
2024-02-16,4.1104153642765935,-0.00482492609821028,0.042266978320497535,0.030172120654052705,0.04147823529604315,0.0001433007119001917,43,0.012883600690899222,0.07811347769523472,0.07165035595009585,0.07165035595009585,0.0,0.0
2024-02-20,4.074332691226206,-0.008778352028357084,0.0677430541542493,0.06594459296355512,0.05654700049379942,0.0002449831869147091,44,0.0,0.0758943075288092,0.12249159345735453,0.12249159345735453,0.0,0.0
2024-02-21,4.01747661914518,-0.013954695502275016,0.022362556776689017,0.01182821934655003,0.03289689420682789,8.945022710675585e-05,43,1.1102230246251565e-16,0.07620385919129583,0.044725113553377924,0.044725113553377924,0.0,0.0
2024-02-22,4.122214036194564,0.026070448437773397,0.04362007618648913,0.0238408192145517,0.03706942158098132,0.00012182048159106603,41,0.026329911577445353,0.07533274760289976,0.06091024079553301,0.06091024079553301,0.0,0.0
2024-02-23,4.0925425680621395,-0.007197944568597903,0.10228258117109615,0.04147925496477411,0.1007918088795905,0.0002845421276887292,40,0.08880735908625925,0.07608818317819946,0.1422710638443646,0.1422710638443646,0.0,0.0
2024-02-26,4.099967091756928,0.001814159186205755,0.03140181257980982,0.025637775779325633,0.03535336051954004,0.00012198227259773137,39,0.0868232379839392,0.07623182428323454,0.060991136298865684,0.060991136298865684,0.0,0.0
2024-02-27,4.10411641600643,0.0010120384277825245,0.10661328973893815,0.1006840628455001,0.025829004603144877,0.00025302613489729,40,0.0,0.1006840628455001,0.126513067448645,0.126513067448645,0.0,0.0
2024-02-28,4.10205582038632,-0.0005020802070997421,0.10746371101109736,0.1176560018262401,0.03925714807672115,0.00031382629980592245,42,0.05801427211923349,0.07810489846548185,0.15691314990296124,0.15691314990296124,0.0,0.0
2024-02-29,4.135098372891489,0.008055120152425932,0.0357857585265534,0.034103224124548026,0.0062510270817389395,8.070850241257393e-05,44,0.02632878368412317,0.07708182699671733,0.04035425120628697,0.04035425120628697,0.0,0.0
2024-03-01,4.187944259035134,0.012779837715611864,0.04724156072308086,0.06352065736764358,0.028882626311995785,0.00018480656735927873,44,0.023911909868741588,0.0696063490807153,0.09240328367963936,0.09240328367963936,0.0,0.0
2024-03-04,4.175754997539216,-0.002910559630687648,0.07154790725395123,0.03884868736565465,0.09516707287039772,0.0002680315204721047,44,0.014895227939871747,0.07625974941383994,0.13401576023605236,0.13401576023605236,0.0,0.0
2024-03-05,4.122818211471352,-0.012677177204855172,0.04342632720349954,0.061033277462006805,0.024870000641567816,0.00017180655620714926,43,0.01603326629180113,0.08068711069535733,0.08590327810357462,0.08590327810357462,0.0,0.0
2024-03-06,4.166651938204914,0.010631981446962202,0.05099250529352334,0.05206086739812647,0.03406228158615704,0.00017224629796856703,45,0.0,0.07805603018772515,0.08612314898428351,0.08612314898428351,0.0,0.0
2024-03-07,4.205137788672964,0.009236636762280481,0.05066306005338046,0.04441287742452915,0.03209937710632818,0.00015302450906171466,41,0.024813865575903593,0.08014935837906119,0.07651225453085733,0.07651225453085733,0.0,0.0
2024-03-08,4.155981561931511,-0.011689563864913377,0.058780778345365964,0.046972972041827654,0.052160962378474396,0.0001982678688406041,40,0.04353000394786788,0.07998340986034833,0.09913393442030205,0.09913393442030205,0.0,0.0
2024-03-11,4.143833319308573,-0.00292307423454774,0.05839623714123701,0.047854298966075834,0.04649203657594912,0.00018869267108404992,42,0.021203241794296668,0.0879502908713945,0.09434633554202496,0.09434633554202496,0.0,0.0
2024-03-12,4.215883402089104,0.017387302342690036,0.03878787103329242,0.009855649373296888,0.04688158240424635,0.00011347446355508647,40,0.0,0.0937634315020193,0.05673723177754323,0.05673723177754323,0.0,0.0
2024-03-13,4.217165857615051,0.00030419615621024576,0.06628144449264468,0.08621344904523695,0.046084432135401636,0.0002645957623612772,39,0.0002650078046507742,0.09220517367652603,0.1322978811806386,0.1322978811806386,0.0,0.0
2024-03-14,4.199066445541581,-0.0042918425986939734,0.07195738110808556,0.11282014791889984,0.030828540682593972,0.0002872973772029876,42,1.1102230246251565e-16,0.09285748440020378,0.1436486886014938,0.1436486886014938,0.0,0.0
2024-03-15,4.1564457501669425,-0.010150040711999542,0.04479528215149163,0.04479528215149163,0.04479528215149164,0.00017918112860596652,43,1.1102230246251565e-16,0.08304111715891907,0.08959056430298326,0.08959056430298326,0.0,0.0
2024-03-18,4.217306632798583,0.014642530250562391,0.02880220448031437,0.011779356867029162,0.02935923552548539,8.22771847850291e-05,41,0.0164658165681143,0.07246864497854055,0.04113859239251455,0.04113859239251455,0.0,0.0
2024-03-19,4.227562639667062,0.0024318855045342147,0.017119663005309715,0.0,0.022532355989785452,4.50647119795709e-05,41,0.02813210052488424,0.07171497240056204,0.022532355989785452,0.022532355989785452,0.0,0.0
2024-03-20,4.3035128904031295,0.017965493881374694,0.04262138738921288,0.05412681495045215,0.030762536459335747,0.0001697787028195758,41,0.027984344517156923,0.07455180670012164,0.0848893514097879,0.0848893514097879,0.0,0.0
2024-03-21,4.354629616277247,0.011877906997352916,0.02510908789574373,0.0198995378952252,0.0181286105862586,7.605629696296761e-05,40,0.039843774800720655,0.07421049479928365,0.0380281484814838,0.0380281484814838,0.0,0.0
2024-03-22,4.341691393598646,-0.0029711419382808524,0.032328909041763984,0.00308674399565496,0.049890467435167334,0.00010595442286164458,39,0.02827766823013711,0.07451712452571324,0.05297721143082229,0.05297721143082229,0.0,0.0
2024-03-25,4.331891032898191,-0.0022572679198029633,0.02122375352306151,0.019788999338464026,0.02168450536033204,8.294700939759212e-05,38,0.027365289709627816,0.07472677990923898,0.041473504698796064,0.041473504698796064,0.0,0.0
2024-03-26,4.325050336843121,-0.0015791477678269716,0.028991584718238622,0.03068642921738039,0.014107163637540651,8.958718570984208e-05,38,0.014216539856378163,0.07521795003218446,0.044793592854921044,0.044793592854921044,0.0,0.0
2024-03-27,4.35137249510192,0.006085977320211322,0.01835386457847028,0.0,0.033092706756063225,6.618541351212645e-05,38,0.017744628865201006,0.07287889160202922,0.033092706756063225,0.033092706756063225,0.0,0.0
2024-03-28,4.352709002011991,0.0003071460583012886,0.02001190852356626,0.005851272805343507,0.021389288515978187,5.448112264264339e-05,38,0.004954958169609447,0.07317888986973463,0.027240561321321695,0.027240561321321695,0.0,0.0
2024-04-01,4.370207831900971,0.004020215888746792,0.037918511223167584,0.012960958659879231,0.04483851106941461,0.00011559893945858768,37,0.02297210015273654,0.07344811694203107,0.05779946972929384,0.05779946972929384,0.0,0.0
2024-04-02,4.327360425245245,-0.009804432261311447,0.009610620796961879,0.0,0.013068725696561333,2.6137451393122666e-05,37,0.017046436379353436,0.07905145000038308,0.013068725696561333,0.013068725696561333,0.0,0.0
2024-04-03,4.364996512834,0.008697238937896312,0.025875356042750142,0.039779058452760946,0.011748460180503833,0.00010305503726652957,36,0.016674522730832697,0.07858537085756881,0.05152751863326478,0.05152751863326478,0.0,0.0
2024-04-04,4.296117591439571,-0.015779834231690826,0.020112227576941123,0.0,0.023802109527311578,4.760421905462316e-05,36,0.03336340163529816,0.07967218737607794,0.02380210952731158,0.02380210952731158,0.0,0.0
2024-04-05,4.361057426709659,0.015115935234055744,0.03757907892549284,0.02657521346166916,0.04808602277691418,0.00014932247247716665,37,0.03335860624548248,0.08116222533910583,0.07466123623858333,0.07466123623858333,0.0,0.0
2024-04-08,4.38543964772712,0.005590896572039927,0.034566102886214096,0.030551277733708464,0.03476751388390854,0.000130637583235234,37,0.03698221915442268,0.07094677311939095,0.065318791617617,0.065318791617617,0.0,0.0
2024-04-09,4.379497137991157,-0.0013550545015578175,0.01785953178112156,0.013520387850672316,0.007868095806212241,4.2776967313769115e-05,37,0.022700236035721466,0.07073435798695324,0.021388483656884557,0.021388483656884557,0.0,0.0
2024-04-10,4.3288936628147034,-0.011554631406761162,0.015943676373034003,0.0,0.01601429869799751,3.2028597395995023e-05,37,0.007091805417361319,0.07036691978436796,0.01601429869799751,0.01601429869799751,0.0,0.0
2024-04-11,4.358128494185154,0.006753418690225166,0.026687618365058303,0.031829364402519655,0.021204733642885595,0.00010606819609081052,37,0.007384624279802798,0.07008282615933949,0.05303409804540526,0.05303409804540526,0.0,0.0
2024-04-12,4.26524687216956,-0.021312272490249362,0.03093015465501391,0.022862200565774107,0.0314534937764127,0.00010863138868437361,39,0.0,0.0667955546955994,0.054315694342186804,0.054315694342186804,0.0,0.0
2024-04-15,4.198844946146806,-0.015568131930656204,0.030244041425418353,0.0113495104450759,0.04913857240576068,0.0001209761657016732,40,1.1102230246251565e-16,0.0646322822490992,0.060488082850836594,0.060488082850836594,0.0,0.0
2024-04-16,4.202715461731607,0.000921804837864526,0.03529229874355757,0.03829093974761111,0.02166698285401585,0.00011991584520325391,40,0.010626674885488296,0.06535210086226526,0.05995792260162695,0.05995792260162695,0.0,0.0
2024-04-17,4.154599930747522,-0.01144867679532624,0.014416059458031654,0.008144011978810775,0.019998986734632185,5.628599742688592e-05,39,0.011438260386910981,0.06532620735875717,0.02814299871344296,0.02814299871344296,0.0,0.0
2024-04-18,4.117568680175594,-0.008913313240551779,0.0365487043130311,0.039382163659795945,0.022756066945013233,0.00012427646120961836,38,0.022498873825040566,0.06545002149476321,0.06213823060480918,0.06213823060480918,0.0,0.0
2024-04-19,4.079736896729335,-0.00918789372680151,0.03499083463547145,0.038382377407703075,0.024203730186450417,0.00012517221518830698,37,0.0153091039694353,0.06447277585453995,0.06258610759415349,0.06258610759415349,0.0,0.0
2024-04-22,4.125234897393108,0.011152189912111421,0.06378266130078941,0.07585643704876902,0.04081182318903406,0.00023333652047560617,38,0.026033786537526304,0.06571445502128792,0.11666826023780308,0.11666826023780308,0.0,0.0
2024-04-23,4.188478281776671,0.015330856534625292,0.018788502374252558,0.009988910373853818,0.024741127430395263,6.946007560849817e-05,37,0.028485878695242772,0.06616033165041717,0.03473003780424908,0.03473003780424908,0.0,0.0
2024-04-24,4.190036011986788,0.00037190838899503476,0.07622613613874762,0.08364486883993627,0.04033917590387326,0.000247968089487619,38,0.0,0.06612051205259199,0.12398404474380952,0.12398404474380952,0.0,0.0
2024-04-25,4.210027453467858,0.004771186076654166,0.05744792480339719,0.04660362185996966,0.020173231652524687,0.0001335537070249887,37,0.04811899609430004,0.0669860422124412,0.06677685351249435,0.06677685351249435,0.0,0.0
2024-04-26,4.266349436858449,0.013378056084693224,0.03374451526687858,0.03300252429564851,0.027217685200910426,0.00012044041899311788,36,0.040209215746171645,0.07327225668472184,0.06022020949655894,0.06022020949655894,0.0,0.0
2024-04-29,4.284665129120724,0.004293059566110591,0.0470345372794983,0.017366118083436334,0.0722028187129862,0.00017913787359284507,35,0.04453029865020652,0.07929778287187413,0.08956893679642253,0.08956893679642253,0.0,0.0
2024-04-30,4.198128510186742,-0.020196821998021752,0.03729507119670128,0.0,0.054396270619445866,0.00010879254123889173,35,0.06563713536558013,0.08544041027733293,0.054396270619445866,0.054396270619445866,0.0,0.0
2024-05-01,4.176033863685742,-0.00526297526323638,0.07026320187964269,0.05990389539130339,0.040064581493406,0.00019993695376941878,37,0.02541329008504911,0.08594661301151109,0.09996847688470939,0.09996847688470939,0.0,0.0
2024-05-02,4.228490181802726,0.012561276998526605,0.04703222165783762,0.05764322348542647,0.02167342787279859,0.0001586333027164501,38,0.01034625347773488,0.0941144588080011,0.07931665135822505,0.07931665135822505,0.0,0.0
2024-05-03,4.291857031001528,0.014985691458265782,0.02834564822949928,0.018093718354547837,0.012823967605946632,6.183537192098894e-05,37,0.03596647705846434,0.09456789597629892,0.03091768596049447,0.03091768596049447,0.0,0.0
2024-05-06,4.332279797281605,0.009418479224282184,0.03909730263224628,0.011790409833327894,0.04774093571713372,0.00011906269110092323,37,0.054289905682066486,0.09211240530818864,0.05953134555046161,0.05953134555046161,0.0,0.0
2024-05-07,4.329575286461018,-0.0006242696564252581,0.030534430031127508,0.008116774796858437,0.03985423256247313,9.594201471866312e-05,36,0.06741645915985028,0.09257603825908507,0.04797100735933156,0.04797100735933156,0.0,0.0
2024-05-08,4.3321086974254595,0.0005851407578854051,0.04729990611746724,0.0475681423955853,0.04255319828153578,0.00018024268135424215,37,0.07184336145157,0.09143366031979892,0.09012134067712108,0.09012134067712108,0.0,0.0
2024-05-09,4.3381793345617625,0.0014013122846874282,0.06845287097941638,0.06861548817129301,0.06046285337761523,0.0002581566830978165,37,0.07955170686585222,0.09373891378484117,0.12907834154890824,0.12907834154890824,0.0,0.0
2024-05-10,4.320525183353102,-0.004069483957938713,0.08420653680792242,0.04826475487302544,0.08168629370569197,0.0002599020971574348,38,0.0413939789002461,0.06611569703643877,0.1299510485787174,0.1299510485787174,0.0,0.0
2024-05-13,4.334043449663989,0.003128847937971191,0.03689745079784405,0.007475295504052363,0.048307858939959,0.00011156630888802274,40,0.05927201078768907,0.06408492714091735,0.05578315444401137,0.05578315444401137,0.0,0.0
2024-05-14,4.354216779785005,0.004654621107358592,0.04553534076246571,0.006560101377157946,0.08313705589429035,0.00017939431454289665,39,0.05761329219157807,0.06803113867250671,0.08969715727144832,0.08969715727144832,0.0,0.0
2024-05-15,4.420421385871911,0.015204710613920147,0.040740238397949005,0.007680535229964243,0.07192737112631337,0.00015921581271255523,40,0.05486881249742692,0.06813255504793891,0.07960790635627761,0.07960790635627761,0.0,0.0
2024-05-16,4.407058067659387,-0.0030230869516726377,0.029492926076047005,0.005911069407703532,0.04992393904089113,0.00011167001689718932,40,0.05187819917419545,0.06771868743907697,0.05583500844859466,0.05583500844859466,0.0,0.0
2024-05-17,4.408266856852782,0.00027428483465330444,0.058327109243632366,0.030758282869038214,0.04519371287436985,0.00015190399148681612,39,0.011153872584280244,0.06717855180178683,0.07595199574340807,0.07595199574340807,0.0,0.0
2024-05-20,4.445332540701768,0.008408221428647611,0.05345055961337768,0.027149959283207067,0.06854810961115725,0.00019139613778872865,40,0.022261803661818624,0.06614515855501794,0.09569806889436433,0.09569806889436433,0.0,0.0
2024-05-21,4.440237306394749,-0.0011461986837579818,0.01589396396558833,0.0020821287361545157,0.016298733925456783,3.6761725323222595e-05,39,0.008879464801374692,0.0666796385324938,0.0183808626616113,0.0183808626616113,0.0,0.0
2024-05-22,4.394246844219771,-0.01035765861179161,0.0284053948888895,0.018400090797865348,0.029439159610407727,9.567850081654615e-05,40,1.1102230246251565e-16,0.06611090514317966,0.047839250408273075,0.047839250408273075,0.0,0.0
2024-05-23,4.341291646247403,-0.012051029414067993,0.03801490111638521,0.012614348363843814,0.056578537632959336,0.0001383857719936063,40,0.006836916235967383,0.06707622411312335,0.06919288599680315,0.06919288599680315,0.0,0.0
2024-05-24,4.358090969741939,0.003869660198723812,0.029674432390430192,0.0,0.052539018744798736,0.00010507803748959749,40,0.0,0.0650551427725951,0.05253901874479874,0.05253901874479874,0.0,0.0
2024-05-28,4.353598789489537,-0.0010307678943811682,0.02816479794470723,0.010506463471673262,0.045823132417741094,0.0001126591917788287,41,1.1102230246251565e-16,0.0643014371723354,0.05632959588941435,0.05632959588941435,0.0,0.0
2024-05-29,4.315726810212055,-0.008699005376635038,0.031285604274055405,0.02012941954938354,0.042441788998727165,0.0001251424170962214,43,0.0,0.06359752766927579,0.0625712085481107,0.0625712085481107,0.0,0.0
2024-05-30,4.256967426715203,-0.013615176789646077,0.05060209768015839,0.02161859578351585,0.07958559957680092,0.00020240839072063356,44,0.0,0.062027490946222036,0.10120419536031677,0.10120419536031677,0.0,0.0
2024-05-31,4.245632515687783,-0.002662672717739567,0.07984572812016584,0.050352270540669,0.10933918569966265,0.00031938291248066335,47,0.0,0.06178947893574205,0.15969145624033168,0.15969145624033168,0.0,0.0
2024-06-03,4.21715021991826,-0.006708610710955298,0.052704081267221155,0.022216480540885906,0.06614097359567993,0.00017671490827313166,45,0.01705070839787648,0.06605743894785454,0.08835745413656583,0.08835745413656583,0.0,0.0
2024-06-04,4.1747736118921015,-0.010048636120669086,0.03169944419693683,0.01848521608370589,0.04161622617813769,0.00012020288452368718,44,0.0205191597187816,0.06644762840170394,0.060101442261843586,0.060101442261843586,0.0,0.0
2024-06-05,4.2298234517674285,0.01318630541270882,0.01906477486059626,0.004053593987029117,0.03110307407587194,7.031333612580211e-05,42,0.023223566886266034,0.06549738504473687,0.035156668062901054,0.035156668062901054,0.0,0.0
2024-06-06,4.2466295613115035,0.003973241374188419,0.03586300469145262,0.0,0.0582508034384401,0.00011650160687688021,42,0.009653758400862245,0.06710963523545319,0.05825080343844011,0.05825080343844011,0.0,0.0
2024-06-07,4.208625004262262,-0.008949345946130616,0.011966186674728423,0.003944981831861194,0.013477796973023665,3.484555760976972e-05,43,0.003230999410722468,0.06635900011821785,0.01742277880488486,0.01742277880488486,0.0,0.0
2024-06-10,4.236190566424577,0.006549778641337323,0.02581939718936515,0.030235971764656495,0.015950881272065634,9.237370607344425e-05,42,0.008661619611167848,0.0651139116613079,0.046186853036722125,0.046186853036722125,0.0,0.0
2024-06-11,4.216959780325849,-0.004539641405924444,0.03258943479926055,0.019900139622417955,0.03657859325865624,0.00011295746576214838,42,0.0,0.06520986343503998,0.05647873288107419,0.05647873288107419,0.0,0.0
2024-06-12,4.23776972048139,0.004934820638467841,0.02737791220187474,0.0068922807383736155,0.03943953462417531,9.266363072509786e-05,41,0.008424009041200553,0.06354306285462219,0.04633181536254893,0.04633181536254893,0.0,0.0
2024-06-13,4.246739487459415,0.002116624443908144,0.038404993138573144,0.043618531449059444,0.029877273765770304,0.0001469916104296595,42,0.011719161657483546,0.06393453686196149,0.07349580521482975,0.07349580521482975,0.0,0.0
2024-06-14,4.250803091994682,0.0009568763394287583,0.030167755347089806,0.00995720652264026,0.038671484268008594,9.725738158129768e-05,40,0.0,0.0696784851540679,0.04862869079064884,0.04862869079064884,0.0,0.0
2024-06-17,4.285798219912519,0.00823259209153715,0.008181907697775269,0.0082728003008673,0.008091015094683235,3.2727630791101075e-05,40,0.0,0.07026933774938739,0.016363815395550537,0.016363815395550537,0.0,0.0
2024-06-18,4.300676558438788,0.003471544333828236,0.025892333879343407,0.028222361307691228,0.010997066788572409,7.843885619252727e-05,39,0.012565239662423178,0.06924213931004593,0.03921942809626364,0.03921942809626364,0.0,0.0
2024-06-20,4.302628939548293,0.0004539706911170782,0.029026166977301815,0.02902616697730181,0.016467771742729006,9.098787744006164e-05,41,0.0,0.06916492056382638,0.04549393872003082,0.04549393872003082,0.0,0.0
2024-06-21,4.306355669801295,0.0008661519051171851,0.053640980065101394,0.03689863229816437,0.07038332783203831,0.00021456392026040537,43,1.1102230246251565e-16,0.0677660427688485,0.10728196013020268,0.10728196013020268,0.0,0.0
2024-06-24,4.292195885314715,-0.0032881130989427243,0.024327656880018114,0.021875866615014537,0.026779447145021573,9.731062752007223e-05,44,0.0,0.06702236460753291,0.048655313760036116,0.048655313760036116,0.0,0.0
2024-06-25,4.298537505092956,0.0014774767852367976,0.01529603598042762,0.015822314334503738,0.0147697576263515,6.118414392171049e-05,45,0.0,0.06444829469367326,0.03059207196085524,0.03059207196085524,0.0,0.0
2024-06-26,4.292637712154665,-0.0013725116813104732,0.052841066216007856,0.04887022467292132,0.034243199302787304,0.00016622684795141723,44,0.022568708456307096,0.0693072872751733,0.08311342397570862,0.08311342397570862,0.0,0.0
2024-06-27,4.307675914161205,0.003503254412539736,0.020521562883998402,0.01904575601376435,0.01758766611241047,7.326684425234964e-05,43,0.02689797641924374,0.07609196715393768,0.03663342212617482,0.03663342212617482,0.0,0.0
2024-06-28,4.327711403603336,0.004651113463820744,0.02955881742526703,0.018964852398295613,0.025967286529919174,8.986427785642957e-05,43,0.012585548166097582,0.07765360238721461,0.044932138928214786,0.044932138928214786,0.0,0.0
2024-07-01,4.31425584129563,-0.0031091634937817636,0.04262138291734705,0.02407505643755956,0.048544742282449975,0.00014523959744001908,43,0.0,0.07675052263809186,0.07261979872000954,0.07261979872000954,0.0,0.0
2024-07-02,4.328578420402127,0.0033198260913047672,0.07603834097716995,0.09855978903858055,0.028058314620476837,0.00025323620731811477,43,0.02545857829528253,0.0780469754445739,0.12661810365905737,0.12661810365905737,0.0,0.0
2024-07-03,4.364842674686874,0.008377866995275207,0.02100482989989115,0.004167227376227363,0.028292076533976467,6.491860782040766e-05,42,0.015695066876073915,0.07737372229738403,0.03245930391020383,0.03245930391020383,0.0,0.0
2024-07-05,4.366460982306475,0.0003707596676936209,0.013317007364207304,0.0,0.019129486832496403,3.8258973664992814e-05,42,0.008184121784463372,0.07606640242095344,0.019129486832496406,0.019129486832496406,0.0,0.0
2024-07-08,4.343166301124926,-0.005334911104425966,0.005566155638317726,0.003373830095710392,0.007297822718841532,2.1343305629103848e-05,40,0.008688500375523822,0.07579173741444246,0.010671652814551924,0.010671652814551924,0.0,0.0
2024-07-09,4.322355748479523,-0.004791562469070754,0.015549415569084738,0.008825099124853892,0.016006103481510034,4.966240521272786e-05,39,0.002462270207047812,0.07504406023714838,0.024831202606363928,0.024831202606363928,0.0,0.0
2024-07-10,4.3639028058887535,0.009612132787507388,0.02100383506051708,0.01355221437989394,0.027330072862702566,8.1764574485193e-05,38,0.0013132455815575428,0.07586192003169674,0.0408822872425965,0.0408822872425965,0.0,0.0
2024-07-11,4.353421752355535,-0.002401761450570139,0.04140364354026006,0.02356146445448886,0.05792962989915999,0.00016298218870729772,40,0.0,0.0701396789499369,0.08149109435364886,0.08149109435364886,0.0,0.0
2024-07-12,4.391218181373609,0.008682004907432317,0.03936127973711278,0.03410862348786575,0.017562384536182682,0.00010334201604809687,38,0.027051551450177125,0.07046481330040923,0.051671008024048434,0.051671008024048434,0.0,0.0
2024-07-15,4.402278723158666,0.002518786661973138,0.024943496686152533,0.022253274809868818,0.01588995174866161,7.628645311706086e-05,37,0.03872529388652979,0.0719271225580746,0.03814322655853043,0.03814322655853043,0.0,0.0
2024-07-16,4.4433611955838614,0.009332092538592907,0.03089564507130231,0.019526793233548778,0.02954808781499676,9.81497620970911e-05,37,0.02564707235510244,0.07047685538426657,0.04907488104854554,0.04907488104854554,0.0,0.0
2024-07-17,4.328601186808386,-0.02582729688721519,0.06686145568549286,0.05180721285038901,0.05518278544524935,0.00021397999659127673,34,0.05305430794990551,0.07986785002329057,0.10698999829563836,0.10698999829563836,0.0,0.0
2024-07-18,4.271752001669526,-0.01313338482466575,0.03971010545599822,0.03219490357980314,0.02932543898736922,0.00012304068513434473,35,0.03585388043517812,0.0758761910558501,0.06152034256717236,0.06152034256717236,0.0,0.0
2024-07-19,4.229772871333867,-0.009827145939008686,0.00639237438407295,0.0,0.010478090379439635,2.095618075887927e-05,35,0.038515618195809176,0.07685731360272588,0.010478090379439635,0.010478090379439635,0.0,0.0
2024-07-22,4.288655522165607,0.013920995907558353,0.006789594055519757,0.0,0.010225248793946777,2.045049758789356e-05,35,0.03463208788592187,0.07406463837244165,0.010225248793946779,0.010225248793946779,0.0,0.0
2024-07-23,4.2491797539795755,-0.00920469550002423,0.03306358178386645,0.0,0.04204270370347165,8.40854074069433e-05,35,0.05903534797952026,0.07333690575425435,0.04204270370347165,0.04204270370347165,0.0,0.0
2024-07-24,4.133058007910033,-0.0273280380668266,0.026375794793996377,0.025737184826545766,0.006805773006451835,6.50859156659952e-05,35,0.08089867723807453,0.07428775592511577,0.0325429578329976,0.0325429578329976,0.0,0.0
2024-07-25,4.129092059912738,-0.0009595674654709896,0.026578311837599233,0.03917994009632102,0.0022352710492967824,8.283042229123561e-05,36,0.06922825970005686,0.07297444863510448,0.0414152111456178,0.0414152111456178,0.0,0.0
2024-07-26,4.157790338905409,0.006950263781059229,0.0757301046782391,0.06647560141839105,0.0629122415223005,0.0002587756858813831,38,0.04666026874912055,0.07104060444240293,0.12938784294069156,0.12938784294069156,0.0,0.0
2024-07-29,4.1601140241295935,0.0005588750357230499,0.15471910746841191,0.2649822068773167,0.03847448507876043,0.0006069133839121543,39,0.05258742611248879,0.06575010518596967,0.30345669195607716,0.30345669195607716,0.0,0.0
2024-07-30,4.112208592372989,-0.011515413154241094,0.05336665811204521,0.06362463026729316,0.027764782789700924,0.00018277882611398817,40,0.06853422595427372,0.06857517362007728,0.09138941305699408,0.09138941305699408,0.0,0.0
2024-07-31,4.197416871137169,0.02072080655689934,0.03868861540761964,0.04569859934383044,0.014198854918303212,0.0001197949085242673,41,0.049655149533193166,0.06717503770175592,0.05989745426213365,0.05989745426213365,0.0,0.0
2024-08-01,4.069945571418548,-0.030368987315783746,0.05336089381514579,0.05349076702396448,0.03166376454673479,0.00017030906314139855,40,0.029634378543409667,0.06895517263496026,0.08515453157069927,0.08515453157069927,0.0,0.0
2024-08-02,3.9288105976565117,-0.034677361474601875,0.045584519511670085,0.03307470506245966,0.03208947013468641,0.00013032835039429214,41,0.004690071899131842,0.07142294510608391,0.06516417519714607,0.06516417519714607,0.0,0.0
2024-08-05,3.8962585099002176,-0.00828548155915454,0.09653799350302271,0.09120592292698354,0.06818814639606169,0.00031878813864609046,38,0.038409666115293284,0.07796651283795163,0.15939406932304523,0.15939406932304523,0.0,0.0
2024-08-06,3.9531827238715955,0.014609968467630186,0.0718794051509833,0.06923637823856152,0.03667386822672071,0.00021182049293056444,40,0.0,0.07138752289221255,0.10591024646528222,0.10591024646528222,0.0,0.0
2024-08-07,3.917906992258894,-0.008923374930201455,0.05460357673878274,0.047309995547574,0.03479537295725452,0.00016421073700965703,39,0.027101784972736964,0.062389458690599454,0.08210536850482851,0.08210536850482851,0.0,0.0
2024-08-08,4.03210796734739,0.029148465064162243,0.0953269272447822,0.05728002288936212,0.046951665824778846,0.00020846337742828195,38,0.11275085999488954,0.06329489076296442,0.10423168871414097,0.10423168871414097,0.0,0.0
2024-08-09,4.070219168953994,0.009451929837998918,0.1135383144843003,0.1523868361255776,0.045203424606065995,0.0003951805214632872,39,0.08216461753046722,0.06480727818899727,0.1975902607316436,0.1975902607316436,0.0,0.0
2024-08-12,4.074916104908851,0.0011539761766845569,0.07026352692307328,0.05913259074404331,0.03396061291868756,0.00018618640732546174,40,0.03462078032331284,0.06502438081122046,0.09309320366273087,0.09309320366273087,0.0,0.0
2024-08-13,4.1506225518722735,0.018578651686159242,0.034194728516313555,0.04963576468984495,0.011758039943849387,0.00012278760926738867,40,0.026989479002713646,0.06740978563632838,0.061393804633694336,0.061393804633694336,0.0,0.0
2024-08-14,4.151076479669844,0.00010936378625081566,0.013200924901456587,0.0,0.01847383443807565,3.69476688761513e-05,40,0.03491354592942131,0.06441763079287136,0.01847383443807565,0.01847383443807565,0.0,0.0
2024-08-15,4.226653796655055,0.018206679003712756,0.032526437190168865,0.0,0.03751968957818772,7.503937915637544e-05,40,0.006753494669222149,0.07056790506389218,0.03751968957818772,0.03751968957818772,0.0,0.0
2024-08-16,4.244688092125228,0.004266802141317028,0.06067998972812175,0.015640032664638235,0.08145891971374852,0.00019419790475677353,41,0.030984522408291304,0.08449890189557561,0.09709895237838675,0.09709895237838675,0.0,0.0
2024-08-19,4.2942342669941915,0.011672512512964417,0.03356057825065101,0.0274012068064856,0.015177692713946292,8.515779904086379e-05,39,0.05516667689082755,0.08410309505120335,0.042578899520431895,0.042578899520431895,0.0,0.0
2024-08-20,4.261865380254852,-0.007537755214737429,0.035899186490092716,0.037934011404000094,0.015650765919884083,0.00010716955464776835,37,0.0737933066150479,0.08519347354261732,0.053584777323884177,0.053584777323884177,0.0,0.0
2024-08-21,4.312435037563412,0.011865615827015175,0.024233631076876525,0.03823453656316542,0.010050670842278134,9.65704148108871e-05,36,0.07310298338813792,0.08438476131580869,0.04828520740544355,0.04828520740544355,0.0,0.0
2024-08-22,4.241332692284117,-0.016487748722000095,0.02753920092404743,0.025613897766435315,0.010980833182197364,7.318946189726536e-05,38,0.05583938194012961,0.08580500056812539,0.03659473094863268,0.03659473094863268,0.0,0.0
2024-08-23,4.287292614661838,0.01083619836315397,0.005562904359858036,0.00011947076611514624,0.009478588273618728,1.919611807946775e-05,37,0.056767471141460635,0.08430237436438835,0.009598059039733875,0.009598059039733875,0.0,0.0
2024-08-26,4.2733108701947025,-0.0032612060159644685,0.020595820430854554,0.0,0.03893442426751756,7.786884853503512e-05,37,0.05920598899720264,0.10017896543015767,0.03893442426751756,0.03893442426751756,0.0,0.0
2024-08-27,4.2802479317739435,0.0016233458762913155,0.017804730509273094,0.01335845094608348,0.012885237432564957,5.248737675729688e-05,36,0.06847270307826225,0.10165060998656607,0.026243688378648437,0.026243688378648437,0.0,0.0
2024-08-28,4.240827598073899,-0.009209824834540914,0.041367282955426375,0.021415091237842375,0.03897750922347106,0.00012078520092262687,36,0.04675887376460597,0.10281176492030554,0.060392600461313437,0.060392600461313437,0.0,0.0
2024-08-29,4.266182775975606,0.005978827791354391,0.05713735939540315,0.014532464179698987,0.06307723761129626,0.0001552194035819905,37,0.009808740288652085,0.1306844571805843,0.07760970179099524,0.07760970179099524,0.0,0.0
2024-08-30,4.343586169386816,0.018143478016716896,0.037092529649586606,0.0282042800501957,0.014452996687719797,8.5314553475831e-05,34,0.04116090762871816,0.12963513733884843,0.0426572767379155,0.0426572767379155,0.0,0.0
2024-09-03,4.213810040923654,-0.02987764566012563,0.0400991664291931,0.01940259154802886,0.025955755479639686,9.071669405533708e-05,33,0.07726471036483007,0.1361000956639322,0.04535834702766854,0.04535834702766854,0.0,0.0
2024-09-04,4.23615571489519,0.005302961869310563,0.09293739226031589,0.07743320299430094,0.03160120178868356,0.000218068809565969,37,0.0,0.13235320127388148,0.1090344047829845,0.1090344047829845,0.0,0.0
2024-09-05,4.22227672501413,-0.003276317211914237,0.04327762698324117,0.033169199343751066,0.039915725999715476,0.00014616985068693312,38,0.013470328623015781,0.1146946332912281,0.07308492534346656,0.07308492534346656,0.0,0.0
2024-09-06,4.164650361335711,-0.013648173114050643,0.02646256655728437,0.0178563635394543,0.023895082457568884,8.350289199404638e-05,39,0.0024818903797292347,0.11633529585207567,0.041751445997023184,0.041751445997023184,0.0,0.0
2024-09-09,4.195221702287878,0.007340674078186504,0.03346336099716727,0.03642171947499571,0.028041515774268028,0.0001289264704985275,40,1.1102230246251565e-16,0.11185477456107806,0.06446323524926374,0.06446323524926374,0.0,0.0
2024-09-10,4.174543466373296,-0.004928997173928695,0.04865296769817893,0.022710523109050383,0.04269658264405684,0.00013081421150621444,37,0.03189882964325075,0.10368198284018462,0.06540710575310722,0.06540710575310722,0.0,0.0
2024-09-11,4.214073327115539,0.009469265576143249,0.030445499456829467,0.014548001700580033,0.03329047808173166,9.56769595646234e-05,38,0.018544062109798976,0.08901936239778217,0.0478384797823117,0.0478384797823117,0.0,0.0
2024-09-12,4.245149534462211,0.007374386949251965,0.05814520236547452,0.009671048161197349,0.08821464829731149,0.00019577139291701765,40,1.1102230246251565e-16,0.13532494809096074,0.09788569645850882,0.09788569645850882,0.0,0.0
2024-09-13,4.295119722445552,0.011771125511052638,0.02294436835784838,0.021536390618640794,0.024352346097055853,9.177747343139329e-05,41,0.0,0.1338772078843026,0.04588873671569665,0.04588873671569665,0.0,0.0
2024-09-16,4.303082007756659,0.0018537982234809736,0.022011050634303714,0.014372550390149608,0.02964955087845782,8.804420253721486e-05,39,0.0,0.14383731067443875,0.04402210126860743,0.04402210126860743,0.0,0.0
2024-09-17,4.305058582228226,0.0004593392521927697,0.015423010679523851,0.011712911313192954,0.015858456140509767,5.514273490740544e-05,41,0.003274653905344982,0.14123106008874728,0.02757136745370272,0.02757136745370272,0.0,0.0
2024-09-18,4.28757541968922,-0.004061074246742957,0.030323736963634305,0.056313058602167024,0.0013637964435171072,0.00011535371009136827,41,0.0003170085794983457,0.14127006356054514,0.05767685504568413,0.05767685504568413,0.0,0.0
2024-09-19,4.3487689783124726,0.014272299057934257,0.030217494205596156,0.02049956729950197,0.022073266298240385,8.51456671954847e-05,38,0.018174676005131674,0.1497287255227212,0.04257283359774235,0.04257283359774235,0.0,0.0
2024-09-20,4.301897513978662,-0.010778099404121333,0.05536412681169402,0.06457696680065016,0.03301949846718596,0.0001951929305356722,37,0.031500900913527974,0.16741609923188722,0.09759646526783611,0.09759646526783611,0.0,0.0
2024-09-23,4.307312682510027,0.0012587860388977301,0.012207787054785335,0.011086547562335736,0.0043738781431869565,3.092085141104539e-05,39,0.02250517665683771,0.1677468582107113,0.015460425705522692,0.015460425705522692,0.0,0.0
2024-09-24,4.3519842977232575,0.010371110366475422,0.024510315062093932,0.022922162520483187,0.011246670087726481,6.833766521641934e-05,39,0.0371244441452423,0.16748772497688472,0.034168832608209666,0.034168832608209666,0.0,0.0
2024-09-25,4.336620110783172,-0.0035303865751821206,0.02908794703694251,0.025778170282004208,0.01684975132360128,8.525584321121097e-05,40,0.021704823371494153,0.16824552283359914,0.04262792160560549,0.04262792160560549,0.0,0.0
2024-09-26,4.3962454705560035,0.013749269765311212,0.013052722034609436,0.0,0.016969020893409757,3.3938041786819514e-05,40,0.012273295577740484,0.17435764960641612,0.016969020893409757,0.016969020893409757,0.0,0.0
2024-09-27,4.386111208187109,-0.002305208486825694,0.06806260598126437,0.0747787427293535,0.04904786232345875,0.0002476532101056245,42,0.0,0.16776554947100664,0.12382660505281225,0.12382660505281225,0.0,0.0
2024-09-30,4.360631740238656,-0.005809124926174469,0.022436244649166305,0.0,0.044378906844543334,8.875781368908667e-05,42,0.0004935824537892763,0.16842306535532295,0.044378906844543334,0.044378906844543334,0.0,0.0
2024-10-01,4.363360166893405,0.0006256952701535479,0.015333782888305118,0.009486496602977458,0.020687825127341818,6.034864346063856e-05,43,0.0,0.16581944005723326,0.030174321730319278,0.030174321730319278,0.0,0.0
2024-10-02,4.365110551616138,0.0004011552234477467,0.03972339853968093,0.04963138696482407,0.029815410114537793,0.00015889359415872372,42,0.0,0.16377410774270804,0.07944679707936186,0.07944679707936186,0.0,0.0
2024-10-03,4.369788391737861,0.001071642989658228,0.006210037801793822,0.0023832441473366824,0.010036831456250853,2.4840151207175066e-05,43,1.1102230246251565e-16,0.16388245630645465,0.012420075603587533,0.012420075603587533,0.0,0.0
2024-10-04,4.407651363467831,0.008664715161393222,0.022914359707296193,0.015965783539993023,0.015125696942842645,6.218296096567134e-05,42,0.014737238931756824,0.16345066403790975,0.03109148048283567,0.03109148048283567,0.0,0.0
2024-10-07,4.39090959984391,-0.003798341167063013,0.026521181345842818,0.026120913220553203,0.0041753256853387585,6.0592477811783925e-05,40,0.037538656838988604,0.16393582499211093,0.030296238905891962,0.030296238905891962,0.0,0.0
2024-10-08,4.400936947711883,0.0022836607404372877,0.011879337456270102,0.0,0.01187933745627011,2.375867491254022e-05,40,0.025572899311226527,0.16498746532466094,0.01187933745627011,0.01187933745627011,0.0,0.0
2024-10-09,4.45301571128463,0.011833562759817173,0.061773046244656356,0.08700855406298386,0.010439125281868068,0.00019489535868970388,38,0.05136730737060702,0.16322124207372737,0.09744767934485193,0.09744767934485193,0.0,0.0
2024-10-10,4.462450283333816,0.0021186927378848974,0.05366688528714092,0.07060080856577942,0.010827665287692717,0.0001628569477069443,37,0.07715565480703512,0.16156679203936433,0.08142847385347214,0.08142847385347214,0.0,0.0
2024-10-11,4.4869427808222,0.005488575991503319,0.03479843474550197,0.05984015833203635,0.007563644040190165,0.00013480760474445303,36,0.07891721444381872,0.16201861294052164,0.06740380237222651,0.06740380237222651,0.0,0.0
2024-10-14,4.50613601122386,0.0042775741388310085,0.03674680103267392,0.05706003757750643,0.011631194643030453,0.00013738246444107378,36,0.08337265223917179,0.16276917777177705,0.06869123222053689,0.06869123222053689,0.0,0.0
2024-10-15,4.45005442594002,-0.012445604203723981,0.007233995540759902,0.004333892416222863,0.003993561209928834,1.6654907252303398e-05,35,0.09056248325427085,0.16675821372044772,0.008327453626151698,0.008327453626151698,0.0,0.0
2024-10-16,4.4554411067811674,0.0012104752718860023,0.0631596985376077,0.05947629428684641,0.006161939251365718,0.00013127646707642424,36,0.02975995425776401,0.16734890496535645,0.06563823353821212,0.06563823353821212,0.0,0.0
2024-10-17,4.47391763741429,0.004146958783722177,0.021627674370118907,0.0001924712773641734,0.026613422292852646,5.361178714043363e-05,37,0.04608491690510008,0.1451924629207342,0.026805893570216816,0.026805893570216816,0.0,0.0
2024-10-18,4.493467316826953,0.004369700338060278,0.03685067263841394,0.028405605129082256,0.013387507900102673,8.358622605836985e-05,35,0.07778881270054527,0.14387584536421874,0.041793113029184925,0.041793113029184925,0.0,0.0
2024-10-21,4.4728249083282146,-0.004593870844778913,0.035629181917768926,0.026706546888599452,0.008922635029169488,7.125836383553788e-05,36,0.04251306306020852,0.14333685583661795,0.03562918191776894,0.03562918191776894,0.0,0.0
2024-10-22,4.410205341663476,-0.014000004012708844,0.061725662505732214,0.06172566250573221,0.04646583908062575,0.00021638300317271592,34,0.0583671906958233,0.1388299342525793,0.10819150158635796,0.10819150158635796,0.0,0.0
2024-10-23,4.3589572128466125,-0.011620349812903052,0.03980113284310485,0.02935215943783725,0.010448973405267622,7.960226568620973e-05,35,0.019247578372422858,0.1395741349761891,0.03980113284310487,0.03980113284310487,0.0,0.0
2024-10-24,4.379450499748107,0.004701419605839918,0.1927460393682693,0.20147596632431192,0.01157672908941525,0.00042610539082745436,32,0.19158873107934782,0.06726070609250384,0.21305269541372718,0.21305269541372718,0.0,0.0
2024-10-25,4.399060652589,0.0044777656105534636,0.06605349138155475,0.06745002325347968,0.020913146452366707,0.0001767263394116928,33,0.1469571450548346,0.06701062582503027,0.0883631697058464,0.0883631697058464,0.0,0.0
2024-10-28,4.415919157415902,0.003832296519253653,0.054376188594332395,0.0788655768412095,0.00427807766885897,0.00016628730902013694,33,0.17198049060848375,0.06969707946443895,0.08314365451006847,0.08314365451006847,0.0,0.0
2024-10-29,4.402691562102171,-0.0029954342102295195,0.024957280154554066,0.0249572801545541,0.01711851788685159,8.415159608281138e-05,32,0.18032144095983282,0.06964981325524201,0.04207579804140569,0.04207579804140569,0.0,0.0
2024-10-30,4.372864608270385,-0.006774708927723361,0.2369679091672683,0.26996676921695034,0.025104429260721685,0.0005901423969553441,34,0.0025796378078631887,0.16693376406991567,0.29507119847767205,0.29507119847767205,0.0,0.0
2024-10-31,4.3241965481526865,-0.011129560248824721,0.07255619312600203,0.12432312753218075,0.018181331043540618,0.00028500891715144274,35,0.0,0.16632327189394724,0.14250445857572136,0.14250445857572136,0.0,0.0
2024-11-01,4.319972608255406,-0.000976814964408823,0.044507610600976674,0.059120279836153755,0.02638099444993012,0.00017100254857216774,35,0.0035139469158694814,0.16551192256439215,0.08550127428608387,0.08550127428608387,0.0,0.0
2024-11-04,4.3470945596168535,0.006278269290323157,0.037271473317632725,0.03678981392459034,0.006462973027894919,8.650557390497052e-05,34,0.03478188065808541,0.16603857954094908,0.04325278695248526,0.04325278695248526,0.0,0.0
2024-11-05,4.408052103349901,0.014022594378167774,0.007781642062855344,0.0,0.0077816420628553234,1.5563284125710647e-05,34,0.026518717249279455,0.16441466754763712,0.0077816420628553234,0.0077816420628553234,0.0,0.0
2024-11-06,4.5788091207215835,0.03873752246302087,0.03141465977200413,0.02533135925208505,0.016099881728652246,8.28624819614746e-05,33,0.046925720791573866,0.16804949819348947,0.0414312409807373,0.0414312409807373,0.0,0.0
2024-11-07,4.579369914655812,0.00012247593630632103,0.17171538670579842,0.11936498661487645,0.13474078354442742,0.0005082115403186077,31,0.13622113220372034,0.1251657838213126,0.25410577015930386,0.25410577015930386,0.0,0.0
2024-11-08,4.566149612180622,-0.0028869260884297754,0.04606919911294086,0.0323725734452512,0.04718923079550619,0.00015912360848151477,33,0.12401719840325187,0.11661396200445093,0.07956180424075739,0.07956180424075739,0.0,0.0
2024-11-11,4.561553210477296,-0.001006625295646213,0.01936775985785754,0.003974882008810184,0.020003750722772152,4.7957265463164676e-05,32,0.10937932254202798,0.11712706206675752,0.023978632731582336,0.023978632731582336,0.0,0.0
2024-11-12,4.5554533576042875,-0.0013372315506476884,0.18012588310971647,0.17200637686829154,0.040564531193506205,0.0004251418161235955,29,0.25716007804280205,0.0488000898077465,0.21257090806179774,0.21257090806179774,0.0,0.0
2024-11-13,4.556547947061682,0.0002402811249437864,0.056269097728775266,0.022828693249270626,0.05626909772877528,0.0001581955819560918,27,0.22361722587849775,0.06579312592970629,0.0790977909780459,0.0790977909780459,0.0,0.0
2024-11-14,4.555180023276123,-0.0003002105544485101,0.028882420374584578,0.02888242037458458,0.014387060960069,8.653896266930716e-05,26,0.2381603802901786,0.06856354824914287,0.04326948133465358,0.04326948133465358,0.0,0.0
2024-11-15,4.506596624465583,-0.010665527720592372,0.1410468556867669,0.13918550016413905,0.0029873601260063457,0.0002843457205802908,28,0.1007385690383732,0.07763565694527705,0.1421728602901454,0.1421728602901454,0.0,0.0
2024-11-18,4.587263604338141,0.017899755978742382,0.0010327802233760057,0.0,0.0010327802233759745,2.065560446751949e-06,28,0.09999965821413304,0.07712885135223452,0.0010327802233759745,0.0010327802233759745,0.0,0.0
2024-11-19,4.608017336746703,0.004524207501163557,0.013825322585059481,0.010905246271603443,0.008391962047144454,3.85944166374958e-05,29,0.09119199773243858,0.07597132180921695,0.0192972083187479,0.0192972083187479,0.0,0.0
2024-11-20,4.627832354537286,0.0043001178907398074,0.0016120001085153744,0.0,0.003073595714880018,6.147191429760036e-06,29,0.09095138673174019,0.07529885374040646,0.003073595714880018,0.003073595714880018,0.0,0.0
2024-11-21,4.666994855409758,0.008462385383099624,0.025131214504225216,0.027425546741707798,0.0025658776940803638,5.9982848871576326e-05,29,0.06991176528236431,0.07497503802911205,0.02999142443578816,0.02999142443578816,0.0,0.0
2024-11-22,4.749333121280798,0.017642673373765794,0.004941427816702069,0.0002667679289075064,0.0049414278167021,1.0416391491219213e-05,30,0.07337366287110392,0.07413510640947511,0.005208195745609607,0.005208195745609607,0.0,0.0
2024-11-25,4.764936627834341,0.0032854100049597434,0.018867909613671668,0.011199294094361276,0.007668615519310404,3.7735819227343356e-05,29,0.09199853956618242,0.07399667642728167,0.018867909613671678,0.018867909613671678,0.0,0.0
2024-11-26,4.742213458215824,-0.00476882934513323,0.023256917686070886,0.023256917686070886,0.00981843627671284,6.615070792556745e-05,31,0.07899477079387685,0.07423869521124056,0.03307535396278372,0.03307535396278372,0.0,0.0
2024-11-27,4.715193206799312,-0.0056978142495250905,0.021272809550332318,0.018084528937629057,0.008062160971769847,5.229337981879781e-05,30,0.09584222220857297,0.07225457936851404,0.026146689909398904,0.026146689909398904,0.0,0.0
2024-11-29,4.717970603243777,0.000589031312748789,0.03545013950052181,0.019899994034938983,0.01893355975034567,7.76671075705693e-05,29,0.12784508718186804,0.07186556068357182,0.03883355378528465,0.03883355378528465,0.0,0.0
2024-12-02,4.7168001318809685,-0.0002480878880432025,0.10830277321498985,0.10830277321498988,0.002214026801897419,0.0002210336000337746,34,0.021759800384873684,0.07108198223329322,0.1105168000168873,0.1105168000168873,0.0,0.0
2024-12-03,4.697751054715628,-0.0040385593268171815,0.22777937193035688,0.2946021783235778,0.13912748284847032,0.0008674593223440962,31,0.0,0.22777937193035686,0.4337296611720481,0.4337296611720481,0.0,0.0
2024-12-04,4.677659582801505,-0.004276827716095055,0.0638572698075322,0.06141538577865771,0.002928954039169436,0.0001286886796356543,28,0.06337019979723724,0.2282265906307148,0.06434433981782715,0.06434433981782715,0.0,0.0
2024-12-05,4.6824452650269714,0.0010230933099668604,0.030261643466146536,0.05619250985187216,0.0,0.00011238501970374432,27,0.06762909493098024,0.22812261609967024,0.05619250985187216,0.05619250985187216,0.0,0.0
2024-12-06,4.675441825918694,-0.0014956798663694482,3.469446951953614e-17,0.0,0.0,0.0,27,0.06773039792349567,0.22830918659641686,0.0,0.0,0.0,0.0
2024-12-09,4.710529262245936,0.007504624725032993,3.469446951953614e-17,0.0,0.0,0.0,27,0.06722589282603109,0.22697085716698015,0.0,0.0,0.0,0.0
2024-12-10,4.686515859661747,-0.005097814119668587,0.04187188117810316,0.041871881178103185,0.0024428485531852485,8.862945946257687e-05,26,0.10699339783134165,0.22856876418812433,0.04431472973128843,0.04431472973128843,0.0,0.0
2024-12-11,4.737988568562576,0.010983150477281045,0.010113725240298771,0.010113725240298804,0.0026026381708420046,2.5432726822281617e-05,27,0.09831726095689064,0.2259898374223313,0.012716363411140809,0.012716363411140809,0.0,0.0
2024-12-12,4.695244322922812,-0.009021601682068225,0.045041898260574226,0.04052382020058509,0.00600337132287581,9.305438304692181e-05,26,0.14275968780120352,0.22875274149871583,0.0465271915234609,0.0465271915234609,0.0,0.0
2024-12-13,4.673422141426115,-0.004647720117600285,6.717194866866401e-05,0.0,6.717194866867962e-05,1.3434389733735925e-07,26,0.1433591018517768,0.23134394913681594,6.717194866867962e-05,6.717194866867962e-05,0.0,0.0
2024-12-16,4.653253054384787,-0.00431569980861457,0.0012056248261243605,0.0,0.0012056248261243692,2.4112496522487384e-06,26,0.14277450637574018,0.232252851072867,0.0012056248261243692,0.0012056248261243692,0.0,0.0
2024-12-17,4.645414612848505,-0.0016845079011758024,0.21664374796789648,0.02605067159120167,0.2643044578887928,0.0005807102589599892,24,0.0,0.4486865120415915,0.2903551294799946,0.2903551294799946,0.0,0.0
2024-12-18,4.51852323224096,-0.02731540479865524,0.009569095176573339,0.0,0.019138190353146567,3.8276380706293134e-05,24,1.1102230246251565e-16,0.47065255942313244,0.019138190353146567,0.019138190353146567,0.0,0.0
2024-12-19,4.504239353242396,-0.003161183037998727,0.03203119197822188,0.029624148867200332,0.004910781848524615,6.90698614314499e-05,23,0.029527453240718926,0.474236092762618,0.03453493071572494,0.03453493071572494,0.0,0.0
2024-12-20,4.529919540533987,0.005701337179851329,0.01258631477161115,0.0,0.012740323139759393,2.5480646279518786e-05,23,0.016927007112938486,0.4845019130439626,0.012740323139759393,0.012740323139759393,0.0,0.0
2024-12-23,4.538761266738927,0.001951850607019301,0.00634680552224661,0.0,0.006346805522246512,1.2693611044493025e-05,23,0.023240623561346263,0.4839412840091979,0.006346805522246512,0.006346805522246512,0.0,0.0
2024-12-24,4.558894041627477,0.004435742200429749,0.49408450501770707,0.494084505017707,0.45748126837305825,0.0019031315467815306,1,0.05969719141239049,0.9403028085876095,0.9515657733907653,0.9515657733907653,0.0,0.0
2024-12-26,4.562329008890576,0.0007534650359790618,4.85722573273506e-17,0.0,0.0,0.0,1,0.059652245531065295,0.9403477544689347,0.0,0.0,0.0,0.0
2024-12-27,4.562329008890576,0.0,0.0,0.0,0.0,0.0,1,0.059652245531065295,0.9403477544689347,0.0,0.0,0.0,0.0
2024-12-30,4.562329008890576,0.0,0.0,0.0,0.0,0.0,1,0.059652245531065295,0.9403477544689347,0.0,0.0,0.0,0.0
2024-12-31,4.562329008890576,0.0,0.0,0.0,0.0,0.0,1,0.059652245531065295,0.9403477544689347,0.0,0.0,0.0,0.0
