date,nav,net_return,turnover,cost_fraction,holdings,cash_weight,max_name_weight,requested,executed,blocked,deviation,blocked_names
2019-01-02,1.0,0.0,0.0,0.0,0,1.0,0.0,0.0,0.0,0.0,0.0,0
2019-01-03,0.9982714397639335,-0.0017285602360664898,0.8642801180332295,0.001728560236066459,104,0.13571988196677054,0.053580201212715485,1.0,0.8642801180332295,0.13571988196677048,0.13571988196677048,15
2019-01-04,1.0306459768479175,0.03243059532148873,0.2024040302067482,0.0007215122523783162,107,0.08730988227317538,0.05733004797871685,0.44806600846233346,0.3607561261891581,0.08730988227317535,0.08730988227317535,14
2019-01-07,1.0478441451604505,0.01668678547131308,0.16466132352067694,0.0005442373476175838,107,0.14303410914209225,0.05639540166203464,0.4151527829508843,0.2721186738087919,0.14303410914209239,0.14303410914209239,15
2019-01-08,1.0561525317910188,0.007929029015375066,0.12496787364064181,0.0004643383121815434,104,0.1596096067299403,0.05470574789424816,0.39177876282071217,0.23216915609077168,0.15960960672994046,0.15960960672994046,14
2019-01-09,1.0668586675265077,0.01013692190590465,0.15743995975923164,0.0006236415749287363,102,0.15485022071212717,0.050177904624868576,0.46667100817649526,0.31182078746436814,0.15485022071212712,0.15485022071212712,14
2019-01-10,1.072708164727013,0.005482916696048612,0.17979408946527092,0.0006540113365453699,109,0.1864876087382995,0.053402630188550834,0.5134932770109845,0.32700566827268496,0.18648760873829956,0.18648760873829956,14
2019-01-11,1.0728490586324892,0.0001313441158641293,0.10359827584168306,0.0004129752438798474,113,0.18709504299678803,0.05302385332745684,0.3935826649367116,0.2064876219399237,0.18709504299678795,0.18709504299678795,14
2019-01-14,1.0666567610502258,-0.005771825526096341,0.10380281602377017,0.0003919039202619851,112,0.17645377114091598,0.05254077011886544,0.37240573127190857,0.19595196013099253,0.17645377114091604,0.17645377114091604,13
2019-01-15,1.0749140081583226,0.007741241052995118,0.17509605751090707,0.0006180104023069949,110,0.1338031666116296,0.05562702283438117,0.442808367765127,0.30900520115349744,0.13380316661162955,0.13380316661162955,11
2019-01-16,1.0718671448087556,-0.0028345182279160275,0.17474500481694413,0.0006548795484634023,109,0.11204540278282837,0.04818448578954719,0.43948517701452966,0.3274397742317012,0.11204540278282851,0.11204540278282851,11
2019-01-17,1.0802247932041646,0.00779728013484382,0.08739274595417765,0.00032186063830513725,111,0.09728755603088224,0.04946691192723453,0.25821787518345085,0.1609303191525686,0.09728755603088222,0.09728755603088222,10
2019-01-18,1.0903558808800977,0.009378684640150015,0.16687239209904026,0.0006425620522697139,112,0.08385791408886878,0.04966442242916568,0.40513894022372554,0.32128102613485693,0.08385791408886858,0.08385791408886858,9
2019-01-22,1.0739931281279025,-0.015006800109142127,0.18092562722228245,0.0006772297117371509,111,0.061841471024703276,0.05515241776619942,0.4004563268932788,0.3386148558685754,0.06184147102470339,0.06184147102470339,8
2019-01-23,1.0732201949060005,-0.0007196817201701178,0.16877659700609673,0.0006084206421184588,113,0.09519122948177328,0.05311086566095341,0.3994015505410027,0.3042103210592294,0.09519122948177329,0.09519122948177329,10
2019-01-24,1.0844485730693667,0.010462324709003212,0.16782447297857778,0.0006667850145970284,110,0.09188636614492118,0.054351056487276346,0.4252788734434355,0.33339250729851416,0.09188636614492138,0.09188636614492138,9
2019-01-25,1.0971281935106663,0.011692228434043495,0.160614722537295,0.0006219799277478168,107,0.10100741643695799,0.04988864700957106,0.4119973803108664,0.31098996387390837,0.10100741643695807,0.10100741643695807,9
2019-01-28,1.0862222501954866,-0.009940445774419548,0.28228244409814446,0.0009955195971259193,106,0.03511490209218748,0.043302488619075805,0.5328747006551472,0.49775979856295965,0.03511490209218752,0.03511490209218752,6
2019-01-29,1.083355416333042,-0.00263927005907727,0.2371964397458454,0.0008984452810803105,112,0.010005953794879563,0.04260753909094472,0.4592285943350349,0.44922264054015526,0.010005953794879587,0.010005953794879587,3
2019-01-30,1.1042119561801544,0.019251798193530956,0.11673532470839373,0.0004560542217187801,115,0.0043689440451695205,0.03708512976493863,0.2323960549045597,0.22802711085939006,0.004368944045169641,0.004368944045169641,2
2019-01-31,1.1187881210806447,0.01320051355983698,0.15602005266818972,0.0006238982267841468,114,0.004218340917544028,0.037350947592004545,0.31616745430961746,0.3119491133920734,0.004218340917544062,0.004218340917544062,2
2019-02-01,1.1240794930776068,0.004729556827838932,0.1614655331877522,0.0006369882815722894,109,0.008632735153399684,0.04925293365868809,0.3271268759395444,0.3184941407861447,0.008632735153399722,0.008632735153399722,4
2019-02-04,1.1312081645686862,0.006341785910142228,0.14504991308263057,0.0005753023854454512,107,0.006124764622685408,0.04932405915666639,0.29377595734541073,0.2876511927227256,0.0061247646226851435,0.0061247646226851435,3
2019-02-05,1.1373956417109672,0.005469795335715455,0.09670256173005512,0.00038556110316216965,109,0.0054645251580831555,0.04681536876203885,0.19824507673916802,0.1927805515810848,0.005464525158083211,0.005464525158083211,3
2019-02-06,1.1282445828708254,-0.008045625026640635,0.1221546923398443,0.0004844363562712065,108,0.0075973851357907796,0.05071322561329895,0.2498155632713941,0.24221817813560323,0.0075973851357908784,0.0075973851357908784,3
2019-02-07,1.1222295344271955,-0.005331333768361257,0.1464077522534339,0.0005743538995874389,111,0.013272274167464682,0.03826461968190873,0.3004492239611839,0.28717694979371944,0.013272274167464463,0.013272274167464463,5
2019-02-08,1.1262887834362587,0.0036171290137494427,0.16764034532578942,0.00066939716422068,107,0.013797695801898824,0.049311414649422736,0.3484962779122388,0.33469858211034,0.013797695801898791,0.013797695801898791,5
2019-02-11,1.1277363268122162,0.0012852328792098966,0.09025722403414561,0.00035107740767878655,114,0.008799403241282144,0.049885436382275786,0.1843381070806756,0.17553870383939327,0.00879940324128235,0.00879940324128235,2
2019-02-12,1.1409928927209552,0.011755022511522162,0.2041965039598454,0.000812228526253393,113,0.006411358956755486,0.06160170343486012,0.4125256220834519,0.40611426312669646,0.006411358956755457,0.006411358956755457,1
2019-02-13,1.143055477569124,0.0018077105136475868,0.10734264452141933,0.0004165763301095175,113,0.0,0.04805529063247393,0.20828816505475875,0.20828816505475875,0.0,0.0,0
2019-02-14,1.1483399715270033,0.004623129901899059,0.1273021015877777,0.0005015635750867928,111,0.0038224156321590153,0.06014861097147365,0.2546042031755555,0.25078178754339636,0.0038224156321591146,0.0038224156321591146,2
2019-02-15,1.1593910096287998,0.009623489886101844,0.2236900166840056,0.0008886420516882903,111,0.0007236093735677462,0.04856077578983428,0.4450446352177128,0.4443210258441451,0.0007236093735676945,0.0007236093735676945,1
2019-02-19,1.1615331417434853,0.001847635609466547,0.104170762990267,0.00041354462441020844,111,0.0022911899553317294,0.05563324287314991,0.20906350216043587,0.20677231220510423,0.0022911899553316566,0.0022911899553316566,2
2019-02-20,1.1636891348041214,0.0018561614672483184,0.13560240323413716,0.0005415564899257352,111,0.0018591450007927612,0.04476801400480523,0.27263738996366044,0.27077824496286756,0.0018591450007928707,0.0018591450007928707,2
2019-02-21,1.1596082742852412,-0.0035068304728712585,0.12888210298380598,0.0005080592608099079,112,0.005599315333869592,0.03975039744787121,0.25962894573882356,0.25402963040495397,0.005599315333869606,0.005599315333869606,3
2019-02-22,1.171586395332006,0.01032945462048196,0.10166258662002098,0.00040087695611594785,112,0.0026531519161091532,0.04292349840271358,0.20309162997408303,0.20043847805797393,0.0026531519161090925,0.0026531519161090925,3
2019-02-25,1.1715242159713102,-5.307279168109691e-05,0.09637526220154738,0.0003749592040368566,112,0.007923220241896622,0.04229138869659124,0.1954028222603248,0.18747960201842828,0.007923220241896487,0.007923220241896487,1
2019-02-26,1.169279960437791,-0.0019156714841429556,0.4538448126921242,0.0017458047852901858,105,0.04271180145555298,0.07532614230283559,0.9156141941006459,0.872902392645093,0.04271180145555302,0.04271180145555302,5
2019-02-27,1.168769612398627,-0.0004364635129578964,0.12359722746039367,0.00048711453253413953,105,0.04634682576832305,0.07402143446108385,0.28990409203539275,0.24355726626706975,0.04634682576832302,0.04634682576832302,5
2019-02-28,1.1633613747806664,-0.004627291435872927,0.3299816078051747,0.001237883074938086,106,0.005482966218394836,0.07607308684733533,0.6244245036874378,0.618941537469043,0.005482966218394825,0.005482966218394825,3
2019-03-01,1.1652192695677472,0.0015970057347238775,0.3035617442096356,0.0011801623828545092,107,0.022510060370462548,0.05941024704207161,0.6125912517977171,0.5900811914272546,0.022510060370462572,0.022510060370462572,4
2019-03-04,1.1587088971243797,-0.005587250926413656,0.14211712736546936,0.0005618983283751894,109,0.0193387264040229,0.07505479840887165,0.3002878905916177,0.2809491641875947,0.019338726404023045,0.019338726404023045,4
2019-03-05,1.1560112073401865,-0.0023281859584303177,0.15428281864090237,0.000615208123638092,107,0.01841035505630173,0.05107142898019449,0.32601441687534777,0.307604061819046,0.018410355056301793,0.018410355056301793,5
2019-03-06,1.1459193257476044,-0.008729916741726074,0.13123887736149256,0.0005187677957432137,104,0.021656713400531324,0.0543515058808631,0.281040611272138,0.2593838978716068,0.0216567134005312,0.0216567134005312,6
2019-03-07,1.1371284903997672,-0.007671426033505457,0.1073249222887889,0.0004197776039209178,111,0.017053931742374018,0.0528848739794527,0.22694273370283288,0.2098888019604589,0.017053931742373976,0.017053931742373976,5
2019-03-08,1.1331379657349914,-0.0035092996952110767,0.1240062708978509,0.00048714164320441905,107,0.021547373118129043,0.05317932424083233,0.26511819472033865,0.24357082160220953,0.021547373118129116,0.021547373118129116,5
2019-03-11,1.1521170222345212,0.016749113588493403,0.13963301018926202,0.0005451477468666767,106,0.014488718942383572,0.06184903519450763,0.2870625923757222,0.2725738734333384,0.014488718942383783,0.014488718942383783,3
2019-03-12,1.156243393568206,0.0035815557396086106,0.14389255921361535,0.0005640915571623245,104,0.020168208028766732,0.053266388286579376,0.3022139866099291,0.28204577858116225,0.02016820802876683,0.02016820802876683,4
2019-03-13,1.166675572744877,0.009022476785339295,0.1656680721057203,0.0006572558780917757,105,0.02268293597601123,0.052325025646728536,0.3513108750218991,0.32862793904588783,0.022682935976011308,0.022682935976011308,4
2019-03-14,1.1664822956811707,-0.00016566478995660994,0.0848540001586076,0.0003180127534038349,110,0.033381103319625516,0.05316634609324243,0.19238748002154296,0.15900637670191745,0.0333811033196255,0.0333811033196255,6
2019-03-15,1.1739776247110116,0.006425583189382245,0.11483233992363603,0.00045554167234811106,108,0.03125902663663516,0.04775752307308127,0.25902986281069074,0.22777083617405552,0.031259026636635184,0.031259026636635184,5
2019-03-18,1.1770711546724604,0.002635084260835141,0.12802034490513975,0.0005000628515438291,110,0.025152018515069763,0.06295913563441885,0.2751834442869842,0.2500314257719145,0.025152018515069728,0.025152018515069728,3
2019-03-19,1.1795345737003615,0.0020928378187863306,0.1373892923352058,0.0005362156292405311,108,0.03175680066618458,0.06433444043930246,0.2998646152864501,0.26810781462026556,0.031756800666184526,0.031756800666184526,5
2019-03-20,1.178323427254652,-0.0010268002928562892,0.19145097997726168,0.0007501853745672726,112,0.03957486677099353,0.06313577246118095,0.41466755405463007,0.3750926872836363,0.03957486677099377,0.03957486677099377,3
2019-03-21,1.1971023777662486,0.01593700853028901,0.12564309500787005,0.00047751050383099065,106,0.026404516582764104,0.06294787640230286,0.26515976849825945,0.23875525191549532,0.02640451658276411,0.02640451658276411,4
2019-03-22,1.1720861181961038,-0.02089734348103489,0.10120945059253672,0.00039991012254046547,106,0.02942113287443815,0.06566660635594569,0.22937619414467103,0.19995506127023274,0.029421132874438285,0.029421132874438285,4
2019-03-25,1.1729118644663876,0.0007045098968962993,0.1797889572177362,0.0007057591886117596,105,0.036077990500621326,0.08254183623297871,0.3889575848065012,0.3528795943058798,0.03607799050062145,0.03607799050062145,4
2019-03-26,1.1822942539717267,0.007999228066132291,0.162701547971874,0.0006444586437079283,106,0.032594844301886305,0.07983681305476555,0.3548241661558503,0.32222932185396413,0.032594844301886146,0.032594844301886146,5
2019-03-27,1.1700765373779978,-0.010333905077086758,0.1242858824721517,0.0004879483043715786,100,0.028321510034528097,0.08064976146084189,0.2722956622203172,0.2439741521857893,0.028321510034527906,0.028321510034527906,4
2019-03-28,1.1754977277671073,0.00463319297151088,0.08391403837855939,0.0003319509148990854,100,0.026328918871168616,0.07841803793585883,0.19230437632071148,0.1659754574495427,0.026328918871168783,0.026328918871168783,4
2019-03-29,1.1859078505960199,0.00885592764920684,0.10690498577504644,0.0004168213754762759,100,0.02068763672219398,0.07765357084204977,0.22909832446033204,0.20841068773813795,0.020687636722194105,0.020687636722194105,4
2019-04-01,1.19872107977435,0.0108045740416427,0.10328852566505786,0.0004045542521392834,105,0.02475815030402173,0.07689246417736821,0.2270352763736636,0.2022771260696417,0.024758150304021915,0.024758150304021915,5
2019-04-02,1.1995893708946597,0.0007243479195955249,0.12585166586458035,0.0004934910677159681,108,0.029685818558829347,0.07494816927630907,0.2764313524168134,0.24674553385798406,0.029685818558829326,0.029685818558829326,5
2019-04-03,1.207339430769238,0.006460593985422092,0.1230212006599704,0.00047046007804111374,106,0.018669023006341434,0.054576322504727215,0.25389906202689844,0.23523003902055686,0.018669023006341587,0.018669023006341587,4
2019-04-04,1.1944447163058878,-0.010680272783880285,0.10905461020529784,0.0004285505749393457,108,0.01502854586389124,0.05574499393616634,0.22930383333356402,0.21427528746967284,0.01502854586389118,0.01502854586389118,4
2019-04-05,1.2009635330512556,0.00545761277719814,0.11094316270576307,0.00044215216327437245,107,0.014130118473586473,0.04561373001314585,0.23520620011077256,0.22107608163718623,0.014130118473586346,0.014130118473586346,4
2019-04-08,1.2026826009605587,0.0014314072509225007,0.10891711806230077,0.00043064145359641406,102,0.01661735443906187,0.0539691198846,0.2319380812372688,0.21532072679820702,0.01661735443906179,0.01661735443906179,4
2019-04-09,1.2006945233854216,-0.0016530359494261182,0.0857691506873338,0.00031952510847410684,106,0.004863803414713264,0.0529530217577196,0.1646263576517666,0.1597625542370534,0.004863803414713217,0.004863803414713217,1
2019-04-10,1.2091921957447538,0.007077297508922165,0.08875512027708177,0.0003514044735533493,111,0.0066359293641956585,0.04965423662112379,0.18233816614087014,0.17570223677667465,0.00663592936419549,0.00663592936419549,2
2019-04-11,1.2077794849741883,-0.001168309533866485,0.08690017856587644,0.0003344537736941445,108,0.013214939529095582,0.05041204894473901,0.1804418263761679,0.16722688684707226,0.013214939529095622,0.013214939529095622,3
2019-04-12,1.2142359010469792,0.0053456911241780425,0.1351055561003883,0.0005333120987496829,106,0.009582599133098446,0.06507290781820449,0.27623864850793994,0.26665604937484144,0.009582599133098509,0.009582599133098509,2
2019-04-15,1.2141013569049253,-0.0001108056037034677,0.10722281013465232,0.0004247029741249003,107,0.011673724053948287,0.06686517313778184,0.2240252111163984,0.21235148706245016,0.011673724053948252,0.011673724053948252,2
2019-04-16,1.2107638526841547,-0.0027489502435602553,0.09143658524555409,0.0003605580881022764,101,0.00910755590087331,0.06888128807468591,0.1893865999520114,0.1802790440511382,0.009107555900873178,0.009107555900873178,2
2019-04-17,1.194907971262766,-0.013095767094663091,0.13872351970451777,0.0005546331895387837,105,0.009353735253463835,0.07350135657565933,0.2866703300228556,0.2773165947693918,0.009353735253463792,0.009353735253463792,3
2019-04-18,1.1937789693994592,-0.00094484419759433,0.09547079410693342,0.00038031282466567565,109,0.010144196605444078,0.07068076300738643,0.2003006089382818,0.1901564123328378,0.010144196605444,0.010144196605444,3
2019-04-22,1.1955587476068579,0.0014908775016317932,0.10901603406490523,0.0004345408243211429,106,0.009363037890363857,0.07503371518311308,0.22663345005093535,0.21727041216057144,0.009363037890363905,0.009363037890363905,3
2019-04-23,1.207998456561626,0.010404933241188408,0.14739369792419588,0.0005880845956860443,104,0.0100062677840983,0.07072576076029369,0.3040485656271205,0.29404229784302216,0.010006267784098386,0.010006267784098386,3
2019-04-24,1.2083093345181715,0.0002573496305866563,0.1127928418228315,0.0004491049536735371,106,0.011032407437975067,0.06920045727492005,0.23558488427474375,0.22455247683676854,0.01103240743797521,0.01103240743797521,3
2019-04-25,1.2084108014195798,8.397427588269224e-05,0.10416237976741455,0.00041199446711747773,103,0.013354462144261947,0.06756904460467655,0.21935169570300078,0.20599723355873886,0.013354462144261925,0.013354462144261925,4
2019-04-26,1.2106296690656448,0.001836186538103135,0.1227271654030432,0.00048803880887086725,105,0.011888553882729247,0.07087290397671826,0.25590795831816276,0.24401940443543363,0.011888553882729108,0.011888553882729108,4
2019-04-29,1.209844353844698,-0.0006486832769867501,0.1272173068866233,0.0005017178835703255,103,0.008314630234762865,0.06652347925120612,0.25917357201992564,0.2508589417851627,0.008314630234762912,0.008314630234762912,3
2019-04-30,1.2184234723572174,0.0070910927387117795,0.11770862017843976,0.0004696541149478467,105,0.0088423909447497,0.06539454149482028,0.2436694484186729,0.23482705747392335,0.00884239094474958,0.00884239094474958,3
2019-05-01,1.2062704431641782,-0.009974388600317519,0.12700147806577286,0.0005066324657476484,107,0.009613675248314357,0.06855079241916423,0.2629299081221384,0.25331623287382415,0.009613675248314245,0.009613675248314245,4
2019-05-02,1.2097973761624183,0.0029238327260914243,0.13241071964659956,0.0005225512497887445,106,0.006034825024388901,0.053853383531865064,0.267310449918761,0.2612756248943722,0.006034825024388827,0.006034825024388827,4
2019-05-03,1.2126679680435584,0.0023727873259618004,0.09907733983908619,0.00039346700334932336,103,0.007439348684264768,0.05465377326795974,0.20417285035892652,0.19673350167466166,0.007439348684264848,0.007439348684264848,4
2019-05-06,1.2019290671253742,-0.008855598730384218,0.13135895064827016,0.0005245412000189401,99,0.007949181366152636,0.05140067093681507,0.2702197813756226,0.26227060000947006,0.007949181366152556,0.007949181366152556,5
2019-05-07,1.1756718503745573,-0.021845895460050446,0.17015442304383424,0.0006695864678042487,101,0.013636887417135535,0.06264243818032018,0.34843012131925977,0.33479323390212434,0.013636887417135441,0.013636887417135441,6
2019-05-08,1.174279537151321,-0.0011842702730295862,0.107630506505497,0.00042685456724694457,103,0.015480957843950427,0.048038416552237534,0.22890824146742292,0.21342728362347227,0.015480957843950654,0.015480957843950654,5
2019-05-09,1.1703040687575528,-0.0033854531804347054,0.13335430856445793,0.0005205919421714858,99,0.00911281325442359,0.048424508768610805,0.2694087843401664,0.2602959710857429,0.009112813254423478,0.009112813254423478,4
2019-05-10,1.1753467268417868,0.004308844358361874,0.09054764624734354,0.0003614552966171525,101,0.009438080467716659,0.06321286329466021,0.19016572877629281,0.18072764830857624,0.009438080467716574,0.009438080467716574,4
2019-05-13,1.131357455799638,-0.037426633381921315,0.07662168921265351,0.0003054890952344224,107,0.00930322435389519,0.06220906689557902,0.16204777197110634,0.15274454761721118,0.009303224353895165,0.009303224353895165,5
2019-05-14,1.1495346676794345,0.01606672744022264,0.13750893157391894,0.0005446652251439002,105,0.011836379099240513,0.06430625226372987,0.2841689916711906,0.27233261257195013,0.011836379099240483,0.011836379099240483,4
2019-05-15,1.15733446757676,0.0067851802269442985,0.11983301226002728,0.0004752057659156827,106,0.0138141631465577,0.06085829050008412,0.2514170461043989,0.23760288295784135,0.013814163146557588,0.013814163146557588,5
2019-05-16,1.168172440628948,0.00936459887423946,0.07802120042110923,0.0003048207367067234,102,0.017313859965838674,0.06110583596997716,0.16972422831920048,0.1524103683533617,0.017313859965838795,0.017313859965838795,4
2019-05-17,1.1551107302738024,-0.01118132041200448,0.13055203113966296,0.0005212304779316511,100,0.01798933762573418,0.060944187601718054,0.27860457659155985,0.26061523896582556,0.017989337625734306,0.017989337625734306,4
2019-05-20,1.134304021389599,-0.01801273967844752,0.10667753080808852,0.0004234794270193683,102,0.016696212784282682,0.060228638168113975,0.22843592629396667,0.21173971350968415,0.01669621278428252,0.01669621278428252,4
2019-05-21,1.1479319520255644,0.012014354510768932,0.1416381451417142,0.0005562328545637935,105,0.01132896023285035,0.050168929623395926,0.289445387514747,0.2781164272818967,0.011328960232850255,0.011328960232850255,4
2019-05-22,1.1409333111998123,-0.006096738411543234,0.1334035529489922,0.0005313881903130577,103,0.012505407360697718,0.059590395153968675,0.27819950251722664,0.2656940951565288,0.01250540736069784,0.01250540736069784,3
2019-05-23,1.1207023480939526,-0.017731941829785547,0.0929779636973359,0.000371376089965102,104,0.012994309834280182,0.0609511102978583,0.19868235481683125,0.185688044982551,0.012994309834280226,0.012994309834280226,4
2019-05-24,1.1207015386902304,-7.222289876152033e-07,0.11849999020345042,0.00046048525932865524,102,0.006230984784125537,0.04250087566896234,0.236473614448453,0.23024262966432762,0.006230984784125376,0.006230984784125376,4
2019-05-28,1.1148206022046674,-0.005247549220317893,0.18077253093325873,0.0007202320900215174,107,0.0076883600964327,0.06540380927019188,0.36780440510719153,0.36011604501075867,0.00768836009643284,0.00768836009643284,5
2019-05-29,1.1055377238210162,-0.008326791203260298,0.17656010926216412,0.0007053440508357351,110,0.008195641650220575,0.0854279749617645,0.36086766706808826,0.3526720254178676,0.008195641650220692,0.008195641650220692,5
2019-05-30,1.1106126675864862,0.0045904754366317135,0.13402255282209732,0.0005340342362654167,103,0.009181822429571662,0.04521117101492894,0.27619894056228,0.26701711813270834,0.009181822429571647,0.009181822429571647,6
2019-05-31,1.093617428731672,-0.015302579693915463,0.15196797052782599,0.0006061603699356477,105,0.008463103272886685,0.062137470774057,0.3115432882407106,0.30308018496782385,0.008463103272886768,0.008463103272886768,5
2019-06-03,1.0781728789466036,-0.014122442985368577,0.11766051943224662,0.0004650188092195965,106,0.011391977432701705,0.06101292283188507,0.24390138204250006,0.23250940460979824,0.011391977432701832,0.011391977432701832,5
2019-06-04,1.1114015417254255,0.030819419990685493,0.18971674687269854,0.000756073338701959,104,0.009646200253286996,0.06574651198119767,0.3876828696042665,0.37803666935097946,0.009646200253287066,0.009646200253287066,5
2019-06-05,1.1215256712817343,0.00910933553375437,0.14738782218120083,0.0005683663960334149,98,0.02014613625593009,0.04578664372499622,0.3043293342726376,0.28418319801670744,0.02014613625593013,0.02014613625593013,6
2019-06-06,1.1262812295077096,0.004240258023287424,0.12489556947513546,0.00048758663103255144,103,0.014053467189286906,0.04624420464336539,0.25784678270556277,0.24379331551627573,0.014053467189287051,0.014053467189287051,5
2019-06-07,1.1420400792630265,0.01399193144877775,0.10486202773870189,0.000408816613396151,104,0.019169628147335582,0.04516588382971892,0.22357793484541114,0.2044083066980755,0.019169628147335627,0.019169628147335627,6
2019-06-10,1.1532515214651848,0.00981703042277915,0.1334434514505818,0.0005243853269090724,110,0.023667553718809242,0.06765487713347557,0.28586021717334537,0.26219266345453623,0.023667553718809162,0.023667553718809162,5
2019-06-11,1.1546138044965402,0.001181254050828917,0.1467256887915478,0.0005771018536321581,107,0.028526437604047605,0.06032950629674027,0.3170773644201268,0.2885509268160791,0.02852643760404769,0.02852643760404769,6
2019-06-12,1.1521407285954386,-0.002141907442532176,0.15464287262351267,0.0006161703601426475,108,0.027369489696177585,0.06419604719840369,0.3354546697675012,0.30808518007132374,0.027369489696177453,0.027369489696177453,7
2019-06-13,1.154027812165841,0.0016378932916492062,0.15482798482526183,0.0006121051322245384,109,0.03091141262443209,0.042779561745396516,0.3369639787367014,0.3060525661122692,0.030911412624432234,0.030911412624432234,6
2019-06-14,1.1463900985754356,-0.00661830981011724,0.11094079867600695,0.0004326559847035257,101,0.02555028882213095,0.06478668199802455,0.2418782811738937,0.21632799235176284,0.02555028882213088,0.02555028882213088,5
2019-06-17,1.1482335688024066,0.0016080653777992282,0.10302938869575143,0.00040626782580863657,100,0.02842376914327771,0.06622380222700645,0.2315576820475959,0.2031339129043183,0.028423769143277586,0.028423769143277586,6
2019-06-18,1.163015669273551,0.012873774877146138,0.09741645543736738,0.00038173515774759923,100,0.024086454407224456,0.08390359916452012,0.21495403328102405,0.19086757887379963,0.024086454407224442,0.024086454407224442,6
2019-06-19,1.1708846393483705,0.006766005207595072,0.15683662642465568,0.0006245605883428432,100,0.02530259689826775,0.08179281021971595,0.3375828910696895,0.3122802941714216,0.025302596898267863,0.025302596898267863,5
2019-06-20,1.181019003840695,0.008655305699427851,0.09347274946082032,0.00036787555609020257,103,0.022068525238900683,0.08203439855222489,0.20600630328400224,0.18393777804510128,0.02206852523890097,0.02206852523890097,5
2019-06-21,1.175012398737338,-0.005085951270744404,0.09459203967758932,0.00037023895942607185,103,0.018108526407546233,0.06351795818724565,0.20322800612058214,0.1851194797130359,0.018108526407546226,0.018108526407546226,4
2019-06-24,1.1709201317560978,-0.0034827436592479444,0.09560969613183204,0.0003729617612977192,107,0.013426525171525872,0.08030665517141393,0.19990740582038535,0.1864808806488596,0.013426525171525767,0.013426525171525767,5
2019-06-25,1.1586212419125688,-0.010503611228447896,0.13270510342920372,0.0005202224759117163,102,0.01886095916713071,0.04128594002468202,0.27897219712298876,0.2601112379558581,0.018860959167130698,0.018860959167130698,5
2019-06-26,1.160237715784358,0.0013951702362378082,0.11554562003802449,0.0004560708236860521,104,0.0157702633982163,0.04243776794468289,0.2438056752412423,0.22803541184302603,0.015770263398216248,0.015770263398216248,5
2019-06-27,1.169807341440045,0.008247987050841177,0.10163552686525505,0.00039553091732631723,105,0.01012947286626098,0.041682048793062906,0.20789493152941954,0.19776545866315862,0.010129472866260926,0.010129472866260926,4
2019-06-28,1.1788345494590275,0.0077168331050734285,0.09693149106069762,0.00037041332042718185,100,0.018704502549366175,0.06443754262845576,0.20391116276295715,0.18520666021359092,0.018704502549366234,0.018704502549366234,6
2019-07-01,1.188359610280925,0.008080065880549991,0.13410061306871895,0.000522104204723378,103,0.011395769117860888,0.04517453233467019,0.27244787147955,0.261052102361689,0.011395769117860995,0.011395769117860995,5
2019-07-02,1.1915920149204957,0.0027200559591606943,0.159535885406463,0.0006318011164795081,104,0.014528888317789646,0.0837232685754884,0.330429446557544,0.31590055823975405,0.01452888831778998,0.01452888831778998,4
2019-07-03,1.2002492544893413,0.0072652715530519,0.1130351887492055,0.0004503645236769651,105,0.013529481602738591,0.08328574528281646,0.23871174344122123,0.22518226183848256,0.013529481602738657,0.013529481602738657,4
2019-07-05,1.1991178543771006,-0.0009426376296497452,0.10093529501926611,0.0003883670291673916,105,0.0058499122172978035,0.08440214801830016,0.20003342680099345,0.19418351458369582,0.005849912217297635,0.005849912217297635,3
2019-07-08,1.193185028098103,-0.0049476590289614375,0.13710421978682097,0.0005478774632246365,107,0.005606070569609156,0.06582667015242598,0.2795448021819276,0.27393873161231824,0.005606070569609334,0.005606070569609334,3
2019-07-09,1.1993316994142573,0.005151482101608318,0.09651587795928843,0.0003772355986331189,107,0.00998919163873535,0.06698578833075929,0.19860699095529485,0.18861779931655945,0.009989191638735405,0.009989191638735405,3
2019-07-10,1.203927689048438,0.003832125538268727,0.1550895257051449,0.0006159169684271366,103,0.007724361713330241,0.06270457848770454,0.3156828459268985,0.3079584842135683,0.0077243617133301795,0.0077243617133301795,2
2019-07-11,1.2065313458500735,0.002162635534774804,0.10185713595154695,0.00040381514298552194,105,0.005897879889630309,0.06281199343469097,0.20780545138239148,0.20190757149276095,0.005897879889630528,0.005897879889630528,4
2019-07-12,1.2143193686930391,0.006454886455915965,0.10204542667766721,0.0004025010701823614,104,0.0030173769649122217,0.06368919901673593,0.20426791205609288,0.20125053509118068,0.0030173769649122044,0.0030173769649122044,2
2019-07-15,1.2175628560334173,0.00267103319274975,0.09078896700701333,0.0003580833510913971,103,0.005544519794929426,0.06397082576169927,0.184586195340628,0.17904167554569855,0.005544519794929468,0.005544519794929468,2
2019-07-16,1.2129496309900993,-0.003788900934730388,0.09198832125546874,0.00036659970345933663,105,0.006240357761015947,0.08280467252922075,0.18954020949068404,0.1832998517296683,0.006240357761015721,0.006240357761015721,2
2019-07-17,1.2085253048732354,-0.0036475761266793194,0.1060491132543168,0.000419268803389134,102,0.008724402120071972,0.06315995163304035,0.21835880381463899,0.209634401694567,0.008724402120071955,0.008724402120071955,4
2019-07-18,1.212806833297018,0.003542771017303492,0.10573249576722903,0.0004195936911721565,106,0.010358100844017004,0.0614265560801881,0.22015494643009514,0.20979684558607825,0.010358100844016893,0.010358100844016893,3
2019-07-19,1.2021137908012933,-0.008816772961820929,0.10036733182699033,0.0003973327043763507,108,0.008377774534596316,0.061140797333438426,0.20704412672277173,0.19866635218817533,0.008377774534596403,0.008377774534596403,3
2019-07-22,1.2064025290807834,0.0035676641531841025,0.16552691427896388,0.0006607076509154913,103,0.007642473021672758,0.06262209316960615,0.3379962984794185,0.3303538254577456,0.0076424730216728826,0.0076424730216728826,3
2019-07-23,1.210741915041653,0.003596963580784207,0.12842446017025969,0.0005118558990843147,104,0.008532154823390425,0.06474871140361751,0.26446010436554757,0.2559279495421573,0.00853215482339024,0.00853215482339024,3
2019-07-24,1.2247964233489108,0.01160817853305618,0.21050653992650367,0.0008226151167287887,107,0.018132831908559188,0.045084914733535285,0.4294403902729535,0.41130755836439437,0.01813283190855911,0.01813283190855911,3
2019-07-25,1.2114591718441314,-0.010889361897638339,0.22652713526519996,0.0008988701083365723,112,0.021935198568850733,0.07326245600842923,0.47137025273713684,0.44943505416828616,0.02193519856885069,0.02193519856885069,3
2019-07-26,1.2198214928674627,0.006902684975013784,0.21866586981564,0.0008396473900943424,110,0.004258488630732082,0.07065010805686936,0.4240821836779032,0.41982369504717115,0.0042584886307320425,0.0042584886307320425,2
2019-07-29,1.216423704987623,-0.0027854795965698287,0.2669278320368868,0.001041004883467518,103,0.01761916054712198,0.0762879303006702,0.5381216022808811,0.520502441733759,0.01761916054712207,0.01761916054712207,3
2019-07-30,1.209685207179546,-0.005539597576442734,0.28728519237273564,0.0011283442108979587,110,0.007299036782084212,0.0692363278163304,0.5714711422310637,0.5641721054489793,0.007299036782084352,0.007299036782084352,2
2019-07-31,1.1961732984293294,-0.011169772656574484,0.30977981880203,0.0012264720379046017,102,0.0010488144676781275,0.07616348376357727,0.6142848334199792,0.6132360189523008,0.001048814467678377,0.001048814467678377,1
2019-08-01,1.1923795133662578,-0.0031716015296889832,0.20465064904822317,0.0008025418606949343,105,0.00908167482627742,0.05438741555577205,0.41035260517374456,0.40127093034746714,0.009081674826277423,0.009081674826277423,4
2019-08-02,1.178575725018892,-0.01157667352770575,0.17742846746867116,0.0006829793371788792,102,0.02254903289161092,0.07578003949451878,0.36403870148105033,0.34148966858943963,0.02254903289161068,0.02254903289161068,3
2019-08-05,1.1366194874902351,-0.03559910206701766,0.3879481839389032,0.001525733185631574,109,0.010315940534140089,0.06484312508139692,0.7731825333499271,0.762866592815787,0.010315940534140281,0.010315940534140281,2
2019-08-06,1.1567380519458133,0.017700351504619904,0.33306353986882636,0.0013160925670427112,107,0.018203976174179126,0.06492986784430806,0.6762502596955347,0.6580462835213556,0.018203976174179015,0.018203976174179015,3
2019-08-07,1.1602658441238864,0.0030497761979377813,0.35861674398845433,0.001422467843832069,105,0.024122377146427176,0.05105546918358901,0.7353562990624617,0.7112339219160345,0.02412237714642713,0.02412237714642713,4
2019-08-08,1.191527069245743,0.02694315727742702,0.20550521398487506,0.0008094049814174444,111,0.01716254618627533,0.0422833491133754,0.4218650368949975,0.40470249070872216,0.01716254618627537,0.01716254618627537,4
2019-08-09,1.1815857067654918,-0.008343379463921163,0.2086787735240741,0.0008236423291253322,111,0.01175630737473432,0.042171637470350354,0.4235774719374004,0.4118211645626661,0.01175630737473431,0.01175630737473431,2
2019-08-12,1.16528854203991,-0.013792621755889578,0.11750314977616833,0.0004684751632440272,112,0.011146422937553524,0.06187969628228071,0.24538400455956716,0.2342375816220136,0.011146422937553555,0.011146422937553555,2
2019-08-13,1.1835303420385859,0.015654320231058394,0.13483536501228147,0.0005355409625745076,106,0.012868994057025684,0.048194040933970825,0.2806394753442795,0.2677704812872538,0.012868994057025716,0.012868994057025716,2
2019-08-14,1.147740788572081,-0.030239658583538165,0.11977725864996834,0.00047834280426381633,111,0.01364705030434532,0.04829607833707298,0.25281845243625356,0.23917140213190816,0.01364705030434539,0.01364705030434539,3
2019-08-15,1.1498070046428461,0.00180024626757036,0.15544264427813861,0.0006092929055532386,113,0.007375390513684743,0.04550396829920931,0.31202184329030425,0.3046464527766193,0.007375390513684957,0.007375390513684957,3
2019-08-16,1.1646305422939909,0.012892196334939987,0.07837211937132256,0.0003085996251973126,110,0.00972369485354696,0.04496754951699499,0.1640235074522031,0.1542998125986563,0.009723694853546775,0.009723694853546775,3
2019-08-19,1.174929295623375,0.008842935983027322,0.09458116948923781,0.0003698171567412537,110,0.013888658685309974,0.04645030573729072,0.19879723705593702,0.18490857837062685,0.013888658685310182,0.013888658685310182,3
2019-08-20,1.170348880576672,-0.003898460157360173,0.1031673407826908,0.0004086041820716598,109,0.01596990832898104,0.05211855009168456,0.22027199936481096,0.20430209103582989,0.015969908328981087,0.015969908328981087,3
2019-08-21,1.1838120861395398,0.011503583065106238,0.08507488202205171,0.00033733084803352735,108,0.014298620560782904,0.053852249665746546,0.18296404457754636,0.16866542401676368,0.014298620560782698,0.014298620560782698,3
2019-08-22,1.1806177772716053,-0.002698324257147333,0.10619662172017606,0.0004240579245411391,111,0.01469550858577795,0.04142522942536831,0.22672447085634762,0.21202896227056955,0.014695508585778056,0.014695508585778056,2
2019-08-23,1.1537426801407094,-0.022763588392683776,0.074580651769234,0.0002882960030478205,111,0.01002018604922239,0.04088205806132117,0.1541681875731326,0.14414800152391025,0.010020186049222347,0.010020186049222347,2
2019-08-26,1.1674483065566248,0.011879274860702838,0.24150761844727314,0.0009610195323582474,106,0.007387563664680963,0.05540526156466254,0.4878973298438044,0.48050976617912367,0.007387563664680727,0.007387563664680727,3
2019-08-27,1.1685473547334413,0.000941410570938439,0.15017745736235344,0.0005867041258875578,110,0.014379137018629584,0.05156363206031224,0.3077311999624083,0.2933520629437789,0.0143791370186294,0.0143791370186294,3
2019-08-28,1.1672358565320986,-0.0011223320955117133,0.10145571570998817,0.0004043547479299049,114,0.013655415058120068,0.06749974178105074,0.21583278902307276,0.20217737396495244,0.01365541505812032,0.01365541505812032,2
2019-08-29,1.180753713442952,0.011581084350009041,0.16828906636496258,0.0006705091022876362,113,0.014813611391079617,0.04565076374024276,0.3500681625348976,0.3352545511438181,0.014813611391079536,0.014813611391079536,2
2019-08-30,1.179511480035891,-0.0010520681772312468,0.16179407135528445,0.0006369614463733892,108,0.019927186620973036,0.06455936169912814,0.3384079098076677,0.3184807231866946,0.019927186620973106,0.019927186620973106,2
2019-09-03,1.1680481033611096,-0.00971874955759866,0.12430136773812282,0.0004930289986444119,110,0.018024597378059948,0.04847219407032586,0.2645390967002658,0.24651449932220595,0.018024597378059892,0.018024597378059892,2
2019-09-04,1.1790418316848774,0.009412051003835131,0.14248871558165302,0.0005556172240925373,109,0.010677790286312105,0.048560288175981174,0.2884864023325807,0.2778086120462686,0.010677790286312099,0.010677790286312099,2
2019-09-05,1.1957590053823903,0.01417860948463856,0.11419944663691353,0.0004453569729877911,106,0.016244228479716294,0.04834724939198506,0.23892271497361162,0.22267848649389554,0.016244228479716065,0.016244228479716065,2
2019-09-06,1.1922928964629997,-0.002898668463953702,0.13469867800838858,0.0005329956733025749,107,0.01918228808991751,0.06580847642904858,0.28568012474120513,0.26649783665128746,0.01918228808991764,0.01918228808991764,2
2019-09-09,1.1838319745931674,-0.0070963451136312194,0.098621295249363,0.00039255450542650017,109,0.018346463416925585,0.06570530125760866,0.21462371613017564,0.19627725271325008,0.01834646341692555,0.01834646341692555,2
2019-09-10,1.1727496595699167,-0.009361391870716385,0.13822707403746023,0.0005439454212116392,110,0.01402832359985351,0.04870590330104339,0.28600103420567297,0.2719727106058196,0.014028323599853343,0.014028323599853343,2
2019-09-11,1.1815636777835976,0.007515686013426892,0.12132176972229403,0.00047827075646499236,105,0.010408857110863146,0.04848066147357921,0.24954423534335946,0.23913537823249617,0.010408857110863265,0.010408857110863265,2
2019-09-12,1.1867917039780782,0.0044246673224479505,0.10524222980910788,0.0004128067707033313,107,0.014439800612756404,0.05742629350390372,0.22084318596442187,0.20640338535166564,0.014439800612756227,0.014439800612756227,2
2019-09-13,1.1813920356789556,-0.004549802868543118,0.09185360739764045,0.00036404759025212647,108,0.012817098668851834,0.056532448648891495,0.1948408937949151,0.18202379512606323,0.012817098668851886,0.012817098668851886,2
2019-09-16,1.1837313531688878,0.0019801364993863313,0.09798934646868984,0.0003911117464611382,107,0.013209585915338828,0.056847879394390954,0.20876545914590777,0.1955558732305691,0.013209585915338664,0.013209585915338664,2
2019-09-17,1.1932387752130735,0.008031739649992486,0.10114460037709105,0.00040404328029020086,106,0.013366601196334482,0.0627713902478669,0.21538824134143483,0.20202164014510043,0.013366601196334406,0.013366601196334406,2
2019-09-18,1.1910514962228615,-0.0018330606041706554,0.0949368633007696,0.0003729376568458734,103,0.01679105209739673,0.050196589057714125,0.20325988052033345,0.18646882842293672,0.01679105209739671,0.01679105209739671,2
2019-09-19,1.1914152200464547,0.00030538043463823605,0.08221053664726138,0.00032683372871462603,102,0.015776230860022222,0.050496851829159445,0.17919309521733523,0.163416864357313,0.01577623086002222,0.01577623086002222,2
2019-09-20,1.1838839473179479,-0.006321282959783958,0.08982225083250843,0.0003570754353961671,102,0.014764138178298358,0.04917846204209937,0.1933018558763818,0.17853771769808355,0.014764138178298232,0.014764138178298232,3
2019-09-23,1.1820486633514846,-0.0015502228665411621,0.08183881094299576,0.0003200310462068454,107,0.011120230317734014,0.04845819745562743,0.17113575342115667,0.1600155231034227,0.01112023031773398,0.01112023031773398,2
2019-09-24,1.1673474736104645,-0.012437042735057524,0.09840261809357456,0.0003821443031143728,106,0.01698905641717363,0.04939367698120508,0.2080612079743602,0.1910721515571864,0.016989056417173784,0.016989056417173784,2
2019-09-25,1.1775546953078337,0.008743944650686952,0.10128607395857384,0.00039812198794713787,104,0.013323933682290678,0.04925318438330441,0.21238492765585962,0.19906099397356894,0.013323933682290661,0.013323933682290661,2
2019-09-26,1.1759270333189311,-0.0013822389697806248,0.07786696974151787,0.00030241287942234,105,0.017865840899905727,0.05072491437514531,0.1690722806110757,0.15120643971117,0.017865840899905717,0.017865840899905717,3
2019-09-27,1.1586294200970078,-0.014709767470097779,0.07016165253703839,0.0002772781435931317,104,0.016443305698336186,0.05041544292221447,0.1550823774949022,0.13863907179656584,0.01644330569833636,0.01644330569833636,2
2019-09-30,1.1658569531542156,0.006238002360239303,0.10198884653150751,0.00039729117647553604,109,0.01100277109825809,0.049252506453719015,0.20964835933602594,0.198645588237768,0.011002771098257928,0.011002771098257928,2
2019-10-01,1.1544474181813453,-0.009786393555403006,0.08806348125884259,0.0003474747061179633,107,0.01349726122395889,0.05356702491725413,0.18723461428294047,0.17373735305898166,0.013497261223958792,0.013497261223958792,2
2019-10-02,1.1357047543619991,-0.016235181892365724,0.1288397088188779,0.0005108458617554264,109,0.011456512480840564,0.07080771348909724,0.2668794433585539,0.2554229308777132,0.01145651248084076,0.01145651248084076,2
2019-10-03,1.148051600672734,0.010871528241220396,0.12332046025575508,0.0004886641425566257,112,0.009018914754690854,0.05608027626091597,0.25335098603300354,0.2443320712783128,0.009018914754690738,0.009018914754690738,2
2019-10-04,1.16171991868788,0.011905665221960904,0.14044703917744847,0.0005601055602382444,114,0.008066511573168511,0.050025007974198316,0.2881192916922906,0.2800527801191222,0.008066511573168383,0.008066511573168383,2
2019-10-07,1.1585209262517044,-0.002753669266331138,0.08215767643269384,0.0003186773704155793,111,0.013062875357694903,0.04959707162622684,0.17240156056548459,0.15933868520778965,0.01306287535769493,0.01306287535769493,2
2019-10-08,1.137658386375767,-0.018007909398267352,0.11176848959552795,0.0004466696215175379,113,0.013094313986529715,0.04855481643555691,0.23642912474529898,0.22333481075876896,0.01309431398653003,0.01309431398653003,3
2019-10-09,1.1486629940934558,0.009673033530518849,0.11869482198303698,0.00046764765451297427,112,0.009396984144409481,0.05335333898587762,0.2432208114008966,0.23382382725648712,0.009396984144409487,0.009396984144409487,2
2019-10-10,1.1547018711736385,0.005257309681982569,0.08267398885985236,0.0003257758144231723,114,0.01180486486451926,0.052500060928257805,0.17469277207610548,0.16288790721158614,0.011804864864519359,0.011804864864519359,3
2019-10-11,1.1706164681141975,0.013782429333368373,0.06216432595363977,0.0002392818148258628,113,0.016329335267223688,0.05300139931021953,0.13597024268015512,0.1196409074129314,0.01632933526722371,0.01632933526722371,3
2019-10-14,1.172800908373403,0.0018660597375026455,0.09119571381871673,0.00035624266903099466,114,0.012023021015018953,0.05207104066465874,0.19014435553051623,0.17812133451549733,0.012023021015018892,0.012023021015018892,3
2019-10-15,1.184445554977314,0.009928920177987743,0.10976844426741475,0.00043557403723618266,108,0.010149763670443068,0.05217721634914965,0.22793678228853437,0.21778701861809133,0.010149763670443037,0.010149763670443037,3
2019-10-16,1.174477542460203,-0.00841576252722065,0.09894406183568617,0.0003902635414956529,113,0.012988264852265119,0.05047525458337,0.20812003560009154,0.19513177074782645,0.012988264852265095,0.012988264852265095,3
2019-10-17,1.1764135832070968,0.0016484272171253256,0.12300403713359995,0.0004891326298572462,108,0.011518788010544734,0.05192122001399569,0.2560851029391681,0.2445663149286231,0.01151878801054501,0.01151878801054501,3
2019-10-18,1.1660667603994277,-0.008795225552787223,0.11301009863954069,0.0004408016918999777,112,0.01723522607679251,0.0516662242127183,0.23763607202678141,0.22040084594998885,0.017235226076792582,0.017235226076792582,3
2019-10-21,1.1718317997733312,0.004944004554189307,0.10082129549512432,0.00039177245298281974,114,0.01138735068521024,0.05086903521921634,0.20727357717661987,0.19588622649140985,0.011387350685210018,0.011387350685210018,2
2019-10-22,1.160619587585663,-0.009568107120695002,0.1442492859091046,0.0005761034539756335,113,0.011043890145905122,0.04965990199240436,0.2990956171337222,0.2880517269878167,0.011043890145905488,0.011043890145905488,3
2019-10-23,1.1585936345451986,-0.001745578880569254,0.24628691301329544,0.0009630425570467872,116,0.0,0.053965092848999405,0.48152127852339355,0.48152127852339355,0.0,0.0,0
2019-10-24,1.1825515810118605,0.02067847237574938,0.15644399854711083,0.0006257759941884433,107,0.0,0.05339205723261884,0.3128879970942217,0.31288799709422166,0.0,2.161357030849853e-16,0
2019-10-25,1.1906855455249543,0.006878316890104541,0.19496261883309404,0.0007721009298539624,108,0.0038747727392068887,0.054485444653264326,0.38992523766618803,0.3860504649269812,0.00387477273920682,0.00387477273920682,1
2019-10-28,1.1983599830498073,0.006445394045217379,0.12837797173582166,0.0005131699559727413,111,0.004018948043655657,0.051841446840094986,0.26060392603002647,0.25658497798637064,0.004018948043655792,0.004018948043655792,1
2019-10-29,1.1917880198273678,-0.005484131075299992,0.1408090480469595,0.0005571331412115,108,0.000987333096210019,0.06161755538670283,0.2795539037019601,0.27856657060574996,0.0009873330962101154,0.0009873330962101154,1
2019-10-30,1.200856795951412,0.007609386881870073,0.10781433489461786,0.0004235796798368187,101,0.004818291649192008,0.06542948872885099,0.21660813156760136,0.21178983991840936,0.004818291649192004,0.004818291649192004,1
2019-10-31,1.1920710039557207,-0.007316269537976483,0.15103276319676148,0.0006040758063523697,106,0.004878494535172195,0.05592583467853036,0.30691639771135726,0.30203790317618484,0.004878494535172433,0.004878494535172433,1
2019-11-01,1.193807642339248,0.0014568246167925292,0.23653240717672938,0.0009425491407059699,102,0.0030765622307434848,0.07600752434396064,0.4743511325837285,0.4712745703529849,0.003076562230743625,0.003076562230743625,1
2019-11-04,1.19464160605358,0.0006985746151682015,0.31277532312256634,0.001246758651575777,106,0.005241901927140691,0.06460800318261486,0.6286212277150293,0.6233793257878885,0.005241901927140749,0.005241901927140749,2
2019-11-05,1.1901412199009214,-0.003767143325541289,0.16266305248050425,0.0006447636149005407,107,0.008202628536871925,0.06290028452619903,0.3305844359871423,0.32238180745027034,0.008202628536872005,0.008202628536872005,2
2019-11-06,1.18900831615915,-0.0009519069861857465,0.14446795299288367,0.0005774616657615302,109,0.008410776004251996,0.0683228656605115,0.29714160888501717,0.2887308328807651,0.008410776004252033,0.008410776004252033,3
2019-11-07,1.1850076036036645,-0.0033647473286049223,0.35563976634684147,0.0014129196349239794,108,0.013246963044950988,0.055142536543908424,0.7197067805069405,0.7064598174619897,0.013246963044950768,0.013246963044950768,3
2019-11-08,1.1895190251412426,0.0038070823544580357,0.1434019965318111,0.0005542088853759519,108,0.0034898579210886904,0.058935874038378265,0.28059430060906454,0.2771044426879759,0.0034898579210886765,0.0034898579210886765,2
2019-11-11,1.1913655410637838,0.001552321470706941,0.17125773745095652,0.0006829626025857966,108,0.0024478955788627133,0.051558580241506655,0.34392919687176093,0.34148130129289833,0.0024478955788626556,0.0024478955788626556,2
2019-11-12,1.1987454053546776,0.006194458406362902,0.12355347280311725,0.0004928425959472137,109,0.0031172741748033417,0.05777830471947109,0.2495385721484104,0.24642129797360687,0.0031172741748035585,0.0031172741748035585,2
2019-11-13,1.1997965096051786,0.0008768369378566732,0.07814562994681727,0.00031049051308426037,114,0.004159579543635661,0.03828058097542184,0.159404836085766,0.15524525654213017,0.004159579543635822,0.004159579543635822,2
2019-11-14,1.2009126673670558,0.0009302892223319592,0.10400713298743694,0.0004141599744513379,115,0.0050882711471256226,0.057633498892081365,0.21216825837279457,0.20707998722566895,0.0050882711471256165,0.0050882711471256165,2
2019-11-15,1.2093325026279738,0.007011196975195588,0.11281248460053617,0.0004511060433368517,117,0.005122512821828962,0.05371942573504795,0.23067553449025488,0.22555302166842583,0.005122512821829066,0.005122512821829066,2
2019-11-18,1.210713329877322,0.0011418094249080468,0.10145556706541897,0.00040236819189759954,116,0.003387573591640769,0.04055734110948676,0.20457166954044045,0.20118409594879977,0.0033875735916406788,0.0033875735916406788,3
2019-11-19,1.2136489224680982,0.0024246801603098334,0.10529625133493786,0.0004153894473796328,116,0.0062757548981872135,0.04465100585179672,0.2139704785880037,0.2076947236898164,0.006275754898187311,0.006275754898187311,2
2019-11-20,1.2096839599564482,-0.003266976502221741,0.10301783375235925,0.0004084661802649076,116,0.004491175635478073,0.04521204611911487,0.20872426576793174,0.2042330901324538,0.004491175635477945,0.004491175635477945,2
2019-11-21,1.204265156694502,-0.004479519809571841,0.12376048740932095,0.0004924766273843251,113,0.005791823846657107,0.039546254659842635,0.25203013753881964,0.24623831369216254,0.005791823846657091,0.005791823846657091,2
2019-11-22,1.2017742339668211,-0.0020684171702832765,0.10251747850843188,0.0004096129439801163,114,0.00557296623523762,0.04735916460232809,0.2103794382252957,0.20480647199005814,0.005572966235237567,0.005572966235237567,2
2019-11-25,1.2150967593882411,0.01108571397594793,0.11945458610404568,0.00047693807421361187,110,0.005949369579091757,0.04784440797923298,0.24441840668589776,0.23846903710680592,0.005949369579091835,0.005949369579091835,2
2019-11-26,1.2168519715829031,0.0014445040537724996,0.21581416800739173,0.0008627924510250881,110,0.006167772921743198,0.03767508829161376,0.4375639984342874,0.43139622551254403,0.006167772921743372,0.006167772921743372,4
2019-11-27,1.2255470271111788,0.007145532678855648,0.1330149110605425,0.0005222405276351521,110,0.011030373677987537,0.05400235784710807,0.2721506374955636,0.2611202638175761,0.011030373677987532,0.011030373677987532,4
2019-11-29,1.2206250021601663,-0.0040161861129185406,0.1416354524730275,0.0005620604078864487,106,0.008827926607325232,0.0476480969789933,0.2898581305505493,0.2810302039432243,0.00882792660732498,0.00882792660732498,3
2019-12-02,1.2061100082215528,-0.011891444065889267,0.13593772668473472,0.0005396221907063962,107,0.006864987660620381,0.03961848713106277,0.27667608301381863,0.2698110953531981,0.0068649876606205204,0.0068649876606205204,3
2019-12-03,1.2002292456218702,-0.004875809469779613,0.14974676935224115,0.0005988036724943021,114,0.006802790658288815,0.04505825533602411,0.30620462690544,0.29940183624715105,0.006802790658288926,0.006802790658288926,2
2019-12-04,1.20621676371279,0.004988645388171342,0.11854220974383067,0.00046616306743556236,109,0.010768752707513207,0.03534715799684508,0.24385028642529433,0.23308153371778118,0.01076875270751316,0.01076875270751316,3
2019-12-05,1.2085089748552689,0.0019003310279184227,0.13369137538678744,0.0005345319992616596,102,0.010859333145444294,0.053912207173677486,0.2781253327762741,0.2672659996308298,0.01085933314544429,0.01085933314544429,3
2019-12-06,1.2186288774697944,0.00837387460505834,0.11774477362272777,0.00046306165488762104,107,0.00680544701983099,0.05437858435462819,0.23833627446364164,0.2315308274438105,0.006805447019831105,0.006805447019831105,3
2019-12-09,1.2113905863156678,-0.005939700993427444,0.13788013404220237,0.000546950515710986,109,0.004557356158591319,0.0542913167627433,0.27803261401408436,0.273475257855493,0.004557356158591361,0.004557356158591361,2
2019-12-10,1.2125419750265949,0.0009504685969443649,0.12748557420633408,0.0005044969407074909,106,0.007273409717739487,0.07933391687603662,0.2595218800714848,0.2522484703537454,0.007273409717739345,0.007273409717739345,2
2019-12-11,1.2207611669076308,0.006778480292078726,0.14996042933051393,0.0005961482126424076,109,0.009066884503780903,0.055725384342698386,0.3071409908249845,0.2980741063212038,0.00906688450378074,0.00906688450378074,2
2019-12-12,1.2330114316973941,0.010034939775152685,0.09207904242312255,0.00036314235193061914,108,0.011560451851671982,0.05665264062886273,0.19313162781698168,0.18157117596530956,0.011560451851672112,0.011560451851672112,3
2019-12-13,1.2337016749642913,0.0005598028121660548,0.1181428484339943,0.00045926641208600535,109,0.004896186717277096,0.058009140691318434,0.23452939276027981,0.22963320604300266,0.004896186717277169,0.004896186717277169,2
2019-12-16,1.2462242153384258,0.010150379648707908,0.11862950745056594,0.0004634456013748173,109,0.010380955847915763,0.05608068512757969,0.24210375653532426,0.23172280068740864,0.010380955847915638,0.010380955847915638,4
2019-12-17,1.2472859162360006,0.0008519340938071274,0.10545266484249406,0.0004185597681271466,110,0.008742332512359119,0.04749506570846241,0.21802221657593257,0.2092798840635733,0.008742332512359278,0.008742332512359278,6
2019-12-18,1.2484568195440522,0.0009387609471172009,0.09217296799618106,0.0003664736198242707,110,0.007621806339503268,0.03960215005649939,0.19085861625163866,0.18323680991213534,0.0076218063395033266,0.0076218063395033266,4
2019-12-19,1.2550316707609044,0.005266382556389448,0.09354891205230605,0.0003657901398185016,110,0.011781858092699937,0.03991233986784817,0.1946769280019506,0.1828950699092508,0.011781858092699792,0.011781858092699792,4
2019-12-20,1.260965660157753,0.004728159085619632,0.09918715975420456,0.0003897730664122371,112,0.015209629405067093,0.06140405477358454,0.21009616261118583,0.19488653320611854,0.01520962940506728,0.01520962940506728,4
2019-12-23,1.2610052086826171,3.1363681116447495e-05,0.112686712018048,0.0004368686932822595,108,0.008263430592564625,0.0661087743907784,0.22669777723369433,0.21843434664112973,0.008263430592564585,0.008263430592564585,4
2019-12-24,1.2632633673740574,0.0017907607961424876,0.11817467027811883,0.0004669140045575719,110,0.011137146079962523,0.06641934979218936,0.2445941483587484,0.23345700227878594,0.011137146079962476,0.011137146079962476,4
2019-12-26,1.2687369119334262,0.004332860985865938,0.0918306488511464,0.0003529356581610407,109,0.01827865344092916,0.06743726558175894,0.19474648252144955,0.17646782908052036,0.01827865344092919,0.01827865344092919,4
2019-12-27,1.2670150622589182,-0.001357136896004696,0.10497921856328027,0.0004117936667130447,106,0.014234352754815549,0.06396794030620771,0.220131186111338,0.20589683335652237,0.01423435275481564,0.01423435275481564,3
2019-12-30,1.2576255178167781,-0.0074107599205646135,0.13730601563546393,0.0005456576430771208,108,0.01254959289835833,0.04343576440594997,0.28537841443691886,0.2728288215385604,0.01254959289835841,0.01254959289835841,5
2019-12-31,1.2587047781714251,0.0008581730724743775,0.10027134482429333,0.0003965927711548257,105,0.010287555528557424,0.06686509064842541,0.20858394110597034,0.19829638557741283,0.01028755552855751,0.01028755552855751,5
2020-01-02,1.2736709003919486,0.011890097249225962,0.0919618489797249,0.000364261788520564,104,0.008370165770675952,0.04308587167746382,0.19050106003095785,0.182130894260282,0.00837016577067582,0.00837016577067582,5
2020-01-03,1.2648360879602774,-0.0069364954706530035,0.1283156098121558,0.0005059819776514496,108,0.012064596994191823,0.04121996279871639,0.2650555858199166,0.2529909888257248,0.012064596994191833,0.012064596994191833,4
2020-01-06,1.2665196339954372,0.0013310388999689948,0.16463502518351564,0.000649678864387914,109,0.016471350370652504,0.06483062707523053,0.3413107825646096,0.324839432193957,0.0164713503706526,0.0164713503706526,3
2020-01-07,1.269216484980556,0.0021293400534274642,0.09890525700904007,0.00038561398391137125,114,0.011426491638968472,0.06446432741337697,0.20423348359465415,0.19280699195568562,0.011426491638968526,0.011426491638968526,3
2020-01-08,1.2764387093011966,0.00569030138365334,0.08636757609028248,0.00033534304090122364,109,0.006294397505090532,0.0652163833237239,0.1739659179557023,0.16767152045061182,0.006294397505090472,0.006294397505090472,3
2020-01-09,1.2832154347878708,0.0053090880410420205,0.11954188360143278,0.00047402346148882747,108,0.004186152080614014,0.06801635686854186,0.2411978828250276,0.23701173074441373,0.004186152080613866,0.004186152080613866,3
2020-01-10,1.2798567478707976,-0.0026173990945085324,0.11736139175360982,0.0004681362810053081,111,0.004849815837085991,0.0696628903546204,0.23891795633974003,0.23406814050265407,0.00484981583708598,0.00484981583708598,3
2020-01-13,1.2917625732743396,0.009302467188885721,0.12791085164726185,0.0004942595948751014,110,0.013494647281529493,0.061761195754444755,0.2606244447190802,0.2471297974375507,0.013494647281529487,0.013494647281529487,3
2020-01-14,1.2894697422745816,-0.0017749631760473061,0.10701637517535446,0.0004251039133992593,108,0.014993689197235649,0.06428288459627773,0.2275456458968654,0.21255195669962965,0.014993689197235776,0.014993689197235776,4
2020-01-15,1.2897935156596092,0.00025109033148495996,0.0966887181797817,0.0003792032335602768,111,0.011208421564308235,0.06557862357469608,0.20081003834444677,0.1896016167801384,0.011208421564308374,0.011208421564308374,3
2020-01-16,1.2987070807384982,0.006910846558513262,0.11911618058836825,0.0004756618028840048,110,0.011527658429077436,0.06370008314292021,0.24935855987107988,0.2378309014420024,0.011527658429077495,0.011527658429077495,3
2020-01-17,1.3042258994737586,0.004249471506786673,0.11499771779313386,0.0004554916691413064,109,0.009224049709249615,0.06718462262000652,0.23696988427990273,0.2277458345706532,0.009224049709249536,0.009224049709249536,4
2020-01-21,1.3002805146499916,-0.0030250778069649265,0.12959217405557416,0.0005037609135738145,107,0.0019434857043219012,0.0639515196171585,0.2538239424912291,0.25188045678690724,0.001943485704321824,0.001943485704321824,2
2020-01-22,1.3022041782849383,0.0014794220272265068,0.14117359197071885,0.0005552168139172725,108,0.0066783142370461235,0.07295265313835922,0.2842867211956824,0.27760840695863626,0.006678314237046133,0.006678314237046133,4
2020-01-23,1.3057498139994927,0.002722795529057631,0.187971792726435,0.00075165112236576,104,0.006537149527204189,0.05209090721460781,0.382362710710084,0.37582556118287996,0.006537149527204002,0.006537149527204002,2
2020-01-24,1.2934040879411204,-0.009454893981993062,0.1538708979292487,0.0006143627612466417,106,0.00715590826853596,0.06461563762556273,0.31433728889185675,0.30718138062332084,0.0071559082685358575,0.0071559082685358575,2
2020-01-27,1.2677516581600776,-0.019833267901508744,0.24856720008863362,0.0009726634456042133,111,0.018096281355003407,0.07135997255682597,0.50442800415711,0.4863317228021066,0.018096281355003376,0.018096281355003376,4
2020-01-28,1.2855896962937483,0.014070609191361383,0.14499764392437312,0.0005720111113018769,110,0.01384524883513738,0.07365941200278107,0.29985080448607576,0.28600555565093844,0.013845248835137311,0.013845248835137311,2
2020-01-29,1.2801626126969752,-0.004221474092721,0.3935575861070721,0.0015464654604177045,112,0.0,0.05714099670556664,0.7732327302088522,0.7732327302088522,0.0,0.0,0
2020-01-30,1.284237780849197,0.0031833207061378044,0.11082646280298127,0.00044330585121192507,111,0.0,0.06153007548982931,0.22165292560596253,0.22165292560596253,0.0,0.0,0
2020-01-31,1.25456819526134,-0.023102875519078858,0.21937863230912627,0.0008775145292365051,115,0.0,0.0815047763429499,0.43875726461825254,0.43875726461825254,0.0,0.0,0
2020-02-03,1.2673737949851551,0.010207177076689389,0.13070427885776414,0.0005218381225868727,110,0.0004894964220919507,0.06371865286065467,0.26140855771552807,0.26091906129343634,0.0004894964220917032,0.0004894964220917032,1
2020-02-04,1.2976776555367306,0.023910752038178718,0.11054828829013089,0.0004412374440091786,111,1.1102230246251565e-16,0.06387889581168311,0.22061872200458935,0.2206187220045893,0.0,2.0944075466988732e-16,0
2020-02-05,1.2972343955525505,-0.0003415794225083424,0.19054488011121945,0.0007586831036640245,115,0.0017482083904267753,0.06582725738747679,0.3810897602224391,0.37934155183201224,0.0017482083904268922,0.0017482083904268922,1
2020-02-06,1.3015093729203457,0.0032954548402752692,0.21051441229249654,0.0008409024979349788,111,0.0011634253101865388,0.08197823257244242,0.42161467427767607,0.42045124896748937,0.0011634253101866774,0.0011634253101866774,1
2020-02-07,1.2891099887761261,-0.009526926507181233,0.112770015684839,0.0004507489992788551,112,0.0013396180618368003,0.056882326169870136,0.22671411770126443,0.22537449963942754,0.0013396180618368621,0.0013396180618368621,1
2020-02-10,1.3002218486852095,0.008619791954007638,0.12012439027515048,0.0004802352138295499,114,0.0011963580476233027,0.08462694666064918,0.24131396496239824,0.24011760691477493,0.001196358047623314,0.001196358047623314,2
2020-02-11,1.305853385071323,0.00433121193264685,0.1574559237039118,0.0006133973972477517,112,0.009403616819298244,0.0865301961222104,0.31610231544317413,0.3066986986238759,0.009403616819298287,0.009403616819298287,2
2020-02-12,1.3195384301080169,0.010479771460673248,0.0966465355939406,0.0003727158500896559,114,0.002367476440547245,0.08760962264248351,0.18872540148537525,0.18635792504482795,0.002367476440547295,0.002367476440547295,1
2020-02-13,1.3229527544658073,0.0025875141488005404,0.08895804463601284,0.0003555993033725204,112,0.002476964257178804,0.08679285229414647,0.18027661594343905,0.17779965168626022,0.0024769642571788333,0.0024769642571788333,1
2020-02-14,1.3197011114845731,-0.0024578678038635893,0.21359741523783765,0.000853379899485809,114,0.0019760675758699886,0.08459584778705306,0.4286660173187745,0.4266899497429045,0.001976067575870041,0.001976067575870041,1
2020-02-18,1.322764253224994,0.0023210874900112533,0.07797940165050701,0.00030797583780267125,113,0.0,0.07123122181679621,0.15398791890133562,0.15398791890133562,0.0,0.0,0
2020-02-19,1.3317902870616085,0.006823614876655837,0.12288532946548066,0.0004910224637752439,115,0.0002594270433393664,0.06044776284747466,0.24577065893096134,0.24551123188762194,0.00025942704333941296,0.00025942704333941296,1
2020-02-20,1.3209246557075718,-0.008158665414214838,0.06644637218203127,0.0002620488834026633,114,0.0021297951532416315,0.05968694925863379,0.13315423685457328,0.13102444170133165,0.0021297951532416276,0.0021297951532416276,2
2020-02-21,1.2995588430004885,-0.016174891289040483,0.06218613941243223,0.0002450640077372553,117,0.0003240052580540942,0.06336798463134578,0.12285600912668189,0.12253200386862766,0.0003240052580542286,0.0003240052580542286,1
2020-02-24,1.2507301319361792,-0.03757329752885297,0.10673939600141706,0.0004239414303931708,109,0.0018445885613465052,0.06230657036545034,0.21381530375793187,0.2119707151965854,0.0018445885613464646,0.0018445885613464646,1
2020-02-25,1.2087176547684104,-0.03359036141771998,0.32330107202663605,0.001269385424158811,108,0.013815711665174035,0.08371875259486741,0.6485084237445794,0.6346927120794055,0.013815711665173947,0.013815711665173947,3
2020-02-26,1.2064207132171925,-0.00190031273404212,0.2629944392960741,0.0010506305602459238,103,0.013153874510082986,0.056472645614054115,0.5384691546330449,0.5253152801229619,0.01315387451008307,0.01315387451008307,3
2020-02-27,1.1624105478088587,-0.03647994843438218,0.17931325604634307,0.0007046303639718082,109,0.007330945286802892,0.052997160512167726,0.3596461272727072,0.3523151819859041,0.007330945286803041,0.007330945286803041,1
2020-02-28,1.1695564476023221,0.006147483612337634,0.36358680213074107,0.0014415041524576512,106,0.013697178787601905,0.06948230268032479,0.7344492550164277,0.7207520762288256,0.013697178787602009,0.013697178787602009,5
2020-03-02,1.2100188516704247,0.03459636698258861,0.18883886586487136,0.000745295375976408,107,0.008199241398429202,0.05806755019840556,0.38084692938663317,0.37264768798820397,0.00819924139842921,0.00819924139842921,4
2020-03-03,1.1733997089501602,-0.030263282815562675,0.20027471032107838,0.0007940020718207433,108,0.004900023004655418,0.061313644545804326,0.40190105891502714,0.3970010359103716,0.0049000230046555154,0.0049000230046555154,3
2020-03-04,1.2224868894918692,0.04183329871934882,0.15561860607498387,0.0006188473822178249,111,0.006513880152503981,0.06314310597416313,0.3159375712614163,0.3094236911089125,0.006513880152503797,0.006513880152503797,4
2020-03-05,1.1812325747139634,-0.033746222665057224,0.15729418986846466,0.000614427983178877,107,0.014111622189891482,0.04806023947244905,0.32132561377932994,0.3072139915894385,0.01411162218989141,0.01411162218989141,5
2020-03-06,1.1497548616651614,-0.026648192508934465,0.19931928560355394,0.0007952999497640956,104,0.013497840242842618,0.0519931735775079,0.4111478151248904,0.3976499748820478,0.013497840242842663,0.013497840242842663,5
2020-03-09,1.0429556300186014,-0.0928886975888803,0.16337062508460762,0.0006469158968798822,110,0.011587098672045548,0.03904257907320056,0.33504504711198657,0.3234579484399411,0.011587098672045531,0.011587098672045531,3
2020-03-10,1.100066022798112,0.054758218984341855,0.21237888474376607,0.0008324465571388355,108,0.002441913743417512,0.0831611164235406,0.41866519231283533,0.41622327856941777,0.002441913743417531,0.002441913743417531,3
2020-03-11,1.0297708977119104,-0.06390082379546635,0.18945654817471172,0.0007377231342872926,112,0.012658210580127505,0.06351759893801164,0.38151977772377377,0.36886156714364626,0.012658210580127513,0.012658210580127513,5
2020-03-12,0.9105990635362798,-0.11572655086721062,0.11973366355142195,0.0004707578965698057,112,0.01021969708318271,0.060437944145012315,0.24559864536808557,0.23537894828490283,0.010219697083182731,0.010219697083182731,5
2020-03-13,0.9947985486161754,0.09246603521961672,0.16961526963479073,0.0006757522661778238,113,0.007993976991413243,0.05991657498856662,0.3458701100803249,0.3378761330889119,0.007993976991413,0.007993976991413,3
2020-03-16,0.8600087971884702,-0.13549451958409653,0.19206840456302968,0.0007648516447105856,113,0.00752881906727243,0.05595627812899966,0.3899546414225653,0.38242582235529277,0.007528819067272554,0.007528819067272554,3
2020-03-17,0.8975062403675509,0.04360123210560962,0.18988785644003245,0.000757965572205059,111,0.006415873145440121,0.03610941636650334,0.3853986592479696,0.3789827861025295,0.0064158731454401164,0.0064158731454401164,2
2020-03-18,0.8192399643400898,-0.0872041580406272,0.16362749972187796,0.0006528310318260535,111,0.0061847428840093865,0.043743158207820994,0.33260025879703614,0.32641551591302675,0.0061847428840094,0.0061847428840094,2
2020-03-19,0.882059045469824,0.07667970785621514,0.14868981135138382,0.0005938319815081951,110,0.005277230575984171,0.04295168372581759,0.30219322133008164,0.2969159907540975,0.005277230575984135,0.005277230575984135,2
2020-03-20,0.8752220874234652,-0.007751134214282862,0.19825008768528576,0.0007890498457526582,108,0.007289510600082316,0.07197627807434427,0.40181443347641116,0.3945249228763291,0.007289510600082036,0.007289510600082036,2
2020-03-23,0.8735576414828189,-0.0019017412432382752,0.18509443521980287,0.0007342259119561363,107,0.004222122969754438,0.0723290328318326,0.3713350789478226,0.36711295597806815,0.004222122969754473,0.004222122969754473,2
2020-03-24,0.987029251342456,0.12989596160709538,0.18207586446803153,0.000725433125758014,111,0.0022988592384146633,0.07269969880958645,0.3650154221174218,0.362716562879007,0.002298859238414768,0.002298859238414768,1
2020-03-25,1.0221435480289118,0.035575740677084244,0.21964683259423626,0.0008778439811472907,107,0.0018462618512848916,0.05266962499530483,0.44076825242493034,0.43892199057364534,0.0018462618512850235,0.0018462618512850235,2
2020-03-26,1.0818421242838772,0.05840527621593594,0.23644466911219783,0.0009438908627669495,104,0.002686641144162283,0.04832466724322133,0.4746320725276371,0.4719454313834748,0.002686641144162347,0.002686641144162347,3
2020-03-27,1.0343214748824534,-0.0439256785576545,0.20103613653321226,0.0008037397640574927,104,0.0026054260154909636,0.04500043812203511,0.4044753080442372,0.4018698820287463,0.002605426015490935,0.002605426015490935,2
2020-03-30,1.063519846599136,0.028229493852480303,0.1474195431373005,0.000587861937712756,113,0.001624288431125831,0.040748433268995674,0.2955552572875041,0.29393096885637804,0.001624288431126048,0.001624288431126048,1
2020-03-31,1.063637738091646,0.00011085029855051332,0.12500710296283377,0.0004969153543912891,108,0.003179830083847701,0.04120367266103798,0.2516375072794924,0.24845767719564457,0.003179830083847837,0.003179830083847837,4
2020-04-01,1.007477855041706,-0.0527998218178124,0.14193307809414915,0.0005658152829008599,109,0.002396669267151874,0.04527562297568646,0.28530431071758167,0.2829076414504299,0.0023966692671517397,0.0023966692671517397,2
2020-04-02,1.0251519432765868,0.017542904934768178,0.12994653869299155,0.0005177549149581838,111,0.0013385101924315856,0.045895439516506126,0.26021596767152355,0.2588774574790919,0.0013385101924316856,0.0013385101924316856,1
2020-04-03,1.0061096364858815,-0.018575106759142757,0.15466389962612428,0.0006182061681231278,105,0.0015877157894949034,0.045054801560736935,0.3106907998510589,0.3091030840615639,0.0015877157894950385,0.0015877157894950385,3
2020-04-06,1.1099340543977367,0.1031939404481712,0.08917628192329621,0.0003551762299962015,107,0.0006742391395349046,0.04528414148675568,0.17826235413763553,0.17758811499810076,0.0006742391395347621,0.0006742391395347621,2
2020-04-07,1.1248838923807678,0.01346912271391032,0.15805354679118694,0.0006308844829206843,112,0.0013297108310169614,0.04098522961894679,0.3167719522913592,0.31544224146034217,0.0013297108310170403,0.0013297108310170403,1
2020-04-08,1.1719667373526077,0.041855737548335936,0.1145100981410855,0.00045784165670262594,111,0.0013750743325281478,0.039720841646261745,0.23029590268384115,0.22892082835131297,0.0013750743325281695,0.0013750743325281695,1
2020-04-09,1.1816882339334662,0.008295027726485493,0.12916593554961317,0.0005166634318975293,111,0.001362902133479671,0.04529815994380532,0.25969461808224437,0.2583317159487647,0.0013629021334796863,0.0013629021334796863,2
2020-04-13,1.1855246591684139,0.003246562946791265,0.16143122528974846,0.0006448877395876243,113,0.0017761964156879362,0.03828012481013039,0.3242200662095,0.3224438697938122,0.0017761964156878596,0.0017761964156878596,1
2020-04-14,1.221834100020441,0.030627318100237888,0.15772137829403451,0.0006307437508318878,111,0.0017932070407723488,0.06502977070654747,0.3171650824567161,0.31537187541594386,0.0017932070407722692,0.0017932070407722692,1
2020-04-15,1.1887123373907837,-0.027108232311655933,0.13407767793371692,0.0005315259732247655,116,0.0042345617415938674,0.0570131539459619,0.26999754835397677,0.26576298661238273,0.004234561741594032,0.004234561741594032,2
2020-04-16,1.1864166537251133,-0.0019312356685970977,0.12413975451274332,0.0004957543263575769,111,0.004642997984655395,0.057733426500060116,0.25252016116344395,0.24787716317878844,0.004642997984655528,0.004642997984655528,3
2020-04-17,1.243547334823821,0.04815397771038432,0.1498601062635903,0.0005986728258076022,114,0.004810838442683485,0.04659359034527259,0.30414725134648446,0.2993364129038011,0.004810838442683402,0.004810838442683402,3
2020-04-20,1.2257928732221761,-0.01427727043792848,0.1363519878791463,0.0005439388861359591,113,0.004143331536999417,0.05066917310544683,0.2761127746049789,0.27196944306797954,0.00414333153699936,0.00414333153699936,3
2020-04-21,1.1799558290573087,-0.037393792349581956,0.16668684123146005,0.0006664468924048627,114,0.0041511802415706844,0.05086972464155396,0.33737462644400223,0.33322344620243133,0.004151180241570894,0.004151180241570894,2
2020-04-22,1.2210400154999588,0.03481841051242829,0.1512768312792798,0.0006046427327809582,111,0.0037767842835813026,0.04410255687663883,0.3060981506740605,0.3023213663904791,0.0037767842835813954,0.0037767842835813954,2
2020-04-23,1.2206997499047991,-0.0002786686683813322,0.20407257717880467,0.0008147600968951896,111,0.004539864927535886,0.06757712686555067,0.4119199133751306,0.4073800484475948,0.004539864927535825,0.004539864927535825,2
2020-04-24,1.2393028110286968,0.015239669808524647,0.1427570538102093,0.0005661135160312912,110,0.0020118363259690186,0.06576927261458118,0.28506859434161463,0.2830567580156456,0.002011836325969045,0.002011836325969045,2
2020-04-27,1.2694542399773379,0.024329347662508383,0.1307145761797064,0.0005223148856221745,112,0.002234735911376684,0.0561216589260346,0.263392178722464,0.26115744281108727,0.0022347359113767114,0.0022347359113767114,2
2020-04-28,1.2765226186449243,0.005568045263067312,0.15413327548921654,0.0006147856586033477,111,0.0030947171014928943,0.05278376123778585,0.3104875464031668,0.30739282930167383,0.003094717101492931,0.003094717101492931,2
2020-04-29,1.330761681740595,0.04248969998921548,0.13675216896176695,0.0005422687385431204,113,0.005336941786754923,0.04933921858757268,0.27647131105831524,0.2711343692715602,0.005336941786755053,0.005336941786755053,2
2020-04-30,1.3083340233340774,-0.01685324931897858,0.16235794869755435,0.0006457678459310616,115,0.003592948510622973,0.059903155561830936,0.32647687147615384,0.3228839229655308,0.0035929485106230433,0.0035929485106230433,1
2020-05-01,1.2707122784992517,-0.02875545859378692,0.1761088081568069,0.0007001606340999318,111,0.005834033419102824,0.051687546627725275,0.3559143504690687,0.3500803170499659,0.0058340334191028425,0.0058340334191028425,2
2020-05-04,1.2837862088228105,0.010288662937135928,0.15609712543096976,0.000619482313617086,110,0.0033179489687357178,0.052682780896639435,0.3130591057772788,0.30974115680854303,0.0033179489687357403,0.0033179489687357403,2
2020-05-05,1.3002938051112762,0.012858524398390747,0.17823286065087252,0.0007117271019880471,108,0.0038756654846525684,0.05796555795499749,0.3597392164786762,0.35586355099402356,0.0038756654846526187,0.0038756654846526187,2
2020-05-06,1.300715000353694,0.0003239231324199121,0.14350409749878898,0.0005706347742790151,114,0.005563007458200153,0.08881682670462086,0.2908803945977076,0.28531738713950755,0.005563007458200045,0.005563007458200045,3
2020-05-07,1.3435096353520009,0.032900854519760214,0.11651375964680075,0.0004651037515736242,106,0.004907661249160866,0.08983669754243928,0.23745953703597314,0.2325518757868121,0.004907661249161035,0.004907661249161035,2
2020-05-08,1.3755898264107604,0.023877901739316254,0.1467624309699072,0.0005869040493359051,106,0.004717559038644459,0.05830763473517214,0.29816958370659724,0.29345202466795256,0.0047175590386447025,0.0047175590386447025,2
2020-05-11,1.377772857334397,0.0015869780960307,0.19005705654420568,0.000759123868663153,109,0.004154329943924617,0.05742554418358905,0.38371626427550104,0.3795619343315765,0.004154329943924579,0.004154329943924579,2
2020-05-12,1.3714349669118402,-0.004600098186590018,0.1161492171379442,0.0004638237404245078,110,0.004558156867196406,0.0567652689703975,0.2364700270794501,0.2319118702122539,0.00455815686719622,0.00455815686719622,2
2020-05-13,1.3469156454675846,-0.017878588511905602,0.1492057759875189,0.0005966055964177703,108,0.00452961109588379,0.04643023231491714,0.30283240930476896,0.2983027982088851,0.00452961109588387,0.00452961109588387,2
2020-05-14,1.3700477903141912,0.017174160033293084,0.13045257063206106,0.0005198824567084403,106,0.0034869042740414136,0.045739720821205226,0.2634281326282617,0.2599412283542202,0.0034869042740415515,0.0034869042740415515,2
2020-05-15,1.3757346282239316,0.0041508317811571604,0.1331904520415287,0.000530098319368036,114,0.0021389053894631527,0.04732947952092276,0.2671880650734811,0.265049159684018,0.0021389053894630724,0.0021389053894630724,1
2020-05-18,1.4314369465565302,0.04048914462850295,0.11989475728984797,0.00047799008276291715,112,0.0028491635570323526,0.039750945384054666,0.241844204938491,0.23899504138145858,0.002849163557032417,0.002849163557032417,2
2020-05-19,1.4316904361638834,0.000177087511932017,0.20549535849778175,0.0008192024366169466,112,0.004235824153699275,0.05005755344501367,0.41383704246217257,0.4096012183084733,0.004235824153699265,0.004235824153699265,2
2020-05-20,1.4592945590707607,0.019280790183135332,0.13750882651915808,0.0005453591748262275,110,0.006491498269972862,0.058912352620047924,0.2791710856830867,0.27267958741311377,0.006491498269972887,0.006491498269972887,3
2020-05-21,1.4439626133749341,-0.010506409141681106,0.12504230028609392,0.0005001003185594226,118,0.006591585198777117,0.057363066564604444,0.2566417444784885,0.2500501592797113,0.006591585198777154,0.006591585198777154,2
2020-05-22,1.4514601635405973,0.005192343691045709,0.13705538425976221,0.0005457566993503899,114,0.005321538553320959,0.05579757520038438,0.2781998882285159,0.2728783496751949,0.005321538553320953,0.005321538553320953,2
2020-05-26,1.4546108991352318,0.0021707351491817573,0.10214025564508783,0.00040491024362589455,116,0.00713325132280207,0.057232178776648955,0.20958837313574924,0.20245512181294728,0.007133251322801964,0.007133251322801964,2
2020-05-27,1.4700920989670572,0.010642846029153885,0.13090865141319338,0.0005179049857638246,113,0.00418966731659709,0.0433589061839622,0.2631421601985095,0.2589524928819123,0.004189667316597195,0.004189667316597195,2
2020-05-28,1.4612657311280977,-0.00600395570125245,0.13337640500533765,0.000526274798751816,112,0.00782816623303273,0.05118696997213648,0.27096556560894053,0.26313739937590797,0.007828166233032546,0.007828166233032546,3
2020-05-29,1.4939949330122044,0.02239784399709399,0.12786839412169387,0.000506794822159056,112,0.005313415733599669,0.039517392629044724,0.2587108268131274,0.25339741107952796,0.005313415733599395,0.005313415733599395,3
2020-06-01,1.5086035842866994,0.009778246867973461,0.2319140560294445,0.000923940632456418,111,0.0033993053886932634,0.057212611068218774,0.4653696216169022,0.461970316228209,0.0033993053886931697,0.0033993053886931697,2
2020-06-02,1.5196389689748333,0.007314966504836873,0.13299667981238472,0.0005233883670735629,115,0.007672030006346198,0.038884914093906646,0.2693662135431277,0.2616941835367814,0.007672030006346257,0.007672030006346257,2
2020-06-03,1.5338525085187724,0.009353234441946245,0.15789234116719156,0.0006304240778653776,110,0.00816878825195888,0.03845429345674359,0.32338082718464783,0.31521203893268884,0.008168788251958976,0.008168788251958976,3
2020-06-04,1.5230770073862108,-0.0070251220848915885,0.1747710739538295,0.0006976039207137309,111,0.007480654541794363,0.0661600513094285,0.35628261489866003,0.34880196035686545,0.0074806545417945534,0.0074806545417945534,2
2020-06-05,1.5452777254142394,0.014576228201440555,0.14332592658201396,0.0005715887638663128,110,0.00822643817085733,0.056355502548129766,0.2940208201040137,0.28579438193315637,0.008226438170857345,0.008226438170857345,2
2020-06-08,1.558487102273725,0.008548221877685114,0.17873652771772436,0.0007149243993320705,109,0.008140025577821008,0.06587294837166674,0.36560222524385605,0.3574621996660352,0.00814002557782081,0.00814002557782081,2
2020-06-09,1.5607250914867103,0.001436001112694596,0.16507352465931202,0.0006529876647321289,114,0.0044698285865358844,0.05030126285332259,0.3309636609526004,0.32649383236606444,0.004469828586535957,0.004469828586535957,2
2020-06-10,1.57547395909985,0.009450009930378256,0.16427199357435504,0.0006566954840239226,112,0.004228831118980647,0.04555649894629592,0.3325765731309419,0.3283477420119613,0.004228831118980559,0.004228831118980559,2
2020-06-11,1.4985132024883328,-0.048849272415450784,0.2070788556712532,0.000819065661902922,113,0.009067254565905625,0.056462217072831354,0.4186000855173667,0.409532830951461,0.009067254565905717,0.009067254565905717,2
2020-06-12,1.5114167246521724,0.008610883202372133,0.18069496698591142,0.0007120040006269317,114,0.0035955096053242874,0.04985400650387525,0.35959750991878997,0.35600200031346585,0.0035955096053241296,0.0035955096053241296,2
2020-06-15,1.5378627034077208,0.017497476588817396,0.126958694748901,0.0005061705185379275,110,0.004364020721983164,0.07090250153032181,0.25744927999094686,0.25308525926896375,0.004364020721983149,0.004364020721983149,2
2020-06-16,1.5609642670510662,0.015021863520166656,0.12191771480322396,0.0004853138778803483,112,0.005475839284003081,0.0683582488238169,0.2481327782241774,0.24265693894017415,0.005475839284003238,0.005475839284003238,2
2020-06-17,1.5652790608540859,0.002764184865788888,0.15011886645451786,0.0006003784635566476,114,0.005505967393090949,0.045962652340666,0.30569519917141474,0.3001892317783238,0.005505967393090989,0.005505967393090989,2
2020-06-18,1.5655859097801879,0.00019603464569084572,0.10492994993517263,0.00041847622509798223,122,0.006124371900776526,0.045522930799664234,0.21536248444976788,0.2092381125489911,0.006124371900776773,0.006124371900776773,2
2020-06-19,1.5653702000478773,-0.0001377821114529887,0.1342683948341334,0.0005335408560374798,111,0.007888309442569907,0.06175221634917161,0.27465873746130964,0.2667704280187399,0.007888309442569718,0.007888309442569718,2
2020-06-22,1.5847072765391799,0.012353037313928228,0.12319999466352605,0.00048825909208305754,113,0.0055178060831783116,0.06366311383801872,0.24964735212470696,0.24412954604152876,0.005517806083178192,0.005517806083178192,2
2020-06-23,1.5802805064906158,-0.002793430757907278,0.18222975747773887,0.0007139548946056879,115,0.013011380022395325,0.0590144029927097,0.3699888273252396,0.3569774473028439,0.013011380022395654,0.013011380022395654,3
2020-06-24,1.5417309648400852,-0.024394113255335248,0.1785033212075723,0.0007070675271786445,113,0.0168001662835503,0.04524783563993959,0.37033392987287267,0.35353376358932226,0.016800166283550362,0.016800166283550362,2
2020-06-25,1.5615133755700497,0.01283129883300771,0.11657514834989963,0.00045639993020167965,115,0.011629427249507773,0.04413831378076962,0.2398293923503476,0.2281999651008398,0.01162942724950776,0.01162942724950776,2
2020-06-26,1.5329625378850684,-0.018284081412084263,0.10797228403593709,0.00041951803203432004,106,0.018026603294664434,0.056974807243940086,0.22778561931182448,0.20975901601716002,0.01802660329466444,0.01802660329466444,3
2020-06-29,1.5410567974164102,0.005280141772093794,0.11116827127346758,0.00044052921484139825,117,0.015852085552721884,0.05633835593875145,0.23611669297342114,0.22026460742069912,0.01585208555272203,0.01585208555272203,2
2020-06-30,1.5705161026675094,0.019116300775213313,0.10416485792772624,0.00041640680795618814,111,0.01567457130989247,0.05600294077057004,0.22387797528798647,0.20820340397809406,0.015674571309892436,0.015674571309892436,2
2020-07-01,1.584556335902389,0.00893988492765696,0.1335023267507916,0.0005325342143694903,114,0.016264957115448397,0.060354899992534426,0.28253206430019356,0.26626710718474517,0.0162649571154484,0.0162649571154484,4
2020-07-02,1.593921151012154,0.005910055008824688,0.13881013733418218,0.0005524170233638682,118,0.017572225838261457,0.06144442436323412,0.29378073752019546,0.27620851168193405,0.017572225838261422,0.017572225838261422,2
2020-07-06,1.6212981151254926,0.01717585847703562,0.10464688848990689,0.00041693371050811884,116,0.016441379756783614,0.06251778471931048,0.22490823501084278,0.20846685525405942,0.016441379756783357,0.016441379756783357,2
2020-07-07,1.6100438733232927,-0.0069415005773498795,0.13301262284511242,0.000523343118665477,115,0.012193954374031812,0.05934726500161314,0.2738655137067702,0.2616715593327385,0.012193954374031665,0.012193954374031665,2
2020-07-08,1.632556233601222,0.01398245144181165,0.12726701797151094,0.0005067774181094961,114,0.01316503663373092,0.07833228445986291,0.2665537456884787,0.25338870905474803,0.013165036633730719,0.013165036633730719,2
2020-07-09,1.6438943362556508,0.006944999762377835,0.08405870843420847,0.00033162755728505407,111,0.010766262064489607,0.07684462775725326,0.17658004070701658,0.16581377864252703,0.010766262064489551,0.010766262064489551,2
2020-07-10,1.649333385765551,0.0033086369299677454,0.09931240528868152,0.00039321271015287893,110,0.008708082911359827,0.0783163846003329,0.20531443798779925,0.19660635507643945,0.008708082911359797,0.008708082911359797,2
2020-07-13,1.6049611391434562,-0.026903139780620533,0.12848850747561597,0.0005137969819461383,110,0.009022760755043602,0.053882477084561266,0.2659212517281126,0.25689849097306916,0.009022760755043446,0.009022760755043446,2
2020-07-14,1.6309903611643701,0.016217976489328212,0.14901249655233956,0.0005941893361629089,115,0.007943164459781826,0.054125100928323955,0.3050378325412364,0.29709466808145446,0.007943164459781929,0.007943164459781929,2
2020-07-15,1.6364144766693742,0.003325657609117849,0.13337327737719779,0.00051818856639033,115,0.015565004920097936,0.05455697705849333,0.2746592881152631,0.259094283195165,0.015565004920098074,0.015565004920098074,2
2020-07-16,1.624894485885997,-0.007039775648296609,0.13895232267812946,0.0005451096556702254,118,0.021016628642188007,0.053009028849858766,0.29357145647730076,0.2725548278351127,0.02101662864218806,0.02101662864218806,2
2020-07-17,1.6370719097357516,0.0074942859093491965,0.11909498695446755,0.0004692670033392065,111,0.017294034334890962,0.08423295891323603,0.2519275360044942,0.23463350166960326,0.01729403433489092,0.01729403433489092,2
2020-07-20,1.676046842925615,0.023807709947301303,0.07974991485635885,0.0003121186146297247,111,0.0134460827496512,0.08586737568256649,0.16950539006451343,0.15605930731486234,0.013446082749651091,0.013446082749651091,2
2020-07-21,1.6660499015198151,-0.00596459546939021,0.11286060988775969,0.00044371983361549426,113,0.017382065301581928,0.08582174701578676,0.23924198210932893,0.22185991680774714,0.01738206530158179,0.01738206530158179,2
2020-07-22,1.676804993973487,0.006455444368059338,0.129667415739405,0.0005136382664510436,118,0.019777403483171918,0.08569702174908732,0.27659653670869366,0.2568191332255218,0.019777403483171887,0.019777403483171887,2
2020-07-23,1.6530341671976492,-0.014176261915530564,0.10719773316808774,0.0004175201438105309,114,0.02568882310695142,0.0875166825485946,0.23444889501221688,0.20876007190526547,0.025688823106951437,0.025688823106951437,2
2020-07-24,1.6418360333865327,-0.0067742905944288,0.16448011222148398,0.0006353726795833345,113,0.01457371563478449,0.08807283703396329,0.33226005542645154,0.31768633979166727,0.014573715634784294,0.014573715634784294,2
2020-07-27,1.6711427844693196,0.017849986531442763,0.15210579486728676,0.0006014557918424849,111,0.010825831540931308,0.08566850983509573,0.3115537274621737,0.30072789592124244,0.010825831540931261,0.010825831540931261,2
2020-07-28,1.6518903829327567,-0.011520500651101884,0.20345168097849184,0.0008133696773883261,115,0.011161619346197638,0.08319882578760297,0.4178464580403607,0.40668483869416305,0.011161619346197657,0.011161619346197657,2
2020-07-29,1.6812513234164586,0.017774145782951223,0.2478217530239364,0.000989158628879068,112,0.012020039504761049,0.062050420778547305,0.5065993539442951,0.49457931443953396,0.012020039504761128,0.012020039504761128,3
2020-07-30,1.6861675387252022,0.0029241406327957797,0.2287204105615709,0.0009132043042474868,114,0.012812717949273078,0.08539454249959665,0.46941487007301624,0.4566021521237434,0.012812717949272833,0.012812717949272833,3
2020-07-31,1.6898978560132132,0.0022123052438971502,0.1932065546278905,0.00074578511141508,113,0.026295453984006456,0.060214243063712924,0.39918800969154616,0.37289255570754,0.026295453984006147,0.026295453984006147,4
2020-08-03,1.7119968539720674,0.013077120537326348,0.21252631137433087,0.0008077020308608479,116,0.004733451878919492,0.08668407041769328,0.4085844673093435,0.40385101543042395,0.0047334518789195895,0.0047334518789195895,2
2020-08-04,1.7220484597507069,0.00587127584686753,0.2956165320441002,0.0011454322892734475,116,0.023217351945999498,0.0868459755249808,0.5959334965827232,0.5727161446367237,0.023217351945999488,0.023217351945999488,3
2020-08-05,1.7218519685299807,-0.00011410318891647009,0.1943888915868163,0.0007764991185185952,111,0.02373019502590712,0.05487011440754749,0.4119797542852046,0.38824955925929755,0.02373019502590707,0.02373019502590707,4
2020-08-06,1.722275828749522,0.00024616530763843514,0.18331758212033217,0.0007237154087510034,113,0.018929725366405803,0.08713353409686536,0.3807874297419073,0.3618577043755017,0.01892972536640562,0.01892972536640562,4
2020-08-07,1.6954666185196703,-0.015566153680108719,0.278029396586362,0.0010904896657400274,116,0.008394118297193831,0.0804705511135414,0.5536389511672074,0.5452448328700137,0.008394118297193762,0.008394118297193762,3
2020-08-10,1.6831461742873526,-0.0072666982043414485,0.22865427217710857,0.0009017697155841954,112,0.014871623908791265,0.05110678876302984,0.4657564817008889,0.4508848577920977,0.014871623908791213,0.014871623908791213,2
2020-08-11,1.6612697494464952,-0.012997341036122378,0.12882008697002184,0.0005076130393766472,115,0.011226158144512222,0.05198430101652216,0.2650326778328358,0.2538065196883236,0.011226158144512204,0.011226158144512204,2
2020-08-12,1.6910642624118626,0.01793478330373155,0.1319346669673115,0.0005251767061631616,116,0.009741594081807192,0.08276181074367943,0.272329947163388,0.2625883530815808,0.009741594081807192,0.009741594081807192,2
2020-08-13,1.6956502062336167,0.002711868450944399,0.1260600518917622,0.0005039286473855442,115,0.009554571725986505,0.052712993549102895,0.26151889541875883,0.2519643236927721,0.00955457172598669,0.00955457172598669,2
2020-08-14,1.6936074544865365,-0.0012047011462450463,0.07467809467518767,0.00029781428255615944,116,0.009114199020501701,0.05265886227269964,0.15802134029858145,0.14890714127807972,0.00911419902050173,0.00911419902050173,2
2020-08-17,1.7191693535823178,0.015093166381657808,0.11427126372473638,0.0004569364914455597,118,0.00890029786076707,0.06745883519632796,0.237368543583547,0.22846824572277985,0.00890029786076715,0.00890029786076715,2
2020-08-18,1.7261375097840725,0.004053211038944404,0.09666992499612405,0.0003834456157835881,115,0.010478011800821974,0.07294708822109874,0.20220081969261616,0.19172280789179402,0.010478011800822137,0.010478011800822137,2
2020-08-19,1.720711037321722,-0.003143708094860531,0.12391589777143895,0.0004889176104716182,119,0.013878906757989307,0.0685780716167476,0.2583377119937985,0.2444588052358091,0.013878906757989407,0.013878906757989407,2
2020-08-20,1.73599741376955,0.008883755677897565,0.11827484814042584,0.00046923467645783285,117,0.011817882464471796,0.08089425671624807,0.24643522069338827,0.23461733822891642,0.011817882464471841,0.011817882464471841,2
2020-08-21,1.7329219996011052,-0.001771554579546808,0.1528272408408992,0.0006078923740822974,110,0.010123364252690337,0.0735966660530175,0.314069551293839,0.30394618704114873,0.010123364252690297,0.010123364252690297,3
2020-08-24,1.7395208413699281,0.003807927748820772,0.08784589331287271,0.00034877151722373373,112,0.008775416086962196,0.07167935987634667,0.1831611746988292,0.17438575861186686,0.008775416086962333,0.008775416086962333,2
2020-08-25,1.7486720131008908,0.005260742793834927,0.12568813661326533,0.00048723262226939485,116,0.016485201270669325,0.07979732880112214,0.2601015124053667,0.24361631113469742,0.016485201270669277,0.016485201270669277,2
2020-08-26,1.7759656833821766,0.015608227315816903,0.09566008908315608,0.00037254924002986774,113,0.011180245537724565,0.08107305627100424,0.1974548655526584,0.18627462001493386,0.01118024553772455,0.01118024553772455,2
2020-08-27,1.7560281641153512,-0.011226297587493939,0.14422906173643982,0.0005760066657226023,109,0.010845879718252793,0.07144255692314137,0.298849212579554,0.28800333286130114,0.010845879718252828,0.010845879718252828,2
2020-08-28,1.770594742669999,0.008295185038781128,0.18016145972773714,0.0007159280882528418,108,0.013107825645526261,0.07405712279010199,0.3710718697719471,0.3579640441264209,0.013107825645526247,0.013107825645526247,2
2020-08-31,1.7689672910882444,-0.0009191553225220694,0.16374748090315075,0.0006419515741014975,110,0.01963063728234038,0.0715977633348254,0.3406064243330892,0.32097578705074875,0.019630637282340397,0.019630637282340397,3
2020-09-01,1.7986839600684894,0.016798879849250214,0.17029406384093485,0.0006546719923263558,108,0.006041542031409497,0.07970672625468679,0.33337753819458743,0.3273359961631779,0.006041542031409556,0.006041542031409556,2
2020-09-02,1.8292895924128587,0.017015569729772917,0.18154434540743153,0.0007195886485835191,113,0.009230553525577667,0.051607307225639575,0.36902487781733717,0.35979432429175956,0.009230553525577619,0.009230553525577619,2
2020-09-03,1.7433438567205504,-0.04698312178059505,0.15747207382395423,0.000628686756702668,118,0.00907875538934133,0.06523534759530163,0.32342213374067524,0.314343378351334,0.009078755389341234,0.009078755389341234,3
2020-09-04,1.7214197654547414,-0.012575884660557368,0.17977431015542814,0.0007132534721833979,107,0.012109709181704509,0.07337222375673538,0.36873644527340355,0.3566267360916989,0.012109709181704616,0.012109709181704616,2
2020-09-08,1.6704113260634461,-0.029631610148161958,0.19147308247709963,0.0007600903309129463,112,0.015371010717581401,0.05816572843327126,0.39541617617405445,0.38004516545647316,0.015371010717581294,0.015371010717581294,2
2020-09-09,1.7036451824395018,0.01989561245036331,0.17819855842438115,0.000695413633159026,112,0.00637037978433852,0.06208839551949173,0.35407719636385154,0.34770681657951297,0.006370379784338592,0.006370379784338592,2
2020-09-10,1.678130917147443,-0.014976278837312895,0.15681592071779468,0.0006107879398971121,114,0.0147011562754229,0.062052220244291884,0.32009512622397895,0.30539396994855605,0.014701156275422891,0.014701156275422891,3
2020-09-11,1.6741021864235601,-0.002400724927189235,0.10855128453867412,0.00042387258094782283,114,0.009564009625067538,0.06457544750166465,0.2215003000989789,0.2119362904739114,0.009564009625067475,0.009564009625067475,3
2020-09-14,1.7001000082419297,0.015529411543216298,0.11056748213851278,0.00043975889145253386,111,0.01066913440287831,0.06454446291037266,0.23054858012914517,0.21987944572626691,0.010669134402878255,0.010669134402878255,3
2020-09-15,1.7164755197598496,0.009632087194007877,0.1309716386902091,0.0005234455397767829,110,0.010341309854426828,0.06648635309360254,0.2720640797428182,0.26172276988839144,0.010341309854426767,0.010341309854426767,3
2020-09-16,1.698923748509958,-0.010225471349773363,0.09678344409734743,0.00038361470673372954,114,0.008684604192373824,0.06293843469057643,0.2004919575592388,0.19180735336686477,0.008684604192374002,0.008684604192374002,3
2020-09-17,1.688759824565971,-0.0059825662881581865,0.116792599333627,0.0004648517491918303,112,0.009892135835524063,0.06416411512978477,0.24231801043143925,0.23242587459591513,0.009892135835524115,0.009892135835524115,4
2020-09-18,1.675609084454854,-0.007787217530768165,0.1252983520548642,0.0004915718387529143,113,0.005154087030945109,0.06864425748900574,0.2509400064074025,0.24578591937645716,0.005154087030945308,0.005154087030945308,3
2020-09-21,1.6715412530669704,-0.002427673271541697,0.157966060762255,0.0006298256075188612,115,0.004144058079398771,0.05983852060777686,0.3190568618388293,0.3149128037594306,0.004144058079398714,0.004144058079398714,4
2020-09-22,1.6938869415276383,0.01336831407520922,0.15472104467664208,0.0006155181043274094,109,0.005769909927854311,0.06766256515827533,0.3135289620915589,0.3077590521637047,0.005769909927854192,0.005769909927854192,3
2020-09-23,1.6554343065707513,-0.022700827318621553,0.13119334214019399,0.0005228062421839303,111,0.006884410691552101,0.06861222342868,0.2682875317835175,0.2614031210919651,0.006884410691552359,0.006884410691552359,4
2020-09-24,1.661719607116838,0.003796768329096034,0.13339090641712137,0.0005284942172786117,110,0.004320042241202637,0.06987980022733838,0.2685671508805084,0.26424710863930584,0.004320042241202564,0.004320042241202564,2
2020-09-25,1.6877482170401823,0.01566365938746128,0.10242194922083202,0.0004086131532779409,108,0.0037143583428030924,0.07101833726084875,0.20802093498177388,0.20430657663897045,0.0037143583428034394,0.0037143583428034394,2
2020-09-28,1.7199558343972288,0.019083188494507297,0.1341448264471217,0.0005277043871810553,112,0.00808033978837408,0.06930605757192884,0.2719325333789017,0.26385219359052764,0.008080339788374084,0.008080339788374084,3
2020-09-29,1.7166306179902795,-0.0019333149959136486,0.09489207652248313,0.0003630026712994406,115,0.01637587041946631,0.06934806080020516,0.1978772060691865,0.1815013356497203,0.01637587041946617,0.01637587041946617,4
2020-09-30,1.7250650429203467,0.004913360417596158,0.1578553378780821,0.000621242407877108,113,0.01119620780306374,0.06776175254543532,0.32181741174161776,0.31062120393855397,0.011196207803063794,0.011196207803063794,3
2020-10-01,1.7438628153256213,0.010896848488363142,0.12884710103947006,0.000514963762663314,118,0.011282136800720655,0.0658584269235727,0.26876401813237777,0.257481881331657,0.011282136800720727,0.011282136800720727,3
2020-10-02,1.7126908872991993,-0.017875218023157058,0.12860933401583485,0.0005115423067418622,113,0.010034086982322776,0.07147288858126272,0.26580524035325387,0.2557711533709311,0.010034086982322808,0.010034086982322808,3
2020-10-05,1.7480467953490109,0.02064348465447008,0.19357131338499037,0.0007621169413220831,116,0.015907801667248145,0.05430420076402948,0.39696627232828957,0.38105847066104154,0.015907801667248044,0.015907801667248044,4
2020-10-06,1.7303446239199018,-0.010126829256635883,0.150121640314528,0.0005988747356511735,107,0.015255008288867056,0.052615366842623155,0.3146923761144538,0.2994373678255868,0.015255008288866976,0.015255008288866976,4
2020-10-07,1.7621354713341606,0.01837255248162073,0.1480068051419612,0.0005883897922910641,112,0.01315226319260332,0.10356893539493207,0.3073471593381351,0.294194896145532,0.013152263192603113,0.013152263192603113,4
2020-10-08,1.7773311262419398,0.00862343171394997,0.12509421165900753,0.0004978184113364141,114,0.014312541426053094,0.06589239974040847,0.2632217470942601,0.248909205668207,0.014312541426053104,0.014312541426053104,4
2020-10-09,1.800538426384809,0.013057386887686873,0.13695315883452505,0.0005397980229115752,115,0.010113133289612719,0.064619102494273,0.2800121447454005,0.2698990114557876,0.010113133289612875,0.010113133289612875,3
2020-10-12,1.8233935093949094,0.012693471394548128,0.166545600817805,0.0006613377146203582,114,0.012402111529062676,0.06698901133746443,0.3430709688392418,0.3306688573101791,0.01240211152906271,0.01240211152906271,3
2020-10-13,1.830461318798115,0.0038761843599799395,0.16888893167517458,0.0006730929986319561,116,0.011114544701899876,0.06446992749844682,0.3476610440178776,0.3365464993159781,0.011114544701899522,0.011114544701899522,3
2020-10-14,1.8210965976684648,-0.00511604426352974,0.09110407141860542,0.0003633540002559597,115,0.011698783039099214,0.06419189950432354,0.19337578316707915,0.18167700012797983,0.011698783039099324,0.011698783039099324,3
2020-10-15,1.8185144109793356,-0.0014179295554310745,0.1581065807991544,0.0006321632843302124,113,0.011839508034265256,0.08252523941276906,0.32792115019937174,0.3160816421651062,0.011839508034265497,0.011839508034265497,3
2020-10-16,1.8105746441465835,-0.004366073089558942,0.07605119558189061,0.00030199482386255823,115,0.012992814956270582,0.08270819184881523,0.16399022688755,0.1509974119312791,0.012992814956270879,0.012992814956270879,3
2020-10-19,1.7926166773880912,-0.009918379679373479,0.08556263999455918,0.0003401781554375519,114,0.012082307171574769,0.08143425549182154,0.18217138489035087,0.17008907771877593,0.012082307171574928,0.012082307171574928,3
2020-10-20,1.7987601122390877,0.0034270767021691295,0.12620155155169185,0.0005047869577885362,116,0.012044587646801386,0.06629563490992814,0.2644380665410696,0.2523934788942681,0.012044587646801497,0.012044587646801497,2
2020-10-21,1.7840396752908245,-0.008183657647344189,0.19820499145372883,0.0007925277053632803,117,0.012280475530961121,0.07955530759182389,0.4085443282126011,0.3962638526816401,0.012280475530961003,0.012280475530961003,2
2020-10-22,1.7808846897433153,-0.0017684503272019647,0.17393552941222973,0.0006871665880969387,119,0.008006012957755937,0.10474867245884271,0.3515893070062251,0.3435832940484693,0.008006012957755784,0.008006012957755784,2
2020-10-23,1.791206416856692,0.00579584246684961,0.1615890320639688,0.0006463030806732283,116,0.007981258051602658,0.06786464355589351,0.3311327983882168,0.32315154033661414,0.007981258051602682,0.007981258051602682,2
2020-10-26,1.754753885557056,-0.020350826658830812,0.3550759346973785,0.0014040325014470412,116,0.0,0.05675495434081639,0.7020162507235206,0.7020162507235206,0.0,0.0,0
2020-10-27,1.7485319593781592,-0.0035457543249272083,0.22472317743915468,0.0008988927097566187,117,0.0,0.07194824686204947,0.44944635487830936,0.44944635487830936,0.0,0.0,0
2020-10-28,1.6892542729210915,-0.03390140291067312,0.20215743176776235,0.0008086297270710493,114,1.1102230246251565e-16,0.06938428632471118,0.4043148635355246,0.4043148635355246,0.0,0.0,0
2020-10-29,1.7101890141470302,0.012392889313068256,0.20246589264749457,0.000809863570589978,117,0.0,0.061843855184790554,0.4049317852949891,0.404931785294989,0.0,2.1476012157864433e-16,0
2020-10-30,1.6777531301910282,-0.018966256763250033,0.19366224205731863,0.0007746489682292746,115,0.0,0.07771585107415073,0.38732448411463727,0.38732448411463727,0.0,0.0,0
2020-11-02,1.6845156287727119,0.004030687506995534,0.2709153523984585,0.0010836614095938338,118,1.1102230246251565e-16,0.08400878661792772,0.5418307047969169,0.5418307047969169,0.0,0.0,0
2020-11-03,1.7280100385475023,0.025820128369173467,0.3159343998428972,0.0012637375993715884,114,0.0,0.07389575593643699,0.6318687996857942,0.6318687996857942,0.0,0.0,0
2020-11-04,1.7858304804032374,0.033460709466905936,0.142765654407454,0.000571062617629816,114,0.0,0.07458309520785247,0.285531308814908,0.285531308814908,0.0,0.0,0
2020-11-05,1.836482066748203,0.0283630427976167,0.30465785924509686,0.001218631436980387,120,2.220446049250313e-16,0.06908679298428007,0.6093157184901935,0.6093157184901935,0.0,0.0,0
2020-11-06,1.8503732340905708,0.007564009251102899,0.2813617016934382,0.0011254468067737524,121,0.0,0.07255772827787053,0.5627234033868762,0.5627234033868762,0.0,0.0,0
2020-11-09,1.8165402432714501,-0.01828441429858285,0.38261180476430323,0.0015225722955272067,121,0.003937461765003092,0.04561954368194221,0.7652236095286064,0.7612861477636034,0.003937461765002971,0.003937461765002971,1
2020-11-10,1.781266515593598,-0.019418082152876992,0.30936228860298753,0.0012349686413409384,116,0.0027702183178658357,0.06633272462023325,0.6202545389883349,0.6174843206704692,0.002770218317865703,0.002770218317865703,1
2020-11-11,1.8238321523163201,0.02389627624507229,0.1657698484364227,0.0006628801931885484,116,0.002803372193012188,0.043395306829166515,0.33424346878728634,0.3314400965942742,0.0028033721930121303,0.0028033721930121303,1
2020-11-12,1.8146564667674498,-0.00503099231868287,0.11726388625285414,0.0004662544610698696,113,0.004216775528390615,0.06527637022591508,0.2373440060633255,0.2331272305349348,0.004216775528390677,0.004216775528390677,1
2020-11-13,1.8293705822870452,0.008108485429094259,0.10599796734567832,0.00042052304402723874,119,0.0024466872118399374,0.047169432315332376,0.21270820922545933,0.21026152201361936,0.002446687211839969,0.002446687211839969,1
2020-11-16,1.842026996181396,0.006918452727346258,0.08661719081570438,0.00034389884442257514,117,0.001144081176274958,0.04703582162768599,0.17309350338756263,0.17194942221128756,0.0011440811762750533,0.0011440811762750533,1
2020-11-17,1.8465424815896145,0.002451367660506243,0.10285501949572004,0.0004104988258677671,119,0.0006801889178016385,0.0388410602819372,0.20592960185168513,0.20524941293388355,0.000680188917801592,0.000680188917801592,1
2020-11-18,1.8331324409869965,-0.007262243212013186,0.11808268293691312,0.00047075817913001924,121,0.0014711185127688209,0.05966196506532134,0.23685020807777848,0.2353790895650096,0.0014711185127688727,0.0014711185127688727,1
2020-11-19,1.8577057269264239,0.013405079409426923,0.07457728850111932,0.00029830770497627586,117,0.0014519503828703817,0.05997760052523912,0.1506058028710084,0.14915385248813792,0.0014519503828704437,0.0014519503828704437,1
2020-11-20,1.8565880283175789,-0.0006016553605043828,0.10629077479782634,0.00042510199297450107,118,0.0014216537755230574,0.05923668823662174,0.2139726502627734,0.21255099648725054,0.0014216537755228408,0.0014216537755228408,1
2020-11-23,1.864484070125627,0.004252985416050237,0.1138207117773553,0.0004547618126080795,117,0.001154472082008584,0.05820271927612841,0.2285353783860485,0.22738090630403973,0.0011544720820087706,0.0011544720820087706,1
2020-11-24,1.8715383164963217,0.0037834843878390423,0.07679691820098265,0.00030666415472806885,113,0.001411526955767517,0.058014605026088926,0.15474360431980203,0.15333207736403442,0.0014115269557676093,0.0014115269557676093,1
2020-11-25,1.8793666687087007,0.004182843676443948,0.11968511415145044,0.000477862566881903,117,0.0009660307844258087,0.057747524309444805,0.23989731422537736,0.2389312834409515,0.0009660307844258695,0.0009660307844258695,1
2020-11-27,1.900402164563906,0.011192864173577455,0.2281859342023696,0.0009118892907079531,112,0.0013816897064266032,0.055038219940895555,0.4573263350604029,0.45594464535397655,0.0013816897064263523,0.0013816897064263523,1
2020-11-30,1.9126499511141632,0.006444839296985139,0.11519994657497865,0.0004546666259206346,114,0.004438797964828156,0.055403133580053505,0.2317721109251452,0.2273333129603173,0.004438797964827918,0.004438797964827918,1
2020-12-01,1.9210668642207505,0.004400655280222265,0.14624368873405807,0.0005847016552974755,113,0.004280216108629609,0.05771592339352391,0.2966310437573673,0.29235082764873777,0.004280216108629571,0.004280216108629571,1
2020-12-02,1.9127362052485353,-0.0043364752822355745,0.18473548323285585,0.0007384621078864638,113,0.004055770933868774,0.0647030255229395,0.3732868248771008,0.3692310539432319,0.0040557709338688895,0.0040557709338688895,1
2020-12-03,1.910441971912576,-0.001199450990504558,0.2082006455794008,0.0007867526110721172,116,0.027082432376767662,0.05413758448503498,0.4204587379128261,0.3933763055360586,0.027082432376767482,0.027082432376767482,1
2020-12-04,1.9306069922230797,0.010555159804365166,0.11205578183783278,0.0004466933500492792,116,0.026022698915755038,0.05234530976512281,0.24936937394039463,0.2233466750246396,0.026022698915755028,0.026022698915755028,1
2020-12-07,1.9413222593196102,0.005550206302833205,0.1478539051270108,0.0005871608144884451,116,0.0279912726044238,0.06707047795773896,0.3215716798486464,0.2935804072442225,0.027991272604423828,0.027991272604423828,1
2020-12-08,1.9410559095539488,-0.00013720018115626065,0.1589731056027923,0.0005799346660066637,116,0.0,0.06938581427911653,0.28996733300333183,0.28996733300333183,0.0,0.0,0
2020-12-09,1.9089187276370327,-0.016556546237919134,0.1979183836653713,0.0007916735346614851,115,0.0,0.0736712538367835,0.39583676733074263,0.3958367673307426,0.0,2.1249515547768633e-16,0
2020-12-10,1.9144906974510993,0.002918914112683968,0.1646133294815907,0.0006584533179263628,117,0.0,0.06984624644971091,0.3292266589631814,0.3292266589631814,0.0,0.0,0
2020-12-11,1.916009679184633,0.0007934129612412466,0.11469617117679347,0.00045878468470717367,115,1.1102230246251565e-16,0.06791886768012954,0.22939234235358683,0.22939234235358683,0.0,0.0,0
2020-12-14,1.9272603012609202,0.005871902526648487,0.10435110102655457,0.0004174044041062183,115,1.1102230246251565e-16,0.06775266501879348,0.20870220205310913,0.20870220205310913,0.0,0.0,0
2020-12-15,1.9411885749363058,0.007226981049873293,0.1334240418131496,0.0005336961672525982,116,0.0,0.06780263214850629,0.26684808362629914,0.2668480836262991,0.0,2.1640251846337041e-16,0
2020-12-16,1.9505213309930178,0.004807753444055818,0.12612628235277037,0.0005045051294110811,116,2.220446049250313e-16,0.06811312721644301,0.2522525647055405,0.2522525647055405,0.0,0.0,0
2020-12-17,1.965150256476535,0.007500007947141896,0.15930878829143655,0.0006372351531657458,116,0.0,0.04005149127102727,0.3186175765828729,0.3186175765828729,0.0,0.0,0
2020-12-18,1.9787642044296687,0.006927688052486669,0.12537022345003698,0.0005014808938001477,116,1.1102230246251565e-16,0.04493742445834303,0.25074044690007385,0.25074044690007385,0.0,0.0,0
2020-12-21,1.968720076562998,-0.005075959957323795,0.10354678030340138,0.0004141871212136053,116,0.0,0.04123290840651696,0.20709356060680265,0.20709356060680265,0.0,0.0,0
2020-12-22,1.9697083033969678,0.0005019641165517896,0.1571401342193593,0.0006285605368774372,116,0.0,0.03568778700600922,0.3142802684387187,0.3142802684387186,0.0,2.1667272197354454e-16,0
2020-12-23,1.9577537107473775,-0.006069219807305126,0.13207526537217681,0.000528301061488707,116,1.1102230246251565e-16,0.04333573818776364,0.2641505307443535,0.2641505307443535,0.0,0.0,0
2020-12-24,1.968532914902007,0.0055059040856138,0.0,0.0,116,1.1041437152323539e-16,0.04345890520711942,0.0,0.0,0.0,0.0,0
2020-12-28,1.9686418344868872,5.533033461402326e-05,0.0,0.0,116,1.1040826259712174e-16,0.0430141807796749,0.0,0.0,0.0,0.0,0
2020-12-29,1.9669625518070428,-0.000853015845963756,0.0,0.0,116,1.1050252300025994e-16,0.04262892948620799,0.0,0.0,0.0,0.0,0
2020-12-30,1.9849505708915973,0.009145074504864903,0.0,0.0,116,1.0950112703515676e-16,0.04216981440646404,0.0,0.0,0.0,0.0,0
2020-12-31,1.9922221393339852,0.003663349883378464,0.0,0.0,116,1.0910145025010661e-16,0.04208750171544758,0.0,0.0,0.0,0.0,0
2021-01-04,1.9782840022641068,-0.006996276567099113,0.0,0.0,116,1.0987013208060624e-16,0.04251514597544024,0.0,0.0,0.0,0.0,0
2021-01-05,1.990367071334452,0.006107853602675961,0.4188609981339387,0.0016754439925357545,112,0.0,0.06618007393214494,0.8377219962678772,0.8377219962678772,0.0,0.0,0
2021-01-06,1.9621493700301493,-0.014177134313915207,0.0467890676030702,0.00018715627041228082,114,0.0,0.06404505773157783,0.0935781352061404,0.0935781352061404,0.0,0.0,0
2021-01-07,2.022540151160068,0.030777871477231322,0.09076551806557517,0.0003630620722623007,115,0.0,0.06142817276689794,0.18153103613115035,0.18153103613115035,0.0,2.103623265165e-16,0
2021-01-08,2.046322977699483,0.011758889694117647,0.05458637774465221,0.00021834551097860863,115,1.1102230246251565e-16,0.06109392400859157,0.10917275548930432,0.10917275548930432,0.0,0.0,0
2021-01-11,2.0395829063598168,-0.0032937475721666054,0.05244274672477702,0.00020977098689910808,114,1.1102230246251565e-16,0.06132689819579103,0.1048854934495541,0.10488549344955404,0.0,2.1273401876881204e-16,0
2021-01-12,2.046042811583979,0.0031672677801029003,0.04696233564903686,0.00018784934259614744,115,1.1102230246251565e-16,0.06102725799084821,0.09392467129807375,0.09392467129807372,0.0,2.1738253558334364e-16,0
2021-01-13,2.044454993228908,-0.0007760435637423901,0.05159606788247527,0.00020638427152990085,111,0.0,0.060508126805327384,0.1031921357649504,0.10319213576495043,0.0,2.1738592371513266e-16,0
2021-01-14,2.0427297913964466,-0.000843844368389246,0.04035114545338092,0.00016140458181352368,115,0.0,0.059781261106662,0.08070229090676184,0.08070229090676184,0.0,0.0,0
2021-01-15,2.019650353567459,-0.011298331245862103,0.04772334999779526,0.00019089339999118083,114,0.0019759584819570293,0.061336892931313426,0.09544669999559047,0.09544669999559041,0.0,2.1907660147785224e-16,0
2021-01-19,2.0538775897917705,0.016947109762763368,0.06273387518672874,0.0002470504013122316,112,0.0,0.06105680917114358,0.12352520065611582,0.12352520065611582,0.0,0.0,0
2021-01-20,2.093065421483964,0.01907992564258243,0.043535966545123816,0.00017414386618049528,113,0.0,0.05967137539706744,0.08707193309024763,0.08707193309024763,0.0,0.0,0
2021-01-21,2.0894100967108677,-0.0017463977645306716,0.062150163416297144,0.00024860065366518857,115,0.0,0.06269588545515913,0.12430032683259429,0.12430032683259429,0.0,0.0,0
2021-01-22,2.0806010127393297,-0.004216062698943257,0.043754239942330186,0.00017501695976932075,117,0.0,0.06256688975222861,0.08750847988466037,0.08750847988466037,0.0,0.0,0
2021-01-25,2.0715453291725616,-0.00435243639281202,0.056469753474604686,0.00022587901389841875,114,0.0,0.06233832799035093,0.11293950694920937,0.11293950694920937,0.0,0.0,0
2021-01-26,2.04212808480779,-0.014200627884170758,0.05144476669502501,0.00020577906678009982,110,1.1102230246251565e-16,0.06287815490362067,0.10288953339004991,0.10288953339004991,0.0,0.0,0
2021-01-27,1.961000146344535,-0.03972715475919375,0.07963036287355542,0.00031852145149422145,113,0.0,0.0634790627670198,0.15926072574711073,0.15926072574711073,0.0,0.0,0
2021-01-28,2.0143015943182583,0.027180746555823365,0.08449450295369071,0.0003379780118147626,114,1.1102230246251565e-16,0.06211315139465817,0.1689890059073813,0.1689890059073813,0.0,0.0,0
2021-01-29,1.9739514382773973,-0.020031834435655815,0.05974559391558593,0.00023898237566234351,115,0.0,0.05870427618811525,0.11949118783117176,0.11949118783117176,0.0,0.0,0
2021-02-01,2.0244489033819297,0.025581918645678492,0.08235675081777662,0.00032942700327110623,115,1.1102230246251565e-16,0.05698915902037098,0.16471350163555312,0.16471350163555312,0.0,0.0,0
2021-02-02,2.0700396472111833,0.022520076329460403,0.07007210206474995,0.0002802884082589998,110,1.1102230246251565e-16,0.05733505876217475,0.1401442041294999,0.1401442041294999,0.0,2.2112303307841863e-16,0
2021-02-03,2.0505785754215076,-0.009401303890915425,0.0908473697641483,0.000363389479056593,108,0.0,0.07627555287448143,0.18169473952829648,0.18169473952829648,0.0,0.0,0
2021-02-04,2.0774114666443566,0.013085522078730039,0.09247650592380606,0.00036990602369522404,111,1.1102230246251565e-16,0.06199739469562903,0.18495301184761204,0.184953011847612,0.0,2.1511929001805975e-16,0
2021-02-05,2.0852450289322286,0.0037708284630417754,0.05721519665862579,0.00022886078663450293,107,0.0,0.06372882488417579,0.11443039331725147,0.11443039331725147,0.0,0.0,0
2021-02-08,2.1145984514194502,0.014076725794786915,0.10828998737289082,0.0004331599494915633,111,0.0,0.06378100257060958,0.21657997474578164,0.21657997474578164,0.0,0.0,0
2021-02-09,2.119843279819264,0.0024802952051219407,0.09465504939510425,0.000378620197580417,116,0.0,0.08915785441332184,0.18931009879020852,0.1893100987902085,0.0,2.1964919575019615e-16,0
2021-02-10,2.1196182752609163,-0.00010614207214743043,0.05535865741349132,0.0002214346296539653,113,0.0,0.08848448290466193,0.11071731482698265,0.11071731482698265,0.0,0.0,0
2021-02-11,2.149778267392173,0.014228973435107761,0.05452228738732072,0.00021808914954928266,114,1.1102230246251565e-16,0.09346586508425615,0.10904457477464137,0.10904457477464133,0.0,2.1002012520580926e-16,0
2021-02-12,2.1645251955898783,0.006859743826322484,0.06040465218236343,0.0002416186087294535,114,0.0,0.08973264290785309,0.12080930436472676,0.12080930436472676,0.0,0.0,0
2021-02-16,2.1660564356143666,0.0007074253640513284,0.08761831078300956,0.00035047324313203807,112,1.1102230246251565e-16,0.06891029988865524,0.17523662156601902,0.17523662156601902,0.0,0.0,0
2021-02-17,2.1478587137878495,-0.00840131472445016,0.08504103183851291,0.00034016412735405146,114,0.0,0.05650593889286782,0.17008206367702572,0.17008206367702572,0.0,0.0,0
2021-02-18,2.1267455767238785,-0.009829853764793062,0.08204974480208035,0.0003281989792083212,116,1.1102230246251565e-16,0.08713808014993288,0.1640994896041606,0.1640994896041606,0.0,0.0,0
2021-02-19,2.1466273952211234,0.009348470599793934,0.06463365050668411,0.00025853460202673623,111,0.0,0.05808710067672512,0.1292673010133681,0.1292673010133681,0.0,0.0,0
2021-02-22,2.0834372901466796,-0.02943692287498023,0.05919500388315044,0.00023678001553260175,113,0.0,0.05921208740890448,0.11839000776630088,0.11839000776630088,0.0,0.0,0
2021-02-23,2.066932605879321,-0.007921853153639469,0.08517947225487278,0.00034071788901949115,116,0.0,0.06123525322684547,0.17035894450974556,0.17035894450974556,0.0,0.0,0
2021-02-24,2.106720064786972,0.019249519212419797,0.09112377539856253,0.00036449510159425016,114,0.0,0.054391570432268374,0.18224755079712507,0.18224755079712507,0.0,0.0,0
2021-02-25,2.018333478275839,-0.041954594722137584,0.06518014308796694,0.00026072057235186754,111,1.1102230246251565e-16,0.0540487276912222,0.13036028617593376,0.13036028617593376,0.0,0.0,0
2021-02-26,2.0306810608128703,0.006117711800321057,0.0580751400649053,0.0002323005602596212,116,1.1102230246251565e-16,0.05574126627678764,0.1161502801298106,0.1161502801298106,0.0,0.0,0
2021-03-01,2.0889792967640344,0.028708711119720398,0.08394510911610667,0.0003357804364644265,111,0.0,0.057587221113443006,0.16789021823221323,0.16789021823221323,0.0,0.0,0
2021-03-02,2.0514899863358487,-0.017946233591811578,0.09965253844694126,0.00039861015378776505,115,0.0,0.05570378598082767,0.19930507689388252,0.19930507689388252,0.0,0.0,0
2021-03-03,1.9847192022816718,-0.03254745794466962,0.09279396995297512,0.00037117587981190026,114,1.1102230246251565e-16,0.05523849936861925,0.18558793990595018,0.18558793990595013,0.0,2.275198258960831e-16,0
2021-03-04,1.9167816060388627,-0.034230331507200895,0.07501055715290292,0.00030004222861161145,113,0.0,0.05558110778521283,0.15002111430580573,0.15002111430580573,0.0,0.0,0
2021-03-05,1.931568439401525,0.007714406960123155,0.05426592459745257,0.00021706369838981026,112,0.0,0.0515957704030487,0.10853184919490513,0.10853184919490513,0.0,0.0,0
2021-03-08,1.866125015663274,-0.03388097589673178,0.05444944066608242,0.00021779776266432925,109,2.220446049250313e-16,0.053179978409800134,0.10889888133216462,0.10889888133216462,0.0,0.0,0
2021-03-09,1.9517810246518994,0.0459004666191567,0.08808586507475603,0.0003523434602990237,113,0.0,0.05342752609706626,0.17617173014951185,0.17617173014951185,0.0,0.0,0
2021-03-10,1.936451417844809,-0.007854163255749724,0.059433301556213174,0.00023773320622485204,110,3.3306690738754696e-16,0.0522603324968348,0.11886660311242601,0.11886660311242601,0.0,0.0,0
2021-03-11,2.006659660013694,0.03625613404080341,0.0423569294157516,0.00016942771766300621,110,2.220446049250313e-16,0.059591218894278285,0.0847138588315031,0.0847138588315031,0.0,0.0,0
2021-03-12,1.9859486957059742,-0.01032111459677143,0.09303516745177919,0.0003721406698071163,112,0.0,0.06944908926692632,0.18607033490355815,0.18607033490355815,0.0,0.0,0
2021-03-15,2.0147401313177586,0.014497572708719764,0.05963599470360121,0.00023854397881440485,113,0.0,0.04890252750768974,0.11927198940720242,0.11927198940720242,0.0,0.0,0
2021-03-16,2.0133770388885632,-0.0006765599235390996,0.05621354042171833,0.00022485416168687333,114,0.0,0.07103154576406265,0.11242708084343667,0.11242708084343667,0.0,0.0,0
2021-03-17,2.02179079690057,0.004178928163724116,0.07652870296518824,0.00030611481186075296,112,0.0,0.05501267446319597,0.15305740593037648,0.15305740593037648,0.0,0.0,0
2021-03-18,1.9485419377515023,-0.03622969263751685,0.08002073611823916,0.0003200829444729567,117,0.0,0.07022607581828023,0.16004147223647833,0.16004147223647833,0.0,0.0,0
2021-03-19,1.9628044463522796,0.007319580002078441,0.058568258176844114,0.00023427303270737602,113,2.220446049250313e-16,0.07055236605793161,0.117136516353688,0.117136516353688,0.0,0.0,0
2021-03-22,1.9874897511424565,0.0125765482323279,0.07639554455966459,0.0003055821782386579,113,0.0,0.08216554966843154,0.15279108911932895,0.15279108911932895,0.0,0.0,0
2021-03-23,1.9634986756324178,-0.012071043634941048,0.051171452656104066,0.00020468581062441606,110,1.1102230246251565e-16,0.07699373455998045,0.10234290531220805,0.10234290531220802,0.0,2.1797884677821067e-16,0
2021-03-24,1.934151675429138,-0.01494627960155237,0.07410119845712049,0.00029640479382848196,112,1.1102230246251565e-16,0.06891613043207448,0.14820239691424097,0.14820239691424097,0.0,0.0,0
2021-03-25,1.9319670997997898,-0.0011294748271815092,0.06550582169533468,0.00026202328678133854,112,0.0,0.07715548135749717,0.13101164339066926,0.13101164339066926,0.0,0.0,0
2021-03-26,1.9909435915448983,0.030526654284754873,0.07573403033801723,0.0003029361213520689,110,0.0,0.07070425952935494,0.15146806067603447,0.15146806067603447,0.0,0.0,0
2021-03-29,1.9736237388298694,-0.008699318648997645,0.08398259000880572,0.00033593036003522284,113,0.0,0.07474491175220307,0.16796518001761143,0.16796518001761143,0.0,2.1969324146345337e-16,0
2021-03-30,1.9702710616626131,-0.001698741812481419,0.04713023897234597,0.0001885209558893839,109,0.0,0.07209454361749772,0.09426047794469194,0.09426047794469194,0.0,0.0,0
2021-03-31,2.0071331599022715,0.01870915071378665,0.07079287765724462,0.0002831715106289785,109,0.0,0.06968832580259006,0.14158575531448925,0.14158575531448925,0.0,0.0,0
2021-04-01,2.0621339645312555,0.027402668506389505,0.049372288686370475,0.0001974891547454817,112,1.1102230246251565e-16,0.06985436519998833,0.09874457737274084,0.09874457737274084,0.0,0.0,0
2021-04-05,2.09412077453801,0.015511509221480368,0.06312812178782454,0.0002525124871512982,111,1.1102230246251565e-16,0.0685044016960352,0.12625624357564907,0.12625624357564907,0.0,2.2022179002254005e-16,0
2021-04-06,2.096276172330017,0.0010292614534050948,0.05028063988443825,0.00020112255953775278,109,0.0,0.06799718609235413,0.10056127976887638,0.10056127976887638,0.0,0.0,0
2021-04-07,2.088866911989311,-0.003534486742970744,0.06892290934302037,0.0002756916373720813,112,1.1102230246251565e-16,0.06802101207714893,0.13784581868604062,0.13784581868604062,0.0,0.0,0
2021-04-08,2.1170960589736225,0.013514095523408765,0.06314798544706078,0.0002525919417882429,110,0.0,0.07012287553575076,0.12629597089412145,0.12629597089412145,0.0,0.0,0
2021-04-09,2.1251550291997474,0.003806615288883819,0.047472134390221146,0.0001898885375608846,108,0.0,0.07000914414859251,0.09494426878044229,0.09494426878044229,0.0,0.0,0
2021-04-12,2.1190917440509405,-0.0028531025104037155,0.054458515683039235,0.0002178340627321567,108,1.1102230246251565e-16,0.06780275400914428,0.10891703136607836,0.10891703136607836,0.0,0.0,0
2021-04-13,2.1389396605816766,0.009366237486629014,0.04805222265761618,0.00019220889063046472,108,1.1102230246251565e-16,0.06918290314485166,0.09610444531523238,0.09610444531523236,0.0,2.220446049250313e-16,0
2021-04-14,2.121738428385594,-0.008041943638281479,0.07099420412764997,0.0002839768165105999,110,1.1102230246251565e-16,0.08196930804199509,0.14198840825529993,0.14198840825529993,0.0,0.0,0
2021-04-15,2.1543345791194812,0.015362944978420057,0.06401333815909742,0.00025605335263638966,108,1.1102230246251565e-16,0.06910516140980216,0.12802667631819484,0.12802667631819484,0.0,0.0,0
2021-04-16,2.150460273782573,-0.0017983768048192017,0.05055321788796058,0.00020221287155184231,108,1.1102230246251565e-16,0.06841543669771578,0.1011064357759212,0.10110643577592116,0.0,2.2063514210080015e-16,0
2021-04-19,2.12013999709012,-0.014099435856641529,0.04677335438651931,0.00018709341754607702,110,0.0,0.0669130640462685,0.09354670877303851,0.09354670877303851,0.0,0.0,0
2021-04-20,2.092600581796849,-0.012989432457794603,0.04475892373300385,0.00017903569493201495,105,2.220446049250313e-16,0.06690751434649421,0.08951784746600748,0.08951784746600748,0.0,0.0,0
2021-04-21,2.118484123869082,0.012369079076718803,0.055805895379829294,0.00022322358151931695,110,1.1102230246251565e-16,0.0676537783469017,0.11161179075965848,0.11161179075965848,0.0,0.0,0
2021-04-22,2.099135109482373,-0.00913342430500319,0.04414512691129548,0.00017658050764518172,110,0.0,0.06609277126084596,0.08829025382259084,0.08829025382259086,0.0,2.1914436411363258e-16,0
2021-04-23,2.1263313626247418,0.012955932669372228,0.05286786741493258,0.00021147146965973032,107,0.0,0.06614424994482135,0.10573573482986516,0.10573573482986516,0.0,0.0,0
2021-04-26,2.15747351223016,0.014645953190934646,0.06244780491864616,0.0002497912196745844,108,1.1102230246251565e-16,0.06837311860357272,0.12489560983729221,0.12489560983729221,0.0,0.0,0
2021-04-27,2.1414036868237045,-0.007448446210514215,0.057671184247412216,0.00023068473698964842,110,3.3306690738754696e-16,0.06591402931861198,0.11534236849482421,0.11534236849482421,0.0,0.0,0
2021-04-28,2.1403270212029106,-0.0005027849851099164,0.06070347613126779,0.0002428139045250707,111,1.1102230246251565e-16,0.06423764137938119,0.12140695226253535,0.12140695226253535,0.0,0.0,0
2021-04-29,2.1266514186074956,-0.006389492100944971,0.08838703821155965,0.00035354815284623835,108,0.0,0.06626854527045503,0.17677407642311918,0.17677407642311918,0.0,0.0,0
2021-04-30,2.106484477197083,-0.009482955802703863,0.08447844724337565,0.0003379137889735024,110,1.1102230246251565e-16,0.05829243327352023,0.1689568944867512,0.1689568944867512,0.0,0.0,0
2021-05-03,2.0850076319704436,-0.010195586750877506,0.11093315425521912,0.00044373261702087625,113,0.0,0.06492687154287852,0.22186630851043812,0.22186630851043812,0.0,0.0,0
2021-05-04,2.0528933197993813,-0.015402491424317932,0.0669446448714972,0.00026777857948598885,115,0.0,0.05776725613439544,0.1338892897429944,0.1338892897429944,0.0,0.0,0
2021-05-05,2.05386114915842,0.00047144649442065756,0.07033906038624865,0.00028135624154499464,113,0.0,0.06581354798225252,0.1406781207724973,0.1406781207724973,0.0,2.153869259596125e-16,0
2021-05-06,2.0484110596038603,-0.0026535822817395083,0.05895041696384395,0.0002358016678553758,111,0.0,0.06385957077884873,0.1179008339276879,0.1179008339276879,0.0,0.0,0
2021-05-07,2.0766431420424043,0.01378243019445713,0.07328368237217756,0.00029313472948871,112,1.1102230246251565e-16,0.06113796299508747,0.146567364744355,0.146567364744355,0.0,0.0,0
2021-05-10,2.021554756881542,-0.0265276127831392,0.06570155990892633,0.0002628062396357053,111,1.1102230246251565e-16,0.06862117120338712,0.13140311981785266,0.13140311981785266,0.0,0.0,0
2021-05-11,2.0324676393619603,0.005398262126351083,0.07934596059857468,0.00031738384239429854,115,0.0,0.060501237925532414,0.15869192119714925,0.15869192119714925,0.0,0.0,0
2021-05-12,1.966405978765591,-0.0325031795424342,0.09808653757517594,0.00039234615030070354,115,1.1102230246251565e-16,0.10140856195142357,0.19617307515035176,0.19617307515035176,0.0,2.1760276414962976e-16,0
2021-05-13,1.963245067620283,-0.001607456028633658,0.09005783777521247,0.00036023135110084986,113,1.1102230246251565e-16,0.0622577450942604,0.18011567555042493,0.18011567555042493,0.0,0.0,0
2021-05-14,2.0198065556439886,0.02881020253486022,0.056113722991348695,0.00022445489196539457,112,0.0,0.06543722477753418,0.11222744598269728,0.11222744598269728,0.0,0.0,0
2021-05-17,2.010653678867903,-0.004531561079703206,0.06534710335534295,0.00026138841342137183,116,0.0,0.06497772514979985,0.1306942067106859,0.1306942067106859,0.0,0.0,0
2021-05-18,2.0103372388124217,-0.00015738168079715287,0.0909139401073495,0.000363655760429398,113,0.0,0.09110031904734442,0.181827880214699,0.181827880214699,0.0,0.0,0
2021-05-19,2.031786802269677,0.01066963444895741,0.10413537282348159,0.00041654149129392593,112,2.220446049250313e-16,0.052259275253611084,0.20827074564696296,0.20827074564696296,0.0,0.0,0
2021-05-20,2.07824639439505,0.022866371645624328,0.06540971084425742,0.00026163884337702926,111,0.0,0.05565825699788707,0.13081942168851463,0.13081942168851463,0.0,0.0,0
2021-05-21,2.070597544131236,-0.0036804347571312013,0.10180252479456664,0.0004072100991782666,113,0.0,0.06080470669745472,0.20360504958913328,0.20360504958913328,0.0,0.0,0
2021-05-24,2.10071062906836,0.014543185865584896,0.0832083604848822,0.0003328334419395288,114,0.0,0.05524270349202374,0.1664167209697644,0.1664167209697644,0.0,0.0,0
2021-05-25,2.103758925070655,0.001451078487495927,0.07599176413024945,0.0003039670565209976,114,1.1102230246251565e-16,0.05665342888580636,0.15198352826049882,0.1519835282604988,0.0,2.2439596838660925e-16,0
2021-05-26,2.1145477813237767,0.005128370995626019,0.08581079846464611,0.0003432431938585844,110,1.1102230246251565e-16,0.09233228083479286,0.17162159692929221,0.17162159692929221,0.0,0.0,0
2021-05-27,2.1215207938185268,0.003297637705961254,0.08054955540774514,0.0003221982216309803,113,0.0,0.059983657453887985,0.16109911081549017,0.16109911081549017,0.0,0.0,0
2021-05-28,2.1265340559125447,0.0023630511228667217,0.057777818679922176,0.00023111127471968872,109,0.0,0.055932358132649705,0.11555563735984435,0.11555563735984435,0.0,0.0,0
2021-06-01,2.123536758145325,-0.00140947555431159,0.078185690510042,0.00031274276204016775,110,1.1102230246251565e-16,0.05668681563772968,0.15637138102008388,0.15637138102008388,0.0,0.0,0
2021-06-02,2.119289892204376,-0.00199990225017721,0.10016853899618822,0.00040067415598475263,106,0.0,0.07694968588700753,0.20033707799237632,0.20033707799237632,0.0,0.0,0
2021-06-03,2.0884701409459447,-0.014542489619659427,0.09229298287965104,0.00036917193151860396,109,1.1102230246251565e-16,0.06805429557936662,0.18458596575930197,0.18458596575930197,0.0,0.0,0
2021-06-04,2.1314116395328395,0.02056122218124945,0.07360441191409034,0.00029441764765636116,109,0.0,0.07714583658613626,0.14720882382818057,0.14720882382818057,0.0,0.0,0
2021-06-07,2.12638810258938,-0.0023569060289829746,0.07739200279734484,0.00030956801118937937,111,0.0,0.08915227873260954,0.1547840055946897,0.1547840055946897,0.0,0.0,0
2021-06-08,2.1240872075731283,-0.00108206729216076,0.05560151856287446,0.00022240607425149782,110,0.0,0.08191442579302596,0.11120303712574892,0.11120303712574892,0.0,0.0,0
2021-06-09,2.1192554930163947,-0.0022747251334628293,0.04387032786294777,0.00017548131145179085,112,1.1102230246251565e-16,0.08117934228399411,0.08774065572589543,0.08774065572589543,0.0,0.0,0
2021-06-10,2.15295409810513,0.015901152645248606,0.046704719470912884,0.00018681887788365133,112,0.0,0.0824568087034707,0.09340943894182566,0.09340943894182566,0.0,0.0,0
2021-06-11,2.1593647879258313,0.002977624941629564,0.10133812252909594,0.0004053524901163838,110,0.0,0.07018300793585859,0.20267624505819187,0.20267624505819187,0.0,0.0,0
2021-06-14,2.1830330154413393,0.010960736068240884,0.04579067699608649,0.000183162707984346,111,0.0,0.07033904047083753,0.09158135399217297,0.09158135399217299,0.0,2.0763530394281478e-16,0
2021-06-15,2.1589728507418537,-0.011021438764003966,0.06457621649554249,0.00025830486598217,112,0.0,0.06818625318580326,0.12915243299108498,0.12915243299108498,0.0,0.0,0
2021-06-16,2.1536250750518064,-0.0024769999716345303,0.07934415189509098,0.0003173766075803639,111,0.0,0.0785987793268686,0.15868830379018195,0.15868830379018195,0.0,0.0,0
2021-06-17,2.179193373283319,0.011872214215790322,0.08418720027356999,0.00033674880109428,110,0.0,0.07749985003232165,0.16837440054713998,0.16837440054713998,0.0,0.0,0
2021-06-18,2.162366286926069,-0.007721704078008096,0.0841679728958923,0.0003366718915835692,112,0.0,0.072758300204489,0.1683359457917846,0.1683359457917846,0.0,0.0,0
2021-06-21,2.1773679426216654,0.006937610795311633,0.07771004301036284,0.0003108401720414512,110,1.1102230246251565e-16,0.07307001723533396,0.15542008602072557,0.15542008602072557,0.0,0.0,0
2021-06-22,2.197732814199321,0.009352976673816293,0.06577277607526996,0.0002630911043010796,111,0.0,0.07268416122915394,0.1315455521505398,0.1315455521505398,0.0,0.0,0
2021-06-23,2.201865136699235,0.0018802660965950846,0.09084135925284234,0.00036336543701136935,114,0.0,0.06924621270999247,0.18168271850568468,0.18168271850568468,0.0,0.0,0
2021-06-24,2.2262491102170237,0.01107423570652566,0.06315564362957321,0.00025262257451829284,110,0.0,0.06999565837912891,0.12631128725914642,0.12631128725914642,0.0,0.0,0
2021-06-25,2.2298271762476847,0.0016072172760182024,0.055182063824102755,0.0002207282552964108,110,1.1102230246251565e-16,0.06995868442194932,0.1103641276482054,0.1103641276482054,0.0,0.0,0
2021-06-28,2.2530431508266497,0.010411557822177286,0.0476363750536982,0.00019054550021479257,111,0.0,0.07182467546810133,0.09527275010739629,0.09527275010739629,0.0,0.0,0
2021-06-29,2.2582969317036596,0.002331859855894125,0.08231271014517995,0.0003292508405807198,109,0.0,0.07423303054564485,0.1646254202903599,0.1646254202903599,0.0,0.0,0
2021-06-30,2.2429512124418083,-0.0067952619721599605,0.09148618918727469,0.00036594475674909854,109,1.1102230246251565e-16,0.07643751178462437,0.1829723783745493,0.18297237837454927,0.0,2.187123773105329e-16,0
2021-07-01,2.234788870256493,-0.0036391082160138755,0.07222059199826442,0.00028888236799305743,108,0.0,0.05556674106502751,0.14444118399652872,0.14444118399652872,0.0,0.0,0
2021-07-02,2.2465598193714227,0.0052671414609195555,0.08794949663236026,0.0003517979865294411,108,0.0,0.08081831515028648,0.17589899326472053,0.17589899326472053,0.0,0.0,0
2021-07-06,2.2462823878334,-0.0001234917208216002,0.06679759688470675,0.0002671903875388268,107,1.1102230246251565e-16,0.05573072391353828,0.1335951937694134,0.1335951937694134,0.0,0.0,0
2021-07-07,2.229730752118939,-0.007368457235879977,0.05788099321814952,0.00023152397287259807,108,1.1102230246251565e-16,0.05636818969364314,0.11576198643629904,0.11576198643629904,0.0,0.0,0
2021-07-08,2.203715251159912,-0.011667552655989732,0.07516264906091198,0.00030065059624364773,107,0.0,0.056673506392158124,0.15032529812182385,0.15032529812182385,0.0,0.0,0
2021-07-09,2.234217223936292,0.013841158815924848,0.07709627101888945,0.0003083850840755578,109,0.0,0.07888630977159646,0.1541925420377789,0.1541925420377789,0.0,0.0,0
2021-07-12,2.240404576653175,0.0027693604053333765,0.08103626031390103,0.0003241450412556039,109,1.1102230246251565e-16,0.08806229470564668,0.16207252062780195,0.16207252062780195,0.0,0.0,0
2021-07-13,2.2360340488189245,-0.0019507761588217765,0.057339012675866934,0.00022935605070346752,110,0.0,0.08155572284468764,0.11467802535173376,0.11467802535173376,0.0,0.0,0
2021-07-14,2.2211919580992823,-0.0066376854715078926,0.04708721933561634,0.00018834887734246535,114,0.0,0.08319816741654075,0.09417443867123268,0.09417443867123268,0.0,0.0,0
2021-07-15,2.1983400186546107,-0.010288142526963973,0.04943914802502403,0.0001977565921000959,115,1.1102230246251565e-16,0.08650308745887897,0.09887829605004794,0.09887829605004794,0.0,0.0,0
2021-07-16,2.177536474501317,-0.009463296840688806,0.06091464267220404,0.00024365857068881595,115,0.0,0.08510184608713693,0.12182928534440797,0.12182928534440797,0.0,0.0,0
2021-07-19,2.1596553467181527,-0.00821163181078699,0.04812855041737901,0.00019251420166951604,115,0.0,0.08072033242190821,0.09625710083475801,0.09625710083475802,0.0,2.110407999072507e-16,0
2021-07-20,2.198423929083779,0.017951282099034627,0.058253592344077246,0.00023301436937630854,114,2.220446049250313e-16,0.08027212496617502,0.11650718468815427,0.11650718468815427,0.0,0.0,0
2021-07-21,2.233775550537165,0.01608043880241028,0.06441275899602529,0.0002576510359841007,112,0.0,0.08165002378433017,0.12882551799205036,0.12882551799205036,0.0,0.0,0
2021-07-22,2.2446207862133174,0.004855114325852838,0.059299773490619725,0.00023719909396247891,111,0.0,0.0796505742794489,0.11859954698123945,0.11859954698123945,0.0,0.0,0
2021-07-23,2.269253703155789,0.010974199781882854,0.07617270268276889,0.00030469081073107536,109,1.1102230246251565e-16,0.08051271864440564,0.15234540536553767,0.15234540536553767,0.0,0.0,0
2021-07-26,2.2646146561339906,-0.0020443051454965833,0.08684010547509945,0.0003473604219003978,111,1.1102230246251565e-16,0.08453650069533496,0.17368021095019895,0.1736802109501989,0.0,2.1724701031178295e-16,0
2021-07-27,2.237930112627923,-0.011783260094069048,0.06715207377474411,0.0002686082950989762,113,0.0,0.08450431829931686,0.1343041475494881,0.1343041475494881,0.0,0.0,0
2021-07-28,2.265693955657625,0.012406036664433628,0.09716146010476401,0.0003886458404190558,113,1.1102230246251565e-16,0.07537412764111773,0.1943229202095279,0.1943229202095279,0.0,0.0,0
2021-07-29,2.2756677148731623,0.004402076984242109,0.07826733433357125,0.00031306933733428477,113,0.0,0.0827682227910594,0.15653466866714238,0.15653466866714238,0.0,0.0,0
2021-07-30,2.2789671873196164,0.001449892014062426,0.11475376526187055,0.0004590150610474822,113,0.0,0.07470485350678362,0.2295075305237411,0.2295075305237411,0.0,0.0,0
2021-08-02,2.2881276263643917,0.004019557234410831,0.10435271690135564,0.00041741086760542235,112,1.1102230246251565e-16,0.07795877865401082,0.20870543380271117,0.20870543380271117,0.0,0.0,0
2021-08-03,2.29214694535665,0.0017565973794235745,0.09716776095403701,0.0003886710438161478,116,0.0,0.07401676631537696,0.1943355219080739,0.1943355219080739,0.0,0.0,0
2021-08-04,2.3021098675226837,0.004346546012774732,0.07040356415818523,0.0002816142566327407,112,1.1102230246251565e-16,0.0745155973919986,0.14080712831637035,0.14080712831637035,0.0,0.0,0
2021-08-05,2.3347902486996146,0.014195839059626847,0.11592889292702648,0.0004637155717081059,113,1.1102230246251565e-16,0.05693177937164181,0.23185778585405298,0.23185778585405295,0.0,2.185751579730777e-16,0
2021-08-06,2.32444002608873,-0.004433041733256093,0.08650567938617204,0.000346022717544688,114,0.0,0.07526384731603643,0.17301135877234397,0.17301135877234397,0.0,0.0,0
2021-08-09,2.3230092124645343,-0.0006155519644028828,0.13454492215165018,0.0005381796886066007,112,0.0,0.08823031941340445,0.26908984430330035,0.26908984430330035,0.0,0.0,0
2021-08-10,2.2922117154770016,-0.013257587108257307,0.14079759438834094,0.0005631903775533633,115,2.220446049250313e-16,0.06415402724453559,0.28159518877668166,0.28159518877668166,0.0,0.0,0
2021-08-11,2.278552174549525,-0.005959109638628668,0.09287292706767158,0.0003714917082706859,114,0.0,0.06886636155446424,0.18574585413534295,0.18574585413534295,0.0,0.0,0
2021-08-12,2.2834057758222412,0.0021301251412757516,0.05163856500435768,0.00020655426001743072,119,0.0,0.06964742208220574,0.10327713000871536,0.10327713000871536,0.0,0.0,0
2021-08-13,2.2908811152006687,0.003273767394993854,0.05091485055968621,0.00020365940223874464,117,1.1102230246251565e-16,0.06554897958241174,0.10182970111937231,0.10182970111937231,0.0,0.0,0
2021-08-16,2.2746345189611166,-0.0070918548028315875,0.05244810029234382,0.00020979240116937462,114,4.440892098500626e-16,0.06725121770426261,0.10489620058468731,0.10489620058468731,0.0,0.0,0
2021-08-17,2.2520604216692606,-0.009924274472967287,0.0571965104865614,0.00022878604194624495,114,1.1102230246251565e-16,0.06910042322810885,0.11439302097312247,0.11439302097312247,0.0,0.0,0
2021-08-18,2.242040324854857,-0.004449301945005701,0.0997864773018064,0.00039914590920722535,113,0.0,0.058800149940018545,0.19957295460361268,0.19957295460361268,0.0,0.0,0
2021-08-19,2.254956861085427,0.005761063299076108,0.09586991989231203,0.00038347967956924814,112,0.0,0.05541112810787849,0.19173983978462406,0.19173983978462406,0.0,0.0,0
2021-08-20,2.2675763295348608,0.005596323666857028,0.05523445099396972,0.0002209378039758789,113,0.0,0.05611638795675878,0.11046890198793945,0.11046890198793945,0.0,0.0,0
2021-08-23,2.3126284848382688,0.019867977415626514,0.06333276638840948,0.00025333106555363774,112,1.1102230246251565e-16,0.057416143181195145,0.12666553277681886,0.12666553277681886,0.0,0.0,0
2021-08-24,2.363614902696984,0.02204695574450688,0.0789710603247488,0.0003158842412989952,114,1.1102230246251565e-16,0.06454468565235318,0.1579421206494976,0.1579421206494976,0.0,0.0,0
2021-08-25,2.373550404359248,0.004203519638891873,0.10580948931564373,0.0004232379572625749,114,1.1102230246251565e-16,0.07420894460098093,0.2116189786312875,0.21161897863128745,0.0,2.1078245485833813e-16,0
2021-08-26,2.362777584860799,-0.004538694218864769,0.0601261875645363,0.0002405047502581452,113,1.1102230246251565e-16,0.07584969143275633,0.1202523751290726,0.1202523751290726,0.0,0.0,0
2021-08-27,2.4000443840909558,0.01577245334852484,0.07906214693678133,0.0003162485877471251,113,0.0,0.05682629492605107,0.15812429387356255,0.15812429387356255,0.0,0.0,0
2021-08-30,2.4073429365099135,0.003041007269422691,0.08892876169434914,0.00035571504677739656,115,0.0,0.05556335551918793,0.17785752338869829,0.17785752338869829,0.0,0.0,0
2021-08-31,2.3959730276716225,-0.004723011693038903,0.07322585030059267,0.0002929034012023707,111,0.0,0.08588817152198691,0.14645170060118534,0.14645170060118534,0.0,0.0,0
2021-09-01,2.3903038694931418,-0.0023661193648703005,0.05966043475615907,0.00023864173902463608,111,1.1102230246251565e-16,0.07619791526899654,0.11932086951231803,0.11932086951231803,0.0,0.0,0
2021-09-02,2.4018977886386614,0.00485039550556321,0.050836705752398854,0.0002033468230095952,113,0.0,0.07563055242307828,0.1016734115047976,0.1016734115047976,0.0,0.0,0
2021-09-03,2.461189014893969,0.024685157934598134,0.05215431179741649,0.00020861724718966595,111,0.0,0.08674450859613274,0.10430862359483298,0.10430862359483298,0.0,0.0,0
2021-09-07,2.4388443034775844,-0.009078827867816996,0.08829853652066384,0.0003531941460826552,112,1.1102230246251565e-16,0.056566986689856096,0.17659707304132757,0.17659707304132757,0.0,0.0,0
2021-09-08,2.4156650005276465,-0.009504215958717088,0.0769452454546609,0.0003077809818186434,110,0.0,0.05242592647445764,0.1538904909093218,0.1538904909093217,0.0,4.4047068509939225e-16,0
2021-09-09,2.418103077292631,0.0010092776790042723,0.07537249554605743,0.0003014899821842297,111,0.0,0.05462313399255191,0.15074499109211487,0.15074499109211487,0.0,0.0,0
2021-09-10,2.411138548235971,-0.002880162190793567,0.05552564533946588,0.00022210258135786352,111,0.0,0.05494057538108777,0.11105129067893175,0.11105129067893175,0.0,0.0,0
2021-09-13,2.403926112341409,-0.002991298820152366,0.06742063175114957,0.00026968252700459826,113,0.0,0.05557661771377129,0.13484126350229914,0.13484126350229914,0.0,0.0,0
2021-09-14,2.402175514259245,-0.0007282245794396625,0.12890820549049858,0.0005156328219619942,114,1.1102230246251565e-16,0.055393270283846316,0.2578164109809971,0.25781641098099706,0.0,2.1283566272248255e-16,0
2021-09-15,2.425307588895837,0.009629635511344103,0.11281706750690676,0.00045126827002762684,113,0.0,0.07974470533759487,0.2256341350138134,0.2256341350138134,0.0,0.0,0
2021-09-16,2.4316190846516363,0.002602348578257141,0.07915396836689984,0.0003166158734675994,112,0.0,0.05469593080846796,0.15830793673379967,0.15830793673379967,0.0,0.0,0
2021-09-17,2.4098440381592416,-0.008954957883756776,0.07232051331538036,0.00028928205326152147,112,0.0,0.0866122199705885,0.14464102663076073,0.14464102663076073,0.0,0.0,0
2021-09-20,2.357948534929606,-0.021534797442442022,0.08514672081131375,0.00034058688324525475,112,1.1102230246251565e-16,0.08551286486835365,0.17029344162262738,0.17029344162262738,0.0,0.0,0
2021-09-21,2.360658410259088,0.0011492512619928341,0.08054040441874404,0.00032216161767497595,108,0.0,0.09701308752985736,0.16108080883748796,0.16108080883748796,0.0,0.0,0
2021-09-22,2.38766156123914,0.011438821840000335,0.06299719318732433,0.0002519887727492973,113,0.0,0.08279167453662377,0.12599438637464866,0.12599438637464866,0.0,0.0,0
2021-09-23,2.420976701234619,0.01395304114130358,0.05511080940486893,0.0002204432376194755,110,1.1102230246251565e-16,0.08436834283289245,0.11022161880973774,0.11022161880973774,0.0,2.1267303239660973e-16,0
2021-09-24,2.4192067312188974,-0.0007310975007809306,0.04957268454091788,0.00019829073816367152,113,1.1102230246251565e-16,0.08576003164196111,0.09914536908183576,0.09914536908183576,0.0,0.0,0
2021-09-27,2.39444199469475,-0.010236717765608083,0.0430970031926863,0.0001723880127707452,113,1.1102230246251565e-16,0.08294255457352509,0.08619400638537257,0.0861940063853726,0.0,2.1563595364610527e-16,0
2021-09-28,2.3194600056776173,-0.031315015850568395,0.0662346776868045,0.00026493871074721796,110,1.1102230246251565e-16,0.0811364859052044,0.132469355373609,0.132469355373609,0.0,0.0,0
2021-09-29,2.310820701846228,-0.003724704806395418,0.08751721000098972,0.0003500688400039587,110,0.0,0.08018740971497541,0.17503442000197933,0.17503442000197933,0.0,0.0,0
2021-09-30,2.3126621141388135,0.0007968650666467791,0.04903793266329406,0.00019615173065317624,111,0.0,0.0906019624087157,0.0980758653265881,0.09807586532658812,0.0,2.058510290394236e-16,0
2021-10-01,2.3310577382716016,0.007954306865807892,0.09239879630316558,0.00036959518521266233,109,0.0,0.05524729132980617,0.18479759260633122,0.18479759260633116,0.0,2.1706405119517602e-16,0
2021-10-04,2.2682226969459904,-0.026955592001852824,0.07850326624835449,0.00031401306499341774,109,1.1102230246251565e-16,0.08105775107250623,0.15700653249670887,0.15700653249670887,0.0,0.0,0
2021-10-05,2.3019664080626496,0.014876718746396733,0.09313924904283617,0.0003725569961713445,107,0.0,0.05354876351183038,0.18627849808567223,0.18627849808567223,0.0,0.0,0
2021-10-06,2.315068919822024,0.005691877915108945,0.05481112720896577,0.00021924450883586285,106,1.1102230246251565e-16,0.059624277589276395,0.10962225441793143,0.10962225441793143,0.0,0.0,0
2021-10-07,2.344646301427819,0.012776026386319916,0.059058886308865556,0.000236235545235462,110,2.220446049250313e-16,0.0522402882914024,0.118117772617731,0.118117772617731,0.0,0.0,0
2021-10-08,2.321645607371201,-0.00980987795157473,0.04943314757767559,0.00019773259031070193,110,0.0,0.051338713511385775,0.09886629515535096,0.09886629515535096,0.0,0.0,0
2021-10-11,2.309712055742877,-0.0051401262925034885,0.03730279418933919,0.00014921117675735678,110,0.0,0.05155542490423447,0.07460558837867838,0.07460558837867838,0.0,0.0,0
2021-10-12,2.3170954251595175,0.003196662284496554,0.0464540622233655,0.000185816248893462,109,0.0,0.052955194590235004,0.092908124446731,0.092908124446731,0.0,0.0,0
2021-10-13,2.343477699170138,0.01138592469009092,0.04789110309622684,0.0001915644123849074,113,0.0,0.05182030642479615,0.09578220619245369,0.09578220619245369,0.0,0.0,0
2021-10-14,2.385267978511292,0.01783259100607304,0.06269274610682582,0.0002507709844273033,112,0.0,0.07695942371540265,0.12538549221365164,0.12538549221365164,0.0,0.0,0
2021-10-15,2.3945622672409277,0.003896538591624754,0.06247167211729152,0.0002498866884691659,113,1.1102230246251565e-16,0.05327742881225125,0.12494334423458293,0.12494334423458293,0.0,0.0,0
2021-10-18,2.4184787667206598,0.009987837780175646,0.049316160626051146,0.00019726464250420435,110,0.0,0.052962712414114085,0.09863232125210218,0.09863232125210218,0.0,0.0,0
2021-10-19,2.440211502396917,0.008986118040525959,0.08600287451507749,0.00034401149806031,110,0.0,0.057834534171043346,0.17200574903015498,0.17200574903015498,0.0,0.0,0
2021-10-20,2.441142952646749,0.00038170881864840744,0.06123869363028131,0.000244954774521125,113,1.1102230246251565e-16,0.05248692624887011,0.12247738726056251,0.12247738726056251,0.0,0.0,0
2021-10-21,2.4620378278898336,0.008559464008623285,0.054671510621559616,0.00021868604248623846,113,1.1102230246251565e-16,0.054098606424980246,0.10934302124311929,0.10934302124311923,0.0,2.159188626504882e-16,0
2021-10-22,2.4544317376947182,-0.0030893474133313337,0.07837851721400949,0.0003135140688560377,114,0.0,0.052058858629308175,0.15675703442801894,0.15675703442801886,0.0,2.1369624819689292e-16,0
2021-10-25,2.4760662919599055,0.008814486030688018,0.07704663047278348,0.00030818652189113394,113,0.0,0.05594670001176679,0.15409326094556697,0.15409326094556697,0.0,0.0,0
2021-10-26,2.4709189269643894,-0.002078847812851503,0.0796293186016178,0.0003185172744064712,114,0.0,0.05967837204825395,0.1592586372032356,0.1592586372032356,0.0,0.0,0
2021-10-27,2.4444207732786496,-0.01072400773516824,0.08516122489235961,0.0003406448995694382,114,1.1102230246251565e-16,0.057243152354127254,0.1703224497847191,0.1703224497847191,0.0,0.0,0
2021-10-28,2.4878129904874875,0.017751533485226068,0.10007123142213473,0.00040028492568853867,116,0.0,0.07154964740229225,0.20014246284426934,0.20014246284426934,0.0,0.0,0
2021-10-29,2.5004197324101085,0.0050673993466650025,0.08200231282182462,0.00032800925128729824,114,1.1102230246251565e-16,0.07355348488469063,0.16400462564364912,0.16400462564364912,0.0,0.0,0
2021-11-01,2.5079672274440923,0.0030184912301538525,0.08843898408348602,0.0003537559363339441,115,1.1102230246251565e-16,0.06815699773015413,0.17687796816697204,0.17687796816697204,0.0,0.0,0
2021-11-02,2.52789746254652,0.007946768555958661,0.08797977500238273,0.0003519191000095307,118,0.0,0.07022947326404996,0.17595955000476535,0.17595955000476535,0.0,0.0,0
2021-11-03,2.552466423769153,0.009719128875537164,0.06662714062732057,0.0002665085625092819,116,2.220446049250313e-16,0.07323740500556487,0.13325428125464092,0.13325428125464092,0.0,0.0,0
2021-11-04,2.5993952247950114,0.018385668304525593,0.09187929138054658,0.0003675171655221859,114,0.0,0.06542137125712774,0.18375858276109294,0.18375858276109294,0.0,0.0,0
2021-11-05,2.62657922445296,0.010457817033226569,0.10988892061403441,0.0004395556824561374,114,1.1102230246251565e-16,0.06445993475747136,0.2197778412280687,0.2197778412280687,0.0,0.0,0
2021-11-08,2.6504246602206063,0.00907851381205238,0.10493987882626683,0.00041975951530506713,114,0.0,0.06615689624901264,0.20987975765253356,0.20987975765253356,0.0,0.0,0
2021-11-09,2.654599952118385,0.0015753294030367293,0.09456118432635159,0.00037824473730540615,115,1.1102230246251565e-16,0.06485063292256656,0.1891223686527031,0.18912236865270307,0.0,2.1189376208513577e-16,0
2021-11-10,2.584982165117769,-0.026225340260803143,0.09752688551808388,0.0003901075420723353,117,0.0,0.05929150878991249,0.19505377103616764,0.19505377103616764,0.0,0.0,0
2021-11-11,2.605288704925164,0.007855582170513742,0.10252285069538236,0.00041009140278152944,111,0.0,0.056278272579023875,0.20504570139076472,0.20504570139076472,0.0,0.0,0
2021-11-12,2.6461230490861563,0.015673634973274675,0.09782051701092752,0.00039128206804370984,114,1.1102230246251565e-16,0.05609480963560722,0.19564103402185493,0.19564103402185493,0.0,2.1385887852276575e-16,0
2021-11-15,2.6252710659448217,-0.007880201621211724,0.06264061135480238,0.0002505624454192093,113,0.0,0.056327254713052034,0.12528122270960465,0.12528122270960465,0.0,0.0,0
2021-11-16,2.6516013226114734,0.010029538285859063,0.05478274984023895,0.00021913099936095583,113,0.0,0.05576570298580615,0.1095654996804779,0.1095654996804779,0.0,0.0,0
2021-11-17,2.6321097627823926,-0.00735086366976323,0.0705965359741071,0.00028238614389642844,115,0.0,0.0572958756575874,0.1411930719482142,0.1411930719482142,0.0,0.0,0
2021-11-18,2.6246835092619447,-0.002821407232119988,0.08115407782537742,0.0003246163113015097,112,0.0,0.057439709413969475,0.16230815565075485,0.16230815565075485,0.0,0.0,0
2021-11-19,2.6205468076140694,-0.0015760763662657773,0.0666443098357465,0.000266577239342986,111,0.0,0.059237995504195076,0.133288619671493,0.133288619671493,0.0,0.0,0
2021-11-22,2.556123779941697,-0.024583811090566954,0.06766326661869752,0.00027065306647478985,114,1.1102230246251565e-16,0.05905540588892798,0.13532653323739494,0.13532653323739494,0.0,0.0,0
2021-11-23,2.5467710582341088,-0.003658947106153665,0.07679215819709435,0.0003071686327883772,115,0.0,0.058951757036556994,0.1535843163941886,0.1535843163941886,0.0,0.0,0
2021-11-24,2.5615827075727022,0.005815854271904453,0.07041556001738514,0.00028166224006954054,114,0.0,0.05946135779016352,0.14083112003477027,0.14083112003477027,0.0,0.0,0
2021-11-26,2.5031899305626557,-0.022795585259621887,0.07018692730153478,0.0002807477092061389,111,1.1102230246251565e-16,0.06036101801407823,0.14037385460306945,0.14037385460306945,0.0,0.0,0
2021-11-29,2.5576295255332466,0.02174808803195938,0.09215118877712962,0.00036860475510851827,118,0.0,0.06156395735943128,0.18430237755425913,0.18430237755425913,0.0,0.0,0
2021-11-30,2.491896448094276,-0.025700781439511156,0.0918877321936836,0.0003675509287747344,111,0.0,0.059852901179012784,0.1837754643873672,0.1837754643873672,0.0,0.0,0
2021-12-01,2.42534383178044,-0.026707617150276697,0.11525383515128602,0.0004610153406051441,112,0.0,0.06318019511833031,0.23050767030257205,0.23050767030257205,0.0,0.0,0
2021-12-02,2.477264629916623,0.021407603101812,0.10434492423402549,0.00041737969693610193,113,0.0,0.06167613569366089,0.20868984846805097,0.20868984846805097,0.0,0.0,0
2021-12-03,2.418177996442812,-0.023851563034587908,0.09987257062976714,0.0003994902825190683,114,1.1102230246251565e-16,0.06273840897484469,0.19974514125953416,0.19974514125953416,0.0,0.0,0
2021-12-06,2.423358867388942,0.00214246881484792,0.07828772271316377,0.0003131508908526549,113,0.0,0.059213980695325595,0.15657544542632743,0.15657544542632743,0.0,0.0,0
2021-12-07,2.540015326207412,0.04813833410656265,0.0797361328604592,0.0003189445314418368,117,0.0,0.05939601897939438,0.1594722657209184,0.1594722657209184,0.0,0.0,0
2021-12-08,2.56943018965545,0.01158058502424808,0.06713482641389472,0.0002685393056555789,115,0.0,0.05896615976330127,0.13426965282778944,0.13426965282778944,0.0,0.0,0
2021-12-09,2.5179323288917157,-0.020042521867714158,0.05505584836594094,0.00022022339346376376,115,0.0,0.057824553147233795,0.11011169673188188,0.11011169673188188,0.0,0.0,0
2021-12-10,2.5315747402557953,0.005418100878860521,0.09677470274599952,0.00038709881098399805,115,0.0,0.08354476892126521,0.19354940549199903,0.19354940549199903,0.0,0.0,0
2021-12-13,2.493557341305203,-0.015017292733277565,0.09798020246645081,0.00039192080986580325,115,0.0,0.09650301780928452,0.19596040493290162,0.19596040493290162,0.0,0.0,0
2021-12-14,2.455059825119595,-0.015438793224404779,0.07120746270137486,0.00028482985080549946,112,0.0,0.09657754913021578,0.14241492540274972,0.14241492540274972,0.0,0.0,0
2021-12-15,2.5126847455766184,0.02347190071191685,0.06576821673312096,0.00026307286693248385,115,0.0,0.09614468210787358,0.13153643346624191,0.13153643346624191,0.0,0.0,0
2021-12-16,2.4580414701894724,-0.021746968251127097,0.0531283210307347,0.0002125132841229388,111,0.0,0.09695212781553247,0.1062566420614694,0.1062566420614694,0.0,0.0,0
2021-12-17,2.4749403025199475,0.006874917504614997,0.12330726923066533,0.0004932290769226611,115,1.1102230246251565e-16,0.05931960523496223,0.24661453846133058,0.24661453846133055,0.0,2.222614453595284e-16,0
2021-12-20,2.441377953645094,-0.013560872090805809,0.08926138658457473,0.0003570455463382987,115,0.0,0.07482984389824124,0.17852277316914936,0.17852277316914936,0.0,0.0,0
2021-12-21,2.5307691495794264,0.03661505823007327,0.06610607965968707,0.0002644243186387483,114,0.0,0.07515294758780139,0.13221215931937413,0.13221215931937413,0.0,0.0,0
2021-12-22,2.563277930867149,0.012845415510587044,0.07661056309882366,0.00030644225239529464,109,0.0,0.07643697957096358,0.15322112619764733,0.15322112619764733,0.0,0.0,0
2021-12-23,2.5842597872949797,0.008185556538823135,0.058773968690927374,0.00023509587476370927,113,1.1102230246251565e-16,0.07665786464976541,0.11754793738185465,0.11754793738185464,0.0,2.1055206189668496e-16,0
2021-12-27,2.6341119406525624,0.019290689582630582,0.06599562917559156,0.000263982516702366,118,0.0,0.06722379094735882,0.13199125835118303,0.131991258351183,0.0,2.1285599151321666e-16,0
2021-12-28,2.6094368531439827,-0.009367516667673104,0.0647411697675708,0.00025896467907028274,115,2.220446049250313e-16,0.06402807743402221,0.12948233953514138,0.12948233953514138,0.0,0.0,0
2021-12-29,2.6105092652338406,0.0004109745321354552,0.06969561619262156,0.00027878246477048603,111,1.1102230246251565e-16,0.09374841599351288,0.13939123238524304,0.139391232385243,0.0,1.9987267049770274e-16,0
2021-12-30,2.603592830215121,-0.0026494581386211635,0.08252410149297018,0.0003300964059718805,113,0.0,0.06412470283779034,0.16504820298594025,0.16504820298594025,0.0,0.0,0
2021-12-31,2.5917158504012563,-0.004561765448126254,0.04823203851907914,0.00019292815407631657,114,0.0,0.06502277720830427,0.09646407703815828,0.09646407703815828,0.0,0.0,0
2022-01-03,2.585190962071694,-0.0025175940211779047,0.06324040049552275,0.0002529616019820908,115,1.1102230246251565e-16,0.06523952981152681,0.1264808009910454,0.1264808009910454,0.0,0.0,0
2022-01-04,2.551963179808823,-0.012853124875635169,0.07981193605634028,0.0003192477442253609,111,0.0,0.07260582742350316,0.15962387211268042,0.15962387211268045,0.0,2.1684043449710089e-16,0
2022-01-05,2.4573864046619893,-0.03706039957595275,0.06258887156152587,0.0002503554862461035,113,0.0,0.07301554846926196,0.12517774312305174,0.12517774312305174,0.0,0.0,0
2022-01-06,2.471201971274909,0.005622057071167141,0.07715981672049578,0.0003086392668819829,115,1.1102230246251565e-16,0.07093691186609727,0.15431963344099148,0.15431963344099145,0.0,2.1341164512661548e-16,0
2022-01-07,2.439359304817995,-0.012885497351916686,0.0590798213624924,0.00023631928544996938,114,0.0,0.07052158716029865,0.11815964272498469,0.11815964272498469,0.0,0.0,0
2022-01-10,2.436028954307078,-0.001365256239349022,0.07815408064629874,0.000312616322585195,110,0.0,0.07180993921704798,0.15630816129259748,0.15630816129259748,0.0,0.0,0
2022-01-11,2.4762714981990213,0.016519731352450107,0.050054505429618354,0.00020021802171847343,113,0.0,0.0714276738571038,0.10010901085923671,0.10010901085923671,0.0,0.0,0
2022-01-12,2.4816124134103017,0.0021568374934513024,0.07174461775448594,0.0002869784710179436,110,1.1102230246251565e-16,0.07098827163391366,0.14348923550897177,0.14348923550897177,0.0,0.0,0
2022-01-13,2.4052979678110114,-0.030751959970419795,0.052429537959987345,0.00020971815183994937,107,1.1102230246251565e-16,0.07151022938499312,0.10485907591997469,0.10485907591997469,0.0,0.0,0
2022-01-14,2.423155628676305,0.0074243029779572645,0.05686610006817047,0.0002274644002726819,109,1.1102230246251565e-16,0.07204847924019041,0.11373220013634094,0.11373220013634094,0.0,0.0,0
2022-01-18,2.355420053284003,-0.027953456472502358,0.09054604195609309,0.0003621841678243721,111,0.0,0.05159022869133466,0.18109208391218606,0.18109208391218606,0.0,0.0,0
2022-01-19,2.341388736271095,-0.005957033860412797,0.09129528311316662,0.00036518113245266647,113,0.0,0.058762853974512176,0.18259056622633327,0.18259056622633324,0.0,2.1819568721270777e-16,0
2022-01-20,2.3175750710338576,-0.010170743912932267,0.07076128757182275,0.0002830451502872908,108,1.1102230246251565e-16,0.06110651348828676,0.14152257514364538,0.14152257514364538,0.0,0.0,0
2022-01-21,2.2326879692384316,-0.03662755215845426,0.06652655411370466,0.00026610621645481843,112,0.0,0.05967080007648741,0.1330531082274092,0.1330531082274092,0.0,0.0,0
2022-01-24,2.2567943684812493,0.010797030115695216,0.07326535620018121,0.0002930614248007248,112,0.0,0.06088298972321792,0.14653071240036242,0.14653071240036242,0.0,0.0,0
2022-01-25,2.1797094383087607,-0.034156824941194874,0.1231678694521908,0.0004926714778087632,112,0.0,0.0800668642781865,0.2463357389043816,0.2463357389043816,0.0,0.0,0
2022-01-26,2.1762766811222636,-0.0015748691665805614,0.12435210211823537,0.0004974084084729415,113,0.0,0.06182226672424081,0.24870420423647074,0.24870420423647074,0.0,0.0,0
2022-01-27,2.1576535825165135,-0.008557321211633107,0.06269011979085418,0.0002507604791634167,108,0.0,0.05450941445986769,0.12538023958170835,0.12538023958170835,0.0,0.0,0
2022-01-28,2.227906139429314,0.03255970165093114,0.07807143348226248,0.0003122857339290499,112,0.0,0.054340486705490874,0.15614286696452495,0.15614286696452495,0.0,0.0,0
2022-01-31,2.3401902571565634,0.05039894443489068,0.10228221806354267,0.00040912887225417024,116,2.220446049250313e-16,0.07666389678658464,0.2045644361270851,0.2045644361270851,0.0,0.0,0
2022-02-01,2.367188556022825,0.011536796541947059,0.08799923481542857,0.00035199693926171407,111,3.3306690738754696e-16,0.07530888517868042,0.17599846963085702,0.17599846963085702,0.0,0.0,0
2022-02-02,2.3720085975304506,0.0020361882433750367,0.10388877913621902,0.00041555511654487565,110,1.1102230246251565e-16,0.052221722111377,0.2077775582724379,0.20777755827243782,0.0,2.1269336118734383e-16,0
2022-02-03,2.286839893869268,-0.035905731433626964,0.09731534747476668,0.0003892613898990665,108,0.0,0.05364766686791101,0.19463069494953325,0.19463069494953325,0.0,0.0,0
2022-02-04,2.3306617788562543,0.01916263797236839,0.07652706393595099,0.000306108255743804,111,0.0,0.05337766837971787,0.15305412787190198,0.15305412787190198,0.0,0.0,0
2022-02-07,2.334484334186436,0.0016401158524415038,0.0849862457407394,0.0003399449829629576,112,0.0,0.05164552464124999,0.1699724914814788,0.1699724914814788,0.0,0.0,0
2022-02-08,2.372015265363426,0.016076754351007194,0.10462215569226124,0.000418488622769045,111,0.0,0.055577647150304575,0.20924431138452249,0.20924431138452249,0.0,0.0,0
2022-02-09,2.4598869690937546,0.03704516788464485,0.07172878612492575,0.000286915144499703,114,0.0,0.05842249455045131,0.1434575722498515,0.1434575722498515,0.0,0.0,0
2022-02-10,2.41268439921479,-0.019188918219423035,0.07708516780168652,0.0003083406712067459,111,1.1102230246251565e-16,0.0561990713971994,0.15417033560337293,0.15417033560337293,0.0,0.0,0
2022-02-11,2.331641268717244,-0.033590439977943976,0.07073240627663975,0.00028292962510655876,113,0.0,0.056023660975955916,0.1414648125532794,0.1414648125532794,0.0,0.0,0
2022-02-14,2.3322527621903277,0.0002622588136897974,0.0871719000055093,0.0003486876000220372,112,0.0,0.05289166549362526,0.1743438000110186,0.1743438000110186,0.0,0.0,0
2022-02-15,2.415008327543844,0.035483103158937324,0.05307803024847731,0.00021231212099390926,113,0.0,0.05355553351492576,0.10615606049695463,0.10615606049695463,0.0,0.0,0
2022-02-16,2.4071063181972345,-0.0032720422768256485,0.07354981942024505,0.0002941992776809802,114,0.0,0.05319021901402143,0.1470996388404901,0.1470996388404901,0.0,0.0,0
2022-02-17,2.3083025580088044,-0.04104669554539153,0.05249551129709516,0.00020998204518838065,112,0.0,0.0522764489940718,0.10499102259419033,0.10499102259419033,0.0,0.0,0
2022-02-18,2.2676450776915065,-0.01761358370298305,0.08176858207957496,0.00032707432831829985,113,0.0,0.05240583523983198,0.16353716415914993,0.16353716415914993,0.0,0.0,0
2022-02-22,2.2355311261871997,-0.014161806810172983,0.0690965156523089,0.0002763860626092354,115,1.1102230246251565e-16,0.05467542820729496,0.1381930313046177,0.1381930313046177,0.0,0.0,0
2022-02-23,2.1851601867841186,-0.02253197855893474,0.078569938979926,0.0003142797559197038,115,0.0,0.05478811340339742,0.15713987795985188,0.15713987795985188,0.0,0.0,0
2022-02-24,2.2863350895385777,0.04630090890652605,0.1023772042001944,0.0004095088168007774,114,1.1102230246251565e-16,0.05365299206990432,0.2047544084003887,0.2047544084003887,0.0,2.1112126803723985e-16,0
2022-02-25,2.3212838853799957,0.015285946491977898,0.11463813448960711,0.0004585525379584282,112,0.0,0.05898681458760737,0.2292762689792141,0.2292762689792141,0.0,0.0,0
2022-02-28,2.328213264264381,0.0029851492650374567,0.09562194882024219,0.0003824877952809688,115,0.0,0.058653977451817024,0.19124389764048438,0.19124389764048438,0.0,0.0,0
2022-03-01,2.284586140547304,-0.0187384568186717,0.09879534736856903,0.0003951813894742761,114,0.0,0.058830348443917366,0.19759069473713806,0.19759069473713806,0.0,0.0,0
2022-03-02,2.3372492717401037,0.023051497274768407,0.10973958017212795,0.0004389583206885116,111,1.1102230246251565e-16,0.05966995707242125,0.2194791603442558,0.2194791603442558,0.0,0.0,0
2022-03-03,2.2742406987305515,-0.026958430909100994,0.09056419720338513,0.0003622567888135403,113,0.0,0.05786263052490253,0.18112839440677014,0.18112839440677014,0.0,0.0,0
2022-03-04,2.225092172097022,-0.021610960819126723,0.10617477607675938,0.0004246991043070375,114,0.0,0.07616452646385438,0.21234955215351875,0.21234955215351875,0.0,0.0,0
2022-03-07,2.119626610289189,-0.04739828899242304,0.09556129494851147,0.00038224517979404567,114,1.1102230246251565e-16,0.060734217622819865,0.19112258989702283,0.19112258989702283,0.0,0.0,0
2022-03-08,2.118582294854517,-0.0004926883959668338,0.12258235079824203,0.0004903294031929679,112,0.0,0.05814136106423534,0.24516470159648396,0.24516470159648396,0.0,0.0,0
2022-03-09,2.226458036174474,0.05091883453475421,0.09948897616633189,0.0003979559046653273,112,1.1102230246251565e-16,0.05584327689829801,0.19897795233266366,0.19897795233266366,0.0,0.0,0
2022-03-10,2.20466152402045,-0.009789770029295153,0.10029385754755536,0.0004011754301902215,113,1.1102230246251565e-16,0.05168398093420299,0.20058771509511072,0.20058771509511072,0.0,2.1581044243323966e-16,0
2022-03-11,2.1498904835576718,-0.02484328767297439,0.13174023857889655,0.000526960954315586,115,0.0,0.07866079516137751,0.263480477157793,0.263480477157793,0.0,0.0,0
2022-03-14,2.0875705528803836,-0.02898749082983998,0.12011058119030617,0.00048044232476122446,119,1.1102230246251565e-16,0.08029827834291288,0.24022116238061222,0.24022116238061222,0.0,0.0,0
2022-03-15,2.1484293320856778,0.029152920901917456,0.11520747243745347,0.00046082988974981387,116,1.1102230246251565e-16,0.07248210009540036,0.23041494487490694,0.23041494487490694,0.0,0.0,0
2022-03-16,2.2662260342145837,0.05482921889478676,0.14991070178050356,0.000599642807122014,114,0.0,0.05303406982937224,0.299821403561007,0.299821403561007,0.0,0.0,0
2022-03-17,2.3138233062237865,0.021002879364457883,0.11641921208682857,0.00046567684834731405,115,1.1102230246251565e-16,0.055920524783517236,0.23283842417365702,0.23283842417365702,0.0,0.0,0
2022-03-18,2.37411363258283,0.026056581847400784,0.09510731094540469,0.00038042924378161853,115,0.0,0.0962947963276135,0.19021462189080926,0.19021462189080926,0.0,0.0,0
2022-03-21,2.358199373485505,-0.006703242371769558,0.09496798629947109,0.00037987194519788437,115,0.0,0.08300812707814346,0.18993597259894218,0.18993597259894218,0.0,0.0,0
2022-03-22,2.3953373161417217,0.015748432076514884,0.07330981878637845,0.0002932392751455138,116,0.0,0.07887478071488035,0.1466196375727569,0.1466196375727569,0.0,0.0,0
2022-03-23,2.3571584668653522,-0.01593881956377896,0.06668268310377443,0.0002667307324150977,119,0.0,0.08354136309378316,0.13336536620754885,0.13336536620754885,0.0,0.0,0
2022-03-24,2.428392389725644,0.030220251994776293,0.08914626995722706,0.00035658507982890827,116,0.0,0.055532171462223126,0.17829253991445412,0.17829253991445412,0.0,0.0,0
2022-03-25,2.421416631941745,-0.0028725826243785058,0.10190684439537807,0.0004076273775815123,115,0.0,0.08398227397371463,0.20381368879075615,0.20381368879075615,0.0,0.0,0
2022-03-28,2.4502963105872366,0.011926769753098254,0.06662572774973131,0.0002665029109989253,114,0.0,0.097095677438191,0.13325145549946263,0.13325145549946263,0.0,0.0,0
2022-03-29,2.5022104546211943,0.0211868841370928,0.0684671325336273,0.0002738685301345092,116,0.0,0.08436078338190434,0.1369342650672546,0.1369342650672546,0.0,0.0,0
2022-03-30,2.4570190268446317,-0.018060602253939573,0.08758208427588844,0.0003503283371035538,121,0.0,0.08427645067175162,0.17516416855177688,0.17516416855177688,0.0,0.0,0
2022-03-31,2.4268801691080464,-0.012266432374880898,0.09549681947411078,0.00038198727789644265,116,2.220446049250313e-16,0.08493985517781988,0.19099363894822133,0.19099363894822133,0.0,0.0,0
2022-04-01,2.4215189338668894,-0.0022091058756837922,0.10997550082340146,0.0004399020032936056,119,1.1102230246251565e-16,0.062283523005087334,0.2199510016468028,0.2199510016468028,0.0,0.0,0
2022-04-04,2.463311843132675,0.01725896447939257,0.0955051466742061,0.0003820205866968242,116,0.0,0.0891798906042926,0.1910102933484121,0.1910102933484121,0.0,0.0,0
2022-04-05,2.387826956365285,-0.030643658446180777,0.09686214513427394,0.00038744858053709575,112,0.0,0.09017790180022185,0.19372429026854787,0.19372429026854787,0.0,0.0,0
2022-04-06,2.333630362476234,-0.022697035790042563,0.11143970327736619,0.0004457588131094648,114,0.0,0.09126236598286205,0.22287940655473237,0.22287940655473237,0.0,0.0,0
2022-04-07,2.3329091311754118,-0.00030905978616802,0.1361370121497826,0.0005445480485991302,115,1.1102230246251565e-16,0.056187609035198025,0.2722740242995651,0.2722740242995651,0.0,0.0,0
2022-04-08,2.298026323618299,-0.014952493044397941,0.05995169760114132,0.0002398067904045653,109,1.1102230246251565e-16,0.057233959222327845,0.11990339520228264,0.11990339520228264,0.0,0.0,0
2022-04-11,2.260280285886754,-0.01642541573332057,0.06618264729316267,0.00026473058917265047,112,0.0,0.05627348233894749,0.13236529458632523,0.13236529458632523,0.0,0.0,0
2022-04-12,2.2503435463619232,-0.004396242177076903,0.09834939411531587,0.0003933975764612635,111,0.0,0.05853442740998321,0.19669878823063175,0.19669878823063175,0.0,0.0,0
2022-04-13,2.303524133272601,0.023632208067365212,0.06382536412110985,0.0002553014564844392,112,1.1102230246251565e-16,0.059986628483761927,0.1276507282422196,0.1276507282422196,0.0,0.0,0
2022-04-14,2.2548048559080347,-0.02114988797419326,0.07694982097345435,0.0003077992838938172,114,0.0,0.053849006654498606,0.15389964194690858,0.15389964194690858,0.0,0.0,0
2022-04-18,2.2580111012072717,0.0014219613244295104,0.08803453196156985,0.0003521381278462794,114,0.0,0.05560503648062385,0.1760690639231397,0.1760690639231397,0.0,0.0,0
2022-04-19,2.3100977275487877,0.023067480188059042,0.0795818071162319,0.0003183272284649276,114,0.0,0.07078364384574232,0.15916361423246378,0.1591636142324638,0.0,2.126662561330317e-16,0
2022-04-20,2.2730234836673073,-0.016048777261392866,0.09670799869169712,0.0003868319947667883,107,1.1102230246251565e-16,0.07837469963735916,0.19341599738339413,0.19341599738339413,0.0,0.0,0
2022-04-21,2.198927510446506,-0.032597979630749174,0.10256707756618184,0.00041026831026472714,108,0.0,0.07097687106341512,0.20513415513236358,0.20513415513236358,0.0,0.0,0
2022-04-22,2.145433924034107,-0.02432712590945596,0.11041616658745274,0.000441664666349811,111,0.0,0.05758988499146035,0.22083233317490547,0.22083233317490547,0.0,0.0,0
2022-04-25,2.176890524349787,0.014662115650959429,0.07061236867908652,0.00028244947471634587,109,1.1102230246251565e-16,0.05824676839588993,0.14122473735817292,0.14122473735817292,0.0,0.0,0
2022-04-26,2.0899694349792246,-0.03992901268956772,0.07946625236092673,0.00031786500944370674,111,0.0,0.07237810706182787,0.15893250472185336,0.15893250472185336,0.0,0.0,0
2022-04-27,2.092999574917065,0.001449848924642394,0.08137982323555795,0.0003255192929422316,112,1.1102230246251565e-16,0.07313047368596519,0.1627596464711158,0.1627596464711158,0.0,0.0,0
2022-04-28,2.168918817289813,0.03627293731091963,0.07597564403102569,0.00030390257612410257,112,0.0,0.08783676017631348,0.15195128806205127,0.15195128806205127,0.0,0.0,0
2022-04-29,2.087891206115134,-0.0373585265288664,0.09823000197160418,0.0003929200078864167,115,0.0,0.08652191783997411,0.19646000394320837,0.19646000394320837,0.0,0.0,0
2022-05-02,2.1211961027206256,0.015951452119701726,0.09362539940626927,0.0003745015976250771,111,0.0,0.07428463500707189,0.18725079881253853,0.18725079881253853,0.0,0.0,0
2022-05-03,2.1224749258093416,0.0006028782945035616,0.1035761082893243,0.0004143044331572972,111,0.0,0.11162717144788854,0.2071522165786486,0.2071522165786486,0.0,0.0,0
2022-05-04,2.1862099600079614,0.030028639407514435,0.0803176946862208,0.0003212707787448832,110,0.0,0.11709659503934641,0.1606353893724416,0.1606353893724416,0.0,0.0,0
2022-05-05,2.08369822787363,-0.046890158772288415,0.10663614712985903,0.0004265445885194359,111,1.1102230246251565e-16,0.11972470235680262,0.21327229425971797,0.21327229425971794,0.0,2.2350827785788674e-16,0
2022-05-06,2.0301866228137055,-0.025681072404871053,0.17587359977270564,0.0007034943990908226,114,1.1102230246251565e-16,0.0772241373520456,0.3517471995454114,0.3517471995454113,0.0,2.22966176771644e-16,0
2022-05-09,1.8713712554803854,-0.07822697950457991,0.14503877642688215,0.0005801551057075284,114,0.0,0.05350947309941291,0.2900775528537642,0.2900775528537642,0.0,0.0,0
2022-05-10,1.8903507697571433,0.01014203580458739,0.13423473092928917,0.0005369389237171567,114,0.0,0.051011166171233274,0.26846946185857834,0.26846946185857834,0.0,0.0,0
2022-05-11,1.8281206275194999,-0.03291989150015706,0.10322012665985057,0.0004128805066394023,115,0.0,0.053459451463504754,0.20644025331970114,0.20644025331970114,0.0,0.0,0
2022-05-12,1.8524509968119078,0.013308951786962009,0.07879009690677745,0.0003151603876271096,113,1.1102230246251565e-16,0.05396817660460014,0.1575801938135548,0.1575801938135548,0.0,0.0,0
2022-05-13,1.9599018541509308,0.05800469622351545,0.06901967522315759,0.00027607870089263014,115,0.0,0.04891580769133434,0.13803935044631507,0.13803935044631507,0.0,0.0,0
2022-05-16,1.9155795253572245,-0.02261456546909979,0.09899997851210772,0.00039599991404843087,115,0.0,0.052155423645055696,0.19799995702421544,0.19799995702421544,0.0,0.0,0
2022-05-17,1.9894288695885605,0.03855195947428203,0.08173644857391696,0.00032694579429566785,111,0.0,0.0560333676055141,0.16347289714783392,0.16347289714783392,0.0,0.0,0
2022-05-18,1.8961915451843008,-0.04686637749634259,0.07991477816438179,0.00031965911265752694,115,1.1102230246251565e-16,0.0545467085434096,0.15982955632876347,0.15982955632876347,0.0,0.0,0
2022-05-19,1.9325084825818475,0.019152567940606824,0.09806918630831504,0.0003922767452332602,112,1.1102230246251565e-16,0.05687849541256109,0.19613837261663009,0.19613837261663009,0.0,0.0,0
2022-05-20,1.9415760097783998,0.004692102145103183,0.06896216262029571,0.0002758486504811826,109,2.220446049250313e-16,0.05557484243174598,0.1379243252405913,0.1379243252405913,0.0,0.0,0
2022-05-23,1.959818416629812,0.009395669682535024,0.08752400898818778,0.0003500960359527507,108,0.0,0.05984410988776075,0.17504801797637534,0.17504801797637534,0.0,0.0,0
2022-05-24,1.8917670119517487,-0.034723321354989345,0.09138133031326309,0.0003655253212530524,107,0.0,0.059047817785637294,0.18276266062652619,0.18276266062652619,0.0,0.0,0
2022-05-25,1.9482347728168095,0.029849215314735167,0.09313953224543951,0.00037255812898175805,107,0.0,0.049323664453062105,0.186279064490879,0.18627906449087903,0.0,2.2033698650336664e-16,0
2022-05-26,2.009880098640976,0.03164163102121331,0.07635188855206275,0.000305407554208251,110,0.0,0.046746591616796826,0.1527037771041255,0.1527037771041255,0.0,0.0,0
2022-05-27,2.093002058441144,0.04135667588149805,0.061626416372310436,0.0002465056654892413,109,2.220446049250313e-16,0.04885777944145674,0.12325283274462065,0.12325283274462065,0.0,0.0,0
2022-05-31,2.071470140209998,-0.01028757623257337,0.07922297513441078,0.0003168919005376429,110,1.1102230246251565e-16,0.049288503489966905,0.15844595026882144,0.15844595026882144,0.0,0.0,0
2022-06-01,2.0469095585093084,-0.01185659461072397,0.06244525030808687,0.0002497810012323475,113,1.1102230246251565e-16,0.047873280794600515,0.12489050061617374,0.12489050061617374,0.0,0.0,0
2022-06-02,2.1480168709330005,0.04939510492946497,0.10139339001901111,0.00040557356007604425,113,0.0,0.051407705494922594,0.2027867800380221,0.2027867800380221,0.0,0.0,0
2022-06-03,2.09633331491472,-0.0240610568369658,0.07914276402254963,0.0003165710560901983,116,1.1102230246251565e-16,0.04855495129327497,0.15828552804509916,0.15828552804509916,0.0,2.215296088931007e-16,0
2022-06-06,2.104055517496258,0.0036836711636440977,0.09718010819603656,0.00038872043278414604,113,0.0,0.05083197969740296,0.19436021639207307,0.19436021639207302,0.0,2.1738931184692167e-16,0
2022-06-07,2.1370882027825395,0.015699531220349616,0.07823283719884537,0.0003129313487953815,113,0.0,0.060506283232467914,0.15646567439769074,0.15646567439769074,0.0,2.069741947274828e-16,0
2022-06-08,2.1176640553575545,-0.009089071475709032,0.07960191750710446,0.00031840767002841767,112,1.1102230246251565e-16,0.06374792122563296,0.1592038350142089,0.15920383501420882,0.0,2.1738931184692167e-16,0
2022-06-09,2.05089874521925,-0.03152781007421479,0.05664679885333849,0.00022658719541335373,116,0.0,0.06505169136633536,0.11329359770667687,0.11329359770667687,0.0,0.0,0
2022-06-10,1.9726007451763254,-0.03817740891667187,0.08694565404313752,0.0003477826161725501,112,0.0,0.06172266853771748,0.17389130808627504,0.17389130808627504,0.0,0.0,0
2022-06-13,1.8542290654791633,-0.060007926077601303,0.13568825547936217,0.0005427530219174486,112,0.0,0.05217654662933835,0.27137651095872434,0.27137651095872434,0.0,0.0,0
2022-06-14,1.8570626823742884,0.0015281913911713296,0.09627532370249835,0.0003851012948099927,108,0.0006441768088708153,0.055793608408014436,0.19255064740499636,0.19255064740499636,0.0,0.0,0
2022-06-15,1.911523356080068,0.029326244193411233,0.07603671309501103,0.00030289558400096046,110,0.0,0.05817842603970586,0.15144779200048022,0.15144779200048022,0.0,0.0,0
2022-06-16,1.8091486755966355,-0.05355659409434088,0.06543073681455037,0.0002617229472582013,110,1.1102230246251565e-16,0.051758748398788766,0.13086147362910064,0.13086147362910064,0.0,0.0,0
2022-06-17,1.8347924648940932,0.01417450629866046,0.07125229223110792,0.0002850091689244315,110,2.220446049250313e-16,0.05370660816761522,0.14250458446221573,0.14250458446221573,0.0,0.0,0
2022-06-21,1.8748640793139895,0.02183986210244715,0.08854331903968242,0.00035417327615872945,110,1.1102230246251565e-16,0.04879310142199952,0.17708663807936473,0.17708663807936473,0.0,0.0,0
2022-06-22,1.8506104367894691,-0.012936213772571037,0.11910864584190532,0.00047643458336762105,111,0.0,0.062140373791983186,0.23821729168381053,0.23821729168381053,0.0,0.0,0
2022-06-23,1.8653815406384693,0.007981746755209018,0.0993612315830767,0.0003974449263323066,110,1.1102230246251565e-16,0.09484929053486223,0.19872246316615336,0.1987224631661533,0.0,2.1285599151321666e-16,0
2022-06-24,1.950865774076703,0.04582667490586134,0.1282040347357578,0.000512816138943031,109,0.0,0.0629762668850391,0.25640806947151557,0.2564080694715155,0.0,2.124494156985346e-16,0
2022-06-27,1.9356575384894612,-0.007795634015076991,0.09778878763551069,0.00039115515054204255,111,1.1102230246251565e-16,0.06008993479634037,0.19557757527102126,0.19557757527102126,0.0,0.0,0
2022-06-28,1.8861003891317114,-0.025602229925662856,0.09182891445652663,0.0003673156578261063,110,0.0,0.05827624536889101,0.18365782891305316,0.18365782891305316,0.0,0.0,0
2022-06-29,1.859250456685437,-0.014235685757233218,0.11009087215789058,0.00044036348863156233,111,0.0,0.0626012594835611,0.22018174431578116,0.22018174431578116,0.0,0.0,0
2022-06-30,1.8203938306076974,-0.020899081099063466,0.08008374421658108,0.00032033497686632435,111,0.0,0.06678223428386487,0.16016748843316217,0.16016748843316217,0.0,0.0,0
2022-07-01,1.821222783017094,0.00045536981913407715,0.07412159733277394,0.0002964863893310958,110,0.0,0.06600094918397793,0.1482431946655479,0.1482431946655479,0.0,0.0,0
2022-07-05,1.84588762288504,0.013543010826542412,0.09019619644834227,0.0003607847857933682,109,0.0029737852997173565,0.05292996897900774,0.1803923928966841,0.1803923928966841,0.0,0.0,0
2022-07-06,1.8357165649786702,-0.005510117615108667,0.12188995433395239,0.00048158217345953145,110,0.0,0.05943158655585741,0.24079108672976576,0.2407910867297657,0.0,2.242265617971584e-16,0
2022-07-07,1.9063999439702353,0.03850451662312393,0.09080180934180103,0.0003632072373672039,111,1.1102230246251565e-16,0.08601193145376827,0.18160361868360195,0.18160361868360195,0.0,0.0,0
2022-07-08,1.9051416046076795,-0.0006600605326997355,0.09099273823088501,0.0003639709529235398,106,0.0,0.10304504182150814,0.1819854764617699,0.1819854764617699,0.0,0.0,0
2022-07-11,1.8565188159648003,-0.025521876444922764,0.1023410067944533,0.00040936402717781296,109,1.1102230246251565e-16,0.06475011190507442,0.20468201358890648,0.20468201358890648,0.0,0.0,0
2022-07-12,1.8295844309349363,-0.014508005412197655,0.10227359816345015,0.0004090943926538006,106,1.1102230246251565e-16,0.08656543065150227,0.2045471963269003,0.2045471963269003,0.0,0.0,0
2022-07-13,1.8317219035463064,0.0011682831222377121,0.1291673150058075,0.00051666926002323,105,1.1102230246251565e-16,0.09809923666413808,0.258334630011615,0.258334630011615,0.0,0.0,0
2022-07-14,1.8127377223716894,-0.010364117575851761,0.09437739257912252,0.0003775095703164899,108,2.220446049250313e-16,0.09654560663354501,0.18875478515824493,0.18875478515824493,0.0,0.0,0
2022-07-15,1.8581303303539585,0.025040913212132976,0.07682914804081456,0.000307316592163258,104,1.1102230246251565e-16,0.09694940618524427,0.153658296081629,0.153658296081629,0.0,0.0,0
2022-07-18,1.8675976773798768,0.005095093100447201,0.08025737330880299,0.00032102949323521175,109,0.0,0.09802287431875628,0.16051474661760584,0.16051474661760587,0.0,2.2302038688026826e-16,0
2022-07-19,1.9337465854084044,0.03541924946133501,0.09239509259315518,0.0003695803703726207,107,0.0017529425929647194,0.09500223999268895,0.18479018518631035,0.18479018518631035,0.0,0.0,0
2022-07-20,1.9778113716148225,0.022787259995141307,0.10503720396773861,0.0004167224687293051,110,0.0,0.09253700823276753,0.20836123436465256,0.20836123436465256,0.0,0.0,0
2022-07-21,2.0032625994775497,0.012868379779790162,0.09335624368911778,0.00037342497475647114,111,0.0,0.08852884844541294,0.18671248737823556,0.18671248737823556,0.0,0.0,0
2022-07-22,1.9643934212150929,-0.019402937124964992,0.06697360133691763,0.0002678944053476705,111,0.0,0.08957048933488945,0.13394720267383525,0.13394720267383525,0.0,0.0,0
2022-07-25,1.9627286654656357,-0.0008474655491502725,0.11320565487912566,0.00045282261951650247,114,1.1102230246251565e-16,0.07894067197934342,0.22641130975825124,0.22641130975825122,0.0,1.9928991182999178e-16,0
2022-07-26,1.9231647444495403,-0.020157611040295897,0.11403900240378818,0.0004561560096151525,110,0.0,0.0927415543544703,0.22807800480757626,0.22807800480757626,0.0,0.0,0
2022-07-27,2.008546527539916,0.04439649974699078,0.10309764760478507,0.0004123905904191403,108,0.0,0.09859867247908206,0.20619529520957014,0.20619529520957014,0.0,0.0,0
2022-07-28,2.037324937492264,0.014327977747966791,0.1104085203780121,0.0004416340815120484,113,0.0,0.09490393473801323,0.2208170407560242,0.2208170407560242,0.0,0.0,0
2022-07-29,2.071239310003471,0.016646521076285392,0.08061147044424861,0.00032244588177699445,108,0.0,0.09780541669802353,0.16122294088849723,0.16122294088849723,0.0,0.0,0
2022-08-01,2.0643668281118956,-0.0033180530411833775,0.11653974108079654,0.0004661589643231862,109,0.0,0.05650059579583146,0.23307948216159308,0.23307948216159308,0.0,0.0,0
2022-08-02,2.0793900167494406,0.007277383279446159,0.0859731604029507,0.0003438926416118028,115,0.0,0.051411469224753,0.1719463208059014,0.1719463208059014,0.0,0.0,0
2022-08-03,2.1241586065755547,0.021529674310977853,0.09815475472869364,0.00039261901891477456,110,0.0,0.052831132620989665,0.19630950945738732,0.1963095094573873,0.0,2.1917146916794472e-16,0
2022-08-04,2.1162877950785886,-0.0037053784367142573,0.12054220581937973,0.0004821688232775187,113,1.1102230246251565e-16,0.05285812624692207,0.24108441163875935,0.24108441163875935,0.0,2.1797884677821067e-16,0
2022-08-05,2.1306064552272206,0.00676593239441714,0.126859064349938,0.000507436257399752,117,1.1102230246251565e-16,0.07578014695723344,0.253718128699876,0.253718128699876,0.0,2.105791669509971e-16,0
2022-08-08,2.1261467176155437,-0.002093177555496206,0.10066714331321228,0.0004026685732528489,116,0.0,0.09071142480333631,0.20133428662642444,0.20133428662642444,0.0,0.0,0
2022-08-09,2.088716633766211,-0.017604657072448182,0.15105272985445356,0.0006042109194178142,109,0.0,0.07329489725869597,0.3021054597089071,0.3021054597089071,0.0,0.0,0
2022-08-10,2.154943362997389,0.03170689990233999,0.12093079929574879,0.00048372319718299517,110,0.0,0.06798212445749267,0.24186159859149758,0.24186159859149758,0.0,0.0,0
2022-08-11,2.1480792718046966,-0.0031852768432599765,0.08505638041448738,0.0003402255216579493,110,1.1102230246251565e-16,0.06832995468406594,0.17011276082897467,0.17011276082897464,0.0,2.1006417091906648e-16,0
2022-08-12,2.195519105520243,0.022084768629460516,0.0745068176979012,0.00029802727079160455,114,0.0,0.07429759743508091,0.14901363539580229,0.14901363539580229,0.0,0.0,0
2022-08-15,2.2037447799457826,0.0037465738306978746,0.050058870074212614,0.00020023548029685046,112,0.0,0.07095589331711637,0.10011774014842523,0.10011774014842523,0.0,0.0,0
2022-08-16,2.1965269747199208,-0.0032752455236850775,0.12498185849098659,0.0004999274339639463,111,0.0,0.09465659125545553,0.2499637169819732,0.24996371698197317,0.0,2.1984909552574816e-16,0
2022-08-17,2.1593125960281188,-0.01694237271843524,0.08721033980359,0.00034884135921436,107,0.0,0.06865337175463017,0.17442067960718,0.17442067960718,0.0,0.0,0
2022-08-18,2.1721568569347274,0.005948310091940634,0.09111702134740836,0.0003644680853896332,107,1.1102230246251565e-16,0.0931882268550129,0.1822340426948166,0.1822340426948166,0.0,0.0,0
2022-08-19,2.1169053447161374,-0.025436244183838053,0.09645064444699783,0.0003858025777879913,110,1.1102230246251565e-16,0.06441580687391257,0.19290128889399566,0.19290128889399566,0.0,0.0,0
2022-08-22,2.0564512638900156,-0.02855776285747358,0.07267045781996351,0.0002906818312798538,112,0.0,0.05295062624044289,0.1453409156399269,0.1453409156399269,0.0,0.0,0
2022-08-23,2.0833611675634853,0.013085602438526411,0.09667309716366682,0.00038669238865466726,107,0.0,0.05720948242586233,0.19334619432733363,0.19334619432733363,0.0,0.0,0
2022-08-24,2.091376667280408,0.0038473884613570153,0.10910691524916752,0.0004364276609966701,109,0.0,0.08179639661058948,0.21821383049833504,0.21821383049833504,0.0,0.0,0
2022-08-25,2.1449893889164358,0.025635134251423386,0.08820298275613185,0.0003528119310245272,109,1.1102230246251565e-16,0.09409610486977493,0.17640596551226362,0.1764059655122636,0.0,2.2337275258632605e-16,0
2022-08-26,2.0527052914192563,-0.04302310210671845,0.12058942778174953,0.0004823577111269979,107,0.0,0.07086256297455071,0.24117885556349894,0.24117885556349894,0.0,0.0,0
2022-08-29,2.0257701931829364,-0.01312175612783495,0.09309856776075306,0.00037239427104301227,108,0.0,0.08641329775121938,0.18619713552150613,0.18619713552150613,0.0,0.0,0
2022-08-30,2.0059943960303146,-0.009762112809819534,0.053727646149400725,0.0002149105845976029,108,0.0,0.08572100838942652,0.10745529229880145,0.10745529229880145,0.0,0.0,0
2022-08-31,1.9874173982202703,-0.009260742625605833,0.07222195062964458,0.0002888878025185781,108,1.1102230246251565e-16,0.07462397188116306,0.14444390125928905,0.14444390125928905,0.0,0.0,0
2022-09-01,1.9455123848556402,-0.02108515976671832,0.07047034082837005,0.00028188136331348,110,0.0,0.08582671663529211,0.14094068165673998,0.14094068165673998,0.0,0.0,0
2022-09-02,1.9354522024980074,-0.005170968036977697,0.0694766959212798,0.0002779067836851192,110,0.0,0.08413569200321945,0.1389533918425596,0.1389533918425596,0.0,0.0,0
2022-09-06,1.9190299795157364,-0.008484954038686987,0.05592146728252814,0.00022368586913011236,108,1.1102230246251565e-16,0.08498677405591945,0.11184293456505617,0.11184293456505617,0.0,0.0,0
2022-09-07,1.9594108736699225,0.021042346698708858,0.05894862233086182,0.00023579448932344708,108,0.0,0.07411861743250366,0.11789724466172354,0.11789724466172354,0.0,0.0,0
2022-09-08,1.9946895743022597,0.018004748828539974,0.07197592014706529,0.00028790368058826115,107,0.0,0.07452388995986019,0.14395184029413058,0.14395184029413058,0.0,0.0,0
2022-09-09,2.053290305945404,0.029378371651460178,0.06976742144018104,0.00027906968576072393,110,1.1102230246251565e-16,0.07470964159251337,0.13953484288036197,0.13953484288036197,0.0,2.0776024130253479e-16,0
2022-09-12,2.0725931031648277,0.009400909926633894,0.07907314456766018,0.0003162925782706405,113,0.0,0.08664861331488069,0.15814628913532025,0.15814628913532025,0.0,0.0,0
2022-09-13,1.9685766178816646,-0.050186640650463965,0.07053909820891016,0.00028215639283564063,113,0.0,0.08527529854659281,0.14107819641782032,0.14107819641782032,0.0,0.0,0
2022-09-14,1.982227611619704,0.006934448786011016,0.08724499107912444,0.00034897996431649706,109,3.3306690738754696e-16,0.07518426442106345,0.17448998215824854,0.17448998215824854,0.0,0.0,0
2022-09-15,1.9490468712173492,-0.016739117247611346,0.05800317593962534,0.0002320127037585009,110,1.1102230246251565e-16,0.07396205852981383,0.11600635187925046,0.11600635187925046,0.0,2.1911725905932045e-16,0
2022-09-16,1.9194577737083987,-0.015181316542926204,0.054494815102452104,0.0002179792604098082,107,0.0,0.07508531791928923,0.1089896302049041,0.1089896302049041,0.0,0.0,0
2022-09-19,1.9360365189301676,0.008637202364571328,0.05080855313320626,0.00020323421253282502,113,0.0,0.07521901103459136,0.10161710626641252,0.10161710626641252,0.0,0.0,0
2022-09-20,1.9105082310331252,-0.013185850394572651,0.051966306952554296,0.00020786522781021674,111,2.220446049250313e-16,0.07475276300243,0.10393261390510837,0.10393261390510837,0.0,0.0,0
2022-09-21,1.8706730624800298,-0.02085056107376937,0.08056645090951424,0.00032226580363805673,110,1.1102230246251565e-16,0.05620124893604901,0.1611329018190284,0.16113290181902837,0.0,2.18439632701517e-16,0
2022-09-22,1.8223567111289076,-0.025828324745889697,0.0757063912587885,0.0003028255650351538,111,0.0,0.07450096907907944,0.15141278251757692,0.1514127825175769,0.0,2.1147363374329764e-16,0
2022-09-23,1.7814591823513344,-0.022442109455199977,0.07509576799038145,0.0003003830719615254,110,2.220446049250313e-16,0.054421135088716106,0.15019153598076268,0.15019153598076268,0.0,0.0,0
2022-09-26,1.7618487165820067,-0.011008091548549537,0.06873829065942998,0.00027495316263771946,107,0.0,0.06499868408330979,0.13747658131885976,0.13747658131885973,0.0,2.138317734684536e-16,0
2022-09-27,1.7812766964769524,0.011027042056503067,0.07294235530009605,0.00029176942120038397,108,1.1102230246251565e-16,0.07598159274607859,0.14588471060019198,0.14588471060019198,0.0,0.0,0
2022-09-28,1.8307473425008287,0.027772578017621008,0.06410863907748532,0.0002564345563099411,110,0.0,0.0766063578931648,0.12821727815497053,0.12821727815497053,0.0,0.0,0
2022-09-29,1.789140021259863,-0.022726959791256385,0.07314090990956507,0.0002925636396382598,109,2.220446049250313e-16,0.07611350315237025,0.1462818198191299,0.1462818198191299,0.0,0.0,0
2022-09-30,1.7697356599243763,-0.010845635950741617,0.05932405306753938,0.0002372962122701573,111,1.1102230246251565e-16,0.07593036583614965,0.11864810613507867,0.11864810613507865,0.0,2.153089989284651e-16,0
2022-10-03,1.8268315963104715,0.03226240939764691,0.06759104477898217,0.00027036417911592846,112,0.0,0.07460008970937834,0.13518208955796418,0.13518208955796424,0.0,2.164880687910431e-16,0
2022-10-04,1.8999473466853407,0.04002325694526854,0.09802369346942968,0.00039209477387771875,113,0.0,0.068591147319327,0.19604738693885937,0.19604738693885937,0.0,0.0,0
2022-10-05,1.9044210878100254,0.002354665845077042,0.05393223164299696,0.0002157289265719876,111,1.1102230246251565e-16,0.06565326713144079,0.1078644632859938,0.1078644632859938,0.0,0.0,0
2022-10-06,1.8914508424884051,-0.0068105974065511,0.056646274928781444,0.00022658509971512555,110,0.0,0.06565383490807522,0.11329254985756278,0.11329254985756278,0.0,0.0,0
2022-10-07,1.8154364136428054,-0.04018842421809632,0.047864840048003336,0.00019145936019201312,111,1.1102230246251565e-16,0.06809095762963138,0.09572968009600656,0.09572968009600656,0.0,0.0,0
2022-10-10,1.7788047996326704,-0.020177855712738002,0.08362344701097998,0.00033449378804391994,108,1.1102230246251565e-16,0.06665609224970274,0.16724689402195997,0.16724689402195997,0.0,0.0,0
2022-10-11,1.7340684163052584,-0.025149686652886305,0.09380409647364046,0.00037521638589456163,108,0.0,0.05675280940922037,0.18760819294728082,0.18760819294728082,0.0,0.0,0
2022-10-12,1.7333008564342163,-0.0004426352869499883,0.06138120616319294,0.00024552482465277153,109,1.1102230246251565e-16,0.05707032489104905,0.12276241232638577,0.12276241232638577,0.0,2.1830410742995632e-16,0
2022-10-13,1.7659338523805153,0.01882708118741272,0.06033189862232464,0.00024132759448929856,110,1.1102230246251565e-16,0.05709542027187237,0.12066379724464929,0.12066379724464928,0.0,2.1946962476537824e-16,0
2022-10-14,1.7001989739092085,-0.03722386225435048,0.06945530208874519,0.00027782120835498055,110,0.0,0.06068855577154056,0.13891060417749024,0.13891060417749027,0.0,2.1539370222319054e-16,0
2022-10-17,1.7575566959214997,0.03373588791223092,0.06762634399830861,0.0002705053759932344,110,0.0,0.056223448434062816,0.13525268799661722,0.13525268799661722,0.0,4.3412810239035204e-16,0
2022-10-18,1.781232215018899,0.013470700064663443,0.07350270651494245,0.00029401082605976956,111,1.1102230246251565e-16,0.051980698046780106,0.1470054130298848,0.1470054130298848,0.0,0.0,0
2022-10-19,1.774472877025985,-0.0037947539551109744,0.05762220805977625,0.00023048883223910477,113,0.0,0.05204085158632966,0.11524441611955238,0.11524441611955238,0.0,0.0,0
2022-10-20,1.7856480754005521,0.006297756657344111,0.059683784255600586,0.00023873513702240236,108,0.0,0.05253994919462171,0.11936756851120117,0.11936756851120117,0.0,0.0,0
2022-10-21,1.8392202917794986,0.030001553563083316,0.06290286869142593,0.00025161147476570375,113,0.0,0.05731468375231028,0.12580573738285186,0.12580573738285186,0.0,0.0,0
2022-10-24,1.8370240170389336,-0.0011941335958403076,0.12332733117752383,0.0004933093247100953,106,0.0,0.05367813716474782,0.24665466235504768,0.24665466235504765,0.0,2.2033698650336664e-16,0
2022-10-25,1.880552809053053,0.02369527649632075,0.09542509550166238,0.0003817003820066495,111,0.0,0.05839336620615871,0.1908501910033248,0.19085019100332476,0.0,2.209197451710776e-16,0
2022-10-26,1.8650014318800088,-0.008269577487098112,0.10514546402488,0.00042058185609952,109,0.0,0.0501202310545089,0.21029092804976002,0.21029092804976,0.0,2.141434815930432e-16,0
2022-10-27,1.8696475455674673,0.002491211860773168,0.09066379084093872,0.00036265516336375463,112,1.1102230246251565e-16,0.06484697661904168,0.18132758168187735,0.18132758168187732,0.0,2.1480755542369057e-16,0
2022-10-28,1.906218621999099,0.019560412077845424,0.10324036302864192,0.00041296145211456746,112,0.0,0.06553492219976496,0.20648072605728374,0.20648072605728374,0.0,0.0,0
2022-10-31,1.8799636622313487,-0.01377332036564416,0.09136118391023654,0.00036544473564094614,114,0.0,0.0650581704167513,0.18272236782047308,0.18272236782047308,0.0,0.0,0
2022-11-01,1.8951308320528535,0.008067799461348502,0.09148278250592178,0.00036593113002368713,113,0.0,0.05366001500330186,0.18296556501184355,0.18296556501184355,0.0,0.0,0
2022-11-02,1.8104761427464238,-0.04466957524759896,0.07588194638694819,0.00030352778554779255,113,1.1102230246251565e-16,0.06514127030284493,0.15176389277389632,0.15176389277389626,0.0,2.1982199047143602e-16,0
2022-11-03,1.7864580270892352,-0.013266187325039258,0.086410663999942,0.0003456426559997678,113,0.0,0.06804435452437617,0.1728213279998839,0.1728213279998839,0.0,0.0,0
2022-11-04,1.8169078198563555,0.017044784879012065,0.12793308490288877,0.0005117323396115549,115,1.1102230246251565e-16,0.06289273667978475,0.2558661698057774,0.2558661698057774,0.0,0.0,0
2022-11-07,1.823341446948979,0.003540976059606571,0.15525080882598827,0.0006210032353039528,115,0.0,0.06796134309188401,0.3105016176519764,0.3105016176519764,0.0,0.0,0
2022-11-08,1.8506539322299003,0.01497935854341681,0.14160198996184478,0.0005664079598473791,117,0.0,0.05545407635972769,0.2832039799236896,0.28320397992368956,0.0,2.2021501375896202e-16,0
2022-11-09,1.7967398191522725,-0.029132466172465454,0.07315569446876478,0.00029262277787505916,119,0.0,0.05670962224596792,0.14631138893752957,0.14631138893752957,0.0,0.0,0
2022-11-10,1.9531807497431806,0.08706932908333886,0.07899294963552086,0.0003159717985420835,114,0.0,0.05620303392837832,0.15798589927104173,0.15798589927104173,0.0,0.0,0
2022-11-11,2.024149176090098,0.036334797153949605,0.1447908194662858,0.0005791632778651433,118,0.0,0.05594150980870173,0.2895816389325716,0.2895816389325716,0.0,0.0,0
2022-11-14,2.0030434937208765,-0.010426940177398314,0.11035562339957593,0.00044142249359830374,114,0.0,0.05559338375080574,0.22071124679915186,0.22071124679915186,0.0,0.0,0
2022-11-15,2.0570579548638577,0.026966194849140868,0.07683186007271167,0.0003073274402908467,115,0.0,0.05411109221721684,0.1536637201454234,0.15366372014542334,0.0,2.1734187800187543e-16,0
2022-11-16,2.000727646199394,-0.027383919121613642,0.09260300249872337,0.0003704120099948935,111,0.0,0.05798465078464103,0.18520600499744674,0.18520600499744674,0.0,0.0,0
2022-11-17,1.97543437832903,-0.012642034471014196,0.10097968440893092,0.0004039187376357237,114,0.0,0.053430070294489956,0.20195936881786183,0.20195936881786183,0.0,0.0,0
2022-11-18,1.9745370158978297,-0.0004542608152640071,0.07623377739637682,0.00030493510958550706,114,1.1102230246251565e-16,0.052443982856406064,0.15246755479275353,0.15246755479275353,0.0,0.0,0
2022-11-21,1.9439332292486415,-0.01549922154043415,0.06431809846671477,0.00025727239386685906,111,1.1102230246251565e-16,0.05457020597895834,0.12863619693342954,0.12863619693342954,0.0,0.0,0
2022-11-22,1.9726503281587249,0.014772677619787844,0.07455857344744572,0.0002982342937897827,114,0.0,0.052199685898024255,0.14911714689489133,0.14911714689489133,0.0,0.0,0
2022-11-23,1.992002959137779,0.009810472085601596,0.08662246137525248,0.0003464898455010095,110,2.220446049250313e-16,0.05391825898070023,0.17324492275050474,0.17324492275050474,0.0,0.0,0
2022-11-25,1.9854017251387477,-0.0033138675666870565,0.09251535544532133,0.00037006142178128533,115,2.220446049250313e-16,0.05324986714821228,0.18503071089064266,0.18503071089064266,0.0,0.0,0
2022-11-28,1.9487266635471296,-0.018472363112838064,0.05406443193666989,0.00021625772774667914,115,0.0,0.052600711375783926,0.10812886387333957,0.10812886387333956,0.0,2.248228729920254e-16,0
2022-11-29,1.9523750090836496,0.0018721689422975807,0.0872272704443669,0.0003489090817774676,114,0.0,0.06679808451090725,0.1744545408887338,0.1744545408887338,0.0,0.0,0
2022-11-30,2.0337040867250455,0.041656483648378595,0.05610237656828739,0.00022440950627314958,113,0.0,0.06628756402570703,0.11220475313657478,0.11220475313657478,0.0,0.0,0
2022-12-01,2.0590940033384624,0.012484567828303428,0.09995646668493922,0.0003998258667397569,110,0.0,0.08102983616098368,0.19991293336987845,0.19991293336987845,0.0,0.0,0
2022-12-02,2.03690795167676,-0.010774666734851168,0.23213240763990176,0.0009285296305596068,111,1.1102230246251565e-16,0.05116019394714382,0.4642648152798035,0.4642648152798034,0.0,2.2193618470778276e-16,0
2022-12-05,1.977616358020327,-0.02910862693015892,0.1391983332218476,0.0005567933328873904,108,1.1102230246251565e-16,0.07188267958028911,0.2783966664436952,0.2783966664436952,0.0,0.0,0
2022-12-06,1.936983425648927,-0.020546418018141388,0.10556409402250735,0.0004222563760900292,109,0.0,0.07071630399035445,0.2111281880450146,0.2111281880450146,0.0,0.0,0
2022-12-07,1.9416306430372465,0.002399203486608492,0.08216615959367667,0.00032866463837470666,111,0.0,0.07053531322639121,0.16433231918735333,0.16433231918735333,0.0,0.0,0
2022-12-08,1.9742262127823995,0.016787729356271708,0.13597996686243083,0.0005439198674497233,112,0.0,0.04782014053784682,0.27195993372486166,0.27195993372486166,0.0,0.0,0
2022-12-09,1.9577354834469414,-0.00835300900610414,0.12194861097659095,0.0004877944439063638,113,0.0,0.06777200281913197,0.2438972219531819,0.2438972219531819,0.0,0.0,0
2022-12-12,1.9889949961427367,0.01596717889628141,0.10084421812998023,0.00040337687251992073,112,1.1102230246251565e-16,0.04559396233593208,0.20168843625996036,0.20168843625996036,0.0,0.0,0
2022-12-13,2.0085552006331038,0.009834215032365812,0.09003518748361582,0.00036014074993446306,109,0.0,0.06921911606503359,0.18007037496723155,0.18007037496723152,0.0,1.986258379993444e-16,0
2022-12-14,1.990456174543165,-0.00901096772656973,0.10167222892815586,0.000406688915712623,111,2.220446049250313e-16,0.06511721184711672,0.2033444578563115,0.2033444578563115,0.0,0.0,0
2022-12-15,1.922878790047141,-0.03395070203519246,0.09976170583411446,0.0003990468233364576,112,1.1102230246251565e-16,0.06736375680258677,0.19952341166822882,0.19952341166822882,0.0,0.0,0
2022-12-16,1.9092015427005815,-0.007112901456583276,0.210770657490781,0.000843082629963124,114,1.1102230246251565e-16,0.0436087140146697,0.421541314981562,0.421541314981562,0.0,0.0,0
2022-12-19,1.8867224318045772,-0.011774090054530006,0.06796718657281312,0.00027186874629125225,114,0.0,0.04334160595946966,0.13593437314562612,0.13593437314562612,0.0,0.0,0
2022-12-20,1.8983258239241199,0.006150026057857527,0.09362980205940903,0.0003745192082376359,114,1.1102230246251565e-16,0.04697323538134984,0.18725960411881795,0.18725960411881795,0.0,2.0963049005007228e-16,0
2022-12-21,1.9297439195610664,0.0165504231365301,0.06673065753908249,0.00026692263015632974,114,2.220446049250313e-16,0.04377451308144637,0.13346131507816486,0.13346131507816486,0.0,0.0,0
2022-12-22,1.8846773949680076,-0.02335362953407283,0.10252221324511554,0.00041008885298046173,113,0.0,0.04443193708557642,0.20504442649023086,0.20504442649023086,0.0,0.0,0
2022-12-23,1.8879789673791154,0.0017517971085783124,0.9688095836371527,0.0038752383345486106,4,2.220446049250313e-16,0.4628277839635786,1.9376191672743053,1.9376191672743053,0.0,0.0,0
2022-12-27,1.8969491277817172,0.0047511972101332844,0.11162081024560183,0.0004464832409824069,2,0.5359339319896874,0.44594231875583024,0.22324162049120344,0.22324162049120344,0.0,0.0,0
2022-12-28,1.8434236772396873,-0.028216597776990593,0.5508876278603767,0.0011017752557207535,2,0.0,0.5045254637147678,0.5508876278603767,0.5508876278603767,0.0,0.0,0
2022-12-29,1.8545703573293266,0.006046727199647384,0.3431908025367693,0.0013727632101470772,2,0.0,0.8249740767089032,0.6863816050735386,0.6863816050735386,0.0,0.0,0
2022-12-30,1.8071740661244773,-0.02555648051719228,0.11098856406486958,0.0004439542562594783,0,1.0,0.0,0.22197712812973916,0.22197712812973916,0.0,0.0,0
2023-01-03,1.8071740661244773,0.0,0.0,0.0,0,1.0,0.0,0.0,0.0,0.0,0.0,0
2023-01-04,1.8035597179922283,-0.0020000000000000018,1.0,0.002,92,0.0,0.06578132520954147,1.0,1.0,0.0,0.0,0
2023-01-05,1.815314838498875,0.006517732897546091,0.08466965443184507,0.0003386786177273803,95,0.0,0.06810654811920618,0.16933930886369014,0.16933930886369014,0.0,0.0,0
2023-01-06,1.8614206769783592,0.025398260126386685,0.0789589249671415,0.00031583569986856603,91,0.0,0.06102856104104622,0.157917849934283,0.157917849934283,0.0,0.0,0
2023-01-09,1.886515272502513,0.013481420849417836,0.08701920766578235,0.00034807683066312916,93,1.1102230246251565e-16,0.054768432989041105,0.17403841533156458,0.17403841533156458,0.0,2.1815502963123956e-16,0
2023-01-10,1.905054643824556,0.009827310487367624,0.06360062907490935,0.0002544025162996374,94,1.1102230246251565e-16,0.04422981069278454,0.1272012581498187,0.1272012581498187,0.0,0.0,0
2023-01-11,1.9254209600838663,0.010690673007900386,0.06142689009256205,0.000245707560370248,94,0.0,0.045519204477320656,0.122853780185124,0.122853780185124,0.0,0.0,0
2023-01-12,1.9574552147837712,0.016637532967600732,0.07464346270691878,0.0002985738508276749,95,1.1102230246251565e-16,0.04600418724035331,0.14928692541383745,0.14928692541383745,0.0,0.0,0
2023-01-13,1.9747869681834689,0.008854227299198936,0.06318957817664839,0.00025275831270659354,97,1.1102230246251565e-16,0.04653620954449067,0.12637915635329677,0.12637915635329677,0.0,0.0,0
2023-01-17,1.9918651103627194,0.008648093416861125,0.04654061216341016,0.00018616244865364066,96,1.1102230246251565e-16,0.04649742381208708,0.09308122432682032,0.09308122432682032,0.0,0.0,0
2023-01-18,1.955576604445251,-0.01821835511284209,0.060046055734216605,0.00024018422293686643,92,1.1102230246251565e-16,0.046198528282688944,0.12009211146843321,0.12009211146843321,0.0,0.0,0
2023-01-19,1.940499690043108,-0.007709702789382655,0.05956966384907855,0.0002382786553963142,92,1.1102230246251565e-16,0.051555112663222706,0.1191393276981571,0.1191393276981571,0.0,0.0,0
2023-01-20,1.9937132720578943,0.027422618147186606,0.06795313098317911,0.00027181252393271646,93,1.1102230246251565e-16,0.058731484640101674,0.13590626196635822,0.13590626196635822,0.0,0.0,0
2023-01-23,2.032721029126345,0.019565379643677216,0.06856166542590382,0.00027424666170361504,93,0.0,0.058143966136563335,0.13712333085180753,0.13712333085180753,0.0,0.0,0
2023-01-24,2.0346425242282002,0.0009452822469599997,0.05241850212043253,0.0002096740084817299,93,1.1102230246251565e-16,0.05885136471463917,0.10483700424086495,0.10483700424086495,0.0,0.0,0
2023-01-25,2.05139310910352,0.008232691824660243,0.05850354772883533,0.0002340141909153411,95,0.0,0.05194566329042592,0.11700709545767053,0.11700709545767055,0.0,2.1064692958677744e-16,0
2023-01-26,2.0874994986833504,0.017600911994683166,0.05535931381226772,0.00022143725524907088,100,0.0,0.06105421727760928,0.11071862762453544,0.11071862762453544,0.0,0.0,0
2023-01-27,2.0649525083049163,-0.010800956068566792,0.08490101424347578,0.0003396040569739031,99,0.0,0.05260698040860223,0.16980202848695156,0.16980202848695156,0.0,0.0,0
2023-01-30,2.025799514023884,-0.018960723853727934,0.07495377437199098,0.0002998150974879639,99,0.0,0.05040279523953107,0.14990754874398196,0.14990754874398196,0.0,0.0,0
2023-01-31,2.0574174675535124,0.015607641975797115,0.09519257993536348,0.0003807703197414539,98,0.0,0.05175292966226864,0.19038515987072696,0.19038515987072696,0.0,0.0,0
2023-02-01,2.079773968629135,0.01086629302423825,0.08887013001805107,0.00035548052007220403,100,1.1102230246251565e-16,0.049675762593409105,0.17774026003610205,0.17774026003610202,0.0,2.1356072292533224e-16,0
2023-02-02,2.090345778376282,0.005083153220787562,0.10089659650841454,0.00040358638603365794,101,0.0,0.051439053634163345,0.20179319301682896,0.20179319301682896,0.0,0.0,0
2023-02-03,2.0601828605029056,-0.014429630822517026,0.09013914567403865,0.0003605565826961542,98,2.220446049250313e-16,0.05008725568990482,0.18027829134807707,0.18027829134807707,0.0,0.0,0
2023-02-06,2.044135337158692,-0.007789368435138,0.08556575452311854,0.00034226301809247374,94,0.0,0.051806149879897005,0.17113150904623686,0.17113150904623686,0.0,0.0,0
2023-02-07,2.094501270946081,0.02463923639097043,0.0734214517391808,0.0002936858069567232,96,0.0,0.0520484323098453,0.1468429034783616,0.1468429034783616,0.0,0.0,0
2023-02-08,2.0901434661105087,-0.002080593072929293,0.08985351327357825,0.00035941405309431303,95,0.0,0.05047815228179811,0.1797070265471565,0.1797070265471565,0.0,0.0,0
2023-02-09,2.074287682189604,-0.007585978751214806,0.09236856318290257,0.0003694742527316103,102,0.0,0.050399481941057256,0.18473712636580514,0.18473712636580514,0.0,0.0,0
2023-02-10,2.0811088599624163,0.003288443464896762,0.07472825282476031,0.00029891301129904123,99,0.0,0.0483468909939373,0.14945650564952062,0.14945650564952062,0.0,0.0,0
2023-02-13,2.1130827373168635,0.015363865855159808,0.06498899705561297,0.00025995598822245187,102,0.0,0.04410731140679721,0.12997799411122593,0.12997799411122593,0.0,2.0504973587132103e-16,0
2023-02-14,2.135398688725935,0.01056085074899027,0.06399931782936455,0.00025599727131745797,99,1.1102230246251565e-16,0.047471842616962495,0.12799863565872902,0.127998635658729,0.0,2.147533453150663e-16,0
2023-02-15,2.1380287180904483,0.0012316338763336265,0.07983746461781908,0.00031934985847127613,103,2.220446049250313e-16,0.04942245223158627,0.15967492923563806,0.15967492923563806,0.0,0.0,0
2023-02-16,2.1115872796479755,-0.012367204527583997,0.07365604812716976,0.0002946241925086786,97,0.0,0.052247623314924094,0.14731209625433933,0.1473120962543393,0.0,2.1451278795804607e-16,0
2023-02-17,2.080511938817589,-0.014716578911939227,0.09577294191694652,0.00038309176766778585,98,1.1102230246251565e-16,0.05546607419617436,0.19154588383389293,0.19154588383389293,0.0,0.0,0
2023-02-21,2.0550741256857057,-0.01222670856017305,0.08974545217079302,0.0003589818086831721,103,1.1102230246251565e-16,0.055853455674535674,0.1794909043415861,0.17949090434158604,0.0,2.1037587904365607e-16,0
2023-02-22,2.0536332680767995,-0.0007011219648466183,0.07517472482663719,0.00030069889930654873,100,1.1102230246251565e-16,0.05181168213571914,0.15034944965327438,0.15034944965327438,0.0,0.0,0
2023-02-23,2.0774586325892765,0.01160156727242212,0.06188750606422053,0.0002475500242568821,97,1.1102230246251565e-16,0.054123171277048764,0.12377501212844105,0.12377501212844105,0.0,0.0,0
2023-02-24,2.0467041985533716,-0.014803873132998913,0.07459078550912182,0.00029836314203648707,100,0.0,0.050455637055355856,0.14918157101824353,0.14918157101824353,0.0,0.0,0
2023-02-27,2.0657928876375156,0.00932655002009386,0.10334752481379622,0.00041339009925518445,99,2.220446049250313e-16,0.05431748440803735,0.20669504962759222,0.20669504962759222,0.0,0.0,0
2023-02-28,2.059015469115343,-0.003280783162112333,0.06887673232160582,0.00027550692928642284,97,0.0,0.054715756150595665,0.13775346464321142,0.13775346464321142,0.0,0.0,0
2023-03-01,2.085658906625239,0.012939891860716868,0.0964608786098692,0.00038584351443947634,102,2.220446049250313e-16,0.05401081973774742,0.19292175721973817,0.19292175721973817,0.0,0.0,0
2023-03-02,2.0881835074351462,0.0012104571854427704,0.07790855798491222,0.00031163423193964845,100,0.0,0.04098332908083123,0.15581711596982423,0.15581711596982423,0.0,2.0944414280167634e-16,0
2023-03-03,2.122102699069711,0.016243396001257793,0.07780661706316677,0.0003112264682526666,102,2.220446049250313e-16,0.045126816081833186,0.15561323412633332,0.15561323412633332,0.0,0.0,0
2023-03-06,2.120428600012392,-0.0007888869177031799,0.07369980804257431,0.00029479923217029703,103,1.1102230246251565e-16,0.052811339004268154,0.1473996160851485,0.1473996160851485,0.0,0.0,0
2023-03-07,2.0917214094792365,-0.013538390556035673,0.05653904398956731,0.000226156175958269,106,0.0,0.045557241366077326,0.1130780879791345,0.1130780879791345,0.0,0.0,0
2023-03-08,2.1106708190624146,0.0090592415879589,0.061558058575752465,0.00024623223430300987,103,0.0,0.04343520655153564,0.12311611715150493,0.12311611715150493,0.0,0.0,0
2023-03-09,2.068026441294384,-0.020204182188378383,0.06790598009800534,0.00027162392039202114,105,1.1102230246251565e-16,0.04668581220304388,0.13581196019601058,0.13581196019601058,0.0,0.0,0
2023-03-10,2.0132901828382748,-0.026467871668918064,0.10030188463293409,0.00040120753853173634,100,1.1102230246251565e-16,0.04729373976311301,0.20060376926586818,0.20060376926586818,0.0,0.0,0
2023-03-13,1.9875099067451565,-0.012805047336382547,0.07524370978252781,0.000300974839130111,100,0.0,0.0489997766691058,0.1504874195650555,0.1504874195650555,0.0,0.0,0
2023-03-14,2.0141825752322164,0.013420143666473816,0.07684903648208258,0.00030739614592833033,104,0.0,0.049089762000016635,0.15369807296416516,0.15369807296416516,0.0,0.0,0
2023-03-15,1.952446096760535,-0.030650884994655292,0.06628660736908719,0.00026514642947634876,101,0.0,0.054267311116582805,0.13257321473817438,0.13257321473817438,0.0,0.0,0
2023-03-16,2.002384022489146,0.025577108536551707,0.10515923327970642,0.0004206369331188252,97,2.220446049250313e-16,0.04980166533060914,0.2103184665594126,0.2103184665594126,0.0,0.0,0
2023-03-17,1.9768497983436637,-0.012751911650663694,0.07983347759476,0.0003193339103790398,97,1.1102230246251565e-16,0.06023960216624544,0.1596669551895199,0.1596669551895199,0.0,2.1403506137579464e-16,0
2023-03-20,1.988502779738732,0.0058947227072243535,0.08695447339329218,0.00034781789357316874,95,1.1102230246251565e-16,0.05558285589939787,0.17390894678658436,0.17390894678658436,0.0,0.0,0
2023-03-21,2.025403351786722,0.01855696276815766,0.05866915501760197,0.00023467662007040788,94,1.1102230246251565e-16,0.05894813348727842,0.11733831003520395,0.11733831003520394,0.0,2.1815502963123956e-16,0
2023-03-22,1.9893536437471795,-0.017798779688865896,0.07803010486735548,0.0003121204194694217,94,0.0,0.057369166937384516,0.15606020973471085,0.15606020973471085,0.0,0.0,0
2023-03-23,2.001116703591278,0.005913005905747948,0.0787385081051596,0.00031495403242063843,96,0.0,0.05186963082794417,0.1574770162103192,0.1574770162103192,0.0,0.0,0
2023-03-24,1.9943766190565886,-0.0033681616482402754,0.06918728680012765,0.00027674914720051037,99,1.1102230246251565e-16,0.05287336616557327,0.13837457360025518,0.13837457360025518,0.0,0.0,0
2023-03-27,2.021507637873107,0.01360375896772803,0.07788764356193205,0.000311550574247728,99,0.0,0.05711724121824304,0.155775287123864,0.155775287123864,0.0,0.0,0
2023-03-28,2.039202762928737,0.00875342972943094,0.07358274094914481,0.00029433096379657926,97,0.0,0.05323168439537019,0.14716548189828962,0.14716548189828962,0.0,0.0,0
2023-03-29,2.070129059171684,0.015165876000741596,0.0797557816545163,0.000319023126618065,97,1.1102230246251565e-16,0.05335414027407074,0.1595115633090325,0.1595115633090325,0.0,0.0,0
2023-03-30,2.091177812482146,0.010167845921106089,0.07695577671968241,0.00030782310687872943,99,0.0,0.060101963685116604,0.15391155343936472,0.15391155343936472,0.0,0.0,0
2023-03-31,2.113262312767062,0.010560795047219074,0.06808824030792639,0.00027235296123170535,97,1.1102230246251565e-16,0.05335104707785546,0.13617648061585266,0.13617648061585266,0.0,2.1450939982625705e-16,0
2023-04-03,2.121064201456391,0.0036918695053591577,0.06858304540863594,0.0002743321816345435,98,0.0,0.05502933041348042,0.13716609081727177,0.13716609081727177,0.0,0.0,0
2023-04-04,2.0828523748899945,-0.01801540308876981,0.08849080295822309,0.00035396321183289237,98,0.0,0.05930749972795787,0.17698160591644618,0.17698160591644618,0.0,0.0,0
2023-04-05,2.0783758562568053,-0.002149225114154163,0.08493396433536979,0.00033973585734147914,97,0.0,0.05350265069135583,0.16986792867073958,0.16986792867073958,0.0,0.0,0
2023-04-06,2.0668013822339084,-0.005568999460830337,0.09342498655672812,0.0003736999462269125,100,0.0,0.059066098186549176,0.18684997311345625,0.18684997311345625,0.0,0.0,0
2023-04-10,2.095197667577335,0.013739242477539992,0.0843395951465221,0.0003373583805860884,97,0.0,0.05916832650276395,0.1686791902930442,0.1686791902930442,0.0,0.0,0
2023-04-11,2.110106699984823,0.007115811857850707,0.10377758199429232,0.0004151103279771693,100,0.0,0.04906656062564991,0.20755516398858465,0.20755516398858465,0.0,0.0,0
2023-04-12,2.1025558651345926,-0.003578413759969923,0.07839576423225576,0.0003135830569290226,102,2.220446049250313e-16,0.047122442252579444,0.1567915284645113,0.1567915284645113,0.0,0.0,0
2023-04-13,2.1222142956430172,0.009349777969950068,0.07098593137496118,0.00028394372549984427,100,0.0,0.0552484397377264,0.14197186274992213,0.14197186274992213,0.0,2.1821601600344187e-16,0
2023-04-14,2.116179061014737,-0.0028438384571580766,0.06715382951309863,0.0002686153180523945,98,0.0,0.049636196278295054,0.13430765902619726,0.13430765902619726,0.0,2.1909693026858634e-16,0
2023-04-17,2.1253770785369253,0.00434652137507574,0.05843760417625833,0.00023375041670503334,98,0.0,0.05106958008362738,0.11687520835251666,0.11687520835251666,0.0,0.0,0
2023-04-18,2.129753156288289,0.0020589653457523394,0.08812965218684678,0.0003525186087473869,93,1.1102230246251565e-16,0.05422219607955371,0.17625930437369344,0.17625930437369344,0.0,0.0,0
2023-04-19,2.1015183481263744,-0.01325731485761572,0.06851931999427131,0.00027407727997708504,98,0.0,0.056845228480367334,0.13703863998854252,0.13703863998854252,0.0,0.0,0
2023-04-20,2.0987859143871987,-0.0013002188354014343,0.053904690209236765,0.00021561876083694707,99,0.0,0.056449690191433304,0.10780938041847353,0.10780938041847353,0.0,0.0,0
2023-04-21,2.0846673727838905,-0.006727004172519702,0.06514141373044721,0.0002605656549217889,98,0.0,0.057339667313627905,0.13028282746089442,0.13028282746089442,0.0,0.0,0
2023-04-24,2.0901316472856886,0.002621173321526671,0.05320103034727321,0.00021280412138909282,98,0.0,0.0569100890752646,0.10640206069454641,0.10640206069454641,0.0,0.0,0
2023-04-25,2.0369753063175677,-0.025432054022602513,0.06648959947629383,0.00026595839790517534,97,0.0,0.05799999453109442,0.13297919895258767,0.13297919895258767,0.0,0.0,0
2023-04-26,2.038723151214654,0.0008580589522444448,0.08199406766132215,0.00032797627064528863,97,0.0,0.059099619231185695,0.1639881353226443,0.1639881353226443,0.0,0.0,0
2023-04-27,2.0604363694032823,0.010650400558649409,0.07880739185183869,0.00031522956740735476,97,0.0,0.05767375234757364,0.15761478370367737,0.15761478370367737,0.0,0.0,0
2023-04-28,2.085077838892436,0.011959345047034997,0.05638007005361073,0.00022552028021444293,91,0.0,0.060016441234622735,0.11276014010722146,0.11276014010722146,0.0,0.0,0
2023-05-01,2.088419728381981,0.0016027648595220434,0.12307604992174635,0.0004923041996869854,95,0.0,0.0570028829921487,0.2461520998434927,0.2461520998434927,0.0,0.0,0
2023-05-02,2.046261965089674,-0.020186441795859267,0.08255202692989255,0.0003302081077195702,94,0.0,0.053064710793319335,0.16510405385978508,0.1651040538597851,0.0,2.1315414711065017e-16,0
2023-05-03,2.0319016357976905,-0.007017835221969748,0.08853915141861125,0.0003541566056744448,95,1.1102230246251565e-16,0.06777207037152713,0.1770783028372224,0.1770783028372224,0.0,0.0,0
2023-05-04,2.007455574183556,-0.012031124530561876,0.1295051804783023,0.000518020721913209,96,0.0,0.05959676452427102,0.2590103609566045,0.2590103609566045,0.0,0.0,0
2023-05-05,2.0485079388785064,0.020449949290482605,0.0955465170666822,0.0003821860682667288,96,0.0,0.05710000687606053,0.1910930341333644,0.1910930341333644,0.0,0.0,0
2023-05-08,2.060438840270864,0.005824190946943197,0.13152330242977597,0.0005260932097191035,98,2.220446049250313e-16,0.049734657376506224,0.2630466048595517,0.2630466048595517,0.0,0.0,0
2023-05-09,2.0579668976555157,-0.0011997165686429279,0.12269426686794782,0.000490777067471791,100,1.1102230246251565e-16,0.05857398928789737,0.24538853373589553,0.24538853373589553,0.0,0.0,0
2023-05-10,2.0659534250096856,0.003880785139580345,0.06421942864463999,0.00025687771457855976,105,2.220446049250313e-16,0.051500206984831313,0.12843885728927987,0.12843885728927987,0.0,0.0,0
2023-05-11,2.0541968959929355,-0.005690606997442282,0.07415869671980663,0.00029663478687922627,101,1.1102230246251565e-16,0.05263712575856125,0.14831739343961314,0.14831739343961314,0.0,0.0,0
2023-05-12,2.056980150034755,0.0013549110346962046,0.07076609953871342,0.0002830643981548537,99,1.1102230246251565e-16,0.04136731415037969,0.14153219907742687,0.14153219907742684,0.0,2.1846673775582914e-16,0
2023-05-15,2.081388662334626,0.011866187575732434,0.059066433966970595,0.00023626573586788216,100,2.220446049250313e-16,0.040469688151525296,0.11813286793394108,0.11813286793394108,0.0,0.0,0
2023-05-16,2.051537301962789,-0.014342040442534842,0.07988445920828857,0.0003195378368331538,102,0.0,0.04620652979137541,0.15976891841657692,0.15976891841657692,0.0,0.0,0
2023-05-17,2.0942117708009427,0.020801215165488385,0.08216457434623396,0.00032865829738493586,103,0.0,0.04715162223833128,0.164329148692468,0.16432914869246792,0.0,2.1185310450366757e-16,0
2023-05-18,2.127175887740113,0.01574058430898928,0.08448860418363101,0.000337954416734524,101,0.0,0.048228513747404354,0.16897720836726202,0.16897720836726202,0.0,0.0,0
2023-05-19,2.125149421256647,-0.0009526558171072397,0.07708225624545025,0.000308329024981801,99,0.0,0.045454993265308434,0.1541645124909005,0.1541645124909005,0.0,0.0,0
2023-05-22,2.1327187459856796,0.0035617847165574368,0.059682295682028666,0.00023872918272811446,98,1.1102230246251565e-16,0.04746989410003718,0.1193645913640572,0.11936459136405722,0.0,2.17057274931598e-16,0
2023-05-23,2.1095282644457862,-0.010873670793930867,0.08451937837635977,0.00033807751350543885,98,0.0,0.046305499636103156,0.16903875675271943,0.16903875675271943,0.0,0.0,0
2023-05-24,2.0969777332252146,-0.005949449188285216,0.08264781464740446,0.00033059125858961785,98,0.0,0.04145369033984904,0.16529562929480895,0.16529562929480893,0.0,2.085530641411648e-16,0
2023-05-25,2.1307502429290017,0.01610532585476898,0.09006103358254139,0.00036024413433016555,97,0.0,0.04755694892800088,0.18012206716508278,0.18012206716508278,0.0,0.0,0
2023-05-26,2.171443073009074,0.019097888274382857,0.12120913514643816,0.0004848365405857524,96,1.1102230246251565e-16,0.04515317144768381,0.24241827029287621,0.24241827029287621,0.0,0.0,0
2023-05-30,2.1551189696822783,-0.007517628958227496,0.09643303477457843,0.0003857321390983135,97,0.0,0.0588888767366281,0.19286606954915675,0.19286606954915675,0.0,0.0,0
2023-05-31,2.1328735908900414,-0.010322111728020555,0.10610262430450215,0.00042441049721800864,99,0.0,0.04943040804441281,0.21220524860900436,0.2122052486090043,0.0,2.1147363374329764e-16,0
2023-06-01,2.1676263387761483,0.016293861968446288,0.07243129506662647,0.0002897251802665059,100,0.0,0.04980607476478843,0.14486259013325295,0.14486259013325295,0.0,0.0,0
2023-06-02,2.218382294693141,0.023415454503865174,0.09148951354652521,0.00036595805418610086,101,0.0,0.04887512217348223,0.18297902709305042,0.18297902709305042,0.0,0.0,0
2023-06-05,2.2225008232483616,0.0018565459006198992,0.09817991689044686,0.00039271966756178746,99,0.0,0.04811453563813075,0.19635983378089378,0.19635983378089372,0.0,2.144619659812108e-16,0
2023-06-06,2.238952282699891,0.007402228732353855,0.09154247736427154,0.00036616990945708615,96,0.0,0.0585064352039105,0.18308495472854308,0.18308495472854308,0.0,0.0,0
2023-06-07,2.237238454766821,-0.0007654597850575984,0.09567114594390703,0.00038268458377562815,94,0.0,0.058452381711706185,0.19134229188781407,0.19134229188781407,0.0,0.0,0
2023-06-08,2.251588302067914,0.006414089329869199,0.09751347982892844,0.0003900539193157138,98,0.0,0.04851403486803724,0.19502695965785688,0.19502695965785688,0.0,0.0,0
2023-06-09,2.2518939386842125,0.00013574267374627524,0.0752597842363218,0.000301039136945287,96,1.1102230246251565e-16,0.05041268678556711,0.1505195684726435,0.1505195684726435,0.0,0.0,0
2023-06-12,2.265889562677964,0.006215045812472342,0.09956370108942156,0.00039825480435768626,99,1.1102230246251565e-16,0.04944119809292047,0.19912740217884314,0.19912740217884312,0.0,2.2644239998717564e-16,0
2023-06-13,2.28681815758927,0.009236370234465996,0.071174868181082,0.0002846994727243278,99,2.220446049250313e-16,0.05102521675675236,0.1423497363621639,0.1423497363621639,0.0,0.0,0
2023-06-14,2.2877030763168285,0.00038696506087365634,0.08791349760795576,0.00035165399043182304,102,2.220446049250313e-16,0.06860159573263036,0.17582699521591152,0.17582699521591152,0.0,0.0,0
2023-06-15,2.315665832732837,0.01222307068845141,0.08491622720442872,0.00033966490881771444,103,0.0,0.055897803520082986,0.16983245440885722,0.16983245440885722,0.0,0.0,0
2023-06-16,2.3143945276183104,-0.0005490019745320041,0.09107203826558204,0.00036428815306232816,101,0.0,0.05611569561803808,0.18214407653116407,0.18214407653116407,0.0,0.0,0
2023-06-20,2.2983032518999273,-0.006952693469657545,0.0747423885703192,0.0002989695542812768,101,0.0,0.059605921906151334,0.1494847771406384,0.1494847771406384,0.0,0.0,0
2023-06-21,2.298420153646692,5.086436990775489e-05,0.06933416197724358,0.00027733664790897413,100,1.1102230246251565e-16,0.0645218291415109,0.13866832395448705,0.13866832395448705,0.0,0.0,0
2023-06-22,2.288435869875191,-0.004343976777117842,0.09141243625068851,0.00036564974500275405,99,1.1102230246251565e-16,0.05125621829662421,0.18282487250137702,0.18282487250137702,0.0,0.0,0
2023-06-23,2.2719787910019336,-0.0071914092458947865,0.0810335400500002,0.0003241341602000008,98,1.1102230246251565e-16,0.04670375688980974,0.1620670801000004,0.1620670801000004,0.0,0.0,0
2023-06-26,2.2897503628935167,0.007822067689173373,0.07169973400511022,0.0002867989360204409,98,1.1102230246251565e-16,0.05879150860486916,0.14339946801022044,0.14339946801022044,0.0,2.1028101135356358e-16,0
2023-06-27,2.3102567193179446,0.008955717075862513,0.08434349204984076,0.00033737396819936283,100,2.220446049250313e-16,0.047217825028736865,0.16868698409968141,0.16868698409968141,0.0,0.0,0
2023-06-28,2.3109860906236195,0.0003157100678794489,0.08713253900842337,0.00034853015603369323,95,1.1102230246251565e-16,0.058606404759740126,0.17426507801684663,0.17426507801684663,0.0,0.0,0
2023-06-29,2.3253166162816563,0.006201043665377437,0.07562920214228795,0.0003025168085691518,99,1.1102230246251565e-16,0.05129631846372921,0.1512584042845759,0.1512584042845759,0.0,0.0,0
2023-06-30,2.3439284912494984,0.0080040175335796,0.06789798635212446,0.00027159194540849786,99,1.1102230246251565e-16,0.05364821605210671,0.13579597270424892,0.13579597270424892,0.0,0.0,0
2023-07-03,2.3556407093195073,0.004996832503096238,0.09021488932117144,0.00036085955728468557,100,0.0,0.057349125386647166,0.18042977864234278,0.18042977864234278,0.0,0.0,0
2023-07-05,2.335205934013743,-0.008674826863417362,0.07421304920462313,0.0002968521968184923,100,1.1102230246251565e-16,0.054487537732646356,0.14842609840924614,0.14842609840924614,0.0,0.0,0
2023-07-06,2.2889157688160053,-0.019822733628538813,0.07054570424848298,0.0002821828169939317,98,0.0,0.05308765393145241,0.14109140849696586,0.14109140849696586,0.0,0.0,0
2023-07-07,2.312038584517793,0.010102082399366052,0.0856505368224002,0.00034260214728960083,99,0.0,0.05670855109389755,0.1713010736448004,0.1713010736448004,0.0,0.0,0
2023-07-10,2.338466622462656,0.01143062149647256,0.08719059577383473,0.00034876238309533895,98,0.0,0.05113251413786397,0.17438119154766946,0.17438119154766946,0.0,0.0,0
2023-07-11,2.365061233160974,0.011372670639323124,0.06158792481156378,0.0002463516992462551,99,0.0,0.05256397936499764,0.12317584962312755,0.12317584962312755,0.0,0.0,0
2023-07-12,2.384344986338861,0.008153595732535601,0.05469598654371737,0.00021878394617486926,102,1.1102230246251565e-16,0.0497651450012953,0.10939197308743463,0.10939197308743463,0.0,0.0,0
2023-07-13,2.4212538959976913,0.015479685142167243,0.06263527344916633,0.0002505410937966651,98,0.0,0.05345885893974842,0.12527054689833256,0.12527054689833256,0.0,0.0,0
2023-07-14,2.388208598121997,-0.013648010202613525,0.07199901389172104,0.0002879960555668842,100,0.0,0.05172391522132344,0.14399802778344206,0.1439980277834421,0.0,2.0991509312034973e-16,0
2023-07-17,2.4239877143703707,0.014981570821120505,0.06252529423658873,0.00025010117694635473,105,1.1102230246251565e-16,0.047781916776733054,0.12505058847317735,0.12505058847317735,0.0,0.0,0
2023-07-18,2.4494231413176832,0.010493216115131654,0.06321448910984756,0.00025285795643939003,103,0.0,0.04525643424321561,0.126428978219695,0.126428978219695,0.0,1.982277325141349e-16,0
2023-07-19,2.4408416887080584,-0.0035034586163860126,0.05314626752530401,0.00021258507010121606,104,0.0,0.04575898674573899,0.10629253505060803,0.10629253505060803,0.0,0.0,0
2023-07-20,2.409553321382085,-0.012818679503353914,0.07015644421506029,0.0002806257768602412,100,0.0,0.049819376489816186,0.14031288843012057,0.14031288843012057,0.0,0.0,0
2023-07-21,2.422762104164375,0.005481838756203006,0.07511651882129507,0.00030046607528518026,106,0.0,0.0497375828967518,0.15023303764259013,0.15023303764259013,0.0,0.0,0
2023-07-24,2.4326603924210994,0.00408553866667738,0.0832856034492016,0.0003331424137968064,105,0.0,0.060947346776564874,0.1665712068984032,0.1665712068984032,0.0,0.0,0
2023-07-25,2.4554289566895817,0.009359532608586463,0.08654603106413601,0.00034618412425654405,107,0.0,0.05917700922913207,0.17309206212827202,0.17309206212827202,0.0,0.0,0
2023-07-26,2.447179245902469,-0.0033597839451381395,0.07582388165072369,0.00030329552660289457,103,1.1102230246251565e-16,0.05848444549159106,0.15164776330144727,0.15164776330144727,0.0,0.0,0
2023-07-27,2.421400857978967,-0.010533918987203239,0.09219488258141303,0.00036877953032565217,102,1.1102230246251565e-16,0.06921012077400218,0.18438976516282607,0.18438976516282607,0.0,0.0,0
2023-07-28,2.454651234998001,0.013731876285360878,0.09679330398938045,0.0003871732159575218,104,1.1102230246251565e-16,0.060152771227628014,0.1935866079787609,0.1935866079787609,0.0,0.0,0
2023-07-31,2.4827493550144215,0.011446888916764264,0.11224512593286914,0.00044898050373147637,106,0.0,0.06010606090687113,0.2244902518657382,0.22449025186573818,0.0,2.0766706767833681e-16,0
2023-08-01,2.486722642870745,0.0016003580257903938,0.08208750023694628,0.00032835000094778513,99,0.0,0.0598229853512567,0.16417500047389255,0.16417500047389255,0.0,0.0,0
2023-08-02,2.4235574167851586,-0.025400993659938975,0.08271926002509056,0.0003308770401003618,99,2.220446049250313e-16,0.06372589378924177,0.1654385200501809,0.1654385200501809,0.0,0.0,0
2023-08-03,2.420248852624633,-0.0013651684658307905,0.09560472407502223,0.0003824188963000885,101,0.0,0.04972161762668512,0.19120944815004423,0.19120944815004423,0.0,0.0,0
2023-08-04,2.3899135381868413,-0.01253396501144699,0.07678874432147667,0.00030715497728590646,102,1.1102230246251565e-16,0.049180646422292314,0.15357748864295329,0.15357748864295323,0.0,2.233812229157986e-16,0
2023-08-07,2.404558483023419,0.006127813664626558,0.09883273256279593,0.0003953309302511835,98,0.0,0.05433531026166128,0.19766546512559174,0.19766546512559174,0.0,0.0,0
2023-08-08,2.3963817779475862,-0.0034005016445062264,0.07263237291035844,0.00029052949164143376,100,0.0,0.055198497298976475,0.14526474582071688,0.14526474582071688,0.0,0.0,0
2023-08-09,2.377522323225604,-0.007869970843349838,0.08441201280991935,0.0003376480512396772,98,1.1102230246251565e-16,0.05939496869858986,0.16882402561983872,0.16882402561983859,0.0,2.198372370644866e-16,0
2023-08-10,2.3788897840777325,0.0005751621504328508,0.09507696292354693,0.00038030785169418754,100,0.0,0.05153858652431406,0.19015392584709376,0.19015392584709376,0.0,0.0,0
2023-08-11,2.369352495020882,-0.004009134479741272,0.0681695865206489,0.0002726783460825954,103,1.1102230246251565e-16,0.05154585888438619,0.1363391730412977,0.1363391730412977,0.0,0.0,0
2023-08-14,2.3835264751762963,0.005982216738623869,0.062095417171052734,0.0002483816686842107,101,2.220446049250313e-16,0.05054672683361599,0.12419083434210536,0.12419083434210536,0.0,0.0,0
2023-08-15,2.3566843344464554,-0.011261524052446514,0.06505842310556352,0.00026023369242225366,99,0.0,0.056014515743824496,0.13011684621112682,0.13011684621112682,0.0,2.1988975310721637e-16,0
2023-08-16,2.340036560468197,-0.007064066126687529,0.06823173595697563,0.0002729269438279023,100,1.1102230246251565e-16,0.05278296969555526,0.13646347191395114,0.13646347191395114,0.0,0.0,0
2023-08-17,2.315921840678094,-0.010305274796765684,0.06553641679039549,0.0002621456671615819,96,1.1102230246251565e-16,0.05810642394875903,0.13107283358079097,0.13107283358079097,0.0,0.0,0
2023-08-18,2.3254961656118747,0.004134131284403431,0.055783516090252075,0.00022313406436100808,97,0.0,0.05222392008978078,0.11156703218050404,0.11156703218050404,0.0,0.0,0
2023-08-21,2.3594207217790277,0.014588093787816225,0.05730653515719485,0.0002292261406287792,98,1.1102230246251565e-16,0.05278281272531326,0.1146130703143896,0.1146130703143896,0.0,0.0,0
2023-08-22,2.3653049803743627,0.0024939420684997327,0.06418401360546332,0.00025673605442185307,98,0.0,0.04478472875549815,0.12836802721092652,0.12836802721092652,0.0,0.0,0
2023-08-23,2.4070785129482797,0.017660949822760452,0.07124575926248347,0.00028498303704993364,96,1.1102230246251565e-16,0.055166967161504786,0.14249151852496683,0.14249151852496683,0.0,0.0,0
2023-08-24,2.3481932385198774,-0.02446337920082109,0.06114915214231754,0.00024459660856926993,96,0.0,0.062428014531323815,0.12229830428463496,0.12229830428463496,0.0,0.0,0
2023-08-25,2.367374764593115,0.008168631847917274,0.07906729591272711,0.0003162691836509082,101,1.1102230246251565e-16,0.05493130435086506,0.15813459182545417,0.1581345918254541,0.0,2.1145330495256354e-16,0
2023-08-28,2.389967341266718,0.009543303836596406,0.0719072275067416,0.00028762891002696617,97,0.0,0.058356459426832326,0.14381445501348308,0.14381445501348308,0.0,0.0,0
2023-08-29,2.4292154250559355,0.016422016783047555,0.06690029671936461,0.00026760118687745824,97,1.1102230246251565e-16,0.06169131428601068,0.1338005934387291,0.1338005934387291,0.0,0.0,0
2023-08-30,2.4383881834516377,0.003776016857579112,0.09678709570734596,0.0003871483828293836,97,0.0,0.050561902045819875,0.19357419141469182,0.19357419141469182,0.0,0.0,0
2023-08-31,2.4407467308385447,0.0009672567325060832,0.056878149668059694,0.0002275125986722388,94,0.0,0.05120030383070577,0.11375629933611939,0.11375629933611939,0.0,0.0,0
2023-09-01,2.4492549355762154,0.0034859023388911226,0.06770782775017191,0.00027083131100068763,100,2.6890706231878884e-05,0.04805700712970667,0.13541565550034382,0.13541565550034382,0.0,0.0,0
2023-09-05,2.438270582926734,-0.00448477309974149,0.07235656319712241,0.00028937224472496347,97,0.0,0.04777147870693762,0.14468612236248174,0.14468612236248174,0.0,0.0,0
2023-09-06,2.4270380425925837,-0.004606765308494909,0.07465447286513566,0.0002986178914605424,93,1.1102230246251565e-16,0.05233582730583652,0.1493089457302712,0.1493089457302712,0.0,0.0,0
2023-09-07,2.400676778800565,-0.01086149591782215,0.04679399089973829,0.00018717596359895295,96,0.0,0.05144642726827211,0.09358798179947647,0.09358798179947647,0.0,0.0,0
2023-09-08,2.392964380348032,-0.0032125934322514427,0.07238047291930699,0.000289521891677228,97,0.0,0.048405177660118495,0.14476094583861399,0.14476094583861399,0.0,0.0,0
2023-09-11,2.395682351429562,0.0011358176092597372,0.07347685856917774,0.0002939074342767107,100,1.1102230246251565e-16,0.0521255792969863,0.14695371713835537,0.14695371713835537,0.0,0.0,0
2023-09-12,2.3843325858031417,-0.004737592034957383,0.06169190100413972,0.00024676760401655867,99,0.0,0.053472872294400176,0.12338380200827932,0.12338380200827932,0.0,0.0,0
2023-09-13,2.3853460221346086,0.00042503983609543106,0.0903703247928378,0.0003614812991713512,102,0.0,0.07221228124494265,0.1807406495856756,0.1807406495856756,0.0,0.0,0
2023-09-14,2.4102473456868267,0.010439291960641528,0.052643288411355064,0.00021057315364542026,101,0.0,0.06762733061484177,0.10528657682271013,0.10528657682271013,0.0,0.0,0
2023-09-15,2.365704144431563,-0.018480759385535395,0.0814364978141358,0.000325745991256543,103,1.1102230246251565e-16,0.07313044047389235,0.16287299562827148,0.16287299562827148,0.0,0.0,0
2023-09-18,2.3749487575122794,0.0039077638268827375,0.0835824847853239,0.0003343299391412954,107,0.0,0.06536788512509395,0.1671649695706477,0.1671649695706477,0.0,0.0,0
2023-09-19,2.362964956312714,-0.00504591990107528,0.058862272706569796,0.00023544909082627918,105,0.0,0.07030957719984449,0.11772454541313959,0.11772454541313959,0.0,0.0,0
2023-09-20,2.3435202627586627,-0.008228938606179792,0.06886261029124721,0.00027545044116498887,101,0.0,0.060458201198125526,0.13772522058249448,0.13772522058249442,0.0,2.1423834928313568e-16,0
2023-09-21,2.3025996474995365,-0.01746117407619796,0.07188494940991202,0.0002875397976396481,101,0.0,0.06994697506902733,0.14376989881982405,0.14376989881982405,0.0,0.0,0
2023-09-22,2.307720566832615,0.002223972951024944,0.0759060599891685,0.000303624239956674,98,0.0,0.06487483829184919,0.151812119978337,0.151812119978337,0.0,0.0,0
2023-09-25,2.3115948621323708,0.0016788407381025383,0.05887246564867445,0.0002354898625946978,104,0.0,0.07410008865371465,0.1177449312973489,0.1177449312973489,0.0,0.0,0
2023-09-26,2.273445991269764,-0.016503268582027997,0.07299296820629693,0.0002919718728251875,100,1.1102230246251565e-16,0.06648480810798829,0.14598593641259375,0.14598593641259375,0.0,0.0,0
2023-09-27,2.289460870555196,0.007044319217140105,0.06268027496941694,0.0002507210998776678,103,1.1102230246251565e-16,0.065705537280289,0.12536054993883386,0.1253605499388339,0.0,2.2184131701769028e-16,0
2023-09-28,2.3215866595898618,0.014032032365276947,0.06011742020006213,0.0002404696808002483,102,0.0,0.06574272483875049,0.12023484040012415,0.12023484040012415,0.0,0.0,0
2023-09-29,2.317565919382293,-0.0017318932252474717,0.05548438591123189,0.00022193754364492756,100,0.0,0.07422602304217601,0.11096877182246379,0.11096877182246379,0.0,0.0,0
2023-10-02,2.3097012509607824,-0.003393503656459962,0.08098589022743931,0.00032394356090975727,98,0.0,0.06733949680086139,0.16197178045487862,0.16197178045487862,0.0,0.0,0
2023-10-03,2.2619699693067217,-0.0206655651393034,0.06811519962892876,0.00027246079851571506,96,0.0,0.06660082405768795,0.13623039925785752,0.13623039925785752,0.0,0.0,0
2023-10-04,2.277885872331204,0.007036301648761789,0.07272684972566366,0.00029090739890265464,98,0.0,0.0660993223900514,0.14545369945132733,0.14545369945132733,0.0,0.0,0
2023-10-05,2.269426414387471,-0.0037137321261294653,0.07460606997511378,0.0002984242799004549,101,1.1102230246251565e-16,0.05616300666641332,0.14921213995022745,0.14921213995022745,0.0,0.0,0
2023-10-06,2.306583761140345,0.0163730123688115,0.060193832548782134,0.0002407753301951283,100,0.0,0.055323985866648606,0.12038766509756416,0.12038766509756416,0.0,0.0,0
2023-10-09,2.317355320389238,0.004669918964298914,0.06936251942623171,0.00027745007770492664,99,1.1102230246251565e-16,0.05507741966370529,0.13872503885246332,0.13872503885246332,0.0,0.0,0
2023-10-10,2.340081505199628,0.009806948727471232,0.07568438044438598,0.0003027375217775437,101,0.0,0.06080771899393429,0.15136876088877185,0.15136876088877185,0.0,0.0,0
2023-10-11,2.3501433942201073,0.004299802805210806,0.06661755123215746,0.0002664702049286296,99,1.1102230246251565e-16,0.05432811859072599,0.1332351024643148,0.1332351024643148,0.0,0.0,0
2023-10-12,2.338147878118702,-0.005104163486750135,0.07550334645027319,0.0003020133858010928,99,1.1102230246251565e-16,0.05505623932179226,0.15100669290054639,0.15100669290054639,0.0,0.0,0
2023-10-13,2.3097774661739634,-0.01213371156300247,0.07688942862046849,0.00030755771448187375,97,0.0,0.06378996738131608,0.15377885724093687,0.15377885724093687,0.0,0.0,0
2023-10-16,2.341314250652685,0.013653602972826917,0.09259851351553904,0.00037039405406215614,98,0.0,0.06396165692825886,0.18519702703107807,0.18519702703107807,0.0,2.2001172585162099e-16,0
2023-10-17,2.35114484346463,0.004198749830017334,0.09413899203500684,0.0003765559681400271,99,1.1102230246251565e-16,0.0651875700798859,0.18827798407001356,0.18827798407001356,0.0,0.0,0
2023-10-18,2.30883211998041,-0.017996646868369104,0.06574425998362447,0.00026297703993449767,97,0.0,0.0588883493892204,0.13148851996724883,0.13148851996724883,0.0,0.0,0
2023-10-19,2.284190013424419,-0.010672974592972895,0.09753491331062236,0.00039013965324248925,102,1.1102230246251565e-16,0.05619501996199422,0.1950698266212446,0.1950698266212446,0.0,0.0,0
2023-10-20,2.2475575901618847,-0.01603738001096311,0.0721704144709092,0.0002886816578836366,103,2.220446049250313e-16,0.04884908320789771,0.1443408289418183,0.1443408289418183,0.0,0.0,0
2023-10-23,2.2348301382282147,-0.005662792352632562,0.09238138578973323,0.0003695255431589325,104,0.0,0.05850463619925656,0.18476277157946625,0.18476277157946625,0.0,0.0,0
2023-10-24,2.2635707402548846,0.012860307159386908,0.060541609155424274,0.0002421664366216971,99,0.0,0.0682002068186178,0.12108321831084855,0.12108321831084855,0.0,0.0,0
2023-10-25,2.2141780222311493,-0.02182070882316378,0.08005868322037445,0.0003202347328814978,99,0.0,0.05546370253556585,0.1601173664407489,0.1601173664407489,0.0,0.0,0
2023-10-26,2.2161115540050433,0.000873250368525369,0.09798717530047135,0.0003919487012018852,98,1.1102230246251565e-16,0.05908113849718227,0.1959743506009426,0.1959743506009426,0.0,0.0,0
2023-10-27,2.2186414197411497,0.0011415786951403106,0.08375764286448532,0.0003350305714579411,97,0.0,0.059677805154952475,0.16751528572897054,0.16751528572897054,0.0,0.0,0
2023-10-30,2.2119125407321834,-0.003032882623164701,0.12797816237540827,0.0005119126495016328,98,1.1102230246251565e-16,0.0648575474397332,0.2559563247508164,0.2559563247508164,0.0,0.0,0
2023-10-31,2.2384272348992122,0.011987225389233469,0.12609358746754495,0.0005043743498701796,96,0.0,0.05583567340215054,0.2521871749350898,0.2521871749350898,0.0,0.0,0
2023-11-01,2.2715116953028875,0.01478022599433082,0.0937313348880004,0.0003749253395520016,102,0.0,0.05226376140270867,0.1874626697760008,0.1874626697760008,0.0,0.0,0
2023-11-02,2.3248985581406862,0.023502790211555658,0.07595758488882771,0.00030383033955531084,101,0.0,0.04977060223372633,0.15191516977765543,0.15191516977765543,0.0,0.0,0
2023-11-03,2.3500448212975216,0.010816068971605253,0.11095661077010478,0.00044382644308041847,103,3.3306690738754696e-16,0.041656349505861,0.22191322154020923,0.22191322154020923,0.0,0.0,0
2023-11-06,2.3342219547615595,-0.006733006278248688,0.08665301173886097,0.0003466120469554432,104,0.0,0.04575129187948015,0.17330602347772162,0.17330602347772162,0.0,0.0,0
2023-11-07,2.3532306471371274,0.008143481101611671,0.07912792005201175,0.0003165116802080468,105,1.1102230246251565e-16,0.046391912658686155,0.15825584010402344,0.15825584010402338,0.0,1.9751453077254677e-16,0
2023-11-08,2.3522544371234213,-0.0004148382203391643,0.07692741726271728,0.0003077096690508689,107,0.0,0.04248931753108694,0.15385483452543444,0.15385483452543444,0.0,0.0,0
2023-11-09,2.3368638235112345,-0.0065429204295637255,0.10946832762566631,0.0004378733105026653,104,0.0,0.049035393343074905,0.21893665525133263,0.21893665525133263,0.0,0.0,0
2023-11-10,2.385972504511972,0.021014780795805876,0.08473178112113194,0.00033892712448452776,102,0.0,0.050722049985443746,0.1694635622422639,0.1694635622422639,0.0,0.0,0
2023-11-13,2.3789820564655946,-0.0029298108143149815,0.11505907723701635,0.0004602363089480654,98,0.0,0.045175790732488716,0.2301181544740327,0.2301181544740327,0.0,0.0,0
2023-11-14,2.4517818798668514,0.03060124947281606,0.06297420711138424,0.000251896828445537,100,0.0,0.0551475106351601,0.12594841422276848,0.12594841422276848,0.0,0.0,0
2023-11-15,2.475774353664619,0.009785729307645541,0.09299381011184515,0.0003719752404473806,105,0.0,0.04730763425102054,0.1859876202236903,0.1859876202236903,0.0,0.0,0
2023-11-16,2.461839044374181,-0.00562866695416353,0.07743040389483902,0.0003097216155793561,105,0.0,0.048026908534639416,0.15486080778967803,0.15486080778967803,0.0,0.0,0
2023-11-17,2.4948701346001276,0.013417242001027452,0.08281759535689195,0.0003312703814275678,104,0.0,0.047642759037783894,0.1656351907137839,0.1656351907137839,0.0,0.0,0
2023-11-20,2.5990851272380864,0.041771710355842595,0.09682196628409652,0.0003872878651363861,108,0.0,0.047406826132717704,0.19364393256819304,0.19364393256819304,0.0,0.0,0
2023-11-21,2.5832866893919704,-0.006078461101774013,0.10880279555468311,0.00043521118221873247,107,0.0,0.056889908852169685,0.21760559110936623,0.21760559110936623,0.0,0.0,0
2023-11-22,2.587168681348573,0.0015027336967838867,0.07125537401247413,0.0002850214960498963,103,1.1102230246251565e-16,0.05792763815025614,0.1425107480249482,0.14251074802494815,0.0,2.1600017781342462e-16,0
2023-11-24,2.6087617668696796,0.008346222523786695,0.1006239143303267,0.0004024956573213068,103,1.1102230246251565e-16,0.05627813626731511,0.2012478286606534,0.2012478286606534,0.0,0.0,0
2023-11-27,2.623291990724405,0.005569777984043567,0.09281996683364249,0.00037127986733456975,105,0.0,0.059060252105060745,0.18563993366728487,0.18563993366728487,0.0,0.0,0
2023-11-28,2.630415657563929,0.0027155447676856515,0.07934292474564933,0.0003173716989825971,106,1.1102230246251565e-16,0.06044703289066883,0.15868584949129855,0.15868584949129855,0.0,0.0,0
2023-11-29,2.645057163918373,0.005566232968672313,0.10059490363004624,0.000402379614520185,106,1.1102230246251565e-16,0.05826592002125118,0.20118980726009247,0.20118980726009247,0.0,0.0,0
2023-11-30,2.651475326797475,0.0024264741672326284,0.0925572656871811,0.0003702290627487242,106,0.0,0.055657646706044554,0.1851145313743621,0.1851145313743621,0.0,0.0,0
2023-12-01,2.6729890968829184,0.008113886585332963,0.0848782124879922,0.0003395128499519688,106,0.0,0.05533582380779575,0.1697564249759844,0.1697564249759844,0.0,0.0,0
2023-12-04,2.643303482713916,-0.011105774506757315,0.10275693395465288,0.0004110277358186115,103,0.0,0.06722039628205372,0.20551386790930576,0.20551386790930576,0.0,0.0,0
2023-12-05,2.6424149535715684,-0.0003361434463193813,0.07922520719983646,0.00031690082879934584,103,0.0,0.048547706854089684,0.15845041439967292,0.15845041439967292,0.0,0.0,0
2023-12-06,2.613003507362415,-0.011130517623433756,0.10353675643605163,0.00041414702574420653,104,0.0,0.05764430497472042,0.20707351287210327,0.20707351287210327,0.0,0.0,0
2023-12-07,2.632185121903281,0.0073408300014981,0.07384021099745988,0.00029536084398983954,97,0.0,0.059191892450270615,0.14768042199491976,0.14768042199491976,0.0,0.0,0
2023-12-08,2.652058082338181,0.0075499858537799724,0.07641546146532636,0.00030566184586130546,100,0.0,0.06399612239192502,0.15283092293065273,0.15283092293065273,0.0,2.1662359406260379e-16,0
2023-12-11,2.6911497612241346,0.01474012924011392,0.08502917648060072,0.0003401167059224027,100,1.1102230246251565e-16,0.07466632814180144,0.1700583529612014,0.17005835296120134,0.0,2.0911549401814167e-16,0
2023-12-12,2.700483999391914,0.003468494508285236,0.10413686771761438,0.0004165474708704573,98,0.0,0.07592951709233636,0.20827373543522865,0.20827373543522865,0.0,0.0,0
2023-12-13,2.7480092910333984,0.017598805122409855,0.06384069985147099,0.00025536279940588396,98,0.0,0.07653251018815106,0.12768139970294198,0.12768139970294198,0.0,0.0,0
2023-12-14,2.7842788769301134,0.013198494639396152,0.08323992536181324,0.00033295970144725295,100,0.0,0.07522249663748314,0.16647985072362648,0.16647985072362648,0.0,0.0,0
2023-12-15,2.798688836955721,0.005175472954596971,0.13604620239892457,0.0005441848095956983,101,0.0,0.06310709502556627,0.27209240479784913,0.27209240479784913,0.0,0.0,0
2023-12-18,2.824665946275216,0.009281885494548892,0.09739869448368604,0.00038959477793474396,107,1.1102230246251565e-16,0.0651750858508749,0.19479738896737198,0.19479738896737198,0.0,0.0,0
2023-12-19,2.845999141803587,0.0075524667107989,0.06979030344791284,0.00027916121379165115,103,0.0,0.07369709797132871,0.13958060689582558,0.13958060689582558,0.0,0.0,0
2023-12-20,2.79208617419325,-0.01894342370608415,0.0644245635035855,0.00025769825401434135,103,3.3306690738754696e-16,0.06722341220801134,0.12884912700717066,0.12884912700717066,0.0,0.0,0
2023-12-21,2.8281519253749203,0.012917133974953865,0.08772014417059205,0.0003508805766823676,100,0.0,0.05821404785033502,0.17544028834118378,0.17544028834118378,0.0,0.0,0
2023-12-22,2.833992818516545,0.002065268520131003,0.07599027127899179,0.00030396108511596717,97,0.0,0.0629397101697345,0.15198054255798357,0.15198054255798357,0.0,0.0,0
2023-12-26,2.8522658190893315,0.0064477935347597715,0.0581253870733241,0.0002325015482932964,95,0.0,0.06420546739181565,0.1162507741466482,0.1162507741466482,0.0,0.0,0
2023-12-27,2.8473624596247076,-0.001719110270791524,0.056845291725835814,0.00022738116690334303,95,1.1102230246251565e-16,0.05901835162211121,0.11369058345167155,0.11369058345167152,0.0,2.22180130196592e-16,0
2023-12-28,2.8329275468893482,-0.005069573312159847,0.06494684681526819,0.00025978738726107253,98,0.0,0.06074152433035615,0.12989369363053627,0.12989369363053627,0.0,0.0,0
2023-12-29,2.8231932093493732,-0.003436140663273801,0.080334625978964,0.000321338503915856,99,0.0,0.06332737230534942,0.160669251957928,0.160669251957928,0.0,0.0,0
2024-01-02,2.771916447740606,-0.018162682397704022,0.05572106278884012,0.00022288425115536003,101,2.220446049250313e-16,0.06200448175448787,0.11144212557768002,0.11144212557768002,0.0,0.0,0
2024-01-03,2.757560325799708,-0.005179132276010634,0.09877738748958402,0.00039510954995833564,101,0.0,0.06295464861091732,0.19755477497916782,0.19755477497916782,0.0,0.0,0
2024-01-04,2.739758854280403,-0.0064555148087802605,0.06563523172612538,0.0002625409269045013,99,1.1102230246251565e-16,0.06433422220697477,0.13127046345225066,0.13127046345225066,0.0,0.0,0
2024-01-05,2.748160286419039,0.0030664859885425333,0.05673985400305462,0.00022695941601221827,100,0.0,0.07224471954374416,0.11347970800610913,0.11347970800610913,0.0,0.0,0
2024-01-08,2.804433382057823,0.02047664247128389,0.05990392627820308,0.00023961570511281212,100,1.1102230246251565e-16,0.07115595534972978,0.11980785255640605,0.11980785255640605,0.0,0.0,0
2024-01-09,2.7890989541230113,-0.005467923764179372,0.09092101265859034,0.00036368405063436115,99,0.0,0.06330626235274912,0.18184202531718058,0.18184202531718058,0.0,0.0,0
2024-01-10,2.8113973084439765,0.007994823664467798,0.07435104862305869,0.0002974041944922346,100,1.1102230246251565e-16,0.06626867979019822,0.14870209724611724,0.14870209724611727,0.0,2.112703458359566e-16,0
2024-01-11,2.8309371789565208,0.0069502344808600736,0.09471151744224342,0.0003788460697689737,103,1.1102230246251565e-16,0.08463156580536196,0.18942303488448684,0.18942303488448684,0.0,0.0,0
2024-01-12,2.84005964557949,0.0032224193072103446,0.06232641871275109,0.00024930567485100414,102,2.220446049250313e-16,0.07087993698424089,0.12465283742550207,0.12465283742550207,0.0,0.0,0
2024-01-16,2.8369738326641407,-0.0010865310241466863,0.05045691850327506,0.0002018276740130998,103,0.0,0.082059272042849,0.10091383700654989,0.10091383700654989,0.0,0.0,0
2024-01-17,2.815915768171049,-0.007422720735254962,0.09404405266917447,0.00037617621067669786,102,0.0,0.07170155126929735,0.18808810533834894,0.18808810533834894,0.0,0.0,0
2024-01-18,2.850559699413671,0.012302900404270067,0.09064776605600196,0.00036259106422400784,102,0.0,0.07918095467725297,0.18129553211200392,0.18129553211200392,0.0,0.0,0
2024-01-19,2.8961796252157272,0.016003848581539915,0.0820921134352903,0.0003283684537411612,102,0.0,0.07725315629599648,0.1641842268705806,0.1641842268705806,0.0,0.0,0
2024-01-22,2.913023739278619,0.005815976991287997,0.06716639826608767,0.0002686655930643507,103,0.0,0.07454452058738814,0.13433279653217534,0.13433279653217534,0.0,0.0,0
2024-01-23,2.9133993245700442,0.00012893313788042704,0.09586667197264405,0.0003834666878905762,101,0.0,0.058002702475280804,0.1917333439452881,0.1917333439452881,0.0,0.0,0
2024-01-24,2.92804106072631,0.005025653720993617,0.08460497485990966,0.0003384198994396384,104,1.1102230246251565e-16,0.055954355706923815,0.16920994971981917,0.1692099497198192,0.0,2.0698774725463887e-16,0
2024-01-25,2.9412612562052813,0.00451503076794002,0.11205729556346108,0.00044822918225384414,106,0.0,0.05815617530741069,0.22411459112692206,0.22411459112692206,0.0,0.0,0
2024-01-26,2.935778091739759,-0.0018642221781401958,0.11430160861933908,0.0004572064344773563,105,0.0,0.0678730828198369,0.22860321723867816,0.22860321723867816,0.0,0.0,0
2024-01-29,2.967548107410284,0.010821667945514868,0.13971005595616592,0.0005588402238246637,98,0.0,0.08359699091202612,0.27942011191233185,0.27942011191233185,0.0,0.0,0
2024-01-30,2.9631146519425786,-0.0014939793079123964,0.06759880458986264,0.00027039521835945036,98,1.1102230246251565e-16,0.08258260441679562,0.13519760917972518,0.13519760917972518,0.0,0.0,0
2024-01-31,2.915400285365653,-0.016102774337687142,0.12472590107536759,0.0004989036043014702,99,0.0,0.06679295210178099,0.24945180215073512,0.24945180215073506,0.0,2.1937475707528575e-16,0
2024-02-01,2.941953385127964,0.009107874447155329,0.10920318705572053,0.00043681274822288216,100,0.0,0.05277181969762213,0.21840637411144107,0.21840637411144107,0.0,0.0,0
2024-02-02,2.960003805804651,0.006135522326062182,0.10526016131987304,0.00042104064527949213,105,0.0,0.05048501603284577,0.21052032263974613,0.21052032263974607,0.0,2.192663368580372e-16,0
2024-02-05,2.9564547187812478,-0.0011990143446584112,0.09617345688293454,0.00038469382753173815,99,0.0,0.059475470887706154,0.19234691376586907,0.19234691376586907,0.0,0.0,0
2024-02-06,2.9580925911824534,0.0005539988117526651,0.10889491508452627,0.00043557966033810506,100,0.0,0.07010651137924719,0.21778983016905254,0.21778983016905254,0.0,0.0,0
2024-02-07,2.9881956457952468,0.010176508572627307,0.08151572125703838,0.0003260628850281533,102,1.1102230246251565e-16,0.06969695187814406,0.16303144251407672,0.16303144251407664,0.0,2.0880378589355209e-16,0
2024-02-08,3.0083331090176486,0.006739004271938409,0.11103114949367641,0.00044412459797470546,100,0.0,0.04340619523068732,0.22206229898735272,0.22206229898735272,0.0,0.0,0
2024-02-09,3.024770425573565,0.005463928348441449,0.0905425057285352,0.0003621700229141408,101,0.0,0.04807950839778046,0.1810850114570704,0.1810850114570704,0.0,0.0,0
2024-02-12,3.0176567953190165,-0.0023517917903470575,0.08746147409061726,0.00034984589636246884,101,1.1102230246251565e-16,0.050255451364649074,0.17492294818123447,0.1749229481812344,0.0,2.1679977691563268e-16,0
2024-02-13,2.9636934349706134,-0.01788253734888312,0.09666316345511276,0.0003866526538204508,101,0.0,0.05407270286192198,0.19332632691022542,0.19332632691022542,0.0,0.0,0
2024-02-14,3.0043847665132066,0.013729939494567356,0.0743207145730204,0.0002972828582920814,100,1.1102230246251565e-16,0.054103519500023914,0.1486414291460407,0.1486414291460407,0.0,0.0,0
2024-02-15,3.028264092573506,0.007948158413814799,0.08418457840740154,0.00033673831362960617,98,1.1102230246251565e-16,0.05450931007377127,0.16836915681480313,0.16836915681480308,0.0,2.1156850143339012e-16,0
2024-02-16,3.013406126461572,-0.0049064301057398785,0.09271567539483373,0.00037086270157933495,100,1.1102230246251565e-16,0.05583989689150176,0.1854313507896675,0.18543135078966747,0.0,2.2363025060229136e-16,0
2024-02-20,2.98682018435045,-0.008822555273138799,0.09228275917782791,0.0003691310367113114,98,0.0,0.0629174648228836,0.1845655183556557,0.1845655183556557,0.0,0.0,0
2024-02-21,2.9464244301784466,-0.013524668938444395,0.06599924274171501,0.00026399697096686004,96,0.0,0.06456651435627295,0.13199848548343002,0.13199848548343002,0.0,0.0,0
2024-02-22,3.0188098757612014,0.024567216060712216,0.07368808506640545,0.0002947523402656218,100,0.0,0.06243261650114003,0.1473761701328109,0.1473761701328109,0.0,0.0,0
2024-02-23,3.0085509036100615,-0.003398349870759265,0.13538745263368446,0.0005415498105347379,102,0.0,0.04969483805664849,0.2707749052673689,0.2707749052673689,0.0,0.0,0
2024-02-26,3.012325300035725,0.0012545562786172582,0.10044938781483015,0.0004017975512593206,103,0.0,0.04906200859181416,0.2008987756296603,0.2008987756296603,0.0,0.0,0
2024-02-27,3.013952624278572,0.0005402219484156312,0.08464863655515562,0.00033859454622062245,101,0.0,0.048709841696442956,0.16929727311031123,0.16929727311031123,0.0,0.0,0
2024-02-28,3.006902088268738,-0.002339298883811014,0.0791215251016493,0.000316486100406597,102,1.1102230246251565e-16,0.04950331166199306,0.15824305020329849,0.15824305020329849,0.0,0.0,0
2024-02-29,3.029946857582074,0.007663957334441918,0.06266314509804569,0.00025065258039218274,100,1.1102230246251565e-16,0.0489470040493678,0.12532629019609134,0.12532629019609137,0.0,2.1430611191891602e-16,0
2024-03-01,3.073098244867299,0.014241631722762493,0.08834125916266193,0.0003533650366506475,102,0.0,0.04684384302848206,0.17668251832532375,0.17668251832532375,0.0,0.0,0
2024-03-04,3.0630836021702748,-0.00325880980660187,0.10453211143688658,0.00041812844574754633,102,0.0,0.05623898875150599,0.20906422287377316,0.20906422287377316,0.0,0.0,0
2024-03-05,3.0214704325623005,-0.013585384864614913,0.06881505757029133,0.00027526023028116533,97,0.0,0.05700623660845204,0.13763011514058265,0.13763011514058265,0.0,0.0,0
2024-03-06,3.055504389916572,0.01126403786298491,0.09240423223335517,0.0003696169289334207,99,0.0,0.05833480812824892,0.18480846446671034,0.18480846446671034,0.0,0.0,0
2024-03-07,3.0777962169244666,0.007295629186938601,0.06603002209544369,0.0002641200883817748,97,0.0,0.06269920453730522,0.13206004419088738,0.13206004419088738,0.0,0.0,0
2024-03-08,3.04030146514444,-0.012182337340544747,0.08986981259381507,0.0003594792503752601,101,1.1102230246251565e-16,0.06058305980775175,0.17973962518763004,0.17973962518763004,0.0,2.086682606219914e-16,0
2024-03-11,3.033650701033342,-0.0021875344229334015,0.09321126154552431,0.000372845046182097,95,0.0012904202948350561,0.06929775336690897,0.1864225230910485,0.1864225230910485,0.0,0.0,0
2024-03-12,3.080651600503839,0.015493181022616653,0.09455831556033854,0.00037569275184228977,98,0.0,0.0725358248270991,0.1878463759211449,0.1878463759211449,0.0,0.0,0
2024-03-13,3.0788195082666787,-0.0005947093260597613,0.10464599917129418,0.0004185839966851765,99,1.1102230246251565e-16,0.07029083175799994,0.20929199834258824,0.20929199834258824,0.0,0.0,0
2024-03-14,3.0623507146994595,-0.005349061068048999,0.1048967610950425,0.0004195870443801698,95,0.0,0.06062363943745258,0.2097935221900849,0.2097935221900849,0.0,0.0,0
2024-03-15,3.0358240980690208,-0.008662174617397489,0.0920248878126107,0.0003680995512504426,100,1.1102230246251565e-16,0.05658268246035081,0.18404977562522132,0.1840497756252213,0.0,2.202692238675863e-16,0
2024-03-18,3.0740559716991664,0.012593573407123193,0.08885416867051953,0.0003554166746820779,98,0.0,0.0645874546514796,0.17770833734103894,0.17770833734103894,0.0,0.0,0
2024-03-19,3.080768837910354,0.0021837163255935543,0.07390789949537137,0.0002956315979814855,101,0.0,0.0615481008423705,0.14781579899074274,0.14781579899074274,0.0,0.0,0
2024-03-20,3.1363789204500025,0.01805071573541639,0.11197664523209108,0.00044790658092836436,100,0.0,0.06508101555376766,0.22395329046418216,0.22395329046418216,0.0,0.0,0
2024-03-21,3.172115509755219,0.011394219324777577,0.06500785447418138,0.0002600314178967253,102,1.1102230246251565e-16,0.06002864453492454,0.13001570894836265,0.13001570894836265,0.0,0.0,0
2024-03-22,3.1599421812971555,-0.0038376056674566117,0.06346172634713344,0.0002538469053885336,104,0.0,0.06065430965765271,0.12692345269426678,0.12692345269426678,0.0,0.0,0
2024-03-25,3.1517121594023836,-0.002604484962884235,0.06650355895317173,0.00026601423581268667,103,1.1102230246251565e-16,0.06393684924110903,0.13300711790634334,0.13300711790634334,0.0,0.0,0
2024-03-26,3.144829376858779,-0.002183823330144996,0.05551039522004575,0.000222041580880183,99,1.1102230246251565e-16,0.05926339847430219,0.1110207904400915,0.1110207904400915,0.0,0.0,0
2024-03-27,3.167846120863095,0.00731891662348505,0.05274524886640919,0.00021098099546563675,102,1.1102230246251565e-16,0.05992916945115067,0.10549049773281838,0.10549049773281838,0.0,0.0,0
2024-03-28,3.170734990974704,0.0009119351134461162,0.07695703299889907,0.00030782813199559605,103,0.0,0.06355133221879773,0.15391406599779806,0.15391406599779803,0.0,2.1968646519987534e-16,0
2024-04-01,3.1810146897114966,0.0032420554748513464,0.08043667852918432,0.0003217467141167373,105,0.0,0.06378148575864066,0.16087335705836864,0.16087335705836864,0.0,0.0,0
2024-04-02,3.1506623302927794,-0.009541722494047944,0.0846503015543809,0.0003386012062175236,101,0.0,0.0728772910894473,0.1693006031087618,0.1693006031087618,0.0,0.0,0
2024-04-03,3.175516141317891,0.007888440086438075,0.07931260701244405,0.0003172504280497762,99,0.0,0.06557129408793867,0.1586252140248881,0.1586252140248881,0.0,0.0,0
2024-04-04,3.123016964502495,-0.016532486209819175,0.06509690253169262,0.0002603876101267705,101,0.0,0.07012661922550674,0.13019380506338524,0.13019380506338524,0.0,0.0,0
2024-04-05,3.166146271810833,0.01381014185915852,0.08820615349330566,0.0003528246139732224,102,1.1102230246251565e-16,0.06967477833027494,0.1764123069866112,0.1764123069866112,0.0,0.0,0
2024-04-08,3.181812694092608,0.004948104394689068,0.08560204999781595,0.0003424081999912636,103,0.0,0.054003307820388924,0.1712040999956318,0.1712040999956318,0.0,0.0,0
2024-04-09,3.1839964269512464,0.0006863172249871319,0.06896820127081069,0.0002758728050832425,97,1.1102230246251565e-16,0.060110038645710455,0.13793640254162126,0.13793640254162126,0.0,0.0,0
2024-04-10,3.145146060633883,-0.01220176190793143,0.05867632017629204,0.00023470528070516794,97,0.0,0.053644122924581886,0.11735264035258397,0.11735264035258397,0.0,0.0,0
2024-04-11,3.1679842260340454,0.00726140057087199,0.07797082741666604,0.00031188330966666394,100,1.1102230246251565e-16,0.055334937979281386,0.15594165483333197,0.15594165483333197,0.0,0.0,0
2024-04-12,3.0925880953956426,-0.023799402162046124,0.10052027037475722,0.00040208108149902865,102,2.220446049250313e-16,0.0590563939917934,0.20104054074951433,0.20104054074951433,0.0,0.0,0
2024-04-15,3.0407102024079986,-0.01677491194669012,0.11383057224489934,0.00045532228897959695,96,0.0,0.05092869193613528,0.22766114448979846,0.22766114448979846,0.0,0.0,0
2024-04-16,3.0409381356779965,7.496053711975037e-05,0.07715132803400701,0.00030860531213602806,96,0.0,0.05316365988633603,0.15430265606801402,0.15430265606801402,0.0,0.0,0
2024-04-17,3.008304327807008,-0.010731493511199841,0.07815084068058183,0.0003126033627223271,102,1.1102230246251565e-16,0.06616058119445652,0.15630168136116354,0.15630168136116354,0.0,2.0725879779776024e-16,0
2024-04-18,2.9805073699945988,-0.009240075066697995,0.07753263953527868,0.00031013055814111475,98,1.1102230246251565e-16,0.05926339643804423,0.15506527907055737,0.15506527907055737,0.0,0.0,0
2024-04-19,2.94978312597464,-0.010308393909461921,0.07374903337726978,0.0002949961335090789,105,0.0,0.05791298734414898,0.14749806675453944,0.14749806675453944,0.0,0.0,0
2024-04-22,2.9803293382282887,0.010355409516269454,0.10847049437804392,0.0004338819775121754,100,1.1102230246251565e-16,0.0707128122458048,0.21694098875608772,0.21694098875608772,0.0,0.0,0
2024-04-23,3.028945589676032,0.016312375556670533,0.0815929122387247,0.00032637164895489855,100,0.0,0.06243527692222779,0.16318582447744928,0.16318582447744928,0.0,0.0,0
2024-04-24,3.037317382431011,0.002763929726408376,0.10721213198290809,0.0004288485279316321,107,1.1102230246251565e-16,0.072620511898626,0.21442426396581607,0.21442426396581607,0.0,2.1145330495256354e-16,0
2024-04-25,3.0512727096876686,0.004594622655301084,0.08646197685494715,0.0003458479074197884,105,0.0,0.07203168779390688,0.1729239537098942,0.1729239537098942,0.0,0.0,0
2024-04-26,3.0906646554877377,0.01291000495465422,0.0744306253514148,0.000297722501405659,103,1.1102230246251565e-16,0.07213358509823524,0.1488612507028295,0.1488612507028295,0.0,0.0,0
2024-04-29,3.107285676088422,0.005377814306438022,0.11562898394051126,0.00046251593576204504,103,1.1102230246251565e-16,0.06389007058569314,0.2312579678810225,0.2312579678810225,0.0,0.0,0
2024-04-30,3.0433122693060732,-0.020588196082080623,0.0787677003408605,0.0003150708013634418,106,0.0,0.06911192402737247,0.1575354006817209,0.1575354006817209,0.0,0.0,0
2024-05-01,3.0240026981175996,-0.0063449194429451294,0.0994663750521024,0.0003978655002084094,101,1.1102230246251565e-16,0.06948190073874595,0.1989327501042047,0.1989327501042047,0.0,0.0,0
2024-05-02,3.067284076670204,0.01431261241253079,0.10359914183227881,0.00041439656732911504,102,0.0,0.08313003867992716,0.20719828366455753,0.2071982836645575,0.0,2.118802095579797e-16,0
2024-05-03,3.10895539839675,0.013585739268005437,0.07448651418616674,0.0002979460567446665,103,2.220446049250313e-16,0.08374144181927858,0.14897302837233325,0.14897302837233325,0.0,0.0,0
2024-05-06,3.139333334395852,0.009771107046041116,0.08668604171357124,0.0003467441668542845,102,0.0,0.08434583375133292,0.17337208342714225,0.17337208342714225,0.0,0.0,0
2024-05-07,3.129741254714604,-0.003055451160968836,0.08299859816359588,0.0003319943926543835,99,0.0,0.08197585055763452,0.16599719632719176,0.16599719632719176,0.0,0.0,0
2024-05-08,3.1284358054646444,-0.00041711091867202565,0.10579820828800537,0.0004231928331520211,99,2.220446049250313e-16,0.08456816534425834,0.21159641657601053,0.21159641657601053,0.0,0.0,0
2024-05-09,3.134407430398504,0.001908821310454334,0.07951992986441303,0.0003180797194576517,101,0.0,0.08471171368977454,0.15903985972882584,0.15903985972882584,0.0,0.0,0
2024-05-10,3.1219693515866713,-0.003968239320518485,0.12084593985299813,0.0004833837594119923,97,1.1102230246251565e-16,0.055124729119765604,0.24169187970599615,0.24169187970599615,0.0,0.0,0
2024-05-13,3.1324487145720608,0.003356651461060567,0.08466188698927066,0.0003386475479570824,102,2.220446049250313e-16,0.05662873100529707,0.1693237739785412,0.1693237739785412,0.0,0.0,0
2024-05-14,3.1431549745075804,0.003417856415562248,0.09265879316443082,0.0003706351726577228,104,0.0,0.06497317250029315,0.18531758632886142,0.18531758632886142,0.0,0.0,0
2024-05-15,3.1894498008656,0.01472877625617941,0.06749042980758675,0.00026996171923034703,103,0.0,0.056512769171541286,0.1349808596151735,0.1349808596151735,0.0,0.0,0
2024-05-16,3.179344165966002,-0.003168457110331535,0.1047341117536517,0.0004189364470146068,97,0.0,0.05638576562693171,0.2094682235073034,0.2094682235073034,0.0,0.0,0
2024-05-17,3.182896691173439,0.0011173767362042675,0.0865603800236269,0.0003462415200945074,101,1.1102230246251565e-16,0.04993520967234711,0.17312076004725369,0.17312076004725369,0.0,0.0,0
2024-05-20,3.207141227672551,0.0076171295682783136,0.11232958956979239,0.00044931835827916934,99,0.0,0.05824085325624573,0.22465917913958466,0.22465917913958466,0.0,0.0,0
2024-05-21,3.2036755292763863,-0.0010806192026285855,0.06971982349085999,0.00027887929396343996,100,0.0,0.060123316645791965,0.13943964698172004,0.13943964698171998,0.0,2.2659825404947043e-16,0
2024-05-22,3.17272486862917,-0.009660984817088214,0.06763836316216007,0.0002705534526486403,99,0.0,0.05443139385080996,0.13527672632432014,0.13527672632432014,0.0,0.0,0
2024-05-23,3.1381975445977988,-0.01088254590644333,0.10107772216757006,0.0004043108886702803,101,0.0,0.058728454331924446,0.20215544433514013,0.20215544433514013,0.0,0.0,0
2024-05-24,3.1513553151099782,0.004192779557434134,0.09227630422316142,0.0003691052168926457,100,0.0,0.06204269470217757,0.18455260844632285,0.18455260844632285,0.0,0.0,0
2024-05-28,3.1532231224469656,0.0005926996959155773,0.09260715471704,0.00037042861886815996,99,0.0,0.05654844077042942,0.18521430943408,0.18521430943408,0.0,0.0,0
2024-05-29,3.1221855599979604,-0.009843122812355665,0.09667767821477535,0.0003867107128591014,98,0.0,0.054655750683027596,0.1933553564295507,0.1933553564295507,0.0,0.0,0
2024-05-30,3.0813837862392437,-0.01306833721911882,0.08909524360505267,0.0003563809744202104,97,1.1102230246251565e-16,0.05737935044565964,0.17819048721010525,0.17819048721010522,0.0,2.241723516885341e-16,0
2024-05-31,3.063996971988659,-0.005642534476954952,0.12400339323386976,0.000496013572935479,97,1.1102230246251565e-16,0.06325206958947086,0.24800678646773952,0.24800678646773952,0.0,0.0,0
2024-06-03,3.0415734648033594,-0.0073183842511259645,0.11920374210929148,0.0004768149684371657,103,0.0,0.04642786561614468,0.2384074842185829,0.23840748421858285,0.0,2.035860629384656e-16,0
2024-06-04,3.008565607802746,-0.01085223072287278,0.09950571346326335,0.0003980228538530534,100,0.0,0.05902515697775914,0.1990114269265267,0.1990114269265267,0.0,0.0,0
2024-06-05,3.054611975103953,0.015305089967719399,0.08073143960192175,0.0003229257584076866,99,2.220446049250313e-16,0.05636179025527702,0.16146287920384328,0.16146287920384328,0.0,0.0,0
2024-06-06,3.064670717965533,0.0032929691049343734,0.0962471290918396,0.000384988516367358,99,0.0,0.05147655481530538,0.192494258183679,0.192494258183679,0.0,0.0,0
2024-06-07,3.0390239402763,-0.008368526360397421,0.0758237020238292,0.0003032948080953168,102,0.0,0.05098236005880513,0.1516474040476584,0.1516474040476584,0.0,0.0,0
2024-06-10,3.0618134007447244,0.007498940750809702,0.06839206097560799,0.00027356824390243196,95,0.0,0.052082487805304827,0.13678412195121598,0.13678412195121598,0.0,0.0,0
2024-06-11,3.0468728163886145,-0.004879652154006431,0.07973157875004509,0.00031892631500018016,98,1.1102230246251565e-16,0.0590359597378119,0.15946315750009007,0.15946315750009007,0.0,0.0,0
2024-06-12,3.0614222549256715,0.004775203762624525,0.07835961677834465,0.0003134384671133784,96,0.0,0.06235752482515677,0.15671923355668918,0.15671923355668918,0.0,0.0,0
2024-06-13,3.0639078583968025,0.0008119113484368334,0.08681088366002779,0.00034724353464011095,99,1.1102230246251565e-16,0.05857312296175405,0.17362176732005546,0.17362176732005546,0.0,2.1112126803723985e-16,0
2024-06-14,3.066730296098359,0.0009211888320406203,0.07874153182581585,0.00031496612730326317,94,0.0,0.06364698651077835,0.1574830636516316,0.1574830636516316,0.0,0.0,0
2024-06-17,3.090110536904962,0.0076238333825275895,0.06104647121844913,0.00024418588487379653,96,0.0,0.06350371843443497,0.12209294243689826,0.12209294243689826,0.0,0.0,0
2024-06-18,3.1045189491842415,0.00466274979720005,0.0704746221736639,0.00028189848869465537,96,1.1102230246251565e-16,0.06509463260859112,0.1409492443473277,0.1409492443473277,0.0,2.0698774725463887e-16,0
2024-06-20,3.106819325575163,0.0007409767595478733,0.05450850458026073,0.0002180340183210427,98,0.0,0.055900300650661594,0.10901700916052136,0.10901700916052134,0.0,2.194425197110661e-16,0
2024-06-21,3.1109073610264146,0.0013158265810950809,0.08494697352378555,0.0003397878940951422,92,0.0,0.055719654154291004,0.1698939470475711,0.1698939470475711,0.0,0.0,0
2024-06-24,3.102127654006244,-0.002822233516228456,0.06339737737025868,0.0002535895094810345,94,1.1102230246251565e-16,0.05555343222181542,0.12679475474051724,0.12679475474051724,0.0,0.0,0
2024-06-25,3.1091247286726515,0.0022555727703117423,0.07834107634667314,0.0003133643053866926,89,1.1102230246251565e-16,0.06595695164178277,0.1566821526933463,0.1566821526933463,0.0,0.0,0
2024-06-26,3.109372595697872,7.972244501308623e-05,0.0712583154451585,0.00028503326178063376,92,0.0,0.05975026908105941,0.14251663089031688,0.14251663089031688,0.0,0.0,0
2024-06-27,3.1204575177956713,0.0035650028282672164,0.05329006411426263,0.00021316025645705053,96,0.0,0.06802330335842341,0.10658012822852526,0.10658012822852526,0.0,0.0,0
2024-06-28,3.129429500222175,0.0028752137708452086,0.08341184598615718,0.00033364738394462876,99,0.0,0.06811094592596016,0.16682369197231436,0.16682369197231436,0.0,0.0,0
2024-07-01,3.1204814121172353,-0.0028593352572103825,0.08646858861654234,0.0003458743544661694,99,0.0,0.06974679321348544,0.1729371772330847,0.1729371772330847,0.0,0.0,0
2024-07-02,3.13306828555478,0.004033631922519376,0.08136368412742725,0.00032545473650970905,98,0.0,0.0680755210789406,0.16272736825485454,0.1627273682548545,0.0,2.07800898884003e-16,0
2024-07-03,3.1597177753013934,0.008505875811734676,0.06148428178163718,0.0002459371271265487,102,0.0,0.06045729658892491,0.12296856356327435,0.12296856356327436,0.0,2.1637287231021651e-16,0
2024-07-05,3.1646575541886914,0.001563360793141344,0.05673480225836925,0.000226939209033477,98,0.0,0.059734535108484095,0.1134696045167385,0.1134696045167385,0.0,0.0,0
2024-07-08,3.1497265972869424,-0.004718032408273287,0.06222345479085538,0.00024889381916342153,96,0.0,0.05897771182072424,0.12444690958171076,0.12444690958171076,0.0,0.0,0
2024-07-09,3.133654964588596,-0.0051025484917293085,0.07981346750311531,0.00031925387001246103,101,1.1102230246251565e-16,0.05942130460049777,0.1596269350062305,0.1596269350062305,0.0,2.205267218835516e-16,0
2024-07-10,3.159846559932599,0.008358161839761236,0.054843770870636334,0.00021937508348254513,102,0.0,0.06235378945060479,0.10968754174127256,0.10968754174127256,0.0,0.0,0
2024-07-11,3.153515168595948,-0.0020037021471023264,0.08523382292593486,0.00034093529170373945,102,0.0,0.060821187733037185,0.17046764585186971,0.17046764585186971,0.0,0.0,0
2024-07-12,3.1821654074738803,0.009085175541010182,0.08656678623069632,0.0003462671449227851,102,1.1102230246251565e-16,0.06402193313882167,0.17313357246139252,0.17313357246139252,0.0,0.0,0
2024-07-15,3.18914593573083,0.0021936409215419506,0.05490484750476781,0.00021961939001907102,105,0.0,0.07466888069666638,0.10980969500953551,0.10980969500953551,0.0,0.0,0
2024-07-16,3.2176691730380935,0.008943848253443853,0.06715293735471765,0.00026861174941887064,105,0.0,0.07503265494866063,0.1343058747094353,0.1343058747094353,0.0,0.0,0
2024-07-17,3.1206912665615087,-0.030139178784815535,0.07859980572713025,0.000314399222908521,106,0.0,0.08603609353079997,0.1571996114542605,0.1571996114542605,0.0,2.0587051079721044e-16,0
2024-07-18,3.0764236384364843,-0.014185199477870891,0.11481361808094505,0.00045925447232378,102,1.1102230246251565e-16,0.06335929977142331,0.22962723616189,0.22962723616188999,0.0,2.1950392959974203e-16,0
2024-07-19,3.0498707737889723,-0.008631081986161915,0.09008114632231651,0.0003603245852892658,98,0.0,0.07130529555456887,0.18016229264463296,0.1801622926446329,0.0,2.054596998177921e-16,0
2024-07-22,3.0942556588852304,0.01455303794433127,0.07497842216919011,0.00029991368867676043,104,0.0,0.060489075602587684,0.14995684433838022,0.14995684433838022,0.0,0.0,0
2024-07-23,3.0652668764754054,-0.00936858023563214,0.08053892128645929,0.00032215568514583717,100,0.0,0.06899371376912446,0.16107784257291857,0.16107784257291857,0.0,0.0,0
2024-07-24,2.977325569263479,-0.02868960868850856,0.06714835020104383,0.0002685934008041753,101,0.0,0.07470714134190064,0.13429670040208766,0.13429670040208766,0.0,0.0,0
2024-07-25,2.973430079665951,-0.001308385497959308,0.10031278353912067,0.0004012511341564827,103,0.0,0.0664076130469692,0.20062556707824133,0.20062556707824133,0.0,0.0,0
2024-07-26,2.999335619515827,0.008712342027826114,0.10922081476765877,0.0004368832590706346,101,2.220446049250313e-16,0.06627012778800023,0.21844162953531732,0.21844162953531732,0.0,0.0,0
2024-07-29,2.9960439879345975,-0.0010974535693211163,0.156538366054692,0.0006261534642187677,100,0.0,0.0571614276706558,0.3130767321093838,0.3130767321093838,0.0,0.0,0
2024-07-30,2.953463760020484,-0.014212150450924166,0.09794564878147048,0.0003917825951258819,98,0.0,0.057620523478432537,0.19589129756294096,0.19589129756294096,0.0,0.0,0
2024-07-31,3.0313679790764043,0.02637723885780141,0.09910575778573907,0.0003964230311429561,98,1.1102230246251565e-16,0.05678720940623471,0.19821151557147804,0.19821151557147804,0.0,0.0,0
2024-08-01,2.924836965016101,-0.035142884267307384,0.12345825390086074,0.0004938330156034427,100,0.0,0.05459199381481578,0.24691650780172136,0.24691650780172136,0.0,0.0,0
2024-08-02,2.8121743890696957,-0.03851926698614627,0.1336526871687337,0.0005346107486749347,95,1.1102230246251565e-16,0.05124113837827421,0.2673053743374673,0.2673053743374673,0.0,0.0,0
2024-08-05,2.7725906566409804,-0.014075845574360035,0.15613045881772605,0.0006245218352709043,99,1.1102230246251565e-16,0.07327966612236127,0.3122609176354521,0.3122609176354521,0.0,0.0,0
2024-08-06,2.810204427660931,0.013566290764869038,0.09140947302790986,0.0003656378921116392,106,0.0,0.07144981271892194,0.1828189460558196,0.1828189460558196,0.0,0.0,0
2024-08-07,2.7757724811681155,-0.012252470373294022,0.1131793925105325,0.00045271757004212976,106,1.1102230246251565e-16,0.07175746723097383,0.22635878502106488,0.22635878502106488,0.0,2.2188197459915848e-16,0
2024-08-08,2.872351098929731,0.034793419999960884,0.08378378271484752,0.00033513513085938986,112,0.0,0.07485162378764035,0.16756756542969492,0.16756756542969492,0.0,0.0,0
2024-08-09,2.8944826239434613,0.00770502081795521,0.1367719839838696,0.0005470879359354785,102,0.0,0.07531154558193875,0.2735439679677392,0.2735439679677392,0.0,2.046702651109511e-16,0
2024-08-12,2.8992555384485414,0.0016489698247272866,0.10105457767373544,0.00040421831069494153,104,1.1102230246251565e-16,0.07473806617546515,0.20210915534747076,0.20210915534747076,0.0,0.0,0
2024-08-13,2.9631933577327576,0.02205318518368027,0.08444455005014476,0.00033777820020057883,105,0.0,0.07525610990109606,0.1688891001002894,0.1688891001002894,0.0,0.0,0
2024-08-14,2.9624548208656125,-0.0002492368124469291,0.0702958645857862,0.00028118345834314437,101,2.220446049250313e-16,0.06497427947015015,0.14059172917157217,0.14059172917157217,0.0,0.0,0
2024-08-15,3.021641752091681,0.01997901564918192,0.07480639069357638,0.00029922556277430504,99,0.0,0.07255179270106779,0.14961278138715253,0.14961278138715253,0.0,0.0,0
2024-08-16,3.0331578549273934,0.003811207211358081,0.12059295980193932,0.00048237183920775704,97,1.1102230246251565e-16,0.08735766132258908,0.2411859196038786,0.24118591960387853,0.0,2.087961625970268e-16,0
2024-08-19,3.067678129612591,0.011380968725092533,0.07740417874295978,0.0003096167149718389,101,0.0,0.08602194460050315,0.15480835748591945,0.15480835748591945,0.0,0.0,0
2024-08-20,3.0345257807701476,-0.010806984123406083,0.08056248350894797,0.0003222499340357919,102,0.0,0.08161490179625724,0.16112496701789594,0.16112496701789594,0.0,0.0,0
2024-08-21,3.074756558765932,0.013257682057185916,0.10762442378687051,0.00043049769514748185,104,1.1102230246251565e-16,0.08402069642974172,0.2152488475737409,0.2152488475737409,0.0,0.0,0
2024-08-22,3.0128530795037967,-0.020132806639814316,0.08645325420260848,0.0003458130168104337,105,2.220446049250313e-16,0.07140298084504641,0.17290650840521685,0.17290650840521685,0.0,0.0,0
2024-08-23,3.0526977391576917,0.013224893017503847,0.089754294024466,0.00035901717609786377,106,1.1102230246251565e-16,0.06917576083828436,0.17950858804893188,0.17950858804893188,0.0,0.0,0
2024-08-26,3.0356519151665737,-0.005583855804807358,0.08512374515655799,0.00034049498062623174,105,0.0,0.05688538015914959,0.17024749031311587,0.17024749031311587,0.0,0.0,0
2024-08-27,3.035132610947497,-0.000171068433927557,0.06767279001058567,0.00027069116004234243,113,1.1102230246251565e-16,0.0534094955006491,0.13534558002117122,0.13534558002117122,0.0,0.0,0
2024-08-28,3.005410814577195,-0.00979258575493469,0.1018099330270251,0.00040723973210810016,110,0.0,0.0712759140662991,0.20361986605405005,0.20361986605405008,0.0,2.1775374777247784e-16,0
2024-08-29,3.028027505213813,0.007525324167637848,0.10976220382826424,0.00043904881531305675,106,1.1102230246251565e-16,0.06845105993711409,0.21952440765652836,0.21952440765652836,0.0,0.0,0
2024-08-30,3.084498978047868,0.01864959044685688,0.07731443387820722,0.00030925773551282866,107,2.220446049250313e-16,0.061880345377640145,0.15462886775641432,0.15462886775641432,0.0,0.0,0
2024-09-03,2.980013635818783,-0.03387433193290024,0.08369944730131389,0.0003347977892052551,108,0.0,0.0702342302633322,0.1673988946026276,0.16739889460262755,0.0,2.1041738365807153e-16,0
2024-09-04,2.9909472344987877,0.0036689760572188312,0.15151085708260184,0.0006060434283304074,103,0.0,0.06104042022286431,0.3030217141652037,0.3030217141652037,0.0,0.0,0
2024-09-05,2.9781738261342943,-0.004270689973116193,0.08747644075258264,0.00034990576301033034,101,1.1102230246251565e-16,0.06197629885846172,0.17495288150516516,0.17495288150516516,0.0,0.0,0
2024-09-06,2.9305598384711833,-0.01598764559854937,0.08694027709173291,0.0003477611083669316,98,1.1102230246251565e-16,0.05818808969065586,0.17388055418346582,0.17388055418346582,0.0,0.0,0
2024-09-09,2.957903906498857,0.00933066360519641,0.11042497174935148,0.0004416998869974057,104,0.0,0.056159356942930734,0.22084994349870285,0.22084994349870285,0.0,0.0,0
2024-09-10,2.9439778384120463,-0.0047080867151273464,0.09189432821755325,0.00036757731287021304,103,0.0,0.055947380152144996,0.1837886564351065,0.1837886564351065,0.0,0.0,0
2024-09-11,2.98156381867851,0.012767073099550608,0.09195652700399988,0.00036782610801599954,106,0.0,0.055803129921366545,0.18391305400799976,0.18391305400799976,0.0,0.0,0
2024-09-12,2.997867159780507,0.0054680503566155725,0.15781921646271865,0.0006312768658508747,101,0.0,0.07156012918803752,0.3156384329254373,0.3156384329254373,0.0,0.0,0
2024-09-13,3.0327748862384443,0.011644187216251822,0.08387195607296895,0.0003354878242918758,102,0.0,0.0575735799068827,0.1677439121459379,0.1677439121459379,0.0,0.0,0
2024-09-16,3.040085363220542,0.002410491136440651,0.08611607426678453,0.00034446429706713787,101,1.1102230246251565e-16,0.07827424172616408,0.172232148533569,0.17223214853356894,0.0,2.1488378838894345e-16,0
2024-09-17,3.0449365915864135,0.001595753995780047,0.07808682052647503,0.00031234728210590015,103,1.1102230246251565e-16,0.06384989837746961,0.1561736410529501,0.15617364105295006,0.0,2.1198354757754473e-16,0
2024-09-18,3.0316820203920516,-0.004352987589622104,0.08225928982134688,0.0003290371592853873,101,0.0,0.07965902130316857,0.16451857964269365,0.16451857964269365,0.0,0.0,0
2024-09-19,3.0803152277499106,0.016041658403070258,0.0780081925312015,0.000312032770124806,102,0.0,0.08844311861648717,0.156016385062403,0.156016385062403,0.0,0.0,0
2024-09-20,3.045344503408017,-0.011352969341205665,0.10738161173243273,0.0004295264469297309,108,0.0,0.10358939164430661,0.21476322346486545,0.21476322346486545,0.0,0.0,0
2024-09-23,3.050211706102455,0.0015982437090422685,0.09550005948378815,0.0003820002379351524,105,1.1102230246251565e-16,0.0911027542602458,0.1910001189675762,0.19100011896757618,0.0,2.0180390561744255e-16,0
2024-09-24,3.0856911435289556,0.0116317950506577,0.06741616851429079,0.00026966467405716314,107,1.1102230246251565e-16,0.1031360665797289,0.13483233702858158,0.13483233702858158,0.0,2.2368446071091563e-16,0
2024-09-25,3.070019670818825,-0.005078756097477655,0.08107715358379575,0.00032430861433518275,111,0.0,0.10221489010706915,0.16215430716759138,0.16215430716759138,0.0,2.184769021511962e-16,0
2024-09-26,3.1162821030097305,0.015069099599145597,0.0807631385464169,0.00032305255418566757,106,0.0,0.10418645263196237,0.1615262770928338,0.1615262770928338,0.0,0.0,0
2024-09-27,3.113096487310979,-0.0010222488187685563,0.09598228790746086,0.0003839291516298432,109,1.1102230246251565e-16,0.08761723478488319,0.1919645758149216,0.1919645758149216,0.0,0.0,0
2024-09-30,3.094909036893533,-0.005842237942697448,0.08276692169154637,0.00033106768676618547,105,1.1102230246251565e-16,0.08900950685045539,0.16553384338309274,0.16553384338309274,0.0,0.0,0
2024-10-01,3.0888658775118354,-0.0019526129232423362,0.08047391964103144,0.00032189567856412556,107,0.0,0.09464071532735074,0.16094783928206277,0.16094783928206277,0.0,0.0,0
2024-10-02,3.093955252979788,0.0016476518145398522,0.09736565253815171,0.00038946261015260686,104,0.0,0.06238881004230978,0.19473130507630343,0.19473130507630343,0.0,0.0,0
2024-10-03,3.1006695056394893,0.0021701195106926807,0.08907700738324711,0.00035630802953298826,104,1.1102230246251565e-16,0.09059400229958005,0.17815401476649412,0.17815401476649412,0.0,2.080177393185001e-16,0
2024-10-04,3.129803299291085,0.009395968708889368,0.0942503916557298,0.000377001566622919,105,0.0,0.07957914973448646,0.1885007833114595,0.1885007833114595,0.0,2.22769665127881e-16,0
2024-10-07,3.1127961260928707,-0.005433943149739329,0.14371755662962277,0.000574870226518491,109,0.0,0.09318659101786923,0.28743511325924553,0.28743511325924553,0.0,0.0,0
2024-10-08,3.1122359900982985,-0.00017994625149941879,0.09355906852623498,0.0003742362741049395,109,2.220446049250313e-16,0.07865181691871789,0.18711813705246974,0.18711813705246974,0.0,0.0,0
2024-10-09,3.1562222968295415,0.014133345566077704,0.12551471414368673,0.0005020588565747467,110,3.3306690738754696e-16,0.07893035802671508,0.25102942828737335,0.25102942828737335,0.0,0.0,0
2024-10-10,3.1646163062830124,0.0026595114868501746,0.0997972978336734,0.0003991891913346932,109,1.1102230246251565e-16,0.0775917655865039,0.19959459566734658,0.19959459566734658,0.0,0.0,0
2024-10-11,3.183393433752814,0.005933461011536023,0.10167538646200228,0.0004067015458480089,105,0.0,0.07653947467103418,0.20335077292400444,0.20335077292400444,0.0,0.0,0
2024-10-14,3.20347598293699,0.006308535090650658,0.09920770895361487,0.0003968308358144595,108,0.0,0.0900879992774034,0.19841541790722975,0.19841541790722975,0.0,2.0882077949205637e-16,0
2024-10-15,3.143476074656742,-0.018729626380791342,0.0706151121909043,0.0002824604487636172,106,0.0,0.09025234205612703,0.1412302243818086,0.1412302243818086,0.0,0.0,0
2024-10-16,3.145467601894171,0.0006335429919397395,0.11015825073675317,0.0004406330029470125,107,1.1102230246251565e-16,0.0493785164666668,0.22031650147350623,0.22031650147350623,0.0,2.1566729386515368e-16,0
2024-10-17,3.153016517813036,0.0023999344054026484,0.0969822443217623,0.00038792897728704903,108,0.0,0.04317299624778952,0.1939644886435245,0.1939644886435245,0.0,0.0,0
2024-10-18,3.162641562824577,0.003052646555184335,0.1202217991796799,0.00048088719671871916,108,2.220446049250313e-16,0.04756774631125416,0.24044359835935958,0.24044359835935958,0.0,0.0,0
2024-10-21,3.1449606160848806,-0.005590562948241673,0.09979482283374856,0.00039917929133499405,110,1.1102230246251565e-16,0.04980238993674636,0.199589645667497,0.199589645667497,0.0,0.0,0
2024-10-22,3.119655318260751,-0.008046300387580696,0.1521976344178411,0.0006087905376713641,109,0.0,0.048964057799178645,0.3043952688356821,0.3043952688356821,0.0,0.0,0
2024-10-23,3.0847210558130667,-0.011198116100582745,0.10880118632997621,0.0004352047453199046,106,1.1102230246251565e-16,0.05300945342234708,0.2176023726599523,0.2176023726599523,0.0,0.0,0
2024-10-24,3.1118352221085526,0.008789827606742628,0.14158696780612165,0.0005663478712244864,108,2.220446049250313e-16,0.06680266538406011,0.2831739356122432,0.2831739356122432,0.0,0.0,0
2024-10-25,3.125715429674264,0.004460457117747563,0.11582541690916626,0.0004633016676366646,107,0.0,0.06502620677856273,0.2316508338183323,0.2316508338183323,0.0,0.0,0
2024-10-28,3.142877133945689,0.0054904883881938815,0.1385933899706659,0.0005543735598826636,110,0.0,0.0548183513672318,0.2771867799413318,0.2771867799413318,0.0,0.0,0
2024-10-29,3.1396766951097965,-0.0010183149704852124,0.12223699121280052,0.0004889479648512019,110,1.1102230246251565e-16,0.06748283507878222,0.24447398242560092,0.24447398242560092,0.0,0.0,0
2024-10-30,3.114529972188089,-0.008009335152525443,0.17831638707762099,0.0007132655483104837,108,0.0,0.059802933331926815,0.35663277415524186,0.35663277415524186,0.0,0.0,0
2024-10-31,3.069444288851596,-0.014475918915244357,0.11029963863035262,0.00044119855452141003,108,2.220446049250313e-16,0.0707025699634265,0.22059927726070502,0.22059927726070502,0.0,0.0,0
2024-11-01,3.0694685541713316,7.905443934586032e-06,0.1078815040973435,0.00043152601638937353,108,0.0,0.05812814915076887,0.21576300819468677,0.21576300819468677,0.0,2.1615857297456118e-16,0
2024-11-04,3.0815126485924926,0.003923837044948142,0.13549111285043874,0.000541964451401755,108,0.0,0.05621847380528519,0.2709822257008775,0.2709822257008775,0.0,0.0,0
2024-11-05,3.1368966829515497,0.017973002442275954,0.09086757778647529,0.00036347031114590094,108,1.1102230246251565e-16,0.05533914205087232,0.18173515557295047,0.18173515557295047,0.0,0.0,0
2024-11-06,3.229774716634867,0.029608253975367482,0.10699734557262802,0.0004279893822905121,109,1.1102230246251565e-16,0.0579664475684565,0.21399469114525604,0.21399469114525604,0.0,0.0,0
2024-11-07,3.2428752151097906,0.0040561647868038175,0.2111588760499023,0.0008446355041996092,106,1.1102230246251565e-16,0.054591875738567504,0.4223177520998046,0.4223177520998046,0.0,0.0,0
2024-11-08,3.215691741331402,-0.008382522291246475,0.11605411459780082,0.0004642164583912033,105,1.1102230246251565e-16,0.0620659700426723,0.23210822919560162,0.23210822919560165,0.0,2.0733841889480215e-16,0
2024-11-11,3.203772250173412,-0.0037066647293297894,0.11256378493775654,0.00045025513975102596,108,0.0,0.061547853825981755,0.22512756987551297,0.22512756987551297,0.0,0.0,0
2024-11-12,3.1890415981096094,-0.004597908625684988,0.1401569833902006,0.0005606279335608024,105,0.0,0.06378861879705627,0.2803139667804012,0.2803139667804012,0.0,0.0,0
2024-11-13,3.1791399299181746,-0.003104904055595936,0.10659126354021581,0.00042636505416086324,109,0.0,0.05667065032085076,0.21318252708043162,0.21318252708043162,0.0,0.0,0
2024-11-14,3.1720521716618713,-0.0022294577818365857,0.07779720604751608,0.00031118882419006413,110,1.1102230246251565e-16,0.055935513304532496,0.1555944120950321,0.15559441209503205,0.0,2.2305426819815843e-16,0
2024-11-15,3.1290505122928205,-0.013556416175375063,0.0786653576892272,0.0003146614307569088,115,1.1102230246251565e-16,0.05539554068611642,0.1573307153784544,0.1573307153784544,0.0,0.0,0
2024-11-18,3.1861502825926507,0.018248273741669374,0.09894325479223619,0.0003957730191689445,115,2.220446049250313e-16,0.06557641944905225,0.19788650958447226,0.19788650958447226,0.0,0.0,0
2024-11-19,3.1986719952444926,0.003930044580839009,0.0702089945987487,0.00028083597839499437,115,0.0,0.0531346320717336,0.14041798919749718,0.14041798919749718,0.0,0.0,0
2024-11-20,3.2081734430590507,0.0029704351770623028,0.06090257859173119,0.00024361031436692453,111,1.1102230246251565e-16,0.05526274118271267,0.12180515718346237,0.12180515718346227,0.0,2.1492275190451715e-16,0
2024-11-21,3.2455596284416512,0.011653417761276597,0.0888597536580886,0.0003554390146323544,110,1.1102230246251565e-16,0.06299780294735063,0.1777195073161772,0.1777195073161772,0.0,0.0,0
2024-11-22,3.3053453809164073,0.018420783876789137,0.1014449291130214,0.00040577971645208564,109,1.1102230246251565e-16,0.05972130270697334,0.20288985822604286,0.2028898582260428,0.0,2.2335581192738097e-16,0
2024-11-25,3.3247887171537522,0.005882391700910317,0.06330012540315237,0.0002532005016126093,109,0.0,0.05961499669100059,0.12660025080630463,0.12660025080630463,0.0,0.0,0
2024-11-26,3.3043820428572257,-0.006137735667605337,0.09813486682332008,0.0003925394672932803,106,0.0,0.06080500653490769,0.19626973364664016,0.19626973364664016,0.0,0.0,0
2024-11-27,3.2864164490372,-0.005436899724975963,0.12473005908751142,0.0004989202363500455,106,1.1102230246251565e-16,0.06175918609152078,0.24946011817502273,0.24946011817502273,0.0,0.0,0
2024-11-29,3.291273229650989,0.0014778348055104473,0.0783119171901825,0.0003132476687607298,106,0.0,0.0600848335957171,0.1566238343803649,0.1566238343803649,0.0,0.0,0
2024-12-02,3.2979868345898757,0.002039819993795877,0.07225556344118811,0.0002890222537647522,107,1.1102230246251565e-16,0.060920210036407345,0.1445111268823761,0.1445111268823761,0.0,0.0,0
2024-12-03,3.2821895614385705,-0.004789974594689217,0.19513675947466347,0.0007805470378986536,112,0.0,0.07180786591216012,0.3902735189493268,0.3902735189493268,0.0,0.0,0
2024-12-04,3.2925986208369395,0.003171376668996251,0.08084921054989186,0.00032339684219956724,114,1.1102230246251565e-16,0.0684310328816762,0.16169842109978352,0.1616984210997836,0.0,2.131575352424392e-16,0
2024-12-05,3.2833200245879617,-0.0028180161985913443,0.07824077572796162,0.0003129631029118465,113,1.1102230246251565e-16,0.06862852161250596,0.15648155145592324,0.15648155145592324,0.0,0.0,0
2024-12-06,3.2834044574312182,2.571569101528226e-05,0.07977675907591832,0.0003191070363036731,114,0.0,0.06988827845343638,0.15955351815183655,0.15955351815183652,0.0,1.9744697989500324e-16,0
2024-12-09,3.32150312079933,0.011603402462917467,0.05436555248623873,0.00021746220994495492,112,0.0,0.06779580661555248,0.10873110497247745,0.10873110497247745,0.0,0.0,0
2024-12-10,3.2736928116862813,-0.014394178591511597,0.07120338240233866,0.00028481352960935466,114,0.0,0.06755337845702244,0.14240676480467732,0.14240676480467732,0.0,0.0,0
2024-12-11,3.3120311772203976,0.011711045519377405,0.08977317428540686,0.00035909269714162745,113,0.0,0.06833647306274145,0.17954634857081372,0.17954634857081372,0.0,0.0,0
2024-12-12,3.2662021802752697,-0.013837127277162242,0.09021389787305528,0.0003608555914922209,112,1.1102230246251565e-16,0.06910485702659969,0.18042779574611045,0.18042779574611045,0.0,0.0,0
2024-12-13,3.241058195955479,-0.007698232666561777,0.06499010032107394,0.00025996040128429556,111,0.0,0.0668224901735809,0.12998020064214777,0.12998020064214777,0.0,0.0,0
2024-12-16,3.225125568290151,-0.004915872132506105,0.07943422620097637,0.000317736904803905,112,2.220446049250313e-16,0.06647025296862494,0.15886845240195252,0.15886845240195252,0.0,0.0,0
2024-12-17,3.219437323046817,-0.0017637283023215211,0.1774288192265814,0.0007097152769063252,107,0.0,0.06206139357007008,0.35485763845316265,0.3548576384531626,0.0,2.1182605238891463e-16,0
2024-12-18,3.07601590678623,-0.0445485971209576,0.05746745464590891,0.00022986981858363564,107,0.0,0.06185346625547836,0.11493490929181782,0.11493490929181782,0.0,0.0,0
2024-12-19,3.053663868550401,-0.0072665548271438896,0.13181258903690896,0.0005272503561476354,107,2.220446049250313e-16,0.06266365664175792,0.2636251780738177,0.2636251780738177,0.0,0.0,0
2024-12-20,3.0815942105877125,0.009146501789199846,0.06564558105754704,0.00026258232423018776,107,0.0,0.06377111256174357,0.13129116211509387,0.13129116211509387,0.0,0.0,0
2024-12-23,3.0933725065598368,0.0038221437240686384,0.0919631654395711,0.0003678526617582844,107,0.0,0.06762802886967026,0.18392633087914223,0.1839263308791422,0.0,2.151341130946367e-16,0
2024-12-24,3.1094997486282003,0.0052134820601670295,0.9427396118203056,0.0037709584472812225,1,0.0,1.0,1.8854792236406113,1.8854792236406113,0.0,0.0,0
2024-12-26,3.1119913920845206,0.0008013004205642549,0.0,0.0,1,0.0,1.0,0.0,0.0,0.0,0.0,0
2024-12-27,3.1119913920845206,0.0,0.0,0.0,1,0.0,1.0,0.0,0.0,0.0,0.0,0
2024-12-30,3.1119913920845206,0.0,0.0,0.0,1,0.0,1.0,0.0,0.0,0.0,0.0,0
2024-12-31,3.1119913920845206,0.0,0.0,0.0,1,0.0,1.0,0.0,0.0,0.0,0.0,0
