date,effective_n,top1,top5,top10,n_gt_1pct,n_gt_2pct,n_gt_5pct
2019-01-03,48.69930964131548,0.061994022649327504,0.19209013457025706,0.3283730209725912,34,17,1
2019-01-04,48.06884017031811,0.06281436258070254,0.19606871610101706,0.3302158548340932,38,17,1
2019-01-07,48.00383143484368,0.06580822208171817,0.193920275186352,0.33198855573885755,35,18,1
2019-01-08,48.403519446706,0.06509563689963367,0.1969542848501243,0.33181776342720776,35,16,1
2019-01-09,48.09171884128119,0.05937161181908928,0.20836026347525505,0.34656703606926853,37,14,1
2019-01-10,47.79614796058313,0.06564451969284342,0.20543281268139757,0.3334494683179971,40,15,1
2019-01-11,48.66334244974836,0.06522761716564035,0.21055851028558434,0.3428768486215156,38,10,1
2019-01-14,48.989541244114875,0.06379820376526261,0.21242035904566828,0.3435603869484348,38,13,1
2019-01-15,48.61211820274811,0.06421984090703792,0.2018823745558922,0.3322073988952626,31,15,1
2019-01-16,48.921619045165194,0.054264582829523275,0.197961046854647,0.33470858111792423,34,15,1
2019-01-17,49.79552001325858,0.05479808355109683,0.20036886282390323,0.3351266727907177,37,14,1
2019-01-18,47.06356709058428,0.05421039289967004,0.2014739022540127,0.3457478764895876,32,18,1
2019-01-22,48.867109540416195,0.058787951143438,0.1924830661229605,0.33672751171479975,36,16,1
2019-01-23,50.852626174654254,0.05869844257868357,0.17992972347448577,0.31077463062294763,35,16,1
2019-01-24,52.045909972453046,0.05985050159036589,0.1849922769029316,0.30877936463059813,37,14,1
2019-01-25,51.37770257080925,0.05549394724909053,0.19611305818359143,0.31929510216081697,38,14,1
2019-01-28,49.6744595136962,0.044878388849584075,0.19464327772533838,0.33082860646327045,33,17,0
2019-01-29,55.258200312573706,0.04303817710244765,0.18023332630298797,0.30478792048108677,37,15,0
2019-01-30,56.84126866184595,0.03724786359679513,0.1655460251112919,0.3037080054960486,36,14,0
2019-01-31,54.703993214468184,0.03750917407579174,0.17292501766544408,0.3140990342447505,33,15,0
2019-02-01,51.53116812213459,0.049681823684494225,0.1884554095109669,0.3225971863665216,38,16,0
2019-02-04,50.69553330453602,0.04962801909229685,0.19027754953654755,0.3286484152433141,37,15,0
2019-02-05,51.02733591490177,0.04707259815893469,0.19289946033357602,0.3289272251907535,40,14,0
2019-02-06,49.211496239998915,0.05110146310954456,0.20700243122262216,0.3380924201536876,39,14,1
2019-02-07,50.71856329038934,0.0387793093070569,0.18616706416774906,0.3270278424353541,37,16,0
2019-02-08,49.13836385029058,0.05000131761963255,0.2033789308993259,0.34093751088432733,35,15,1
2019-02-11,48.939608115523804,0.05032829534748465,0.2076934108482644,0.34505223506939553,36,14,1
2019-02-12,49.44606749402386,0.06199920257761783,0.18972559708670533,0.3226816773233295,36,17,1
2019-02-13,51.40149709784179,0.04805529063247393,0.18228981800902566,0.31511335308170524,35,15,0
2019-02-14,48.697843237399766,0.060379406157430274,0.19837399226243543,0.33021442859486244,35,15,1
2019-02-15,49.63822367923619,0.04859594026772935,0.20174660984386306,0.34088852459674596,39,13,0
2019-02-19,48.300379719288216,0.05576100192064974,0.21203573885431848,0.3523500279765276,30,13,1
2019-02-20,52.12867737802765,0.044851399259517116,0.18961633662326546,0.33269415501636906,35,13,0
2019-02-21,52.53266492550928,0.03997422574303375,0.17978352243327939,0.32484409315057605,35,16,0
2019-02-22,52.40177475026671,0.04303768391626091,0.18583038714492303,0.32733903262530584,34,15,0
2019-02-25,52.93590064816805,0.04262914883150786,0.1806605144048552,0.33018510241397336,34,14,0
2019-02-26,43.56988304965101,0.07868700608381958,0.2230889469731882,0.3503296654110146,35,14,2
2019-02-27,43.01154910463368,0.07761882040682158,0.23087906017065526,0.35506444500377937,38,11,2
2019-02-28,44.611444630054066,0.07649249260022316,0.2208123297752171,0.3519768679985591,35,15,1
2019-03-01,50.717447114708214,0.06077837186190143,0.1889171257383485,0.3219484894091332,38,17,1
2019-03-04,45.88937394039606,0.0765348856222842,0.20548574474851689,0.3442599157761993,34,14,1
2019-03-05,50.49050917239159,0.0520293069953115,0.19310312463742557,0.3330522640583683,34,13,1
2019-03-06,49.637540428767764,0.05555463672651998,0.18794380616116008,0.3273384383117662,33,17,1
2019-03-07,51.34155570764147,0.053802416721801055,0.19112631523485665,0.3248629071897021,34,17,1
2019-03-08,48.143448129780246,0.0543504333064177,0.19637740816806368,0.34375622125720745,34,16,1
2019-03-11,46.80991521756713,0.06275832289624671,0.2049863728234782,0.34510068113536035,33,17,1
2019-03-12,49.02433114216313,0.054362788310244194,0.20045440907553574,0.33636478683663074,35,16,1
2019-03-13,46.60578993464769,0.053539457738808284,0.21985409469316664,0.36136592442340204,34,13,2
2019-03-14,45.66648475492317,0.05500238643774683,0.22553804939380762,0.3663271000509009,35,12,2
2019-03-15,45.972948847107816,0.049298547688421054,0.2156498707761238,0.37132646462235586,34,14,0
2019-03-18,44.30277098612247,0.06458354208059887,0.2190162778444019,0.37581987437891756,33,12,1
2019-03-19,44.8066784070507,0.06644450535110061,0.21202722789956374,0.36240243990294424,32,14,1
2019-03-20,45.485044377381634,0.06573731806550577,0.2156098085259133,0.3619292607554138,34,15,1
2019-03-21,43.92016942544511,0.06465506206064274,0.2214290078212214,0.3764783148256455,31,15,1
2019-03-22,45.357554355489725,0.06765715654867079,0.2189414427354884,0.35867501064518637,37,16,1
2019-03-25,41.04246847000181,0.08563123926991514,0.22792701430052856,0.3742765504768925,33,15,1
2019-03-26,40.857726319691494,0.0825267599459427,0.23188306753313415,0.3833699115355218,31,14,1
2019-03-27,40.04939831734302,0.08300045981640258,0.23282880745258006,0.3780898265032971,29,16,1
2019-03-28,41.00582058601849,0.08053853036791891,0.22528875485324873,0.3740163533665585,33,16,1
2019-03-29,40.79866975029438,0.07929397580782038,0.2330740989394988,0.3791634986107792,31,17,1
2019-04-01,41.464115441058745,0.07884450836614389,0.22807794401943726,0.3713570025072379,33,16,1
2019-04-02,40.68278103556452,0.07724113561340659,0.24298195885339724,0.3850311716962316,30,14,1
2019-04-03,43.87271250884424,0.05561459261372108,0.23158968068416594,0.3828872596164128,31,14,1
2019-04-04,44.484259211342284,0.056595542644490876,0.21896903048038752,0.3595587294161947,33,17,1
2019-04-05,47.29548271496069,0.046267495201823716,0.20144731387259132,0.3435989007715988,35,18,0
2019-04-08,43.97790403785677,0.05488109855123089,0.2201729867127569,0.3634201994182866,34,18,1
2019-04-09,44.309264327364694,0.05321183365595861,0.2229868223815306,0.36357068648313723,32,18,1
2019-04-10,43.29548022581124,0.0499859397867516,0.22927047912878146,0.38042269523522176,32,15,0
2019-04-11,44.261660683747856,0.05108716271067363,0.21965783723600962,0.37340591775969184,30,17,1
2019-04-12,40.03272899278136,0.06570250862035228,0.24761760543228858,0.39295519872871015,29,17,2
2019-04-15,41.884548754123855,0.0676549584536511,0.24298422080357168,0.38142350094833793,29,17,1
2019-04-16,41.076638149789325,0.06951439430674998,0.24260898783050702,0.3861057146095411,31,16,1
2019-04-17,41.89843656158986,0.07419536033325191,0.22816224166713414,0.37436981021032667,33,15,1
2019-04-18,43.95017160788253,0.07140511048679797,0.22086589760214623,0.35691023147019635,35,17,1
2019-04-22,40.53185133090017,0.07574289881464057,0.23091804637269228,0.3744032142989641,31,17,1
2019-04-23,42.59665820694668,0.07144061468145693,0.2221283025711397,0.3698407840705254,31,16,1
2019-04-24,42.87955213085611,0.06997242153875737,0.22031613816343848,0.37228144357366955,32,18,1
2019-04-25,43.33915406435789,0.0684836063329525,0.217680336236506,0.3642552738035001,34,16,1
2019-04-26,42.72217970694002,0.07172561784929161,0.22017987139901535,0.36568587190272833,33,18,1
2019-04-29,43.16067588843987,0.06708123491521743,0.22657880484070736,0.37836696622437865,33,16,1
2019-04-30,43.99658070361916,0.06597794427180247,0.22204087687933033,0.36552958855845646,31,17,1
2019-05-01,42.73251851167254,0.06921621462852046,0.22584040924170143,0.37674212462426665,36,16,1
2019-05-02,44.296442564551384,0.05418035247883454,0.21793002000508366,0.36304184505040127,30,18,1
2019-05-03,45.15761444523386,0.055063409168508624,0.20600587940524312,0.3617661095314451,31,17,1
2019-05-06,44.10544616359141,0.05181253820000764,0.21258951730159648,0.3662487439084773,34,18,2
2019-05-07,41.92588532029984,0.06350849639569991,0.23228432132957033,0.3905660718942823,33,15,1
2019-05-08,45.91935825588035,0.04879379117648725,0.2076072118869607,0.35950225687257326,34,15,0
2019-05-09,45.50623244287707,0.048869850590816506,0.1996267109997093,0.3534638477191509,34,18,0
2019-05-10,44.84915343293026,0.06381515587082899,0.2095671084451743,0.35949150420747583,36,17,1
2019-05-13,45.48355772505223,0.06279324655620082,0.21063938398341914,0.3550847620414865,33,16,1
2019-05-14,46.70619325140733,0.06507652265635075,0.2012573131193262,0.3409798486076079,34,17,1
2019-05-15,47.14911967912244,0.06171077318881462,0.2025707952352973,0.33359535592577877,36,18,1
2019-05-16,47.70072660825528,0.062182454275637726,0.1927110232208869,0.3220969684348511,36,19,1
2019-05-17,45.77889927691569,0.062060616994086035,0.19915189558523286,0.338729448996249,35,18,1
2019-05-20,47.41821552467334,0.061251302955574814,0.19717137610894336,0.33031342618296183,37,18,1
2019-05-21,49.06008024500539,0.050743804162820066,0.19123368834855717,0.32250459438179296,39,19,1
2019-05-22,46.386218899420506,0.06034503439122627,0.21183209593877747,0.3472683872313381,37,16,1
2019-05-23,45.816514583329784,0.06175355512654088,0.2167803058786857,0.3510357260179796,35,14,2
2019-05-24,48.684167118381374,0.042767358428588115,0.1957701839793034,0.3427075861101374,36,15,0
2019-05-28,46.89092925234471,0.06591055333841273,0.21067736425290148,0.35039171789720025,37,12,1
2019-05-29,44.045097409587406,0.0861338975197734,0.2144307744680031,0.33794216334746874,37,14,1
2019-05-30,48.68768055447591,0.04563013884726119,0.19722774921075215,0.3363289204241834,42,16,0
2019-05-31,46.71030739715821,0.06266783513469013,0.21461253203009611,0.3445192487262724,38,15,1
2019-06-03,46.53457006709475,0.061715989997169665,0.207073251107784,0.34364562022570544,37,17,1
2019-06-04,44.48391261315943,0.06638689324765817,0.21050547158574684,0.3541849803113765,34,15,1
2019-06-05,44.60284927987174,0.04672803304570663,0.21571848004960986,0.3685704373177289,34,15,0
2019-06-06,45.50957520930443,0.04690335946669796,0.21440896134323043,0.36390543576142964,36,15,0
2019-06-07,45.74708850901202,0.04604861872742204,0.20949735412702772,0.3580341852499729,31,17,0
2019-06-10,45.002602976381496,0.06929491833562447,0.2063095196082926,0.34596528846826563,35,18,1
2019-06-11,46.309026480387374,0.06210102737942674,0.19655134385058887,0.3347604286633209,37,17,1
2019-06-12,43.089451992768346,0.066002501996725,0.22767567558929255,0.36841746051846275,35,16,1
2019-06-13,47.93263707225105,0.04414411881709365,0.20330938908878013,0.3460613388424325,32,16,0
2019-06-14,43.78076679374061,0.06648540325361013,0.22095392779776651,0.3611238732695988,33,17,1
2019-06-17,40.84837775433203,0.0681612004532174,0.23609490126114155,0.3878088200183347,34,17,1
2019-06-18,38.93171830488526,0.08597441806544101,0.24644077700390865,0.3889380085940219,36,15,1
2019-06-19,39.523095884819405,0.0839161056133223,0.24471285515647423,0.38662845684500247,34,16,1
2019-06-20,39.70279959123881,0.08388563071074609,0.24510993117145594,0.3852284665287116,35,16,1
2019-06-21,42.61347991842332,0.06468938767219559,0.22886084364273607,0.38610703261566004,33,14,1
2019-06-24,41.12906108701746,0.08139956852719567,0.232670581610931,0.3816241284561969,34,14,1
2019-06-25,46.223965902580204,0.04207960167361724,0.1967042256095535,0.3488023480189666,31,19,0
2019-06-26,44.868977260731945,0.043117746158743704,0.1955706457623208,0.35545283390625504,32,19,0
2019-06-27,46.484675541629336,0.042108586578243824,0.18760972202437196,0.34227796852653863,33,18,0
2019-06-28,43.25163828198706,0.06566578853756275,0.20887049698172816,0.3548391274480159,33,18,1
2019-07-01,45.910238857478994,0.045695265024670806,0.20622259495574788,0.3534763556573759,34,19,0
2019-07-02,39.19826431685402,0.08495760817643029,0.23885788970727947,0.37676346909913855,29,20,1
2019-07-03,40.080060467727264,0.08442801252502963,0.22156546017165654,0.3724712551617202,28,17,1
2019-07-05,39.93764836060452,0.08489879853709624,0.22368631829705582,0.3727557746942311,29,17,1
2019-07-08,43.31556121166067,0.06619777957628203,0.21758062838994657,0.3627884904128966,30,18,1
2019-07-09,42.600193632310166,0.06766167375651067,0.22726182612467133,0.3736648802231821,28,18,1
2019-07-10,43.8914383716595,0.06319270177384835,0.2173350096591405,0.3659043212540508,32,18,1
2019-07-11,43.54643883843262,0.06318464890479994,0.22677686927678392,0.3797984271177958,32,15,1
2019-07-12,43.971719790053946,0.06388195495609401,0.20601023781772718,0.3602422199016111,31,18,1
2019-07-15,43.31424506292227,0.06432749080784149,0.21778107522425566,0.36816182166888106,32,18,1
2019-07-16,40.220387275498936,0.08332464814394976,0.23306653175113012,0.37697235620529373,32,16,1
2019-07-17,45.865849803190926,0.06371583419194672,0.2130404590707506,0.35073674148620976,32,18,1
2019-07-18,46.16180619746805,0.062069477992570635,0.2094477597463405,0.354147440114547,31,17,1
2019-07-19,47.158113166219415,0.061657348699241665,0.2054935984412299,0.34605294083817656,32,16,1
2019-07-22,45.73028820806362,0.06310436658881088,0.22455678006178556,0.35305555211621226,30,14,1
2019-07-23,46.09384901733739,0.06530591155186063,0.2182427319905505,0.3487926820408634,29,17,1
2019-07-24,51.545786079317566,0.04591752957904847,0.19285925604533413,0.32762584318835164,32,15,0
2019-07-25,45.734170510197885,0.07490552354120938,0.23375077042859232,0.3422600817841313,39,10,1
2019-07-26,44.92602237034989,0.07095225743849597,0.23413537668167939,0.35412054626601136,39,13,2
2019-07-29,41.73387837081458,0.07765616677047325,0.23977965409353208,0.36017692103113286,33,12,2
2019-07-30,47.01225620580647,0.06974540207143104,0.20715903224345403,0.3410717196946463,38,14,1
2019-07-31,43.946688012331364,0.0762434489959499,0.21946025470388303,0.3531819217131281,40,13,1
2019-08-01,47.80957516683892,0.054885871190480946,0.2075839462604016,0.3432163767152595,37,15,1
2019-08-02,41.17390357746061,0.0775282260129122,0.24216103736114605,0.3942360532412569,31,12,1
2019-08-05,47.38977310467971,0.06551901534757794,0.20742836815143623,0.345463044297002,35,13,1
2019-08-06,48.45535815123071,0.0661337653327339,0.202883614002199,0.3251403651981297,37,14,1
2019-08-07,50.975147229620895,0.05231749144354519,0.1906406921019679,0.3217706038754201,39,16,1
2019-08-08,50.82135882956452,0.043021711219187304,0.18816650384232328,0.3264730885204223,35,17,0
2019-08-09,50.494281998300096,0.04267331811480786,0.18639073648495064,0.3232514324749108,38,17,0
2019-08-12,49.5079708935171,0.06257720831238191,0.19386285220536065,0.31553750360899246,41,16,1
2019-08-13,52.11765149603716,0.04882233527649414,0.17355410372585356,0.29951580133378675,40,18,0
2019-08-14,53.21882477466051,0.04896429655527977,0.1840504459673899,0.30345219134780405,42,14,0
2019-08-15,51.470586281692114,0.04584207147831816,0.18741082853440683,0.3222498560518157,38,16,0
2019-08-16,51.18452845454532,0.04540909368758923,0.1842012711833335,0.32125249964620956,39,17,0
2019-08-19,50.242242458492505,0.047104524399205136,0.18775429645755637,0.32778516311494243,37,18,0
2019-08-20,49.416241556484,0.05296438648860836,0.19542810353349094,0.3310245706471581,34,17,1
2019-08-21,48.66025159524934,0.05463343238535796,0.20667593212654367,0.33282768646974153,35,15,1
2019-08-22,50.932916574999375,0.042043073777031176,0.18482619412174814,0.3227269209628421,35,19,0
2019-08-23,50.19477482636965,0.04129585016301539,0.18390502657033372,0.3314154946280648,35,16,0
2019-08-26,49.66696920919044,0.0558176177695459,0.20295315439372655,0.3352916051046054,36,14,1
2019-08-27,48.34292906158301,0.05231588940227908,0.20796350490860532,0.3500678434656186,31,15,1
2019-08-28,47.77068962558836,0.06843423972873348,0.20799059666366784,0.33877384701711655,35,15,1
2019-08-29,48.43892981463187,0.046337184788658586,0.19895517285191683,0.34852080811941666,36,15,0
2019-08-30,43.55078045095492,0.06587200544472288,0.22146318528581846,0.3698200985779963,33,18,1
2019-09-03,47.00470850218578,0.049361922855605,0.20582659792071428,0.35962330869671333,34,16,0
2019-09-04,47.249272823157675,0.04908440111744246,0.21072833986340794,0.36056332601036223,37,14,0
2019-09-05,47.40727112137923,0.049145581445758466,0.20724180565093947,0.3599033389815434,37,14,0
2019-09-06,44.89266766995288,0.06709552206280063,0.21931348028474,0.3650963735421211,39,14,1
2019-09-09,45.35868605060093,0.06693329042170493,0.21310473772440353,0.3636238710512926,37,13,1
2019-09-10,46.171352602378015,0.04939888687155004,0.20735710918937725,0.362508166604259,31,16,0
2019-09-11,47.075282302692,0.048990597603813094,0.20402453008227517,0.35842653250921175,36,15,0
2019-09-12,46.1140546286129,0.05826766699751837,0.20792689739029796,0.356602657235154,34,18,1
2019-09-13,45.43960355460063,0.05726643823820428,0.20805900960108942,0.3611674004727745,31,18,1
2019-09-16,44.58966259767682,0.057608868694901734,0.20217726084632423,0.35972976749770813,32,17,1
2019-09-17,44.05057861486969,0.06362179744166359,0.21070200392104904,0.3629201852363748,34,16,1
2019-09-18,45.23724641323112,0.051053836689336766,0.19940081400732323,0.35958358265462537,32,17,1
2019-09-19,44.41641958677722,0.05130627141151446,0.20145807571960223,0.36462919692159135,32,17,1
2019-09-20,46.29667849156627,0.04991542020320734,0.19602855040388223,0.35086253041778004,34,18,0
2019-09-23,47.917444511134605,0.04900312347495732,0.19422092419763087,0.34712343411693414,40,15,0
2019-09-24,47.594414632364156,0.05024733173486108,0.19662872080256644,0.34845799155972973,35,15,1
2019-09-25,46.81224553980634,0.049918292400785665,0.19641405000178197,0.3542471162799616,34,16,0
2019-09-26,45.70638449199213,0.05164764294688958,0.20090411753854168,0.35792165202828125,31,18,1
2019-09-27,46.46567813794168,0.051258298798942135,0.19711241868571788,0.35336788528870644,33,18,1
2019-09-30,47.72323602473384,0.04980044939904712,0.19716235040627197,0.3527793386969761,30,17,0
2019-10-01,48.136790141357494,0.054299925192012155,0.1952895804787761,0.34024560876616045,34,18,1
2019-10-02,44.93373170527271,0.071628324280195,0.20631941370215556,0.3454499654220581,34,18,1
2019-10-03,46.37063128397586,0.05659066262302449,0.20342552837726327,0.3501031239836976,30,19,1
2019-10-04,49.311108562232484,0.05043181680813707,0.19327209336916207,0.33832268164367024,31,17,1
2019-10-07,48.45115514159268,0.05025352718817045,0.19542304104538477,0.34211154220158607,34,18,1
2019-10-08,48.88827229857701,0.04919904416772627,0.1926739075754422,0.3439622332140883,34,16,0
2019-10-09,48.24225108997015,0.0538594554346233,0.19254009971553504,0.3412354134666728,34,16,1
2019-10-10,48.97340095551695,0.05312722058792577,0.19383934362210792,0.34006821601136417,35,17,1
2019-10-11,48.71618061527938,0.053881244211565336,0.19637396498706347,0.3394197488703774,34,16,1
2019-10-14,47.93187680276712,0.052704710506670936,0.19263151768044173,0.3444723704914067,34,17,1
2019-10-15,48.01859099773687,0.05271223305722177,0.19669671158213753,0.3450640497436064,35,15,1
2019-10-16,48.73360782129826,0.05113946753208048,0.19221620086868674,0.34087939390878574,32,16,1
2019-10-17,50.3135576258453,0.05252625885473033,0.19550194837683482,0.33929031240327484,33,15,1
2019-10-18,50.31618853783065,0.05257232003388377,0.19316267082831,0.33927932878096906,31,14,1
2019-10-21,50.892059135947854,0.051454971018703645,0.197505604610351,0.3400752001459116,32,15,1
2019-10-22,51.30651169543384,0.050214465027907974,0.19407466026576867,0.3317361001665914,35,17,1
2019-10-23,48.81732653632418,0.053965092848999405,0.2040278748322159,0.3448064789355852,37,15,1
2019-10-24,48.41745110641202,0.05339205723261884,0.20165166694093503,0.35183419780232716,33,14,1
2019-10-25,49.43967145006291,0.054697384587971715,0.20423237074740555,0.3412230881905287,40,13,1
2019-10-28,51.34112128133678,0.0520506356403729,0.19859830996283878,0.33187046094745287,38,14,1
2019-10-29,46.78332358717975,0.061678452564242515,0.21432687969941175,0.3533258148543939,39,14,1
2019-10-30,46.133832736898114,0.06574627344917665,0.2154657277110304,0.34536996269065384,36,17,1
2019-10-31,47.37718554084605,0.05620000610117157,0.2067599861541609,0.3450897986163222,36,17,1
2019-11-01,44.904854960288425,0.07624208787190036,0.21875902390149732,0.351120069342342,37,14,1
2019-11-04,41.919686664518075,0.06494845662254942,0.23821011005434933,0.37497566794645776,33,17,2
2019-11-05,47.1700247906322,0.06342049932377489,0.20491442429216242,0.34817362479054587,33,14,1
2019-11-06,45.50808836288892,0.06890238821393695,0.22001253282334432,0.3578081130540008,34,12,1
2019-11-07,49.5354842155232,0.05588281411736908,0.1965267305071987,0.3357629987375989,37,14,1
2019-11-08,49.939908292518595,0.059142272165365745,0.1873372910999463,0.3311424627782944,35,15,1
2019-11-11,46.49634801596025,0.05168509996921438,0.21284241332556414,0.36313228724325197,35,15,1
2019-11-12,47.950789687371646,0.05795897874711745,0.19468947310032395,0.3427277419868979,37,15,1
2019-11-13,50.66578262855041,0.03844047719802232,0.17757070958054458,0.32838114249296274,37,16,0
2019-11-14,48.516493946469154,0.0579282535532397,0.19752012405517902,0.34169019104673887,34,14,1
2019-11-15,49.49399477347548,0.05399602104517963,0.19511080925918928,0.3403926481555004,34,15,1
2019-11-18,49.34808181513582,0.04069519909123478,0.1840217077374924,0.33399031744862584,33,16,0
2019-11-19,47.698908508615155,0.044932994310933776,0.18882263133931582,0.3419654179116379,33,17,0
2019-11-20,48.9941995173577,0.045416017430057194,0.18830725369011012,0.3364267018710585,35,17,0
2019-11-21,49.28605639172084,0.03977663391670114,0.1873076364313156,0.34126708971418696,36,16,0
2019-11-22,50.4843304199044,0.047624574749373906,0.1887640867401752,0.32936731220541604,35,16,0
2019-11-25,49.20228088791313,0.04813075563261234,0.1950328472183389,0.3393335629414875,37,15,0
2019-11-26,51.41874301215981,0.037908901789564464,0.17382506460062724,0.3183300567297871,35,17,0
2019-11-27,50.36854980132474,0.054604667736807416,0.18968509623063584,0.3319234136424979,37,14,1
2019-11-29,49.627587422685025,0.0480724772802557,0.18653930441623992,0.33589479698646374,38,16,0
2019-12-02,52.38146345755786,0.039892347605125146,0.1749741674988976,0.3202928358971736,35,16,0
2019-12-03,53.29159059154636,0.0453668767010417,0.17536070976941232,0.30816732421069,38,17,0
2019-12-04,53.20441708746413,0.0357319464923796,0.1725304128365247,0.30382901953577857,38,18,0
2019-12-05,49.111655901146186,0.0545040851925713,0.19152986546085957,0.331608048873834,36,17,1
2019-12-06,50.019934721738124,0.0547511906820878,0.1932384023982655,0.3274795276120934,38,14,1
2019-12-09,49.1500564230054,0.05453987439520709,0.19514883061424282,0.3419488406570105,36,13,1
2019-12-10,44.710631417202514,0.079915172669526,0.22147448973812858,0.34890060515778915,35,13,1
2019-12-11,50.14488871708064,0.056235262977151985,0.20571681959974905,0.3381463822539529,39,11,1
2019-12-12,49.25706665567135,0.05731523059249475,0.20078268857957385,0.3442570144517464,36,12,1
2019-12-13,49.617606130318464,0.05829456175024948,0.20525082239463766,0.3400688972920065,34,11,1
2019-12-16,50.361568734140526,0.056668963131798054,0.20012867910370424,0.33815004205671323,35,13,1
2019-12-17,51.6145017110996,0.04791394535069721,0.19281273693550807,0.33786016004792174,31,12,0
2019-12-18,52.69197284913814,0.03990630820939594,0.17943833864245678,0.3260230551228427,33,15,0
2019-12-19,51.02256577779757,0.04038818776471335,0.18740141342741568,0.33394381662291056,34,14,0
2019-12-20,48.0077344984557,0.06235241185034034,0.21070394515999477,0.3490424024030168,36,12,1
2019-12-23,47.21387662409115,0.06665961146343381,0.2042413390969294,0.34781685597291595,38,13,1
2019-12-24,47.26877312870871,0.06716740297088784,0.2084486800511295,0.3464880070366734,35,15,1
2019-12-26,46.32776342502867,0.06869287890919992,0.21479223429505512,0.35239159662835906,34,14,1
2019-12-27,46.66969045520089,0.06489163066797081,0.2104966853740644,0.34848477691591717,35,14,1
2019-12-30,51.87804252255667,0.043987793304417544,0.1867271895566748,0.329552070323619,41,12,0
2019-12-31,46.274779135574185,0.06756011912544438,0.2040246821094274,0.346783465243402,32,14,1
2020-01-02,51.556444478117115,0.043449551627245404,0.1803804798405766,0.32066844925624494,41,14,0
2020-01-03,51.73998087014138,0.04172333805763417,0.17934767567964766,0.3226006301833819,36,15,0
2020-01-06,48.22218228547372,0.06591635851142984,0.19849497990261827,0.3324172578608948,35,16,1
2020-01-07,49.005097591468854,0.06520944256361189,0.1976899372438403,0.33411927659641655,36,13,1
2020-01-08,48.38076422285508,0.06562948136750389,0.2010068130690471,0.33429565707307196,36,15,1
2020-01-09,47.94908166569709,0.06830228060259712,0.19349520648867238,0.3269230428624905,35,15,1
2020-01-10,46.85775565028935,0.07000238904966732,0.1997412091636672,0.3333464401779324,35,15,1
2020-01-13,48.43837257868218,0.06260604221178535,0.19859343339416596,0.332343479415832,38,16,1
2020-01-14,46.65386852361248,0.06526139364923278,0.20417367682853965,0.3463342895952606,36,16,1
2020-01-15,46.23613818985626,0.06632198837943595,0.20462149772269816,0.3473224361438551,34,16,1
2020-01-16,48.264948022817194,0.06444295956899038,0.1934287788008475,0.32992365476452384,36,16,1
2020-01-17,47.97495490982557,0.06781010641234349,0.1961505869287676,0.33183962625681634,36,13,1
2020-01-21,48.07970159039039,0.06407605050530497,0.20069207878667136,0.335277054253473,39,14,1
2020-01-22,46.050242786411424,0.07344312943528009,0.21072325141594284,0.33675853964749664,35,15,1
2020-01-23,48.662686453901685,0.052433673981686774,0.1986175290984773,0.32664584930005597,34,15,1
2020-01-24,46.56339296762725,0.06508135382351594,0.20842758528479383,0.33379731184984357,35,17,1
2020-01-27,47.938282604097864,0.0726751220122692,0.1925976826281834,0.3230740278790237,35,14,1
2020-01-28,46.61255392385678,0.07469356296846243,0.2019942818682024,0.32945159058363355,39,16,1
2020-01-29,48.216371476351355,0.05714099670556664,0.20761036323549778,0.35137792885024316,32,13,1
2020-01-30,49.84462927402855,0.06153007548982931,0.1933416634425747,0.3261297483024762,35,16,1
2020-01-31,43.621381918742735,0.0815047763429499,0.21882581230775824,0.3593799232122821,31,13,1
2020-02-03,49.19733765559141,0.06374985818814664,0.19109895846323416,0.32535014969058035,37,18,1
2020-02-04,48.03521961100032,0.06387889581168311,0.20308342938145357,0.33633411771884436,36,16,1
2020-02-05,48.03815788182055,0.06594253868689526,0.20732707722848648,0.3397973411503853,36,13,1
2020-02-06,42.44272529537639,0.08207371921467793,0.22059514385987966,0.3604818260015924,31,17,1
2020-02-07,46.824993087898584,0.05695862897802656,0.2068586754745092,0.34562875803297,36,17,1
2020-02-10,43.002173372933115,0.08472831205864209,0.21668757697458796,0.3593292337145612,33,16,1
2020-02-11,43.00817618415667,0.08735161725946441,0.21559174338097917,0.3440555094253488,35,16,1
2020-02-12,42.368189286382496,0.08781752857244586,0.22322208797538343,0.3519596433459954,39,17,1
2020-02-13,42.36939935293261,0.08700836891402193,0.2215658463379194,0.34647657192761566,38,19,1
2020-02-14,42.40527827717363,0.08476334588648159,0.2251083597907259,0.36572883432209896,34,13,1
2020-02-18,46.14546272314207,0.0712312218167962,0.21236169547304348,0.3505061944076651,33,12,1
2020-02-19,49.108868757199296,0.06046344870120131,0.19433637043723095,0.3415876580573578,34,15,1
2020-02-20,49.35787923052946,0.05981434155336849,0.19042791840959902,0.32877101966456923,34,18,1
2020-02-21,49.26003735146907,0.06338852284604816,0.1924338624422944,0.32691704617434125,35,17,1
2020-02-24,47.83542068844207,0.06242171274275528,0.1994494570984192,0.33208385507324734,37,17,1
2020-02-25,41.56376382035653,0.08489159032966008,0.21241888487371627,0.349206356383756,37,18,1
2020-02-26,46.66776665371003,0.05722538109577966,0.21178061267763063,0.3452229377418212,35,15,1
2020-02-27,46.623496506610074,0.0533885490441522,0.20156157721696394,0.3486310528902621,36,16,1
2020-02-28,45.169116374907496,0.07044723099840138,0.2172799202974821,0.36084891484252185,35,13,1
2020-03-02,47.525776192562375,0.05854759607189676,0.21350408448593416,0.34580484442604653,34,14,1
2020-03-03,46.389491879451874,0.061615562218117884,0.19837830081341545,0.34242667573148955,33,19,1
2020-03-04,45.3635098895681,0.06355710936742211,0.20611650539383597,0.3477816410184985,32,17,1
2020-03-05,45.60702139228683,0.048748155018524725,0.19551305975302402,0.34637340044223963,34,22,0
2020-03-06,45.855330562460196,0.05270457146318547,0.20278284605482183,0.35368507084299283,34,16,1
2020-03-09,49.32590847512046,0.03950027262973398,0.18407217624050018,0.3374198122282203,35,14,0
2020-03-10,42.06768025761847,0.0833646857955003,0.2242544747010701,0.35736889295943675,32,17,1
2020-03-11,45.71625953671402,0.06433192600440052,0.2059335406533525,0.3463599763939433,36,15,1
2020-03-12,46.462043529043825,0.06106197907445287,0.2040264657280104,0.3429698662813382,36,16,1
2020-03-13,44.95032615028587,0.060399406454055345,0.2131447705565444,0.34811346099644186,34,15,2
2020-03-16,46.49750230758453,0.05638075865982503,0.21567089306164391,0.3529874996288156,32,16,2
2020-03-17,54.15629195528242,0.03634258578668801,0.15980923815258086,0.2976662766816397,34,17,0
2020-03-18,50.49668448988019,0.0440153820286094,0.19508272093891138,0.32630892772989895,35,16,0
2020-03-19,52.081373821000774,0.04317955217883303,0.18153965272391367,0.3125848264905361,36,16,0
2020-03-20,47.85295107193839,0.07250480260146451,0.20593477185578135,0.33074489244901745,37,12,1
2020-03-23,48.00323791456938,0.07263570973030935,0.2004249670417305,0.32498159151287476,39,15,1
2020-03-24,48.34597035274023,0.07286721026909104,0.20527178314522865,0.3363219327505266,34,12,1
2020-03-25,55.12845732063941,0.05276704678078115,0.17517620068223533,0.2995862400675509,41,13,1
2020-03-26,54.86758421276956,0.0484548480315771,0.17297081682253582,0.29680619165661487,39,15,0
2020-03-27,52.7200749511048,0.04511798970618224,0.17991045121315402,0.3091442711919318,38,14,0
2020-03-30,52.69943643992209,0.040814728159765126,0.17487540956698733,0.31145077905781415,37,15,0
2020-03-31,52.56229638211042,0.041335111291441705,0.1738216477656181,0.3133864917586617,35,17,0
2020-04-01,52.98852047907817,0.04538439435885463,0.1874474349769182,0.3139450167157803,37,16,0
2020-04-02,54.02040488309012,0.04595695336700095,0.17570566154958644,0.30535735231125316,38,16,0
2020-04-03,52.61212378214927,0.04512644953719097,0.1771538742227984,0.3082194391183377,38,17,0
2020-04-06,52.994614977378696,0.045314694427334656,0.1754807592030012,0.30212161142141575,38,17,0
2020-04-07,55.8288818015322,0.0410398006864223,0.16950914180289103,0.2921300813991705,38,16,0
2020-04-08,54.98367657649199,0.03977553596482952,0.1750529009473919,0.3052310019496868,39,14,0
2020-04-09,52.63922083931712,0.04535998115890139,0.18630570239611477,0.3210249661539742,37,16,0
2020-04-13,52.72783263714171,0.038348238814460575,0.17711726768943595,0.31598564250308986,35,16,0
2020-04-14,44.772452030572644,0.0651465920340653,0.22811416811389088,0.3590370748916316,34,13,2
2020-04-15,48.914473101169314,0.0572556063460868,0.20543630163947546,0.3437092400226722,36,13,1
2020-04-16,48.13746612380465,0.05800273307282174,0.20842114786539,0.34395761905747596,35,14,1
2020-04-17,50.48409821919792,0.04681882816364365,0.20384540057173078,0.3389764160684759,34,15,0
2020-04-20,50.163644926531944,0.05087998575502771,0.19939436380388925,0.3467149269574526,35,14,1
2020-04-21,50.30256564705043,0.051081774293706375,0.1975765965283558,0.3367419848314244,32,15,1
2020-04-22,51.352395774819,0.04426975418849595,0.19399986552452217,0.3346904459236933,35,14,0
2020-04-23,43.80482038318888,0.06788531703545458,0.2386372495484896,0.36857829316986457,33,11,2
2020-04-24,44.67209369789122,0.06590185636316137,0.2391003990229285,0.36779932426489653,34,9,2
2020-04-27,46.71840603888378,0.05624735691445135,0.2238435194124623,0.3604564281011285,34,13,2
2020-04-28,46.077840688286756,0.05294761914022244,0.21295066476997312,0.37389195985335577,35,13,1
2020-04-29,46.653802505926464,0.04960395199174561,0.2159923277167169,0.37590543677182486,34,12,0
2020-04-30,45.4464405592511,0.060119160610406,0.22341483577733373,0.3732959604851872,32,14,1
2020-05-01,46.735490833232724,0.05199086306030709,0.2114905979984564,0.36566749226278883,36,13,1
2020-05-04,48.04511375208576,0.052858161579340875,0.20180318775276954,0.3479884888884294,36,14,1
2020-05-05,46.7293290946835,0.05819108714295184,0.20843614622708337,0.35281255690889046,35,16,1
2020-05-06,40.975401459747104,0.0893136793690703,0.23037962148865174,0.3677438332962509,35,14,1
2020-05-07,41.5003058142393,0.0902797600222842,0.23006686405103013,0.3604277949080179,33,14,1
2020-05-08,48.92085777634587,0.05858400825282529,0.20110965806205908,0.33085312072241085,36,13,1
2020-05-11,50.08248225393971,0.057665104052072105,0.18812373247568454,0.3174027566398986,33,15,1
2020-05-12,48.96846587296107,0.057025198771782346,0.1971302554126531,0.3321389531106914,35,16,1
2020-05-13,48.50584264748518,0.04664150017162319,0.1946821648475675,0.3400008790721783,34,16,0
2020-05-14,51.315793413057726,0.04589976892163559,0.1857858557600778,0.324865768502128,34,17,0
2020-05-15,48.6624146017877,0.047430929792282715,0.1995333759619153,0.34734122100777515,33,16,0
2020-05-18,50.40067481854304,0.03986452593857723,0.18471550183009883,0.3343837465343536,34,16,0
2020-05-19,48.497021808760586,0.050270490402478794,0.1879352108651057,0.32609435593978403,32,18,1
2020-05-20,48.07151258802572,0.05929728081587829,0.19560085637109131,0.33134884104896556,31,20,1
2020-05-21,49.645623503493916,0.05774368901040824,0.19473821725908855,0.3329415392570655,32,16,1
2020-05-22,50.48270880683713,0.05609609272048711,0.18848821492937123,0.3295814226602959,32,16,1
2020-05-26,48.62740212268006,0.05764336337469223,0.1950514578969543,0.3477595704504598,32,14,1
2020-05-27,49.623155787348075,0.0435413298706424,0.1861013166807029,0.3391255818360961,30,18,0
2020-05-28,47.75139671752116,0.051590831577828115,0.19711053287794844,0.35443827578331266,30,16,1
2020-05-29,51.4442290254684,0.03972848659478957,0.1832868609999199,0.3328644402674216,36,15,0
2020-06-01,49.62998778513345,0.05740775756787204,0.19617769757255288,0.33130291855773947,33,16,1
2020-06-02,50.916432554207134,0.03918554678465359,0.18073162197951007,0.3291869343734906,31,18,0
2020-06-03,52.66844592127493,0.03877100559173802,0.1815730695361167,0.3166074774518621,38,17,0
2020-06-04,46.72928116354738,0.06665870203153079,0.213713674987349,0.3435749328897703,36,15,1
2020-06-05,47.139927905143225,0.05682295305814815,0.20444907327514367,0.3394941405292994,36,18,1
2020-06-08,46.09304550679372,0.06641355641963663,0.20285841663711532,0.34078958170669366,33,17,1
2020-06-09,48.29578132061334,0.050527110375674845,0.18910592175462682,0.3338201890386751,34,17,1
2020-06-10,49.79804441738674,0.045749967833964546,0.1810886748029146,0.3225328685594553,32,18,0
2020-06-11,50.98677600158503,0.05697885889127335,0.1898188281851615,0.322820865020912,34,17,1
2020-06-12,51.55301208345349,0.05003390388588884,0.1855493017826285,0.31789820937934693,32,16,1
2020-06-15,48.277116763408706,0.07121327775010361,0.18767056512167446,0.3212068659910669,35,17,1
2020-06-16,47.91472899150286,0.06873462860329417,0.19771288588962388,0.33131626298156575,32,16,1
2020-06-17,51.131624036830864,0.046217122309102424,0.18411910145419005,0.32220558483233297,34,17,0
2020-06-18,49.01246082132729,0.045803448150475684,0.18771379596583454,0.3315152460560511,32,19,0
2020-06-19,46.67353907690842,0.06224321005075081,0.2010648428975843,0.3412351605642522,34,16,1
2020-06-22,46.855164987263116,0.06401634360820288,0.20600514014542218,0.342196218522533,32,17,1
2020-06-23,46.952135324072124,0.05979238442896005,0.19924398545248648,0.3422334481167432,31,17,1
2020-06-24,45.258015262602534,0.04602099602570606,0.2081596818601647,0.3678929695007722,31,16,0
2020-06-25,46.951587037584616,0.04465765675108991,0.20076177236736975,0.3548135441674177,31,14,0
2020-06-26,43.59479950046889,0.05802072381502279,0.21897600003777082,0.37283251249861155,32,15,1
2020-06-29,44.63757576963788,0.057245821600295184,0.21360227400568868,0.36600923148211295,32,18,1
2020-06-30,44.77223362589818,0.05689474145262713,0.2082454610640695,0.36640151941645216,35,15,1
2020-07-01,42.2970384906784,0.061352800664251125,0.22295351158303656,0.38837562712943147,31,15,1
2020-07-02,43.79760688543111,0.06254345202695626,0.2143305737065392,0.3749673982022386,32,16,1
2020-07-06,43.94609686996835,0.06356284560227936,0.21393808989610974,0.3688067465200784,33,16,1
2020-07-07,44.26617637841305,0.060079876271667325,0.2243789923084191,0.37074657442756775,32,16,2
2020-07-08,42.67273440510571,0.0793772893824694,0.22093161907081177,0.3688405202829537,29,15,1
2020-07-09,44.60379668793584,0.07768096134450972,0.21874284100015903,0.35415014913155873,35,13,1
2020-07-10,42.02731440620471,0.07900436112738922,0.23079938856999194,0.3730346126708289,32,12,1
2020-07-13,45.11281799157826,0.05437307230750859,0.21396685961665438,0.3597311513904992,33,16,2
2020-07-14,48.18661095707802,0.054558467810819,0.19614368904658988,0.33733518776552385,36,16,1
2020-07-15,47.092026801558745,0.05541958314278048,0.2056292068814614,0.3488397463845441,37,16,1
2020-07-16,46.48539692324135,0.05414701658960489,0.2016088709872156,0.35745714402524187,31,18,1
2020-07-17,40.67692640063704,0.085715322646104,0.2342130156677804,0.3766891444752851,35,15,1
2020-07-20,39.91374399261315,0.087037691687333,0.24194015478478226,0.3801757450255835,34,16,1
2020-07-21,40.42962479506839,0.08733989477011417,0.2354686956898911,0.3641134537601595,35,16,1
2020-07-22,41.603749668597885,0.08742608266082356,0.2262751435700409,0.3611349084996447,35,16,1
2020-07-23,41.67564146854379,0.08982415949252877,0.225777722039182,0.36120468738943284,35,14,1
2020-07-24,43.18000188214143,0.08937536823537987,0.20604181050450274,0.33150506659402723,43,14,1
2020-07-27,42.8228924061043,0.08660609280623428,0.2070342936517895,0.33903226466982495,38,16,1
2020-07-28,43.36408358909907,0.08413794146278321,0.20773447622663607,0.3404667282302503,35,14,1
2020-07-29,46.7918124615109,0.06280534348838782,0.2125865140301436,0.335024801425223,39,17,1
2020-07-30,42.14062974312021,0.08650287949638377,0.2177934196722803,0.3504005373643226,36,15,1
2020-07-31,44.88023349319971,0.06184036349638638,0.21708032644591355,0.3417915957930497,33,18,2
2020-08-03,42.38475407116751,0.08709633673646552,0.22537738392948373,0.35004807105047764,36,13,1
2020-08-04,41.73041726063732,0.08891023576022782,0.23094934201261874,0.3503371925165692,37,13,1
2020-08-05,47.77346545992982,0.05620384255252427,0.20308635138841113,0.34139015383135596,33,16,1
2020-08-06,40.11495886074503,0.08881477336514718,0.2355289892376137,0.37567612117645865,33,14,1
2020-08-07,42.044677376509064,0.08115174849039387,0.2246221651696924,0.3669178068683785,36,14,1
2020-08-10,47.9399602960856,0.051878303379922226,0.19366115506996992,0.34233074317623974,35,14,1
2020-08-11,46.0841735211041,0.05257451078900995,0.21172682208216928,0.36649445570942907,36,14,1
2020-08-12,41.71278108491774,0.08357597395695981,0.2334894285654599,0.36491819646760076,33,15,1
2020-08-13,45.64756289040984,0.053221502209326664,0.20904121114704388,0.3523308080966529,36,16,1
2020-08-14,45.104136084889106,0.053143220157808244,0.21217680002322792,0.35654777063543275,37,15,1
2020-08-17,43.26379755578109,0.06806463068319148,0.23060396350395937,0.36008142652221736,36,17,2
2020-08-18,43.14407930447183,0.07371952224513423,0.21600463297373648,0.353559873886112,35,21,1
2020-08-19,42.32901575671803,0.06954325598217113,0.23854469251476676,0.37717431744107477,32,16,2
2020-08-20,41.154437977390124,0.08186168852963449,0.22776847531759448,0.3708351730770701,30,18,1
2020-08-21,41.8832419989047,0.0743493314168947,0.22794459442700005,0.3667428443961395,34,15,1
2020-08-24,42.17161872669094,0.07231394483112946,0.23262408551155994,0.37528991845962,32,14,1
2020-08-25,41.35071363525114,0.08113485318595888,0.23378985973532493,0.37318559815910807,35,16,1
2020-08-26,41.24285571661121,0.08198972148881889,0.23277882332247235,0.3692081079198036,32,15,1
2020-08-27,41.81713765802332,0.07222591046053765,0.23492950365052037,0.3704246039199147,32,17,2
2020-08-28,41.99481787411353,0.07504074377582612,0.23497734477641763,0.37482408864635924,37,13,1
2020-08-31,42.645076181353474,0.07303141658400143,0.21880251399308984,0.35747777501803,34,16,1
2020-09-01,42.53239503137387,0.08019120478896871,0.2200791124917434,0.35334618619407815,38,16,1
2020-09-02,45.15565048273666,0.052088109306640665,0.2088949095838234,0.3578696792594938,34,17,1
2020-09-03,43.73850392899607,0.06583302956728225,0.22347952743153998,0.3725730109922145,32,16,1
2020-09-04,40.892495593353374,0.07427163161605652,0.22973198651917462,0.3860695106971515,32,16,1
2020-09-08,45.82649107794886,0.059073751703838696,0.20336235244779877,0.35373321260488494,36,15,1
2020-09-09,43.37138780570318,0.06248645798825502,0.21570061563663542,0.3752917925597199,36,16,1
2020-09-10,44.14311502427976,0.0629780707036306,0.22384072438308053,0.3780592584918424,32,15,1
2020-09-11,42.979234467812866,0.06519901147495602,0.22306206237006562,0.37839756621144294,32,15,1
2020-09-14,42.67944318820877,0.06524052281681937,0.22022306505063516,0.3780048200993938,32,15,1
2020-09-15,41.60771758675027,0.06718109359886767,0.2301535323297984,0.37428776029229377,33,17,1
2020-09-16,43.19597502819117,0.06348981863567285,0.22077446356718047,0.3629197733511411,34,16,1
2020-09-17,43.71977189322857,0.0648051767409514,0.22112196263048736,0.3582026311548757,32,17,1
2020-09-18,44.62956705367244,0.06899988892163338,0.2074443792211546,0.34543380089792436,34,20,1
2020-09-21,46.10603072121747,0.06008752680871963,0.2043631727815356,0.34365725242432404,32,18,1
2020-09-22,43.355020799303354,0.06805523775021277,0.2115325824862379,0.3569471543362275,31,19,1
2020-09-23,42.167703376057894,0.06908785257963561,0.2197132503080117,0.37311195363446614,31,19,1
2020-09-24,41.64056936831249,0.07018299372484375,0.2263167403118327,0.37710471317503386,30,18,1
2020-09-25,41.136379604539584,0.07128310826874772,0.22174202784548175,0.3720321641454336,29,20,1
2020-09-28,42.31413717339637,0.06987063605246256,0.22139868074257862,0.3657241404225659,27,18,1
2020-09-29,41.97856875759196,0.07050260227936725,0.22098190436617696,0.3662358361076423,25,19,1
2020-09-30,42.43796937021382,0.06852901766778365,0.2287700486391731,0.37279625026594937,28,19,1
2020-10-01,43.29123723125424,0.06660992925774491,0.22064786029056244,0.3734950781512542,29,17,1
2020-10-02,42.6870869030077,0.07219732279810978,0.22050753167010131,0.37182195418725617,30,18,1
2020-10-05,42.86430625011358,0.05518202548097792,0.2258608481652683,0.38864043194263764,28,16,2
2020-10-06,42.67587976366704,0.05343044878166534,0.21731637225974537,0.3850358804993445,33,17,1
2020-10-07,34.958842809766026,0.1049492556268036,0.2514355976679986,0.40411191893849246,32,16,1
2020-10-08,38.97401886472707,0.06684918141876224,0.2431999032618319,0.399612240667647,33,14,2
2020-10-09,39.112911486591386,0.06527928055962248,0.2544814398137041,0.4058719173861468,30,11,2
2020-10-12,40.04106183339964,0.06783024965877675,0.24870956068787647,0.40280147868543953,30,13,2
2020-10-13,42.17817903876846,0.0651945350728334,0.23677793929755098,0.3897087678854322,34,15,1
2020-10-14,41.55026711582215,0.06495175600584444,0.23517685942645794,0.39414245324034775,29,14,1
2020-10-15,39.83626791116919,0.08351400413570742,0.24138251694416518,0.39433613124895117,30,14,2
2020-10-16,39.61225732556821,0.0837969501155666,0.24334581868041832,0.3989570297507249,32,12,2
2020-10-19,39.41171547611266,0.08243020251886964,0.24862091670966616,0.4002986171370456,31,14,2
2020-10-20,42.60869200872733,0.06710387339446768,0.23751861414452277,0.3819400525100579,34,14,1
2020-10-21,40.63764534855709,0.08054443151216417,0.24204661190652307,0.3939232097863633,34,11,1
2020-10-22,36.49043771768819,0.10559405987042744,0.2500369800778713,0.3909284632576899,34,13,1
2020-10-23,41.8055361668347,0.06841064657972329,0.24159282290370543,0.3793199731310567,36,14,2
2020-10-26,48.45727606071603,0.05675495434081639,0.21486899341451626,0.33250548933748647,39,14,1
2020-10-27,43.13335479204188,0.07194824686204947,0.2294210161110075,0.377258015434141,32,16,1
2020-10-28,41.60562084131429,0.06938428632471119,0.24194825627758243,0.39442849683655135,30,13,1
2020-10-29,44.73261243322661,0.061843855184790554,0.2285970696063055,0.369100023399862,35,14,2
2020-10-30,44.073831859742135,0.07771585107415073,0.2179142961640389,0.3598400426938532,34,13,1
2020-11-02,42.07787834697502,0.08400878661792774,0.22682183967715946,0.37602950206948604,31,13,1
2020-11-03,42.68958226053344,0.07389575593643699,0.23318030373546816,0.3737386961541995,33,14,1
2020-11-04,42.42432662450466,0.07458309520785249,0.2417750912760365,0.3812620994727823,36,12,1
2020-11-05,43.22839418746403,0.06908679298428008,0.2355904065929853,0.37207369267052626,31,16,1
2020-11-06,44.21331426935293,0.07255772827787053,0.23165315827941704,0.3647111034294976,32,13,1
2020-11-09,50.09613187671613,0.045799878954166005,0.1884256921664308,0.33641684499080243,32,15,0
2020-11-10,46.66208503212575,0.06651699120772621,0.20950638555437986,0.34636881199426384,36,16,1
2020-11-11,51.7084417485499,0.04351730202357431,0.17959170652629736,0.3181514886618917,35,17,0
2020-11-12,47.1909480946739,0.06555279163349288,0.20207668135780676,0.33801351110453587,37,16,1
2020-11-13,49.80075970284485,0.0472851242240817,0.18760478896207478,0.33155947251008094,36,17,0
2020-11-16,49.12457947382513,0.04708969606254767,0.19142729719451046,0.333650450828302,33,17,0
2020-11-17,51.06777760918103,0.03886749752301505,0.17621192832370783,0.317562162143169,35,15,0
2020-11-18,47.21276153594035,0.05974986419667649,0.19880221602809195,0.33734160633145327,34,17,1
2020-11-19,48.329741715792046,0.060064811651513575,0.20304233929954388,0.33851331374265614,35,16,1
2020-11-20,49.019917467846525,0.05932102219178857,0.19244886650683965,0.33081631486279267,36,15,1
2020-11-23,47.80637105185136,0.058269990353210115,0.1981559410610264,0.34037058672907994,33,14,1
2020-11-24,46.92662802251512,0.05809660995708206,0.19701999053868147,0.34253263382431876,33,16,1
2020-11-25,47.87405988294133,0.057803364138646104,0.19035735666044273,0.3311101406364519,38,16,1
2020-11-27,47.9272306734728,0.055114370899844056,0.1935768825065821,0.33121631228953835,35,19,1
2020-11-30,47.20733106567008,0.05565015336756382,0.19931274313606698,0.33468073492063594,34,18,1
2020-12-01,46.48904556487328,0.05796402193392647,0.21104579642156393,0.34798847857751836,36,16,1
2020-12-02,44.99934313010878,0.06496651482544329,0.21446376602354428,0.36511401471891736,35,14,1
2020-12-03,48.01025682848596,0.05564457492250778,0.20061802879801288,0.3406858234685706,34,17,1
2020-12-04,47.65625403550824,0.05374387032105501,0.19892858580956563,0.35066238600074573,35,15,1
2020-12-07,44.86281178714611,0.06900192978457018,0.2159736700997913,0.3628583339333636,32,14,1
2020-12-08,44.197518204992136,0.06938581427911653,0.21621370341823293,0.3624285744336969,31,16,1
2020-12-09,42.71965710465015,0.0736712538367835,0.22383874601582868,0.3574966173067057,36,18,1
2020-12-10,44.100580175529494,0.06984624644971091,0.2181998282294382,0.3518110287224697,33,20,1
2020-12-11,45.58983921046042,0.06791886768012956,0.21187167087270833,0.34714474075359025,34,18,1
2020-12-14,44.61605852447315,0.0677526650187935,0.21243791870215142,0.35059958997671303,32,20,1
2020-12-15,44.49670982314903,0.06780263214850629,0.2187791522644352,0.35937759872672376,32,17,1
2020-12-16,44.66423965486341,0.06811312721644303,0.2079117434784518,0.3558420321952963,35,16,1
2020-12-17,50.270022464113566,0.04005149127102727,0.17051885755605647,0.32266060432945604,36,18,0
2020-12-18,49.61946757880901,0.044937424458343034,0.1766992928216939,0.3226720657310609,38,18,0
2020-12-21,49.32451531219556,0.04123290840651696,0.1756404338593699,0.3191568982778958,37,19,0
2020-12-22,51.48828153633198,0.03568778700600922,0.1652803040706324,0.31216437536245345,38,18,0
2020-12-23,51.1348154974931,0.043335738187763644,0.1680849601737846,0.30214517460076756,40,21,0
2020-12-24,51.034751169876635,0.043458905207119425,0.16867663914082792,0.3026555717440552,40,20,0
2020-12-28,51.18071243529428,0.04301418077967489,0.16736201664012207,0.30136685590817724,40,20,0
2020-12-29,51.323703924997254,0.042628929486208,0.1670317985670279,0.300822543318043,40,20,0
2020-12-30,51.3509573948859,0.042169814406464036,0.1671667190620814,0.2993491117944702,40,21,0
2020-12-31,51.33993514757431,0.04208750171544758,0.1664815070023489,0.2995840138940444,40,21,0
2021-01-04,51.456198299561024,0.04251514597544024,0.16583120084345515,0.29743866815024517,40,20,0
2021-01-05,38.45295471518125,0.06618007393214494,0.2584297999217643,0.4150478156834626,30,15,2
2021-01-06,39.1504746623486,0.06404505773157783,0.2554138662463174,0.40947134599906587,30,15,2
2021-01-07,40.43420953630808,0.06142817276689795,0.24556083050665758,0.4037115839874139,32,15,2
2021-01-08,40.37758847072707,0.06109392400859158,0.2452662660830743,0.40096436307948763,32,17,2
2021-01-11,40.06743256318497,0.06132689819579103,0.2504093544784474,0.4044491930799732,30,16,3
2021-01-12,40.668695407493125,0.06102725799084821,0.25070394154278286,0.39860210356826964,30,14,3
2021-01-13,40.07206784937729,0.06050812680532737,0.24807117257354494,0.39853697115862646,31,19,3
2021-01-14,40.79084613555908,0.059781261106662,0.24474128114875882,0.39482156542178193,31,17,2
2021-01-15,40.45667572544145,0.0614583320438023,0.25014397651302633,0.3934562362546751,31,17,2
2021-01-19,39.96035543161212,0.06105680917114359,0.24795351782334007,0.4026762573101122,30,16,2
2021-01-20,39.42278997250182,0.05967137539706744,0.25460483950734697,0.401146703296068,29,17,3
2021-01-21,39.95924667163371,0.06269588545515914,0.24390653408204613,0.3921247887516065,30,18,2
2021-01-22,40.03671223082855,0.06256688975222861,0.2425095850053835,0.39403908208543686,30,17,2
2021-01-25,39.52838659397356,0.06233832799035093,0.24458001962853537,0.39811369127041246,31,19,2
2021-01-26,39.771186784939104,0.06287815490362068,0.24117963792520353,0.3914142813497752,31,18,2
2021-01-27,40.735292722895196,0.06347906276701978,0.2399421114654516,0.38477120680189725,31,19,2
2021-01-28,40.316067661930155,0.06211315139465817,0.24521700927051626,0.39182483655924877,30,17,3
2021-01-29,41.38160777080787,0.05870427618811524,0.23782705520527703,0.3899622016824924,29,19,2
2021-02-01,40.5445783320565,0.056989159020370994,0.2416738485626098,0.39323465214175096,32,17,2
2021-02-02,41.84347255685642,0.057335058762174755,0.23402619888225268,0.3813659949760806,31,18,1
2021-02-03,38.25084143815838,0.07627555287448144,0.25374443519162,0.3964856601555465,30,16,2
2021-02-04,41.04732838194617,0.06199739469562904,0.24136807201616195,0.38105426656328933,32,17,2
2021-02-05,39.8484101308929,0.06372882488417579,0.24230219074317044,0.38949998037316785,32,16,2
2021-02-08,41.555441443553256,0.06378100257060958,0.2275590091180073,0.3747780554720886,31,17,1
2021-02-09,38.62916696016172,0.08915785441332184,0.2298349974882664,0.3748519767242006,31,18,1
2021-02-10,37.68170853965496,0.08848448290466193,0.24413448462793966,0.3893529935200023,32,18,1
2021-02-11,37.63372544210142,0.09346586508425617,0.23838734437667838,0.38293091616340935,31,17,1
2021-02-12,37.77918024295865,0.08973264290785307,0.24480148592496684,0.3952876000095641,28,16,1
2021-02-16,41.369118848511285,0.06891029988865524,0.23424050870900004,0.37803929415329063,29,16,2
2021-02-17,43.51918085356635,0.05650593889286782,0.22379356159964328,0.3733619815131013,30,17,1
2021-02-18,39.07594389280097,0.08713808014993288,0.2406812219494191,0.38534225813766476,29,17,1
2021-02-19,42.71595864154451,0.05808710067672511,0.22646965634361177,0.38176506776360136,28,16,1
2021-02-22,42.72539311150875,0.05921208740890449,0.2278276014336067,0.38769793720162327,30,15,1
2021-02-23,43.37464519836235,0.06123525322684547,0.2200071148942399,0.36312638164762334,29,19,2
2021-02-24,44.26252939011707,0.054391570432268374,0.21991495597426675,0.3660925102135878,29,18,1
2021-02-25,44.82194943001764,0.05404872769122221,0.21924356829253805,0.3617940733547739,32,19,1
2021-02-26,45.55818103247727,0.055741266276787646,0.21767564209690302,0.35700355820206225,31,16,1
2021-03-01,44.2690772479746,0.05758722111344299,0.22726942821873497,0.36812608024129445,30,15,2
2021-03-02,44.415648436963146,0.05570378598082767,0.21807522469957547,0.36784013440558655,31,17,2
2021-03-03,45.736976814351785,0.055238499368619264,0.2163912789304318,0.35813408871325336,33,14,1
2021-03-04,45.65681552346221,0.05558110778521283,0.22089808099627942,0.35376318967259424,33,14,2
2021-03-05,46.032132424230205,0.0515957704030487,0.21799237301234048,0.3498842442688095,33,15,2
2021-03-08,45.08046331308317,0.05317997840980015,0.22114296567799688,0.35974552704285834,32,15,2
2021-03-09,45.204012282669254,0.05342752609706626,0.22052379517310405,0.3698387787581075,33,15,1
2021-03-10,44.862985076396754,0.05226033249683482,0.21813228291877343,0.3735338192423533,34,14,1
2021-03-11,44.04765625502985,0.059591218894278285,0.22541155136903362,0.3770874570798638,34,13,1
2021-03-12,42.434104898602314,0.06944908926692632,0.23003549290231468,0.3807548314118879,32,14,1
2021-03-15,44.16143850426567,0.04890252750768974,0.22609075357120967,0.3809112957935656,32,15,0
2021-03-16,41.747186374350555,0.07103154576406266,0.23556946684747365,0.3906443000613267,33,14,1
2021-03-17,42.899374313122706,0.05501267446319596,0.2357159441481195,0.3862982921196242,30,14,2
2021-03-18,42.692145112646045,0.07022607581828023,0.23172925506340006,0.38365082021009106,32,14,1
2021-03-19,42.266824714834634,0.07055236605793164,0.23212103703574108,0.3846867477459674,33,15,1
2021-03-22,39.567050521279825,0.08216554966843154,0.24808985422702462,0.3985550980168785,31,14,1
2021-03-23,40.870719423622496,0.07699373455998045,0.24091730911113327,0.3917670957590574,32,15,1
2021-03-24,42.094256251077894,0.0689161304320745,0.23484125105869544,0.3844214314758534,33,13,2
2021-03-25,39.63414607115065,0.07715548135749717,0.2552157739601273,0.3997276883579991,33,14,2
2021-03-26,41.080915040539224,0.07070425952935493,0.24830310358049265,0.394218528975388,32,13,2
2021-03-29,39.79709829607408,0.07474491175220307,0.2512974127058059,0.3996197292374539,32,14,2
2021-03-30,40.50969637020567,0.0720945436174977,0.2436644253008738,0.3954953584225974,32,14,2
2021-03-31,39.68346579189308,0.06968832580259006,0.2507047249995663,0.3984889913618904,32,14,2
2021-04-01,39.61106968022545,0.06985436519998835,0.2532738141740402,0.39886855195372267,31,13,2
2021-04-05,39.725763104167896,0.06850440169603521,0.25907642849466894,0.396222377246466,31,14,3
2021-04-06,40.55766640036463,0.06799718609235413,0.24946043428197204,0.39010361481520994,33,14,2
2021-04-07,37.998951488631846,0.06802101207714895,0.2703018470635565,0.41801283801118383,32,13,4
2021-04-08,38.39384095916765,0.07012287553575076,0.2710726618428575,0.4113818158175122,33,13,3
2021-04-09,37.61447950465907,0.0700091441485925,0.2748322934399291,0.4170376646313195,32,14,3
2021-04-12,38.93101090641829,0.06780275400914428,0.26334803002857476,0.4072134329627107,33,14,2
2021-04-13,39.24193580742359,0.06918290314485166,0.2613720474422127,0.40668008234961733,34,12,3
2021-04-14,37.23201174065272,0.0819693080419951,0.2766903216141708,0.4161693662803568,34,12,3
2021-04-15,38.07352685268838,0.06910516140980216,0.27381784261640973,0.4145056846574468,34,13,3
2021-04-16,39.144064138117265,0.06841543669771578,0.2646635306414217,0.4108099524128831,34,13,3
2021-04-19,39.04414659363244,0.06691306404626851,0.26369877108820805,0.41357508287873,33,13,2
2021-04-20,39.50638413776281,0.06690751434649422,0.2553852298977014,0.4136086518807755,33,11,3
2021-04-21,39.227314296319456,0.0676537783469017,0.25862969359944554,0.4152575422257856,34,10,3
2021-04-22,39.33210867775825,0.06609277126084596,0.26223786743745925,0.4148728194472495,32,12,4
2021-04-23,39.0572564724315,0.06614424994482135,0.2622870343185225,0.41682592394633694,33,13,4
2021-04-26,39.26598376738054,0.06837311860357273,0.2619277593316448,0.4151662534259515,31,11,2
2021-04-27,40.14535730946989,0.065914029318612,0.258801582918745,0.40588962745789803,32,11,3
2021-04-28,39.520298747044414,0.0642376413793812,0.2664973358915096,0.4101574385209082,32,11,3
2021-04-29,39.77283017273374,0.06626854527045505,0.2608798427860026,0.40659274069564877,32,12,3
2021-04-30,39.27208840581756,0.05829243327352023,0.2665294744464886,0.4138662448090855,30,12,4
2021-05-03,40.475884599166335,0.06492687154287852,0.2583408080736989,0.40540546514128195,29,14,3
2021-05-04,41.3511224851465,0.05776725613439545,0.25360815327940633,0.4038499908796685,30,14,3
2021-05-05,40.735045144528705,0.06581354798225252,0.2562053594934484,0.4019564708308728,30,13,3
2021-05-06,40.172677719148716,0.06385957077884874,0.2632674850639459,0.4054010537440788,31,15,3
2021-05-07,41.42171821328566,0.06113796299508747,0.2501579082093855,0.39547382728696323,31,15,3
2021-05-10,40.78634332102194,0.06862117120338712,0.2488499266117951,0.39403163348927045,32,14,3
2021-05-11,43.18584418995124,0.060501237925532414,0.23534995063081585,0.3846226025685488,32,14,3
2021-05-12,35.762774794967186,0.1014085619514236,0.2641587183065667,0.4024287098601391,30,14,2
2021-05-13,41.332908530002754,0.062257745094260415,0.25016236419072196,0.39150160074179385,32,14,2
2021-05-14,40.487367910613926,0.06543722477753418,0.2543058354379435,0.3999739367083415,33,13,2
2021-05-17,41.717304213625994,0.06497772514979985,0.24815513727336247,0.39152624966818683,31,14,3
2021-05-18,36.33501031027631,0.09110031904734442,0.27796775456620026,0.4073919129157403,29,14,2
2021-05-19,43.447943982945155,0.05225927525361109,0.2468080355768799,0.3852960060252234,34,14,2
2021-05-20,42.36446144674833,0.05565825699788707,0.24886200185388851,0.3988837437055575,33,12,4
2021-05-21,42.21025359442564,0.06080470669745472,0.2509581793647222,0.3895068560146912,31,11,2
2021-05-24,42.883157572781656,0.055242703492023745,0.2434655215081518,0.3897165528599913,30,13,3
2021-05-25,42.75710532002506,0.056653428885806364,0.2560795710717183,0.3800982952894923,31,15,3
2021-05-26,38.00050077662487,0.09233228083479288,0.2665697247722815,0.3878496173726235,31,14,2
2021-05-27,42.029696940797244,0.059983657453887985,0.2581558898356916,0.38210380597402893,30,15,3
2021-05-28,42.361125610232946,0.05593235813264971,0.25185452835844435,0.3816948715208467,33,15,3
2021-06-01,42.17942948742336,0.0566868156377297,0.2529533476776634,0.38464873035741703,31,16,3
2021-06-02,40.60592723200721,0.07694968588700754,0.2494992593745062,0.38200636020678036,33,16,2
2021-06-03,41.60327810412889,0.06805429557936662,0.2457145777831261,0.3800647558330473,33,16,3
2021-06-04,40.49447570902103,0.07714583658613625,0.24824937607222236,0.3854684179469067,31,16,2
2021-06-07,37.639542500384294,0.08915227873260954,0.26735156276511673,0.3986653804364549,33,14,3
2021-06-08,38.46608032353556,0.08191442579302595,0.2675894329033814,0.3919034439329558,31,15,3
2021-06-09,38.42908504962298,0.08117934228399412,0.2699238583437721,0.39303810829264707,34,16,3
2021-06-10,39.20870825789131,0.0824568087034707,0.2635436398364719,0.38562696469362767,32,17,2
2021-06-11,41.26091879882597,0.0701830079358586,0.25012498404765343,0.3810314679536768,33,14,3
2021-06-14,41.038159975260825,0.07033904047083754,0.24911326016494106,0.38360069253824935,31,17,3
2021-06-15,42.43390707444011,0.06818625318580326,0.2386714621254249,0.3816424277763481,31,15,2
2021-06-16,41.53920816145449,0.0785987793268686,0.23824881776314635,0.3810763667869328,34,15,1
2021-06-17,38.680912316290446,0.07749985003232165,0.2649239354385375,0.4033797808197381,33,13,3
2021-06-18,40.12729287331282,0.072758300204489,0.25378710367147217,0.4021316017114923,30,14,1
2021-06-21,40.1925233949646,0.07307001723533396,0.2579171696397008,0.3975371671948688,33,14,1
2021-06-22,40.093411676470616,0.07268416122915394,0.2547246576853528,0.4021482254999897,32,12,1
2021-06-23,40.23498473144846,0.06924621270999247,0.25408053018890403,0.40201065999402996,29,15,1
2021-06-24,40.81495298182483,0.06999565837912892,0.24690466885829565,0.38922488435311214,32,16,2
2021-06-25,40.439666478784766,0.06995868442194932,0.24616454569374283,0.39705809180680274,31,16,2
2021-06-28,40.47918919138627,0.07182467546810134,0.2417596084281853,0.3915961643319033,34,16,2
2021-06-29,39.698797630603536,0.07423303054564487,0.24518015577540872,0.3912911473936727,31,16,2
2021-06-30,38.799033506958935,0.07643751178462438,0.2561133725430801,0.3933581075906831,32,17,2
2021-07-01,42.176726505781275,0.05556674106502748,0.23106914371855436,0.38820430429966046,33,17,1
2021-07-02,38.31284606430857,0.08081831515028648,0.25683261519149814,0.3917366339505146,34,17,2
2021-07-06,42.627607567421094,0.05573072391353828,0.228375116481539,0.37543771561038985,32,17,2
2021-07-07,42.527296551284756,0.05636818969364314,0.2272447437496256,0.3827319582738864,33,17,1
2021-07-08,42.81000701267504,0.056673506392158124,0.22395064502258372,0.37474842306359796,33,18,2
2021-07-09,41.47031076784538,0.07888630977159647,0.22721605450441734,0.3711782514156003,32,19,1
2021-07-12,37.471798277657115,0.08806229470564671,0.26835417625884805,0.39623588559795214,32,16,3
2021-07-13,38.569022576898185,0.08155572284468762,0.2572973651169167,0.39992027516658796,32,16,2
2021-07-14,38.79346945170483,0.08319816741654076,0.24832622345624059,0.3930532966077949,30,18,1
2021-07-15,38.36641811952279,0.08650308745887898,0.2554286995804969,0.3980936873886865,31,16,1
2021-07-16,38.20091867122864,0.08510184608713693,0.2608504755902157,0.3977368649252865,31,14,3
2021-07-19,38.846200504041626,0.08072033242190821,0.2597685560590583,0.39880036677452424,32,16,2
2021-07-20,39.058386510779854,0.08027212496617503,0.25747410422332395,0.3924122204407908,34,16,2
2021-07-21,38.99956789035551,0.08165002378433019,0.25175683575931773,0.3868208857645409,33,17,3
2021-07-22,40.2161132067576,0.07965057427944888,0.24625111749581183,0.37946653480878934,34,16,3
2021-07-23,38.823504321867226,0.08051271864440565,0.25874536502810724,0.40225185963086796,33,14,2
2021-07-26,39.17619653755658,0.08453650069533497,0.25303189262612874,0.3844757727863357,33,16,2
2021-07-27,38.68158039813959,0.08450431829931686,0.25748449889423575,0.39100440828781435,33,16,3
2021-07-28,40.5123194615844,0.07537412764111774,0.25328292643153927,0.3876450838582267,35,13,3
2021-07-29,38.90392408779982,0.0827682227910594,0.2560169413801939,0.39219408361696323,32,15,3
2021-07-30,41.49785511216673,0.07470485350678362,0.23900454795438456,0.37665499743831027,33,16,2
2021-08-02,40.63371514413387,0.07795877865401084,0.23852634131766368,0.382710063907029,30,16,2
2021-08-03,41.56752566071611,0.07401676631537694,0.23856867950096383,0.38078754760982486,28,15,2
2021-08-04,41.795563358728955,0.07451559739199862,0.23681699599845307,0.37880074935059416,32,15,2
2021-08-05,45.32687259286385,0.056931779371641816,0.22002798088717362,0.36823320721023584,31,15,1
2021-08-06,43.54077721375666,0.07526384731603644,0.22426136121520562,0.3595797695790961,31,14,1
2021-08-09,41.68954873639054,0.08823031941340446,0.22340611500333032,0.35687877094963205,31,15,1
2021-08-10,44.46130338714263,0.0641540272445356,0.22759033370702028,0.3696317279279695,34,15,1
2021-08-11,43.87735040791022,0.06886636155446424,0.22529425070678774,0.3642739314897728,34,15,1
2021-08-12,44.50280390231746,0.06964742208220573,0.22120457039173652,0.36350250503386733,34,16,1
2021-08-13,45.353185947215344,0.06554897958241175,0.21464526426979863,0.3618162555277083,37,14,1
2021-08-16,44.01927304438446,0.06725121770426264,0.2215609405615228,0.37405936269901274,35,14,1
2021-08-17,43.60893176021326,0.06910042322810886,0.2157320339780433,0.37348437238294585,33,15,1
2021-08-18,43.404642614134396,0.05880014994001855,0.22970286442625298,0.3749929746271556,34,14,2
2021-08-19,45.17127841647945,0.05541112810787849,0.22265712100851465,0.36445401934745497,33,15,2
2021-08-20,44.623574081471034,0.05611638795675878,0.22619642871847073,0.36736335603738185,36,15,2
2021-08-23,44.417740232758696,0.05741614318119515,0.229653939014332,0.37109040475417326,34,14,1
2021-08-24,42.869198895278714,0.06454468565235319,0.24339111231565866,0.37655797359161036,32,15,2
2021-08-25,43.829656448272495,0.07420894460098094,0.21607786735780798,0.36645003862135817,34,13,1
2021-08-26,42.431863506754645,0.07584969143275634,0.2288633355315914,0.37112766791711044,31,16,1
2021-08-27,44.26859488176683,0.056826294926051055,0.23011610491150541,0.36704679270680085,32,14,2
2021-08-30,45.36562490664597,0.05556335551918794,0.23016400584825375,0.36087678986789856,32,15,2
2021-08-31,38.53483909354369,0.08588817152198691,0.2594481644747904,0.3958739982847627,34,14,3
2021-09-01,40.59797568323576,0.07619791526899655,0.24792733556810523,0.38361868250783543,32,14,2
2021-09-02,40.931443173935605,0.07563055242307828,0.24493473737143984,0.3785040276055455,31,15,2
2021-09-03,38.85597605818056,0.08674450859613274,0.25100749828141944,0.3848027272593575,32,13,2
2021-09-07,45.703512670694366,0.0565669866898561,0.21603440438228663,0.3578984201402655,34,15,1
2021-09-08,46.59899995522298,0.05242592647445764,0.19795952931275757,0.3505005612256411,32,18,1
2021-09-09,45.438317208274526,0.05462313399255191,0.21951805710179917,0.3599640438873869,33,13,2
2021-09-10,44.73036307702378,0.05494057538108777,0.22100340987399758,0.3636284156211789,31,17,2
2021-09-13,45.435998616619045,0.05557661771377129,0.21544728611837174,0.3616180216086229,32,16,2
2021-09-14,45.23545190076905,0.055393270283846316,0.21284993324017837,0.36487653709925855,33,14,1
2021-09-15,39.90941355308692,0.07974470533759487,0.24193930280229234,0.39032325532985107,31,15,2
2021-09-16,44.059948792496854,0.05469593080846796,0.21140956621283824,0.37678770778499526,30,14,1
2021-09-17,37.729160401810155,0.0866122199705885,0.24960568788908827,0.40069578795691035,31,15,2
2021-09-20,38.14302591285733,0.08551286486835366,0.2530994976642348,0.4004367116906152,31,15,2
2021-09-21,36.125503095293254,0.09701308752985736,0.26137057880290887,0.40828841241952346,33,13,2
2021-09-22,37.57121996225444,0.08279167453662375,0.2684038249828282,0.40989973157912996,30,15,2
2021-09-23,37.821191517814356,0.08436834283289245,0.2654300739470224,0.4105191509397879,28,16,2
2021-09-24,38.3921653626002,0.08576003164196111,0.25309129994448737,0.4029172455439381,29,16,2
2021-09-27,38.372305255718246,0.08294255457352509,0.2547362803183178,0.4082393092316036,28,16,1
2021-09-28,38.64768336121655,0.0811364859052044,0.24691065365700085,0.4000525918815927,31,16,2
2021-09-29,38.60003071909807,0.08018740971497543,0.2541499646230784,0.4085356397038648,30,15,2
2021-09-30,36.895126314229834,0.0906019624087157,0.266048281140061,0.4148317869599299,31,14,1
2021-10-01,42.96039004214466,0.05524729132980617,0.22526329300416645,0.3837173532338894,33,14,2
2021-10-04,39.0348120568767,0.08105775107250623,0.2616178581486698,0.4002567884373782,30,14,2
2021-10-05,42.33507534799213,0.05354876351183038,0.23499743200204767,0.3918418824215299,32,16,2
2021-10-06,41.093242726552745,0.0596242775892764,0.24737136530794107,0.40107762871642416,33,16,2
2021-10-07,42.23763388148318,0.05224028829140241,0.23841198578156672,0.39660474691369957,32,16,2
2021-10-08,42.133013093205584,0.05133871351138578,0.24078341133132797,0.39910631766273036,30,15,2
2021-10-11,42.224752620995346,0.05155542490423445,0.23648738539831615,0.4003976913218404,31,14,2
2021-10-12,42.9030053089546,0.05295519459023499,0.23279099839816803,0.3908331530080184,33,16,2
2021-10-13,42.62770226913315,0.05182030642479615,0.23287856682643382,0.3919293802839461,30,16,2
2021-10-14,39.30545882377974,0.07695942371540265,0.25466669025653144,0.40744774312376053,31,15,1
2021-10-15,42.712556155874076,0.053277428812251254,0.23654414173332414,0.3889598810573206,30,15,2
2021-10-18,42.63821537945306,0.05296271241411409,0.23793431039681867,0.3872695624323441,30,15,2
2021-10-19,42.80409271563273,0.057834534171043346,0.23298018775303908,0.39030344356961727,31,15,1
2021-10-20,44.51645790514156,0.05248692624887012,0.22610791034524402,0.37818945977021107,29,15,1
2021-10-21,44.17050419790467,0.05409860642498025,0.22518793596266953,0.37587841831742935,33,15,2
2021-10-22,43.54358870744686,0.052058858629308175,0.23106753338056774,0.38012660301158646,32,15,2
2021-10-25,42.57241957771875,0.0559467000117668,0.24320418573947705,0.3844029763571907,30,15,2
2021-10-26,43.78249502099849,0.05967837204825395,0.23776870598350522,0.3793252685035125,32,14,2
2021-10-27,43.429928199416736,0.05724315235412727,0.23769064801077924,0.38287878571025435,29,15,2
2021-10-28,41.45652316363749,0.07154964740229225,0.23858104645754272,0.38465010376965253,30,16,2
2021-10-29,40.5832769902397,0.07355348488469064,0.25078109084291733,0.39396335523194653,30,15,2
2021-11-01,42.128178077658724,0.06815699773015414,0.24043103560424667,0.37949775150925175,31,15,3
2021-11-02,41.11524930667762,0.07022947326404998,0.2414850582320025,0.38973844397698776,32,15,3
2021-11-03,41.636657720941436,0.0732374050055649,0.2436631540850661,0.3779701145580732,32,16,3
2021-11-04,42.55330672325151,0.06542137125712774,0.2398582748567947,0.3827909836677665,36,13,3
2021-11-05,44.437102371006695,0.06445993475747137,0.22965315203729653,0.37041266643334286,34,13,2
2021-11-08,43.14291995794558,0.06615689624901262,0.24291025488718,0.3732290215239992,34,15,2
2021-11-09,43.13702438005137,0.06485063292256657,0.23913291069548118,0.372553347502907,31,16,2
2021-11-10,45.85492581101064,0.059291508789912496,0.21560700836050353,0.3644406453649682,33,14,1
2021-11-11,43.94513271425901,0.056278272579023875,0.2352526487198331,0.37865840241445003,32,14,2
2021-11-12,45.505705269978044,0.05609480963560723,0.2234728282297816,0.36693845934111907,34,15,1
2021-11-15,46.12873926824513,0.05632725471305202,0.22034497484146034,0.36111477158456917,33,15,2
2021-11-16,46.80825052706845,0.05576570298580614,0.21383079094663723,0.35798037379793934,35,14,2
2021-11-17,46.47023408423691,0.0572958756575874,0.21976470630012493,0.35318559477362826,35,17,2
2021-11-18,44.4498795645987,0.057439709413969475,0.2270380176984372,0.37163427307080604,32,15,2
2021-11-19,44.93701018211245,0.059237995504195076,0.2208821571595428,0.3629492991109614,32,15,2
2021-11-22,45.05552278476812,0.05905540588892798,0.22402884033907805,0.36664309098171677,31,15,2
2021-11-23,44.54484218186595,0.058951757036557,0.22593505222891522,0.3719772389537949,30,16,2
2021-11-24,45.00508178286596,0.05946135779016352,0.2229304914682206,0.36884171290371465,31,14,2
2021-11-26,46.31290482227614,0.06036101801407825,0.21441560731697784,0.35511227918901234,31,14,1
2021-11-29,43.585802542145956,0.06156395735943128,0.23455915425796175,0.38104983066737985,33,12,2
2021-11-30,45.576143576890985,0.059852901179012784,0.23094269037672283,0.3582347007703005,34,11,1
2021-12-01,41.249540876231194,0.06318019511833033,0.2576806870351718,0.39612900186435196,34,14,2
2021-12-02,41.48310349252445,0.06167613569366089,0.24800580509595604,0.40163314369561354,32,13,3
2021-12-03,40.788002316774545,0.0627384089748447,0.255364210595499,0.40404989653619433,33,13,3
2021-12-06,40.290847581887625,0.0592139806953256,0.261517714096766,0.40051998475973494,33,13,4
2021-12-07,41.45586631402382,0.05939601897939439,0.24965485635075557,0.40335565197746936,34,13,3
2021-12-08,42.98841146366953,0.058966159763301274,0.23771649155776034,0.3954637030361523,31,13,1
2021-12-09,43.527356188460615,0.05782455314723378,0.23028980287177284,0.38975343330030726,32,15,2
2021-12-10,38.012227974562265,0.08354476892126521,0.2672272553402156,0.41650974461859086,32,10,3
2021-12-13,36.41057963325883,0.09650301780928452,0.27195272873983484,0.4154034465484736,31,11,1
2021-12-14,36.36143779818241,0.09657754913021578,0.269532434376911,0.4149103349188307,35,12,1
2021-12-15,37.38563721778248,0.09614468210787358,0.2533293447589192,0.40540717153315226,32,12,1
2021-12-16,37.70843663645435,0.09695212781553247,0.24904170089864408,0.39894015104322644,32,14,1
2021-12-17,41.537225611097924,0.05931960523496223,0.24936173200914877,0.40212080596594285,34,14,3
2021-12-20,40.919464221041984,0.07482984389824124,0.24218932224117856,0.4007455508311943,33,13,1
2021-12-21,40.5078511794521,0.07515294758780139,0.24366285538128613,0.39740790561972433,34,12,2
2021-12-22,38.80960328213921,0.07643697957096358,0.2591205824785388,0.41294351208517444,32,12,3
2021-12-23,40.02286040292575,0.07665786464976543,0.24856661676531805,0.405740963235974,29,13,2
2021-12-27,39.46061433216341,0.06722379094735882,0.26016887158039986,0.4100683315523444,30,13,3
2021-12-28,41.31560370590724,0.06402807743402224,0.2425022379789614,0.39839743206069567,34,13,2
2021-12-29,37.483251109785726,0.09374841599351288,0.25297843156102334,0.4070629441875255,31,14,1
2021-12-30,40.82253876171192,0.06412470283779034,0.2510774911131726,0.3984896666265328,32,12,2
2021-12-31,40.27371943381489,0.06502277720830425,0.25189509351243566,0.40957824516179947,33,11,2
2022-01-03,40.36509741335184,0.06523952981152682,0.257305208955383,0.4027598452205794,32,11,2
2022-01-04,42.38237302624682,0.07260582742350316,0.23381588086122784,0.38604201851800984,32,13,2
2022-01-05,41.92304215833464,0.07301554846926196,0.23938707804521167,0.38188138221122875,35,13,2
2022-01-06,42.11301502644035,0.07093691186609727,0.2376030167742807,0.38656636544276335,33,13,2
2022-01-07,42.586797902558786,0.07052158716029865,0.23038801993215755,0.38619167484961925,31,13,1
2022-01-10,42.565755135551676,0.07180993921704798,0.2233444152862732,0.381840340047822,32,13,1
2022-01-11,41.46519189877028,0.0714276738571038,0.23583455757141128,0.38528134760043686,32,14,2
2022-01-12,40.71926668744578,0.07098827163391368,0.2413963654352958,0.3918016216791521,35,13,2
2022-01-13,40.73519041717052,0.07151022938499313,0.235807565164407,0.3916253180431196,32,16,2
2022-01-14,40.55927905255528,0.07204847924019042,0.24582036466244034,0.3908281507452118,33,14,2
2022-01-18,44.077617390019554,0.051590228691334665,0.22710693715528701,0.3765307036605262,32,16,2
2022-01-19,43.52844988151501,0.058762853974512176,0.2282728718315747,0.3831997556549157,30,14,2
2022-01-20,41.207825977179844,0.061106513488286766,0.24288021902045032,0.40191537494679375,31,14,3
2022-01-21,42.05277863812364,0.05967080007648741,0.23698232166169078,0.39299120527046844,31,14,2
2022-01-24,42.69469799451363,0.06088298972321792,0.23335949475499773,0.38224428380777864,33,15,2
2022-01-25,37.815992594566566,0.0800668642781865,0.2697814766560393,0.408272460942596,30,13,2
2022-01-26,42.45739868610706,0.06182226672424081,0.23994695986534992,0.37823539151595564,31,15,3
2022-01-27,42.673154453630666,0.05450941445986769,0.23415379984985574,0.37889382245688485,31,16,2
2022-01-28,43.93501113591357,0.054340486705490874,0.2226204679215668,0.3798363743196835,31,16,1
2022-01-31,39.32735775885941,0.07666389678658465,0.2464803501446861,0.39935492843705417,30,15,2
2022-02-01,38.50642615789232,0.07530888517868045,0.25662131106733377,0.4060763569638573,28,14,3
2022-02-02,42.7841230201191,0.05222172211137701,0.22409162661928989,0.38370291018429525,30,15,2
2022-02-03,41.72397242120479,0.05364766686791101,0.23195543008976033,0.38588131837901185,31,18,2
2022-02-04,41.87206604791487,0.05337766837971788,0.23435969963811104,0.39346190872852177,29,19,2
2022-02-07,42.11388787599774,0.05164552464124999,0.21991177347070978,0.39293875335479866,29,17,1
2022-02-08,41.49894252528532,0.05557764715030456,0.2348153514511597,0.3939156926770445,29,17,2
2022-02-09,41.723846287823676,0.05842249455045131,0.23293051242341653,0.3925518850067237,31,16,2
2022-02-10,41.28791915460209,0.056199071397199415,0.2330757361340778,0.39393980342484086,31,17,2
2022-02-11,40.50256347195156,0.0560236609759559,0.23151686274274694,0.3981309387313907,34,17,2
2022-02-14,42.505499831831116,0.05289166549362526,0.21166764876535313,0.3847648113102923,35,17,1
2022-02-15,43.14311146104088,0.05355553351492576,0.21168349667425623,0.3857173913261951,35,15,1
2022-02-16,42.583848637951554,0.05319021901402141,0.22707248920962034,0.39563057900518533,34,15,1
2022-02-17,42.805285290083056,0.0522764489940718,0.22643332143118874,0.3935419310492536,34,13,1
2022-02-18,42.57380994073897,0.05240583523983198,0.22801945108435415,0.39592142780937484,34,13,1
2022-02-22,41.445706174717174,0.05467542820729497,0.2362970419909115,0.4058359385220064,32,13,2
2022-02-23,42.45994113538507,0.05478811340339742,0.2316990844550534,0.3994763778237632,36,14,1
2022-02-24,43.948518437582926,0.05365299206990432,0.2141660951202891,0.38994618729202,32,13,1
2022-02-25,41.43293693126233,0.05898681458760737,0.24886165903721402,0.4046198345162694,33,13,2
2022-02-28,41.53158282393981,0.058653977451817024,0.24145264673751882,0.3991338744042852,32,15,2
2022-03-01,40.95249328195687,0.05883034844391738,0.2492210774186977,0.404422455013906,29,15,2
2022-03-02,41.83075632565435,0.05966995707242126,0.24216023443383378,0.4011319289408653,28,12,2
2022-03-03,41.34947618739409,0.05786263052490253,0.24545987345827952,0.4086749861259128,29,12,2
2022-03-04,39.886717906841845,0.07616452646385438,0.24931557186161774,0.4015184503635565,31,14,2
2022-03-07,40.88156163673219,0.060734217622819865,0.2458860587817589,0.40449745376655477,29,14,2
2022-03-08,42.94892536562295,0.05814136106423533,0.2473270572836087,0.38790523640667207,32,13,2
2022-03-09,43.880164771146255,0.05584327689829802,0.2368302726035587,0.38313740167825044,34,14,2
2022-03-10,44.784114520204945,0.051683980934203,0.23890172432044804,0.38369685696711675,35,11,1
2022-03-11,40.313840137354866,0.07866079516137753,0.26381095064894544,0.39176397817271813,33,12,2
2022-03-14,41.84375861566719,0.0802982783429129,0.23579600989931251,0.37221127917864494,32,13,2
2022-03-15,43.47358560085054,0.07248210009540038,0.22522585840433335,0.37091285898543863,31,13,2
2022-03-16,45.537968615810705,0.05303406982937224,0.229942652287459,0.37618523385674585,33,11,1
2022-03-17,45.70983579846071,0.05592052478351724,0.2305511407158624,0.37247846608923063,32,11,1
2022-03-18,38.36352386299869,0.0962947963276135,0.2591811792821444,0.3899235554799369,32,14,1
2022-03-21,40.49309885155422,0.08300812707814346,0.2546561576596804,0.381326467680028,30,13,2
2022-03-22,41.31581598804291,0.07887478071488037,0.2543118642756708,0.38198553643597893,32,11,2
2022-03-23,41.987327785744526,0.08354136309378316,0.24114831298077533,0.37943343971616317,32,12,1
2022-03-24,44.49091882280204,0.05553217146222313,0.23807356308655142,0.3801652736365279,30,12,2
2022-03-25,39.730471750756905,0.08398227397371465,0.26195860439511914,0.3887641049193209,30,11,2
2022-03-28,37.84359050801511,0.09709567743819097,0.2623739853932362,0.39488515764216353,30,12,2
2022-03-29,40.46625023167465,0.08436078338190434,0.25750599248421097,0.3900239200366512,31,11,2
2022-03-30,40.32542503821698,0.08427645067175162,0.26493262846355026,0.3830303258885514,30,10,2
2022-03-31,39.13684358701897,0.08493985517781989,0.2679055736585674,0.3913558753734772,33,9,2
2022-04-01,42.19166911105703,0.062283523005087334,0.2566460426851693,0.38269609459065107,30,10,3
2022-04-04,37.86216203604392,0.08917989060429261,0.26900569729644236,0.4067073013407411,30,11,2
2022-04-05,37.781698511301215,0.09017790180022185,0.2657227549141681,0.39987786700661426,29,14,2
2022-04-06,37.41925493577154,0.09126236598286205,0.27010025632918655,0.40410819335489323,31,12,2
2022-04-07,43.99048405494219,0.05618760903519803,0.23849524513942355,0.38744915391118195,34,11,1
2022-04-08,42.83687218925917,0.057233959222327845,0.24736484880406567,0.38993371612045996,33,13,2
2022-04-11,42.66296523668792,0.05627348233894749,0.2483849132315385,0.3960560848395883,34,12,3
2022-04-12,42.977600881487824,0.05853442740998321,0.24505954676739686,0.3928941514241831,33,12,2
2022-04-13,42.095900674893855,0.059986628483761927,0.2504168139671137,0.39766833424166853,31,13,2
2022-04-14,43.933570663953375,0.053849006654498606,0.237885214233179,0.3800943466019179,32,15,3
2022-04-18,43.70579262106777,0.055605036480623836,0.24171093133877816,0.3784403905299512,31,14,3
2022-04-19,39.82893130816008,0.07078364384574232,0.26661181454766747,0.3886705646381624,34,14,4
2022-04-20,39.66761351562031,0.07837469963735916,0.25564788114509174,0.3912295563144023,30,16,3
2022-04-21,39.2358757640862,0.07097687106341513,0.2647412670020301,0.3937970319157409,32,13,3
2022-04-22,43.733113509221276,0.05758988499146035,0.24476173970144502,0.37662080203257475,36,14,3
2022-04-25,43.70098964064479,0.05824676839588994,0.24572196810748084,0.373844931705701,32,15,2
2022-04-26,39.63463716006475,0.07237810706182789,0.26883704176293605,0.39922411445152167,33,12,3
2022-04-27,41.5579803276779,0.07313047368596519,0.25115680915897076,0.38200310260901865,29,14,3
2022-04-28,39.22007092960107,0.08783676017631348,0.2559001456550105,0.38781454589832387,31,14,2
2022-04-29,39.34438906063045,0.08652191783997411,0.25404215373434863,0.3943905450344958,31,14,2
2022-05-02,41.21564804532521,0.07428463500707187,0.2489276791221156,0.38439814387630183,32,14,2
2022-05-03,35.078942984146494,0.11162717144788854,0.26380701300863973,0.39122579310327205,28,14,1
2022-05-04,33.16798679486974,0.11709659503934639,0.27432642456986955,0.40311252524332075,30,15,1
2022-05-05,33.32850943392378,0.11972470235680263,0.26481349503780305,0.3941946830782343,28,14,1
2022-05-06,41.99992751058438,0.07722413735204561,0.2400119359768343,0.3826882971123113,30,14,2
2022-05-09,45.118161779108725,0.05350947309941291,0.22278601495627018,0.37966610729878986,26,14,1
2022-05-10,44.490276011481164,0.051011166171233274,0.2382888707454657,0.3883897941217149,31,14,2
2022-05-11,46.240939587658765,0.05345945146350474,0.22616279075745488,0.3727127420807071,28,14,1
2022-05-12,44.97592661392313,0.05396817660460015,0.2302655638551787,0.3730889278076039,29,16,2
2022-05-13,47.411774516318474,0.04891580769133435,0.2162535684246747,0.3621144491607538,29,16,0
2022-05-16,49.65553279286666,0.05215542364505568,0.20286707888599495,0.3416801912206172,30,16,1
2022-05-17,44.066537134988806,0.0560333676055141,0.23954682012137443,0.38001429278958665,28,14,2
2022-05-18,45.665436744734386,0.05454670854340961,0.23340207609003039,0.3761815168399751,31,14,2
2022-05-19,46.58843027427923,0.05687849541256109,0.22217569583182495,0.3648650048204313,31,14,1
2022-05-20,46.780428890787654,0.05557484243174599,0.22419181357265208,0.36615009292895806,31,15,1
2022-05-23,46.367867646931444,0.05984410988776075,0.2265511734206828,0.3650288368572786,32,12,1
2022-05-24,45.99982908844499,0.059047817785637294,0.22140033857947292,0.36979454432945164,32,12,1
2022-05-25,46.57219049358894,0.049323664453062105,0.21758083454598962,0.3679289781398782,32,13,0
2022-05-26,46.746234818706036,0.046746591616796826,0.2043079999731472,0.3609906193634201,31,16,0
2022-05-27,46.35219317828363,0.04885777944145677,0.21212902750564389,0.3674456276697859,30,15,0
2022-05-31,47.536112814096015,0.049288503489966905,0.20768281088473858,0.3577589863777876,32,16,0
2022-06-01,47.18448903031572,0.04787328079460053,0.20331489147888515,0.3488062223994236,31,18,0
2022-06-02,47.63082325562814,0.051407705494922594,0.20466393564832006,0.35219386706710515,33,16,1
2022-06-03,47.725469465531894,0.04855495129327499,0.2078633580518211,0.3521126350877585,31,15,0
2022-06-06,48.871921933411095,0.05083197969740297,0.2023327462094624,0.34041464577487374,31,16,1
2022-06-07,46.67324188481167,0.060506283232467914,0.21453209352943786,0.35215244130788725,34,15,1
2022-06-08,44.33588573447318,0.06374792122563296,0.22646689289944819,0.3640486509515517,32,15,2
2022-06-09,45.327337981375095,0.06505169136633537,0.2250446761621056,0.3569122314130552,33,16,1
2022-06-10,43.03405114804545,0.06172266853771748,0.2365069178393554,0.3743100869587712,33,15,2
2022-06-13,46.03141650019417,0.05217654662933835,0.21898564108383323,0.36110052384312197,32,15,1
2022-06-14,46.22198394684887,0.05582957252388349,0.2053754401177586,0.3546760291647574,29,17,1
2022-06-15,44.72189348538041,0.05817842603970587,0.21948916659643397,0.35895562654519014,31,18,2
2022-06-16,46.00269201941119,0.05175874839878877,0.2074017335521822,0.35451424197240183,30,19,2
2022-06-17,45.931615552609735,0.05370660816761523,0.20731922303827258,0.3520713120075079,32,18,1
2022-06-21,47.3861456708876,0.048793101421999524,0.19518648599279845,0.3466211933893564,31,18,0
2022-06-22,44.3649320835727,0.062140373791983186,0.22344973909691332,0.3611597354264599,31,17,2
2022-06-23,38.999901276964344,0.0948492905348622,0.2406921445130641,0.37063357400229857,29,18,1
2022-06-24,42.7382636781208,0.06297626688503911,0.23609390615005113,0.3732052954030654,32,17,2
2022-06-27,41.3391386661075,0.06008993479634036,0.24827845730654302,0.39781185659100543,32,14,2
2022-06-28,43.45412537299719,0.05827624536889101,0.2327090079771652,0.3787237877410837,31,16,1
2022-06-29,43.93796719538399,0.0626012594835611,0.2201214935495108,0.35545611583238124,30,18,2
2022-06-30,43.12096533673545,0.06678223428386486,0.23585123907707833,0.36839979791039285,32,16,2
2022-07-01,44.279397063164986,0.06600094918397795,0.22120713059309485,0.3570530658854065,30,18,1
2022-07-05,45.71695729627749,0.05308784081963089,0.21035115812046873,0.3480437053226781,31,18,1
2022-07-06,43.73490400825202,0.059431586555857396,0.22994313067446628,0.36814305190673235,30,16,2
2022-07-07,38.982287989478735,0.08601193145376829,0.25578071415738723,0.39019629025522595,30,15,2
2022-07-08,34.75845074225511,0.10304504182150812,0.27187247006120424,0.40667788708046354,31,14,3
2022-07-11,41.77848035429112,0.06475011190507443,0.23712239397057117,0.39477470460420844,33,13,1
2022-07-12,36.33496370081813,0.08656543065150228,0.2733627386033908,0.40504131914198516,31,16,3
2022-07-13,35.84052988377339,0.0980992366641381,0.27527438068153554,0.400289761776709,33,13,2
2022-07-14,35.31835273230181,0.09654560663354504,0.27734312540099776,0.40689135687856787,31,14,2
2022-07-15,34.5941763479833,0.09694940618524427,0.28995816612919834,0.4158045820849394,29,14,3
2022-07-18,36.29286712955176,0.09802287431875628,0.2741985693382312,0.3963932930564951,33,13,3
2022-07-19,36.63107691607947,0.09516906590184093,0.27528657463243417,0.3971696409520621,31,11,2
2022-07-20,38.03976389540078,0.09253700823276752,0.26003399952261036,0.38736090252944594,32,14,2
2022-07-21,38.239790243200105,0.08852884844541294,0.2513569667766625,0.38509015777320077,33,16,2
2022-07-22,38.27234345764864,0.08957048933488945,0.2551568608022199,0.38453736564410496,35,15,2
2022-07-25,41.920970596093724,0.07894067197934343,0.24004265284725831,0.3627647160081768,35,16,1
2022-07-26,38.15465393757614,0.0927415543544703,0.25609914145214097,0.3811991523840639,34,16,2
2022-07-27,37.59638674084036,0.09859867247908206,0.2541602901622281,0.3840109721938561,32,16,1
2022-07-28,39.593945776430964,0.09490393473801323,0.24317078955704324,0.3741714852115148,32,13,1
2022-07-29,36.66838226976893,0.09780541669802353,0.25932519000882853,0.39410529185314447,32,15,1
2022-08-01,44.39923237035766,0.05650059579583144,0.22193371600459236,0.36912347411953034,34,16,1
2022-08-02,45.632490030747256,0.051411469224753,0.21588468978150804,0.36138009929127973,31,18,1
2022-08-03,44.88526620120644,0.052831132620989665,0.21565256201382177,0.36662129940821536,32,17,1
2022-08-04,46.029214717368674,0.052858126246922085,0.2164330886269154,0.3595278934289528,32,16,1
2022-08-05,40.86571409153169,0.07578014695723345,0.24320684341276153,0.3726383930683187,31,19,2
2022-08-08,38.924813078852836,0.0907114248033363,0.24679150859395366,0.37894097151758344,30,16,1
2022-08-09,43.69183332857321,0.07329489725869597,0.21969754134505617,0.3571520889261187,31,16,1
2022-08-10,41.08365167474282,0.06798212445749267,0.25046664215209585,0.3774307149875643,33,17,2
2022-08-11,39.67118362618173,0.06832995468406595,0.2591032407754973,0.38066921921203106,32,15,3
2022-08-12,39.96718252908888,0.07429759743508091,0.25922516934237244,0.38485707627716553,31,16,2
2022-08-15,40.39211008928335,0.07095589331711637,0.25732795796700614,0.38732235267798304,30,16,2
2022-08-16,38.16471139950856,0.09465659125545553,0.26618894253133785,0.3895567578965588,30,15,1
2022-08-17,41.053587698558864,0.06865337175463018,0.25982444535824567,0.383887602460403,30,14,3
2022-08-18,38.06518522499531,0.0931882268550129,0.26665758121601246,0.3899060163047793,29,13,2
2022-08-19,44.275716962621786,0.06441580687391259,0.23649088940347865,0.3717667511358464,31,15,1
2022-08-22,45.25072323036803,0.05295062624044289,0.23034083501749644,0.3722876324016256,34,13,1
2022-08-23,44.460656358122215,0.05720948242586233,0.22558175082410198,0.3742497870713441,30,16,1
2022-08-24,41.363463514618324,0.08179639661058948,0.23854380676238313,0.3717339055659133,34,14,2
2022-08-25,38.70782452699444,0.09409610486977495,0.253218879821115,0.38269530874777663,32,14,1
2022-08-26,42.092184898113224,0.07086256297455071,0.23894395759828024,0.37900355510338146,31,14,2
2022-08-29,39.78168597733659,0.08641329775121938,0.2512242276380981,0.38071479927817725,31,15,1
2022-08-30,39.519584445376665,0.08572100838942652,0.2548411852346811,0.38393262670504663,32,15,2
2022-08-31,41.274908172193186,0.07462397188116307,0.24349317374666168,0.3790565001798421,31,16,3
2022-09-01,39.92583882450915,0.08582671663529211,0.24805599751191912,0.37851902462330905,29,15,2
2022-09-02,41.217842425297476,0.08413569200321946,0.24147286879630225,0.36777841749667056,33,15,2
2022-09-06,40.00801408325236,0.08498677405591946,0.24478568450808927,0.37714238394643873,32,16,2
2022-09-07,42.73514387434851,0.07411861743250367,0.23026696783687542,0.36427862073563816,33,15,2
2022-09-08,41.83679843904901,0.07452388995986019,0.2415982563746012,0.37613988674868665,33,14,2
2022-09-09,41.97543865307458,0.07470964159251338,0.2441232586099978,0.38140549749616226,32,11,2
2022-09-12,39.61476828041406,0.0866486133148807,0.25619892928338756,0.3886747201208656,34,11,2
2022-09-13,41.06218811061007,0.0852752985465928,0.24314655274492114,0.3839746607331965,33,11,1
2022-09-14,40.872559947540985,0.07518426442106348,0.2455255475350161,0.3833096261686508,34,15,3
2022-09-15,41.30757288196473,0.07396205852981383,0.24403735637584817,0.37984603750544094,32,12,2
2022-09-16,40.736864585052004,0.07508531791928923,0.24659861377842968,0.3829970115386195,31,14,2
2022-09-19,41.73243398242592,0.07521901103459136,0.2452756548742949,0.37243744640762033,31,16,3
2022-09-20,40.563014442788486,0.07475276300243003,0.24860438873845175,0.3837235271100448,32,14,3
2022-09-21,43.97007214025781,0.056201248936049025,0.230350004640375,0.3710577561676584,31,14,2
2022-09-22,39.920049639269685,0.07450096907907944,0.25167519424896306,0.38154629790573824,32,15,3
2022-09-23,44.20702404774538,0.05442113508871613,0.22908978136823008,0.36594398853011245,32,17,2
2022-09-26,42.53153614836735,0.0649986840833098,0.2322428913646747,0.3749546472240228,32,16,2
2022-09-27,40.156350320895285,0.0759815927460786,0.2497999016186487,0.3854860439747811,30,14,3
2022-09-28,38.9597163315294,0.07660635789316479,0.2513407443694684,0.38846259874674716,32,13,2
2022-09-29,40.19872909583054,0.07611350315237027,0.2492236001788482,0.3860379644679191,30,14,3
2022-09-30,39.87142677640281,0.07593036583614966,0.2501231539520717,0.3951054333696188,30,13,3
2022-10-03,40.7941111342106,0.07460008970937836,0.24211103429657715,0.3845810576997674,29,16,3
2022-10-04,42.165723010075936,0.068591147319327,0.2378352458157437,0.38451950826342807,30,14,1
2022-10-05,42.55789731182978,0.06565326713144079,0.23529035138182203,0.380802174444567,33,18,2
2022-10-06,42.07747965361905,0.06565383490807522,0.24027198816100886,0.38578301507465934,31,15,1
2022-10-07,41.21735493886216,0.06809095762963138,0.2427134600925387,0.390907963245855,31,16,1
2022-10-10,40.11142917963827,0.06665609224970276,0.2468785789727742,0.3988441955705856,29,17,1
2022-10-11,40.77904200507009,0.05675280940922037,0.24742365284262194,0.39744539992598454,29,17,3
2022-10-12,40.9580974944395,0.05707032489104906,0.24543538670766082,0.3985909695149231,30,15,3
2022-10-13,41.62422288643018,0.05709542027187238,0.24622586819527115,0.391235006127004,32,15,2
2022-10-14,40.47907268986107,0.06068855577154053,0.24810380937142507,0.4008901983005099,30,15,3
2022-10-17,42.988765309200176,0.056223448434062816,0.2347487190347871,0.38149785269600933,31,14,2
2022-10-18,43.934453390670036,0.051980698046780106,0.22640009728044666,0.3700816359044861,28,17,1
2022-10-19,42.54661377349972,0.05204085158632966,0.23436203771776976,0.38175892028106684,29,18,2
2022-10-20,42.02115411949723,0.052539949194621696,0.2359117399978795,0.387167211810985,30,17,3
2022-10-21,41.871733829496925,0.05731468375231028,0.24470410763909817,0.3870483296372822,29,16,3
2022-10-24,42.03920794514721,0.05367813716474783,0.2358177875592435,0.3954144512022337,32,14,1
2022-10-25,40.9066275553639,0.058393366206158696,0.25019262067326103,0.40136950084241535,31,13,3
2022-10-26,43.240938150266395,0.050120231054508906,0.2265847574074214,0.3841854053593761,29,16,1
2022-10-27,40.340966339141,0.06484697661904168,0.2518190690756737,0.39758966891344005,29,16,2
2022-10-28,40.65633968487162,0.06553492219976498,0.24903972899020768,0.3987119004284927,30,13,3
2022-10-31,41.03906594272113,0.06505817041675131,0.24917470644280218,0.3975704594594182,32,15,3
2022-11-01,42.44492677143162,0.05366001500330186,0.24014482202489032,0.39310450103270234,30,15,3
2022-11-02,40.27526745800307,0.06514127030284494,0.2591810383361479,0.4017786016996195,30,15,4
2022-11-03,40.42215987708751,0.06804435452437617,0.2505185315800076,0.4004021364324861,31,14,3
2022-11-04,42.66386665702752,0.06289273667978475,0.23507840852391237,0.3870976645587682,30,16,1
2022-11-07,41.78318406005974,0.06796134309188401,0.23878793227658052,0.3979173636274778,27,14,1
2022-11-08,41.06147523414137,0.05545407635972769,0.25715604726606567,0.40702065286050515,30,13,3
2022-11-09,42.40522241153303,0.05670962224596792,0.24591652334219072,0.40137928090579567,31,13,2
2022-11-10,41.88483418564065,0.056203033928378325,0.24518895545885114,0.4059104011850338,32,12,2
2022-11-11,44.272628310160556,0.05594150980870173,0.22983458869905785,0.38180723837955916,30,17,2
2022-11-14,43.28210183541731,0.055593383750805726,0.2307833416230367,0.39573923810919637,29,14,2
2022-11-15,43.79002929039519,0.05411109221721685,0.22945696919020353,0.39002056603774826,31,14,1
2022-11-16,42.71562681072717,0.05798465078464103,0.23601066985228575,0.395594342875344,31,14,2
2022-11-17,42.083312080013584,0.053430070294489956,0.2385936754767199,0.39922899895881014,29,13,2
2022-11-18,43.736721515420896,0.05244398285640607,0.22765971618301659,0.38855223113202497,32,14,2
2022-11-21,44.34582199110802,0.05457020597895834,0.22247215229890377,0.3837338788300787,31,15,1
2022-11-22,44.09369790132215,0.05219968589802424,0.2240669227054059,0.3833154315820722,33,15,1
2022-11-23,43.90853759374167,0.05391825898070025,0.22208532088319566,0.38397964019307934,31,16,1
2022-11-25,43.05024785693573,0.053249867148212296,0.2285588540374927,0.3937275066410216,30,15,1
2022-11-28,43.01310022814338,0.052600711375783926,0.22910484982883775,0.39350908357798964,32,15,1
2022-11-29,40.661063249640236,0.06679808451090725,0.24048445865237494,0.40623993773994177,28,14,2
2022-11-30,41.36852504299801,0.06628756402570703,0.23843837382393518,0.39752605823055054,29,14,2
2022-12-01,39.45259081656297,0.08102983616098368,0.24087771129443436,0.4054982474873238,30,15,1
2022-12-02,41.20248553642305,0.05116019394714382,0.24126527681039522,0.4081745536998484,27,15,2
2022-12-05,39.47168304027223,0.07188267958028913,0.23966409854090823,0.41460647704713066,27,14,1
2022-12-06,42.26479028652232,0.07071630399035443,0.2277660802793606,0.3832109361557332,30,18,1
2022-12-07,41.627345894076804,0.07053531322639121,0.23408689628110765,0.38995819073497157,30,16,1
2022-12-08,44.46350045435345,0.04782014053784682,0.20757263573269139,0.385700022078122,31,16,0
2022-12-09,41.14064569252939,0.06777200281913198,0.23844912926876866,0.40470903756716986,28,15,1
2022-12-12,44.41177978351796,0.04559396233593209,0.2050267118568294,0.3861131862873884,32,16,0
2022-12-13,41.218191981825655,0.06921911606503359,0.23088883926133716,0.4089188706994741,29,15,1
2022-12-14,41.32405655602219,0.06511721184711673,0.23461785658641154,0.4025761000162018,29,16,1
2022-12-15,41.63221480235982,0.06736375680258679,0.23009246251338614,0.3989266580414631,29,16,1
2022-12-16,46.55609356768203,0.0436087140146697,0.1951812490228927,0.3622722316542431,27,14,0
2022-12-19,45.2206250004004,0.04334160595946966,0.20380350539436826,0.3741762425871021,25,14,0
2022-12-20,45.12514822212447,0.04697323538134984,0.2098350168915462,0.3778944903106895,28,15,0
2022-12-21,45.251984183300905,0.04377451308144638,0.20437402749534925,0.3775610129026849,27,13,0
2022-12-22,45.0066963188385,0.04443193708557642,0.2058857298205227,0.37412972952060547,25,15,0
2022-12-23,2.5468116543013184,0.4628277839635787,1.0000000000000002,1.0000000000000002,4,4,3
2022-12-27,1.0811488945566625,0.9609457564260447,1.0,1.0,2,2,1
2022-12-28,1.9998361748457705,0.5045254637147678,1.0,1.0,2,2,2
2022-12-29,1.4060420135220606,0.8249740767089032,1.0,1.0,2,2,2
2023-01-04,40.1181609733836,0.06578132520954148,0.2381799855983522,0.3735174883008896,37,19,2
2023-01-05,39.44379077906986,0.06810654811920619,0.23938588341338654,0.3754124471504547,36,20,2
2023-01-06,41.47508295880469,0.06102856104104622,0.22377591045578532,0.3719164200140678,36,20,1
2023-01-09,42.94620514972452,0.05476843298904112,0.21589748118780044,0.35748255854604366,36,21,1
2023-01-10,43.32923479467121,0.044229810692784546,0.20891072708823605,0.356706289879394,35,20,0
2023-01-11,42.79893836172375,0.045519204477320656,0.2189022375944645,0.36516141877002334,35,18,0
2023-01-12,43.09701782123345,0.046004187240353316,0.2078702414061272,0.3647482109627639,35,21,0
2023-01-13,42.38253021634892,0.04653620954449068,0.20767533212812916,0.3667389431661358,34,21,0
2023-01-17,42.63227433568937,0.04649742381208709,0.20652037008008828,0.36688789539837013,32,22,0
2023-01-18,43.21051876650072,0.046198528282688944,0.19551896844831473,0.35291137346907414,34,21,0
2023-01-19,43.04989873722299,0.05155511266322271,0.2013307393973909,0.3562764078930093,34,20,1
2023-01-20,41.60659101848177,0.05873148464010168,0.2139366096969641,0.3669934153534219,33,20,1
2023-01-23,41.67799605827494,0.05814396613656332,0.21518944115073532,0.364536387704928,32,20,1
2023-01-24,41.29948600873042,0.058851364714639184,0.21818004254839685,0.3766891040649922,34,18,1
2023-01-25,43.06905153342023,0.05194566329042592,0.21274396392005535,0.3667758186364499,36,19,1
2023-01-26,42.435139907059316,0.06105421727760928,0.22304696137248403,0.3681729850465007,34,19,1
2023-01-27,43.391988514057424,0.05260698040860222,0.21656707335468903,0.36759638852260373,35,17,1
2023-01-30,44.86979569884146,0.05040279523953107,0.20537101608535616,0.3516712877735545,35,18,1
2023-01-31,44.27014382247961,0.05175292966226864,0.21024387958841756,0.3469234207639188,36,20,1
2023-02-01,45.09717923033161,0.04967576259340911,0.20202968201464144,0.34893781132987217,35,18,0
2023-02-02,43.638153108690645,0.051439053634163345,0.21503151594668893,0.3732942334469291,36,15,1
2023-02-03,43.8366492641998,0.05008725568990483,0.2151505647177349,0.35472847816759384,34,17,1
2023-02-06,43.487401039306214,0.05180614987989699,0.22193197648592222,0.3626454109401425,35,16,2
2023-02-07,43.406017069846285,0.0520484323098453,0.218059603577032,0.36486241236141015,33,18,1
2023-02-08,43.93807276451406,0.05047815228179811,0.21653935230863608,0.36175633997047263,33,19,1
2023-02-09,45.049064831697066,0.05039948194105724,0.21195875855420318,0.3593385407466664,37,13,1
2023-02-10,45.81616186394485,0.0483468909939373,0.19875633424073738,0.3408929774447705,37,19,0
2023-02-13,46.085775702871,0.04410731140679721,0.19891716151093333,0.3457394345202327,37,18,0
2023-02-14,44.71927322574098,0.0474718426169625,0.20022050076275316,0.3580178294414893,35,18,0
2023-02-15,43.51811753036837,0.049422452231586284,0.21366940923650884,0.36401702398985486,35,18,0
2023-02-16,43.4576314886141,0.052247623314924094,0.21665481850060797,0.36180951249886995,36,17,1
2023-02-17,43.36329932248383,0.055466074196174366,0.21448875528903785,0.3618428749578722,36,17,1
2023-02-21,44.314379261490906,0.05585345567453568,0.2059178696465999,0.35627611297167733,34,18,1
2023-02-22,45.24775636893745,0.05181168213571915,0.20384881305686622,0.35564410904838734,35,15,1
2023-02-23,44.57068770276412,0.05412317127704877,0.21060193389623993,0.35720943252645765,36,15,1
2023-02-24,45.09515498238933,0.050455637055355856,0.19892750900912148,0.34947081595997254,36,16,1
2023-02-27,43.17204906582048,0.05431748440803737,0.21661099642458304,0.36143435013130715,35,18,2
2023-02-28,42.66621845974545,0.054715756150595665,0.21348542448975316,0.36933603143835075,33,18,1
2023-03-01,45.64198320426892,0.05401081973774744,0.19480685832106737,0.3430959875507544,36,17,1
2023-03-02,47.63767732206069,0.04098332908083122,0.18894284879894474,0.330257848839822,37,20,0
2023-03-03,47.56019029446427,0.04512681608183319,0.19125143165033628,0.3359488404964415,34,18,0
2023-03-06,44.6540666534139,0.052811339004268154,0.20126035371627127,0.35106361986633067,34,19,1
2023-03-07,45.683764847361054,0.04555724136607733,0.19973825004924742,0.3494041010271524,35,17,0
2023-03-08,45.89360224116277,0.04343520655153564,0.20040648593849397,0.3475959773770525,34,19,0
2023-03-09,46.31600463384687,0.04668581220304389,0.202829802181133,0.34747826305108875,36,16,0
2023-03-10,45.99241986530381,0.04729373976311302,0.20585368791673714,0.34892140859803905,37,18,0
2023-03-13,44.8976856719063,0.0489997766691058,0.20706280822037712,0.35415862305498974,36,18,0
2023-03-14,45.137506035370635,0.049089762000016635,0.20441794442992828,0.3539522610052391,38,16,0
2023-03-15,44.56019788567657,0.054267311116582805,0.2101366485981444,0.35309833034951976,36,17,1
2023-03-16,44.97862727543067,0.049801665330609146,0.20094002870438207,0.35179302043669325,36,18,0
2023-03-17,44.40521623125647,0.06023960216624544,0.20407182672578617,0.3506420523256423,35,18,1
2023-03-20,43.57630923464774,0.05558285589939788,0.21048774538641976,0.3580986231813195,37,16,1
2023-03-21,43.340706664726476,0.058948133487278426,0.21411821229191622,0.36110194497667647,39,16,1
2023-03-22,44.15344126309637,0.057369166937384516,0.20661089626621387,0.35397734338751347,36,17,1
2023-03-23,43.82590026358789,0.05186963082794417,0.21825955603357752,0.36771924493180386,39,17,2
2023-03-24,42.81944910749197,0.052873366165573275,0.22323077965316943,0.3697293170404173,36,16,2
2023-03-27,43.081625344433796,0.05711724121824304,0.2297319117027018,0.3759636669231043,38,14,2
2023-03-28,43.13037510469907,0.05323168439537019,0.22494832812889756,0.37358311095262503,37,16,2
2023-03-29,44.66994267667556,0.05335414027407075,0.2135424842945663,0.35686161083120777,37,16,1
2023-03-30,41.999035985760436,0.060101963685116604,0.23774822576816787,0.3801779047084122,36,14,1
2023-03-31,43.737091505880514,0.05335104707785546,0.22410736900171793,0.3613389257277556,36,16,2
2023-04-03,43.689033895227524,0.05502933041348042,0.21794355140477326,0.3687170282802229,34,14,2
2023-04-04,42.651334371802996,0.05930749972795787,0.22115926453797435,0.3635690189536578,36,16,2
2023-04-05,43.62677055560594,0.05350265069135583,0.21631986253410418,0.3630211784963459,36,19,1
2023-04-06,44.89854413586611,0.059066098186549176,0.21183381170277382,0.35076696203430807,35,17,1
2023-04-10,43.57414765392113,0.05916832650276395,0.22070603032085062,0.36493049595894667,37,16,2
2023-04-11,46.258948175012556,0.04906656062564991,0.19584143950391814,0.3479139178943152,40,16,0
2023-04-12,45.69185569600628,0.04712244225257945,0.20073965448242514,0.35592513367073625,35,15,0
2023-04-13,43.482313700507866,0.055248439737726404,0.21759754542310414,0.3721479820941261,37,14,2
2023-04-14,45.24795708486709,0.04963619627829506,0.20947439129170697,0.35820305272831043,36,16,0
2023-04-17,44.01262546798176,0.05106958008362738,0.21337723687675983,0.364227783396739,35,15,1
2023-04-18,42.88201217324767,0.054222196079553725,0.2175641684904276,0.3669162602212765,37,18,1
2023-04-19,44.017491000574054,0.05684522848036732,0.20939156594544697,0.35975149919974736,39,18,1
2023-04-20,43.23362852725685,0.056449690191433304,0.2141582597201251,0.3639901063454108,37,17,1
2023-04-21,43.778043246363175,0.057339667313627905,0.21434240099233334,0.36137191417520076,35,18,1
2023-04-24,43.38599320467665,0.0569100890752646,0.21241520614033543,0.3616438272158343,36,17,1
2023-04-25,43.624652403817386,0.05799999453109442,0.20868884870317128,0.36191960567081893,35,18,1
2023-04-26,42.86885937551349,0.059099619231185695,0.22509427360662282,0.3705775329887978,35,16,1
2023-04-27,43.60604108055888,0.05767375234757365,0.21230343587855288,0.3676571987515935,34,17,1
2023-04-28,43.07718828305846,0.060016441234622735,0.2130630282633701,0.363506679205169,36,18,1
2023-05-01,44.196416209165925,0.0570028829921487,0.21186287993892344,0.3530802588020723,37,17,1
2023-05-02,44.08277465865265,0.05306471079331934,0.22329351774477915,0.3630587997893019,37,16,1
2023-05-03,43.49071089874706,0.06777207037152715,0.21823933784467486,0.3568932049819482,40,16,1
2023-05-04,45.661622244474664,0.05959676452427102,0.20832690322064523,0.3412125022790498,39,16,1
2023-05-05,44.80469785922633,0.05710000687606053,0.20932421499218845,0.34335010084893053,38,16,1
2023-05-08,46.410068198404176,0.04973465737650624,0.20666695983171013,0.34056475933996583,37,15,0
2023-05-09,47.20641624144068,0.058573989287897386,0.19318433946285116,0.32796549938768094,38,17,1
2023-05-10,47.87007508171105,0.05150020698483132,0.18457420208551129,0.3282607238953466,35,16,1
2023-05-11,46.64753052176254,0.05263712575856125,0.18499237391898346,0.3300513574000161,35,19,1
2023-05-12,48.558637854119304,0.04136731415037969,0.17637202424726184,0.3176527328605403,36,18,0
2023-05-15,48.09816126130002,0.04046968815152531,0.17651894394551373,0.3248042535710219,35,16,0
2023-05-16,48.14232333812155,0.04620652979137541,0.18106258689418803,0.3288799280588236,36,18,0
2023-05-17,47.51094520853955,0.04715162223833128,0.18599949505715854,0.3393936997534932,34,16,0
2023-05-18,47.8338217477813,0.048228513747404354,0.1848178460305118,0.32961340861357663,35,19,0
2023-05-19,46.483269047497025,0.045454993265308434,0.1961257352012863,0.34239035899573456,35,17,0
2023-05-22,46.98286116190797,0.047469894100037185,0.18884208808116082,0.33076989847487,34,19,0
2023-05-23,46.559416255533534,0.04630549963610315,0.18726201804486434,0.33619043121341785,34,18,0
2023-05-24,46.10792971667202,0.041453690339849046,0.19347073726802294,0.34934177239906644,35,19,0
2023-05-25,44.698955400979834,0.04755694892800088,0.2078960446696894,0.3589840404556658,37,17,0
2023-05-26,44.73209769175837,0.04515317144768382,0.19345206187881864,0.34910022641931876,34,17,0
2023-05-30,42.75057692364468,0.0588888767366281,0.2083667903819169,0.36686930213418223,38,16,1
2023-05-31,43.56095050704605,0.04943040804441281,0.20402774034644136,0.3618063522943462,35,18,0
2023-06-01,43.860646698063576,0.04980607476478844,0.21084839204391123,0.36240825113043273,37,18,0
2023-06-02,43.5655855426025,0.048875122173482236,0.21044585717995865,0.35273972815988575,34,21,0
2023-06-05,45.39489213290778,0.048114535638130757,0.19826033902695558,0.35071578172987816,37,19,0
2023-06-06,43.77353850864563,0.0585064352039105,0.21787209293066784,0.3640881178881319,37,16,1
2023-06-07,46.66453082400116,0.05845238171170617,0.19651378328406582,0.33931017501445315,36,17,1
2023-06-08,47.45996058898019,0.04851403486803724,0.184750984404775,0.33008547645459096,38,21,0
2023-06-09,46.5807381583524,0.050412686785567117,0.19115252003254335,0.3363658252500454,35,19,1
2023-06-12,46.667016143703286,0.049441198092920476,0.19542178424306983,0.33553179448694725,34,18,0
2023-06-13,45.78738730950005,0.05102521675675237,0.20813898700307829,0.3447147258916776,36,16,1
2023-06-14,43.97019012209191,0.06860159573263037,0.22057407984821542,0.35834741001469117,34,15,1
2023-06-15,45.627435800400804,0.055897803520082986,0.2091662802958662,0.35664940670574535,33,17,1
2023-06-16,43.48043348847781,0.05611569561803808,0.22075052573892698,0.36558771892521974,32,17,2
2023-06-20,44.0689819952031,0.059605921906151334,0.22250860654092422,0.3618621720007805,34,17,1
2023-06-21,42.27821431828772,0.06452182914151092,0.23117694174830994,0.36934259115906243,33,16,1
2023-06-22,43.017220621494666,0.05125621829662422,0.22439214719652098,0.37137739543299325,33,18,1
2023-06-23,42.87273179200435,0.046703756889809746,0.21135604625962634,0.3817461804673913,34,18,0
2023-06-26,41.74648634099015,0.05879150860486917,0.22792847841060604,0.37613234324230754,34,19,1
2023-06-27,43.733579112559454,0.04721782502873687,0.21175323412127095,0.362751994294148,32,19,0
2023-06-28,42.21847480830951,0.05860640475974014,0.2273627429072358,0.3589509105732831,33,20,1
2023-06-29,42.24691095440735,0.051296318463729215,0.22833115367026527,0.3618470127571925,34,21,2
2023-06-30,42.34574455184599,0.05364821605210673,0.22500792399714867,0.36693486119713153,34,19,1
2023-07-03,41.59342081343257,0.05734912538664717,0.23079721109744106,0.37849380242735126,33,17,1
2023-07-05,40.41292128610748,0.05448753773264637,0.24004656894861637,0.3931810623375644,31,19,2
2023-07-06,41.26177698702741,0.05308765393145241,0.2315753819321375,0.3830740801611459,31,19,2
2023-07-07,40.616801009607336,0.05670855109389756,0.2359064431197645,0.386510580354513,33,20,1
2023-07-10,41.51795482967627,0.05113251413786397,0.23314090587852318,0.3849921703692386,34,17,1
2023-07-11,41.38403083554104,0.052563979364997626,0.23341389284742337,0.3910922267961587,34,14,1
2023-07-12,42.58838638602009,0.04976514500129531,0.22366958934755427,0.38279653005195274,33,15,0
2023-07-13,42.11134292757053,0.05345885893974842,0.227355696202478,0.3901947294752522,33,15,1
2023-07-14,41.782237825239434,0.05172391522132345,0.22678558948754315,0.3893936099665467,34,17,1
2023-07-17,42.36055802432908,0.04778191677673306,0.22488458706981515,0.38330498099552646,31,18,0
2023-07-18,42.79014936806086,0.04525643424321562,0.21269460190808084,0.3796798477416411,33,18,0
2023-07-19,43.23302470565793,0.04575898674573899,0.2139308809748242,0.3741571358736761,34,19,0
2023-07-20,42.37128030682801,0.04981937648981617,0.21180813441767257,0.3805262908652389,34,18,0
2023-07-21,42.965361191027526,0.049737582896751786,0.2153013975557117,0.3795473112683752,36,16,0
2023-07-24,41.708662474760416,0.06094734677656488,0.2196572598035341,0.3919780681706468,32,12,1
2023-07-25,40.86670289834667,0.05917700922913207,0.22299459446390993,0.4007084082086472,36,13,1
2023-07-26,40.607901102428755,0.058484445491591076,0.22732886416236753,0.3963795007360527,33,14,1
2023-07-27,39.42852482825324,0.06921012077400218,0.23542010279510234,0.39397236463088237,33,14,1
2023-07-28,40.02366639519575,0.06015277122762803,0.23405262845067487,0.39590445214907793,33,16,1
2023-07-31,41.71735955515827,0.06010606090687113,0.22181626467317384,0.3762409828951905,34,17,1
2023-08-01,41.163984253465124,0.0598229853512567,0.22377006665263058,0.37664393877857855,35,19,1
2023-08-02,41.52021186644216,0.06372589378924179,0.22638841711435548,0.37232979014219586,35,16,1
2023-08-03,42.965952233700925,0.04972161762668514,0.21501874526902454,0.3669548541714015,35,18,0
2023-08-04,42.43268879799607,0.04918064642229232,0.2209465168130088,0.3705612771389856,34,17,0
2023-08-07,41.29649503394838,0.05433531026166127,0.22710036081630786,0.3748643158122509,32,19,1
2023-08-08,41.004080447731084,0.055198497298976475,0.23320596452673875,0.3797615504745804,33,21,2
2023-08-09,38.65581429494786,0.05939496869858986,0.24735200501629095,0.3978906589651886,32,18,3
2023-08-10,41.33883357067598,0.05153858652431406,0.2287992252563183,0.37815393038793926,31,20,2
2023-08-11,42.03162255941786,0.051545858884386196,0.22613782215911107,0.37794164890303206,32,17,2
2023-08-14,42.626492531632216,0.05054672683361599,0.21916489231965897,0.37314783813617425,37,17,1
2023-08-15,40.710205913392,0.056014515743824496,0.23595965589740298,0.3894645257769006,33,17,2
2023-08-16,40.99287972397399,0.052782969695555265,0.23741878986340684,0.39189430842627165,33,15,2
2023-08-17,41.05837163070154,0.05810642394875903,0.2311628869235596,0.38959319238365536,35,17,2
2023-08-18,42.25731989719206,0.05222392008978078,0.22021581542661212,0.37939049909440414,36,17,2
2023-08-21,42.79325862407709,0.05278281272531327,0.22129712423924558,0.3745199193929715,34,16,1
2023-08-22,44.53468828104647,0.04478472875549816,0.2041156692694439,0.36378830351691577,34,17,0
2023-08-23,43.544720936891565,0.05516696716150479,0.21206817517961965,0.3666063900909387,34,17,1
2023-08-24,42.23967536752597,0.06242801453132382,0.22016309826889555,0.3718075469051542,33,17,1
2023-08-25,43.5819047482484,0.05493130435086507,0.21299842591012094,0.3666782179214212,32,17,1
2023-08-28,42.58349774081517,0.05835645942683233,0.20873685488510607,0.3623620859504068,33,19,1
2023-08-29,42.30749698328759,0.06169131428601068,0.21695240846523894,0.36399962261562163,34,18,1
2023-08-30,43.76330383878204,0.050561902045819875,0.20615445214231892,0.35804812731087726,33,18,1
2023-08-31,42.87506186891519,0.05120030383070576,0.2119373807038329,0.36932909432875377,31,17,1
2023-09-01,43.41560720612202,0.048058299451319224,0.21354246837257504,0.3698342576327818,33,17,0
2023-09-05,42.33186382792579,0.04777147870693762,0.22132328346967617,0.37844375715537776,32,17,0
2023-09-06,41.107506064247985,0.05233582730583652,0.23304084353413188,0.38671239627656523,35,18,1
2023-09-07,42.4622112758043,0.05144642726827211,0.22713075432677304,0.37775852539910815,33,18,1
2023-09-08,43.06754570234123,0.0484051776601185,0.2204828116356167,0.3735251129296193,34,19,0
2023-09-11,43.71864681443453,0.0521255792969863,0.21913612721165387,0.3638675742096821,35,19,2
2023-09-12,43.604012589170296,0.053472872294400176,0.21865528454632652,0.3603526253391159,32,18,2
2023-09-13,41.1330539475411,0.07221228124494265,0.2334811890614474,0.3726651592357449,34,18,2
2023-09-14,41.833469647372155,0.06762733061484176,0.22508565074661446,0.37488580688885215,35,17,1
2023-09-15,40.88337286942568,0.07313044047389233,0.22551105333061616,0.3719094338598676,33,18,1
2023-09-18,42.12747339212768,0.06536788512509395,0.22344784892095193,0.36912492476223335,32,18,1
2023-09-19,41.53298847654823,0.07030957719984449,0.22591793191889914,0.3720785060249049,31,18,1
2023-09-20,42.399428487047494,0.06045820119812554,0.21774663077220016,0.3645062857598379,31,19,1
2023-09-21,40.15852035363017,0.06994697506902733,0.2340597853352623,0.3800514768928773,31,18,2
2023-09-22,40.38654474089035,0.0648748382918492,0.23579485222928448,0.3782257192250599,32,19,2
2023-09-25,40.237593720858264,0.07410008865371465,0.23160912114948648,0.368235636850164,33,17,2
2023-09-26,39.56122225151405,0.06648480810798829,0.2400045818420557,0.3833294786438984,33,17,3
2023-09-27,40.33319019427791,0.06570553728028901,0.23295572503476647,0.37501318396285,37,19,2
2023-09-28,40.427064187038496,0.0657427248387505,0.23954419940951766,0.38394043712731735,34,14,2
2023-09-29,39.605541682718474,0.07422602304217601,0.23733174872939894,0.3817047208879265,33,15,2
2023-10-02,39.449301362643915,0.06733949680086139,0.2513769044858998,0.3880913037015875,33,16,3
2023-10-03,39.71598284717024,0.06660082405768794,0.24231327915981501,0.3829402769140036,35,19,2
2023-10-04,40.18684595253308,0.0660993223900514,0.24342207837655722,0.3838172711364362,34,14,3
2023-10-05,41.370746809276184,0.05616300666641333,0.23970968917879332,0.37954546188975985,35,16,3
2023-10-06,42.4634163079305,0.055323985866648606,0.23099866746411335,0.3727514059643572,34,17,2
2023-10-09,41.656303808569916,0.055077419663705295,0.23590060966677953,0.38039301568441153,34,15,2
2023-10-10,40.52895427344151,0.06080771899393429,0.23715568863677883,0.3874660891735689,32,17,2
2023-10-11,40.1727298126902,0.054328118590726,0.24410634103002316,0.39249266864036503,32,17,3
2023-10-12,40.817798830306884,0.055056239321792266,0.23928534999264708,0.3890411068913755,29,17,1
2023-10-13,40.97178108891138,0.06378996738131608,0.23962457233250534,0.383452495476827,32,17,2
2023-10-16,40.88663912636917,0.06396165692825888,0.2359122899838023,0.3780040585637098,34,19,2
2023-10-17,38.856113839220065,0.06518757007988592,0.24974515228335267,0.3947700033819664,33,15,2
2023-10-18,40.50770427836022,0.0588883493892204,0.23478298907812672,0.3837324631511453,36,17,2
2023-10-19,42.19367567111141,0.05619501996199423,0.22722386255985486,0.37980801087852906,34,18,1
2023-10-20,42.65664304479338,0.04884908320789772,0.2279834847656028,0.3794908992390096,36,15,0
2023-10-23,40.835211878332764,0.05850463619925656,0.24515127938318412,0.3852397999357662,35,16,2
2023-10-24,39.682646967492765,0.0682002068186178,0.2525487740936422,0.3893923508016185,34,16,1
2023-10-25,41.425862291151475,0.05546370253556584,0.22889585703837095,0.38315190865831544,34,17,2
2023-10-26,39.95901371256928,0.05908113849718227,0.23699606055187922,0.39384613977078675,34,15,2
2023-10-27,41.239751513581105,0.059677805154952475,0.22070019111681988,0.37671119983148293,34,18,1
2023-10-30,41.39716144917657,0.0648575474397332,0.21792924827399132,0.37213070204338633,34,18,2
2023-10-31,42.99923601575817,0.05583567340215054,0.20561954718862568,0.3607420633811129,33,18,1
2023-11-01,44.27141210780694,0.05226376140270867,0.20322384919134948,0.3614290863461649,35,16,1
2023-11-02,44.48918291241756,0.04977060223372633,0.20476836361952375,0.3613493666293136,37,16,0
2023-11-03,44.538229065953246,0.04165634950586102,0.1919998336244701,0.3558771504561162,35,21,0
2023-11-06,44.52094723791111,0.04575129187948015,0.20227653773836968,0.3666005789535587,36,18,0
2023-11-07,44.60425838180172,0.046391912658686155,0.200597183702307,0.36410352738179463,34,18,0
2023-11-08,45.2716138480858,0.04248931753108694,0.19068989496260505,0.35886833873154467,36,17,0
2023-11-09,44.79123347732447,0.049035393343074905,0.2025885316976884,0.3614302184726076,34,16,0
2023-11-10,46.77446232891799,0.050722049985443746,0.1991617941750734,0.3364526859260677,37,16,1
2023-11-13,45.88206213648724,0.04517579073248872,0.2073475602569408,0.34835511976715694,38,19,0
2023-11-14,45.24856085729836,0.0551475106351601,0.21173050832825074,0.346794554568168,37,18,1
2023-11-15,46.85320484262858,0.047307634251020546,0.19404868868648645,0.3425757447498176,38,16,0
2023-11-16,46.57375787820336,0.048026908534639416,0.1966657146749984,0.3450210040885152,35,17,0
2023-11-17,47.18994694113508,0.047642759037783894,0.19566509477712235,0.3441491318824704,37,16,0
2023-11-20,47.37433512547498,0.047406826132717704,0.1957136689358439,0.3426150518808453,36,17,0
2023-11-21,45.51060606218103,0.056889908852169685,0.21177523880298685,0.35036006362994737,34,17,1
2023-11-22,44.21216901993557,0.05792763815025614,0.22362636638693234,0.3653512897863152,36,14,2
2023-11-24,44.938215587685754,0.05627813626731511,0.21782408073649862,0.3634201300312945,36,15,1
2023-11-27,44.2337016388791,0.05906025210506075,0.22939199928350365,0.3610772886405667,37,14,2
2023-11-28,44.22971281179408,0.060447032890668835,0.23286803276969992,0.3665735688561507,35,13,1
2023-11-29,45.2535982918593,0.05826592002125118,0.22270145283396736,0.3508867280740788,33,15,2
2023-11-30,48.84247380400307,0.055657646706044554,0.19676612509574315,0.32872954583711406,33,15,1
2023-12-01,46.678135257659335,0.05533582380779575,0.20189869184017634,0.33518289212818975,33,17,1
2023-12-04,43.96094317351743,0.06722039628205373,0.22042636567508261,0.3520148821239588,36,18,1
2023-12-05,46.088571873287925,0.04854770685408967,0.20341171689092954,0.34649661442765006,34,16,0
2023-12-06,43.97058951402623,0.05764430497472042,0.22401995371137343,0.35944915866100235,33,17,2
2023-12-07,41.750527392498405,0.059191892450270615,0.23365025401482736,0.3794386962537052,35,17,2
2023-12-08,41.74324041285215,0.06399612239192504,0.22529279299381225,0.36625284690261856,33,20,2
2023-12-11,40.50671890373774,0.07466632814180144,0.22922361010404152,0.3738644275082006,32,20,1
2023-12-12,41.54582770352313,0.07592951709233638,0.2126654173432227,0.34819950930256843,34,19,1
2023-12-13,40.98317928241746,0.07653251018815106,0.22562779102566607,0.35991682209857123,32,19,1
2023-12-14,40.12759622450081,0.07522249663748314,0.2314576704837338,0.3744364874018091,31,18,1
2023-12-15,41.31653348039752,0.06310709502556629,0.22755701854110685,0.3756839675702463,33,19,1
2023-12-18,42.166213114710835,0.06517508585087492,0.21766148979838335,0.36319734450287167,32,18,1
2023-12-19,40.86275411791769,0.07369709797132871,0.22949925075989866,0.36580344341889376,32,18,1
2023-12-20,40.82384514532025,0.06722341220801138,0.23290793161725826,0.380593168298413,33,18,1
2023-12-21,43.17278185662492,0.05821404785033502,0.2205608181745003,0.3703055722855247,30,18,1
2023-12-22,41.43060058155329,0.06293971016973451,0.2284301466743534,0.37726875454052766,30,18,1
2023-12-26,41.62713681239028,0.06420546739181564,0.2245481312163421,0.36988882212782925,29,17,1
2023-12-27,41.96499815006825,0.05901835162211121,0.22992458183089964,0.37270370302340544,33,16,1
2023-12-28,40.74585905818206,0.06074152433035615,0.24485723756187822,0.3825608902948274,33,16,3
2023-12-29,39.57475678479093,0.06332737230534942,0.25913832663908387,0.4006011335044254,34,14,3
2024-01-02,39.35712401011146,0.06200448175448788,0.2627068277045389,0.3984207617427321,31,13,3
2024-01-03,40.04607925529858,0.06295464861091732,0.24777969584518728,0.4011683884169073,34,13,2
2024-01-04,39.10730966572805,0.06433422220697477,0.24402070732933442,0.4007211939441541,34,15,2
2024-01-05,38.31712401649605,0.07224471954374416,0.24619184679152478,0.4008064867905025,32,16,2
2024-01-08,38.690631609180336,0.0711559553497298,0.25143764853290007,0.4002432600330056,33,15,2
2024-01-09,40.1832645551977,0.06330626235274911,0.24594299820421978,0.38893292839965676,34,13,3
2024-01-10,38.81115904087315,0.06626867979019824,0.2601882339679039,0.40295206305546405,35,14,2
2024-01-11,37.423398819714414,0.08463156580536196,0.26093909589832137,0.40267501350783547,33,14,2
2024-01-12,39.5594139949516,0.0708799369842409,0.2528456369852137,0.39306571945104646,32,14,2
2024-01-16,38.22029890226667,0.08205927204284899,0.26002971643476414,0.3976820252764083,31,13,1
2024-01-17,41.65436533356044,0.07170155126929736,0.23775802191077758,0.38319137986368107,35,13,1
2024-01-18,40.45587398813433,0.07918095467725299,0.23221065144973796,0.37956520973974117,31,16,1
2024-01-19,39.12777173758599,0.07725315629599648,0.24417269413230314,0.38810267043868496,34,16,2
2024-01-22,40.21370590211624,0.07454452058738813,0.23686969962087878,0.3748294993066355,34,17,2
2024-01-23,42.657838689973424,0.05800270247528079,0.23047736713214573,0.3701372717298696,35,17,1
2024-01-24,43.198518819418126,0.055954355706923815,0.2309462078592936,0.3653966030676569,34,16,2
2024-01-25,43.434287974135316,0.0581561753074107,0.22205991992977378,0.3701781454604693,35,16,2
2024-01-26,42.21017887442153,0.0678730828198369,0.22642085024266145,0.3667892250426432,35,16,2
2024-01-29,39.0151114766673,0.08359699091202612,0.236113911048846,0.37629306150463454,35,15,2
2024-01-30,38.75833267055556,0.08258260441679563,0.23684030494536162,0.3798234902219328,33,17,2
2024-01-31,44.50958131137245,0.06679295210178099,0.19757535501955756,0.3470397896954437,35,17,1
2024-02-01,44.732339678024886,0.05277181969762213,0.20893500387215305,0.3587212010626854,36,17,1
2024-02-02,43.85520382569254,0.05048501603284577,0.21192862381782487,0.3733455260460742,33,14,1
2024-02-05,44.1396674140277,0.059475470887706154,0.21237237353631508,0.36276509012684854,33,16,1
2024-02-06,43.035107020220096,0.07010651137924717,0.20763188112851982,0.3604565231230422,33,18,1
2024-02-07,41.64890902070508,0.06969695187814406,0.2175490723950017,0.37744941093324796,33,15,1
2024-02-08,45.11413226018971,0.04340619523068732,0.19550415319887773,0.35219544852452833,33,17,0
2024-02-09,42.627404446910475,0.04807950839778046,0.20340383674516052,0.37735717898540877,32,17,0
2024-02-12,43.20897641288319,0.05025545136464908,0.21084499890409952,0.37633517687049745,31,14,1
2024-02-13,43.36394915723952,0.054072702861921965,0.21537027808979792,0.37147180929160867,33,16,1
2024-02-14,42.73251414333198,0.05410351950002392,0.21807880862831067,0.38549431388629607,34,14,1
2024-02-15,43.43065371809832,0.05450931007377128,0.21033305557344295,0.37283794855252766,35,15,1
2024-02-16,41.64326233566988,0.055839896891501775,0.22552779347565144,0.3783450996337016,33,19,2
2024-02-20,41.98504629980885,0.0629174648228836,0.21726172025823404,0.3735432420324348,35,17,1
2024-02-21,41.77119882353322,0.06456651435627295,0.2217215764089372,0.37236645432388193,35,17,1
2024-02-22,42.769352820776064,0.06243261650114003,0.21841704012862492,0.368759970398365,34,17,1
2024-02-23,43.18657160659725,0.04969483805664849,0.21649019391265428,0.3770872211897266,31,18,0
2024-02-26,41.981493151607594,0.04906200859181417,0.222458875624045,0.38211610783651423,30,17,0
2024-02-27,40.10838093124521,0.04870984169644294,0.21909516641373483,0.3917459909629359,31,18,0
2024-02-28,40.57306717847767,0.04950331166199307,0.21994155849414893,0.40007243432805795,31,16,0
2024-02-29,40.22760452225966,0.0489470040493678,0.22434484897543183,0.39828266575075977,33,17,0
2024-03-01,41.78451035723271,0.04684384302848206,0.2213357992686862,0.3830477810031845,35,17,0
2024-03-04,40.42968144106572,0.056238988751506,0.24296832216294753,0.39349917869694173,33,17,3
2024-03-05,39.741039818602395,0.05700623660845204,0.2437055743255318,0.39520228503753074,31,19,3
2024-03-06,40.72061048973454,0.05833480812824892,0.23753812208040934,0.38960798193674656,33,17,2
2024-03-07,39.38521931707625,0.06269920453730522,0.24491145809437959,0.4032282793466704,31,17,2
2024-03-08,39.44319376217065,0.06058305980775175,0.2463575797754331,0.40086385111754397,33,17,2
2024-03-11,38.91863061996165,0.06938729213688603,0.249707597924937,0.406358461011633,33,18,2
2024-03-12,39.23569333721876,0.07253582482709908,0.24826779453675787,0.39916914244691193,34,17,2
2024-03-13,38.865248532034556,0.07029083175799995,0.2506320010031022,0.4011486787903214,31,16,2
2024-03-14,39.6677114361511,0.06062363943745257,0.2425556927596856,0.3979452373649816,34,16,2
2024-03-15,39.4788086590886,0.056582682460350815,0.2401959575353646,0.3993892806999554,34,17,3
2024-03-18,39.58758844550612,0.0645874546514796,0.23798286507125926,0.39537891745689513,33,16,1
2024-03-19,40.37832798637152,0.0615481008423705,0.2385458714899232,0.3864101271875465,34,16,1
2024-03-20,40.415472143209364,0.06508101555376766,0.2346305277574233,0.38739813762910286,34,16,3
2024-03-21,40.76361862767564,0.06002864453492454,0.23299952697556783,0.38145552475993233,33,19,3
2024-03-22,39.866672680228966,0.06065430965765269,0.23999895909863223,0.39413985267663454,30,18,2
2024-03-25,39.996443654176815,0.06393684924110905,0.23861412555255634,0.38792849916476296,30,19,2
2024-03-26,40.438030219348754,0.0592633984743022,0.23265668883951318,0.3790615724202971,30,22,2
2024-03-27,40.721920495090295,0.05992916945115068,0.22752612423181068,0.37647643732566105,31,20,2
2024-03-28,40.339321053354844,0.06355133221879775,0.22780430657047723,0.3751710607042825,30,20,2
2024-04-01,39.49064502557162,0.06378148575864068,0.23380937893020576,0.38508091437692704,31,21,2
2024-04-02,39.180533420452136,0.0728772910894473,0.23713824275216447,0.3852281911439682,32,20,2
2024-04-03,39.1260958238746,0.06557129408793867,0.24170903949563313,0.3839960457204256,30,19,2
2024-04-04,39.85125885925959,0.07012661922550673,0.24104039307978253,0.37837652951629697,33,18,2
2024-04-05,38.40620866872471,0.06967477833027494,0.2436150078301574,0.3820293997140813,31,21,3
2024-04-08,40.68708276888806,0.054003307820388924,0.2292892041516137,0.3793153830050532,32,19,1
2024-04-09,40.04711326214784,0.06011003864571046,0.2326598465328783,0.3804417940467599,32,20,1
2024-04-10,41.22859877567868,0.053644122924581886,0.22252155048963895,0.37358265934211493,33,20,1
2024-04-11,40.31890924203313,0.05533493797928139,0.2388140855248222,0.3899136847070101,34,14,2
2024-04-12,39.783412947934785,0.05905639399179342,0.24954507177388718,0.392137364786091,33,16,2
2024-04-15,41.58312037328696,0.05092869193613528,0.21820415681198438,0.3784639207177075,33,18,1
2024-04-16,41.6786330485206,0.05316365988633603,0.21759310611268953,0.3751083473085121,33,18,1
2024-04-17,40.03810402243654,0.06616058119445653,0.22524083385761204,0.3852889435596082,34,16,1
2024-04-18,40.733547297594995,0.05926339643804424,0.22935717644653225,0.37963513304806984,32,17,1
2024-04-19,39.950945942830415,0.05791298734414898,0.23894757991236643,0.3885204829010558,32,18,2
2024-04-22,39.331421430719836,0.07071281224580481,0.24065331211530902,0.39674799280996054,31,18,1
2024-04-23,38.58764842062933,0.06243527692222779,0.2465300591833586,0.40789021390740093,31,17,1
2024-04-24,37.55399347366915,0.07262051189862602,0.24990105553358735,0.40906600737119303,28,17,2
2024-04-25,37.004355156421845,0.0720316877939069,0.25495580318060135,0.4041532021865583,28,18,2
2024-04-26,37.78001476170254,0.07213358509823525,0.24152516120108097,0.39657893823720575,30,19,2
2024-04-29,38.57597569487534,0.06389007058569317,0.2429014585405097,0.39780399417478707,27,19,2
2024-04-30,38.721950859153715,0.06911192402737247,0.2420174739704861,0.39292208848137716,29,19,2
2024-05-01,40.83778410605684,0.06948190073874597,0.2227724223066972,0.3791320947954204,30,18,1
2024-05-02,38.45486605879146,0.08313003867992717,0.23546281404529332,0.38435980148282467,28,20,1
2024-05-03,37.428393002144375,0.08374144181927859,0.23453846757150001,0.3930591002792377,29,19,1
2024-05-06,38.122881915570275,0.08434583375133292,0.22515802234062182,0.37555783681826826,31,21,1
2024-05-07,37.874203915479185,0.08197585055763454,0.22571731257715377,0.3811577448924894,31,20,1
2024-05-08,36.84102379624472,0.08456816534425836,0.24481076130485185,0.3897094777111643,30,20,1
2024-05-09,36.03334309178671,0.08471171368977454,0.2498802564093274,0.4045246708903999,29,18,1
2024-05-10,39.95530182090437,0.05512472911976562,0.22941035213337652,0.38700451259590285,32,17,2
2024-05-13,40.31296115841128,0.056628731005297084,0.22458705674103868,0.38261483290264264,30,17,2
2024-05-14,38.12441169973715,0.06497317250029315,0.24517719786459513,0.4121509112304752,31,17,1
2024-05-15,38.40931134917741,0.056512769171541286,0.2507255805894908,0.40892418610014647,32,17,2
2024-05-16,39.437732210534115,0.05638576562693171,0.2369612225987468,0.3937948489386509,32,17,2
2024-05-17,40.42441155982087,0.04993520967234712,0.21809541503243188,0.39054619358651566,33,18,0
2024-05-20,38.762070788044596,0.05824085325624573,0.24621066880880826,0.4151290226634025,32,16,2
2024-05-21,39.326389032168684,0.06012331664579197,0.24963662833043615,0.4027753343842897,34,15,2
2024-05-22,39.24150503146026,0.05443139385080996,0.242091617173954,0.40855137844810485,33,15,2
2024-05-23,38.808085412194615,0.058728454331924446,0.2544977949850665,0.4116694320858223,34,14,2
2024-05-24,38.777830352608746,0.06204269470217757,0.25498487999703995,0.40314654681702894,34,16,2
2024-05-28,39.23491804555624,0.05654844077042942,0.24230407868388557,0.4091775512202699,34,15,2
2024-05-29,39.171359199234416,0.054655750683027596,0.243552924444691,0.41933899124572543,35,14,3
2024-05-30,39.573179358680726,0.05737935044565964,0.2424524343035062,0.40141937401603234,33,16,2
2024-05-31,39.580377436778534,0.06325206958947087,0.24329877227864505,0.40731272690370884,32,15,1
2024-06-03,43.64773882843448,0.04642786561614469,0.21242765549685325,0.3819689736529033,34,15,0
2024-06-04,41.1925515903242,0.05902515697775914,0.23148756167718504,0.3887712281342266,34,16,2
2024-06-05,41.75317710509552,0.056361790255277024,0.22396537277074877,0.38193301872403335,35,15,1
2024-06-06,41.12203222916746,0.05147655481530538,0.22711511742589333,0.39980777906113385,33,15,1
2024-06-07,43.0616453655227,0.05098236005880513,0.2124907685685726,0.3836683597537267,34,14,1
2024-06-10,41.40109627368668,0.05208248780530484,0.22543733748530223,0.38609212956367006,35,15,2
2024-06-11,41.48059924257706,0.059035959737811915,0.23011131035987514,0.38460700109585505,33,15,2
2024-06-12,42.172370138342934,0.06235752482515677,0.23071483931223555,0.379798023579748,34,15,2
2024-06-13,40.66281891628759,0.058573122961754064,0.2417303489584379,0.39262374908276876,34,15,2
2024-06-14,40.63746208578982,0.06364698651077835,0.23386637277834263,0.38582435781688157,34,16,2
2024-06-17,40.16564495159101,0.06350371843443497,0.23827699306910238,0.39166586661867037,34,16,2
2024-06-18,40.09895909585187,0.06509463260859114,0.23947716409722092,0.39649468945921507,37,16,2
2024-06-20,42.13181707073109,0.0559003006506616,0.2262799890415786,0.3818975731305787,35,14,2
2024-06-21,41.6751485943316,0.05571965415429099,0.22552321733153263,0.3767927756209956,36,16,2
2024-06-24,42.53594694248532,0.055553432221815434,0.22473326108281777,0.3807421054607882,34,15,1
2024-06-25,39.79410869627756,0.06595695164178277,0.2371695973951091,0.39095993276702234,33,18,2
2024-06-26,40.1967919194209,0.05975026908105941,0.2329244477158702,0.3900066599388557,31,18,2
2024-06-27,39.06221888903978,0.06802330335842341,0.24098020974565104,0.39087931113337165,35,18,2
2024-06-28,38.90267873044114,0.06811094592596018,0.23889323559715092,0.39730400658159126,32,17,2
2024-07-01,38.23995896154507,0.06974679321348544,0.24528972180781006,0.40203962265921517,32,18,2
2024-07-02,39.07084787654762,0.06807552107894062,0.24594741810955276,0.39778522253097137,32,18,2
2024-07-03,40.555671831176475,0.06045729658892491,0.23679562771699664,0.38655110550756344,31,18,2
2024-07-05,39.76132062263281,0.059734535108484095,0.24169083248737122,0.39162956557435713,30,18,2
2024-07-08,39.44741725903159,0.05897771182072424,0.23533349146346433,0.3954464204189923,31,18,2
2024-07-09,39.54198144939591,0.05942130460049778,0.2423973526469013,0.3974977199540367,28,16,3
2024-07-10,39.64539008505129,0.062353789450604796,0.24196599658105764,0.389558792034204,28,18,2
2024-07-11,40.18322916347855,0.060821187733037185,0.24208159870860105,0.3827984542722335,30,20,2
2024-07-12,38.847867119046576,0.06402193313882168,0.24184763735649284,0.3986532016291426,30,17,2
2024-07-15,36.89921722095902,0.07466888069666638,0.25444408919002326,0.41024831707175724,29,19,2
2024-07-16,38.0748732727859,0.07503265494866063,0.24044868087532695,0.4002394016313548,30,20,1
2024-07-17,36.39895490843444,0.08603609353079997,0.25674157957304594,0.40993894027065264,30,18,1
2024-07-18,39.010459698550875,0.06335929977142332,0.24184563550055121,0.39582214143879424,31,16,2
2024-07-19,38.198253779833664,0.07130529555456887,0.2406170888149035,0.4080372569147923,29,16,1
2024-07-22,39.82159481643821,0.06048907560258767,0.24106500596166494,0.3980496056692405,29,17,2
2024-07-23,39.599363624777475,0.06899371376912446,0.2331390801164297,0.39131968379739407,31,18,1
2024-07-24,38.478768478282085,0.07470714134190065,0.2424399520907825,0.3933118280369914,31,16,2
2024-07-25,39.56772176782642,0.0664076130469692,0.2396979475185439,0.3905120962512174,31,17,2
2024-07-26,39.0943950478777,0.06627012778800025,0.2430274240626741,0.39587785164524586,32,17,2
2024-07-29,40.21600067063431,0.0571614276706558,0.2317122256172895,0.3969150576621926,33,15,2
2024-07-30,40.1219636008055,0.057620523478432537,0.22829667680992782,0.39952667682529425,29,16,1
2024-07-31,41.86276074345379,0.05678720940623472,0.21939072924007874,0.3755473541372732,33,18,1
2024-08-01,42.16249560414464,0.05459199381481579,0.21496771215395247,0.3733882505726415,32,18,1
2024-08-02,42.04247910072938,0.05124113837827421,0.22267971146173665,0.3761427816997072,34,18,1
2024-08-05,40.14052414971772,0.07327966612236128,0.2304795868459819,0.37587287055308644,34,17,2
2024-08-06,40.70435028394395,0.07144981271892194,0.22877755440045502,0.374426647698858,35,17,2
2024-08-07,40.76610910495341,0.07175746723097384,0.22573714505782516,0.3718460185244853,36,16,1
2024-08-08,40.34873845788391,0.07485162378764036,0.22228544824192076,0.3735251028341099,34,18,1
2024-08-09,39.15274673705527,0.07531154558193875,0.22430836274635935,0.3840301838041408,34,17,1
2024-08-12,38.129637924743236,0.07473806617546515,0.23524544369707567,0.40056611012820176,33,16,1
2024-08-13,39.353719078528684,0.07525610990109605,0.2294743305511638,0.39105809967966587,36,16,1
2024-08-14,40.025573401139965,0.06497427947015016,0.21930023740436771,0.38984625874971823,33,18,1
2024-08-15,37.95617936155076,0.07255179270106778,0.24176413551179177,0.40783821048598395,30,16,1
2024-08-16,35.03013508175513,0.08735766132258908,0.26257387099942225,0.42822311910995686,32,14,1
2024-08-19,36.04399141452826,0.08602194460050315,0.24637319793036067,0.410510327452152,31,16,1
2024-08-20,34.43447475321071,0.08161490179625723,0.27431841116527356,0.43355634382225244,29,17,2
2024-08-21,35.102806824488034,0.08402069642974173,0.2564007548180213,0.4181045782244844,30,18,2
2024-08-22,35.91052137700272,0.07140298084504643,0.2602453851974262,0.42324872025477167,31,16,2
2024-08-23,37.94004070994202,0.06917576083828438,0.2368979796220167,0.4060278460020013,32,16,1
2024-08-26,38.43534776695418,0.05688538015914959,0.2414927181900266,0.40651307329270764,32,17,2
2024-08-27,39.00084309074203,0.0534094955006491,0.2382350051329479,0.405907987920596,33,15,2
2024-08-28,36.158382030639864,0.0712759140662991,0.25957294384567126,0.41955863912273333,25,15,3
2024-08-29,34.65450498935714,0.0684510599371141,0.28484156155001417,0.44422688381489633,29,17,4
2024-08-30,36.46658486106245,0.061880345377640145,0.25678720193718574,0.4294068047592995,29,17,3
2024-09-03,35.92159016875765,0.0702342302633322,0.25930625588734796,0.4341482569256783,30,16,3
2024-09-04,38.457710578540684,0.06104042022286431,0.2509616896068705,0.4072829905280394,32,15,3
2024-09-05,38.478842565280345,0.06197629885846172,0.24840005805579563,0.40538186318505987,36,13,3
2024-09-06,40.157017321528194,0.058188089690655864,0.2382406798575489,0.40316169010860214,33,14,1
2024-09-09,42.20600207760122,0.056159356942930734,0.22250999810108074,0.3788052307658263,38,17,1
2024-09-10,43.105572501476104,0.055947380152144996,0.21406031378588775,0.3672431679116723,35,17,1
2024-09-11,43.009480432093554,0.05580312992136653,0.221487969385124,0.3664668498545837,34,18,1
2024-09-12,37.998485870353306,0.07156012918803752,0.2623262733674812,0.41017476737078007,34,15,3
2024-09-13,40.106308145403915,0.0575735799068827,0.2486554024577046,0.4013748985573152,32,15,2
2024-09-16,36.91558153732807,0.07827424172616408,0.2677182282035048,0.4146484124030968,29,15,2
2024-09-17,39.64117578547668,0.06384989837746961,0.24439940225535378,0.4024831180877321,32,16,2
2024-09-18,37.125617326771035,0.07965902130316857,0.2600049831886994,0.4082648799588427,32,15,2
2024-09-19,36.34096661718922,0.08844311861648717,0.25780476600072083,0.4028207354048252,35,16,2
2024-09-20,33.22018255902915,0.10358939164430661,0.273954854767374,0.41814306749546915,30,16,2
2024-09-23,35.563808887559404,0.09110275426024582,0.2651461270804873,0.41516008762742523,29,16,2
2024-09-24,32.82093618666874,0.1031360665797289,0.27501929512340495,0.4301723776112143,29,16,2
2024-09-25,33.57719977440532,0.10221489010706915,0.27129093456423536,0.4174964943390577,31,16,2
2024-09-26,33.27467682271217,0.10418645263196237,0.2739397384276234,0.4095974059829954,31,18,2
2024-09-27,35.519768662652005,0.0876172347848832,0.26411365224813055,0.4006265172484004,31,18,2
2024-09-30,35.017096598878354,0.08900950685045539,0.2635337175183807,0.41769661365394983,30,16,2
2024-10-01,34.73241065608358,0.09464071532735072,0.2628379835134643,0.4078018941735387,29,17,2
2024-10-02,39.47804797240018,0.06238881004230978,0.23401345578376834,0.38230496358772337,31,18,2
2024-10-03,35.52491006250042,0.09059400229958006,0.25850932975682317,0.3984522797565356,29,18,2
2024-10-04,38.77688380556534,0.07957914973448646,0.231082177938313,0.3699803717302322,32,21,2
2024-10-07,33.60274895965652,0.09318659101786922,0.2680835717797016,0.42425271480418975,33,19,2
2024-10-08,34.13890135205492,0.0786518169187179,0.27430067459430846,0.43037907971400824,30,17,2
2024-10-09,34.47629686162921,0.07893035802671511,0.271848126340201,0.43098461375530983,29,18,2
2024-10-10,35.16993214978324,0.0775917655865039,0.26831473451919347,0.4284603584104556,32,16,2
2024-10-11,36.46951384265964,0.07653947467103418,0.2620578648064408,0.42406027191848067,32,13,3
2024-10-14,35.22122873211722,0.09008799927740341,0.2506139866950609,0.41449331284371194,32,15,2
2024-10-15,35.194845565348444,0.09025234205612705,0.25274631450913243,0.4140607906072887,35,15,2
2024-10-16,41.784530754598876,0.0493785164666668,0.21256993566777538,0.3746314611524328,33,19,0
2024-10-17,42.31693135794211,0.04317299624778953,0.20330440219370186,0.36709815679089824,34,21,0
2024-10-18,41.711532424196264,0.04756774631125417,0.20729908694075003,0.3681819673883533,32,20,0
2024-10-21,40.83689392040379,0.04980238993674636,0.2239961885885469,0.38607241211811866,30,20,0
2024-10-22,41.71848455652494,0.048964057799178645,0.21935705632698316,0.38708998974880593,33,17,0
2024-10-23,40.61583341894898,0.053009453422347086,0.21835496537694896,0.38908699211963904,35,21,1
2024-10-24,39.949927706605415,0.06680266538406013,0.22152614725408307,0.3822885742843078,33,18,1
2024-10-25,40.93762417953168,0.06502620677856273,0.21803354319406992,0.37762776094739897,35,18,1
2024-10-28,40.632462498965104,0.05481835136723179,0.2298172547073404,0.3864647602636027,35,19,2
2024-10-29,40.116386938668406,0.06748283507878224,0.22460824062621862,0.3858983696046338,36,20,1
2024-10-30,39.98767209852045,0.0598029333319268,0.22131852822315987,0.39046956298802515,36,18,1
2024-10-31,37.05625164278047,0.07070256996342651,0.24141703654387106,0.4094703800781751,34,17,2
2024-11-01,39.07424570457806,0.05812814915076887,0.23185888201020777,0.39731070758894443,32,18,2
2024-11-04,40.646409075467986,0.05621847380528519,0.22132637868130217,0.3809795595081689,37,19,1
2024-11-05,40.761112368104456,0.05533914205087232,0.2185225101687785,0.3846083318118533,32,18,1
2024-11-06,38.485529461690206,0.057966447568456515,0.23438686218313914,0.41198256580758996,35,16,2
2024-11-07,39.98850702368372,0.05459187573856752,0.21975785101232595,0.38417299308043706,34,20,2
2024-11-08,38.999241208741125,0.0620659700426723,0.23630546950627368,0.3970599764780877,32,18,1
2024-11-11,39.50109032731723,0.061547853825981755,0.2327532851263525,0.3959859552494188,34,18,1
2024-11-12,38.16760388209511,0.06378861879705626,0.23906367781168777,0.4014448936366828,34,18,2
2024-11-13,38.880284154098966,0.056670650320850745,0.2365115564888561,0.39957643687339217,33,18,2
2024-11-14,38.830264642957935,0.0559355133045325,0.23282158518747836,0.397246906099636,31,19,2
2024-11-15,39.884766812167136,0.055395540686116435,0.23436794872786526,0.3893986967019671,31,21,2
2024-11-18,39.306442816905864,0.06557641944905228,0.231580515194623,0.3867910927306352,30,21,1
2024-11-19,40.28199488941916,0.0531346320717336,0.22202629933868487,0.38394552067219473,30,20,2
2024-11-20,38.55548790161304,0.055262741182712675,0.22939555290077257,0.39671014634148183,29,21,2
2024-11-21,38.45208555895397,0.06299780294735065,0.23103131126552198,0.38962099502963343,31,20,2
2024-11-22,37.52102738333272,0.05972130270697334,0.2389921823454411,0.40497309238454804,30,19,2
2024-11-25,38.514410302248635,0.05961499669100057,0.23413723750698281,0.39404860811370523,31,21,2
2024-11-26,37.194623900398085,0.06080500653490769,0.24292480791894303,0.4050939707180626,31,20,2
2024-11-27,36.70198042024731,0.061759186091520785,0.23593779596912345,0.4112409037659081,32,20,1
2024-11-29,37.438301634209196,0.060084833595717084,0.23195430645629553,0.4072034021568547,30,19,1
2024-12-02,36.251357524379294,0.06092021003640735,0.23529270651363482,0.4141596251018619,28,18,1
2024-12-03,31.19966383261236,0.07180786591216012,0.2647271921030339,0.46326667845334424,27,16,2
2024-12-04,33.48568149879885,0.06843103288167621,0.2498698655568384,0.43964864994250896,29,19,1
2024-12-05,33.41397789545484,0.06862852161250596,0.24818656555426916,0.4347998386303196,29,20,1
2024-12-06,33.00404803026617,0.06988827845343637,0.24806299996079045,0.44661972822571494,29,19,1
2024-12-09,33.9583203852018,0.06779580661555248,0.24177759523542494,0.4353619879566645,28,18,1
2024-12-10,33.97346780249897,0.06755337845702244,0.2448304368515735,0.43874786755298467,30,17,1
2024-12-11,35.25405548561904,0.06833647306274145,0.23697413989870203,0.42192805387668864,31,18,1
2024-12-12,33.08551503992376,0.0691048570265997,0.25439467331282906,0.44704304363569336,29,18,2
2024-12-13,34.202475660408645,0.0668224901735809,0.24693564000832244,0.43493659992159583,28,16,2
2024-12-16,34.196462930363616,0.06647025296862495,0.25103691382170745,0.435479265078432,29,16,2
2024-12-17,29.81791368033858,0.06206139357007009,0.26263911168166443,0.4799543407770947,28,16,3
2024-12-18,28.892207688300434,0.06185346625547836,0.2662329111522441,0.4903484650312182,27,15,3
2024-12-19,31.244271018007918,0.06266365664175794,0.2609686640142204,0.4725233666379385,32,17,2
2024-12-20,31.239632482613956,0.06377111256174357,0.261679393028022,0.4696012660593008,31,17,2
2024-12-23,30.0528755601511,0.06762802886967026,0.2698178177860035,0.47713491149791926,29,16,2
2024-12-24,1.0,1.0,1.0,1.0,1,1,1
2024-12-26,1.0,1.0,1.0,1.0,1,1,1
2024-12-27,1.0,1.0,1.0,1.0,1,1,1
2024-12-30,1.0,1.0,1.0,1.0,1,1,1
2024-12-31,1.0,1.0,1.0,1.0,1,1,1
