date,nav,net_return,turnover,cost_fraction,holdings,cash_weight,max_name_weight,requested,executed,blocked,deviation,blocked_names
2019-01-02,1.0,0.0,0.0,0.0,0,1.0,0.0,0.0,0.0,0.0,0.0,0
2019-01-03,0.9956785994098338,-0.004321400590166169,0.8642801180332295,0.004321400590166147,104,0.13571988196677054,0.053580201212715485,1.0,0.8642801180332295,0.13571988196677048,0.13571988196677048,15
2019-01-04,1.0268557074518658,0.031312421559036796,0.2024040302067482,0.0018037806309457905,107,0.08730988227317538,0.05733004797871685,0.44806600846233346,0.3607561261891581,0.08730988227317535,0.08730988227317535,14
2019-01-07,1.043137896227671,0.015856355140888567,0.16466132352067694,0.0013605933690439595,107,0.14303410914209225,0.05639540166203464,0.4151527829508843,0.2721186738087919,0.14303410914209239,0.14303410914209239,15
2019-01-08,1.0506763124767553,0.007226672788272603,0.12496787364064181,0.0011608457804538584,104,0.1596096067299403,0.05470574789424816,0.39177876282071217,0.23216915609077168,0.15960960672994046,0.15960960672994046,14
2019-01-09,1.060333485244381,0.00919138715981993,0.15743995975923164,0.0015591039373218409,102,0.15485022071212717,0.050177904624868576,0.46667100817649526,0.31182078746436814,0.15485022071212712,0.15485022071212712,14
2019-01-10,1.0651006123921556,0.004495875320466469,0.17979408946527092,0.001635028341363425,109,0.1864876087382995,0.053402630188550834,0.5134932770109845,0.32700566827268496,0.18648760873829956,0.18648760873829956,14
2019-01-11,1.0645803575276604,-0.0004884560748928957,0.10359827584168306,0.0010324381096996186,113,0.18709504299678803,0.05302385332745684,0.3935826649367116,0.2064876219399237,0.18709504299678795,0.18709504299678795,14
2019-01-14,1.0578133338037705,-0.0063565175480087,0.10380281602377017,0.0009797598006549627,112,0.17645377114091598,0.05254077011886544,0.37240573127190857,0.19595196013099253,0.17645377114091604,0.17645377114091604,13
2019-01-15,1.065013310113664,0.006806471500981459,0.17509605751090707,0.0015450260057674873,110,0.1338031666116296,0.05562702283438117,0.442808367765127,0.30900520115349744,0.13380316661162955,0.13380316661162955,11
2019-01-16,1.0609506091152898,-0.0038146950463376905,0.17474500481694413,0.0016371988711585059,109,0.11204540278282837,0.04818448578954719,0.43948517701452966,0.3274397742317012,0.11204540278282851,0.11204540278282851,11
2019-01-17,1.0687067607595757,0.007310568067587564,0.08739274595417765,0.0008046515957628431,111,0.09728755603088224,0.04946691192723453,0.25821787518345085,0.1609303191525686,0.09728755603088222,0.09728755603088222,10
2019-01-18,1.077689429648566,0.008405176442044748,0.16687239209904026,0.0016064051306742847,112,0.08385791408886878,0.04966442242916568,0.40513894022372554,0.32128102613485693,0.08385791408886858,0.08385791408886858,9
2019-01-22,1.0604376929881265,-0.016008078195649755,0.18092562722228245,0.001693074279342877,111,0.061841471024703276,0.05515241776619942,0.4004563268932788,0.3386148558685754,0.06184147102470339,0.06184147102470339,8
2019-01-23,1.0587068348346813,-0.0016322110812262425,0.16877659700609673,0.001521051605296147,113,0.09519122948177328,0.05311086566095341,0.3994015505410027,0.3042103210592294,0.09519122948177329,0.09519122948177329,10
2019-01-24,1.0687126823147002,0.009451008674730366,0.16782447297857778,0.0016669625364925708,110,0.09188636614492118,0.054351056487276346,0.4252788734434355,0.33339250729851416,0.09188636614492138,0.09188636614492138,9
2019-01-25,1.0801989525188167,0.010747762606539535,0.160614722537295,0.001554949819369542,107,0.10100741643695799,0.04988864700957106,0.4119973803108664,0.31098996387390837,0.10100741643695807,0.10100741643695807,9
2019-01-28,1.0678626974581955,-0.011420354585472858,0.28228244409814446,0.0024887989928147982,106,0.03511490209218748,0.043302488619075805,0.5328747006551472,0.49775979856295965,0.03511490209218752,0.03511490209218752,6
2019-01-29,1.063607702627639,-0.0039845898172907734,0.2371964397458454,0.0022461132027007764,112,0.010005953794879563,0.04260753909094472,0.4592285943350349,0.44922264054015526,0.010005953794879587,0.010005953794879587,3
2019-01-30,1.0833421234400564,0.018554228935784955,0.11673532470839373,0.0011401355542969504,115,0.0043689440451695205,0.03708512976493863,0.2323960549045597,0.22802711085939006,0.004368944045169641,0.004368944045169641,2
2019-01-31,1.0966149284548952,0.012251720603914329,0.15602005266818972,0.0015597455669603669,114,0.004218340917544028,0.037350947592004545,0.31616745430961746,0.3119491133920734,0.004218340917544062,0.004218340917544062,2
2019-02-01,1.100748008158901,0.0037689434976315717,0.1614655331877522,0.0015924707039307235,109,0.008632735153399684,0.04925293365868809,0.3271268759395444,0.3184941407861447,0.008632735153399722,0.008632735153399722,4
2019-02-04,1.1067722476494959,0.005472859769849681,0.14504991308263057,0.001438255963613628,107,0.006124764622685408,0.04932405915666639,0.29377595734541073,0.2876511927227256,0.0061247646226851435,0.0061247646226851435,3
2019-02-05,1.1121822234189287,0.004888065978273515,0.09670256173005512,0.0009639027579054241,109,0.0054645251580831555,0.04681536876203885,0.19824507673916802,0.1927805515810848,0.005464525158083211,0.005464525158083211,3
2019-02-06,1.102431963736875,-0.00876678252605112,0.1221546923398443,0.001211090890678016,108,0.0075973851357907796,0.05071322561329895,0.2498155632713941,0.24221817813560323,0.0075973851357908784,0.0075973851357908784,3
2019-02-07,1.0956092725119266,-0.006188763977616918,0.1464077522534339,0.0014358847489685971,111,0.013272274167464682,0.03826461968190873,0.3004492239611839,0.28717694979371944,0.013272274167464463,0.013272274167464463,5
2019-02-08,1.0984674172374556,0.0026087263016458806,0.16764034532578942,0.0016734929105517,107,0.013797695801898824,0.049311414649422736,0.3484962779122388,0.33469858211034,0.013797695801898791,0.013797695801898791,5
2019-02-11,1.0992997861490446,0.000757754757698903,0.09025722403414561,0.0008776935191969664,114,0.008799403241282144,0.049885436382275786,0.1843381070806756,0.17553870383939327,0.00879940324128235,0.00879940324128235,2
2019-02-12,1.1108659106115564,0.010521356056139242,0.2041965039598454,0.002030571315633482,113,0.006411358956755486,0.06160170343486012,0.4125256220834519,0.40611426312669646,0.006411358956755457,0.006411358956755457,1
2019-02-13,1.1121783493195914,0.0011814555613760547,0.10734264452141933,0.0010414408252737938,113,0.0,0.04805529063247393,0.20828816505475875,0.20828816505475875,0.0,0.0,0
2019-02-14,1.1164790618798248,0.003866927065128145,0.1273021015877777,0.0012539089377169817,111,0.0038224156321590153,0.06014861097147365,0.2546042031755555,0.25078178754339636,0.0038224156321591146,0.0038224156321591146,2
2019-02-15,1.125719603137486,0.008276502061850488,0.2236900166840056,0.0022216051292207255,111,0.0007236093735677462,0.04856077578983428,0.4450446352177128,0.4443210258441451,0.0007236093735676945,0.0007236093735676945,1
2019-02-19,1.1270996401847635,0.0012259154441578435,0.104170762990267,0.0010338615610255212,111,0.0022911899553317294,0.05563324287314991,0.20906350216043587,0.20677231220510423,0.0022911899553316566,0.0022911899553316566,2
2019-02-20,1.1282739404218418,0.0010418779273906331,0.13560240323413716,0.0013538912248143378,111,0.0018591450007927612,0.04476801400480523,0.27263738996366044,0.27077824496286756,0.0018591450007928707,0.0018591450007928707,2
2019-02-21,1.1234600097388086,-0.004266632872184761,0.12888210298380598,0.0012701481520247697,112,0.005599315333869592,0.03975039744787121,0.25962894573882356,0.25402963040495397,0.005599315333869606,0.005599315333869606,3
2019-02-22,1.1343819332599705,0.009721684284695886,0.10166258662002098,0.0010021923902898697,112,0.0026531519161091532,0.04292349840271358,0.20309162997408303,0.20043847805797393,0.0026531519161090925,0.0026531519161090925,3
2019-02-25,1.1336835025766479,-0.0006156927070546381,0.09637526220154738,0.0009373980100921414,112,0.007923220241896622,0.04229138869659124,0.1954028222603248,0.18747960201842828,0.007923220241896487,0.007923220241896487,1
2019-02-26,1.128543457472688,-0.004533933052988326,0.4538448126921242,0.004364511963225465,105,0.04271180145555298,0.07532614230283559,0.9156141941006459,0.872902392645093,0.04271180145555302,0.04271180145555302,5
2019-02-27,1.1272262527656904,-0.0011671723390673794,0.12359722746039367,0.0012177863313353487,105,0.04634682576832305,0.07402143446108385,0.28990409203539275,0.24355726626706975,0.04634682576832302,0.04634682576832302,5
2019-02-28,1.1199242899627921,-0.006477814711095209,0.3299816078051747,0.003094707687345215,106,0.005482966218394836,0.07607308684733533,0.6244245036874378,0.618941537469043,0.005482966218394825,0.005482966218394825,3
2019-03-01,1.1197247643493775,-0.0001781599124180966,0.3035617442096356,0.0029504059571362727,107,0.022510060370462548,0.05941024704207161,0.6125912517977171,0.5900811914272546,0.022510060370462572,0.022510060370462572,4
2019-03-04,1.1125295692916135,-0.006425860431822139,0.14211712736546936,0.0014047458209379734,109,0.0193387264040229,0.07505479840887165,0.3002878905916177,0.2809491641875947,0.019338726404023045,0.019338726404023045,4
2019-03-05,1.1089144974481246,-0.003249416413975137,0.15428281864090237,0.0015380203090952298,107,0.01841035505630173,0.05107142898019449,0.32601441687534777,0.307604061819046,0.018410355056301793,0.018410355056301793,5
2019-03-06,1.0983779516258068,-0.009501675599484893,0.13123887736149256,0.001296919489358034,104,0.021656713400531324,0.0543515058808631,0.281040611272138,0.2593838978716068,0.0216567134005312,0.0216567134005312,6
2019-03-07,1.0892652321470588,-0.0082965244024239,0.1073249222887889,0.0010494440098022945,111,0.017053931742374018,0.0528848739794527,0.22694273370283288,0.2098888019604589,0.017053931742373976,0.017053931742373976,5
2019-03-08,1.0846491409451604,-0.004237802755165165,0.1240062708978509,0.0012178541080110476,107,0.021547373118129043,0.05317932424083233,0.26511819472033865,0.24357082160220953,0.021547373118129116,0.021547373118129116,5
2019-03-11,1.1019137642005856,0.015917242363167272,0.13963301018926202,0.0013628693671666919,106,0.014488718942383572,0.06184903519450763,0.2870625923757222,0.2725738734333384,0.014488718942383783,0.014488718942383783,3
2019-03-12,1.1049240919303187,0.0027319086370765078,0.14389255921361535,0.0014102288929058113,104,0.020168208028766732,0.053266388286579376,0.3022139866099291,0.28204577858116225,0.02016820802876683,0.02016820802876683,4
2019-03-13,1.1137933657909735,0.008027043600036032,0.1656680721057203,0.0016431396952294392,105,0.02268293597601123,0.052325025646728536,0.3513108750218991,0.32862793904588783,0.022682935976011308,0.022682935976011308,4
2019-03-14,1.1130774677361723,-0.0006427566160737141,0.0848540001586076,0.0007950318835095873,110,0.033381103319625516,0.05316634609324243,0.19238748002154296,0.15900637670191745,0.0333811033196255,0.0333811033196255,6
2019-03-15,1.119463823815177,0.005737566579254949,0.11483233992363603,0.0011388541808702776,108,0.03125902663663516,0.04775752307308127,0.25902986281069074,0.22777083617405552,0.031259026636635184,0.031259026636635184,5
2019-03-18,1.1215713679991457,0.0018826371510478612,0.12802034490513975,0.0012501571288595725,110,0.025152018515069763,0.06295913563441885,0.2751834442869842,0.2500314257719145,0.025152018515069728,0.025152018515069728,3
2019-03-19,1.1230141558716291,0.001286398631107355,0.1373892923352058,0.001340539073101328,108,0.03175680066618458,0.06433444043930246,0.2998646152864501,0.26810781462026556,0.031756800666184526,0.031756800666184526,5
2019-03-20,1.1205976912363345,-0.0021517668523235445,0.19145097997726168,0.0018754634364181817,112,0.03957486677099353,0.06313577246118095,0.41466755405463007,0.3750926872836363,0.03957486677099377,0.03957486677099377,3
2019-03-21,1.1376408391101842,0.015208979999812744,0.12564309500787005,0.0011937762595774766,106,0.026404516582764104,0.06294787640230286,0.26515976849825945,0.23875525191549532,0.02640451658276411,0.02640451658276411,4
2019-03-22,1.1131987302890287,-0.021484908049075546,0.10120945059253672,0.0009997753063511637,106,0.02942113287443815,0.06566660635594569,0.22937619414467103,0.19995506127023274,0.029421132874438285,0.029421132874438285,4
2019-03-25,1.1128028513216213,-0.0003556229059878957,0.1797889572177362,0.001764397971529399,105,0.036077990500621326,0.08254183623297871,0.3889575848065012,0.3528795943058798,0.03607799050062145,0.03607799050062145,4
2019-03-26,1.1206193777012246,0.007024178964243344,0.162701547971874,0.0016111466092698207,106,0.032594844301886305,0.07983681305476555,0.3548241661558503,0.32222932185396413,0.032594844301886146,0.032594844301886146,5
2019-03-27,1.108226876596803,-0.0110586175386711,0.1242858824721517,0.0012198707609289464,100,0.028321510034528097,0.08064976146084189,0.2722956622203172,0.2439741521857893,0.028321510034527906,0.028321510034527906,4
2019-03-28,1.1128069494312902,0.004132793502131804,0.08391403837855939,0.0008298772872477135,100,0.026328918871168616,0.07841803793585883,0.19230437632071148,0.1659754574495427,0.026328918871168783,0.026328918871168783,4
2019-03-29,1.1219596703559056,0.008224895548408329,0.10690498577504644,0.0010420534386906897,100,0.02068763672219398,0.07765357084204977,0.22909832446033204,0.20841068773813795,0.020687636722194105,0.020687636722194105,4
2019-04-01,1.1333934916376485,0.010190937859750226,0.10328852566505786,0.0010113856303482086,105,0.02475815030402173,0.07689246417736821,0.2270352763736636,0.2022771260696417,0.024758150304021915,0.024758150304021915,5
2019-04-02,1.1333744612626762,-1.6790616068185216e-05,0.12585166586458035,0.0012337276692899204,108,0.029685818558829347,0.07494816927630907,0.2764313524168134,0.24674553385798406,0.029685818558829326,0.029685818558829326,5
2019-04-03,1.1398913761904939,0.005750010389820481,0.1230212006599704,0.0011761501951027843,106,0.018669023006341434,0.054576322504727215,0.25389906202689844,0.23523003902055686,0.018669023006341587,0.018669023006341587,4
2019-04-04,1.1269917888789074,-0.011316505748729111,0.10905461020529784,0.0010713764373483643,108,0.01502854586389124,0.05574499393616634,0.22930383333356402,0.21427528746967284,0.01502854586389118,0.01502854586389118,4
2019-04-05,1.1323906091331166,0.0047904699106813275,0.11094316270576307,0.0011053804081859312,107,0.014130118473586473,0.04561373001314585,0.23520620011077256,0.22107608163718623,0.014130118473586346,0.014130118473586346,4
2019-04-08,1.1332786771139705,0.0007842417392824874,0.10891711806230077,0.0010766036339910352,102,0.01661735443906187,0.0539691198846,0.2319380812372688,0.21532072679820702,0.01661735443906179,0.01661735443906179,4
2019-04-09,1.1308628847815412,-0.0021316842725580543,0.0857691506873338,0.000798812771185267,106,0.004863803414713264,0.0529530217577196,0.1646263576517666,0.1597625542370534,0.004863803414713217,0.004863803414713217,1
2019-04-10,1.1382658227463869,0.006546273703443628,0.08875512027708177,0.0008785111838833733,111,0.0066359293641956585,0.04965423662112379,0.18233816614087014,0.17570223677667465,0.00663592936419549,0.00663592936419549,2
2019-04-11,1.1363654063130357,-0.001669571725140484,0.08690017856587644,0.0008361344342353613,108,0.013214939529095582,0.05041204894473901,0.1804418263761679,0.16722688684707226,0.013214939529095622,0.013214939529095622,3
2019-04-12,1.141525661454065,0.004541017451219265,0.1351055561003883,0.0013332802468742073,106,0.009582599133098446,0.06507290781820449,0.27623864850793994,0.26665604937484144,0.009582599133098509,0.009582599133098509,2
2019-04-15,1.14067173163126,-0.0007480601195747338,0.10722281013465232,0.0010617574353122509,107,0.011673724053948287,0.06686517313778184,0.2240252111163984,0.21235148706245016,0.011673724053948252,0.011673724053948252,2
2019-04-16,1.1369206381413823,-0.003288495178637718,0.09143658524555409,0.000901395220255691,101,0.00910755590087331,0.06888128807468591,0.1893865999520114,0.1802790440511382,0.009107555900873178,0.009107555900873178,2
2019-04-17,1.1210977981302406,-0.013917277495295255,0.13872351970451777,0.001386582973846959,105,0.009353735253463835,0.07350135657565933,0.2866703300228556,0.2773165947693918,0.009353735253463792,0.009353735253463792,3
2019-04-18,1.1193993447596633,-0.001514991264285781,0.09547079410693342,0.0009507820616641891,109,0.010144196605444078,0.07068076300738643,0.2003006089382818,0.1901564123328378,0.010144196605444,0.010144196605444,3
2019-04-22,1.1203371895197614,0.000837810710260456,0.10901603406490523,0.0010863520608028572,106,0.009363037890363857,0.07503371518311308,0.22663345005093535,0.21727041216057144,0.009363037890363905,0.009363037890363905,3
2019-04-23,1.1309950730519431,0.009513103404833245,0.14739369792419588,0.0014702114892151108,104,0.0100062677840983,0.07072576076029369,0.3040485656271205,0.29404229784302216,0.010006267784098386,0.010006267784098386,3
2019-04-24,1.130523692489484,-0.00041678392213262416,0.1127928418228315,0.0011227623841838427,106,0.011032407437975067,0.06920045727492005,0.23558488427474375,0.22455247683676854,0.01103240743797521,0.01103240743797521,3
2019-04-25,1.1299196264850584,-0.0005343240556907602,0.10416237976741455,0.0010299861677936944,103,0.013354462144261947,0.06756904460467655,0.21935169570300078,0.20599723355873886,0.013354462144261925,0.013354462144261925,4
2019-04-26,1.1311652792883058,0.0011024260257539442,0.1227271654030432,0.0012200970221771682,105,0.011888553882729247,0.07087290397671826,0.25590795831816276,0.24401940443543363,0.011888553882729108,0.011888553882729108,4
2019-04-29,1.1295803476860755,-0.0014011494440736572,0.1272173068866233,0.0012542947089258137,103,0.008314630234762865,0.06652347925120612,0.25917357201992564,0.2508589417851627,0.008314630234762912,0.008314630234762912,3
2019-04-30,1.1367885191715468,0.00638128265973914,0.11770862017843976,0.0011741352873696168,105,0.0088423909447497,0.06539454149482028,0.2436694484186729,0.23482705747392335,0.00884239094474958,0.00884239094474958,3
2019-05-01,1.124594031118722,-0.01072713864291297,0.12700147806577286,0.0012665811643691209,107,0.009613675248314357,0.06855079241916423,0.2629299081221384,0.25331623287382415,0.009613675248314245,0.009613675248314245,4
2019-05-02,1.126997629394707,0.0021373030706859364,0.13241071964659956,0.0013063781244718612,106,0.006034825024388901,0.053853383531865064,0.267310449918761,0.2612756248943722,0.006034825024388827,0.006034825024388827,4
2019-05-03,1.1290047598051263,0.0017809535335910898,0.09907733983908619,0.0009836675083733084,103,0.007439348684264768,0.05465377326795974,0.20417285035892652,0.19673350167466166,0.007439348684264848,0.007439348684264848,4
2019-05-06,1.1181258369015168,-0.00963585211588236,0.13135895064827016,0.0013113530000473503,99,0.007949181366152636,0.05140067093681507,0.2702197813756226,0.26227060000947006,0.007949181366152556,0.007949181366152556,5
2019-05-07,1.0926001512770942,-0.022828991855834202,0.17015442304383424,0.0016739661695106217,101,0.013636887417135535,0.06264243818032018,0.34843012131925977,0.33479323390212434,0.013636887417135441,0.013636887417135441,6
2019-05-08,1.0906071754436364,-0.0018240669572746615,0.107630506505497,0.0010671364181173615,103,0.015480957843950427,0.048038416552237534,0.22890824146742292,0.21342728362347227,0.015480957843950654,0.015480957843950654,5
2019-05-09,1.086065775058375,-0.0041641027929363306,0.13335430856445793,0.0013014798554287148,99,0.00911281325442359,0.048424508768610805,0.2694087843401664,0.2602959710857429,0.009112813254423478,0.009112813254423478,4
2019-05-10,1.0901538660224876,0.003764128341023243,0.09054764624734354,0.0009036382415428812,101,0.009438080467716659,0.06321286329466021,0.19016572877629281,0.18072764830857624,0.009438080467716574,0.009438080467716574,4
2019-05-13,1.0488720811269137,-0.037867851669593944,0.07662168921265351,0.0007637227380860559,107,0.00930322435389519,0.06220906689557902,0.16204777197110634,0.15274454761721118,0.009303224353895165,0.009303224353895165,5
2019-05-14,1.0648528542563616,0.015236150734680765,0.13750893157391894,0.0013616630628597508,105,0.011836379099240513,0.06430625226372987,0.2841689916711906,0.27233261257195013,0.011836379099240483,0.011836379099240483,4
2019-05-15,1.0713135229466237,0.006067193851655661,0.11983301226002728,0.0011880144147892067,106,0.0138141631465577,0.06085829050008412,0.2514170461043989,0.23760288295784135,0.013814163146557588,0.013814163146557588,5
2019-05-16,1.0808513685995293,0.008902945261693329,0.07802120042110923,0.0007620518417668085,102,0.017313859965838674,0.06110583596997716,0.16972422831920048,0.1524103683533617,0.017313859965838795,0.017313859965838795,4
2019-05-17,1.0679299772193058,-0.011954827236760557,0.13055203113966296,0.0013030761948291279,100,0.01798933762573418,0.060944187601718054,0.27860457659155985,0.26061523896582556,0.017989337625734306,0.017989337625734306,4
2019-05-20,1.0480272000564523,-0.01863678105064215,0.10667753080808852,0.0010586985675484209,102,0.016696212784282682,0.060228638168113975,0.22843592629396667,0.21173971350968415,0.01669621278428252,0.01669621278428252,4
2019-05-21,1.0597331515333048,0.011169511131220666,0.1416381451417142,0.0013905821364094838,105,0.01132896023285035,0.050168929623395926,0.289445387514747,0.2781164272818967,0.011328960232850255,0.011328960232850255,4
2019-05-22,1.0524322447201964,-0.006889382296425217,0.1334035529489922,0.001328470475782644,103,0.012505407360697718,0.059590395153968675,0.27819950251722664,0.2656940951565288,0.01250540736069784,0.01250540736069784,3
2019-05-23,1.0331944869183842,-0.018279331423303846,0.0929779636973359,0.0009284402249127551,104,0.012994309834280182,0.0609511102978583,0.19868235481683125,0.185688044982551,0.012994309834280226,0.012994309834280226,4
2019-05-24,1.0324797562045882,-0.0006917678354322332,0.11849999020345042,0.001151213148321638,102,0.006230984784125537,0.04250087566896234,0.236473614448453,0.23024262966432762,0.006230984784125376,0.006230984784125376,4
2019-05-28,1.0259513838652583,-0.0063230027514808995,0.18077253093325873,0.0018005802250537933,107,0.0076883600964327,0.06540380927019188,0.36780440510719153,0.36011604501075867,0.00768836009643284,0.00768836009643284,5
2019-05-29,1.0163313065644184,-0.009376737974265748,0.17656010926216412,0.0017633601270893378,110,0.008195641650220575,0.0854279749617645,0.36086766706808826,0.3526720254178676,0.008195641650220692,0.008195641650220692,5
2019-05-30,1.0201784426284886,0.0037853168934398607,0.13402255282209732,0.0013350855906635417,103,0.009181822429571662,0.04521117101492894,0.27619894056228,0.26701711813270834,0.009181822429571647,0.009181822429571647,6
2019-05-31,1.0036531335797212,-0.016198449563578188,0.15196797052782599,0.0015154009248391192,105,0.008463103272886685,0.062137470774057,0.3115432882407106,0.30308018496782385,0.008463103272886768,0.008463103272886768,5
2019-06-03,0.9887885887343543,-0.014810440328472563,0.11766051943224662,0.0011625470230489912,106,0.011391977432701705,0.06101292283188507,0.24390138204250006,0.23250940460979824,0.011391977432701832,0.011391977432701832,5
2019-06-04,1.018105649105041,0.02964947280410324,0.18971674687269854,0.0018901833467548973,104,0.009646200253286996,0.06574651198119767,0.3876828696042665,0.37803666935097946,0.009646200253287066,0.009646200253287066,5
2019-06-05,1.026503524631144,0.008248530526753228,0.14738782218120083,0.0014209159900835373,98,0.02014613625593009,0.04578664372499622,0.3043293342726376,0.28418319801670744,0.02014613625593013,0.02014613625593013,6
2019-06-06,1.0301018491168827,0.0035054185391441006,0.12489556947513546,0.0012189665775813787,103,0.014053467189286906,0.04624420464336539,0.25784678270556277,0.24379331551627573,0.014053467189287051,0.014053467189287051,5
2019-06-07,1.0438741790065327,0.013369872019409534,0.10486202773870189,0.0010220415334903775,104,0.019169628147335582,0.04516588382971892,0.22357793484541114,0.2044083066980755,0.019169628147335627,0.019169628147335627,6
2019-06-10,1.053292339453403,0.009022313834636364,0.1334434514505818,0.0013109633172726813,110,0.023667553718809242,0.06765487713347557,0.28586021717334537,0.26219266345453623,0.023667553718809162,0.023667553718809162,5
2019-06-11,1.053623155684732,0.00031407826577423137,0.1467256887915478,0.0014427546340803955,107,0.028526437604047605,0.06032950629674027,0.3170773644201268,0.2885509268160791,0.02852643760404769,0.02852643760404769,6
2019-06-12,1.0503940620718384,-0.0030647519423536718,0.15464287262351267,0.0015404259003566187,108,0.027369489696177585,0.06419604719840369,0.3354546697675012,0.30808518007132374,0.027369489696177453,0.027369489696177453,7
2019-06-13,1.0511478967761412,0.000717668474644606,0.15482798482526183,0.0015302628305613462,109,0.03091141262443209,0.042779561745396516,0.3369639787367014,0.3060525661122692,0.030911412624432234,0.030911412624432234,6
2019-06-14,1.043513117740814,-0.00726327765935042,0.11094079867600695,0.0010816399617588142,101,0.02555028882213095,0.06478668199802455,0.2418782811738937,0.21632799235176284,0.02555028882213088,0.02555028882213088,5
2019-06-17,1.044553954875621,0.0009974356020177044,0.10302938869575143,0.0010156695645215914,100,0.02842376914327771,0.06622380222700645,0.2315576820475959,0.2031339129043183,0.028423769143277586,0.028423769143277586,6
2019-06-18,1.0573952615448057,0.012293579100673302,0.09741645543736738,0.0009543378943689981,100,0.024086454407224456,0.08390359916452012,0.21495403328102405,0.19086757887379963,0.024086454407224442,0.024086454407224442,6
2019-06-19,1.0635516665289495,0.0058222362138729,0.15683662642465568,0.001561401470857108,100,0.02530259689826775,0.08179281021971595,0.3375828910696895,0.3122802941714216,0.025302596898267863,0.025302596898267863,5
2019-06-20,1.0721648518473619,0.008098511421192,0.09347274946082032,0.0009196888902255064,103,0.022068525238900683,0.08203439855222489,0.20600630328400224,0.18393777804510128,0.02206852523890097,0.02206852523890097,5
2019-06-21,1.0661192468019463,-0.005638689829272958,0.09459203967758932,0.0009255973985651796,103,0.018108526407546233,0.06351795818724565,0.20322800612058214,0.1851194797130359,0.018108526407546226,0.018108526407546226,4
2019-06-24,1.0618116496543053,-0.004040445907493528,0.09560969613183204,0.0009324044032442979,107,0.013426525171525872,0.08030665517141393,0.19990740582038535,0.1864808806488596,0.013426525171525767,0.013426525171525767,5
2019-06-25,1.0498385016767122,-0.011276150512655625,0.13270510342920372,0.0013005561897792906,102,0.01886095916713071,0.04128594002468202,0.27897219712298876,0.2601112379558581,0.018860959167130698,0.018860959167130698,5
2019-06-26,1.0505836738718595,0.0007097969773037782,0.11554562003802449,0.0011401770592151302,104,0.0157702633982163,0.04243776794468289,0.2438056752412423,0.22803541184302603,0.015770263398216248,0.015770263398216248,5
2019-06-27,1.058620177222146,0.007649560477813733,0.10163552686525505,0.0009888272933157932,105,0.01012947286626098,0.041682048793062906,0.20789493152941954,0.19776545866315862,0.010129472866260926,0.010129472866260926,4
2019-06-28,1.0661964233247083,0.007156718023685116,0.09693149106069762,0.0009260333010679546,100,0.018704502549366175,0.06443754262845576,0.20391116276295715,0.18520666021359092,0.018704502549366234,0.018704502549366234,6
2019-07-01,1.0739691756624141,0.00729016921053649,0.13410061306871895,0.0013052605118084452,103,0.011395769117860888,0.04517453233467019,0.27244787147955,0.261052102361689,0.011395769117860995,0.011395769117860995,5
2019-07-02,1.075869215847357,0.0017691757156541588,0.159535885406463,0.0015795027911987703,104,0.014528888317789646,0.0837232685754884,0.330429446557544,0.31590055823975405,0.01452888831778998,0.01452888831778998,4
2019-07-03,1.0829532876147718,0.006584510145905886,0.1130351887492055,0.0011259113091924128,105,0.013529481602738591,0.08328574528281646,0.23871174344122123,0.22518226183848256,0.013529481602738657,0.013529481602738657,4
2019-07-05,1.0813019298794917,-0.0015248651573118721,0.10093529501926611,0.0009709175729184791,105,0.0058499122172978035,0.08440214801830016,0.20003342680099345,0.19418351458369582,0.005849912217297635,0.005849912217297635,3
2019-07-08,1.0750672971130808,-0.005765857429946286,0.13710421978682097,0.0013696936580615913,107,0.005606070569609156,0.06582667015242598,0.2795448021819276,0.27393873161231824,0.005606070569609334,0.005606070569609334,3
2019-07-09,1.079993792012347,0.004582499079355706,0.09651587795928843,0.0009430889965827972,107,0.00998919163873535,0.06698578833075929,0.19860699095529485,0.18861779931655945,0.009989191638735405,0.009989191638735405,3
2019-07-10,1.0831302431484622,0.002904138115711774,0.1550895257051449,0.0015397924210678415,103,0.007724361713330241,0.06270457848770454,0.3156828459268985,0.3079584842135683,0.0077243617133301795,0.0077243617133301795,2
2019-07-11,1.0848148980416452,0.0015553576348177334,0.10185713595154695,0.0010095378574638048,105,0.005897879889630309,0.06281199343469097,0.20780545138239148,0.20190757149276095,0.005897879889630528,0.005897879889630528,4
2019-07-12,1.0911578031837221,0.005846993024826164,0.10204542667766721,0.0010062526754559035,104,0.0030173769649122217,0.06368919901673593,0.20426791205609288,0.20125053509118068,0.0030173769649122044,0.0030173769649122044,2
2019-07-15,1.0934844577651557,0.0021322805689927282,0.09078896700701333,0.0008952083777284928,103,0.005544519794929426,0.06397082576169927,0.184586195340628,0.17904167554569855,0.005544519794929468,0.005544519794929468,2
2019-07-16,1.0887421054711452,-0.004336917877829527,0.09198832125546874,0.0009164992586483415,105,0.006240357761015947,0.08280467252922075,0.18954020949068404,0.1832998517296683,0.006240357761015721,0.006240357761015721,2
2019-07-17,1.084088333751928,-0.004274448187344904,0.1060491132543168,0.001048172008472835,102,0.008724402120071972,0.06315995163304035,0.21835880381463899,0.209634401694567,0.008724402120071955,0.008724402120071955,4
2019-07-18,1.0872439908271547,0.0029108855588411142,0.10573249576722903,0.0010489842279303913,106,0.010358100844017004,0.0614265560801881,0.22015494643009514,0.20979684558607825,0.010358100844016893,0.010358100844016893,3
2019-07-19,1.0770154689486717,-0.009407752045335616,0.10036733182699033,0.0009933317609408766,108,0.008377774534596316,0.061140797333438426,0.20704412672277173,0.19866635218817533,0.008377774534596403,0.008377774534596403,3
2019-07-22,1.0797859935893683,0.002572409329831604,0.16552691427896388,0.0016517691272887281,103,0.007642473021672758,0.06262209316960615,0.3379962984794185,0.3303538254577456,0.0076424730216728826,0.0076424730216728826,3
2019-07-23,1.0828374941080987,0.002826023431353075,0.12842446017025969,0.0012796397477107865,104,0.008532154823390425,0.06474871140361751,0.26446010436554757,0.2559279495421573,0.00853215482339024,0.00853215482339024,3
2019-07-24,1.0940545043977992,0.010358904591625251,0.21050653992650367,0.002056537791821972,107,0.018132831908559188,0.045084914733535285,0.4294403902729535,0.41130755836439437,0.01813283190855911,0.01813283190855911,3
2019-07-25,1.080680580053664,-0.012224184709605956,0.22652713526519996,0.002247175270841431,112,0.021935198568850733,0.07326245600842923,0.47137025273713684,0.44943505416828616,0.02193519856885069,0.02193519856885069,3
2019-07-26,1.0867685448781685,0.0056334544516403184,0.21866586981564,0.002099118475235856,110,0.004258488630732082,0.07065010805686936,0.4240821836779032,0.41982369504717115,0.0042584886307320425,0.0042584886307320425,2
2019-07-29,1.0820473396799912,-0.004344260073065098,0.2669278320368868,0.0026025122086687953,103,0.01761916054712198,0.0762879303006702,0.5381216022808811,0.520502441733759,0.01761916054712207,0.01761916054712207,3
2019-07-30,1.07422993790132,-0.0072246393406254494,0.28728519237273564,0.0028208605272448967,110,0.007299036782084212,0.0692363278163304,0.5714711422310637,0.5641721054489793,0.007299036782084352,0.007299036782084352,2
2019-07-31,1.0602744390144203,-0.01299116548004986,0.30977981880203,0.003066180094761504,102,0.0010488144676781275,0.07616348376357727,0.6142848334199792,0.6132360189523008,0.001048814467678377,0.001048814467678377,1
2019-08-01,1.0556383252799935,-0.0043725601257881275,0.20465064904822317,0.0020063546517373357,105,0.00908167482627742,0.05438741555577205,0.41035260517374456,0.40127093034746714,0.009081674826277423,0.009081674826277423,4
2019-08-02,1.0423478655209415,-0.012589974653986591,0.17742846746867116,0.0017074483429471983,102,0.02254903289161092,0.07578003949451878,0.36403870148105033,0.34148966858943963,0.02254903289161068,0.02254903289161068,3
2019-08-05,1.0029371071818172,-0.037809602382049,0.3879481839389032,0.003814332964078935,109,0.010315940534140089,0.06484312508139692,0.7731825333499271,0.762866592815787,0.010315940534140281,0.010315940534140281,2
2019-08-06,1.0186718084267419,0.01568862208033983,0.33306353986882636,0.0032902314176067784,107,0.018203976174179126,0.06492986784430806,0.6762502596955347,0.6580462835213556,0.018203976174179015,0.018203976174179015,3
2019-08-07,1.0195952531687555,0.0009065184040382146,0.35861674398845433,0.0035561696095801724,105,0.024122377146427176,0.05105546918358901,0.7353562990624617,0.7112339219160345,0.02412237714642713,0.02412237714642713,4
2019-08-08,1.0457940875419796,0.0256953279174279,0.20550521398487506,0.002023512453543611,111,0.01716254618627533,0.0422833491133754,0.4218650368949975,0.40470249070872216,0.01716254618627537,0.01716254618627537,4
2019-08-09,1.035786314024667,-0.009569544938654806,0.2086787735240741,0.0020591058228133304,111,0.01175630737473432,0.042171637470350354,0.4235774719374004,0.4118211645626661,0.01175630737473431,0.01175630737473431,2
2019-08-12,1.0207819475936186,-0.014485967064719385,0.11750314977616833,0.001171187908110068,112,0.011146422937553524,0.06187969628228071,0.24538400455956716,0.2342375816220136,0.011146422937553555,0.011146422937553555,2
2019-08-13,1.0359283063732025,0.014837996317714763,0.13483536501228147,0.001338852406436269,106,0.012868994057025684,0.048194040933970825,0.2806394753442795,0.2677704812872538,0.012868994057025716,0.012868994057025716,2
2019-08-14,1.0038810267674159,-0.030935808403560805,0.11977725864996834,0.0011958570106595408,111,0.01364705030434532,0.04829607833707298,0.25281845243625356,0.23917140213190816,0.01364705030434539,0.01364705030434539,3
2019-08-15,1.004768561390322,0.000884103393968827,0.15544264427813861,0.0015232322638830964,113,0.007375390513684743,0.04550396829920931,0.31202184329030425,0.3046464527766193,0.007375390513684957,0.007375390513684957,3
2019-08-16,1.0172509864774446,0.012423184369792173,0.07837211937132256,0.0007714990629932815,110,0.00972369485354696,0.04496754951699499,0.1640235074522031,0.1542998125986563,0.009723694853546775,0.009723694853546775,3
2019-08-19,1.0256769758916757,0.008283097805988682,0.09458116948923781,0.0009245428918531343,110,0.013888658685309974,0.04645030573729072,0.19879723705593702,0.18490857837062685,0.013888658685310182,0.013888658685310182,3
2019-08-20,1.0210519659874335,-0.004509226601505212,0.1031673407826908,0.0010215104551791494,109,0.01596990832898104,0.05211855009168456,0.22027199936481096,0.20430209103582989,0.015969908328981087,0.015969908328981087,3
2019-08-21,1.0322749539489784,0.010991593312972503,0.08507488202205171,0.0008433271200838184,108,0.014298620560782904,0.053852249665746546,0.18296404457754636,0.16866542401676368,0.014298620560782698,0.014298620560782698,3
2019-08-22,1.0288344187933642,-0.003332963899252195,0.10619662172017606,0.0010601448113528478,111,0.01469550858577795,0.04142522942536831,0.22672447085634762,0.21202896227056955,0.014695508585778056,0.014695508585778056,2
2019-08-23,1.0049795447232537,-0.023186310288965672,0.074580651769234,0.0007207400076195512,111,0.01002018604922239,0.04088205806132117,0.1541681875731326,0.14414800152391025,0.010020186049222347,0.010020186049222347,2
2019-08-26,1.0154506457820853,0.01041921809633961,0.24150761844727314,0.0024025488308956184,106,0.007387563664680963,0.05540526156466254,0.4878973298438044,0.48050976617912367,0.007387563664680727,0.007387563664680727,3
2019-08-27,1.015511581722102,6.00087658320092e-05,0.15017745736235344,0.0014667603147188945,110,0.014379137018629584,0.05156363206031224,0.3077311999624083,0.2933520629437789,0.0143791370186294,0.0143791370186294,3
2019-08-28,1.0137563424962421,-0.001728428564924278,0.10145571570998817,0.0010108868698247623,114,0.013655415058120068,0.06749974178105074,0.21583278902307276,0.20217737396495244,0.01365541505812032,0.01365541505812032,2
2019-08-29,1.0244646408290043,0.010562990221490987,0.16828906636496258,0.0016762727557190905,113,0.014813611391079617,0.04565076374024276,0.3500681625348976,0.3352545511438181,0.014813611391079536,0.014813611391079536,2
2019-08-30,1.0224084240349975,-0.0020071134835292215,0.16179407135528445,0.0015924036159334731,108,0.019927186620973036,0.06455936169912814,0.3384079098076677,0.3184807231866946,0.019927186620973106,0.019927186620973106,2
2019-09-03,1.0117227562652191,-0.01045146686840348,0.12430136773812282,0.0012325724966110298,110,0.018024597378059948,0.04847219407032586,0.2645390967002658,0.24651449932220595,0.018024597378059892,0.018024597378059892,2
2019-09-04,1.0203935371956332,0.008570313237217686,0.14248871558165302,0.001389043060231343,109,0.010677790286312105,0.048560288175981174,0.2884864023325807,0.2778086120462686,0.010677790286312099,0.010677790286312099,2
2019-09-05,1.034169666613852,0.01350080034422807,0.11419944663691353,0.0011133924324694777,106,0.016244228479716294,0.04834724939198506,0.23892271497361162,0.22267848649389554,0.016244228479716065,0.016244228479716065,2
2019-09-06,1.0303470966877912,-0.0036962696252510474,0.13469867800838858,0.0013324891832564372,107,0.01918228808991751,0.06580847642904858,0.28568012474120513,0.26649783665128746,0.01918228808991764,0.01918228808991764,2
2019-09-09,1.022432765804739,-0.00768122791678072,0.098621295249363,0.0009813862635662505,109,0.018346463416925585,0.06570530125760866,0.21462371613017564,0.19627725271325008,0.01834646341692555,0.01834646341692555,2
2019-09-10,1.0120345102964798,-0.010170111772655144,0.13822707403746023,0.0013598635530290982,110,0.01402832359985351,0.04870590330104339,0.28600103420567297,0.2719727106058196,0.014028323599853343,0.014028323599853343,2
2019-09-11,1.0189087974367255,0.006792542220948272,0.12132176972229403,0.001195676891162481,105,0.010408857110863146,0.04848066147357921,0.24954423534335946,0.23913537823249617,0.010408857110863265,0.010408857110863265,2
2019-09-12,1.022783157908656,0.003802460516267203,0.10524222980910788,0.0010320169267583282,107,0.014439800612756404,0.05742629350390372,0.22084318596442187,0.20640338535166564,0.014439800612756227,0.014439800612756227,2
2019-09-13,1.0175735221954347,-0.005093587700323199,0.09185360739764045,0.0009101189756303161,108,0.012817098668851834,0.056532448648891495,0.1948408937949151,0.18202379512606323,0.012817098668851886,0.012817098668851886,2
2019-09-16,1.0189900630958497,0.0013920772008284565,0.09798934646868984,0.0009777793661528455,107,0.013209585915338828,0.056847879394390954,0.20876545914590777,0.1955558732305691,0.013209585915338664,0.013209585915338664,2
2019-09-17,1.0265515400299297,0.007420560030886758,0.10114460037709105,0.0010101082007255022,106,0.013366601196334482,0.0627713902478669,0.21538824134143483,0.20202164014510043,0.013366601196334406,0.013366601196334406,2
2019-09-18,1.0240963880572191,-0.0023916499824635506,0.0949368633007696,0.0009323441421146836,103,0.01679105209739673,0.050196589057714125,0.20325988052033345,0.18646882842293672,0.01679105209739671,0.01679105209739671,2
2019-09-19,1.0239067456800488,-0.00018518020313507133,0.08221053664726138,0.0008170843217865651,102,0.015776230860022222,0.050496851829159445,0.17919309521733523,0.163416864357313,0.01577623086002222,0.01577623086002222,2
2019-09-20,1.0168891955423012,-0.0068537004637925225,0.08982225083250843,0.0008926885884904177,102,0.014764138178298358,0.04917846204209937,0.1933018558763818,0.17853771769808355,0.014764138178298232,0.014764138178298232,3
2019-09-23,1.0148252372044584,-0.0020296786974337566,0.08183881094299576,0.0008000776155171136,107,0.011120230317734014,0.04845819745562743,0.17113575342115667,0.1600155231034227,0.01112023031773398,0.01112023031773398,2
2019-09-24,1.0016291130264754,-0.013003346481936573,0.09840261809357456,0.000955360757785932,106,0.01698905641717363,0.04939367698120508,0.2080612079743602,0.1910721515571864,0.016989056417173784,0.016989056417173784,2
2019-09-25,1.009783676132113,0.008141300007742602,0.10128607395857384,0.0009953049698678447,104,0.013323933682290678,0.04925318438330441,0.21238492765585962,0.19906099397356894,0.013323933682290661,0.013323933682290661,2
2019-09-26,1.007930351172215,-0.0018353683107623642,0.07786696974151787,0.00075603219855585,105,0.017865840899905727,0.05072491437514531,0.1690722806110757,0.15120643971117,0.017865840899905717,0.017865840899905717,3
2019-09-27,0.9926907664979951,-0.015119680299830685,0.07016165253703839,0.0006931953589828292,104,0.016443305698336186,0.05041544292221447,0.1550823774949022,0.13863907179656584,0.01644330569833636,0.01644330569833636,2
2019-09-30,0.9982876660454579,0.005638109808563607,0.10198884653150751,0.0009932279411888401,109,0.01100277109825809,0.049252506453719015,0.20964835933602594,0.198645588237768,0.011002771098257928,0.011002771098257928,2
2019-10-01,0.988002623455289,-0.010302684226192405,0.08806348125884259,0.0008686867652949083,107,0.01349726122395889,0.05356702491725413,0.18723461428294047,0.17373735305898166,0.013497261223958792,0.013497261223958792,2
2019-10-02,0.9712170561712222,-0.01698939545865119,0.1288397088188779,0.0012771146543885659,109,0.011456512480840564,0.07080771348909724,0.2668794433585539,0.2554229308777132,0.01145651248084076,0.01145651248084076,2
2019-10-03,0.9810556801437845,0.010130200978294868,0.12332046025575508,0.0012216603563915641,112,0.009018914754690854,0.05608027626091597,0.25335098603300354,0.2443320712783128,0.009018914754690738,0.009018914754690738,2
2019-10-04,0.9919012779522088,0.011055027790914718,0.14044703917744847,0.001400263900595611,114,0.008066511573168511,0.050025007974198316,0.2881192916922906,0.2800527801191222,0.008066511573168383,0.008066511573168383,2
2019-10-07,0.9886969200580561,-0.0032305209856853256,0.08215767643269384,0.0007966934260389483,111,0.013062875357694903,0.04959707162622684,0.17240156056548459,0.15933868520778965,0.01306287535769493,0.01306287535769493,2
2019-10-08,0.970241762494391,-0.018666142464145108,0.11176848959552795,0.0011166740537938448,113,0.013094313986529715,0.04855481643555691,0.23642912474529898,0.22333481075876896,0.01309431398653003,0.01309431398653003,3
2019-10-09,0.9789394417233656,0.008964445321971937,0.11869482198303698,0.0011691191362824356,112,0.009396984144409481,0.05335333898587762,0.2432208114008966,0.23382382725648712,0.009396984144409487,0.009396984144409487,2
2019-10-10,0.9836049856743612,0.004765916819923222,0.08267398885985236,0.0008144395360579307,114,0.01180486486451926,0.052500060928257805,0.17469277207610548,0.16288790721158614,0.011804864864519359,0.011804864864519359,3
2019-10-11,0.9968034623181536,0.013418472695869488,0.06216432595363977,0.000598204537064657,113,0.016329335267223688,0.05300139931021953,0.13597024268015512,0.1196409074129314,0.01632933526722371,0.01632933526722371,3
2019-10-14,0.9981297170922091,0.0013305077923497777,0.09119571381871673,0.0008906066725774867,114,0.012023021015018953,0.05207104066465874,0.19014435553051623,0.17812133451549733,0.012023021015018892,0.012023021015018892,3
2019-10-15,1.0073811662575056,0.00926878441436263,0.10976844426741475,0.0010889350930904566,108,0.010149763670443068,0.05217721634914965,0.22793678228853437,0.21778701861809133,0.010149763670443037,0.010149763670443037,3
2019-10-16,0.9983183039901301,-0.008996457915770528,0.09894406183568617,0.0009756588537391322,113,0.012988264852265119,0.05047525458337,0.20812003560009154,0.19513177074782645,0.012988264852265095,0.012988264852265095,3
2019-10-17,0.9992299275134224,0.0009131591794406813,0.12300403713359995,0.0012228315746431156,108,0.011518788010544734,0.05192122001399569,0.2560851029391681,0.2445663149286231,0.01151878801054501,0.01151878801054501,3
2019-10-18,0.9897863037044553,-0.009450901688330626,0.11301009863954069,0.0011020042297499443,112,0.01723522607679251,0.0516662242127183,0.23763607202678141,0.22040084594998885,0.017235226076792582,0.017235226076792582,3
2019-10-21,0.9940950503796264,0.004353209030115712,0.10082129549512432,0.0009794311324570492,114,0.01138735068521024,0.05086903521921634,0.20727357717661987,0.19588622649140985,0.011387350685210018,0.011387350685210018,2
2019-10-22,0.9837321191162451,-0.010424487335918053,0.1442492859091046,0.0014402586349390835,113,0.011043890145905122,0.04965990199240436,0.2990956171337222,0.2880517269878167,0.011043890145905488,0.011043890145905488,3
2019-10-23,0.980594986367858,-0.0031890112027707085,0.24628691301329544,0.0024076063926169677,116,0.0,0.053965092848999405,0.48152127852339355,0.48152127852339355,0.0,0.0,0
2019-10-24,0.9999321217442554,0.019719798331850003,0.15644399854711083,0.0015644399854711083,107,0.0,0.05339205723261884,0.3128879970942217,0.31288799709422166,0.0,2.161357030849853e-16,0
2019-10-25,1.0056430323781784,0.0057112983068901,0.19496261883309404,0.0019302523246349061,108,0.0038747727392068887,0.054485444653264326,0.38992523766618803,0.3860504649269812,0.00387477273920682,0.00387477273920682,1
2019-10-28,1.0113453099237906,0.005670279972135983,0.12837797173582166,0.0012829248899318532,111,0.004018948043655657,0.051841446840094986,0.26060392603002647,0.25658497798637064,0.004018948043655792,0.004018948043655792,1
2019-10-29,1.0049579452239998,-0.006315711001094182,0.1408090480469595,0.00139283285302875,108,0.000987333096210019,0.06161755538670283,0.2795539037019601,0.27856657060574996,0.0009873330962101154,0.0009873330962101154,1
2019-10-30,1.0119614080016652,0.0069689112971831335,0.10781433489461786,0.0010589491995920469,101,0.004818291649192008,0.06542948872885099,0.21660813156760136,0.21178983991840936,0.004818291649192004,0.004818291649192004,1
2019-10-31,1.0036468319537533,-0.008216297560527441,0.15103276319676148,0.0015101895158809242,106,0.004878494535172195,0.05592583467853036,0.30691639771135726,0.30203790317618484,0.004878494535172433,0.004878494535172433,1
2019-11-01,1.0036865818018474,3.960541380565452e-05,0.23653240717672938,0.0023563728517649245,102,0.0030765622307434848,0.07600752434396064,0.4743511325837285,0.4712745703529849,0.003076562230743625,0.003076562230743625,1
2019-11-04,1.0025070433637582,-0.0011752059452381225,0.31277532312256634,0.0031168966289394423,106,0.005241901927140691,0.06460800318261486,0.6286212277150293,0.6233793257878885,0.005241901927140749,0.005241901927140749,2
2019-11-05,0.9977639148678751,-0.00473126700433768,0.16266305248050425,0.0016119090372513517,107,0.008202628536871925,0.06290028452619903,0.3305844359871423,0.32238180745027034,0.008202628536872005,0.008202628536872005,2
2019-11-06,0.99595020461173,-0.0018177749556970157,0.14446795299288367,0.0014436541644038256,109,0.008410776004251996,0.0683228656605115,0.29714160888501717,0.2887308328807651,0.008410776004252033,0.008410776004252033,3
2019-11-07,0.9904924131622928,-0.005479984264439186,0.35563976634684147,0.003532299087309949,108,0.013246963044950988,0.055142536543908424,0.7197067805069405,0.7064598174619897,0.013246963044950768,0.013246963044950768,3
2019-11-08,0.9934362966860875,0.0029721414164052273,0.1434019965318111,0.0013855222134398796,108,0.0034898579210886904,0.058935874038378265,0.28059430060906454,0.2771044426879759,0.0034898579210886765,0.0034898579210886765,2
2019-11-11,0.9939584329736862,0.0005255860786852473,0.17125773745095652,0.0017074065064644917,108,0.0024478955788627133,0.051558580241506655,0.34392919687176093,0.34148130129289833,0.0024478955788626556,0.0024478955788626556,2
2019-11-12,0.9993757533273059,0.005450248394605728,0.12355347280311725,0.0012321064898680343,109,0.0031172741748033417,0.05777830471947109,0.2495385721484104,0.24642129797360687,0.0031172741748035585,0.0031172741748035585,2
2019-11-13,0.9997860450596907,0.00041054801561757337,0.07814562994681727,0.0007762262827106509,114,0.004159579543635661,0.03828058097542184,0.159404836085766,0.15524525654213017,0.004159579543635822,0.004159579543635822,2
2019-11-14,1.0000941928048765,0.0003082136890273368,0.10400713298743694,0.0010353999361283448,115,0.0050882711471256226,0.057633498892081365,0.21216825837279457,0.20707998722566895,0.0050882711471256165,0.0050882711471256165,2
2019-11-15,1.006424275193283,0.006329486196348322,0.11281248460053617,0.0011277651083421293,117,0.005122512821828962,0.05371942573504795,0.23067553449025488,0.22555302166842583,0.005122512821829066,0.005122512821829066,2
2019-11-18,1.006965051885447,0.0005373247699733685,0.10145556706541897,0.0010059204797439989,116,0.003387573591640769,0.04055734110948676,0.20457166954044045,0.20118409594879977,0.0033875735916406788,0.0033875735916406788,3
2019-11-19,1.0087774134159375,0.001799825651443543,0.10529625133493786,0.001038473618449082,116,0.0062757548981872135,0.04465100585179672,0.2139704785880037,0.2076947236898164,0.006275754898187311,0.006275754898187311,2
2019-11-20,1.0048654516271207,-0.0038779236497474834,0.10301783375235925,0.001021165450662269,116,0.004491175635478073,0.04521204611911487,0.20872426576793174,0.2042330901324538,0.004491175635477945,0.004491175635477945,2
2019-11-21,0.9996247888845027,-0.005215288011078623,0.12376048740932095,0.0012311915684608127,113,0.005791823846657107,0.039546254659842635,0.25203013753881964,0.24623831369216254,0.005791823846657091,0.005791823846657091,2
2019-11-22,0.9969439781649582,-0.0026818169670802527,0.10251747850843188,0.0010240323599502907,114,0.00557296623523762,0.04735916460232809,0.2103794382252957,0.20480647199005814,0.005572966235237567,0.005572966235237567,2
2019-11-25,1.0072743424862387,0.010362030914009113,0.11945458610404568,0.0011923451855340296,110,0.005949369579091757,0.04784440797923298,0.24441840668589776,0.23846903710680592,0.005949369579091835,0.005949369579091835,2
2019-11-26,1.0074227409129046,0.00014732672163542126,0.21581416800739173,0.00215698112756272,110,0.006167772921743198,0.03767508829161376,0.4375639984342874,0.43139622551254403,0.006167772921743372,0.006167772921743372,4
2019-11-27,1.013826083173461,0.006356162115969122,0.1330149110605425,0.0013056013190878805,110,0.011030373677987537,0.05400235784710807,0.2721506374955636,0.2611202638175761,0.011030373677987532,0.011030373677987532,4
2019-11-29,1.0089025757493733,-0.0048563629460747215,0.1416354524730275,0.0014051510197161216,106,0.008827926607325232,0.0476480969789933,0.2898581305505493,0.2810302039432243,0.00882792660732498,0.00882792660732498,3
2019-12-02,0.9960979032240782,-0.0126916838484471,0.13593772668473472,0.0013490554767659904,107,0.006864987660620381,0.03961848713106277,0.27667608301381863,0.2698110953531981,0.0068649876606205204,0.0068649876606205204,3
2019-12-03,0.9903502479433232,-0.005770171046592498,0.14974676935224115,0.0014970091812357552,114,0.006802790658288815,0.04505825533602411,0.30620462690544,0.29940183624715105,0.006802790658288926,0.006802790658288926,2
2019-12-04,0.9945944778757101,0.004285584762765415,0.11854220974383067,0.0011654076685889058,109,0.010768752707513207,0.03534715799684508,0.24385028642529433,0.23308153371778118,0.01076875270751316,0.01076875270751316,3
2019-12-05,0.995685130006406,0.0010965797166151425,0.13369137538678744,0.001336329998154149,102,0.010859333145444294,0.053912207173677486,0.2781253327762741,0.2672659996308298,0.01085933314544429,0.01085933314544429,3
2019-12-06,1.0033251626092565,0.0076731412096124885,0.11774477362272777,0.0011576541372190527,107,0.00680544701983099,0.05437858435462819,0.23833627446364164,0.2315308274438105,0.006805447019831105,0.006805447019831105,3
2019-12-09,0.9965469988139504,-0.006755699994285824,0.13788013404220237,0.0013673762892774648,109,0.004557356158591319,0.0542913167627433,0.27803261401408436,0.273475257855493,0.004557356158591361,0.004557356158591361,2
2019-12-10,0.9967389552830044,0.00019262159163835335,0.12748557420633408,0.001261242351768727,106,0.007273409717739487,0.07933391687603662,0.2595218800714848,0.2522484703537454,0.007273409717739345,0.007273409717739345,2
2019-12-11,1.0025974474546355,0.005877659482033337,0.14996042933051393,0.001490370531606019,109,0.009066884503780903,0.055725384342698386,0.3071409908249845,0.2980741063212038,0.00906688450378074,0.00906688450378074,2
2019-12-12,1.012106643315102,0.009484560213681048,0.09207904242312255,0.0009078558798265478,108,0.011560451851671982,0.05665264062886273,0.19313162781698168,0.18157117596530956,0.011560451851672112,0.011560451851672112,3
2019-12-13,1.0119752727179774,-0.00012979916493216503,0.1181428484339943,0.0011481660302150134,109,0.004896186717277096,0.058009140691318434,0.23452939276027981,0.22963320604300266,0.004896186717277169,0.004896186717277169,2
2019-12-16,1.0215362424816263,0.009447829429636068,0.11862950745056594,0.0011586140034370433,109,0.010380955847915763,0.05608068512757969,0.24210375653532426,0.23172280068740864,0.010380955847915638,0.010380955847915638,4
2019-12-17,1.02176434788911,0.00022329644118124214,0.10545266484249406,0.0010463994203178666,110,0.008742332512359119,0.04749506570846241,0.21802221657593257,0.2092798840635733,0.008742332512359278,0.008742332512359278,6
2019-12-18,1.0221611324515336,0.00038833275328431505,0.09217296799618106,0.0009161840495606768,110,0.007621806339503268,0.03960215005649939,0.19085861625163866,0.18323680991213534,0.0076218063395033266,0.0076218063395033266,4
2019-12-19,1.0269802193839097,0.004714605925993265,0.09354891205230605,0.000914475349546254,110,0.011781858092699937,0.03991233986784817,0.1946769280019506,0.1828950699092508,0.011781858092699792,0.011781858092699792,4
2019-12-20,1.031232437217154,0.004140506071085959,0.09918715975420456,0.0009744326660305927,112,0.015209629405067093,0.06140405477358454,0.21009616261118583,0.19488653320611854,0.01520962940506728,0.01520962940506728,4
2019-12-23,1.0305886941559275,-0.0006242463270100806,0.112686712018048,0.0010921717332056486,108,0.008263430592564625,0.0661087743907784,0.22669777723369433,0.21843434664112973,0.008263430592564585,0.008263430592564585,4
2019-12-24,1.03171080720666,0.0010888078406989798,0.11817467027811883,0.0011672850113939297,110,0.011137146079962523,0.06641934979218936,0.2445941483587484,0.23345700227878594,0.011137146079962476,0.011137146079962476,4
2019-12-26,1.035632315167784,0.0038009759457122705,0.0918306488511464,0.0008823391454026018,109,0.01827865344092916,0.06743726558175894,0.19474648252144955,0.17646782908052036,0.01827865344092919,0.01827865344092919,4
2019-12-27,1.0335877250849532,-0.0019742432259846066,0.10497921856328027,0.0010294841667826118,106,0.014234352754815549,0.06396794030620771,0.220131186111338,0.20589683335652237,0.01423435275481564,0.01423435275481564,3
2019-12-30,1.0250878879277836,-0.008223624324167567,0.13730601563546393,0.001364144107692802,108,0.01254959289835833,0.04343576440594997,0.28537841443691886,0.2728288215385604,0.01254959289835841,0.01254959289835841,5
2019-12-31,1.0253570116039512,0.0002625371729947368,0.10027134482429333,0.0009914819278870643,105,0.010287555528557424,0.06686509064842541,0.20858394110597034,0.19829638557741283,0.01028755552855751,0.01028755552855751,5
2020-01-02,1.036981490642125,0.011337006434461117,0.0919618489797249,0.00091065447130141,104,0.008370165770675952,0.04308587167746382,0.19050106003095785,0.182130894260282,0.00837016577067582,0.00837016577067582,5
2020-01-03,1.0290064959503544,-0.007690585380489612,0.1283156098121558,0.001264954944128624,108,0.012064596994191823,0.04121996279871639,0.2650555858199166,0.2529909888257248,0.012064596994191833,0.012064596994191833,4
2020-01-06,1.0293713704405603,0.0003545891028304826,0.16463502518351564,0.001624197160969785,109,0.016471350370652504,0.06483062707523053,0.3413107825646096,0.324839432193957,0.0164713503706526,0.0164713503706526,3
2020-01-07,1.030966344130454,0.0015494638142219408,0.09890525700904007,0.0009640349597784282,114,0.011426491638968472,0.06446432741337697,0.20423348359465415,0.19280699195568562,0.011426491638968526,0.011426491638968526,3
2020-01-08,1.0363111363678816,0.005184254818653367,0.08636757609028248,0.0008383576022530591,109,0.006294397505090532,0.0652163833237239,0.1739659179557023,0.16767152045061182,0.006294397505090472,0.006294397505090472,3
2020-01-09,1.0410718864127537,0.00459393890290305,0.11954188360143278,0.0011850586537220686,108,0.004186152080614014,0.06801635686854186,0.2411978828250276,0.23701173074441373,0.004186152080613866,0.004186152080613866,3
2020-01-10,1.037617512462515,-0.0033180935873136086,0.11736139175360982,0.0011703407025132704,111,0.004849815837085991,0.0696628903546204,0.23891795633974003,0.23406814050265407,0.00484981583708598,0.00484981583708598,3
2020-01-13,1.0464930965705757,0.00855381101558006,0.12791085164726185,0.0012356489871877536,110,0.013494647281529493,0.061761195754444755,0.2606244447190802,0.2471297974375507,0.013494647281529487,0.013494647281529487,3
2020-01-14,1.043969208541625,-0.002411757934401626,0.10701637517535446,0.0010627597834981482,108,0.014993689197235649,0.06428288459627773,0.2275456458968654,0.21255195669962965,0.014993689197235776,0.014993689197235776,4
2020-01-15,1.043637149947237,-0.00031807316889342907,0.0966887181797817,0.000948008083900692,111,0.011208421564308235,0.06557862357469608,0.20081003834444677,0.1896016167801384,0.011208421564308374,0.011208421564308374,3
2020-01-16,1.0500994358461577,0.006192081126325855,0.11911618058836825,0.001189154507210012,110,0.011527658429077436,0.06370008314292021,0.24935855987107988,0.2378309014420024,0.011527658429077495,0.011527658429077495,3
2020-01-17,1.0538409589652902,0.003563017930885426,0.11499771779313386,0.001138729172853266,109,0.009224049709249615,0.06718462262000652,0.23696988427990273,0.2277458345706532,0.009224049709249536,0.009224049709249536,4
2020-01-21,1.0498586910435932,-0.0037788130057185843,0.12959217405557416,0.0012594022839345362,107,0.0019434857043219012,0.0639515196171585,0.2538239424912291,0.25188045678690724,0.001943485704321824,0.001943485704321824,2
2020-01-22,1.0505357463480494,0.0006449013664717729,0.14117359197071885,0.0013880420347931813,108,0.0066783142370461235,0.07295265313835922,0.2842867211956824,0.27760840695863626,0.006678314237046133,0.006678314237046133,4
2020-01-23,1.0522075674022873,0.001591398541220146,0.187971792726435,0.0018791278059143999,104,0.006537149527204189,0.05209090721460781,0.382362710710084,0.37582556118287996,0.006537149527204002,0.006537149527204002,2
2020-01-24,1.0412979782270628,-0.010368286175852393,0.1538708979292487,0.0015359069031166041,106,0.00715590826853596,0.06461563762556273,0.31433728889185675,0.30718138062332084,0.0071559082685358575,0.0071559082685358575,2
2020-01-27,1.0191550695874267,-0.02126471874778546,0.24856720008863362,0.002431658614010533,111,0.018096281355003407,0.07135997255682597,0.50442800415711,0.4863317228021066,0.018096281355003376,0.018096281355003376,4
2020-01-28,1.0326079386435596,0.013200021721502031,0.14499764392437312,0.0014300277782546922,110,0.01384524883513738,0.07365941200278107,0.29985080448607576,0.28600555565093844,0.013845248835137311,0.013845248835137311,2
2020-01-29,1.025859889692024,-0.006534957459653046,0.3935575861070721,0.003866163651044261,112,0.0,0.05714099670556664,0.7732327302088522,0.7732327302088522,0.0,0.0,0
2020-01-30,1.0284409011660895,0.0025159493026289947,0.11082646280298127,0.0011082646280298127,111,0.0,0.06153007548982931,0.22165292560596253,0.22165292560596253,0.0,0.0,0
2020-01-31,1.0033573643659386,-0.024389867003257293,0.21937863230912627,0.0021937863230912626,115,0.0,0.0815047763429499,0.43875726461825254,0.43875726461825254,0.0,0.0,0
2020-02-03,1.0128049946611613,0.009416017294289647,0.13070427885776414,0.0013045953064671817,110,0.0004894964220919507,0.06371865286065467,0.26140855771552807,0.26091906129343634,0.0004894964220917032,0.0004894964220917032,1
2020-02-04,1.0363352614158725,0.023232771242980954,0.11054828829013089,0.0011030936100229465,111,1.1102230246251565e-16,0.06387889581168311,0.22061872200458935,0.2206187220045893,0.0,2.0944075466988732e-16,0
2020-02-05,1.034801403241719,-0.0014800791126782231,0.19054488011121945,0.0018967077591600613,115,0.0017482083904267753,0.06582725738747679,0.3810897602224391,0.37934155183201224,0.0017482083904268922,0.0017482083904268922,1
2020-02-06,1.0369008903806272,0.0020288792925204913,0.21051441229249654,0.002102256244837447,111,0.0011634253101865388,0.08197823257244242,0.42161467427767607,0.42045124896748937,0.0011634253101866774,0.0011634253101866774,1
2020-02-07,1.0263277046776635,-0.010196910621884436,0.112770015684839,0.0011268724981971377,112,0.0013396180618368003,0.056882326169870136,0.22671411770126443,0.22537449963942754,0.0013396180618368621,0.0013396180618368621,1
2020-02-10,1.034428386864656,0.007892880753459286,0.12012439027515048,0.0012005880345738746,114,0.0011963580476233027,0.08462694666064918,0.24131396496239824,0.24011760691477493,0.001196358047623314,0.001196358047623314,2
2020-02-11,1.037952232880361,0.0034065635286613105,0.1574559237039118,0.0015334934931193795,112,0.009403616819298244,0.0865301961222104,0.31610231544317413,0.3066986986238759,0.009403616819298287,0.009403616819298287,2
2020-02-12,1.0482431432365118,0.009914628082251076,0.0966465355939406,0.0009317896252241397,114,0.002367476440547245,0.08760962264248351,0.18872540148537525,0.18635792504482795,0.002367476440547295,0.002367476440547295,1
2020-02-13,1.0503947092300772,0.0020525447816641673,0.08895804463601284,0.0008889982584313011,112,0.002476964257178804,0.08679285229414647,0.18027661594343905,0.17779965168626022,0.0024769642571788333,0.0024769642571788333,1
2020-02-14,1.046470558498553,-0.0037358820422853656,0.21359741523783765,0.0021334497487145226,114,0.0019760675758699886,0.08459584778705306,0.4286660173187745,0.4266899497429045,0.001976067575870041,0.001976067575870041,1
2020-02-18,1.0484148053865652,0.0018579088271739597,0.07797940165050701,0.0007699395945066781,113,0.0,0.07123122181679621,0.15398791890133562,0.15398791890133562,0.0,0.0,0
2020-02-19,1.0547909403329812,0.00608169105744838,0.12288532946548066,0.0012275561594381097,115,0.0002594270433393664,0.06044776284747466,0.24577065893096134,0.24551123188762194,0.00025942704333941296,0.00025942704333941296,1
2020-02-20,1.045773918662449,-0.008548633976402487,0.06644637218203127,0.0006551222085066583,114,0.0021297951532416315,0.05968694925863379,0.13315423685457328,0.13102444170133165,0.0021297951532416276,0.0021297951532416276,2
2020-02-21,1.0284803421758997,-0.016536630124289187,0.06218613941243223,0.0006126600193431383,117,0.0003240052580540942,0.06336798463134578,0.12285600912668189,0.12253200386862766,0.0003240052580542286,0.0003240052580542286,1
2020-02-24,0.989207227978901,-0.03818557592837468,0.10673939600141706,0.001059853575982927,109,0.0018445885613465052,0.06230657036545034,0.21381530375793187,0.2119707151965854,0.0018445885613464646,0.0018445885613464646,1
2020-02-25,0.9541568266528277,-0.03543281967084544,0.32330107202663605,0.0031734635603970275,108,0.013815711665174035,0.08371875259486741,0.6485084237445794,0.6346927120794055,0.013815711665173947,0.013815711665173947,3
2020-02-26,0.9508412098132549,-0.003474918112994052,0.2629944392960741,0.00262657640061481,103,0.013153874510082986,0.056472645614054115,0.5384691546330449,0.5253152801229619,0.01315387451008307,0.01315387451008307,3
2020-02-27,0.9151855632235539,-0.03749905475458282,0.17931325604634307,0.0017615759099295207,109,0.007330945286802892,0.052997160512167726,0.3596461272727072,0.3523151819859041,0.007330945286803041,0.007330945286803041,1
2020-02-28,0.9188177465246017,0.00396879435931452,0.36358680213074107,0.003603760381144128,106,0.013697178787601905,0.06948230268032479,0.7344492550164277,0.7207520762288256,0.013697178787602009,0.013697178787602009,5
2020-03-02,0.9495419870122696,0.0334388844837632,0.18883886586487136,0.00186323843994102,107,0.008199241398429202,0.05806755019840556,0.38084692938663317,0.37264768798820397,0.00819924139842921,0.00819924139842921,4
2020-03-03,0.9197081753687296,-0.03141916002831213,0.20027471032107838,0.001985005179551858,108,0.004900023004655418,0.061313644545804326,0.40190105891502714,0.3970010359103716,0.0049000230046555154,0.0049000230046555154,3
2020-03-04,0.9572925982343399,0.04086559614471397,0.15561860607498387,0.0015471184555445625,111,0.006513880152503981,0.06314310597416313,0.3159375712614163,0.3094236911089125,0.006513880152503797,0.006513880152503797,4
2020-03-05,0.9241345575440633,-0.034637310213652905,0.15729418986846466,0.0015360699579471926,107,0.014111622189891482,0.04806023947244905,0.32132561377932994,0.3072139915894385,0.01411162218989141,0.01411162218989141,5
2020-03-06,0.8984341198093819,-0.027810276679817725,0.19931928560355394,0.0019882498744102388,104,0.013497840242842618,0.0519931735775079,0.4111478151248904,0.3976499748820478,0.013497840242842663,0.013497840242842663,5
2020-03-09,0.8141883975873682,-0.09376950447951371,0.16337062508460762,0.0016172897421997054,110,0.011587098672045548,0.03904257907320056,0.33504504711198657,0.3234579484399411,0.011587098672045531,0.011587098672045531,3
2020-03-10,0.8576986881895557,0.053440076929515135,0.21237888474376607,0.0020811163928470887,108,0.002441913743417512,0.0831611164235406,0.41866519231283533,0.41622327856941777,0.002441913743417531,0.002441913743417531,3
2020-03-11,0.8020019125827064,-0.06493746157454783,0.18945654817471172,0.0018443078357182313,112,0.012658210580127505,0.06351759893801164,0.38151977772377377,0.36886156714364626,0.012658210580127513,0.012658210580127513,5
2020-03-12,0.7086879771102566,-0.11635126301874854,0.11973366355142195,0.0011768947414245142,112,0.01021969708318271,0.060437944145012315,0.24559864536808557,0.23537894828490283,0.010219697083182731,0.010219697083182731,5
2020-03-13,0.7734322450031181,0.09135793181769869,0.16961526963479073,0.0016893806654445596,113,0.007993976991413243,0.05991657498856662,0.3458701100803249,0.3378761330889119,0.007993976991413,0.007993976991413,3
2020-03-16,0.6678687158679263,-0.1364871064236095,0.19206840456302968,0.0019121291117764638,113,0.00752881906727243,0.05595627812899966,0.3899546414225653,0.38242582235529277,0.007528819067272554,0.007528819067272554,3
2020-03-17,0.6961955736053476,0.04241381137400513,0.18988785644003245,0.0018949139305126476,111,0.006415873145440121,0.03610941636650334,0.3853986592479696,0.3789827861025295,0.0064158731454401164,0.0064158731454401164,2
2020-03-18,0.6348617223288944,-0.0880985941332938,0.16362749972187796,0.0016320775795651337,111,0.0061847428840093865,0.043743158207820994,0.33260025879703614,0.32641551591302675,0.0061847428840094,0.0061847428840094,2
2020-03-19,0.682933507644215,0.07572008773654915,0.14868981135138382,0.0014845799537704877,110,0.005277230575984171,0.04295168372581759,0.30219322133008164,0.2969159907540975,0.005277230575984135,0.005277230575984135,2
2020-03-20,0.6768373274153621,-0.00892646232849481,0.19825008768528576,0.0019726246143816455,108,0.007289510600082316,0.07197627807434427,0.40181443347641116,0.3945249228763291,0.007289510600082036,0.007289510600082036,2
2020-03-23,0.6748056016361162,-0.0030017933363757354,0.18509443521980287,0.0018355647798903407,107,0.004222122969754438,0.0723290328318326,0.3713350789478226,0.36711295597806815,0.004222122969754473,0.004222122969754473,2
2020-03-24,0.761629851104216,0.12866557310370252,0.18207586446803153,0.0018135828143950351,111,0.0022988592384146633,0.07269969880958645,0.3650154221174218,0.362716562879007,0.002298859238414768,0.002298859238414768,1
2020-03-25,0.7876859179143725,0.03421093169126732,0.21964683259423626,0.0021946099528682267,107,0.0018462618512848916,0.05266962499530483,0.44076825242493034,0.43892199057364534,0.0018462618512850235,0.0018462618512850235,2
2020-03-26,0.8325094464496481,0.0569053318281465,0.23644466911219783,0.002359727156917374,104,0.002686641144162283,0.04832466724322133,0.4746320725276371,0.4719454313834748,0.002686641144162347,0.002686641144162347,3
2020-03-27,0.7949805381927071,-0.04507925815975811,0.20103613653321226,0.0020093494101437316,104,0.0026054260154909636,0.04500043812203511,0.4044753080442372,0.4018698820287463,0.002605426015490935,0.002605426015490935,2
2020-03-30,0.8167012151238223,0.02732227505907825,0.1474195431373005,0.0014696548442818902,113,0.001624288431125831,0.040748433268995674,0.2955552572875041,0.29393096885637804,0.001624288431126048,0.001624288431126048,1
2020-03-31,0.8161826294772352,-0.0006349759703840885,0.12500710296283377,0.001242288385978223,108,0.003179830083847701,0.04120367266103798,0.2516375072794924,0.24845767719564457,0.003179830083847837,0.003179830083847837,4
2020-04-01,0.7724318228170988,-0.053604187445350115,0.14193307809414915,0.0014145382072521496,109,0.002396669267151874,0.04527562297568646,0.28530431071758167,0.2829076414504299,0.0023966692671517397,0.0023966692671517397,2
2020-04-02,0.7853717851721034,0.016752238803176,0.12994653869299155,0.0012943872873954596,111,0.0013385101924315856,0.045895439516506126,0.26021596767152355,0.2588774574790919,0.0013385101924316856,0.0013385101924316856,1
2020-04-03,0.770068223680696,-0.01948575411077924,0.15466389962612428,0.0015455154203078195,105,0.0015877157894949034,0.045054801560736935,0.3106907998510589,0.3091030840615639,0.0015877157894950385,0.0015877157894950385,3
2020-04-06,0.8490818355420291,0.10260598922478792,0.08917628192329621,0.0008879405749905038,107,0.0006742391395349046,0.04528414148675568,0.17826235413763553,0.17758811499810076,0.0006742391395347621,0.0006742391395347621,2
2020-04-07,0.8597033775145153,0.012509444352564403,0.15805354679118694,0.0015772112073017108,112,0.0013297108310169614,0.04098522961894679,0.3167719522913592,0.31544224146034217,0.0013297108310170403,0.0013297108310170403,1
2020-04-08,0.8950714905358776,0.041139902373787285,0.1145100981410855,0.0011446041417565648,111,0.0013750743325281478,0.039720841646261745,0.23029590268384115,0.22892082835131297,0.0013750743325281695,0.0013750743325281695,1
2020-04-09,0.9017963416859782,0.0075132000306192825,0.12916593554961317,0.0012916585797438235,111,0.001362902133479671,0.04529815994380532,0.25969461808224437,0.2583317159487647,0.0013629021334796863,0.0013629021334796863,2
2020-04-13,0.9038483473243872,0.0022754645850222577,0.16143122528974846,0.001612219348969061,113,0.0017761964156879362,0.03828012481013039,0.3242200662095,0.3224438697938122,0.0017761964156878596,0.0017761964156878596,1
2020-04-14,0.9306489060798575,0.029651610068001544,0.15772137829403451,0.0015768593770797193,111,0.0017932070407723488,0.06502977070654747,0.3171650824567161,0.31537187541594386,0.0017932070407722692,0.0017932070407722692,1
2020-04-15,0.9046983935345299,-0.02788432068827995,0.13407767793371692,0.0013288149330619138,116,0.0042345617415938674,0.0570131539459619,0.26999754835397677,0.26576298661238273,0.004234561741594032,0.004234561741594032,2
2020-04-16,0.9022794117302604,-0.0026737991595395805,0.12413975451274332,0.0012393858158939422,111,0.004642997984655395,0.057733426500060116,0.25252016116344395,0.24787716317878844,0.004642997984655528,0.004642997984655528,3
2020-04-17,0.9448779734096974,0.04721216191528477,0.1498601062635903,0.0014966820645190054,114,0.004810838442683485,0.04659359034527259,0.30414725134648446,0.2993364129038011,0.004810838442683402,0.004810838442683402,3
2020-04-20,0.9306273544955782,-0.015081967529303464,0.1363519878791463,0.0013598472153398978,113,0.004143331536999417,0.05066917310544683,0.2761127746049789,0.27196944306797954,0.00414333153699936,0.00414333153699936,3
2020-04-21,0.8949315388753118,-0.038356722965245615,0.16668684123146005,0.0016661172310121566,114,0.0041511802415706844,0.05086972464155396,0.33737462644400223,0.33322344620243133,0.004151180241570894,0.004151180241570894,2
2020-04-22,0.9252511925471458,0.03387929953830615,0.1512768312792798,0.0015116068319523954,111,0.0037767842835813026,0.04410255687663883,0.3060981506740605,0.3023213663904791,0.0037767842835813954,0.0037767842835813954,2
2020-04-23,0.9238619607031298,-0.0015014645268293103,0.20407257717880467,0.002036900242237974,111,0.004539864927535886,0.06757712686555067,0.4119199133751306,0.4073800484475948,0.004539864927535825,0.004539864927535825,2
2020-04-24,0.9371443889031091,0.014377070130553227,0.1427570538102093,0.0014152837900782281,110,0.0020118363259690186,0.06576927261458118,0.28506859434161463,0.2830567580156456,0.002011836325969045,0.002011836325969045,2
2020-04-27,0.959192017564624,0.023526394569059805,0.1307145761797064,0.0013057872140554364,112,0.002234735911376684,0.0561216589260346,0.263392178722464,0.26115744281108727,0.0022347359113767114,0.0022347359113767114,2
2020-04-28,0.9636428235258261,0.00464016159402858,0.15413327548921654,0.0015369641465083693,111,0.0030947171014928943,0.05278376123778585,0.3104875464031668,0.30739282930167383,0.003094717101492931,0.003094717101492931,2
2020-04-29,1.0037701398752548,0.04164127555333086,0.13675216896176695,0.001355671846357801,113,0.005336941786754923,0.04933921858757268,0.27647131105831524,0.2711343692715602,0.005336941786755053,0.005336941786755053,2
2020-04-30,0.9858968165049581,-0.017806191537554472,0.16235794869755435,0.001614419614827654,115,0.003592948510622973,0.059903155561830936,0.32647687147615384,0.3228839229655308,0.0035929485106230433,0.0035929485106230433,1
2020-05-01,0.9565405418383222,-0.02977621407755937,0.1761088081568069,0.0017504015852498295,111,0.005834033419102824,0.051687546627725275,0.3559143504690687,0.3500803170499659,0.0058340334191028425,0.0058340334191028425,2
2020-05-04,0.9654835235321668,0.00934929707909471,0.15609712543096976,0.0015487057840427151,110,0.0033179489687357178,0.052682780896639435,0.3130591057772788,0.30974115680854303,0.0033179489687357403,0.0033179489687357403,2
2020-05-05,0.9768534784109875,0.01177643595327682,0.17823286065087252,0.0017793177549701178,108,0.0038756654846525684,0.05796555795499749,0.3597392164786762,0.35586355099402356,0.0038756654846526187,0.0038756654846526187,2
2020-05-06,0.9763330156008194,-0.0005327951649561902,0.14350409749878898,0.0014265869356975378,114,0.005563007458200153,0.08881682670462086,0.2908803945977076,0.28531738713950755,0.005563007458200045,0.005563007458200045,3
2020-05-07,1.0077513242823786,0.03217991011215049,0.11651375964680075,0.0011627593789340605,106,0.004907661249160866,0.08983669754243928,0.23745953703597314,0.2325518757868121,0.004907661249161035,0.004907661249161035,2
2020-05-08,1.030905413949407,0.02297599527692662,0.1467624309699072,0.0014672601233397628,106,0.004717559038644459,0.05830763473517214,0.29816958370659724,0.29345202466795256,0.0047175590386447025,0.0047175590386447025,2
2020-05-11,1.0313648047731085,0.0004456187905170772,0.19005705654420568,0.0018978096716578824,109,0.004154329943924617,0.05742554418358905,0.38371626427550104,0.3795619343315765,0.004154329943924579,0.004154329943924579,2
2020-05-12,1.025905837573597,-0.005292954708409403,0.1161492171379442,0.0011595593510612696,110,0.004558156867196406,0.0567652689703975,0.2364700270794501,0.2319118702122539,0.00455815686719622,0.00455815686719622,2
2020-05-13,1.0066618734230486,-0.018758021882459452,0.1492057759875189,0.0014915139910444256,108,0.00452961109588379,0.04643023231491714,0.30283240930476896,0.2983027982088851,0.00452961109588387,0.00452961109588387,2
2020-05-14,1.0231515293843787,0.016380530937621263,0.13045257063206106,0.001299706141771101,106,0.0034869042740414136,0.045739720821205226,0.2634281326282617,0.2599412283542202,0.0034869042740415515,0.0034869042740415515,2
2020-05-15,1.0265810926899666,0.0033519602982476915,0.1331904520415287,0.0013252457984200899,114,0.0021389053894631527,0.04732947952092276,0.2671880650734811,0.265049159684018,0.0021389053894630724,0.0021389053894630724,1
2020-05-18,1.0673802716446006,0.03974277263155823,0.11989475728984797,0.001194975206907293,112,0.0028491635570323526,0.039750945384054666,0.241844204938491,0.23899504138145858,0.002849163557032417,0.002849163557032417,2
2020-05-19,1.0662563827761689,-0.0010529413914499575,0.20549535849778175,0.0020480060915423664,112,0.004235824153699275,0.05005755344501367,0.41383704246217257,0.4096012183084733,0.004235824153699265,0.004235824153699265,2
2020-05-20,1.0859251067444766,0.018446524012449173,0.13750882651915808,0.001363397937065569,110,0.006491498269972862,0.058912352620047924,0.2791710856830867,0.27267958741311377,0.006491498269972887,0.006491498269972887,3
2020-05-21,1.073709481328127,-0.011249049626425145,0.12504230028609392,0.0012502507963985565,118,0.006591585198777117,0.057363066564604444,0.2566417444784885,0.2500501592797113,0.006591585198777154,0.006591585198777154,2
2020-05-22,1.0784005273577637,0.004369008666882834,0.13705538425976221,0.0013643917483759746,114,0.005321538553320959,0.05579757520038438,0.2781998882285159,0.2728783496751949,0.005321538553320953,0.005321538553320953,2
2020-05-26,1.080084778469363,0.0015618047922565381,0.10214025564508783,0.0010122756090647363,116,0.00713325132280207,0.057232178776648955,0.20958837313574924,0.20245512181294728,0.007133251322801964,0.007133251322801964,2
2020-05-27,1.0907315130018156,0.009857313744890073,0.13090865141319338,0.0012947624644095615,113,0.00418966731659709,0.0433589061839622,0.2631421601985095,0.2589524928819123,0.004189667316597195,0.004189667316597195,2
2020-05-28,1.083326491522644,-0.006789041474369983,0.13337640500533765,0.0013156869968795398,112,0.00782816623303273,0.05118696997213648,0.27096556560894053,0.26313739937590797,0.007828166233032546,0.007828166233032546,3
2020-05-29,1.106748260524901,0.02162023100657051,0.12786839412169387,0.0012669870553976398,112,0.005313415733599669,0.039517392629044724,0.2587108268131274,0.25339741107952796,0.005313415733599395,0.005313415733599395,3
2020-06-01,1.1160200329254528,0.008377489923638404,0.2319140560294445,0.002309851581141045,111,0.0033993053886932634,0.057212611068218774,0.4653696216169022,0.461970316228209,0.0033993053886931697,0.0033993053886931697,2
2020-06-02,1.1233006429201169,0.006523726976100264,0.13299667981238472,0.0013084709176839071,115,0.007672030006346198,0.038884914093906646,0.2693662135431277,0.2616941835367814,0.007672030006346257,0.007672030006346257,2
2020-06-03,1.1327342918562096,0.008398151461543879,0.15789234116719156,0.0015760601946634442,110,0.00816878825195888,0.03845429345674359,0.32338082718464783,0.31521203893268884,0.008168788251958976,0.008168788251958976,3
2020-06-04,1.1235989005833444,-0.008064902191576628,0.1747710739538295,0.0017440098017843272,111,0.007480654541794363,0.0661600513094285,0.35628261489866003,0.34880196035686545,0.0074806545417945534,0.0074806545417945534,2
2020-06-05,1.138998778737753,0.013705850144934528,0.14332592658201396,0.001428971909665782,110,0.00822643817085733,0.056355502548129766,0.2940208201040137,0.28579438193315637,0.008226438170857345,0.008226438170857345,2
2020-06-08,1.147502423452987,0.007465894497848291,0.17873652771772436,0.001787310998330176,109,0.008140025577821008,0.06587294837166674,0.36560222524385605,0.3574621996660352,0.00814002557782081,0.00814002557782081,2
2020-06-09,1.1480239313496863,0.00045447215277327757,0.16507352465931202,0.0016324691618303223,114,0.0044698285865358844,0.05030126285332259,0.3309636609526004,0.32649383236606444,0.004469828586535957,0.004469828586535957,2
2020-06-10,1.1577304789937852,0.008455004620580908,0.16427199357435504,0.0016417387100598065,112,0.004228831118980647,0.04555649894629592,0.3325765731309419,0.3283477420119613,0.004228831118980559,0.004228831118980559,2
2020-06-11,1.0998221750124029,-0.05001881269612252,0.2070788556712532,0.002047664154757305,113,0.009067254565905625,0.056462217072831354,0.4186000855173667,0.409532830951461,0.009067254565905717,0.009067254565905717,2
2020-06-12,1.1081070400005093,0.00753291320754923,0.18069496698591142,0.0017800100015673292,114,0.0035955096053242874,0.04985400650387525,0.35959750991878997,0.35600200031346585,0.0035955096053241296,0.0035955096053241296,2
2020-06-15,1.1266396255188091,0.016724544515384743,0.126958694748901,0.0012654262963448187,110,0.004364020721983164,0.07090250153032181,0.25744927999094686,0.25308525926896375,0.004364020721983149,0.004364020721983149,2
2020-06-16,1.1427309668873793,0.01428259844949098,0.12191771480322396,0.0012132846947008709,112,0.005475839284003081,0.0683582488238169,0.2481327782241774,0.24265693894017415,0.005475839284003238,0.005475839284003238,2
2020-06-17,1.1448571153641185,0.0018605853331608024,0.15011886645451786,0.001500946158891619,114,0.005505967393090949,0.045962652340666,0.30569519917141474,0.3001892317783238,0.005505967393090989,0.005505967393090989,2
2020-06-18,1.1443624619982675,-0.0004320655907297244,0.10492994993517263,0.0010461905627449555,122,0.006124371900776526,0.045522930799664234,0.21536248444976788,0.2092381125489911,0.006124371900776773,0.006124371900776773,2
2020-06-19,1.143288580482972,-0.0009384102947770367,0.1342683948341334,0.0013338521400936996,111,0.007888309442569907,0.06175221634917161,0.27465873746130964,0.2667704280187399,0.007888309442569718,0.007888309442569718,2
2020-06-22,1.1565635777364551,0.011611239261985151,0.12319999466352605,0.0012206477302076438,113,0.0055178060831783116,0.06366311383801872,0.24964735212470696,0.24412954604152876,0.005517806083178192,0.005517806083178192,2
2020-06-23,1.1520967736058576,-0.003862134530761896,0.18222975747773887,0.0017848872365142196,115,0.013011380022395325,0.0590144029927097,0.3699888273252396,0.3569774473028439,0.013011380022395654,0.013011380022395654,3
2020-06-24,1.122799443147952,-0.025429574258948873,0.1785033212075723,0.0017676688179466113,113,0.0168001662835503,0.04524783563993959,0.37033392987287267,0.35353376358932226,0.016800166283550362,0.016800166283550362,2
2020-06-25,1.136427531453673,0.012137598026867868,0.11657514834989963,0.001140999825504199,115,0.011629427249507773,0.04413831378076962,0.2398293923503476,0.2281999651008398,0.01162942724950776,0.01162942724950776,2
2020-06-26,1.1149466509943364,-0.01890211198232672,0.10797228403593709,0.0010487950800858001,106,0.018026603294664434,0.056974807243940086,0.22778561931182448,0.20975901601716002,0.01802660329466444,0.01802660329466444,3
2020-06-29,1.1200927609597164,0.004615566099768653,0.11116827127346758,0.0011013230371034956,117,0.015852085552721884,0.05633835593875145,0.23611669297342114,0.22026460742069912,0.01585208555272203,0.01585208555272203,2
2020-06-30,1.1407914985050027,0.018479485152239628,0.10416485792772624,0.0010410170198904703,111,0.01567457130989247,0.05600294077057004,0.22387797528798647,0.20820340397809406,0.015674571309892436,0.015674571309892436,2
2020-07-01,1.1500701409810399,0.008133512993563352,0.1335023267507916,0.0013313355359237259,114,0.016264957115448397,0.060354899992534426,0.28253206430019356,0.26626710718474517,0.0162649571154484,0.0162649571154484,4
2020-07-02,1.1559079792979936,0.005076071544622307,0.13881013733418218,0.0013810425584096704,118,0.017572225838261457,0.06144442436323412,0.29378073752019546,0.27620851168193405,0.017572225838261422,0.017572225838261422,2
2020-07-06,1.1750260624276192,0.016539450779841758,0.10464688848990689,0.001042334276270297,116,0.016441379756783614,0.06251778471931048,0.22490823501084278,0.20846685525405942,0.016441379756783357,0.016441379756783357,2
2020-07-07,1.1659531289207428,-0.007721474269372086,0.13301262284511242,0.0013083577966636925,115,0.012193954374031812,0.05934726500161314,0.2738655137067702,0.2616715593327385,0.012193954374031665,0.012193954374031665,2
2020-07-08,1.1813568452780463,0.013211265509070591,0.12726701797151094,0.0012669435452737402,114,0.01316503663373092,0.07833228445986291,0.2665537456884787,0.25338870905474803,0.013165036633730719,0.013165036633730719,2
2020-07-09,1.1889694349901831,0.006443937530446364,0.08405870843420847,0.0008290688932126351,111,0.010766262064489607,0.07684462775725326,0.17658004070701658,0.16581377864252703,0.010766262064489551,0.010766262064489551,2
2020-07-10,1.1921994292880518,0.002716633584357364,0.09931240528868152,0.0009830317753821973,110,0.008708082911359827,0.0783163846003329,0.20531443798779925,0.19660635507643945,0.008708082911359797,0.008708082911359797,2
2020-07-13,1.1592309582843547,-0.02765348665146139,0.12848850747561597,0.0012844924548653458,110,0.009022760755043602,0.053882477084561266,0.2659212517281126,0.25689849097306916,0.009022760755043446,0.009022760755043446,2
2020-07-14,1.1769807539765735,0.015311699161734138,0.14901249655233956,0.0014854733404072724,115,0.007943164459781826,0.054125100928323955,0.3050378325412364,0.29709466808145446,0.007943164459781929,0.007943164459781929,2
2020-07-15,1.1799766236683251,0.0025453854548000976,0.13337327737719779,0.0012954714159758248,115,0.015565004920097936,0.05455697705849333,0.2746592881152631,0.259094283195165,0.015565004920098074,0.015565004920098074,2
2020-07-16,1.1707112976245273,-0.007852126777726842,0.13895232267812946,0.0013627741391755636,118,0.021016628642188007,0.053009028849858766,0.29357145647730076,0.2725548278351127,0.02101662864218806,0.02101662864218806,2
2020-07-17,1.1786543129721658,0.006784777223689309,0.11909498695446755,0.0011731675083480164,111,0.017294034334890962,0.08423295891323603,0.2519275360044942,0.23463350166960326,0.01729403433489092,0.01729403433489092,2
2020-07-20,1.2061502390990357,0.023328236128483226,0.07974991485635885,0.0007802965365743117,111,0.0134460827496512,0.08586737568256649,0.16950539006451343,0.15605930731486234,0.013446082749651091,0.013446082749651091,2
2020-07-21,1.19815768573907,-0.006626499005576547,0.11286060988775969,0.0011092995840387358,113,0.017382065301581928,0.08582174701578676,0.23924198210932893,0.22185991680774714,0.01738206530158179,0.01738206530158179,2
2020-07-22,1.2049627598969894,0.005679614827760915,0.129667415739405,0.001284095666127609,118,0.019777403483171918,0.08569702174908732,0.27659653670869366,0.2568191332255218,0.019777403483171887,0.019777403483171887,2
2020-07-23,1.1871366351705008,-0.014793921704279511,0.10719773316808774,0.0010438003595263274,114,0.02568882310695142,0.0875166825485946,0.23444889501221688,0.20876007190526547,0.025688823106951437,0.025688823106951437,2
2020-07-24,1.17797016540802,-0.007721495142944845,0.16448011222148398,0.0015884316989583365,113,0.01457371563478449,0.08807283703396329,0.33226005542645154,0.31768633979166727,0.014573715634784294,0.014573715634784294,2
2020-07-27,1.1979145505392288,0.016931146235185546,0.15210579486728676,0.0015036394796062121,111,0.010825831540931308,0.08566850983509573,0.3115537274621737,0.30072789592124244,0.010825831540931261,0.010825831540931261,2
2020-07-28,1.1826681155584289,-0.012727481249757644,0.20345168097849184,0.002033424193470815,115,0.011161619346197638,0.08319882578760297,0.4178464580403607,0.40668483869416305,0.011161619346197657,0.011161619346197657,2
2020-07-29,1.2019013036238597,0.01626254044766351,0.2478217530239364,0.00247289657219767,112,0.012020039504761049,0.062050420778547305,0.5065993539442951,0.49457931443953396,0.012020039504761128,0.012020039504761128,3
2020-07-30,1.2037631364242547,0.0015490729519813673,0.2287204105615709,0.002283010760618717,114,0.012812717949273078,0.08539454249959665,0.46941487007301624,0.4566021521237434,0.012812717949272833,0.012812717949272833,3
2020-07-31,1.2050756185808282,0.0010903159574002785,0.1932065546278905,0.0018644627785377,113,0.026295453984006456,0.060214243063712924,0.39918800969154616,0.37289255570754,0.026295453984006147,0.026295453984006147,4
2020-08-03,1.2193542362559489,0.01184873169364753,0.21252631137433087,0.00201925507715212,116,0.004733451878919492,0.08668407041769328,0.4085844673093435,0.40385101543042395,0.0047334518789195895,0.0047334518789195895,2
2020-08-04,1.2244036526781552,0.004141057841985818,0.2956165320441002,0.0028635807231836186,116,0.023217351945999498,0.0868459755249808,0.5959334965827232,0.5727161446367237,0.023217351945999488,0.023217351945999488,3
2020-08-05,1.2228368763894821,-0.001279623991031098,0.1943888915868163,0.0019412477962964878,111,0.02373019502590712,0.05487011440754749,0.4119797542852046,0.38824955925929755,0.02373019502590707,0.02373019502590707,4
2020-08-06,1.2218091291420234,-0.0008404614444513792,0.18331758212033217,0.0018092885218775085,113,0.018929725366405803,0.08713353409686536,0.3807874297419073,0.3618577043755017,0.01892972536640562,0.01892972536640562,4
2020-08-07,1.2008206671252075,-0.01717818398652371,0.278029396586362,0.0027262241643500685,116,0.008394118297193831,0.0804705511135414,0.5536389511672074,0.5452448328700137,0.008394118297193762,0.008394118297193762,3
2020-08-10,1.1904807180289947,-0.00861073545724933,0.22865427217710857,0.0022544242889604884,112,0.014871623908791265,0.05110678876302984,0.4657564817008889,0.4508848577920977,0.014871623908791213,0.014871623908791213,2
2020-08-11,1.1741125059664266,-0.013749245842190505,0.12882008697002184,0.0012690325984416179,115,0.011226158144512222,0.05198430101652216,0.2650326778328358,0.2538065196883236,0.011226158144512204,0.011226158144512204,2
2020-08-12,1.1942279514807304,0.01713246849180483,0.1319346669673115,0.001312941765407904,116,0.009741594081807192,0.08276181074367943,0.272329947163388,0.2625883530815808,0.009741594081807192,0.009741594081807192,2
2020-08-13,1.1965609276801703,0.0019535434558763942,0.1260600518917622,0.0012598216184638606,115,0.009554571725986505,0.052712993549102895,0.26151889541875883,0.2519643236927721,0.00955457172598669,0.00955457172598669,2
2020-08-14,1.1945853848598273,-0.001651017323600068,0.07467809467518767,0.0007445357063903986,116,0.009114199020501701,0.05265886227269964,0.15802134029858145,0.14890714127807972,0.00911419902050173,0.00911419902050173,2
2020-08-17,1.2117839485010702,0.01439709865800931,0.11427126372473638,0.0011423412286138994,118,0.00890029786076707,0.06745883519632796,0.237368543583547,0.22846824572277985,0.00890029786076715,0.00890029786076715,2
2020-08-18,1.2159954912679378,0.00347548981159318,0.09666992499612405,0.0009586140394589702,115,0.010478011800821974,0.07294708822109874,0.20220081969261616,0.19172280789179402,0.010478011800822137,0.010478011800822137,2
2020-08-19,1.2112833426373681,-0.0038751365974689644,0.12391589777143895,0.0012222940261790455,119,0.013878906757989307,0.0685780716167476,0.2583377119937985,0.2444588052358091,0.013878906757989407,0.013878906757989407,2
2020-08-20,1.221183545920612,0.008173317451627637,0.11827484814042584,0.0011730866911445822,117,0.011817882464471796,0.08089425671624807,0.24643522069338827,0.23461733822891642,0.011817882464471841,0.011817882464471841,2
2020-08-21,1.2179079269219075,-0.002682331423189188,0.1528272408408992,0.0015197309352057437,110,0.010123364252690337,0.0735966660530175,0.314069551293839,0.30394618704114873,0.010123364252690297,0.010123364252690297,3
2020-08-24,1.2219058255233726,0.003282595106814945,0.08784589331287271,0.0008719287930593344,112,0.008775416086962196,0.07167935987634667,0.1831611746988292,0.17438575861186686,0.008775416086962333,0.008775416086962333,2
2020-08-25,1.2274357936119376,0.004525690910914815,0.12568813661326533,0.0012180815556734872,116,0.016485201270669325,0.07979732880112214,0.2601015124053667,0.24361631113469742,0.016485201270669277,0.016485201270669277,2
2020-08-26,1.245897004460046,0.015040469688262226,0.09566008908315608,0.0009313731000746694,113,0.011180245537724565,0.08107305627100424,0.1974548655526584,0.18627462001493386,0.01118024553772455,0.01118024553772455,2
2020-08-27,1.230845197754809,-0.012081100324789817,0.14422906173643982,0.0014400166643065058,109,0.010845879718252793,0.07144255692314137,0.298849212579554,0.28800333286130114,0.010845879718252828,0.010845879718252828,2
2020-08-28,1.2397215720727757,0.0072116090099374475,0.18016145972773714,0.0017898202206321045,108,0.013107825645526261,0.07405712279010199,0.3710718697719471,0.3579640441264209,0.013107825645526247,0.013107825645526247,2
2020-08-31,1.2373886446972198,-0.0018818155851360041,0.16374748090315075,0.0016048789352537437,110,0.01963063728234038,0.0715977633348254,0.3406064243330892,0.32097578705074875,0.019630637282340397,0.019630637282340397,3
2020-09-01,1.2569390401823077,0.015799721105305364,0.17029406384093485,0.0016366799808158895,108,0.006041542031409497,0.07970672625468679,0.33337753819458743,0.3273359961631779,0.006041542031409556,0.006041542031409556,2
2020-09-02,1.2769457765225434,0.015917029943897543,0.18154434540743153,0.0017989716214587977,113,0.009230553525577667,0.051607307225639575,0.36902487781733717,0.35979432429175956,0.009230553525577619,0.009230553525577619,2
2020-09-03,1.2158025342982897,-0.047882410787060015,0.15747207382395423,0.0015717168917566702,118,0.00907875538934133,0.06523534759530163,0.32342213374067524,0.314343378351334,0.009078755389341234,0.009078755389341234,3
2020-09-04,1.1992274202745647,-0.01363306421572097,0.17977431015542814,0.0017831336804584946,107,0.012109709181704509,0.07337222375673538,0.36873644527340355,0.3566267360916989,0.012109709181704616,0.012109709181704616,2
2020-09-08,1.1623646046578426,-0.03073880316069022,0.19147308247709963,0.0019002258272823658,112,0.015371010717581401,0.05816572843327126,0.39541617617405445,0.38004516545647316,0.015371010717581294,0.015371010717581294,2
2020-09-09,1.1842530903581445,0.0188309981331074,0.17819855842438115,0.0017385340828975648,112,0.00637037978433852,0.06208839551949173,0.35407719636385154,0.34770681657951297,0.006370379784338592,0.006370379784338592,2
2020-09-10,1.1654479905627908,-0.015879291300533227,0.15681592071779468,0.0015269698497427802,114,0.0147011562754229,0.062052220244291884,0.32009512622397895,0.30539396994855605,0.014701156275422891,0.014701156275422891,3
2020-09-11,1.1619105338219788,-0.0030352763653603843,0.10855128453867412,0.001059681452369557,114,0.009564009625067538,0.06457544750166465,0.2215003000989789,0.2119362904739114,0.009564009625067475,0.009564009625067475,3
2020-09-14,1.1791756351381695,0.014859234694601708,0.11056748213851278,0.0010993972286313346,111,0.01066913440287831,0.06454446291037266,0.23054858012914517,0.21987944572626691,0.010669134402878255,0.010669134402878255,3
2020-09-15,1.1895982988947564,0.008838940905835146,0.1309716386902091,0.0013086138494419572,110,0.010341309854426828,0.06648635309360254,0.2720640797428182,0.26172276988839144,0.010341309854426767,0.010341309854426767,3
2020-09-16,1.1767563140117883,-0.01079522801512034,0.09678344409734743,0.0009590367668343239,114,0.008684604192373824,0.06293843469057643,0.2004919575592388,0.19180735336686477,0.008684604192374002,0.008684604192374002,3
2020-09-17,1.1689002950447462,-0.006675994743771008,0.116792599333627,0.0011621293729795756,112,0.009892135835524063,0.06416411512978477,0.24231801043143925,0.23242587459591513,0.009892135835524115,0.009892135835524115,4
2020-09-18,1.1589422076672455,-0.00851919314223415,0.1252983520548642,0.001228929596882286,113,0.005154087030945109,0.06864425748900574,0.2509400064074025,0.24578591937645716,0.005154087030945308,0.005154087030945308,3
2020-09-21,1.1550357471253716,-0.003370712116643859,0.157966060762255,0.001574564018797153,115,0.004144058079398771,0.05983852060777686,0.3190568618388293,0.3149128037594306,0.004144058079398714,0.004144058079398714,4
2020-09-22,1.169395287844123,0.012432118014086724,0.15472104467664208,0.0015387952608185236,109,0.005769909927854311,0.06766256515827533,0.3135289620915589,0.3077590521637047,0.005769909927854192,0.005769909927854192,3
2020-09-23,1.1419523456225635,-0.02346763537259733,0.13119334214019399,0.0013070156054598256,111,0.006884410691552101,0.06861222342868,0.2682875317835175,0.2614031210919651,0.006884410691552359,0.006884410691552359,4
2020-09-24,1.1453788836921126,0.0030005963757453458,0.13339090641712137,0.0013212355431965292,110,0.004320042241202637,0.06987980022733838,0.2685671508805084,0.26424710863930584,0.004320042241202564,0.004320042241202564,2
2020-09-25,1.1626063953252765,0.015040884617700812,0.10242194922083202,0.0010215328831948522,108,0.0037143583428030924,0.07101833726084875,0.20802093498177388,0.20430657663897045,0.0037143583428034394,0.0037143583428034394,2
2020-09-28,1.1838543067487155,0.018276100586470667,0.1341448264471217,0.0013192609679526382,112,0.00808033978837408,0.06930605757192884,0.2719325333789017,0.26385219359052764,0.008080339788374084,0.008080339788374084,3
2020-09-29,1.1809219426628015,-0.0024769636510149073,0.09489207652248313,0.0009075066782486015,115,0.01637587041946631,0.06934806080020516,0.1978772060691865,0.1815013356497203,0.01637587041946617,0.01637587041946617,4
2020-09-30,1.1856176852203095,0.00397633610475534,0.1578553378780821,0.0015531060196927698,113,0.01119620780306374,0.06776175254543532,0.32181741174161776,0.31062120393855397,0.011196207803063794,0.011196207803063794,3
2020-10-01,1.1976108996746877,0.01011558329795803,0.12884710103947006,0.001287409406658285,118,0.011282136800720655,0.0658584269235727,0.26876401813237777,0.257481881331657,0.011282136800720727,0.011282136800720727,3
2020-10-02,1.1753003651668747,-0.018629201282213792,0.12860933401583485,0.0012788557668546555,113,0.010034086982322776,0.07147288858126272,0.26580524035325387,0.2557711533709311,0.010034086982322808,0.010034086982322808,3
2020-10-05,1.1981903037852057,0.01947582022156613,0.19357131338499037,0.0019052923533052076,116,0.015907801667248145,0.05430420076402948,0.39696627232828957,0.38105847066104154,0.015907801667248044,0.015907801667248044,4
2020-10-06,1.1849903478579518,-0.011016577154358553,0.150121640314528,0.001497186839127934,107,0.015255008288867056,0.052615366842623155,0.3146923761144538,0.2994373678255868,0.015255008288866976,0.015255008288866976,4
2020-10-07,1.2056959488186465,0.01747322330356793,0.1480068051419612,0.00147097448072766,112,0.01315226319260332,0.10356893539493207,0.3073471593381351,0.294194896145532,0.013152263192603113,0.013152263192603113,4
2020-10-08,1.2151846428453439,0.007869889615200742,0.12509421165900753,0.001244546028341035,114,0.014312541426053094,0.06589239974040847,0.2632217470942601,0.248909205668207,0.014312541426053104,0.014312541426053104,4
2020-10-09,1.23005446154253,0.01223667430685138,0.13695315883452505,0.001349495057278938,115,0.010113133289612719,0.064619102494273,0.2800121447454005,0.2698990114557876,0.010113133289612875,0.010113133289612875,3
2020-10-12,1.244431593936647,0.011688207996975786,0.166545600817805,0.0016533442865508954,114,0.012402111529062676,0.06698901133746443,0.3430709688392418,0.3306688573101791,0.01240211152906271,0.01240211152906271,3
2020-10-13,1.2479930932422938,0.0028619486382375214,0.16888893167517458,0.0016827324965798904,116,0.011114544701899876,0.06446992749844682,0.3476610440178776,0.3365464993159781,0.011114544701899522,0.011114544701899522,3
2020-10-14,1.240931344343459,-0.005658483958824068,0.09110407141860542,0.0009083850006398991,115,0.011698783039099214,0.06419189950432354,0.19337578316707915,0.18167700012797983,0.011698783039099324,0.011698783039099324,3
2020-10-15,1.237996009464084,-0.002365428911724421,0.1581065807991544,0.001580408210825531,113,0.011839508034265256,0.08252523941276906,0.32792115019937174,0.3160816421651062,0.011839508034265497,0.011839508034265497,3
2020-10-16,1.232032305656026,-0.004817223773313839,0.07605119558189061,0.0007549870596563955,115,0.012992814956270582,0.08270819184881523,0.16399022688755,0.1509974119312791,0.012992814956270879,0.012992814956270879,3
2020-10-19,1.2191898992915013,-0.0104237578069728,0.08556263999455918,0.0008504453885938796,114,0.012082307171574769,0.08143425549182154,0.18217138489035087,0.17008907771877593,0.012082307171574928,0.012082307171574928,3
2020-10-20,1.2224413783302732,0.00266691763166782,0.12620155155169185,0.0012619673944713405,116,0.012044587646801386,0.06629563490992814,0.2644380665410696,0.2523934788942681,0.012044587646801497,0.012044587646801497,2
2020-10-21,1.2109948581215113,-0.009363655723431674,0.19820499145372883,0.0019813192634082007,117,0.012280475530961121,0.07955530759182389,0.4085443282126011,0.3962638526816401,0.012280475530961003,0.012280475530961003,2
2020-10-22,1.2076063916830784,-0.002798084909864218,0.17393552941222973,0.0017179164702423467,119,0.008006012957755937,0.10474867245884271,0.3515893070062251,0.3435832940484693,0.008006012957755784,0.008006012957755784,2
2020-10-23,1.213427221670883,0.004820138439058708,0.1615890320639688,0.0016157577016830708,116,0.007981258051602658,0.06786464355589351,0.3311327983882168,0.32315154033661414,0.007981258051602682,0.007981258051602682,2
2020-10-26,1.1862259250426017,-0.022416916435107903,0.3550759346973785,0.003510081253617603,116,0.0,0.05675495434081639,0.7020162507235206,0.7020162507235206,0.0,0.0,0
2020-10-27,1.1804246618756506,-0.004890521311733065,0.22472317743915468,0.0022472317743915467,117,0.0,0.07194824686204947,0.44944635487830936,0.44944635487830936,0.0,0.0,0
2020-10-28,1.1390222403369437,-0.0350741753166357,0.20215743176776235,0.002021574317677623,114,1.1102230246251565e-16,0.06938428632471118,0.4043148635355246,0.4043148635355246,0.0,0.0,0
2020-10-29,1.1517360547809175,0.011162042314654785,0.20246589264749457,0.0020246589264749453,117,0.0,0.061843855184790554,0.4049317852949891,0.404931785294989,0.0,2.1476012157864433e-16,0
2020-10-30,1.128578010783715,-0.020107075662928353,0.19366224205731863,0.0019366224205731863,115,0.0,0.07771585107415073,0.38732448411463727,0.38732448411463727,0.0,0.0,0
2020-11-02,1.131283068991478,0.0023968730401582317,0.2709153523984585,0.002709153523984584,118,1.1102230246251565e-16,0.08400878661792772,0.5418307047969169,0.5418307047969169,0.0,0.0,0
2020-11-03,1.1582903216703344,0.023873116657648907,0.3159343998428972,0.0031593439984289712,114,0.0,0.07389575593643699,0.6318687996857942,0.6318687996857942,0.0,0.0,0
2020-11-04,1.1960215680588462,0.03257494747439549,0.142765654407454,0.00142765654407454,114,0.0,0.07458309520785247,0.285531308814908,0.285531308814908,0.0,0.0,0
2020-11-05,1.2276933624921695,0.026480955928517957,0.30465785924509686,0.0030465785924509675,120,2.220446049250313e-16,0.06908679298428007,0.6093157184901935,0.6093157184901935,0.0,0.0,0
2020-11-06,1.2348890614116281,0.005861153231985883,0.2813617016934382,0.002813617016934381,121,0.0,0.07255772827787053,0.5627234033868762,0.5627234033868762,0.0,0.0,0
2020-11-09,1.2095368720987703,-0.020529932691991992,0.38261180476430323,0.003806430738818017,121,0.003937461765003092,0.04561954368194221,0.7652236095286064,0.7612861477636034,0.003937461765002971,0.003937461765002971,1
2020-11-10,1.1838501672333435,-0.02123681010307321,0.30936228860298753,0.0030874216033523463,116,0.0027702183178658357,0.06633272462023325,0.6202545389883349,0.6174843206704692,0.002770218317865703,0.002770218317865703,1
2020-11-11,1.2109337232174093,0.022877520089691794,0.1657698484364227,0.001657200482971371,116,0.002803372193012188,0.043395306829166515,0.33424346878728634,0.3314400965942742,0.0028033721930121303,0.0028033721930121303,1
2020-11-12,1.203998487783785,-0.0057271800269940165,0.11726388625285414,0.0011656361526746742,113,0.004216775528390615,0.06527637022591508,0.2373440060633255,0.2331272305349348,0.004216775528390677,0.004216775528390677,1
2020-11-13,1.2129951481179062,0.0074723186327927404,0.10599796734567832,0.0010513076100680968,119,0.0024466872118399374,0.047169432315332376,0.21270820922545933,0.21026152201361936,0.002446687211839969,0.002446687211839969,1
2020-11-16,1.220756930491666,0.006398856900460714,0.08661719081570438,0.0008597471110564378,117,0.001144081176274958,0.04703582162768599,0.17309350338756263,0.17194942221128756,0.0011440811762750533,0.0011440811762750533,1
2020-11-17,1.222995623534289,0.0018338565087820946,0.10285501949572004,0.0010262470646694177,119,0.0006801889178016385,0.0388410602819372,0.20592960185168513,0.20524941293388355,0.000680188917801592,0.000680188917801592,1
2020-11-18,1.2132561969875097,-0.00796358250132867,0.11808268293691312,0.0011768954478250482,121,0.0014711185127688209,0.05966196506532134,0.23685020807777848,0.2353790895650096,0.0014711185127688727,0.0014711185127688727,1
2020-11-19,1.2289696655544475,0.01295148428333115,0.07457728850111932,0.0007457692624406896,117,0.0014519503828703817,0.05997760052523912,0.1506058028710084,0.14915385248813792,0.0014519503828704437,0.0014519503828704437,1
2020-11-20,1.2274467316020494,-0.001239195722305353,0.10629077479782634,0.0010627549824362527,118,0.0014216537755230574,0.05923668823662174,0.2139726502627734,0.21255099648725054,0.0014216537755228408,0.0014216537755228408,1
2020-11-23,1.23182580723853,0.00356762988057735,0.1138207117773553,0.0011369045315201987,117,0.001154472082008584,0.05820271927612841,0.2285353783860485,0.22738090630403973,0.0011544720820087706,0.0011544720820087706,1
2020-11-24,1.235917447385621,0.0033216061256773344,0.07679691820098265,0.0007666603868201721,113,0.001411526955767517,0.058014605026088926,0.15474360431980203,0.15333207736403442,0.0014115269557676093,0.0014115269557676093,1
2020-11-25,1.240197067954777,0.0034627074633575283,0.11968511415145044,0.0011946564172047574,117,0.0009660307844258087,0.057747524309444805,0.23989731422537736,0.2389312834409515,0.0009660307844258695,0.0009660307844258695,1
2020-11-27,1.2523614886001004,0.009808457832741091,0.2281859342023696,0.002279723226769883,112,0.0013816897064266032,0.055038219940895555,0.4573263350604029,0.45594464535397655,0.0013816897064263523,0.0013816897064263523,1
2020-11-30,1.2595727510564685,0.0057581317550963185,0.11519994657497865,0.0011366665648015865,114,0.004438797964828156,0.055403133580053505,0.2317721109251452,0.2273333129603173,0.004438797964827918,0.004438797964827918,1
2020-12-01,1.2640054745227218,0.0035192278195406157,0.14624368873405807,0.0014617541382436889,113,0.004280216108629609,0.05771592339352391,0.2966310437573673,0.29235082764873777,0.004280216108629571,0.004280216108629571,1
2020-12-02,1.2571290572150693,-0.00544018000416413,0.18473548323285585,0.0018461552697161595,113,0.004055770933868774,0.0647030255229395,0.3732868248771008,0.3692310539432319,0.0040557709338688895,0.0040557709338688895,1
2020-12-03,1.254138230920687,-0.0023790924863418272,0.2082006455794008,0.0019668815276802933,116,0.027082432376767662,0.05413758448503498,0.4204587379128261,0.3933763055360586,0.027082432376767482,0.027082432376767482,1
2020-12-04,1.266526288313376,0.009877744802974986,0.11205578183783278,0.0011167333751231979,116,0.026022698915755038,0.05234530976512281,0.24936937394039463,0.2233466750246396,0.026022698915755028,0.026022698915755028,1
2020-12-07,1.2724334384468172,0.004664056473164591,0.1478539051270108,0.0014679020362211126,116,0.0279912726044238,0.06707047795773896,0.3215716798486464,0.2935804072442225,0.027991272604423828,0.027991272604423828,1
2020-12-08,1.2711514776130408,-0.0010074875392627192,0.1589731056027923,0.001449836665016659,116,0.0,0.06938581427911653,0.28996733300333183,0.28996733300333183,0.0,0.0,0
2020-12-09,1.2486199099396522,-0.017725320758544272,0.1979183836653713,0.001979183836653713,115,0.0,0.0736712538367835,0.39583676733074263,0.3958367673307426,0.0,2.1249515547768633e-16,0
2020-12-10,1.2510268726840579,0.0019276985135707747,0.1646133294815907,0.0016461332948159069,117,0.0,0.06984624644971091,0.3292266589631814,0.3292266589631814,0.0,0.0,0
2020-12-11,1.2511574471189117,0.00010437380499572768,0.11469617117679347,0.0011469617117679342,115,1.1102230246251565e-16,0.06791886768012954,0.22939234235358683,0.22939234235358683,0.0,0.0,0
2020-12-14,1.2577158349150397,0.005241856499539788,0.10435110102655457,0.0010435110102655456,115,1.1102230246251565e-16,0.06775266501879348,0.20870220205310913,0.20870220205310913,0.0,0.0,0
2020-12-15,1.2657906481731591,0.006420220715965597,0.1334240418131496,0.0013342404181314953,116,0.0,0.06780263214850629,0.26684808362629914,0.2668480836262991,0.0,2.1640251846337041e-16,0
2020-12-16,1.2709132695451502,0.004046973628209605,0.12612628235277037,0.0012612628235277026,116,2.220446049250313e-16,0.06811312721644301,0.2522525647055405,0.2522525647055405,0.0,0.0,0
2020-12-17,1.279220431774629,0.0065363722517839395,0.15930878829143655,0.0015930878829143644,116,0.0,0.04005149127102727,0.3186175765828729,0.3186175765828729,0.0,0.0,0
2020-12-18,1.2871130626121796,0.006169875528490021,0.12537022345003698,0.0012537022345003692,116,1.1102230246251565e-16,0.04493742445834303,0.25074044690007385,0.25074044690007385,0.0,0.0,0
2020-12-21,1.279783799135535,-0.005694343169643568,0.10354678030340138,0.0010354678030340132,116,0.0,0.04123290840651696,0.20709356060680265,0.20709356060680265,0.0,0.0,0
2020-12-22,1.2792182073061997,-0.0004419432639460874,0.1571401342193593,0.001571401342193593,116,0.0,0.03568778700600922,0.3142802684387187,0.3142802684387186,0.0,2.1667272197354454e-16,0
2020-12-23,1.2704462522202262,-0.0068572781687071815,0.13207526537217681,0.0013207526537217676,116,1.1102230246251565e-16,0.04333573818776364,0.2641505307443535,0.2641505307443535,0.0,0.0,0
2020-12-24,1.2774412074308783,0.0055059040856138,0.0,0.0,116,1.1041437152323539e-16,0.04345890520711942,0.0,0.0,0.0,0.0,0
2020-12-28,1.2775118886803352,5.533033461402326e-05,0.0,0.0,116,1.1040826259712174e-16,0.0430141807796749,0.0,0.0,0.0,0.0,0
2020-12-29,1.2764221507958837,-0.000853015845963756,0.0,0.0,116,1.1050252300025994e-16,0.04262892948620799,0.0,0.0,0.0,0.0,0
2020-12-30,1.288095126464572,0.009145074504864903,0.0,0.0,116,1.0950112703515676e-16,0.04216981440646404,0.0,0.0,0.0,0.0,0
2020-12-31,1.2928138695958862,0.003663349883378464,0.0,0.0,116,1.0910145025010661e-16,0.04208750171544758,0.0,0.0,0.0,0.0,0
2021-01-04,1.2837689862144117,-0.006996276567099113,0.0,0.0,116,1.0987013208060624e-16,0.04251514597544024,0.0,0.0,0.0,0.0,0
2021-01-05,1.2883585811006633,0.0035750940671852582,0.4188609981339387,0.004188609981339387,112,0.0,0.06618007393214494,0.8377219962678772,0.8377219962678772,0.0,0.0,0
2021-01-06,1.2697367228059306,-0.01445394051617499,0.0467890676030702,0.000467890676030702,114,0.0,0.06404505773157783,0.0935781352061404,0.0935781352061404,0.0,0.0,0
2021-01-07,1.3081034851407192,0.030216313071582013,0.09076551806557517,0.0009076551806557518,115,0.0,0.06142817276689794,0.18153103613115035,0.18153103613115035,0.0,2.103623265165e-16,0
2021-01-08,1.3230517694441484,0.011427447807633717,0.05458637774465221,0.0005458637774465216,115,1.1102230246251565e-16,0.06109392400859157,0.10917275548930432,0.10917275548930432,0.0,0.0,0
2021-01-11,1.31827894822744,-0.0036074334556943644,0.05244274672477702,0.0005244274672477703,114,1.1102230246251565e-16,0.06132689819579103,0.1048854934495541,0.10488549344955404,0.0,2.1273401876881204e-16,0
2021-01-12,1.3220815873996132,0.0028845482037669345,0.04696233564903686,0.0004696233564903686,115,1.1102230246251565e-16,0.06102725799084821,0.09392467129807375,0.09392467129807372,0.0,2.1738253558334364e-16,0
2021-01-13,1.3206465424262768,-0.0010854435815561558,0.05159606788247527,0.0005159606788247521,111,0.0,0.060508126805327384,0.1031921357649504,0.10319213576495043,0.0,2.1738592371513266e-16,0
2021-01-14,1.319212602911349,-0.0010857859910747836,0.04035114545338092,0.0004035114545338092,115,0.0,0.059781261106662,0.08070229090676184,0.08070229090676184,0.0,0.0,0
2021-01-15,1.303934155034515,-0.011581490233732006,0.04772334999779526,0.0004772334999779521,114,0.0019759584819570293,0.061336892931313426,0.09544669999559047,0.09544669999559041,0.0,2.1907660147785224e-16,0
2021-01-19,1.3255405537212628,0.01657016085001306,0.06273387518672874,0.0006176260032805791,112,0.0,0.06105680917114358,0.12352520065611582,0.12352520065611582,0.0,0.0,0
2021-01-20,1.3504788488634294,0.018813679500152558,0.043535966545123816,0.0004353596654512382,113,0.0,0.05967137539706744,0.08707193309024763,0.08707193309024763,0.0,0.0,0
2021-01-21,1.347617535204374,-0.0021187400761318864,0.062150163416297144,0.0006215016341629715,115,0.0,0.06269588545515913,0.12430032683259429,0.12430032683259429,0.0,0.0,0
2021-01-22,1.3415835412029649,-0.004477527075583798,0.043754239942330186,0.00043754239942330185,117,0.0,0.06256688975222861,0.08750847988466037,0.08750847988466037,0.0,0.0,0
2021-01-25,1.3352917069874821,-0.004689856443707563,0.056469753474604686,0.0005646975347460469,114,0.0,0.06233832799035093,0.11293950694920937,0.11293950694920937,0.0,0.0,0
2021-01-26,1.315923333058512,-0.014504975824845445,0.05144476669502501,0.0005144476669502496,110,1.1102230246251565e-16,0.06287815490362067,0.10288953339004991,0.10288953339004991,0.0,0.0,0
2021-01-27,1.2630415035160405,-0.040186102194541884,0.07963036287355542,0.0007963036287355537,113,0.0,0.0634790627670198,0.15926072574711073,0.15926072574711073,0.0,0.0,0
2021-01-28,1.2967139673705521,0.026659823735621258,0.08449450295369071,0.0008449450295369065,114,1.1102230246251565e-16,0.06211315139465817,0.1689890059073813,0.1689890059073813,0.0,0.0,0
2021-01-29,1.270282772851709,-0.020383211088903175,0.05974559391558593,0.0005974559391558588,115,0.0,0.05870427618811525,0.11949118783117176,0.11949118783117176,0.0,0.0,0
2021-02-01,1.302135075369059,0.02507497007602777,0.08235675081777662,0.0008235675081777656,115,1.1102230246251565e-16,0.05698915902037098,0.16471350163555312,0.16471350163555312,0.0,0.0,0
2021-02-02,1.3308993108177443,0.022090055012559118,0.07007210206474995,0.0007007210206474995,110,1.1102230246251565e-16,0.05733505876217475,0.1401442041294999,0.1401442041294999,0.0,2.2112303307841863e-16,0
2021-02-03,1.3176682286961325,-0.009941459894123872,0.0908473697641483,0.0009084736976414825,108,0.0,0.07627555287448143,0.18169473952829648,0.18169473952829648,0.0,0.0,0
2021-02-04,1.3341696440980846,0.012523194414637118,0.09247650592380606,0.00092476505923806,111,1.1102230246251565e-16,0.06199739469562903,0.18495301184761204,0.184953011847612,0.0,2.1511929001805975e-16,0
2021-02-05,1.3387407279834944,0.0034261639107371344,0.05721519665862579,0.0005721519665862573,107,0.0,0.06372882488417579,0.11443039331725147,0.11443039331725147,0.0,0.0,0
2021-02-08,1.356703354171311,0.013417554133034582,0.10828998737289082,0.0010828998737289082,111,0.0,0.06378100257060958,0.21657997474578164,0.21657997474578164,0.0,0.0,0
2021-02-09,1.359295662391754,0.00191074062909391,0.09465504939510425,0.0009465504939510425,116,0.0,0.08915785441332184,0.18931009879020852,0.1893100987902085,0.0,2.1964919575019615e-16,0
2021-02-10,1.358699839170822,-0.0004383323197570954,0.05535865741349132,0.0005535865741349132,113,0.0,0.08848448290466193,0.11071731482698265,0.11071731482698265,0.0,0.0,0
2021-02-11,1.3775818437689327,0.013897112558454161,0.05452228738732072,0.0005452228738732067,114,1.1102230246251565e-16,0.09346586508425615,0.10904457477464137,0.10904457477464133,0.0,2.1002012520580926e-16,0
2021-02-12,1.3865288818209254,0.0064947415592488955,0.06040465218236343,0.0006040465218236338,114,0.0,0.08973264290785309,0.12080930436472676,0.12080930436472676,0.0,0.0,0
2021-02-16,1.386780064223808,0.00018115915663630133,0.08761831078300956,0.0008761831078300951,112,1.1102230246251565e-16,0.06891029988865524,0.17523662156601902,0.17523662156601902,0.0,0.0,0
2021-02-17,1.3744273952101616,-0.008907446344464387,0.08504103183851291,0.0008504103183851286,114,0.0,0.05650593889286782,0.17008206367702572,0.17008206367702572,0.0,0.0,0
2021-02-18,1.3602467776039235,-0.010317473047799397,0.08204974480208035,0.000820497448020803,116,1.1102230246251565e-16,0.08713808014993288,0.1640994896041606,0.1640994896041606,0.0,0.0,0
2021-02-19,1.3724304292576681,0.008956942118404587,0.06463365050668411,0.0006463365050668406,111,0.0,0.05808710067672512,0.1292673010133681,0.1292673010133681,0.0,0.0,0
2021-02-22,1.3315570912809487,-0.02978171942662866,0.05919500388315044,0.0005919500388315044,113,0.0,0.05921208740890448,0.11839000776630088,0.11839000776630088,0.0,0.0,0
2021-02-23,1.3203333244893627,-0.00842905412398709,0.08517947225487278,0.0008517947225487278,116,0.0,0.06123525322684547,0.17035894450974556,0.17035894450974556,0.0,0.0,0
2021-02-24,1.345013059464725,0.018692048831613794,0.09112377539856253,0.0009112377539856253,114,0.0,0.054391570432268374,0.18224755079712507,0.18224755079712507,0.0,0.0,0
2021-02-25,1.2880795098636129,-0.042329365652233886,0.06518014308796694,0.0006518014308796688,111,1.1102230246251565e-16,0.0540487276912222,0.13036028617593376,0.13036028617593376,0.0,0.0,0
2021-02-26,1.2955079259397153,0.005767047778664658,0.0580751400649053,0.000580751400649053,116,1.1102230246251565e-16,0.05574126627678764,0.1161502801298106,0.1161502801298106,0.0,0.0,0
2021-03-01,1.3320288212462357,0.028190406693212156,0.08394510911610667,0.0008394510911610662,111,0.0,0.057587221113443006,0.16789021823221323,0.16789021823221323,0.0,0.0,0
2021-03-02,1.3073414617570716,-0.01853365264729545,0.09965253844694126,0.0009965253844694125,115,0.0,0.05570378598082767,0.19930507689388252,0.19930507689388252,0.0,0.0,0
2021-03-03,1.2640863692675284,-0.03308630052274808,0.09279396995297512,0.0009279396995297507,114,1.1102230246251565e-16,0.05523849936861925,0.18558793990595018,0.18558793990595013,0.0,2.275198258960831e-16,0
2021-03-04,1.2202666642344182,-0.03466511948744566,0.07501055715290292,0.0007501055715290287,113,0.0,0.05558110778521283,0.15002111430580573,0.15002111430580573,0.0,0.0,0
2021-03-05,1.2292798325257601,0.007386228400328099,0.05426592459745257,0.0005426592459745257,112,0.0,0.0515957704030487,0.10853184919490513,0.10853184919490513,0.0,0.0,0
2021-03-08,1.1872425526849466,-0.034196672497620706,0.05444944066608242,0.0005444944066608231,109,2.220446049250313e-16,0.053179978409800134,0.10889888133216462,0.10889888133216462,0.0,0.0,0
2021-03-09,1.2410810313744811,0.04534749749979805,0.08808586507475603,0.0008808586507475592,113,0.0,0.05342752609706626,0.17617173014951185,0.17617173014951185,0.0,0.0,0
2021-03-10,1.2308941806806373,-0.00820804640174222,0.059433301556213174,0.0005943330155621301,110,3.3306690738754696e-16,0.0522603324968348,0.11886660311242601,0.11886660311242601,0.0,0.0,0
2021-03-11,1.2751974270721864,0.035992733645918484,0.0423569294157516,0.00042356929415751556,110,2.220446049250313e-16,0.059591218894278285,0.0847138588315031,0.0847138588315031,0.0,0.0,0
2021-03-12,1.2613312236638852,-0.010873769907250863,0.09303516745177919,0.0009303516745177907,112,0.0,0.06944908926692632,0.18607033490355815,0.18607033490355815,0.0,0.0,0
2021-03-15,1.2791594879790038,0.01413448266453865,0.05963599470360121,0.0005963599470360121,113,0.0,0.04890252750768974,0.11927198940720242,0.11927198940720242,0.0,0.0,0
2021-03-16,1.277862818358306,-0.0010136887799240268,0.05621354042171833,0.0005621354042171833,114,0.0,0.07103154576406265,0.11242708084343667,0.11242708084343667,0.0,0.0,0
2021-03-17,1.2826135237293512,0.00371769590819504,0.07652870296518824,0.0007652870296518824,112,0.0,0.05501267446319597,0.15305740593037648,0.15305740593037648,0.0,0.0,0
2021-03-18,1.2355511366453318,-0.03669257045347529,0.08002073611823916,0.0008002073611823917,117,0.0,0.07022607581828023,0.16004147223647833,0.16004147223647833,0.0,0.0,0
2021-03-19,1.2441573870346958,0.006965515334906414,0.058568258176844114,0.0005856825817684401,113,2.220446049250313e-16,0.07055236605793161,0.117136516353688,0.117136516353688,0.0,0.0,0
2021-03-22,1.2592269551584307,0.012112268335802368,0.07639554455966459,0.0007639554455966448,113,0.0,0.08216554966843154,0.15279108911932895,0.15279108911932895,0.0,0.0,0
2021-03-23,1.2436447414979843,-0.012374428292385109,0.051171452656104066,0.0005117145265610401,110,1.1102230246251565e-16,0.07699373455998045,0.10234290531220805,0.10234290531220802,0.0,2.1797884677821067e-16,0
2021-03-24,1.2245120488784775,-0.015384371421424792,0.07410119845712049,0.0007410119845712049,112,1.1102230246251565e-16,0.06891613043207448,0.14820239691424097,0.14820239691424097,0.0,0.0,0
2021-03-25,1.2226481349290963,-0.0015221687292407138,0.06550582169533468,0.0006550582169533463,112,0.0,0.07715548135749717,0.13101164339066926,0.13101164339066926,0.0,0.0,0
2021-03-26,1.259398782046353,0.030058236762769086,0.07573403033801723,0.0007573403033801723,110,0.0,0.07070425952935494,0.15146806067603447,0.15146806067603447,0.0,0.0,0
2021-03-29,1.247813574540901,-0.00919899849881367,0.08398259000880572,0.0008398259000880571,113,0.0,0.07474491175220307,0.16796518001761143,0.16796518001761143,0.0,2.1969324146345337e-16,0
2021-03-30,1.2453415359306448,-0.0019810961033708274,0.04713023897234597,0.0004713023897234597,109,0.0,0.07209454361749772,0.09426047794469194,0.09426047794469194,0.0,0.0,0
2021-03-31,1.2681018013767453,0.018276324035953584,0.07079287765724462,0.0007079287765724462,109,0.0,0.06968832580259006,0.14158575531448925,0.14158575531448925,0.0,0.0,0
2021-04-01,1.3024651499706683,0.027098257061551,0.049372288686370475,0.0004937228868637042,112,1.1102230246251565e-16,0.06985436519998833,0.09874457737274084,0.09874457737274084,0.0,0.0,0
2021-04-05,1.3221672382059093,0.015126768064147145,0.06312812178782454,0.0006312812178782454,111,1.1102230246251565e-16,0.0685044016960352,0.12625624357564907,0.12625624357564907,0.0,2.2022179002254005e-16,0
2021-04-06,1.3231287266205427,0.0007272063524565997,0.05028063988443825,0.000502806398844382,109,0.0,0.06799718609235413,0.10056127976887638,0.10056127976887638,0.0,0.0,0
2021-04-07,1.3179067659741777,-0.003946676193557264,0.06892290934302037,0.0006892290934302031,112,1.1102230246251565e-16,0.06802101207714893,0.13784581868604062,0.13784581868604062,0.0,0.0,0
2021-04-08,1.3352108689768356,0.013129990261387725,0.06314798544706078,0.0006314798544706072,110,0.0,0.07012287553575076,0.12629597089412145,0.12629597089412145,0.0,0.0,0
2021-04-09,1.3399116710192298,0.0035206439309443116,0.047472134390221146,0.00047472134390221145,108,0.0,0.07000914414859251,0.09494426878044229,0.09494426878044229,0.0,0.0,0
2021-04-12,1.3356521020807284,-0.0031789923400408204,0.054458515683039235,0.0005445851568303918,108,1.1102230246251565e-16,0.06780275400914428,0.10891703136607836,0.10891703136607836,0.0,0.0,0
2021-04-13,1.347773369020619,0.009075167793325623,0.04805222265761618,0.00048052222657616185,108,1.1102230246251565e-16,0.06918290314485166,0.09610444531523238,0.09610444531523236,0.0,2.220446049250313e-16,0
2021-04-14,1.3363650021132003,-0.008464603300263218,0.07099420412764997,0.0007099420412764997,110,1.1102230246251565e-16,0.08196930804199509,0.14198840825529993,0.14198840825529993,0.0,0.0,0
2021-04-15,1.3563742141692066,0.01497286446769075,0.06401333815909742,0.0006401333815909742,108,1.1102230246251565e-16,0.06910516140980216,0.12802667631819484,0.12802667631819484,0.0,0.0,0
2021-04-16,1.3535241845744537,-0.00210121186688772,0.05055321788796058,0.0005055321788796057,108,1.1102230246251565e-16,0.06841543669771578,0.1011064357759212,0.10110643577592116,0.0,2.2063514210080015e-16,0
2021-04-19,1.3340656895921752,-0.014376170890804008,0.04677335438651931,0.0004677335438651926,110,0.0,0.0669130640462685,0.09354670877303851,0.09354670877303851,0.0,0.0,0
2021-04-20,1.3163832557341488,-0.013254545106719529,0.04475892373300385,0.00044758923733003743,105,2.220446049250313e-16,0.06690751434649421,0.08951784746600748,0.08951784746600748,0.0,0.0,0
2021-04-21,1.3322193810724898,0.01203002641469264,0.055805895379829294,0.0005580589537982924,110,1.1102230246251565e-16,0.0676537783469017,0.11161179075965848,0.11161179075965848,0.0,0.0,0
2021-04-22,1.3197019513593942,-0.00939592224143937,0.04414512691129548,0.0004414512691129543,110,0.0,0.06609277126084596,0.08829025382259084,0.08829025382259086,0.0,2.1914436411363258e-16,0
2021-04-23,1.3363757887270762,0.012634547785965289,0.05286786741493258,0.0005286786741493259,107,0.0,0.06614424994482135,0.10573573482986516,0.10573573482986516,0.0,0.0,0
2021-04-26,1.3554401030703904,0.014265683727683554,0.06244780491864616,0.000624478049186461,108,1.1102230246251565e-16,0.06837311860357272,0.12489560983729221,0.12489560983729221,0.0,0.0,0
2021-04-27,1.344878547404064,-0.007791975198610301,0.057671184247412216,0.0005767118424741211,110,3.3306690738754696e-16,0.06591402931861198,0.11534236849482421,0.11534236849482421,0.0,0.0,0
2021-04-28,1.3437126572201172,-0.0008669111320106504,0.06070347613126779,0.0006070347613126767,111,1.1102230246251565e-16,0.06423764137938119,0.12140695226253535,0.12140695226253535,0.0,0.0,0
2021-04-29,1.3344187178580544,-0.006916612202857553,0.08838703821155965,0.0008838703821155959,108,0.0,0.06626854527045503,0.17677407642311918,0.17677407642311918,0.0,0.0,0
2021-04-30,1.3210942940003714,-0.009985189565589137,0.08447844724337565,0.000844784472433756,110,1.1102230246251565e-16,0.05829243327352023,0.1689568944867512,0.1689568944867512,0.0,0.0,0
2021-05-03,1.3067542223739466,-0.010854691971306618,0.11093315425521912,0.0011093315425521905,113,0.0,0.06492687154287852,0.22186630851043812,0.22186630851043812,0.0,0.0,0
2021-05-04,1.2861100165398158,-0.015798078537390903,0.0669446448714972,0.000669446448714972,115,0.0,0.05776725613439544,0.1338892897429944,0.1338892897429944,0.0,0.0,0
2021-05-05,1.2861731572546136,4.909433406607988e-05,0.07033906038624865,0.0007033906038624865,113,0.0,0.06581354798225252,0.1406781207724973,0.1406781207724973,0.0,2.153869259596125e-16,0
2021-05-06,1.2823063684524434,-0.003006429406771316,0.05895041696384395,0.0005895041696384395,111,0.0,0.06385957077884873,0.1179008339276879,0.1179008339276879,0.0,0.0,0
2021-05-07,1.2994078950756913,0.013336537230090428,0.07328368237217756,0.000732836823721775,112,1.1102230246251565e-16,0.06113796299508747,0.146567364744355,0.146567364744355,0.0,0.0,0
2021-05-10,1.2644389242222458,-0.026911465588262073,0.06570155990892633,0.0006570155990892633,111,1.1102230246251565e-16,0.06862117120338712,0.13140311981785266,0.13140311981785266,0.0,0.0,0
2021-05-11,1.2706592865191204,0.004919464418339237,0.07934596059857468,0.0007934596059857463,115,0.0,0.060501237925532414,0.15869192119714925,0.15869192119714925,0.0,0.0,0
2021-05-12,1.2286350343174541,-0.03307279350768266,0.09808653757517594,0.0009808653757517587,115,1.1102230246251565e-16,0.10140856195142357,0.19617307515035176,0.19617307515035176,0.0,2.1760276414962976e-16,0
2021-05-13,1.2259969965544055,-0.002147128878279281,0.09005783777521247,0.0009005783777521247,113,1.1102230246251565e-16,0.0622577450942604,0.18011567555042493,0.18011567555042493,0.0,0.0,0
2021-05-14,1.2608934594264092,0.02846374254592643,0.056113722991348695,0.0005611372299134864,112,0.0,0.06543722477753418,0.11222744598269728,0.11222744598269728,0.0,0.0,0
2021-05-17,1.2546873809047907,-0.004921969001601245,0.06534710335534295,0.0006534710335534295,116,0.0,0.06497772514979985,0.1306942067106859,0.1306942067106859,0.0,0.0,0
2021-05-18,1.2538053634278046,-0.0007029778815103027,0.0909139401073495,0.000909139401073495,113,0.0,0.09110031904734442,0.181827880214699,0.181827880214699,0.0,0.0,0
2021-05-19,1.2663909269409148,0.010037892547135385,0.10413537282348159,0.0010413537282348148,112,2.220446049250313e-16,0.052259275253611084,0.20827074564696296,0.20827074564696296,0.0,0.0,0
2021-05-20,1.2948401891802424,0.02246483422622858,0.06540971084425742,0.0006540971084425731,111,0.0,0.05565825699788707,0.13081942168851463,0.13081942168851463,0.0,0.0,0
2021-05-21,1.2892862962144687,-0.004289249756211144,0.10180252479456664,0.0010180252479456665,113,0.0,0.06080470669745472,0.20360504958913328,0.20360504958913328,0.0,0.0,0
2021-05-24,1.3073833715303338,0.014036506374884183,0.0832083604848822,0.000832083604848822,114,0.0,0.05524270349202374,0.1664167209697644,0.1664167209697644,0.0,0.0,0
2021-05-25,1.3086833386982537,0.0009943274453600992,0.07599176413024945,0.000759917641302494,114,1.1102230246251565e-16,0.05665342888580636,0.15198352826049882,0.1519835282604988,0.0,2.2439596838660925e-16,0
2021-05-26,1.3147172693894842,0.004610688096046589,0.08581079846464611,0.000858107984646461,110,1.1102230246251565e-16,0.09233228083479286,0.17162159692929221,0.17162159692929221,0.0,0.0,0
2021-05-27,1.3184150304977833,0.0028125903526134977,0.08054955540774514,0.0008054955540774508,113,0.0,0.059983657453887985,0.16109911081549017,0.16109911081549017,0.0,0.0,0
2021-05-28,1.3210722758102857,0.002015484692630576,0.057777818679922176,0.0005777781867992217,109,0.0,0.055932358132649705,0.11555563735984435,0.11555563735984435,0.0,0.0,0
2021-06-01,1.3185912029383557,-0.0018780750435537508,0.078185690510042,0.0007818569051004195,110,1.1102230246251565e-16,0.05668681563772968,0.15637138102008388,0.15637138102008388,0.0,0.0,0
2021-06-02,1.3151629291758271,-0.0025999519448400843,0.10016853899618822,0.0010016853899618816,106,0.0,0.07694968588700753,0.20033707799237632,0.20033707799237632,0.0,0.0,0
2021-06-03,1.2953192300540948,-0.015088396031788798,0.09229298287965104,0.0009229298287965099,109,1.1102230246251565e-16,0.06805429557936662,0.18458596575930197,0.18458596575930197,0.0,0.0,0
2021-06-04,1.321368595352668,0.020110382594632936,0.07360441191409034,0.0007360441191409028,109,0.0,0.07714583658613626,0.14720882382818057,0.14720882382818057,0.0,0.0,0
2021-06-07,1.3176419301666205,-0.0028203070658364693,0.07739200279734484,0.0007739200279734484,111,0.0,0.08915227873260954,0.1547840055946897,0.1547840055946897,0.0,0.0,0
2021-06-08,1.3157769535494372,-0.0014153895489250612,0.05560151856287446,0.0005560151856287446,110,0.0,0.08191442579302596,0.11120303712574892,0.11120303712574892,0.0,0.0,0
2021-06-09,1.312438308427734,-0.002537394436569862,0.04387032786294777,0.00043870327862947716,112,1.1102230246251565e-16,0.08117934228399411,0.08774065572589543,0.08774065572589543,0.0,0.0,0
2021-06-10,1.3329338899513914,0.015616415180847998,0.046704719470912884,0.00046704719470912827,112,0.0,0.0824568087034707,0.09340943894182566,0.09340943894182566,0.0,0.0,0
2021-06-11,1.3360896621536216,0.002367538424839166,0.10133812252909594,0.0010133812252909593,110,0.0,0.07018300793585859,0.20267624505819187,0.20267624505819187,0.0,0.0,0
2021-06-14,1.3503630141211789,0.010682929725352563,0.04579067699608649,0.0004579067699608649,111,0.0,0.07033904047083753,0.09158135399217297,0.09158135399217299,0.0,2.0763530394281478e-16,0
2021-06-15,1.3349624956585908,-0.011404724730713078,0.06457621649554249,0.0006457621649554249,112,0.0,0.06818625318580326,0.12915243299108498,0.12915243299108498,0.0,0.0,0
2021-06-16,1.3310216377311208,-0.0029520364356946383,0.07934415189509098,0.0007934415189509098,111,0.0,0.0785987793268686,0.15868830379018195,0.15868830379018195,0.0,0.0,0
2021-06-17,1.3461432706128749,0.0113609219062214,0.08418720027356999,0.0008418720027356999,110,0.0,0.07749985003232165,0.16837440054713998,0.16837440054713998,0.0,0.0,0
2021-06-18,1.3350739598596824,-0.008222981160209475,0.0841679728958923,0.000841679728958923,112,0.0,0.072758300204489,0.1683359457917846,0.1683359457917846,0.0,0.0,0
2021-06-21,1.3437091779418842,0.006467969821768893,0.07771004301036284,0.0007771004301036279,110,1.1102230246251565e-16,0.07307001723533396,0.15542008602072557,0.15542008602072557,0.0,0.0,0
2021-06-22,1.3557414811218547,0.008954544165873823,0.06577277607526996,0.0006577277607526991,111,0.0,0.07268416122915394,0.1315455521505398,0.1315455521505398,0.0,0.0,0
2021-06-23,1.3575500329493198,0.0013339946093324784,0.09084135925284234,0.0009084135925284234,114,0.0,0.06924621270999247,0.18168271850568468,0.18168271850568468,0.0,0.0,0
2021-06-24,1.3720636120672853,0.010691008630035137,0.06315564362957321,0.0006315564362957321,110,0.0,0.06999565837912891,0.12631128725914642,0.12631128725914642,0.0,0.0,0
2021-06-25,1.3738137060154416,0.0012755195406133346,0.055182063824102755,0.000551820638241027,110,1.1102230246251565e-16,0.06995868442194932,0.1103641276482054,0.1103641276482054,0.0,0.0,0
2021-06-28,1.3877204219965928,0.010122708719718432,0.0476363750536982,0.00047636375053698146,111,0.0,0.07182467546810133,0.09527275010739629,0.09527275010739629,0.0,0.0,0
2021-06-29,1.3902692049413976,0.001836668902758909,0.08231271014517995,0.0008231271014517995,109,0.0,0.07423303054564485,0.1646254202903599,0.1646254202903599,0.0,0.0,0
2021-06-30,1.3800637271749128,-0.007340648652945592,0.09148618918727469,0.0009148618918727463,109,1.1102230246251565e-16,0.07643751178462437,0.1829723783745493,0.18297237837454927,0.0,2.187123773105329e-16,0
2021-07-01,1.374445515871784,-0.00407097961673808,0.07222059199826442,0.0007222059199826436,108,0.0,0.05556674106502751,0.14444118399652872,0.14444118399652872,0.0,0.0,0
2021-07-02,1.3809555472875878,0.004736478340267025,0.08794949663236026,0.0008794949663236026,108,0.0,0.08081831515028648,0.17589899326472053,0.17589899326472053,0.0,0.0,0
2021-07-06,1.3802314640851587,-0.0005243349098754679,0.06679759688470675,0.000667975968847067,107,1.1102230246251565e-16,0.05573072391353828,0.1335951937694134,0.1335951937694134,0.0,0.0,0
2021-07-07,1.3695853743325443,-0.007713264064495684,0.05788099321814952,0.0005788099321814952,108,1.1102230246251565e-16,0.05636818969364314,0.11576198643629904,0.11576198643629904,0.0,0.0,0
2021-07-08,1.3529950377499123,-0.012113400809874442,0.07516264906091198,0.0007516264906091193,107,0.0,0.056673506392158124,0.15032529812182385,0.15032529812182385,0.0,0.0,0
2021-07-09,1.3710873332724651,0.013372033908299663,0.07709627101888945,0.0007709627101888946,109,0.0,0.07888630977159646,0.1541925420377789,0.1541925420377789,0.0,0.0,0
2021-07-12,1.3742156585611558,0.002281638239064021,0.08103626031390103,0.0008103626031390098,109,1.1102230246251565e-16,0.08806229470564668,0.16207252062780195,0.16207252062780195,0.0,0.0,0
2021-07-13,1.3710629084375245,-0.0022942178718384776,0.057339012675866934,0.0005733901267586688,110,0.0,0.08155572284468764,0.11467802535173376,0.11467802535173376,0.0,0.0,0
2021-07-14,1.3615773655181502,-0.006918386356308148,0.04708721933561634,0.0004708721933561634,114,0.0,0.08319816741654075,0.09417443867123268,0.09417443867123268,0.0,0.0,0
2021-07-15,1.347169448396376,-0.010581783662576671,0.04943914802502403,0.0004943914802502397,115,1.1102230246251565e-16,0.08650308745887897,0.09887829605004794,0.09887829605004794,0.0,0.0,0
2021-07-16,1.333932950555297,-0.00982541420964922,0.06091464267220404,0.0006091464267220398,115,0.0,0.08510184608713693,0.12182928534440797,0.12182928534440797,0.0,0.0,0
2021-07-19,1.3225970723208387,-0.008498086976365227,0.04812855041737901,0.00048128550417379014,115,0.0,0.08072033242190821,0.09625710083475801,0.09625710083475802,0.0,2.110407999072507e-16,0
2021-07-20,1.3458687011589119,0.01759540326007003,0.058253592344077246,0.0005825359234407714,114,2.220446049250313e-16,0.08027212496617502,0.11650718468815427,0.11650718468815427,0.0,0.0,0
2021-07-21,1.3669822133526368,0.015687646332472438,0.06441275899602529,0.0006441275899602519,112,0.0,0.08165002378433017,0.12882551799205036,0.12882551799205036,0.0,0.0,0
2021-07-22,1.373130220527959,0.004497503416846627,0.059299773490619725,0.0005929977349061973,111,0.0,0.0796505742794489,0.11859954698123945,0.11859954698123945,0.0,0.0,0
2021-07-23,1.387564575200948,0.010512007133190338,0.07617270268276889,0.0007617270268276884,109,1.1102230246251565e-16,0.08051271864440564,0.15234540536553767,0.15234540536553767,0.0,0.0,0
2021-07-26,1.3840062195549756,-0.002564461293959708,0.08684010547509945,0.0008684010547509945,111,1.1102230246251565e-16,0.08453650069533496,0.17368021095019895,0.1736802109501989,0.0,2.1724701031178295e-16,0
2021-07-27,1.3671469036503603,-0.012181531893719622,0.06715207377474411,0.0006715207377474405,113,0.0,0.08450431829931686,0.1343041475494881,0.1343041475494881,0.0,0.0,0
2021-07-28,1.3833005729496561,0.011815606103604992,0.09716146010476401,0.0009716146010476396,113,1.1102230246251565e-16,0.07537412764111773,0.1943229202095279,0.1943229202095279,0.0,0.0,0
2021-07-29,1.3887373011388326,0.003930258033207901,0.07826733433357125,0.000782673343335712,113,0.0,0.0827682227910594,0.15653466866714238,0.15653466866714238,0.0,0.0,0
2021-07-30,1.3897928171645382,0.0007600544932724329,0.11475376526187055,0.0011475376526187055,113,0.0,0.07470485350678362,0.2295075305237411,0.2295075305237411,0.0,0.0,0
2021-08-02,1.3945051344612982,0.0033906617148691254,0.10435271690135564,0.0010435271690135558,112,1.1102230246251565e-16,0.07795877865401082,0.20870543380271117,0.20870543380271117,0.0,0.0,0
2021-08-03,1.3961399680832605,0.0011723396218212834,0.09716776095403701,0.0009716776095403696,116,0.0,0.07401676631537696,0.1943355219080739,0.1943355219080739,0.0,0.0,0
2021-08-04,1.4016158650460986,0.00392216904323428,0.07040356415818523,0.0007040356415818518,112,1.1102230246251565e-16,0.0745155973919986,0.14080712831637035,0.14080712831637035,0.0,0.0,0
2021-08-05,1.420523753015422,0.01349006417582288,0.11592889292702648,0.0011592889292702648,113,1.1102230246251565e-16,0.05693177937164181,0.23185778585405298,0.23185778585405295,0.0,2.185751579730777e-16,0
2021-08-06,1.413492226104319,-0.0049499537731606535,0.08650567938617204,0.0008650567938617199,114,0.0,0.07526384731603643,0.17301135877234397,0.17301135877234397,0.0,0.0,0
2021-08-09,1.4114811673133947,-0.0014227590033989435,0.13454492215165018,0.0013454492215165018,112,0.0,0.08823031941340445,0.26908984430330035,0.26908984430330035,0.0,0.0,0
2021-08-10,1.3915910791833928,-0.014091642588374476,0.14079759438834094,0.0014079759438834084,115,2.220446049250313e-16,0.06415402724453559,0.28159518877668166,0.28159518877668166,0.0,0.0,0
2021-08-11,1.3825273230603663,-0.006513232413321579,0.09287292706767158,0.0009287292706767148,114,0.0,0.06886636155446424,0.18574585413534295,0.18574585413534295,0.0,0.0,0
2021-08-12,1.3850429277832106,0.0018195696250513649,0.05163856500435768,0.0005163856500435768,119,0.0,0.06964742208220574,0.10327713000871536,0.10327713000871536,0.0,0.0,0
2021-08-13,1.3891526489857622,0.002967215759246855,0.05091485055968621,0.0005091485055968615,117,1.1102230246251565e-16,0.06554897958241174,0.10182970111937231,0.10182970111937231,0.0,0.0,0
2021-08-16,1.3788668387237986,-0.0074043772435472555,0.05244810029234382,0.0005244810029234366,114,4.440892098500626e-16,0.06725121770426261,0.10489620058468731,0.10489620058468731,0.0,0.0,0
2021-08-17,1.3647139764628726,-0.010264125485840991,0.0571965104865614,0.0005719651048656124,114,1.1102230246251565e-16,0.06910042322810885,0.11439302097312247,0.11439302097312247,0.0,0.0,0
2021-08-18,1.357828182534526,-0.005045594935719433,0.0997864773018064,0.0009978647730180634,113,0.0,0.058800149940018545,0.19957295460361268,0.19957295460361268,0.0,0.0,0
2021-08-19,1.3648648663369203,0.005182307962749544,0.09586991989231203,0.0009586991989231203,112,0.0,0.05541112810787849,0.19173983978462406,0.19173983978462406,0.0,0.0,0
2021-08-20,1.3720481346445998,0.005262988655395873,0.05523445099396972,0.0005523445099396972,113,0.0,0.05611638795675878,0.11046890198793945,0.11046890198793945,0.0,0.0,0
2021-08-23,1.3987760889951413,0.019480332851051774,0.06333276638840948,0.0006333276638840943,112,1.1102230246251565e-16,0.057416143181195145,0.12666553277681886,0.12666553277681886,0.0,0.0,0
2021-08-24,1.4289372402812093,0.02156252993124541,0.0789710603247488,0.0007897106032474881,114,1.1102230246251565e-16,0.06454468565235318,0.1579421206494976,0.1579421206494976,0.0,0.0,0
2021-08-25,1.4340324362793238,0.0035657241301316756,0.10580948931564373,0.0010580948931564374,114,1.1102230246251565e-16,0.07420894460098093,0.2116189786312875,0.21161897863128745,0.0,2.1078245485833813e-16,0
2021-08-26,1.4270086882808606,-0.004897900368757813,0.0601261875645363,0.000601261875645363,113,1.1102230246251565e-16,0.07584969143275633,0.1202523751290726,0.1202523751290726,0.0,0.0,0
2021-08-27,1.4488282875828484,0.015290446008618286,0.07906214693678133,0.0007906214693678128,113,0.0,0.05682629492605107,0.15812429387356255,0.15812429387356255,0.0,0.0,0
2021-08-30,1.4524585031167274,0.002505621656473389,0.08892876169434914,0.0008892876169434914,115,0.0,0.05556335551918793,0.17785752338869829,0.17785752338869829,0.0,0.0,0
2021-08-31,1.4449632074493397,-0.005160419833891372,0.07322585030059267,0.0007322585030059267,111,0.0,0.08588817152198691,0.14645170060118534,0.14645170060118534,0.0,0.0,0
2021-09-01,1.4410281099088418,-0.002723320234183757,0.05966043475615907,0.0005966043475615902,111,1.1102230246251565e-16,0.07619791526899654,0.11932086951231803,0.11932086951231803,0.0,0.0,0
2021-09-02,1.447575901657004,0.0045438334638567834,0.050836705752398854,0.000508367057523988,113,0.0,0.07563055242307828,0.1016734115047976,0.1016734115047976,0.0,0.0,0
2021-09-03,1.4828452786286124,0.02436444053208975,0.05215431179741649,0.0005215431179741649,111,0.0,0.08674450859613274,0.10430862359483298,0.10430862359483298,0.0,0.0,0
2021-09-07,1.4686040404473073,-0.009603994689503903,0.08829853652066384,0.0008829853652066379,112,1.1102230246251565e-16,0.056566986689856096,0.17659707304132757,0.17659707304132757,0.0,0.0,0
2021-09-08,1.4539743351172407,-0.009961640392607607,0.0769452454546609,0.0007694524545466085,110,0.0,0.05242592647445764,0.1538904909093218,0.1538904909093217,0.0,4.4047068509939225e-16,0
2021-09-09,1.454783398775402,0.0005564497519798817,0.07537249554605743,0.0007537249554605744,111,0.0,0.05462313399255191,0.15074499109211487,0.15074499109211487,0.0,0.0,0
2021-09-10,1.4501100084714091,-0.003212430323254134,0.05552564533946588,0.0005552564533946588,111,0.0,0.05494057538108777,0.11105129067893175,0.11105129067893175,0.0,0.0,0
2021-09-13,1.4451872890583624,-0.0033947213551307476,0.06742063175114957,0.0006742063175114957,113,0.0,0.05557661771377129,0.13484126350229914,0.13484126350229914,0.0,0.0,0
2021-09-14,1.4430173269055906,-0.00150150929862225,0.12890820549049858,0.0012890820549049853,114,1.1102230246251565e-16,0.055393270283846316,0.2578164109809971,0.25781641098099706,0.0,2.1283566272248255e-16,0
2021-09-15,1.4559264246112318,0.00894590623753877,0.11281706750690676,0.001128170675069067,113,0.0,0.07974470533759487,0.2256341350138134,0.2256341350138134,0.0,0.0,0
2021-09-16,1.4590217795781681,0.0021260380432774895,0.07915396836689984,0.0007915396836689983,112,0.0,0.05469593080846796,0.15830793673379967,0.15830793673379967,0.0,0.0,0
2021-09-17,1.4453286856211833,-0.009385119638819717,0.07232051331538036,0.0007232051331538036,112,0.0,0.0866122199705885,0.14464102663076073,0.14464102663076073,0.0,0.0,0
2021-09-20,1.4134810900748813,-0.022034846373103267,0.08514672081131375,0.0008514672081131369,112,1.1102230246251565e-16,0.08551286486835365,0.17029344162262738,0.17029344162262738,0.0,0.0,0
2021-09-21,1.4144214755912614,0.0006652975572034592,0.08054040441874404,0.0008054040441874399,108,0.0,0.09701308752985736,0.16108080883748796,0.16108080883748796,0.0,0.0,0
2021-09-22,1.4300599115553356,0.01105641863754725,0.06299719318732433,0.0006299719318732433,113,0.0,0.08279167453662377,0.12599438637464866,0.12599438637464866,0.0,0.0,0
2021-09-23,1.4495340220792416,0.013617688578323905,0.05511080940486893,0.0005511080940486887,110,1.1102230246251565e-16,0.08436834283289245,0.11022161880973774,0.11022161880973774,0.0,2.1267303239660973e-16,0
2021-09-24,1.4480433573834242,-0.0010283751006266995,0.04957268454091788,0.0004957268454091788,113,1.1102230246251565e-16,0.08576003164196111,0.09914536908183576,0.09914536908183576,0.0,0.0,0
2021-09-27,1.4328494773633533,-0.01049269688134602,0.0430970031926863,0.000430970031926863,113,1.1102230246251565e-16,0.08294255457352509,0.08619400638537257,0.0861940063853726,0.0,2.1563595364610527e-16,0
2021-09-28,1.3874280327333057,-0.03170008109548916,0.0662346776868045,0.0006623467768680449,110,1.1102230246251565e-16,0.0811364859052044,0.132469355373609,0.132469355373609,0.0,0.0,0
2021-09-29,1.3815341893165671,-0.0042480354135034926,0.08751721000098972,0.0008751721000098966,110,0.0,0.08018740971497541,0.17503442000197933,0.17503442000197933,0.0,0.0,0
2021-09-30,1.3822281964410208,0.0005023452404004924,0.04903793266329406,0.0004903793266329406,111,0.0,0.0906019624087157,0.0980758653265881,0.09807586532658812,0.0,2.058510290394236e-16,0
2021-10-01,1.3924501854024025,0.007395297670602652,0.09239879630316558,0.0009239879630316559,109,0.0,0.05524729132980617,0.18479759260633122,0.18479759260633116,0.0,2.1706405119517602e-16,0
2021-10-04,1.3542774739322525,-0.02741405895186011,0.07850326624835449,0.0007850326624835443,109,1.1102230246251565e-16,0.08105775107250623,0.15700653249670887,0.15700653249670887,0.0,0.0,0
2021-10-05,1.3736563154624886,0.01430935823954016,0.09313924904283617,0.0009313924904283612,107,0.0,0.05354876351183038,0.18627849808567223,0.18627849808567223,0.0,0.0,0
2021-10-06,1.3810205786665413,0.005361066753857724,0.05481112720896577,0.0005481112720896571,106,1.1102230246251565e-16,0.059624277589276395,0.10962225441793143,0.10962225441793143,0.0,0.0,0
2021-10-07,1.3981687954903805,0.012417061040753685,0.059058886308865556,0.000590588863088655,110,2.220446049250313e-16,0.0522402882914024,0.118117772617731,0.118117772617731,0.0,0.0,0
2021-10-08,1.3840422218443897,-0.01010362532160225,0.04943314757767559,0.0004943314757767548,110,0.0,0.051338713511385775,0.09886629515535096,0.09886629515535096,0.0,0.0,0
2021-10-11,1.3766198444527922,-0.005362825840461993,0.03730279418933919,0.0003730279418933919,110,0.0,0.05155542490423447,0.07460558837867838,0.07460558837867838,0.0,0.0,0
2021-10-12,1.380635437596396,0.0029169949567304787,0.0464540622233655,0.000464540622233655,109,0.0,0.052955194590235004,0.092908124446731,0.092908124446731,0.0,0.0,0
2021-10-13,1.3959539338766478,0.011095250681758762,0.04789110309622684,0.00047891103096226844,113,0.0,0.05182030642479615,0.09578220619245369,0.09578220619245369,0.0,0.0,0
2021-10-14,1.4203128144264896,0.017449630649484016,0.06269274610682582,0.0006269274610682582,112,0.0,0.07695942371540265,0.12538549221365164,0.12538549221365164,0.0,0.0,0
2021-10-15,1.4253125342127637,0.00352015396572547,0.06247167211729152,0.0006247167211729147,113,1.1102230246251565e-16,0.05327742881225125,0.12494334423458293,0.12494334423458293,0.0,0.0,0
2021-10-18,1.439122282569078,0.009688926480915017,0.049316160626051146,0.000493161606260511,110,0.0,0.052962712414114085,0.09863232125210218,0.09863232125210218,0.0,0.0,0
2021-10-19,1.4513048623067597,0.008465284628859981,0.08600287451507749,0.0008600287451507749,110,0.0,0.057834534171043346,0.17200574903015498,0.17200574903015498,0.0,0.0,0
2021-10-20,1.4513252478342376,1.4046344091633856e-05,0.06123869363028131,0.0006123869363028125,113,1.1102230246251565e-16,0.05248692624887011,0.12247738726056251,0.12247738726056251,0.0,0.0,0
2021-10-21,1.4632675572074296,0.00822855482670981,0.054671510621559616,0.0005467151062155961,113,1.1102230246251565e-16,0.054098606424980246,0.10934302124311929,0.10934302124311923,0.0,2.159188626504882e-16,0
2021-10-22,1.4580607936560714,-0.003558312713018097,0.07837851721400949,0.0007837851721400943,114,0.0,0.052058858629308175,0.15675703442801894,0.15675703442801886,0.0,2.1369624819689292e-16,0
2021-10-25,1.470232667257505,0.008347987720671579,0.07704663047278348,0.0007704663047278349,113,0.0,0.05594670001176679,0.15409326094556697,0.15409326094556697,0.0,0.0,0
2021-10-26,1.4664750724635673,-0.0025557824129611717,0.0796293186016178,0.000796293186016178,114,0.0,0.05967837204825395,0.1592586372032356,0.1592586372032356,0.0,0.0,0
2021-10-27,1.4500070446842308,-0.011229667717209457,0.08516122489235961,0.0008516122489235956,114,1.1102230246251565e-16,0.057243152354127254,0.1703224497847191,0.1703224497847191,0.0,0.0,0
2021-10-28,1.4748604596124424,0.017140202883375588,0.10007123142213473,0.0010007123142213468,116,0.0,0.07154964740229225,0.20014246284426934,0.20014246284426934,0.0,0.0,0
2021-10-29,1.48160459825657,0.004572729982807777,0.08200231282182462,0.0008200231282182456,114,1.1102230246251565e-16,0.07355348488469063,0.16400462564364912,0.16400462564364912,0.0,0.0,0
2021-11-01,1.4852879669460834,0.002486067263727243,0.08843898408348602,0.0008843898408348603,115,1.1102230246251565e-16,0.06815699773015413,0.17687796816697204,0.17687796816697204,0.0,0.0,0
2021-11-02,1.496300645959826,0.007414507663713099,0.08797977500238273,0.0008797977500238268,118,0.0,0.07022947326404996,0.17595955000476535,0.17595955000476535,0.0,0.0,0
2021-11-03,1.510239244717982,0.009315373080798661,0.06662714062732057,0.0006662714062732046,116,2.220446049250313e-16,0.07323740500556487,0.13325428125464092,0.13325428125464092,0.0,0.0,0
2021-11-04,1.5371578254022797,0.017824050579035466,0.09187929138054658,0.0009187929138054648,114,0.0,0.06542137125712774,0.18375858276109294,0.18375858276109294,0.0,0.0,0
2021-11-05,1.5522085916654274,0.009791295346792905,0.10988892061403441,0.0010988892061403435,114,1.1102230246251565e-16,0.06445993475747136,0.2197778412280687,0.2197778412280687,0.0,0.0,0
2021-11-08,1.5653137204550505,0.008442891541762476,0.10493987882626683,0.0010493987882626678,114,0.0,0.06615689624901264,0.20987975765253356,0.20987975765253356,0.0,0.0,0
2021-11-09,1.566889762027996,0.0010068534839695609,0.09456118432635159,0.0009456118432635154,115,1.1102230246251565e-16,0.06485063292256656,0.1891223686527031,0.18912236865270307,0.0,2.1189376208513577e-16,0
2021-11-10,1.5249043587341033,-0.02679537789534836,0.09752688551808388,0.0009752688551808382,117,0.0,0.05929150878991249,0.19505377103616764,0.19505377103616764,0.0,0.0,0
2021-11-11,1.5359375883834994,0.007235358457861052,0.10252285069538236,0.0010252285069538235,111,0.0,0.056278272579023875,0.20504570139076472,0.20504570139076472,0.0,0.0,0
2021-11-12,1.5590953484054748,0.015077279309472447,0.09782051701092752,0.0009782051701092745,114,1.1102230246251565e-16,0.05609480963560722,0.19564103402185493,0.19564103402185493,0.0,2.1385887852276575e-16,0
2021-11-15,1.5462278585054519,-0.008253177019085345,0.06264061135480238,0.0006264061135480232,113,0.0,0.056327254713052034,0.12528122270960465,0.12528122270960465,0.0,0.0,0
2021-11-16,1.5612223604050908,0.00969747234675511,0.05478274984023895,0.0005478274984023895,113,0.0,0.05576570298580615,0.1095654996804779,0.1095654996804779,0.0,0.0,0
2021-11-17,1.5490894020464263,-0.007771447979720403,0.0705965359741071,0.000705965359741071,115,0.0,0.0572958756575874,0.1411930719482142,0.1411930719482142,0.0,0.0,0
2021-11-18,1.5439663843877425,-0.0033071155557039544,0.08115407782537742,0.0008115407782537743,112,0.0,0.057439709413969475,0.16230815565075485,0.16230815565075485,0.0,0.0,0
2021-11-19,1.540916404687835,-0.001975418461663603,0.0666443098357465,0.000666443098357465,111,0.0,0.059237995504195076,0.133288619671493,0.133288619671493,0.0,0.0,0
2021-11-22,1.5024244402217697,-0.024979917371872662,0.06766326661869752,0.0006766326661869747,114,1.1102230246251565e-16,0.05905540588892798,0.13532653323739494,0.13532653323739494,0.0,0.0,0
2021-11-23,1.4962372231420682,-0.004118155239000387,0.07679215819709435,0.000767921581970943,115,0.0,0.058951757036556994,0.1535843163941886,0.1535843163941886,0.0,0.0,0
2021-11-24,1.5043031148633137,0.005390784025749218,0.07041556001738514,0.0007041556001738514,114,0.0,0.05946135779016352,0.14083112003477027,0.14083112003477027,0.0,0.0,0
2021-11-26,1.4693924175027044,-0.02320722267718056,0.07018692730153478,0.0007018692730153472,111,1.1102230246251565e-16,0.06036101801407823,0.14037385460306945,0.14037385460306945,0.0,0.0,0
2021-11-29,1.5005184805463725,0.02118294791296682,0.09215118877712962,0.0009215118877712957,118,0.0,0.06156395735943128,0.18430237755425913,0.18430237755425913,0.0,0.0,0
2021-11-30,1.4611476728554145,-0.026238135818641983,0.0918877321936836,0.0009188773219368359,111,0.0,0.059852901179012784,0.1837754643873672,0.1837754643873672,0.0,0.0,0
2021-12-01,1.4211400152213454,-0.027380981660727777,0.11525383515128602,0.0011525383515128603,112,0.0,0.06318019511833031,0.23050767030257205,0.23050767030257205,0.0,0.0,0
2021-12-02,1.4506540576316498,0.020767863893908833,0.10434492423402549,0.001043449242340255,113,0.0,0.06167613569366089,0.20868984846805097,0.20868984846805097,0.0,0.0,0
2021-12-03,1.4152048022783184,-0.024436739529206664,0.09987257062976714,0.0009987257062976707,114,1.1102230246251565e-16,0.06273840897484469,0.19974514125953416,0.19974514125953416,0.0,0.0,0
2021-12-06,1.4175704425603994,0.0016715886479983233,0.07828772271316377,0.0007828772271316371,113,0.0,0.059213980695325595,0.15657544542632743,0.15657544542632743,0.0,0.0,0
2021-12-07,1.4850988589300915,0.047636727136975976,0.0797361328604592,0.0007973613286045921,117,0.0,0.05939601897939438,0.1594722657209184,0.1594722657209184,0.0,0.0,0
2021-12-08,1.501691871228751,0.011173001850269815,0.06713482641389472,0.0006713482641389471,115,0.0,0.05896615976330127,0.13426965282778944,0.13426965282778944,0.0,0.0,0
2021-12-09,1.4711079527868085,-0.02036630751481483,0.05505584836594094,0.0005505584836594094,115,0.0,0.057824553147233795,0.11011169673188188,0.11011169673188188,0.0,0.0,0
2021-12-10,1.4782194071698236,0.004834080578208777,0.09677470274599952,0.0009677470274599951,115,0.0,0.08354476892126521,0.19354940549199903,0.19354940549199903,0.0,0.0,0
2021-12-13,1.4551642508736535,-0.01559657259561431,0.09798020246645081,0.0009798020246645082,115,0.0,0.09650301780928452,0.19596040493290162,0.19596040493290162,0.0,0.0,0
2021-12-14,1.4320859836470599,-0.015859561704280378,0.07120746270137486,0.0007120746270137486,112,0.0,0.09657754913021578,0.14241492540274972,0.14241492540274972,0.0,0.0,0
2021-12-15,1.4651212327120198,0.023067922905599447,0.06576821673312096,0.0006576821673312096,115,0.0,0.09614468210787358,0.13153643346624191,0.13153643346624191,0.0,0.0,0
2021-12-16,1.4328023107091123,-0.022058872181575984,0.0531283210307347,0.000531283210307347,111,0.0,0.09695212781553247,0.1062566420614694,0.1062566420614694,0.0,0.0,0
2021-12-17,1.4415848442985133,0.006129619922970564,0.12330726923066533,0.0012330726923066527,115,1.1102230246251565e-16,0.05931960523496223,0.24661453846133058,0.24661453846133055,0.0,2.222614453595284e-16,0
2021-12-20,1.4212738273265833,-0.014089366333352116,0.08926138658457473,0.0008926138658457468,115,0.0,0.07482984389824124,0.17852277316914936,0.17852277316914936,0.0,0.0,0
2021-12-21,1.472729326695615,0.03620379013509267,0.06610607965968707,0.0006610607965968707,114,0.0,0.07515294758780139,0.13221215931937413,0.13221215931937413,0.0,0.0,0
2021-12-22,1.4909612810862218,0.012379704851477547,0.07661056309882366,0.0007661056309882367,109,0.0,0.07643697957096358,0.15322112619764733,0.15322112619764733,0.0,0.0,0
2021-12-23,1.5026354222426608,0.007829942537430634,0.058773968690927374,0.0005877396869092732,113,1.1102230246251565e-16,0.07665786464976541,0.11754793738185465,0.11754793738185464,0.0,2.1055206189668496e-16,0
2021-12-27,1.531015653323624,0.018886970625653365,0.06599562917559156,0.0006599562917559151,118,0.0,0.06722379094735882,0.13199125835118303,0.131991258351183,0.0,2.1285599151321666e-16,0
2021-12-28,1.516084538633922,-0.009752424579911212,0.0647411697675708,0.0006474116976757069,115,2.220446049250313e-16,0.06402807743402221,0.12948233953514138,0.12948233953514138,0.0,0.0,0
2021-12-29,1.516073186672453,-7.487683687523727e-06,0.06969561619262156,0.000696956161926215,111,1.1102230246251565e-16,0.09374841599351288,0.13939123238524304,0.139391232385243,0.0,1.9987267049770274e-16,0
2021-12-30,1.5113074804269762,-0.0031434539489065827,0.08252410149297018,0.0008252410149297012,113,0.0,0.06412470283779034,0.16504820298594025,0.16504820298594025,0.0,0.0,0
2021-12-31,1.5039778006638098,-0.0048498931277013435,0.04823203851907914,0.0004823203851907914,114,0.0,0.06502277720830427,0.09646407703815828,0.09646407703815828,0.0,0.0,0
2022-01-03,1.4996220148856385,-0.0028961769091596645,0.06324040049552275,0.0006324040049552269,115,1.1102230246251565e-16,0.06523952981152681,0.1264808009910454,0.1264808009910454,0.0,0.0,0
2022-01-04,1.4796380632266246,-0.0133259924571979,0.07981193605634028,0.0007981193605634023,111,0.0,0.07260582742350316,0.15962387211268042,0.15962387211268045,0.0,2.1684043449710089e-16,0
2022-01-05,1.4242668908584404,-0.037422105948962336,0.06258887156152587,0.0006258887156152587,113,0.0,0.07301554846926196,0.12517774312305174,0.12517774312305174,0.0,0.0,0
2022-01-06,1.431610911797577,0.0051563516545063415,0.07715981672049578,0.0007715981672049573,115,1.1102230246251565e-16,0.07093691186609727,0.15431963344099148,0.15431963344099145,0.0,2.1341164512661548e-16,0
2022-01-07,1.4126628379534283,-0.013235491353133733,0.0590798213624924,0.0005907982136249234,114,0.0,0.07052158716029865,0.11815964272498469,0.11815964272498469,0.0,0.0,0
2022-01-10,1.410072456528259,-0.0018336869602388894,0.07815408064629874,0.0007815408064629874,110,0.0,0.07180993921704798,0.15630816129259748,0.15630816129259748,0.0,0.0,0
2022-01-11,1.432935909790799,0.016214381861505256,0.050054505429618354,0.0005005450542961836,113,0.0,0.0714276738571038,0.10010901085923671,0.10010901085923671,0.0,0.0,0
2022-01-12,1.435408179193898,0.0017253175010876198,0.07174461775448594,0.0007174461775448589,110,1.1102230246251565e-16,0.07098827163391366,0.14348923550897177,0.14348923550897177,0.0,0.0,0
2022-01-13,1.3908288117425704,-0.03105692728904652,0.052429537959987345,0.0005242953795998735,107,1.1102230246251565e-16,0.07151022938499312,0.10485907591997469,0.10485907591997469,0.0,0.0,0
2022-01-14,1.4006765682268854,0.007080495026542177,0.05686610006817047,0.0005686610006817047,109,1.1102230246251565e-16,0.07204847924019041,0.11373220013634094,0.11373220013634094,0.0,0.0,0
2022-01-18,1.3607828657338248,-0.02848173761024786,0.09054604195609309,0.0009054604195609303,111,0.0,0.05159022869133466,0.18109208391218606,0.18109208391218606,0.0,0.0,0
2022-01-19,1.3519354074645227,-0.006501741381444437,0.09129528311316662,0.0009129528311316662,113,0.0,0.058762853974512176,0.18259056622633327,0.18259056622633324,0.0,2.1819568721270777e-16,0
2022-01-20,1.3376169075361843,-0.010591112452030482,0.07076128757182275,0.0007076128757182269,108,1.1102230246251565e-16,0.06110651348828676,0.14152257514364538,0.14152257514364538,0.0,0.0,0
2022-01-21,1.288108771578936,-0.03701219360963326,0.06652655411370466,0.000665265541137046,112,0.0,0.05967080007648741,0.1330531082274092,0.1330531082274092,0.0,0.0,0
2022-01-24,1.3014439967682232,0.010352561432324547,0.07326535620018121,0.000732653562001812,112,0.0,0.06088298972321792,0.14653071240036242,0.14653071240036242,0.0,0.0,0
2022-01-25,1.2560614188452497,-0.034870941842805814,0.1231678694521908,0.001231678694521908,112,0.0,0.0800668642781865,0.2463357389043816,0.2463357389043816,0.0,0.0,0
2022-01-26,1.253147133437596,-0.0023201774721596236,0.12435210211823537,0.0012435210211823537,113,0.0,0.06182226672424081,0.24870420423647074,0.24870420423647074,0.0,0.0,0
2022-01-27,1.2419561075876084,-0.00893033671097243,0.06269011979085418,0.0006269011979085418,108,0.0,0.05450941445986769,0.12538023958170835,0.12538023958170835,0.0,0.0,0
2022-01-28,1.2817929303158608,0.03207587006084456,0.07807143348226248,0.0007807143348226248,112,0.0,0.054340486705490874,0.15614286696452495,0.15614286696452495,0.0,0.0,0
2022-01-31,1.3455673298453716,0.04975405778981434,0.10228221806354267,0.0010228221806354255,116,2.220446049250313e-16,0.07666389678658464,0.2045644361270851,0.2045644361270851,0.0,0.0,0
2022-02-01,1.360371963583185,0.01100252169433591,0.08799923481542857,0.0008799923481542851,111,3.3306690738754696e-16,0.07530888517868042,0.17599846963085702,0.17599846963085702,0.0,0.0,0
2022-02-02,1.3622918928321195,0.0014113266814741454,0.10388877913621902,0.0010388877913621892,110,1.1102230246251565e-16,0.052221722111377,0.2077775582724379,0.20777755827243782,0.0,2.1269336118734383e-16,0
2022-02-03,1.3126106364590668,-0.03646887765717255,0.09731534747476668,0.0009731534747476662,108,0.0,0.05364766686791101,0.19463069494953325,0.19463069494953325,0.0,0.0,0
2022-02-04,1.3371492800215263,0.018694533535592583,0.07652706393595099,0.00076527063935951,111,0.0,0.05337766837971787,0.15305412787190198,0.15305412787190198,0.0,0.0,0
2022-02-07,1.3386591734335072,0.0011291883670285774,0.0849862457407394,0.000849862457407394,112,0.0,0.05164552464124999,0.1699724914814788,0.1699724914814788,0.0,0.0,0
2022-02-08,1.3593262805805169,0.015438662474482445,0.10462215569226124,0.0010462215569226124,111,0.0,0.055577647150304575,0.20924431138452249,0.20924431138452249,0.0,0.0,0
2022-02-09,1.409075887741174,0.036598723846794856,0.07172878612492575,0.0007172878612492575,114,0.0,0.05842249455045131,0.1434575722498515,0.1434575722498515,0.0,0.0,0
2022-02-10,1.381397841173918,-0.019642694057894428,0.07708516780168652,0.0007708516780168647,111,1.1102230246251565e-16,0.0561990713971994,0.15417033560337293,0.15417033560337293,0.0,0.0,0
2022-02-11,1.3344293546503314,-0.03400069489298796,0.07073240627663975,0.000707324062766397,113,0.0,0.056023660975955916,0.1414648125532794,0.1414648125532794,0.0,0.0,0
2022-02-14,1.3340809454983866,-0.0002610922419614692,0.0871719000055093,0.000871719000055093,112,0.0,0.05289166549362526,0.1743438000110186,0.1743438000110186,0.0,0.0,0
2022-02-15,1.3809782461192701,0.03515326470940905,0.05307803024847731,0.0005307803024847731,113,0.0,0.05355553351492576,0.10615606049695463,0.10615606049695463,0.0,0.0,0
2022-02-16,1.3758520180144984,-0.00371202668773174,0.07354981942024505,0.0007354981942024505,114,0.0,0.05319021901402143,0.1470996388404901,0.1470996388404901,0.0,0.0,0
2022-02-17,1.3189621833497465,-0.041348803446790816,0.05249551129709516,0.0005249551129709516,112,0.0,0.0522764489940718,0.10499102259419033,0.10499102259419033,0.0,0.0,0
2022-02-18,1.2950946242525587,-0.01809571146048461,0.08176858207957496,0.0008176858207957497,113,0.0,0.05240583523983198,0.16353716415914993,0.16353716415914993,0.0,0.0,0
2022-02-22,1.2762242826366557,-0.014570627707449324,0.0690965156523089,0.0006909651565230884,115,1.1102230246251565e-16,0.05467542820729496,0.1381930313046177,0.1381930313046177,0.0,0.0,0
2022-02-23,1.2468801584758666,-0.022992921040622005,0.078569938979926,0.0007856993897992594,115,0.0,0.05478811340339742,0.15713987795985188,0.15713987795985188,0.0,0.0,0
2022-02-24,1.303810139727824,0.0456579414348417,0.1023772042001944,0.0010237720420019434,114,1.1102230246251565e-16,0.05365299206990432,0.2047544084003887,0.2047544084003887,0.0,2.1112126803723985e-16,0
2022-02-25,1.3228291874709905,0.014587283196874745,0.11463813448960711,0.0011463813448960706,112,0.0,0.05898681458760737,0.2292762689792141,0.2292762689792141,0.0,0.0,0
2022-02-28,1.326016524175727,0.0024094847127087426,0.09562194882024219,0.000956219488202422,115,0.0,0.058653977451817024,0.19124389764048438,0.19124389764048438,0.0,0.0,0
2022-03-01,1.3003974192016556,-0.01932035122261888,0.09879534736856903,0.0009879534736856902,114,0.0,0.058830348443917366,0.19759069473713806,0.19759069473713806,0.0,0.0,0
2022-03-02,1.3294971742904902,0.022377586004976413,0.10973958017212795,0.001097395801721279,111,1.1102230246251565e-16,0.05966995707242125,0.2194791603442558,0.2194791603442558,0.0,0.0,0
2022-03-03,1.2929528083199815,-0.027487358888153568,0.09056419720338513,0.0009056419720338508,113,0.0,0.05786263052490253,0.18112839440677014,0.18112839440677014,0.0,0.0,0
2022-03-04,1.2642046399731226,-0.02223450706156338,0.10617477607675938,0.0010617477607675937,114,0.0,0.07616452646385438,0.21234955215351875,0.21234955215351875,0.0,0.0,0
2022-03-07,1.2035927417156544,-0.047944688969625004,0.09556129494851147,0.0009556129494851141,114,1.1102230246251565e-16,0.060734217622819865,0.19112258989702283,0.19112258989702283,0.0,0.0,0
2022-03-08,1.2021145122615302,-0.0012281807648799603,0.12258235079824203,0.0012258235079824198,112,0.0,0.05814136106423534,0.24516470159648396,0.24516470159648396,0.0,0.0,0
2022-03-09,1.262570360641805,0.05029125575278148,0.09948897616633189,0.0009948897616633182,112,1.1102230246251565e-16,0.05584327689829801,0.19897795233266366,0.19897795233266366,0.0,0.0,0
2022-03-10,1.249457454873414,-0.010385881196930069,0.10029385754755536,0.0010029385754755536,113,1.1102230246251565e-16,0.05168398093420299,0.20058771509511072,0.20058771509511072,0.0,2.1581044243323966e-16,0
2022-03-11,1.217453228971551,-0.02561449833848528,0.13174023857889655,0.001317402385788965,115,0.0,0.07866079516137751,0.263480477157793,0.263480477157793,0.0,0.0,0
2022-03-14,1.1813099639395659,-0.029687600453051743,0.12011058119030617,0.0012011058119030611,119,1.1102230246251565e-16,0.08029827834291288,0.24022116238061222,0.24022116238061222,0.0,0.0,0
2022-03-15,1.2149078324883305,0.028441196277324776,0.11520747243745347,0.0011520747243745346,116,1.1102230246251565e-16,0.07248210009540036,0.23041494487490694,0.23041494487490694,0.0,0.0,0
2022-03-16,1.2803669067337573,0.0538798684928683,0.14991070178050356,0.001499107017805035,114,0.0,0.05303406982937224,0.299821403561007,0.299821403561007,0.0,0.0,0
2022-03-17,1.3063447331053404,0.020289360990946692,0.11641921208682857,0.001164192120868285,115,1.1102230246251565e-16,0.055920524783517236,0.23283842417365702,0.23283842417365702,0.0,0.0,0
2022-03-18,1.3396184387847314,0.02547084612213757,0.09510731094540469,0.0009510731094540463,115,0.0,0.0962947963276135,0.19021462189080926,0.19021462189080926,0.0,0.0,0
2022-03-21,1.3298801551328305,-0.0072694458137909646,0.09496798629947109,0.0009496798629947109,115,0.0,0.08300812707814346,0.18993597259894218,0.18993597259894218,0.0,0.0,0
2022-03-22,1.350229336303993,0.015301515021953316,0.07330981878637845,0.0007330981878637845,116,0.0,0.07887478071488035,0.1466196375727569,0.1466196375727569,0.0,0.0,0
2022-03-23,1.3281765217112482,-0.016332643647863798,0.06668268310377443,0.0006668268310377443,119,0.0,0.08354136309378316,0.13336536620754885,0.13336536620754885,0.0,0.0,0
2022-03-24,1.3675822090970027,0.029669013675218014,0.08914626995722706,0.0008914626995722706,116,0.0,0.055532171462223126,0.17829253991445412,0.17829253991445412,0.0,0.0,0
2022-03-25,1.3628195823075286,-0.0034825159012698004,0.10190684439537807,0.0010190684439537808,115,0.0,0.08398227397371463,0.20381368879075615,0.20381368879075615,0.0,0.0,0
2022-03-28,1.3785221800205916,0.011522139773245232,0.06662572774973131,0.0006662572774973132,114,0.0,0.097095677438191,0.13325145549946263,0.13325145549946263,0.0,0.0,0
2022-03-29,1.4071503123943498,0.020767262789584295,0.0684671325336273,0.000684671325336273,116,0.0,0.08436078338190434,0.1369342650672546,0.1369342650672546,0.0,0.0,0
2022-03-30,1.3810099837445518,-0.018576784881864428,0.08758208427588844,0.0008758208427588844,121,0.0,0.08427645067175162,0.17516416855177688,0.17516416855177688,0.0,0.0,0
2022-03-31,1.3632880334675515,-0.012832601129318388,0.09549681947411078,0.0009549681947411066,116,2.220446049250313e-16,0.08493985517781988,0.19099363894822133,0.19099363894822133,0.0,0.0,0
2022-04-01,1.3593784083797142,-0.002867790952358784,0.10997550082340146,0.0010997550082340142,119,1.1102230246251565e-16,0.062283523005087334,0.2199510016468028,0.2199510016468028,0.0,0.0,0
2022-04-04,1.382047159262552,0.016675820906893346,0.0955051466742061,0.0009550514667420605,116,0.0,0.0891798906042926,0.1910102933484121,0.1910102933484121,0.0,0.0,0
2022-04-05,1.3389172813012475,-0.031207240413068327,0.09686214513427394,0.0009686214513427394,112,0.0,0.09017790180022185,0.19372429026854787,0.19372429026854787,0.0,0.0,0
2022-04-06,1.3076525059480024,-0.023350789320502274,0.11143970327736619,0.0011143970327736619,114,0.0,0.09126236598286205,0.22287940655473237,0.22287940655473237,0.0,0.0,0
2022-04-07,1.3061799920469592,-0.0011260743158792996,0.1361370121497826,0.0013613701214978255,115,1.1102230246251565e-16,0.056187609035198025,0.2722740242995651,0.2722740242995651,0.0,0.0,0
2022-04-08,1.2861864129123053,-0.015306909657467171,0.05995169760114132,0.0005995169760114132,109,1.1102230246251565e-16,0.057233959222327845,0.11990339520228264,0.11990339520228264,0.0,0.0,0
2022-04-11,1.2645577831225037,-0.016816092576213748,0.06618264729316267,0.0006618264729316262,112,0.0,0.05627348233894749,0.13236529458632523,0.13236529458632523,0.0,0.0,0
2022-04-12,1.2582552580522293,-0.004983975548125574,0.09834939411531587,0.0009834939411531587,111,0.0,0.05853442740998321,0.19669878823063175,0.19669878823063175,0.0,0.0,0
2022-04-13,1.2874972433383465,0.02324010577264235,0.06382536412110985,0.000638253641211098,112,1.1102230246251565e-16,0.059986628483761927,0.1276507282422196,0.1276507282422196,0.0,0.0,0
2022-04-14,1.2596847778847717,-0.02160196116727975,0.07694982097345435,0.000769498209734543,114,0.0,0.053849006654498606,0.15389964194690858,0.15389964194690858,0.0,0.0,0
2022-04-18,1.26080944550439,0.0008928167104682583,0.08803453196156985,0.0008803453196156985,114,0.0,0.05560503648062385,0.1760690639231397,0.1760690639231397,0.0,0.0,0
2022-04-19,1.2892770341218778,0.022578819280735463,0.0795818071162319,0.0007958180711623191,114,0.0,0.07078364384574232,0.15916361423246378,0.1591636142324638,0.0,2.126662561330317e-16,0
2022-04-20,1.2678493350044846,-0.01661993392443195,0.09670799869169712,0.0009670799869169707,107,1.1102230246251565e-16,0.07837469963735916,0.19341599738339413,0.19341599738339413,0.0,0.0,0
2022-04-21,1.2257648949712088,-0.033193565569150985,0.10256707756618184,0.001025670775661818,108,0.0,0.07097687106341512,0.20513415513236358,0.20513415513236358,0.0,0.0,0
2022-04-22,1.1951528976019534,-0.024973791870564477,0.11041616658745274,0.0011041616658745274,111,0.0,0.05758988499146035,0.22083233317490547,0.22083233317490547,0.0,0.0,0
2022-04-25,1.2121624427448179,0.014232108023160661,0.07061236867908652,0.0007061236867908646,109,1.1102230246251565e-16,0.05824676839588993,0.14122473735817292,0.14122473735817292,0.0,0.0,0
2022-04-26,1.163206937928566,-0.04038691770172076,0.07946625236092673,0.0007946625236092669,111,0.0,0.07237810706182787,0.15893250472185336,0.15893250472185336,0.0,0.0,0
2022-04-27,1.1643244341234327,0.0009607028280425034,0.08137982323555795,0.000813798232355579,112,1.1102230246251565e-16,0.07313047368596519,0.1627596464711158,0.1627596464711158,0.0,0.0,0
2022-04-28,1.206007720048768,0.035800404684212195,0.07597564403102569,0.0007597564403102563,112,0.0,0.08783676017631348,0.15195128806205127,0.15195128806205127,0.0,0.0,0
2022-04-29,1.1602685371655082,-0.03792611118725697,0.09823000197160418,0.000982300019716042,115,0.0,0.08652191783997411,0.19646000394320837,0.19646000394320837,0.0,0.0,0
2022-05-02,1.1781140765748783,0.015380525143744883,0.09362539940626927,0.0009362539940626927,111,0.0,0.07428463500707189,0.18725079881253853,0.18725079881253853,0.0,0.0,0
2022-05-03,1.1780914441172812,-1.9210752207454718e-05,0.1035761082893243,0.0010357610828932431,111,0.0,0.11162717144788854,0.2071522165786486,0.2071522165786486,0.0,0.0,0
2022-05-04,1.21288296167043,0.029532102730121634,0.0803176946862208,0.000803176946862208,110,0.0,0.11709659503934641,0.1606353893724416,0.1606353893724416,0.0,0.0,0
2022-05-05,1.1552707362492687,-0.04750023476446197,0.10663614712985903,0.0010663614712985898,111,1.1102230246251565e-16,0.11972470235680262,0.21327229425971797,0.21327229425971794,0.0,2.2350827785788674e-16,0
2022-05-06,1.1244135264313075,-0.026709938068840033,0.17587359977270564,0.0017587359977270563,114,1.1102230246251565e-16,0.0772241373520456,0.3517471995454114,0.3517471995454113,0.0,2.22966176771644e-16,0
2022-05-09,1.0355515728006395,-0.07902960213641363,0.14503877642688215,0.001450387764268821,114,0.0,0.05350947309941291,0.2900775528537642,0.2900775528537642,0.0,0.0,0
2022-05-10,1.0452112205115303,0.00932802186255799,0.13423473092928917,0.0013423473092928917,114,0.0,0.051011166171233274,0.26846946185857834,0.26846946185857834,0.0,0.0,0
2022-05-11,1.0101767106928576,-0.033519071677709844,0.10322012665985057,0.0010322012665985058,115,0.0,0.053459451463504754,0.20644025331970114,0.20644025331970114,0.0,0.0,0
2022-05-12,1.0231370440395087,0.012829768504326156,0.07879009690677745,0.000787900969067774,113,1.1102230246251565e-16,0.05396817660460014,0.1575801938135548,0.1575801938135548,0.0,0.0,0
2022-05-13,1.0820353975995751,0.0575664363862014,0.06901967522315759,0.0006901967522315753,115,0.0,0.04891580769133434,0.13803935044631507,0.13803935044631507,0.0,0.0,0
2022-05-16,1.0569371945452313,-0.02319536228668917,0.09899997851210772,0.0009899997851210772,115,0.0,0.052155423645055696,0.19799995702421544,0.19799995702421544,0.0,0.0,0
2022-05-17,1.09714569352934,0.038042467605096775,0.08173644857391696,0.0008173644857391696,111,0.0,0.0560333676055141,0.16347289714783392,0.16347289714783392,0.0,0.0,0
2022-05-18,1.0452248749718138,-0.047323540404652475,0.07991477816438179,0.0007991477816438174,115,1.1102230246251565e-16,0.0545467085434096,0.15982955632876347,0.15982955632876347,0.0,0.0,0
2022-05-19,1.0646165639777354,0.018552647827525748,0.09806918630831504,0.0009806918630831504,112,1.1102230246251565e-16,0.05687849541256109,0.19613837261663009,0.19613837261663009,0.0,0.0,0
2022-05-20,1.0691691550439286,0.004276272998405384,0.06896216262029571,0.0006896216262029565,109,2.220446049250313e-16,0.05557484243174598,0.1379243252405913,0.1379243252405913,0.0,0.0,0
2022-05-23,1.0786477735848121,0.008865405905292834,0.08752400898818778,0.0008752400898818767,108,0.0,0.05984410988776075,0.17504801797637534,0.17504801797637534,0.0,0.0,0
2022-05-24,1.040622457663649,-0.03525276448194825,0.09138133031326309,0.000913813303132631,107,0.0,0.059047817785637294,0.18276266062652619,0.18276266062652619,0.0,0.0,0
2022-05-25,1.0710851012540838,0.02927348277571107,0.09313953224543951,0.0009313953224543951,107,0.0,0.049323664453062105,0.186279064490879,0.18627906449087903,0.0,2.2033698650336664e-16,0
2022-05-26,1.1044696241574925,0.031168879918430648,0.07635188855206275,0.0007635188855206276,110,0.0,0.046746591616796826,0.1527037771041255,0.1527037771041255,0.0,0.0,0
2022-05-27,1.1497214350062146,0.04097153046036994,0.061626416372310436,0.0006162641637231033,109,2.220446049250313e-16,0.04885777944145674,0.12325283274462065,0.12325283274462065,0.0,0.0,0
2022-05-31,1.1373525327486942,-0.010758173137350946,0.07922297513441078,0.0007922297513441072,110,1.1102230246251565e-16,0.049288503489966905,0.15844595026882144,0.15844595026882144,0.0,0.0,0
2022-06-01,1.1234462185456293,-0.012226916283781253,0.06244525030808687,0.0006244525030808687,113,1.1102230246251565e-16,0.047873280794600515,0.12489050061617374,0.12489050061617374,0.0,0.0,0
2022-06-02,1.1782214516817926,0.04875643553909792,0.10139339001901111,0.0010139339001901107,113,0.0,0.051407705494922594,0.2027867800380221,0.2027867800380221,0.0,0.0,0
2022-06-03,1.1493260010717818,-0.024524634625150865,0.07914276402254963,0.0007914276402254958,116,1.1102230246251565e-16,0.04855495129327497,0.15828552804509916,0.15828552804509916,0.0,2.215296088931007e-16,0
2022-06-06,1.1528868601952487,0.003098215058343845,0.09718010819603656,0.0009718010819603651,113,0.0,0.05083197969740296,0.19436021639207307,0.19436021639207302,0.0,2.1738931184692167e-16,0
2022-06-07,1.1704368137468295,0.015222615642100923,0.07823283719884537,0.0007823283719884537,113,0.0,0.060506283232467914,0.15646567439769074,0.15646567439769074,0.0,2.069741947274828e-16,0
2022-06-08,1.159244520286969,-0.009562492676585821,0.07960191750710446,0.0007960191750710441,112,1.1102230246251565e-16,0.06374792122563296,0.1592038350142089,0.15920383501420882,0.0,2.1738931184692167e-16,0
2022-06-09,1.1223144099065685,-0.03185704977174142,0.05664679885333849,0.0005664679885333844,116,0.0,0.06505169136633536,0.11329359770667687,0.11329359770667687,0.0,0.0,0
2022-06-10,1.0789040278610036,-0.03867934124554173,0.08694565404313752,0.0008694565404313752,112,0.0,0.06172266853771748,0.17389130808627504,0.17389130808627504,0.0,0.0,0
2022-06-13,1.0133351277279545,-0.06077361696669503,0.13568825547936217,0.0013568825547936216,112,0.0,0.05217654662933835,0.27137651095872434,0.27137651095872434,0.0,0.0,0
2022-06-14,1.0142972223549618,0.0009494338059359286,0.09627532370249835,0.0009627532370249818,108,0.0006441768088708153,0.055793608408014436,0.19255064740499636,0.19255064740499636,0.0,0.0,0
2022-06-15,1.0435682527513064,0.02885843493525897,0.07603671309501103,0.0007572389600024012,110,0.0,0.05817842603970586,0.15144779200048022,0.15144779200048022,0.0,0.0,0
2022-06-16,0.9872904428100169,-0.05392825030170889,0.06543073681455037,0.0006543073681455033,110,1.1102230246251565e-16,0.051758748398788766,0.13086147362910064,0.13086147362910064,0.0,0.0,0
2022-06-17,1.0008566123516172,0.013740809141217225,0.07125229223110792,0.0007125229223110787,110,2.220446049250313e-16,0.05370660816761522,0.14250458446221573,0.14250458446221573,0.0,0.0,0
2022-06-21,1.022171662669134,0.021296807209411295,0.08854331903968242,0.0008854331903968237,110,1.1102230246251565e-16,0.04879310142199952,0.17708663807936473,0.17708663807936473,0.0,0.0,0
2022-06-22,1.0082272408017388,-0.013641956998673765,0.11910864584190532,0.0011910864584190528,111,0.0,0.062140373791983186,0.23821729168381053,0.23821729168381053,0.0,0.0,0
2022-06-23,1.015668544605628,0.007380581978693401,0.0993612315830767,0.0009936123158307665,110,1.1102230246251565e-16,0.09484929053486223,0.19872246316615336,0.1987224631661533,0.0,2.1285599151321666e-16,0
2022-06-24,1.061395757432866,0.045021786950184106,0.1282040347357578,0.0012820403473575775,109,0.0,0.0629762668850391,0.25640806947151557,0.2564080694715155,0.0,2.124494156985346e-16,0
2022-06-27,1.052503361922102,-0.008378020590803503,0.09778878763551069,0.0009778878763551063,111,1.1102230246251565e-16,0.06008993479634037,0.19557757527102126,0.19557757527102126,0.0,0.0,0
2022-06-28,1.0249916665460037,-0.026139294534751834,0.09182891445652663,0.0009182891445652658,110,0.0,0.05827624536889101,0.18365782891305316,0.18365782891305316,0.0,0.0,0
2022-06-29,1.0097324982022884,-0.014887114541267787,0.11009087215789058,0.0011009087215789058,111,0.0,0.0626012594835611,0.22018174431578116,0.22018174431578116,0.0,0.0,0
2022-06-30,0.9881548254532211,-0.021369692257586892,0.08008374421658108,0.0008008374421658109,111,0.0,0.06678223428386487,0.16016748843316217,0.16016748843316217,0.0,0.0,0
2022-07-01,0.9881650091429286,1.0305763272322466e-05,0.07412159733277394,0.0007412159733277395,110,0.0,0.06600094918397793,0.1482431946655479,0.1482431946655479,0.0,0.0,0
2022-07-05,1.0010055281594208,0.012994306515294651,0.09019619644834227,0.0009019619644834205,109,0.0029737852997173565,0.05292996897900774,0.1803923928966841,0.1803923928966841,0.0,0.0,0
2022-07-06,0.9947704082230859,-0.006228856645576708,0.12188995433395239,0.0012039554336488285,110,0.0,0.05943158655585741,0.24079108672976576,0.2407910867297657,0.0,2.242265617971584e-16,0
2022-07-07,1.0325105277529651,0.037938522515253315,0.09080180934180103,0.0009080180934180098,111,1.1102230246251565e-16,0.08601193145376827,0.18160361868360195,0.18160361868360195,0.0,0.0,0
2022-07-08,1.031265469511137,-0.0012058552512174137,0.09099273823088501,0.0009099273823088496,106,0.0,0.10304504182150814,0.1819854764617699,0.1819854764617699,0.0,0.0,0
2022-07-11,1.0043283040101763,-0.026120495931789556,0.1023410067944533,0.0010234100679445324,109,1.1102230246251565e-16,0.06475011190507442,0.20468201358890648,0.20468201358890648,0.0,0.0,0
2022-07-12,0.9891498986050238,-0.015112991782215701,0.10227359816345015,0.0010227359816345014,106,1.1102230246251565e-16,0.08656543065150227,0.2045471963269003,0.2045471963269003,0.0,0.0,0
2022-07-13,0.9895376183738626,0.0003919727125136774,0.1291673150058075,0.001291673150058075,105,1.1102230246251565e-16,0.09809923666413808,0.258334630011615,0.258334630011615,0.0,0.0,0
2022-07-14,0.9787271922776709,-0.010924724735535296,0.09437739257912252,0.0009437739257912247,108,2.220446049250313e-16,0.09654560663354501,0.18875478515824493,0.18875478515824493,0.0,0.0,0
2022-07-15,1.0027728064572892,0.024568249834419964,0.07682914804081456,0.0007682914804081451,104,1.1102230246251565e-16,0.09694940618524427,0.153658296081629,0.153658296081629,0.0,0.0,0
2022-07-18,1.007396531621685,0.004610939920410395,0.08025737330880299,0.0008025737330880294,109,0.0,0.09802287431875628,0.16051474661760584,0.16051474661760587,0.0,2.2302038688026826e-16,0
2022-07-19,1.0424992952945447,0.03484503129701255,0.09239509259315518,0.0009239509259315518,107,0.0017529425929647194,0.09500223999268895,0.18479018518631035,0.18479018518631035,0.0,0.0,0
2022-07-20,1.0655882212979755,0.022147665813920137,0.10503720396773861,0.0010418061718232628,110,0.0,0.09253700823276753,0.20836123436465256,0.20836123436465256,0.0,0.0,0
2022-07-21,1.0786958326701122,0.012300822315932214,0.09335624368911778,0.0009335624368911778,111,0.0,0.08852884844541294,0.18671248737823556,0.18671248737823556,0.0,0.0,0
2022-07-22,1.0573407969752624,-0.019797087416189685,0.06697360133691763,0.0006697360133691763,111,0.0,0.08957048933488945,0.13394720267383525,0.13394720267383525,0.0,0.0,0
2022-07-25,1.05572683888575,-0.0015264313021209341,0.11320565487912566,0.0011320565487912561,114,1.1102230246251565e-16,0.07894067197934342,0.22641130975825124,0.22641130975825122,0.0,1.9928991182999178e-16,0
2022-07-26,1.0337377818104496,-0.02082835849707898,0.11403900240378818,0.0011403900240378813,110,0.0,0.0927415543544703,0.22807800480757626,0.22807800480757626,0.0,0.0,0
2022-07-27,1.0789640002606458,0.04375018427882993,0.10309764760478507,0.0010309764760478507,108,0.0,0.09859867247908206,0.20619529520957014,0.20619529520957014,0.0,0.0,0
2022-07-28,1.0936980501288678,0.01365573815684562,0.1104085203780121,0.0011040852037801211,113,0.0,0.09490393473801323,0.2208170407560242,0.2208170407560242,0.0,0.0,0
2022-07-29,1.11136635085392,0.01615464224606633,0.08061147044424861,0.0008061147044424861,108,0.0,0.09780541669802353,0.16122294088849723,0.16122294088849723,0.0,0.0,0
2022-08-01,1.1069038855421898,-0.004015296403657942,0.11653974108079654,0.0011653974108079654,109,0.0,0.05650059579583146,0.23307948216159308,0.23307948216159308,0.0,0.0,0
2022-08-02,1.1143839120941994,0.006757611613537495,0.0859731604029507,0.0008597316040295069,115,0.0,0.051411469224753,0.1719463208059014,0.1719463208059014,0.0,0.0,0
2022-08-03,1.13770554921439,0.02092783004769294,0.09815475472869364,0.0009815475472869364,110,0.0,0.052831132620989665,0.19630950945738732,0.1963095094573873,0.0,2.1917146916794472e-16,0
2022-08-04,1.1326697238810943,-0.004426299350278273,0.12054220581937973,0.0012054220581937968,113,1.1102230246251565e-16,0.05285812624692207,0.24108441163875935,0.24108441163875935,0.0,2.1797884677821067e-16,0
2022-08-05,1.13946488030938,0.005999239041193816,0.126859064349938,0.0012685906434993799,117,1.1102230246251565e-16,0.07578014695723344,0.253718128699876,0.253718128699876,0.0,2.105791669509971e-16,0
2022-08-08,1.1363927018948659,-0.0026961589317962,0.10066714331321228,0.0010066714331321222,116,0.0,0.09071142480333631,0.20133428662642444,0.20133428662642444,0.0,0.0,0
2022-08-09,1.1153744866371553,-0.01849555635359501,0.15105272985445356,0.0015105272985445357,109,0.0,0.07329489725869597,0.3021054597089071,0.3021054597089071,0.0,0.0,0
2022-08-10,1.14990419062986,0.030957946776074552,0.12093079929574879,0.001209307992957488,110,0.0,0.06798212445749267,0.24186159859149758,0.24186159859149758,0.0,0.0,0
2022-08-11,1.1456562574683258,-0.0036941626929869464,0.08505638041448738,0.0008505638041448732,110,1.1102230246251565e-16,0.06832995468406594,0.17011276082897467,0.17011276082897464,0.0,2.1006417091906648e-16,0
2022-08-12,1.170434188748877,0.021627718714953392,0.0745068176979012,0.0007450681769790114,114,0.0,0.07429759743508091,0.14901363539580229,0.14901363539580229,0.0,0.0,0
2022-08-15,1.174466375419349,0.0034450349359516075,0.050058870074212614,0.0005005887007421262,112,0.0,0.07095589331711637,0.10011774014842523,0.10011774014842523,0.0,0.0,0
2022-08-16,1.1697414332446407,-0.004023054447191976,0.12498185849098659,0.001249818584909866,111,0.0,0.09465659125545553,0.2499637169819732,0.24996371698197317,0.0,2.1984909552574816e-16,0
2022-08-17,1.149321316745469,-0.017456948962242258,0.08721033980359,0.0008721033980359,107,0.0,0.06865337175463017,0.17442067960718,0.17442067960718,0.0,0.0,0
2022-08-18,1.1555255319284483,0.005398155496278312,0.09111702134740836,0.000911170213474083,107,1.1102230246251565e-16,0.0931882268550129,0.1822340426948166,0.1822340426948166,0.0,0.0,0
2022-08-19,1.125481353117505,-0.026000445668044048,0.09645064444699783,0.0009645064444699784,110,1.1102230246251565e-16,0.06441580687391257,0.19290128889399566,0.19290128889399566,0.0,0.0,0
2022-08-22,1.092863263756212,-0.028981456930355365,0.07267045781996351,0.0007267045781996345,112,0.0,0.05295062624044289,0.1453409156399269,0.1453409156399269,0.0,0.0,0
2022-08-23,1.1065215916566076,0.01249774638178569,0.09667309716366682,0.0009667309716366682,107,0.0,0.05720948242586233,0.19334619432733363,0.19334619432733363,0.0,0.0,0
2022-08-24,1.110051330671522,0.0031899413816498523,0.10910691524916752,0.0010910691524916752,109,0.0,0.08179639661058948,0.21821383049833504,0.21821383049833504,0.0,0.0,0
2022-08-25,1.1379049142870996,0.025092158214636395,0.08820298275613185,0.000882029827561318,109,1.1102230246251565e-16,0.09409610486977493,0.17640596551226362,0.1764059655122636,0.0,2.2337275258632605e-16,0
2022-08-26,1.0881604405271992,-0.04371584403523332,0.12058942778174953,0.0012058942778174948,107,0.0,0.07086256297455071,0.24117885556349894,0.24117885556349894,0.0,0.0,0
2022-08-29,1.0732817799493282,-0.013673223197364637,0.09309856776075306,0.0009309856776075307,108,0.0,0.08641329775121938,0.18619713552150613,0.18619713552150613,0.0,0.0,0
2022-08-30,1.0624615966556217,-0.010081400332927815,0.053727646149400725,0.0005372764614940072,108,0.0,0.08572100838942652,0.10745529229880145,0.10745529229880145,0.0,0.0,0
2022-08-31,1.0521661467858123,-0.009690185416787789,0.07222195062964458,0.0007222195062964453,108,1.1102230246251565e-16,0.07462397188116306,0.14444390125928905,0.14444390125928905,0.0,0.0,0
2022-09-01,1.0295454339899632,-0.02149918324682043,0.07047034082837005,0.0007047034082836999,110,0.0,0.08582671663529211,0.14094068165673998,0.14094068165673998,0.0,0.0,0
2022-09-02,1.0237946115384766,-0.005585787923122032,0.0694766959212798,0.0006947669592127979,110,0.0,0.08413569200321945,0.1389533918425596,0.1389533918425596,0.0,0.0,0
2022-09-06,1.0147670872177605,-0.008817710328783868,0.05592146728252814,0.0005592146728252809,108,1.1102230246251565e-16,0.08498677405591945,0.11184293456505617,0.11184293456505617,0.0,0.0,0
2022-09-07,1.0357536145152564,0.020681127287085932,0.05894862233086182,0.0005894862233086177,108,0.0,0.07411861743250366,0.11789724466172354,0.11789724466172354,0.0,0.0,0
2022-09-08,1.0539466176910084,0.017564991249648276,0.07197592014706529,0.0007197592014706529,107,0.0,0.07452388995986019,0.14395184029413058,0.14395184029413058,0.0,0.0,0
2022-09-09,1.08445557817428,0.028947348918022753,0.06976742144018104,0.0006976742144018099,110,1.1102230246251565e-16,0.07470964159251337,0.13953484288036197,0.13953484288036197,0.0,2.0776024130253479e-16,0
2022-09-12,1.0941309383488176,0.008921859382037933,0.07907314456766018,0.0007907314456766012,113,0.0,0.08664861331488069,0.15814628913532025,0.15814628913532025,0.0,0.0,0
2022-09-13,1.0387802240574462,-0.05058874797462787,0.07053909820891016,0.0007053909820891016,113,0.0,0.08527529854659281,0.14107819641782032,0.14107819641782032,0.0,0.0,0
2022-09-14,1.0454358601984712,0.006407164852473057,0.08724499107912444,0.0008724499107912427,109,3.3306690738754696e-16,0.07518426442106345,0.17448998215824854,0.17448998215824854,0.0,0.0,0
2022-09-15,1.027578362358973,-0.017081390183141587,0.05800317593962534,0.0005800317593962523,110,1.1102230246251565e-16,0.07396205852981383,0.11600635187925046,0.11600635187925046,0.0,2.1911725905932045e-16,0
2022-09-16,1.0116474123804953,-0.015503391821043766,0.054494815102452104,0.0005449481510245205,107,0.0,0.07508531791928923,0.1089896302049041,0.1089896302049041,0.0,0.0,0
2022-09-19,1.0200740867920404,0.0083296554791914,0.05080855313320626,0.0005080855313320626,113,0.0,0.07521901103459136,0.10161710626641252,0.10161710626641252,0.0,0.0,0
2022-09-20,1.0063096141894732,-0.013493600887219959,0.051966306952554296,0.0005196630695255419,111,2.220446049250313e-16,0.07475276300243,0.10393261390510837,0.10393261390510837,0.0,0.0,0
2022-09-21,0.9848510345379554,-0.02132403322887999,0.08056645090951424,0.0008056645090951419,110,1.1102230246251565e-16,0.05620124893604901,0.1611329018190284,0.16113290181902837,0.0,2.18439632701517e-16,0
2022-09-22,0.9589780475575421,-0.02627096492065084,0.0757063912587885,0.0007570639125878845,111,0.0,0.07450096907907944,0.15141278251757692,0.1514127825175769,0.0,2.1147363374329764e-16,0
2022-09-23,0.9370340362102086,-0.022882704565786005,0.07509576799038145,0.0007509576799038134,110,2.220446049250313e-16,0.054421135088716106,0.15019153598076268,0.15019153598076268,0.0,0.0,0
2022-09-26,0.9263367681249246,-0.011416093409529315,0.06873829065942998,0.0006873829065942987,107,0.0,0.06499868408330979,0.13747658131885976,0.13747658131885973,0.0,2.138317734684536e-16,0
2022-09-27,0.9361415173550015,0.010584432754324968,0.07294235530009605,0.0007294235530009599,108,1.1102230246251565e-16,0.07598159274607859,0.14588471060019198,0.14588471060019198,0.0,0.0,0
2022-09-28,0.961770396613918,0.027377142006615784,0.06410863907748532,0.0006410863907748526,110,0.0,0.0766063578931648,0.12821727815497053,0.12821727815497053,0.0,0.0,0
2022-09-29,0.9394996825346495,-0.02315595713662688,0.07314090990956507,0.0007314090990956496,109,2.220446049250313e-16,0.07611350315237025,0.1462818198191299,0.1462818198191299,0.0,0.0,0
2022-09-30,0.9289793498002893,-0.011197803394651262,0.05932405306753938,0.0005932405306753933,111,1.1102230246251565e-16,0.07593036583614965,0.11864810613507867,0.11864810613507865,0.0,2.153089989284651e-16,0
2022-10-03,0.9585614579511025,0.03184366601601285,0.06759104477898217,0.0006759104477898212,112,0.0,0.07460008970937834,0.13518208955796418,0.13518208955796424,0.0,2.164880687910431e-16,0
2022-10-04,0.9963396451566863,0.039411335488424015,0.09802369346942968,0.0009802369346942968,113,0.0,0.068591147319327,0.19604738693885937,0.19604738693885937,0.0,0.0,0
2022-10-05,0.998362454268979,0.0020302405129875023,0.05393223164299696,0.000539322316429969,111,1.1102230246251565e-16,0.06565326713144079,0.1078644632859938,0.1078644632859938,0.0,0.0,0
2022-10-06,0.9912259230432806,-0.007148236790338713,0.056646274928781444,0.0005664627492878139,110,0.0,0.06565383490807522,0.11329254985756278,0.11329254985756278,0.0,0.0,0
2022-10-07,0.9511168340157017,-0.04046412436877689,0.047864840048003336,0.0004786484004800328,111,1.1102230246251565e-16,0.06809095762963138,0.09572968009600656,0.09572968009600656,0.0,0.0,0
2022-10-10,0.931457594462809,-0.020669636841448402,0.08362344701097998,0.0008362344701097999,108,1.1102230246251565e-16,0.06665609224970274,0.16724689402195997,0.16724689402195997,0.0,0.0,0
2022-10-11,0.9075204734257958,-0.025698562317072793,0.09380409647364046,0.0009380409647364041,108,0.0,0.05675280940922037,0.18760819294728082,0.18760819294728082,0.0,0.0,0
2022-10-12,0.9067846105290236,-0.0008108499128337554,0.06138120616319294,0.0006138120616319289,109,1.1102230246251565e-16,0.05707032489104905,0.12276241232638577,0.12276241232638577,0.0,2.1830410742995632e-16,0
2022-10-13,0.9235222091056049,0.018458185529655724,0.06033189862232464,0.0006033189862232464,110,1.1102230246251565e-16,0.05709542027187237,0.12066379724464929,0.12066379724464928,0.0,2.1946962476537824e-16,0
2022-10-14,0.8887745075657839,-0.03762519319754398,0.06945530208874519,0.0006945530208874514,110,0.0,0.06068855577154056,0.13891060417749024,0.13891060417749027,0.0,2.1539370222319054e-16,0
2022-10-17,0.918385210352486,0.03331632774639459,0.06762634399830861,0.0006762634399830861,110,0.0,0.056223448434062816,0.13525268799661722,0.13525268799661722,0.0,4.3412810239035204e-16,0
2022-10-18,0.9303459026122339,0.01302361157923837,0.07350270651494245,0.000735027065149424,111,1.1102230246251565e-16,0.051980698046780106,0.1470054130298848,0.1470054130298848,0.0,0.0,0
2022-10-19,0.9264949640232351,-0.004139254634417333,0.05762220805977625,0.0005762220805977619,113,0.0,0.05204085158632966,0.11524441611955238,0.11524441611955238,0.0,0.0,0
2022-10-20,0.9319958543002078,0.00593731265746511,0.059683784255600586,0.0005968378425560059,108,0.0,0.05253994919462171,0.11936756851120117,0.11936756851120117,0.0,0.0,0
2022-10-21,0.959594782298846,0.02961271541208821,0.06290286869142593,0.0006290286869142593,113,0.0,0.05731468375231028,0.12580573738285186,0.12580573738285186,0.0,0.0,0
2022-10-24,0.9577393302266338,-0.001933578742234432,0.12332733117752383,0.0012332733117752382,106,0.0,0.05367813716474782,0.24665466235504768,0.24665466235504765,0.0,2.2033698650336664e-16,0
2022-10-25,0.979871666512585,0.023108935372544215,0.09542509550166238,0.0009542509550166239,111,0.0,0.05839336620615871,0.1908501910033248,0.19085019100332476,0.0,2.209197451710776e-16,0
2022-10-26,0.971155221562028,-0.008895496470042064,0.10514546402488,0.0010514546402488,109,0.0,0.0501202310545089,0.21029092804976002,0.21029092804976,0.0,2.141434815930432e-16,0
2022-10-27,0.9730447750641663,0.0019456760981000354,0.09066379084093872,0.0009066379084093866,112,1.1102230246251565e-16,0.06484697661904168,0.18132758168187735,0.18132758168187732,0.0,2.1480755542369057e-16,0
2022-10-28,0.9914631430355287,0.018928592438254288,0.10324036302864192,0.0010324036302864186,112,0.0,0.06553492219976496,0.20648072605728374,0.20648072605728374,0.0,0.0,0
2022-10-31,0.9772712057329682,-0.01431413502584633,0.09136118391023654,0.0009136118391023654,114,0.0,0.0650581704167513,0.18272236782047308,0.18272236782047308,0.0,0.0,0
2022-11-01,0.9846146872194532,0.007514271824858865,0.09148278250592178,0.0009148278250592178,113,0.0,0.05366001500330186,0.18296556501184355,0.18296556501184355,0.0,0.0,0
2022-11-02,0.9402039752406833,-0.04510466130074242,0.07588194638694819,0.0007588194638694813,113,1.1102230246251565e-16,0.06514127030284493,0.15176389277389632,0.15176389277389626,0.0,2.1982199047143602e-16,0
2022-11-03,0.9272498917335604,-0.013777950155769991,0.086410663999942,0.0008641066399994195,113,0.0,0.06804435452437617,0.1728213279998839,0.1728213279998839,0.0,0.0,0
2022-11-04,0.9423304086845814,0.01626370311332881,0.12793308490288877,0.001279330849028887,115,1.1102230246251565e-16,0.06289273667978475,0.2558661698057774,0.2558661698057774,0.0,0.0,0
2022-11-07,0.9447857371586122,0.00260559189367382,0.15525080882598827,0.0015525080882598822,115,0.0,0.06796134309188401,0.3105016176519764,0.3105016176519764,0.0,0.0,0
2022-11-08,0.958122834541322,0.01411653124952994,0.14160198996184478,0.0014160198996184478,117,0.0,0.05545407635972769,0.2832039799236896,0.28320397992368956,0.0,2.2021501375896202e-16,0
2022-11-09,0.929801932855341,-0.029558737841311244,0.07315569446876478,0.0007315569446876478,119,0.0,0.05670962224596792,0.14631138893752957,0.14631138893752957,0.0,0.0,0
2022-11-10,1.0102799548269796,0.08655394135877703,0.07899294963552086,0.0007899294963552086,114,0.0,0.05620303392837832,0.15798589927104173,0.15798589927104173,0.0,0.0,0
2022-11-11,1.0460781792226777,0.03543396483782435,0.1447908194662858,0.001447908194662858,118,0.0,0.05594150980870173,0.2895816389325716,0.2895816389325716,0.0,0.0,0
2022-11-14,1.0344850604293807,-0.011082459249758592,0.11035562339957593,0.0011035562339957593,114,0.0,0.05559338375080574,0.22071124679915186,0.22071124679915186,0.0,0.0,0
2022-11-15,1.061891287242248,0.026492626970844535,0.07683186007271167,0.0007683186007271167,115,0.0,0.05411109221721684,0.1536637201454234,0.15366372014542334,0.0,2.1734187800187543e-16,0
2022-11-16,1.03223848022253,-0.027924522383761974,0.09260300249872337,0.0009260300249872337,111,0.0,0.05798465078464103,0.18520600499744674,0.18520600499744674,0.0,0.0,0
2022-11-17,1.0185711320187019,-0.013240494774891198,0.10097968440893092,0.0010097968440893092,114,0.0,0.053430070294489956,0.20195936881786183,0.20195936881786183,0.0,0.0,0
2022-11-18,1.017642607507864,-0.0009115951568328118,0.07623377739637682,0.0007623377739637677,114,1.1102230246251565e-16,0.052443982856406064,0.15246755479275353,0.15246755479275353,0.0,0.0,0
2022-11-21,1.001483209573801,-0.015879246618452858,0.06431809846671477,0.0006431809846671477,111,1.1102230246251565e-16,0.05457020597895834,0.12863619693342954,0.12863619693342954,0.0,0.0,0
2022-11-22,1.015823029205617,0.014318582173652672,0.07455857344744572,0.0007455857344744567,114,0.0,0.052199685898024255,0.14911714689489133,0.14911714689489133,0.0,0.0,0
2022-11-23,1.0252554098173414,0.009285456561366479,0.08662246137525248,0.0008662246137525237,110,2.220446049250313e-16,0.05391825898070023,0.17324492275050474,0.17324492275050474,0.0,0.0,0
2022-11-25,1.0212904139285044,-0.003867325010792566,0.09251535544532133,0.0009251535544532133,115,2.220446049250313e-16,0.05324986714821228,0.18503071089064266,0.18503071089064266,0.0,0.0,0
2022-11-28,1.0020995230689589,-0.018790826387692916,0.05406443193666989,0.0005406443193666978,115,0.0,0.052600711375783926,0.10812886387333957,0.10812886387333956,0.0,2.248228729920254e-16,0
2022-11-29,1.0034499949579054,0.0013476424824658828,0.0872272704443669,0.000872272704443669,114,0.0,0.06679808451090725,0.1744545408887338,0.1744545408887338,0.0,0.0,0
2022-11-30,1.0448982681697943,0.04130576851876677,0.05610237656828739,0.0005610237656828739,113,0.0,0.06628756402570703,0.11220475313657478,0.11220475313657478,0.0,0.0,0
2022-12-01,1.057308627997386,0.011877098666580599,0.09995646668493922,0.0009995646668493922,110,0.0,0.08102983616098368,0.19991293336987845,0.19991293336987845,0.0,0.0,0
2022-12-02,1.0444583793412534,-0.012153734790258719,0.23213240763990176,0.002321324076399017,111,1.1102230246251565e-16,0.05116019394714382,0.4642648152798035,0.4642648152798034,0.0,2.2193618470778276e-16,0
2022-12-05,1.0132082290847633,-0.029919957438801714,0.1391983332218476,0.001391983332218476,108,1.1102230246251565e-16,0.07188267958028911,0.2783966664436952,0.2783966664436952,0.0,0.0,0
2022-12-06,0.991761598963465,-0.021167050864431936,0.10556409402250735,0.001055640940225073,109,0.0,0.07071630399035445,0.2111281880450146,0.2111281880450146,0.0,0.0,0
2022-12-07,0.9936507672087339,0.0019048612562164724,0.08216615959367667,0.0008216615959367666,111,0.0,0.07053531322639121,0.16433231918735333,0.16433231918735333,0.0,0.0,0
2022-12-08,1.009507149365325,0.01595770131706664,0.13597996686243083,0.0013597996686243083,112,0.0,0.04782014053784682,0.27195993372486166,0.27195993372486166,0.0,0.0,0
2022-12-09,1.0003418915471722,-0.009078942951434188,0.12194861097659095,0.0012194861097659096,113,0.0,0.06777200281913197,0.2438972219531819,0.2438972219531819,0.0,0.0,0
2022-12-12,1.0156993446710219,0.015352204334956987,0.10084421812998023,0.0010084421812998018,112,1.1102230246251565e-16,0.04559396233593208,0.20168843625996036,0.20168843625996036,0.0,0.0,0
2022-12-13,1.0251336627716727,0.009288494819012172,0.09003518748361582,0.0009003518748361576,109,0.0,0.06921911606503359,0.18007037496723155,0.18007037496723152,0.0,1.986258379993444e-16,0
2022-12-14,1.0152762336848111,-0.009615750067371587,0.10167222892815586,0.0010167222892815575,111,2.220446049250313e-16,0.06511721184711672,0.2033444578563115,0.2033444578563115,0.0,0.0,0
2022-12-15,0.9802195766125976,-0.034529181230786854,0.09976170583411446,0.000997617058341144,112,1.1102230246251565e-16,0.06736375680258677,0.19952341166822882,0.19952341166822882,0.0,0.0,0
2022-12-16,0.9720155408932962,-0.00836958974809765,0.210770657490781,0.00210770657490781,114,1.1102230246251565e-16,0.0436087140146697,0.421541314981562,0.421541314981562,0.0,0.0,0
2022-12-19,0.9601791120272458,-0.012177201256651227,0.06796718657281312,0.0006796718657281306,114,0.0,0.04334160595946966,0.13593437314562612,0.13593437314562612,0.0,0.0,0
2022-12-20,0.9655413095928977,0.005584580520951565,0.09362980205940903,0.0009362980205940898,114,1.1102230246251565e-16,0.04697323538134984,0.18725960411881795,0.18725960411881795,0.0,2.0963049005007228e-16,0
2022-12-21,0.9811283364765473,0.016143303998273906,0.06673065753908249,0.0006673065753908243,114,2.220446049250313e-16,0.04377451308144637,0.13346131507816486,0.13346131507816486,0.0,0.0,0
2022-12-22,0.9576257567640262,-0.02395464368802569,0.10252221324511554,0.0010252221324511543,113,0.0,0.04443193708557642,0.20504442649023086,0.20504442649023086,0.0,0.0,0
2022-12-23,0.953705335745374,-0.00409389679732497,0.9688095836371527,0.009688095836371527,4,2.220446049250313e-16,0.4628277839635786,1.9376191672743053,1.9376191672743053,0.0,0.0,0
2022-12-27,0.9575945363557008,0.004077989777929947,0.11162081024560183,0.0011162081024560172,2,0.5359339319896874,0.44594231875583024,0.22324162049120344,0.22324162049120344,0.0,0.0,0
2022-12-28,0.9290348542745454,-0.02982439957295968,0.5508876278603767,0.0027544381393018835,2,0.0,0.5045254637147678,0.5508876278603767,0.5508876278603767,0.0,0.0,0
2022-12-29,0.9327252441691783,0.003972283577578617,0.3431908025367693,0.003431908025367693,2,0.0,0.8249740767089032,0.6863816050735386,0.6863816050735386,0.0,0.0,0
2022-12-30,0.9082825437223981,-0.02620568125456113,0.11098856406486958,0.001109885640648696,0,1.0,0.0,0.22197712812973916,0.22197712812973916,0.0,0.0,0
2023-01-03,0.9082825437223981,0.0,0.0,0.0,0,1.0,0.0,0.0,0.0,0.0,0.0,0
2023-01-04,0.9037411310037862,-0.0050000000000000044,1.0,0.005,92,0.0,0.06578132520954147,1.0,1.0,0.0,0.0,0
2023-01-05,0.909169208649164,0.0060062306109149866,0.08466965443184507,0.0008466965443184507,95,0.0,0.06810654811920618,0.16933930886369014,0.16933930886369014,0.0,0.0,0
2023-01-06,0.9318187234398013,0.024912320583634573,0.0789589249671415,0.0007895892496714151,91,0.0,0.06102856104104622,0.157917849934283,0.157917849934283,0.0,0.0,0
2023-01-09,0.9438877164186432,0.012952082497644346,0.08701920766578235,0.000870192076657823,93,1.1102230246251565e-16,0.054768432989041105,0.17403841533156458,0.17403841533156458,0.0,2.1815502963123956e-16,0
2023-01-10,0.9527997706903513,0.009441858514191326,0.06360062907490935,0.0006360062907490935,94,1.1102230246251565e-16,0.04422981069278454,0.1272012581498187,0.1272012581498187,0.0,0.0,0
2023-01-11,0.9626308349003314,0.010318079949638292,0.06142689009256205,0.00061426890092562,94,0.0,0.045519204477320656,0.122853780185124,0.122853780185124,0.0,0.0,0
2023-01-12,0.9782082088057944,0.016182084908048733,0.07464346270691878,0.0007464346270691873,95,1.1102230246251565e-16,0.04600418724035331,0.14928692541383745,0.14928692541383745,0.0,0.0,0
2023-01-13,0.986495232837291,0.008471636157718843,0.06318957817664839,0.0006318957817664838,97,1.1102230246251565e-16,0.04653620954449067,0.12637915635329677,0.12637915635329677,0.0,0.0,0
2023-01-17,0.9947486291658224,0.008366382374493053,0.04654061216341016,0.00046540612163410163,96,1.1102230246251565e-16,0.04649742381208708,0.09308122432682032,0.09308122432682032,0.0,0.0,0
2023-01-18,0.9762740056456013,-0.018572152781666684,0.060046055734216605,0.000600460557342166,92,1.1102230246251565e-16,0.046198528282688944,0.12009211146843321,0.12009211146843321,0.0,0.0,0
2023-01-19,0.9684008930193266,-0.008064449714676458,0.05956966384907855,0.0005956966384907856,92,1.1102230246251565e-16,0.051555112663222706,0.1191393276981571,0.1191393276981571,0.0,0.0,0
2023-01-20,0.9945512079755382,0.02700360475162178,0.06795313098317911,0.0006795313098317911,93,1.1102230246251565e-16,0.058731484640101674,0.13590626196635822,0.13590626196635822,0.0,0.0,0
2023-01-23,1.0135927322279699,0.019145845985338195,0.06856166542590382,0.0006856166542590377,93,0.0,0.058143966136563335,0.13712333085180753,0.13712333085180753,0.0,0.0,0
2023-01-24,1.014231709105503,0.000630407911596409,0.05241850212043253,0.0005241850212043248,93,1.1102230246251565e-16,0.05885136471463917,0.10483700424086495,0.10483700424086495,0.0,0.0,0
2023-01-25,1.0222225342900133,0.007878697848598737,0.05850354772883533,0.0005850354772883527,95,0.0,0.05194566329042592,0.11700709545767053,0.11700709545767055,0.0,2.1064692958677744e-16,0
2023-01-26,1.0398689932353045,0.01726283500250525,0.05535931381226772,0.0005535931381226772,100,0.0,0.06105421727760928,0.11071862762453544,0.11071862762453544,0.0,0.0,0
2023-01-27,1.0281132417529248,-0.011305031267260346,0.08490101424347578,0.0008490101424347578,99,0.0,0.05260698040860223,0.16980202848695156,0.16980202848695156,0.0,0.0,0
2023-01-30,1.0081657354317597,-0.019402051749819682,0.07495377437199098,0.0007495377437199099,99,0.0,0.05040279523953107,0.14990754874398196,0.14990754874398196,0.0,0.0,0
2023-01-31,1.0233157959539005,0.015027351148422685,0.09519257993536348,0.0009519257993536348,98,0.0,0.05175292966226864,0.19038515987072696,0.19038515987072696,0.0,0.0,0
2023-02-01,1.0338836666274285,0.010327086433447485,0.08887013001805107,0.0008887013001805101,100,1.1102230246251565e-16,0.049675762593409105,0.17774026003610205,0.17774026003610202,0.0,2.1356072292533224e-16,0
2023-02-02,1.0385097281652078,0.0044744507405458656,0.10089659650841454,0.0010089659650841449,101,0.0,0.051439053634163345,0.20179319301682896,0.20179319301682896,0.0,0.0,0
2023-02-03,1.022970658822623,-0.01496285390608565,0.09013914567403865,0.0009013914567403854,98,2.220446049250313e-16,0.05008725568990482,0.18027829134807707,0.18027829134807707,0.0,0.0,0
2023-02-06,1.014481088391104,-0.008298938350089213,0.08556575452311854,0.0008556575452311843,94,0.0,0.051806149879897005,0.17113150904623686,0.17113150904623686,0.0,0.0,0
2023-02-07,1.039019073699559,0.0241877207857768,0.0734214517391808,0.000734214517391808,96,0.0,0.0520484323098453,0.1468429034783616,0.1468429034783616,0.0,0.0,0
2023-02-08,1.0362981052046663,-0.0026187858950504905,0.08985351327357825,0.0008985351327357825,95,0.0,0.05047815228179811,0.1797070265471565,0.1797070265471565,0.0,0.0,0
2023-02-09,1.0278665877705762,-0.00813618918315484,0.09236856318290257,0.0009236856318290257,102,0.0,0.050399481941057256,0.18473712636580514,0.18473712636580514,0.0,0.0,0
2023-02-10,1.030784151110516,0.0028384650057240446,0.07472825282476031,0.0007472825282476031,99,0.0,0.0483468909939373,0.14945650564952062,0.14945650564952062,0.0,0.0,0
2023-02-13,1.0462127613278422,0.014967838029624536,0.06498899705561297,0.0006498899705561297,102,0.0,0.04410731140679721,0.12997799411122593,0.12997799411122593,0.0,2.0504973587132103e-16,0
2023-02-14,1.056855570045134,0.010172700153058933,0.06399931782936455,0.000639993178293645,99,1.1102230246251565e-16,0.047471842616962495,0.12799863565872902,0.127998635658729,0.0,2.147533453150663e-16,0
2023-02-15,1.057650183700633,0.0007518658916325638,0.07983746461781908,0.0007983746461781903,103,2.220446049250313e-16,0.04942245223158627,0.15967492923563806,0.15967492923563806,0.0,0.0,0
2023-02-16,1.0441082381192275,-0.012803803932622815,0.07365604812716976,0.0007365604812716966,97,0.0,0.052247623314924094,0.14731209625433933,0.1473120962543393,0.0,2.1451278795804607e-16,0
2023-02-17,1.028151156091874,-0.01528297684548241,0.09577294191694652,0.0009577294191694647,98,1.1102230246251565e-16,0.05546607419617436,0.19154588383389293,0.19154588383389293,0.0,0.0,0
2023-02-21,1.0150331929130876,-0.012758788531298526,0.08974545217079302,0.0008974545217079302,103,1.1102230246251565e-16,0.055853455674535674,0.1794909043415861,0.17949090434158604,0.0,2.1037587904365607e-16,0
2023-02-22,1.0138638851811372,-0.0011519896493182857,0.07517472482663719,0.0007517472482663719,100,1.1102230246251565e-16,0.05181168213571914,0.15034944965327438,0.15034944965327438,0.0,0.0,0
2023-02-23,1.02524536022827,0.011225841272666903,0.06188750606422053,0.0006188750606422053,97,1.1102230246251565e-16,0.054123171277048764,0.12377501212844105,0.12377501212844105,0.0,0.0,0
2023-02-24,1.0096155725848848,-0.015244924044235941,0.07459078550912182,0.0007459078550912176,100,0.0,0.050455637055355856,0.14918157101824353,0.14918157101824353,0.0,0.0,0
2023-02-27,1.0183996549129086,0.008700422781251493,0.10334752481379622,0.0010334752481379612,99,2.220446049250313e-16,0.05431748440803735,0.20669504962759222,0.20669504962759222,0.0,0.0,0
2023-02-28,1.0146389073920685,-0.0036928012521387776,0.06887673232160582,0.0006887673232160571,97,0.0,0.054715756150595665,0.13775346464321142,0.13775346464321142,0.0,0.0,0
2023-03-01,1.027173158972959,0.012353411139246706,0.0964608786098692,0.0009646087860986909,102,2.220446049250313e-16,0.05401081973774742,0.19292175721973817,0.19292175721973817,0.0,0.0,0
2023-03-02,1.027935623560921,0.0007422941120505122,0.07790855798491222,0.0007790855798491212,100,0.0,0.04098332908083123,0.15581711596982423,0.15581711596982423,0.0,2.0944414280167634e-16,0
2023-03-03,1.0441449610729787,0.015768825537834985,0.07780661706316677,0.0007780661706316667,102,2.220446049250313e-16,0.045126816081833186,0.15561323412633332,0.15561323412633332,0.0,0.0,0
2023-03-06,1.0428597572710945,-0.001230867216524767,0.07369980804257431,0.0007369980804257426,103,1.1102230246251565e-16,0.052811339004268154,0.1473996160851485,0.1473996160851485,0.0,0.0,0
2023-03-07,1.0283920514044051,-0.013873107832397036,0.05653904398956731,0.0005653904398956725,106,0.0,0.045557241366077326,0.1130780879791345,0.1130780879791345,0.0,0.0,0
2023-03-08,1.0373251331220452,0.008686455428589479,0.061558058575752465,0.0006155805857575246,103,0.0,0.04343520655153564,0.12311611715150493,0.12311611715150493,0.0,0.0,0
2023-03-09,1.015952610319448,-0.020603494623013807,0.06790598009800534,0.0006790598009800529,105,1.1102230246251565e-16,0.04668581220304388,0.13581196019601058,0.13581196019601058,0.0,0.0,0
2023-03-10,0.9884670391007615,-0.027053989467131,0.10030188463293409,0.0010030188463293409,100,1.1102230246251565e-16,0.04729373976311301,0.20060376926586818,0.20060376926586818,0.0,0.0,0
2023-03-13,0.9753689980043541,-0.013250862778715566,0.07524370978252781,0.0007524370978252776,100,0.0,0.0489997766691058,0.1504874195650555,0.1504874195650555,0.0,0.0,0
2023-03-14,0.9880026773980912,0.012952717812013903,0.07684903648208258,0.0007684903648208258,104,0.0,0.049089762000016635,0.15369807296416516,0.15369807296416516,0.0,0.0,0
2023-03-15,0.9573385160695318,-0.03103651642859273,0.06628660736908719,0.0006628660736908719,101,0.0,0.054267311116582805,0.13257321473817438,0.13257321473817438,0.0,0.0,0
2023-03-16,0.9812047190631905,0.02492974281620275,0.10515923327970642,0.001051592332797063,97,2.220446049250313e-16,0.04980166533060914,0.2103184665594126,0.2103184665594126,0.0,0.0,0
2023-03-17,0.9682283304168572,-0.013224955398423499,0.07983347759476,0.0007983347759475995,97,1.1102230246251565e-16,0.06023960216624544,0.1596669551895199,0.1596669551895199,0.0,2.1403506137579464e-16,0
2023-03-20,0.9734274627133678,0.005369737832678467,0.08695447339329218,0.0008695447339329218,95,1.1102230246251565e-16,0.05558285589939787,0.17390894678658436,0.17390894678658436,0.0,0.0,0
2023-03-21,0.9911422182227674,0.018198331347690555,0.05866915501760197,0.0005866915501760197,94,1.1102230246251565e-16,0.05894813348727842,0.11733831003520395,0.11733831003520394,0.0,2.1815502963123956e-16,0
2023-03-22,0.9730451795836196,-0.018258770846829475,0.07803010486735548,0.0007803010486735543,94,0.0,0.057369166937384516,0.15606020973471085,0.15606020973471085,0.0,0.0,0
2023-03-23,0.9783362408475409,0.005437631648496977,0.0787385081051596,0.000787385081051596,96,0.0,0.05186963082794417,0.1574770162103192,0.1574770162103192,0.0,0.0,0
2023-03-24,0.9746361715262528,-0.0037820016951254365,0.06918728680012765,0.000691872868001276,99,1.1102230246251565e-16,0.05287336616557327,0.13837457360025518,0.13837457360025518,0.0,0.0,0
2023-03-27,0.9874330743778595,0.013129928095698684,0.07788764356193205,0.00077887643561932,99,0.0,0.05711724121824304,0.155775287123864,0.155775287123864,0.0,0.0,0
2023-03-28,0.995636606698033,0.00830793755348136,0.07358274094914481,0.0007358274094914481,97,0.0,0.05323168439537019,0.14716548189828962,0.14716548189828962,0.0,0.0,0
2023-03-29,1.0102524812793408,0.014679928884676396,0.0797557816545163,0.0007975578165451625,97,1.1102230246251565e-16,0.05335414027407074,0.1595115633090325,0.1595115633090325,0.0,0.0,0
2023-03-30,1.0200532161889408,0.009701272791915239,0.07695577671968241,0.0007695577671968236,99,0.0,0.060101963685116604,0.15391155343936472,0.15391155343936472,0.0,0.0,0
2023-03-31,1.0304045517328326,0.010147838739792192,0.06808824030792639,0.0006808824030792633,97,1.1102230246251565e-16,0.05335104707785546,0.13617648061585266,0.13617648061585266,0.0,2.1450939982625705e-16,0
2023-04-03,1.0337829790131607,0.0032787386999082457,0.06858304540863594,0.0006858304540863588,98,0.0,0.05502933041348042,0.13716609081727177,0.13716609081727177,0.0,0.0,0
2023-04-04,1.0146197776985098,-0.01853696733616561,0.08849080295822309,0.000884908029582231,98,0.0,0.05930749972795787,0.17698160591644618,0.17698160591644618,0.0,0.0,0
2023-04-05,1.011923013232654,-0.002657906464205606,0.08493396433536979,0.0008493396433536979,97,0.0,0.05350265069135583,0.16986792867073958,0.16986792867073958,0.0,0.0,0
2023-04-06,1.0057233292030168,-0.006126636066741797,0.09342498655672812,0.0009342498655672812,100,0.0,0.059066098186549176,0.18684997311345625,0.18684997311345625,0.0,0.0,0
2023-04-10,1.019025105622267,0.013226079213844333,0.0843395951465221,0.0008433959514652211,97,0.0,0.05916832650276395,0.1686791902930442,0.1686791902930442,0.0,0.0,0
2023-04-11,1.0256370043404164,0.006488455173154772,0.10377758199429232,0.0010377758199429233,100,0.0,0.04906656062564991,0.20755516398858465,0.20755516398858465,0.0,0.0,0
2023-04-12,1.021485992748704,-0.004047252170256699,0.07839576423225576,0.0007839576423225565,102,2.220446049250313e-16,0.047122442252579444,0.1567915284645113,0.1567915284645113,0.0,0.0,0
2023-04-13,1.030597400669851,0.00891975806406231,0.07098593137496118,0.0007098593137496107,100,0.0,0.0552484397377264,0.14197186274992213,0.14197186274992213,0.0,2.1821601600344187e-16,0
2023-04-14,1.0272523664274007,-0.003245723538868095,0.06715382951309863,0.0006715382951309863,98,0.0,0.049636196278295054,0.13430765902619726,0.13430765902619726,0.0,2.1909693026858634e-16,0
2023-04-17,1.0313555096800013,0.003994289413876695,0.05843760417625833,0.0005843760417625834,98,0.0,0.05106958008362738,0.11687520835251666,0.11687520835251666,0.0,0.0,0
2023-04-18,1.0329323613336197,0.0015289118435093396,0.08812965218684678,0.0008812965218684672,93,1.1102230246251565e-16,0.05422219607955371,0.17625930437369344,0.17625930437369344,0.0,0.0,0
2023-04-19,1.0188193117622668,-0.013663091698600138,0.06851931999427131,0.0006851931999427126,98,0.0,0.056845228480367334,0.13703863998854252,0.13703863998854252,0.0,0.0,0
2023-04-20,1.0171654663358574,-0.0016232961108174626,0.053904690209236765,0.0005390469020923677,99,0.0,0.056449690191433304,0.10780938041847353,0.10780938041847353,0.0,0.0,0
2023-04-21,1.0099280038724965,-0.007115324598496731,0.06514141373044721,0.0006514141373044722,98,0.0,0.057339667313627905,0.13028282746089442,0.13028282746089442,0.0,0.0,0
2023-04-24,1.0122519111519326,0.002301062323774916,0.05320103034727321,0.000532010303472732,98,0.0,0.0569100890752646,0.10640206069454641,0.10640206069454641,0.0,0.0,0
2023-04-25,0.986114605929005,-0.02582094924689604,0.06648959947629383,0.0006648959947629383,97,0.0,0.05799999453109442,0.13297919895258767,0.13297919895258767,0.0,0.0,0
2023-04-26,0.9864750415342993,0.0003655108677300678,0.08199406766132215,0.0008199406766132215,97,0.0,0.059099619231185695,0.1639881353226443,0.1639881353226443,0.0,0.0,0
2023-04-27,0.996509830195108,0.010172369536284753,0.07880739185183869,0.0007880739185183869,97,0.0,0.05767375234757364,0.15761478370367737,0.15761478370367737,0.0,0.0,0
2023-04-28,1.0080862268911948,0.011616941795566937,0.05638007005361073,0.0005638007005361074,91,0.0,0.060016441234622735,0.11276014010722146,0.11276014010722146,0.0,0.0,0
2023-05-01,1.0089559640508337,0.0008627606810194255,0.12307604992174635,0.0012307604992174636,95,0.0,0.0570028829921487,0.2461520998434927,0.2461520998434927,0.0,0.0,0
2023-05-02,0.9880989114424599,-0.020671915674729036,0.08255202692989255,0.0008255202692989256,94,0.0,0.053064710793319335,0.16510405385978508,0.1651040538597851,0.0,2.1315414711065017e-16,0
2023-05-03,0.9806431825524535,-0.0075455288976304935,0.08853915141861125,0.000885391514186112,95,1.1102230246251565e-16,0.06777207037152713,0.1770783028372224,0.1770783028372224,0.0,0.0,0
2023-05-04,0.9680917294886217,-0.012799204937276487,0.1295051804783023,0.0012950518047830225,96,0.0,0.05959676452427102,0.2590103609566045,0.2590103609566045,0.0,0.0,0
2023-05-05,0.987322603527862,0.01986472299417197,0.0955465170666822,0.000955465170666822,96,0.0,0.05710000687606053,0.1910930341333644,0.1910930341333644,0.0,0.0,0
2023-05-08,0.9922888729841199,0.005030037232524265,0.13152330242977597,0.0013152330242977588,98,2.220446049250313e-16,0.049734657376506224,0.2630466048595517,0.2630466048595517,0.0,0.0,0
2023-05-09,0.9903684367743145,-0.0019353600167157925,0.12269426686794782,0.0012269426686794776,100,1.1102230246251565e-16,0.05857398928789737,0.24538853373589553,0.24538853373589553,0.0,0.0,0
2023-05-10,0.9938286591554432,0.0034938738479981524,0.06421942864463999,0.0006421942864463994,105,2.220446049250313e-16,0.051500206984831313,0.12843885728927987,0.12843885728927987,0.0,0.0,0
2023-05-11,0.9877333505605066,-0.006133158405913108,0.07415869671980663,0.0007415869671980657,101,1.1102230246251565e-16,0.05263712575856125,0.14831739343961314,0.14831739343961314,0.0,0.0,0
2023-05-12,0.9886515660147918,0.0009296187617477969,0.07076609953871342,0.0007076609953871342,99,1.1102230246251565e-16,0.04136731415037969,0.14153219907742687,0.14153219907742684,0.0,2.1846673775582914e-16,0
2023-05-15,1.0000284727893483,0.011507498865769517,0.059066433966970595,0.0005906643396697054,100,2.220446049250313e-16,0.040469688151525296,0.11813286793394108,0.11813286793394108,0.0,0.0,0
2023-05-16,0.9852134270064462,-0.014814623969234497,0.07988445920828857,0.0007988445920828846,102,0.0,0.04620652979137541,0.15976891841657692,0.15976891841657692,0.0,0.0,0
2023-05-17,1.0052110995261352,0.020297807532375645,0.08216457434623396,0.0008216457434623396,103,0.0,0.04715162223833128,0.164329148692468,0.16432914869246792,0.0,2.1185310450366757e-16,0
2023-05-18,1.0205159403264656,0.015225499208619153,0.08448860418363101,0.0008448860418363101,101,0.0,0.048228513747404354,0.16897720836726202,0.16897720836726202,0.0,0.0,0
2023-05-19,1.0190720620566347,-0.0014148512656931844,0.07708225624545025,0.0007708225624545025,99,0.0,0.045454993265308434,0.1541645124909005,0.1541645124909005,0.0,0.0,0
2023-05-22,1.0223354667640887,0.00320232967712597,0.059682295682028666,0.0005968229568202861,98,1.1102230246251565e-16,0.04746989410003718,0.1193645913640572,0.11936459136405722,0.0,2.17057274931598e-16,0
2023-05-23,1.0107059484599659,-0.01137544248653799,0.08451937837635977,0.0008451937837635972,98,0.0,0.046305499636103156,0.16903875675271943,0.16903875675271943,0.0,0.0,0
2023-05-24,1.0041944260274083,-0.006442548836760431,0.08264781464740446,0.0008264781464740447,98,0.0,0.04145369033984904,0.16529562929480895,0.16529562929480893,0.0,2.085530641411648e-16,0
2023-05-25,1.0198157337755593,0.015556059009358414,0.09006103358254139,0.000900610335825414,97,0.0,0.04755694892800088,0.18012206716508278,0.18012206716508278,0.0,0.0,0
2023-05-26,1.0385358639367641,0.0183563849244599,0.12120913514643816,0.001212091351464381,96,1.1102230246251565e-16,0.04515317144768381,0.24241827029287621,0.24241827029287621,0.0,0.0,0
2023-05-30,1.0301319288361577,-0.008092099071812298,0.09643303477457843,0.0009643303477457838,97,0.0,0.0588888767366281,0.19286606954915675,0.19286606954915675,0.0,0.0,0
2023-05-31,1.0188494874166194,-0.010952423766036667,0.10610262430450215,0.0010610262430450215,99,0.0,0.04943040804441281,0.21220524860900436,0.2122052486090043,0.0,2.1147363374329764e-16,0
2023-06-01,1.0350003558031915,0.015852065085220746,0.07243129506662647,0.0007243129506662647,100,0.0,0.04980607476478843,0.14486259013325295,0.14486259013325295,0.0,0.0,0
2023-06-02,1.0586536931138129,0.02285345814423967,0.09148951354652521,0.0009148951354652521,101,0.0,0.04887512217348223,0.18297902709305042,0.18297902709305042,0.0,0.0,0
2023-06-05,1.0599940978350542,0.001266140882481448,0.09817991689044686,0.0009817991689044685,99,0.0,0.04811453563813075,0.19635983378089378,0.19635983378089372,0.0,2.144619659812108e-16,0
2023-06-06,1.0672536852158028,0.006848705474469696,0.09154247736427154,0.0009154247736427154,96,0.0,0.0585064352039105,0.18308495472854308,0.18308495472854308,0.0,0.0,0
2023-06-07,1.065824347731076,-0.0013392668533515062,0.09567114594390703,0.0009567114594390704,94,0.0,0.058452381711706185,0.19134229188781407,0.19134229188781407,0.0,0.0,0
2023-06-08,1.0720328021863816,0.005825025923382299,0.09751347982892844,0.0009751347982892844,98,0.0,0.04851403486803724,0.19502695965785688,0.19502695965785688,0.0,0.0,0
2023-06-09,1.0716940255374545,-0.00031601332369324275,0.0752597842363218,0.0007525978423632175,96,1.1102230246251565e-16,0.05041268678556711,0.1505195684726435,0.1505195684726435,0.0,0.0,0
2023-06-12,1.0777102064671538,0.005613711363821494,0.09956370108942156,0.0009956370108942156,99,1.1102230246251565e-16,0.04944119809292047,0.19912740217884314,0.19912740217884312,0.0,2.2644239998717564e-16,0
2023-06-13,1.0871997184680717,0.008805253902183674,0.071174868181082,0.0007117486818108194,99,2.220446049250313e-16,0.05102521675675236,0.1423497363621639,0.1423497363621639,0.0,0.0,0
2023-06-14,1.087046525864041,-0.00014090566933433468,0.08791349760795576,0.0008791349760795576,102,2.220446049250313e-16,0.06860159573263036,0.17582699521591152,0.17582699521591152,0.0,0.0,0
2023-06-15,1.0997727648508675,0.011707170469737793,0.08491622720442872,0.0008491622720442861,103,0.0,0.055897803520082986,0.16983245440885722,0.16983245440885722,0.0,0.0,0
2023-06-16,1.0985681471919446,-0.001095333233757767,0.09107203826558204,0.0009107203826558204,101,0.0,0.05611569561803808,0.18214407653116407,0.18214407653116407,0.0,0.0,0
2023-06-20,1.0904407609532845,-0.007398163017410031,0.0747423885703192,0.000747423885703192,101,0.0,0.059605921906151334,0.1494847771406384,0.1494847771406384,0.0,0.0,0
2023-06-21,1.0900424478347044,-0.0003652771730872084,0.06933416197724358,0.0006933416197724353,100,1.1102230246251565e-16,0.0645218291415109,0.13866832395448705,0.13866832395448705,0.0,0.0,0
2023-06-22,1.0847118474956534,-0.004890268585081126,0.09141243625068851,0.0009141243625068852,99,1.1102230246251565e-16,0.05125621829662421,0.18282487250137702,0.18282487250137702,0.0,0.0,0
2023-06-23,1.0763874753352847,-0.007674270525935278,0.0810335400500002,0.000810335400500002,98,1.1102230246251565e-16,0.04670375688980974,0.1620670801000004,0.1620670801000004,0.0,0.0,0
2023-06-26,1.084340234882729,0.007388379862899308,0.07169973400511022,0.0007169973400511022,98,1.1102230246251565e-16,0.05879150860486916,0.14339946801022044,0.14339946801022044,0.0,2.1028101135356358e-16,0
2023-06-27,1.0934974357557024,0.008444951665898204,0.08434349204984076,0.0008434349204984071,100,2.220446049250313e-16,0.047217825028736865,0.16868698409968141,0.16868698409968141,0.0,0.0,0
2023-06-28,1.0932706087954231,-0.00020743254886779194,0.08713253900842337,0.0008713253900842332,95,1.1102230246251565e-16,0.058606404759740126,0.17426507801684663,0.17426507801684663,0.0,0.0,0
2023-06-29,1.099550701088567,0.00574431640494133,0.07562920214228795,0.0007562920214228795,99,1.1102230246251565e-16,0.05129631846372921,0.1512584042845759,0.1512584042845759,0.0,0.0,0
2023-06-30,1.107899872494207,0.007593257316260482,0.06789798635212446,0.0006789798635212447,99,1.1102230246251565e-16,0.05364821605210671,0.13579597270424892,0.13579597270424892,0.0,0.0,0
2023-07-03,1.1128329540633022,0.004452642058699219,0.09021488932117144,0.0009021488932117139,100,0.0,0.057349125386647166,0.18042977864234278,0.18042977864234278,0.0,0.0,0
2023-07-05,1.102687953188003,-0.009116373520622889,0.07421304920462313,0.0007421304920462307,100,1.1102230246251565e-16,0.054487537732646356,0.14842609840924614,0.14842609840924614,0.0,0.0,0
2023-07-06,1.080372047146299,-0.0202377345079231,0.07054570424848298,0.0007054570424848293,98,0.0,0.05308765393145241,0.14109140849696586,0.14109140849696586,0.0,0.0,0
2023-07-07,1.0907250469677134,0.0095828097818349,0.0856505368224002,0.0008565053682240021,99,0.0,0.05670855109389755,0.1713010736448004,0.1713010736448004,0.0,0.0,0
2023-07-10,1.1026153826065537,0.010901313462908124,0.08719059577383473,0.0008719059577383473,98,0.0,0.05113251413786397,0.17438119154766946,0.17438119154766946,0.0,0.0,0
2023-07-11,1.1147428821355572,0.010998848483624757,0.06158792481156378,0.0006158792481156378,99,0.0,0.05256397936499764,0.12317584962312755,0.12317584962312755,0.0,0.0,0
2023-07-12,1.1234631496193923,0.007822671598610498,0.05469598654371737,0.0005469598654371732,102,1.1102230246251565e-16,0.0497651450012953,0.10939197308743463,0.10939197308743463,0.0,0.0,0
2023-07-13,1.140425151783283,0.01509796041787137,0.06263527344916633,0.0006263527344916629,98,0.0,0.05345885893974842,0.12527054689833256,0.12527054689833256,0.0,0.0,0
2023-07-14,1.124374544557857,-0.014074231176265939,0.07199901389172104,0.0007199901389172104,100,0.0,0.05172391522132344,0.14399802778344206,0.1439980277834421,0.0,2.0991509312034973e-16,0
2023-07-17,1.1407912038357078,0.014600703437577689,0.06252529423658873,0.0006252529423658868,105,1.1102230246251565e-16,0.047781916776733054,0.12505058847317735,0.12505058847317735,0.0,0.0,0
2023-07-18,1.152324434416312,0.010109852304107658,0.06321448910984756,0.000632144891098475,103,0.0,0.04525643424321561,0.126428978219695,0.126428978219695,0.0,1.982277325141349e-16,0
2023-07-19,1.1479210724817843,-0.0038212866125312273,0.05314626752530401,0.0005314626752530401,104,0.0,0.04575898674573899,0.10629253505060803,0.10629253505060803,0.0,0.0,0
2023-07-20,1.1327290959372953,-0.013234338935554368,0.07015644421506029,0.0007015644421506029,100,0.0,0.049819376489816186,0.14031288843012057,0.14031288843012057,0.0,0.0,0
2023-07-21,1.1384250613274647,0.005028532780343431,0.07511651882129507,0.0007511651882129507,106,0.0,0.0497375828967518,0.15023303764259013,0.15023303764259013,0.0,0.0,0
2023-07-24,1.1425047398595827,0.0035836162350122436,0.0832856034492016,0.0008328560344920161,105,0.0,0.060947346776564874,0.1665712068984032,0.1665712068984032,0.0,0.0,0
2023-07-25,1.1525990145654583,0.008835214729276508,0.08654603106413601,0.0008654603106413602,107,0.0,0.05917700922913207,0.17309206212827202,0.17309206212827202,0.0,0.0,0
2023-07-26,1.1482037669219944,-0.0038133362842766028,0.07582388165072369,0.0007582388165072364,103,1.1102230246251565e-16,0.05848444549159106,0.15164776330144727,0.15164776330144727,0.0,0.0,0
2023-07-27,1.1354799891726683,-0.011081463165231509,0.09219488258141303,0.0009219488258141303,102,1.1102230246251565e-16,0.06921012077400218,0.18438976516282607,0.18438976516282607,0.0,0.0,0
2023-07-28,1.1504035044612906,0.013142913508758403,0.09679330398938045,0.0009679330398938045,104,1.1102230246251565e-16,0.060152771227628014,0.1935866079787609,0.1935866079787609,0.0,0.0,0
2023-07-31,1.162788061848169,0.01076540304236806,0.11224512593286914,0.001122451259328691,106,0.0,0.06010606090687113,0.2244902518657382,0.22449025186573818,0.0,2.0766706767833681e-16,0
2023-08-01,1.1640751319253055,0.0011068827754310284,0.08208750023694628,0.0008208750023694628,99,0.0,0.0598229853512567,0.16417500047389255,0.16417500047389255,0.0,0.0,0
2023-08-02,1.133943207297311,-0.025884862412753562,0.08271926002509056,0.0008271926002509045,99,2.220446049250313e-16,0.06372589378924177,0.1654385200501809,0.1654385200501809,0.0,0.0,0
2023-08-03,1.1317453613097304,-0.0019382328616078803,0.09560472407502223,0.0009560472407502212,101,0.0,0.04972161762668512,0.19120944815004423,0.19120944815004423,0.0,0.0,0
2023-08-04,1.1170450501248843,-0.012989062458213962,0.07678874432147667,0.0007678874432147662,102,1.1102230246251565e-16,0.049180646422292314,0.15357748864295329,0.15357748864295323,0.0,2.233812229157986e-16,0
2023-08-07,1.1232233676949246,0.005530947538194164,0.09883273256279593,0.0009883273256279588,98,0.0,0.05433531026166128,0.19766546512559174,0.19766546512559174,0.0,0.0,0
2023-08-08,1.1189158732708633,-0.0038349401801541783,0.07263237291035844,0.0007263237291035844,100,0.0,0.055198497298976475,0.14526474582071688,0.14526474582071688,0.0,0.0,0
2023-08-09,1.1095476083323141,-0.008372626720508869,0.08441201280991935,0.000844120128099193,98,1.1102230246251565e-16,0.05939496869858986,0.16882402561983872,0.16882402561983859,0.0,2.198372370644866e-16,0
2023-08-10,1.10955221862069,4.155106406722453e-06,0.09507696292354693,0.0009507696292354688,100,0.0,0.05153858652431406,0.19015392584709376,0.19015392584709376,0.0,0.0,0
2023-08-11,1.1046517444326998,-0.004416623306005563,0.0681695865206489,0.0006816958652064884,103,1.1102230246251565e-16,0.05154585888438619,0.1363391730412977,0.1363391730412977,0.0,0.0,0
2023-08-14,1.1108458828031866,0.005607322309229668,0.062095417171052734,0.0006209541717105268,101,2.220446049250313e-16,0.05054672683361599,0.12419083434210536,0.12419083434210536,0.0,0.0,0
2023-08-15,1.0979072175001816,-0.011647579113634232,0.06505842310556352,0.0006505842310556341,99,0.0,0.056014515743824496,0.13011684621112682,0.13011684621112682,0.0,2.1988975310721637e-16,0
2023-08-16,1.0897051088875043,-0.007470675556130013,0.06823173595697563,0.0006823173595697557,100,1.1102230246251565e-16,0.05278296969555526,0.13646347191395114,0.13646347191395114,0.0,0.0,0
2023-08-17,1.078051210614813,-0.010694543117806377,0.06553641679039549,0.0006553641679039548,96,1.1102230246251565e-16,0.05810642394875903,0.13107283358079097,0.13107283358079097,0.0,0.0,0
2023-08-18,1.082145618367661,0.0037979714808844545,0.055783516090252075,0.0005578351609025202,97,0.0,0.05222392008978078,0.11156703218050404,0.11156703218050404,0.0,0.0,0
2023-08-21,1.097554461491774,0.014239158633157167,0.05730653515719485,0.000573065351571948,98,1.1102230246251565e-16,0.05278281272531326,0.1146130703143896,0.1146130703143896,0.0,0.0,0
2023-08-22,1.0998678630976988,0.0021077784174650116,0.06418401360546332,0.0006418401360546326,98,0.0,0.04478472875549815,0.12836802721092652,0.12836802721092652,0.0,0.0,0
2023-08-23,1.1188139687493566,0.017225801650661454,0.07124575926248347,0.0007124575926248342,96,1.1102230246251565e-16,0.055166967161504786,0.14249151852496683,0.14249151852496683,0.0,0.0,0
2023-08-24,1.0910434551544823,-0.02482138619159091,0.06114915214231754,0.0006114915214231749,96,0.0,0.062428014531323815,0.12229830428463496,0.12229830428463496,0.0,0.0,0
2023-08-25,1.0994337992024832,0.007690201529885865,0.07906729591272711,0.0007906729591272706,101,1.1102230246251565e-16,0.05493130435086506,0.15813459182545417,0.1581345918254541,0.0,2.1145330495256354e-16,0
2023-08-28,1.1094470219986199,0.009107617760523823,0.0719072275067416,0.0007190722750674154,97,0.0,0.058356459426832326,0.14381445501348308,0.14381445501348308,0.0,0.0,0
2023-08-29,1.127213611160028,0.01601391396716023,0.06690029671936461,0.0006690029671936455,97,1.1102230246251565e-16,0.06169131428601068,0.1338005934387291,0.1338005934387291,0.0,0.0,0
2023-08-30,1.1308126641111353,0.0031928757029500154,0.09678709570734596,0.0009678709570734591,97,0.0,0.050561902045819875,0.19357419141469182,0.19357419141469182,0.0,0.0,0
2023-08-31,1.1315200779021843,0.0006255800040981807,0.056878149668059694,0.0005687814966805969,94,0.0,0.05120030383070577,0.11375629933611939,0.11375629933611939,0.0,0.0,0
2023-09-01,1.135003042438694,0.003078128797296298,0.06770782775017191,0.0006770782775017191,100,2.6890706231878884e-05,0.04805700712970667,0.13541565550034382,0.13541565550034382,0.0,0.0,0
2023-09-05,1.1294222212528542,-0.004917009890871182,0.07235656319712241,0.0007234306118124087,97,0.0,0.04777147870693762,0.14468612236248174,0.14468612236248174,0.0,0.0,0
2023-09-06,1.123715519758369,-0.0050527618344137215,0.07465447286513566,0.0007465447286513561,93,1.1102230246251565e-16,0.05233582730583652,0.1493089457302712,0.1493089457302712,0.0,0.0,0
2023-09-07,1.111198157790531,-0.011139262337971134,0.04679399089973829,0.00046793990899738236,96,0.0,0.05144642726827211,0.09358798179947647,0.09358798179947647,0.0,0.0,0
2023-09-08,1.1071471666055634,-0.0036456064623274775,0.07238047291930699,0.00072380472919307,97,0.0,0.048405177660118495,0.14476094583861399,0.14476094583861399,0.0,0.0,0
2023-09-11,1.107915887627434,0.0006943259623084508,0.07347685856917774,0.0007347685856917769,100,1.1102230246251565e-16,0.0521255792969863,0.14695371713835537,0.14695371713835537,0.0,0.0,0
2023-09-12,1.1022587796457584,-0.00510608074570551,0.06169190100413972,0.0006169190100413966,99,0.0,0.053472872294400176,0.12338380200827932,0.12338380200827932,0.0,0.0,0
2023-09-13,1.102129144384049,-0.00011760873590038745,0.0903703247928378,0.000903703247928378,102,0.0,0.07221228124494265,0.1807406495856756,0.1807406495856756,0.0,0.0,0
2023-09-14,1.113282765893246,0.010120067658160314,0.052643288411355064,0.0005264328841135507,101,0.0,0.06762733061484177,0.10528657682271013,0.10528657682271013,0.0,0.0,0
2023-09-15,1.0921743628921297,-0.018960504597571815,0.0814364978141358,0.0008143649781413574,103,1.1102230246251565e-16,0.07313044047389235,0.16287299562827148,0.16287299562827148,0.0,0.0,0
2023-09-18,1.0958922782215048,0.0034041408182572397,0.0835824847853239,0.0008358248478532384,107,0.0,0.06536788512509395,0.1671649695706477,0.1671649695706477,0.0,0.0,0
2023-09-19,1.0899773155889163,-0.00539739420574048,0.058862272706569796,0.0005886227270656979,105,0.0,0.07030957719984449,0.11772454541313959,0.11772454541313959,0.0,0.0,0
2023-09-20,1.0805611899351346,-0.008638827174760166,0.06886261029124721,0.0006886261029124722,101,0.0,0.060458201198125526,0.13772522058249448,0.13772522058249442,0.0,2.1423834928313568e-16,0
2023-09-21,1.0612352725651615,-0.017885074487205332,0.07188494940991202,0.0007188494940991203,101,0.0,0.06994697506902733,0.14376989881982405,0.14376989881982405,0.0,0.0,0
2023-09-22,1.0631108839541727,0.0017673850817996328,0.0759060599891685,0.0007590605998916849,98,0.0,0.06487483829184919,0.151812119978337,0.151812119978337,0.0,0.0,0
2023-09-25,1.0645194310076969,0.001324929576757894,0.05887246564867445,0.0005887246564867445,104,0.0,0.07410008865371465,0.1177449312973489,0.1177449312973489,0.0,0.0,0
2023-09-26,1.0464927264796218,-0.016934124453708344,0.07299296820629693,0.0007299296820629688,100,1.1102230246251565e-16,0.06648480810798829,0.14598593641259375,0.14598593641259375,0.0,0.0,0
2023-09-27,1.053468116787217,0.006665493348492202,0.06268027496941694,0.0006268027496941695,103,1.1102230246251565e-16,0.065705537280289,0.12536054993883386,0.1253605499388339,0.0,2.2184131701769028e-16,0
2023-09-28,1.067865000062392,0.013666178449786681,0.06011742020006213,0.0006011742020006208,102,0.0,0.06574272483875049,0.12023484040012415,0.12023484040012415,0.0,0.0,0
2023-09-29,1.0656606098076162,-0.002064296755345363,0.05548438591123189,0.0005548438591123189,100,0.0,0.07422602304217601,0.11096877182246379,0.11096877182246379,0.0,0.0,0
2023-10-02,1.0615280557899487,-0.003877926968149481,0.08098589022743931,0.0008098589022743931,98,0.0,0.06733949680086139,0.16197178045487862,0.16197178045487862,0.0,0.0,0
2023-10-03,1.0391659911311557,-0.021065919583398984,0.06811519962892876,0.0006811519962892876,96,0.0,0.06660082405768795,0.13623039925785752,0.13623039925785752,0.0,0.0,0
2023-10-04,1.0460211013930323,0.0065967423110282475,0.07272684972566366,0.0007272684972566367,98,0.0,0.0660993223900514,0.14545369945132733,0.14545369945132733,0.0,0.0,0
2023-10-05,1.0416698217346199,-0.00415983927343111,0.07460606997511378,0.0007460606997511372,101,1.1102230246251565e-16,0.05616300666641332,0.14921213995022745,0.14921213995022745,0.0,0.0,0
2023-10-06,1.0583426301957417,0.016005847643121518,0.060193832548782134,0.0006019383254878208,100,0.0,0.055323985866648606,0.12038766509756416,0.12038766509756416,0.0,0.0,0
2023-10-09,1.0628423689452577,0.004251684304433345,0.06936251942623171,0.0006936251942623166,99,1.1102230246251565e-16,0.05507741966370529,0.13872503885246332,0.13872503885246332,0.0,0.0,0
2023-10-10,1.0727780853147333,0.009348250182513507,0.07568438044438598,0.0007568438044438593,101,0.0,0.06080771899393429,0.15136876088877185,0.15136876088877185,0.0,0.0,0
2023-10-11,1.0769600659236302,0.0038982718477793554,0.06661755123215746,0.000666175512321574,99,1.1102230246251565e-16,0.05432811859072599,0.1332351024643148,0.1332351024643148,0.0,0.0,0
2023-10-12,1.070977544747194,-0.005555007437815562,0.07550334645027319,0.000755033464502732,99,1.1102230246251565e-16,0.05505623932179226,0.15100669290054639,0.15100669290054639,0.0,0.0,0
2023-10-13,1.0574943758967374,-0.012589590618951152,0.07688942862046849,0.0007688942862046844,97,0.0,0.06378996738131608,0.15377885724093687,0.15377885724093687,0.0,0.0,0
2023-10-16,1.071337207173362,0.013090217397029758,0.09259851351553904,0.0009259851351553904,98,0.0,0.06396165692825886,0.18519702703107807,0.18519702703107807,0.0,2.2001172585162099e-16,0
2023-10-17,1.0752275867741037,0.0036313306162549797,0.09413899203500684,0.0009413899203500678,99,1.1102230246251565e-16,0.0651875700798859,0.18827798407001356,0.18827798407001356,0.0,0.0,0
2023-10-18,1.055460478881472,-0.01838411526617989,0.06574425998362447,0.0006574425998362442,97,0.0,0.0588883493892204,0.13148851996724883,0.13148851996724883,0.0,0.0,0
2023-10-19,1.0435842643596582,-0.011252164111724694,0.09753491331062236,0.0009753491331062231,102,1.1102230246251565e-16,0.05619501996199422,0.1950698266212446,0.1950698266212446,0.0,0.0,0
2023-10-20,1.0264031303055512,-0.01646358098801859,0.0721704144709092,0.0007217041447090915,103,2.220446049250313e-16,0.04884908320789771,0.1443408289418183,0.1443408289418183,0.0,0.0,0
2023-10-23,1.0200249118230396,-0.006214145586844522,0.09238138578973323,0.0009238138578973312,104,0.0,0.05850463619925656,0.18476277157946625,0.18476277157946625,0.0,0.0,0
2023-10-24,1.0327673658491592,0.01249229688257869,0.060541609155424274,0.0006054160915542427,99,0.0,0.0682002068186178,0.12108321831084855,0.12108321831084855,0.0,0.0,0
2023-10-25,1.0097462275339841,-0.022290729816241472,0.08005868322037445,0.0008005868322037444,99,0.0,0.05546370253556585,0.1601173664407489,0.1601173664407489,0.0,0.0,0
2023-10-26,1.010033584331824,0.00028458318536306315,0.09798717530047135,0.000979871753004713,98,1.1102230246251565e-16,0.05908113849718227,0.1959743506009426,0.1959743506009426,0.0,0.0,0
2023-10-27,1.0106782791990248,0.0006382905253861093,0.08375764286448532,0.0008375764286448527,97,0.0,0.059677805154952475,0.16751528572897054,0.16751528572897054,0.0,0.0,0
2023-10-30,1.0068388995622963,-0.003798814831334041,0.12797816237540827,0.001279781623754082,98,1.1102230246251565e-16,0.0648575474397332,0.2559563247508164,0.2559563247508164,0.0,0.0,0
2023-10-31,1.0181368487113323,0.011221208431604568,0.12609358746754495,0.001260935874675449,96,0.0,0.05583567340215054,0.2521871749350898,0.2521871749350898,0.0,0.0,0
2023-11-01,1.0326038725610587,0.01420931171289741,0.0937313348880004,0.0009373133488800039,102,0.0,0.05226376140270867,0.1874626697760008,0.1874626697760008,0.0,0.0,0
2023-11-02,1.0563911332620481,0.0230361916443258,0.07595758488882771,0.0007595758488882771,101,0.0,0.04977060223372633,0.15191516977765543,0.15191516977765543,0.0,0.0,0
2023-11-03,1.0671059287495717,0.010142829819516974,0.11095661077010478,0.0011095661077010462,103,3.3306690738754696e-16,0.041656349505861,0.22191322154020923,0.22191322154020923,0.0,0.0,0
2023-11-06,1.05936983462528,-0.007249602795625698,0.08665301173886097,0.0008665301173886081,104,0.0,0.04575129187948015,0.17330602347772162,0.17330602347772162,0.0,0.0,0
2023-11-07,1.0674895821260049,0.007664695779823649,0.07912792005201175,0.0007912792005201169,105,1.1102230246251565e-16,0.046391912658686155,0.15825584010402344,0.15825584010402338,0.0,1.9751453077254677e-16,0
2023-11-08,1.0665540841486019,-0.0008763532619586734,0.07692741726271728,0.0007692741726271722,107,0.0,0.04248931753108694,0.15385483452543444,0.15385483452543444,0.0,0.0,0
2023-11-09,1.0588794608922614,-0.007195718782950333,0.10946832762566631,0.001094683276256663,104,0.0,0.049035393343074905,0.21893665525133263,0.21893665525133263,0.0,0.0,0
2023-11-10,1.08058175707524,0.020495530402196316,0.08473178112113194,0.0008473178112113195,102,0.0,0.050722049985443746,0.1694635622422639,0.1694635622422639,0.0,0.0,0
2023-11-13,1.0766717156309396,-0.0036184596109447575,0.11505907723701635,0.0011505907723701634,98,0.0,0.045175790732488716,0.2301181544740327,0.2301181544740327,0.0,0.0,0
2023-11-14,1.109199845421606,0.03021174357831513,0.06297420711138424,0.0006297420711138424,100,0.0,0.0551475106351601,0.12594841422276848,0.12594841422276848,0.0,0.0,0
2023-11-15,1.1194289936735535,0.009222096716087647,0.09299381011184515,0.0009299381011184516,105,0.0,0.04730763425102054,0.1859876202236903,0.1859876202236903,0.0,0.0,0
2023-11-16,1.11261080071981,-0.00609077752343079,0.07743040389483902,0.0007743040389483902,105,0.0,0.048026908534639416,0.15486080778967803,0.15486080778967803,0.0,0.0,0
2023-11-17,1.1269785030236728,0.012913502452580605,0.08281759535689195,0.0008281759535689196,104,0.0,0.047642759037783894,0.1656351907137839,0.1656351907137839,0.0,0.0,0
2023-11-20,1.1733720128907088,0.041166277566575316,0.09682196628409652,0.0009682196628409653,108,0.0,0.047406826132717704,0.19364393256819304,0.19364393256819304,0.0,0.0,0
2023-11-21,1.1654780444153068,-0.006727592262878779,0.10880279555468311,0.0010880279555468312,107,0.0,0.056889908852169685,0.21760559110936623,0.21760559110936623,0.0,0.0,0
2023-11-22,1.1667302770461296,0.0010744369118089736,0.07125537401247413,0.0007125537401247408,103,1.1102230246251565e-16,0.05792763815025614,0.1425107480249482,0.14251074802494815,0.0,2.1600017781342462e-16,0
2023-11-24,1.1757574966296234,0.007737194929361424,0.1006239143303267,0.0010062391433032672,103,1.1102230246251565e-16,0.05627813626731511,0.2012478286606534,0.2012478286606534,0.0,0.0,0
2023-11-27,1.1816475105526667,0.005009548261378116,0.09281996683364249,0.0009281996683364244,105,0.0,0.059060252105060745,0.18563993366728487,0.18563993366728487,0.0,0.0,0
2023-11-28,1.184292088395295,0.0022380429180537398,0.07934292474564933,0.0007934292474564928,106,1.1102230246251565e-16,0.06044703289066883,0.15868584949129855,0.15868584949129855,0.0,0.0,0
2023-11-29,1.1901650634747096,0.004959059624701556,0.10059490363004624,0.0010059490363004623,106,1.1102230246251565e-16,0.05826592002125118,0.20118980726009247,0.20118980726009247,0.0,0.0,0
2023-11-30,1.1923901685448877,0.0018695768666590062,0.0925572656871811,0.0009255726568718105,106,0.0,0.055657646706044554,0.1851145313743621,0.1851145313743621,0.0,0.0,0
2023-12-01,1.2014527044107792,0.0076003107916855495,0.0848782124879922,0.000848782124879922,106,0.0,0.05533582380779575,0.1697564249759844,0.1697564249759844,0.0,0.0,0
2023-12-04,1.1873768213617844,-0.011715719642828581,0.10275693395465288,0.0010275693395465288,103,0.0,0.06722039628205372,0.20551386790930576,0.20551386790930576,0.0,0.0,0
2023-12-05,1.1864132822411733,-0.0008114855396166298,0.07922520719983646,0.0007922520719983646,103,0.0,0.048547706854089684,0.15845041439967292,0.15845041439967292,0.0,0.0,0
2023-12-06,1.1724787654941977,-0.011745078174321133,0.10353675643605163,0.0010353675643605164,104,0.0,0.05764430497472042,0.20707351287210327,0.20707351287210327,0.0,0.0,0
2023-12-07,1.180562308474716,0.006894404588309255,0.07384021099745988,0.0007384021099745989,97,0.0,0.059191892450270615,0.14768042199491976,0.14768042199491976,0.0,0.0,0
2023-12-08,1.1889300045222173,0.007087890226067151,0.07641546146532636,0.0007641546146532637,100,0.0,0.06399612239192502,0.15283092293065273,0.15283092293065273,0.0,2.1662359406260379e-16,0
2023-12-11,1.2058392737884125,0.014222257998266485,0.08502917648060072,0.0008502917648060067,100,1.1102230246251565e-16,0.07466632814180144,0.1700583529612014,0.17005835296120134,0.0,2.0911549401814167e-16,0
2023-12-12,1.2092653583954467,0.0028412448337915563,0.10413686771761438,0.0010413686771761433,98,0.0,0.07592951709233636,0.20827373543522865,0.20827373543522865,0.0,0.0,0
2023-12-13,1.2300755094982694,0.01720892024099263,0.06384069985147099,0.0006384069985147099,98,0.0,0.07653251018815106,0.12768139970294198,0.12768139970294198,0.0,0.0,0
2023-12-14,1.2456879903592053,0.012692294692790096,0.08323992536181324,0.0008323992536181324,100,0.0,0.07522249663748314,0.16647985072362648,0.16647985072362648,0.0,0.0,0
2023-12-15,1.251112369072894,0.004354524371808832,0.13604620239892457,0.0013604620239892457,101,0.0,0.06310709502556627,0.27209240479784913,0.27209240479784913,0.0,0.0,0
2023-12-18,1.26198683659038,0.008691839187509709,0.09739869448368604,0.0009739869448368599,107,1.1102230246251565e-16,0.0651750858508749,0.19479738896737198,0.19479738896737198,0.0,0.0,0
2023-12-19,1.2709853637442359,0.0071304445442299524,0.06979030344791284,0.0006979030344791279,103,0.0,0.07369709797132871,0.13958060689582558,0.13958060689582558,0.0,0.0,0
2023-12-20,1.246426436000624,-0.01932274630705655,0.0644245635035855,0.0006442456350358533,103,3.3306690738754696e-16,0.06722341220801134,0.12884912700717066,0.12884912700717066,0.0,0.0,0
2023-12-21,1.2618619658831274,0.012383827425893612,0.08772014417059205,0.0008772014417059189,100,0.0,0.05821404785033502,0.17544028834118378,0.17544028834118378,0.0,0.0,0
2023-12-22,1.2638913507632767,0.0016082463336066777,0.07599027127899179,0.0007599027127899179,97,0.0,0.0629397101697345,0.15198054255798357,0.15198054255798357,0.0,0.0,0
2023-12-26,1.2715969309405377,0.006096710902094182,0.0581253870733241,0.0005812538707332409,95,0.0,0.06420546739181565,0.1162507741466482,0.1162507741466482,0.0,0.0,0
2023-12-27,1.2689778569239625,-0.002059673118775196,0.056845291725835814,0.0005684529172583576,95,1.1102230246251565e-16,0.05901835162211121,0.11369058345167155,0.11369058345167152,0.0,2.22180130196592e-16,0
2023-12-28,1.2620525630249995,-0.005457379623431846,0.06494684681526819,0.0006494684681526814,98,0.0,0.06074152433035615,0.12989369363053627,0.12989369363053627,0.0,0.0,0
2023-12-29,1.257109549173088,-0.003916646577749261,0.080334625978964,0.00080334625978964,99,0.0,0.06332737230534942,0.160669251957928,0.160669251957928,0.0,0.0,0
2024-01-02,1.2338643243184124,-0.018491009689621696,0.05572106278884012,0.0005572106278884001,101,2.220446049250313e-16,0.06200448175448787,0.11144212557768002,0.11144212557768002,0.0,0.0,0
2024-01-03,1.2267462101877795,-0.005768960160643988,0.09877738748958402,0.000987773874895839,101,0.0,0.06295464861091732,0.19755477497916782,0.19755477497916782,0.0,0.0,0
2024-01-04,1.2183468178830879,-0.006846886695012433,0.06563523172612538,0.0006563523172612533,99,1.1102230246251565e-16,0.06433422220697477,0.13127046345225066,0.13127046345225066,0.0,0.0,0
2024-01-05,1.2216667220637982,0.002724925392326938,0.05673985400305462,0.0005673985400305457,100,0.0,0.07224471954374416,0.11347970800610913,0.11347970800610913,0.0,0.0,0
2024-01-08,1.2462341603489187,0.020109771217814654,0.05990392627820308,0.0005990392627820303,100,1.1102230246251565e-16,0.07115595534972978,0.11980785255640605,0.11980785255640605,0.0,0.0,0
2024-01-09,1.2387434651329563,-0.006010664331224214,0.09092101265859034,0.0009092101265859029,99,0.0,0.06330626235274912,0.18184202531718058,0.18184202531718058,0.0,0.0,0
2024-01-10,1.2480898057069039,0.007545017057219772,0.07435104862305869,0.0007435104862305864,100,1.1102230246251565e-16,0.06626867979019822,0.14870209724611724,0.14870209724611727,0.0,2.112703458359566e-16,0
2024-01-11,1.25604987150647,0.006377798907713839,0.09471151744224342,0.0009471151744224342,103,1.1102230246251565e-16,0.08463156580536196,0.18942303488448684,0.18942303488448684,0.0,0.0,0
2024-01-12,1.2596260492094717,0.00284716219007497,0.06232641871275109,0.0006232641871275103,102,2.220446049250313e-16,0.07087993698424089,0.12465283742550207,0.12465283742550207,0.0,0.0,0
2024-01-16,1.257876422776573,-0.0013890046446695115,0.05045691850327506,0.0005045691850327495,103,0.0,0.082059272042849,0.10091383700654989,0.10091383700654989,0.0,0.0,0
2024-01-17,1.2478347859332348,-0.007983007441361267,0.09404405266917447,0.0009404405266917448,102,0.0,0.07170155126929735,0.18808810533834894,0.18808810533834894,0.0,0.0,0
2024-01-18,1.2624994934696119,0.011752122718240665,0.09064776605600196,0.0009064776605600196,102,0.0,0.07918095467725297,0.18129553211200392,0.18129553211200392,0.0,0.0,0
2024-01-19,1.282072337203044,0.015503248781226775,0.0820921134352903,0.000820921134352903,102,0.0,0.07725315629599648,0.1641842268705806,0.1641842268705806,0.0,0.0,0
2024-01-22,1.289009022714226,0.005410525841556657,0.06716639826608767,0.0006716639826608767,103,0.0,0.07454452058738814,0.13433279653217534,0.13433279653217534,0.0,0.0,0
2024-01-23,1.288433400602921,-0.0004465617394150412,0.09586667197264405,0.0009586667197264405,101,0.0,0.058002702475280804,0.1917333439452881,0.1917333439452881,0.0,0.0,0
2024-01-24,1.2942510639187983,0.0045152999861342025,0.08460497485990966,0.000846049748599096,104,1.1102230246251565e-16,0.055954355706923815,0.16920994971981917,0.1692099497198192,0.0,2.0698774725463887e-16,0
2024-01-25,1.2992201447753684,0.00383934848121692,0.11205729556346108,0.0011205729556346103,106,0.0,0.05815617530741069,0.22411459112692206,0.22411459112692206,0.0,0.0,0
2024-01-26,1.2959083463016048,-0.0025490664434980603,0.11430160861933908,0.001143016086193391,105,0.0,0.0678730828198369,0.22860321723867816,0.22860321723867816,0.0,0.0,0
2024-01-29,1.308833557891482,0.009973862446958082,0.13971005595616592,0.0013971005595616592,98,0.0,0.08359699091202612,0.27942011191233185,0.27942011191233185,0.0,0.0,0
2024-01-30,1.3063479838545495,-0.0018990757242935974,0.06759880458986264,0.0006759880458986259,98,1.1102230246251565e-16,0.08258260441679562,0.13519760917972518,0.13519760917972518,0.0,0.0,0
2024-01-31,1.2843498066422356,-0.016839446674388747,0.12472590107536759,0.0012472590107536754,99,0.0,0.06679295210178099,0.24945180215073512,0.24945180215073506,0.0,2.1937475707528575e-16,0
2024-02-01,1.2951979372183116,0.008446398730293625,0.10920318705572053,0.0010920318705572054,100,0.0,0.05277181969762213,0.21840637411144107,0.21840637411144107,0.0,0.0,0
2024-02-02,1.302321291111493,0.005499818744677976,0.10526016131987304,0.0010526016131987303,105,0.0,0.05048501603284577,0.21052032263974613,0.21052032263974607,0.0,2.192663368580372e-16,0
2024-02-05,1.3000089089500868,-0.0017755850090054315,0.09617345688293454,0.0009617345688293454,99,0.0,0.059475470887706154,0.19234691376586907,0.19234691376586907,0.0,0.0,0
2024-02-06,1.2998788852818817,-0.00010001752088772964,0.10889491508452627,0.0010889491508452628,100,0.0,0.07010651137924719,0.21778983016905254,0.21778983016905254,0.0,0.0,0
2024-02-07,1.3124646711837393,0.009682275821511155,0.08151572125703838,0.0008151572125703832,102,1.1102230246251565e-16,0.06969695187814406,0.16303144251407672,0.16303144251407664,0.0,2.0880378589355209e-16,0
2024-02-08,1.3204287461068605,0.006068029942427389,0.11103114949367641,0.0011103114949367636,100,0.0,0.04340619523068732,0.22206229898735272,0.22206229898735272,0.0,0.0,0
2024-02-09,1.3269219638542147,0.004917507110094865,0.0905425057285352,0.000905425057285352,101,0.0,0.04807950839778046,0.1810850114570704,0.1810850114570704,0.0,0.0,0
2024-02-12,1.3231063868648696,-0.0028755097083947856,0.08746147409061726,0.000874614740906172,101,1.1102230246251565e-16,0.050255451364649074,0.17492294818123447,0.1749229481812344,0.0,2.1679977691563268e-16,0
2024-02-13,1.2986919446698841,-0.018452365159264295,0.09666316345511276,0.000966631634551127,101,0.0,0.05407270286192198,0.19332632691022542,0.19332632691022542,0.0,0.0,0
2024-02-14,1.315935662375701,0.01327775826791644,0.0743207145730204,0.0007432071457302035,100,1.1102230246251565e-16,0.054103519500023914,0.1486414291460407,0.1486414291460407,0.0,0.0,0
2024-02-15,1.325724729814788,0.0074388647704968225,0.08418457840740154,0.0008418457840740154,98,1.1102230246251565e-16,0.05450931007377127,0.16836915681480313,0.16836915681480308,0.0,2.1156850143339012e-16,0
2024-02-16,1.3184860074954272,-0.0054602001128636335,0.09271567539483373,0.0009271567539483373,100,1.1102230246251565e-16,0.05583989689150176,0.1854313507896675,0.18543135078966747,0.0,2.2363025060229136e-16,0
2024-02-20,1.3061297242836993,-0.009371569467923058,0.09228275917782791,0.0009228275917782786,98,0.0,0.0629174648228836,0.1845655183556557,0.1845655183556557,0.0,0.0,0
2024-02-21,1.2879543912507072,-0.01391541184238787,0.06599924274171501,0.00065999242741715,96,0.0,0.06456651435627295,0.13199848548343002,0.13199848548343002,0.0,0.0,0
2024-02-22,1.3190122420932642,0.024114092124331687,0.07368808506640545,0.0007368808506640545,100,0.0,0.06243261650114003,0.1473761701328109,0.1473761701328109,0.0,0.0,0
2024-02-23,1.3134613733895144,-0.004208352679836103,0.13538745263368446,0.0013538745263368447,102,0.0,0.04969483805664849,0.2707749052673689,0.2707749052673689,0.0,0.0,0
2024-02-26,1.3143162545298424,0.0006508612720919071,0.10044938781483015,0.0010044938781483014,103,0.0,0.04906200859181416,0.2008987756296603,0.2008987756296603,0.0,0.0,0
2024-02-27,1.3143581597085192,3.188363419570628e-05,0.08464863655515562,0.0008464863655515562,101,0.0,0.048709841696442956,0.16929727311031123,0.16929727311031123,0.0,0.0,0
2024-02-28,1.310660781562037,-0.0028130674422123247,0.0791215251016493,0.0007912152510164925,102,1.1102230246251565e-16,0.04950331166199306,0.15824305020329849,0.15824305020329849,0.0,0.0,0
2024-02-29,1.320208947966155,0.007285001991696571,0.06266314509804569,0.0006266314509804569,100,1.1102230246251565e-16,0.0489470040493678,0.12532629019609134,0.12532629019609137,0.0,2.1430611191891602e-16,0
2024-03-01,1.3383008872726683,0.01370384539082603,0.08834125916266193,0.0008834125916266188,102,0.0,0.04684384302848206,0.17668251832532375,0.17668251832532375,0.0,0.0,0
2024-03-04,1.333102632099361,-0.003884220075427658,0.10453211143688658,0.0010453211143688658,102,0.0,0.05623898875150599,0.20906422287377316,0.20906422287377316,0.0,0.0,0
2024-03-05,1.3144488228172813,-0.013992778074936263,0.06881505757029133,0.0006881505757029133,97,0.0,0.05700623660845204,0.13763011514058265,0.13763011514058265,0.0,0.0,0
2024-03-06,1.3285175789993762,0.010703160091041886,0.09240423223335517,0.0009240423223335517,99,0.0,0.05833480812824892,0.18480846446671034,0.18480846446671034,0.0,0.0,0
2024-03-07,1.3376796383623153,0.006896453240641254,0.06603002209544369,0.0006603002209544369,97,0.0,0.06269920453730522,0.13206004419088738,0.13206004419088738,0.0,0.0,0
2024-03-08,1.3206708025629272,-0.012715178815318917,0.08986981259381507,0.0008986981259381502,101,1.1102230246251565e-16,0.06058305980775175,0.17973962518763004,0.17973962518763004,0.0,2.086682606219914e-16,0
2024-03-11,1.317044522216051,-0.002745786716749521,0.09321126154552431,0.0009321126154552426,95,0.0012904202948350561,0.06929775336690897,0.1864225230910485,0.1864225230910485,0.0,0.0,0
2024-03-12,1.3366957428904984,0.014920695802585593,0.09455831556033854,0.0009392318796057245,98,0.0,0.0725358248270991,0.1878463759211449,0.1878463759211449,0.0,0.0,0
2024-03-13,1.3350616661767007,-0.001222474689912656,0.10464599917129418,0.0010464599917129412,99,1.1102230246251565e-16,0.07029083175799994,0.20929199834258824,0.20929199834258824,0.0,0.0,0
2024-03-14,1.3270842217145762,-0.0059753378171437666,0.1048967610950425,0.0010489676109504246,95,0.0,0.06062363943745258,0.2097935221900849,0.2097935221900849,0.0,0.0,0
2024-03-15,1.3148621175046913,-0.009209742689950784,0.0920248878126107,0.0009202488781261065,100,1.1102230246251565e-16,0.05658268246035081,0.18404977562522132,0.1840497756252213,0.0,2.202692238675863e-16,0
2024-03-18,1.3307108639330074,0.012053542510140458,0.08885416867051953,0.0008885416867051947,98,0.0,0.0645874546514796,0.17770833734103894,0.17770833734103894,0.0,0.0,0
2024-03-19,1.333025195205957,0.001739169143107011,0.07390789949537137,0.0007390789949537137,101,0.0,0.0615481008423705,0.14781579899074274,0.14781579899074274,0.0,0.0,0
2024-03-20,1.356175073032887,0.017366421812719857,0.11197664523209108,0.0011197664523209109,100,0.0,0.06508101555376766,0.22395329046418216,0.22395329046418216,0.0,0.0,0
2024-03-21,1.371092490689086,0.010999625308580896,0.06500785447418138,0.0006500785447418133,102,1.1102230246251565e-16,0.06002864453492454,0.13001570894836265,0.13001570894836265,0.0,0.0,0
2024-03-22,1.3653105784505062,-0.004217011089947653,0.06346172634713344,0.0006346172634713339,104,0.0,0.06065430965765271,0.12692345269426678,0.12692345269426678,0.0,0.0,0
2024-03-25,1.361211133813956,-0.003002572968564099,0.06650355895317173,0.0006650355895317168,103,1.1102230246251565e-16,0.06393684924110903,0.13300711790634334,0.13300711790634334,0.0,0.0,0
2024-03-26,1.3577860105815902,-0.0025162321606708726,0.05551039522004575,0.0005551039522004575,99,1.1102230246251565e-16,0.05926339847430219,0.1110207904400915,0.1110207904400915,0.0,0.0,0
2024-03-27,1.367290596335294,0.007000061629470311,0.05274524886640919,0.0005274524886640919,102,1.1102230246251565e-16,0.05992916945115067,0.10549049773281838,0.10549049773281838,0.0,0.0,0
2024-03-28,1.367905370557842,0.00044962952586358185,0.07695703299889907,0.0007695703299889901,103,0.0,0.06355133221879773,0.15391406599779806,0.15391406599779803,0.0,2.1968646519987534e-16,0
2024-04-01,1.3716776635631118,0.0027577148876398727,0.08043667852918432,0.0008043667852918432,105,0.0,0.06378148575864066,0.16087335705836864,0.16087335705836864,0.0,0.0,0
2024-04-02,1.3578992321588348,-0.010044948438167167,0.0846503015543809,0.000846503015543809,101,0.0,0.0728772910894473,0.1693006031087618,0.1693006031087618,0.0,0.0,0
2024-04-03,1.367959443598681,0.007408658316900407,0.07931260701244405,0.0007931260701244406,99,0.0,0.06557129408793867,0.1586252140248881,0.1586252140248881,0.0,0.0,0
2024-04-04,1.3448180698655576,-0.016916710390364798,0.06509690253169262,0.0006509690253169262,101,0.0,0.07012661922550674,0.13019380506338524,0.13019380506338524,0.0,0.0,0
2024-04-05,1.3626683870818823,0.013273406727877468,0.08820615349330566,0.000882061534933056,102,1.1102230246251565e-16,0.06967477833027494,0.1764123069866112,0.1764123069866112,0.0,0.0,0
2024-04-08,1.368707425262695,0.004431773891625301,0.08560204999781595,0.000856020499978159,103,0.0,0.054003307820388924,0.1712040999956318,0.1712040999956318,0.0,0.0,0
2024-04-09,1.3690798638903354,0.0002721097443956211,0.06896820127081069,0.0006896820127081063,97,1.1102230246251565e-16,0.060110038645710455,0.13793640254162126,0.13793640254162126,0.0,0.0,0
2024-04-10,1.3518984513680457,-0.012549605742843695,0.05867632017629204,0.0005867632017629199,97,0.0,0.053644122924581886,0.11735264035258397,0.11735264035258397,0.0,0.0,0
2024-04-11,1.3610778844778832,0.00679003152977109,0.07797082741666604,0.0007797082741666599,100,1.1102230246251565e-16,0.055334937979281386,0.15594165483333197,0.15594165483333197,0.0,0.0,0
2024-04-12,1.3278833635110403,-0.024388406677826935,0.10052027037475722,0.0010052027037475717,102,2.220446049250313e-16,0.0590563939917934,0.20104054074951433,0.20104054074951433,0.0,0.0,0
2024-04-15,1.3047161220163448,-0.01744674429344406,0.11383057224489934,0.0011383057224489924,96,0.0,0.05092869193613528,0.22766114448979846,0.22766114448979846,0.0,0.0,0
2024-04-16,1.304209729017232,-0.0003881250415838089,0.07715132803400701,0.0007715132803400701,96,0.0,0.05316365988633603,0.15430265606801402,0.15430265606801402,0.0,0.0,0
2024-04-17,1.289608433922685,-0.011195511557446913,0.07815084068058183,0.0007815084068058178,102,1.1102230246251565e-16,0.06616058119445652,0.15630168136116354,0.15630168136116354,0.0,2.0725879779776024e-16,0
2024-04-18,1.277097793630015,-0.009701115442162234,0.07753263953527868,0.0007753263953527869,98,1.1102230246251565e-16,0.05926339643804423,0.15506527907055737,0.15506527907055737,0.0,0.0,0
2024-04-19,1.2633735184701589,-0.010746455931809451,0.07374903337726978,0.0007374903337726972,105,0.0,0.05791298734414898,0.14749806675453944,0.14749806675453944,0.0,0.0,0
2024-04-22,1.2756251609682345,0.009697561583300596,0.10847049437804392,0.0010847049437804387,100,1.1102230246251565e-16,0.0707128122458048,0.21694098875608772,0.21694098875608772,0.0,0.0,0
2024-04-23,1.2957987516785734,0.015814669800826575,0.0815929122387247,0.0008159291223872465,100,0.0,0.06243527692222779,0.16318582447744928,0.16318582447744928,0.0,0.0,0
2024-04-24,1.2985440337982896,0.0021186022259707116,0.10721213198290809,0.0010721213198290804,107,1.1102230246251565e-16,0.072620511898626,0.21442426396581607,0.21442426396581607,0.0,2.1145330495256354e-16,0
2024-04-25,1.303833376239652,0.004073286930355913,0.08646197685494715,0.000864619768549471,105,0.0,0.07203168779390688,0.1729239537098942,0.1729239537098942,0.0,0.0,0
2024-04-26,1.320075908021306,0.012457521089465295,0.0744306253514148,0.0007443062535141474,103,1.1102230246251565e-16,0.07213358509823524,0.1488612507028295,0.1488612507028295,0.0,0.0,0
2024-04-29,1.3262538456599287,0.00467998665916336,0.11562898394051126,0.0011562898394051125,103,1.1102230246251565e-16,0.06389007058569314,0.2312579678810225,0.2312579678810225,0.0,0.0,0
2024-04-30,1.29833458675246,-0.021051218059674137,0.0787677003408605,0.0007876770034086045,106,0.0,0.06911192402737247,0.1575354006817209,0.1575354006817209,0.0,0.0,0
2024-05-01,1.2893265244518746,-0.006938167089207359,0.0994663750521024,0.0009946637505210234,101,1.1102230246251565e-16,0.06948190073874595,0.1989327501042047,0.1989327501042047,0.0,0.0,0
2024-05-02,1.3069669088522784,0.013681859533529073,0.10359914183227881,0.0010359914183227874,102,0.0,0.08313003867992716,0.20719828366455753,0.2071982836645575,0.0,2.118802095579797e-16,0
2024-05-03,1.32413080005775,0.013132613449673647,0.07448651418616674,0.0007448651418616663,103,2.220446049250313e-16,0.08374144181927858,0.14897302837233325,0.14897302837233325,0.0,0.0,0
2024-05-06,1.3363733513006253,0.009245726511566188,0.08668604171357124,0.0008668604171357113,102,0.0,0.08434583375133292,0.17337208342714225,0.17337208342714225,0.0,0.0,0
2024-05-07,1.33162643817395,-0.0035520860409670174,0.08299859816359588,0.0008299859816359588,99,0.0,0.08197585055763452,0.16599719632719176,0.16599719632719176,0.0,0.0,0
2024-05-08,1.3302256949561568,-0.0010519040307686023,0.10579820828800537,0.0010579820828800527,99,2.220446049250313e-16,0.08456816534425834,0.21159641657601053,0.21159641657601053,0.0,0.0,0
2024-05-09,1.3321287675746478,0.001430638895119074,0.07951992986441303,0.0007951992986441292,101,0.0,0.08471171368977454,0.15903985972882584,0.15903985972882584,0.0,0.0,0
2024-05-10,1.3258800353309719,-0.004690786953766346,0.12084593985299813,0.0012084593985299808,97,1.1102230246251565e-16,0.055124729119765604,0.24169187970599615,0.24169187970599615,0.0,0.0,0
2024-05-13,1.3296545537940971,0.0028468023973096113,0.08466188698927066,0.000846618869892706,102,2.220446049250313e-16,0.05662873100529707,0.1693237739785412,0.1693237739785412,0.0,0.0,0
2024-05-14,1.3334570954370761,0.0028597966532950547,0.09265879316443082,0.0009265879316443071,104,0.0,0.06497317250029315,0.18531758632886142,0.18531758632886142,0.0,0.0,0
2024-05-15,1.3525492119791231,0.014317758409609027,0.06749042980758675,0.0006749042980758675,103,0.0,0.056512769171541286,0.1349808596151735,0.1349808596151735,0.0,0.0,0
2024-05-16,1.347416107499134,-0.0037951332450802955,0.1047341117536517,0.001047341117536517,97,0.0,0.05638576562693171,0.2094682235073034,0.2094682235073034,0.0,0.0,0
2024-05-17,1.34822085721918,0.0005972540446617103,0.0865603800236269,0.0008656038002362685,101,1.1102230246251565e-16,0.04993520967234711,0.17312076004725369,0.17312076004725369,0.0,0.0,0
2024-05-20,1.3575744265632983,0.006937712982286071,0.11232958956979239,0.0011232958956979234,99,0.0,0.05824085325624573,0.22465917913958466,0.22465917913958466,0.0,0.0,0
2024-05-21,1.3555399619069632,-0.0014986026670267272,0.06971982349085999,0.0006971982349086,100,0.0,0.060123316645791965,0.13943964698172004,0.13943964698171998,0.0,2.2659825404947043e-16,0
2024-05-22,1.341899159143646,-0.010063003044283203,0.06763836316216007,0.0006763836316216007,99,0.0,0.05443139385080996,0.13527672632432014,0.13527672632432014,0.0,0.0,0
2024-05-23,1.3264905940914877,-0.011482654972368778,0.10107772216757006,0.0010107772216757006,101,0.0,0.058728454331924446,0.20215544433514013,0.20215544433514013,0.0,0.0,0
2024-05-24,1.3313145032547054,0.0036365950762895505,0.09227630422316142,0.0009227630422316142,100,0.0,0.06204269470217757,0.18455260844632285,0.18455260844632285,0.0,0.0,0
2024-05-28,1.331363124742664,3.652141386556451e-05,0.09260715471704,0.0009260715471703999,99,0.0,0.05654844077042942,0.18521430943408,0.18521430943408,0.0,0.0,0
2024-05-29,1.3174933812331067,-0.010417701415786351,0.09667767821477535,0.0009667767821477536,98,0.0,0.054655750683027596,0.1933553564295507,0.1933553564295507,0.0,0.0,0
2024-05-30,1.2995805952316226,-0.01359611080908707,0.08909524360505267,0.0008909524360505261,97,1.1102230246251565e-16,0.05737935044565964,0.17819048721010525,0.17819048721010522,0.0,2.241723516885341e-16,0
2024-05-31,1.2912857312107018,-0.006382723819789327,0.12400339323386976,0.0012400339323386975,97,1.1102230246251565e-16,0.06325206958947086,0.24800678646773952,0.24800678646773952,0.0,0.0,0
2024-06-03,1.2809183710942869,-0.00802871112553416,0.11920374210929148,0.0011920374210929142,103,0.0,0.04642786561614468,0.2384074842185829,0.23840748421858285,0.0,2.035860629384656e-16,0
2024-06-04,1.2662607952772345,-0.011443020997919162,0.09950571346326335,0.0009950571346326335,100,0.0,0.05902515697775914,0.1990114269265267,0.1990114269265267,0.0,0.0,0
2024-06-05,1.2850180795972959,0.014813128851513424,0.08073143960192175,0.0008073143960192164,99,2.220446049250313e-16,0.05636179025527702,0.16146287920384328,0.16146287920384328,0.0,0.0,0
2024-06-06,1.2885047982522086,0.0027133615551973023,0.0962471290918396,0.000962471290918395,99,0.0,0.05147655481530538,0.192494258183679,0.192494258183679,0.0,0.0,0
2024-06-07,1.2771404458938258,-0.00881979824506518,0.0758237020238292,0.000758237020238292,102,0.0,0.05098236005880513,0.1516474040476584,0.1516474040476584,0.0,0.0,0
2024-06-10,1.2861894943120022,0.007085398044725855,0.06839206097560799,0.0006839206097560799,95,0.0,0.052082487805304827,0.13678412195121598,0.13678412195121598,0.0,0.0,0
2024-06-11,1.2793008445695544,-0.005355859127221918,0.07973157875004509,0.0007973157875004504,98,1.1102230246251565e-16,0.0590359597378119,0.15946315750009007,0.15946315750009007,0.0,0.0,0
2024-06-12,1.2848052319912489,0.004302652847498534,0.07835961677834465,0.0007835961677834459,96,0.0,0.06235752482515677,0.15671923355668918,0.15671923355668918,0.0,0.0,0
2024-06-13,1.285178393486477,0.0002904420731926205,0.08681088366002779,0.0008681088366002774,99,1.1102230246251565e-16,0.05857312296175405,0.17362176732005546,0.17362176732005546,0.0,2.1112126803723985e-16,0
2024-06-14,1.2857543531706097,0.0004481554366706497,0.07874153182581585,0.000787415318258158,94,0.0,0.06364698651077835,0.1574830636516316,0.1574830636516316,0.0,0.0,0
2024-06-17,1.2950820792271645,0.0072546719624577705,0.06104647121844913,0.0006104647121844913,96,0.0,0.06350371843443497,0.12209294243689826,0.12209294243689826,0.0,0.0,0
2024-06-18,1.3005703918438325,0.004237810641270823,0.0704746221736639,0.0007047462217366385,96,1.1102230246251565e-16,0.06509463260859112,0.1409492443473277,0.1409492443473277,0.0,2.0698774725463887e-16,0
2024-06-20,1.3011083233884215,0.00041361201820566684,0.05450850458026073,0.0005450850458026068,98,0.0,0.055900300650661594,0.10901700916052136,0.10901700916052134,0.0,2.194425197110661e-16,0
2024-06-21,1.3021561067233738,0.0008053006164956411,0.08494697352378555,0.0008494697352378556,92,0.0,0.055719654154291004,0.1698939470475711,0.1698939470475711,0.0,0.0,0
2024-06-24,1.2979870710457437,-0.0032016404608512516,0.06339737737025868,0.0006339737737025862,94,1.1102230246251565e-16,0.05555343222181542,0.12679475474051724,0.12679475474051724,0.0,0.0,0
2024-06-25,1.3003030932776742,0.0017843184139458845,0.07834107634667314,0.0007834107634667315,89,1.1102230246251565e-16,0.06595695164178277,0.1566821526933463,0.1566821526933463,0.0,0.0,0
2024-06-26,1.2998506093298312,-0.00034798344338504705,0.0712583154451585,0.0007125831544515844,92,0.0,0.05975026908105941,0.14251663089031688,0.14251663089031688,0.0,0.0,0
2024-06-27,1.3040673950995225,0.003244054154704301,0.05329006411426263,0.0005329006411426263,96,0.0,0.06802330335842341,0.10658012822852526,0.10658012822852526,0.0,0.0,0
2024-06-28,1.3071621246638983,0.0023731362167362935,0.08341184598615718,0.0008341184598615718,99,0.0,0.06811094592596016,0.16682369197231436,0.16682369197231436,0.0,0.0,0
2024-07-01,1.302748044275398,-0.0033768423252281687,0.08646858861654234,0.0008646858861654235,99,0.0,0.06974679321348544,0.1729371772330847,0.1729371772330847,0.0,0.0,0
2024-07-02,1.3073640989045627,0.0035433210968527362,0.08136368412742725,0.0008136368412742725,98,0.0,0.0680755210789406,0.16272736825485454,0.1627273682548545,0.0,2.07800898884003e-16,0
2024-07-03,1.317997859528974,0.008133740733221373,0.06148428178163718,0.0006148428178163718,102,0.0,0.06045729658892491,0.12296856356327435,0.12296856356327436,0.0,2.1637287231021651e-16,0
2024-07-05,1.3196089042054802,0.0012223424073556366,0.05673480225836925,0.0005673480225836925,98,0.0,0.059734535108484095,0.1134696045167385,0.1134696045167385,0.0,0.0,0
2024-07-08,1.312892485209961,-0.005089704210175072,0.06222345479085538,0.0006222345479085538,96,0.0,0.05897771182072424,0.12444690958171076,0.12444690958171076,0.0,0.0,0
2024-07-09,1.3055676769382039,-0.00557913793724385,0.07981346750311531,0.0007981346750311525,101,1.1102230246251565e-16,0.05942130460049777,0.1596269350062305,0.1596269350062305,0.0,2.205267218835516e-16,0
2024-07-10,1.3160465235131615,0.008026276048387349,0.054843770870636334,0.0005484377087063628,102,0.0,0.06235378945060479,0.10968754174127256,0.10968754174127256,0.0,0.0,0
2024-07-11,1.3127376476839685,-0.0025142544507925635,0.08523382292593486,0.0008523382292593486,102,0.0,0.060821187733037185,0.17046764585186971,0.17046764585186971,0.0,0.0,0
2024-07-12,1.3239758298435957,0.00856087442868314,0.08656678623069632,0.0008656678623069626,102,1.1102230246251565e-16,0.06402193313882167,0.17313357246139252,0.17313357246139252,0.0,0.0,0
2024-07-15,1.3264429484673173,0.0018634166637414573,0.05490484750476781,0.0005490484750476775,105,0.0,0.07466888069666638,0.10980969500953551,0.10980969500953551,0.0,0.0,0
2024-07-16,1.3377670807772015,0.008537217769500893,0.06715293735471765,0.0006715293735471765,105,0.0,0.07503265494866063,0.1343058747094353,0.1343058747094353,0.0,0.0,0
2024-07-17,1.2968358122160746,-0.030596707864381845,0.07859980572713025,0.0007859980572713026,106,0.0,0.08603609353079997,0.1571996114542605,0.1571996114542605,0.0,2.0587051079721044e-16,0
2024-07-18,1.2775588389929375,-0.014864621289410462,0.11481361808094505,0.00114813618080945,102,1.1102230246251565e-16,0.06335929977142331,0.22962723616189,0.22962723616188999,0.0,2.1950392959974203e-16,0
2024-07-19,1.2658473331710483,-0.009167097016933634,0.09008114632231651,0.0009008114632231645,98,0.0,0.07130529555456887,0.18016229264463296,0.1801622926446329,0.0,2.054596998177921e-16,0
2024-07-22,1.283691329218451,0.014096483501452095,0.07497842216919011,0.0007497842216919011,104,0.0,0.060489075602587684,0.14995684433838022,0.14995684433838022,0.0,0.0,0
2024-07-23,1.2710502548241946,-0.009847440818933184,0.08053892128645929,0.0008053892128645929,100,0.0,0.06899371376912446,0.16107784257291857,0.16107784257291857,0.0,0.0,0
2024-07-24,1.234086784953335,-0.029081045167621777,0.06714835020104383,0.0006714835020104383,101,0.0,0.07470714134190064,0.13429670040208766,0.13429670040208766,0.0,0.0,0
2024-07-25,1.231730029678434,-0.0019097159969914124,0.10031278353912067,0.0010031278353912067,103,0.0,0.0664076130469692,0.20062556707824133,0.20062556707824133,0.0,0.0,0
2024-07-26,1.2416467113083407,0.008051018803605592,0.10922081476765877,0.0010922081476765866,101,2.220446049250313e-16,0.06627012778800023,0.21844162953531732,0.21844162953531732,0.0,0.0,0
2024-07-29,1.2391184195795653,-0.00203624082901277,0.156538366054692,0.001565383660546919,100,0.0,0.0571614276706558,0.3130767321093838,0.3130767321093838,0.0,0.0,0
2024-07-30,1.2207897525312266,-0.014791699290982674,0.09794564878147048,0.000979456487814705,98,0.0,0.057620523478432537,0.19589129756294096,0.19589129756294096,0.0,0.0,0
2024-07-31,1.2522454483226417,0.025766677453012532,0.09910575778573907,0.0009910575778573902,98,1.1102230246251565e-16,0.05678720940623471,0.19821151557147804,0.19821151557147804,0.0,0.0,0
2024-08-01,1.2073424875863417,-0.03585795484139842,0.12345825390086074,0.0012345825390086068,100,0.0,0.05459199381481578,0.24691650780172136,0.24691650780172136,0.0,0.0,0
2024-08-02,1.159905148493816,-0.039290706307669065,0.1336526871687337,0.0013365268716873367,95,1.1102230246251565e-16,0.05124113837827421,0.2673053743374673,0.2673053743374673,0.0,0.0,0
2024-08-05,1.142506548666021,-0.0150000194846861,0.15613045881772605,0.0015613045881772605,99,1.1102230246251565e-16,0.07327966612236127,0.3122609176354521,0.3122609176354521,0.0,0.0,0
2024-08-06,1.1573707760207024,0.013010190070277261,0.09140947302790986,0.0009140947302790981,106,0.0,0.07144981271892194,0.1828189460558196,0.1828189460558196,0.0,0.0,0
2024-08-07,1.1424134598835587,-0.012923530165994235,0.1131793925105325,0.0011317939251053245,106,1.1102230246251565e-16,0.07175746723097383,0.22635878502106488,0.22635878502106488,0.0,2.2188197459915848e-16,0
2024-08-08,1.181567455987097,0.03427305216408172,0.08378378271484752,0.0008378378271484746,112,0.0,0.07485162378764035,0.16756756542969492,0.16756756542969492,0.0,0.0,0
2024-08-09,1.1896938199940634,0.006877613263457372,0.1367719839838696,0.001367719839838696,102,0.0,0.07531154558193875,0.2735439679677392,0.2735439679677392,0.0,2.046702651109511e-16,0
2024-08-12,1.19093276351072,0.0010413969509086574,0.10105457767373544,0.0010105457767373538,104,1.1102230246251565e-16,0.07473806617546515,0.20210915534747076,0.20210915534747076,0.0,0.0,0
2024-08-13,1.2165797021753317,0.02153516928110011,0.08444455005014476,0.000844445500501447,105,0.0,0.07525610990109606,0.1688891001002894,0.1688891001002894,0.0,0.0,0
2024-08-14,1.2157633461990889,-0.000671025478053866,0.0702958645857862,0.0007029586458578608,101,2.220446049250313e-16,0.06497427947015015,0.14059172917157217,0.14059172917157217,0.0,0.0,0
2024-08-15,1.2394963511440995,0.01952107292855021,0.07480639069357638,0.0007480639069357627,99,0.0,0.07255179270106779,0.14961278138715253,0.14961278138715253,0.0,0.0,0
2024-08-16,1.243319628831427,0.003084541300826249,0.12059295980193932,0.0012059295980193926,97,1.1102230246251565e-16,0.08735766132258908,0.2411859196038786,0.24118591960387853,0.0,2.087961625970268e-16,0
2024-08-19,1.2568856292622101,0.010911112570090697,0.07740417874295978,0.0007740417874295973,101,0.0,0.08602194460050315,0.15480835748591945,0.15480835748591945,0.0,0.0,0
2024-08-20,1.2427013112769927,-0.011285289333400672,0.08056248350894797,0.0008056248350894798,102,0.0,0.08161490179625724,0.16112496701789594,0.16112496701789594,0.0,0.0,0
2024-08-21,1.258363190993145,0.01260309261286463,0.10762442378687051,0.0010762442378687046,104,1.1102230246251565e-16,0.08402069642974172,0.2152488475737409,0.2152488475737409,0.0,0.0,0
2024-08-22,1.2323889908110839,-0.02064125871447442,0.08645325420260848,0.0008645325420260843,105,2.220446049250313e-16,0.07140298084504641,0.17290650840521685,0.17290650840521685,0.0,0.0,0
2024-08-23,1.2480145116322465,0.012679049340483806,0.089754294024466,0.0008975429402446595,106,1.1102230246251565e-16,0.06917576083828436,0.17950858804893188,0.17950858804893188,0.0,0.0,0
2024-08-26,1.2404117078716104,-0.006091919356524644,0.08512374515655799,0.0008512374515655793,105,0.0,0.05688538015914959,0.17024749031311587,0.17024749031311587,0.0,0.0,0
2024-08-27,1.2396958096682753,-0.0005771456354305426,0.06767279001058567,0.0006767279001058562,113,1.1102230246251565e-16,0.0534094955006491,0.13534558002117122,0.13534558002117122,0.0,0.0,0
2024-08-28,1.226805812289123,-0.01039770988868749,0.1018099330270251,0.0010180993302702503,110,0.0,0.0712759140662991,0.20361986605405005,0.20361986605405008,0.0,2.1775374777247784e-16,0
2024-08-29,1.2352235446860569,0.006861503518007517,0.10976220382826424,0.001097622038282642,106,1.1102230246251565e-16,0.06845105993711409,0.21952440765652836,0.21952440765652836,0.0,0.0,0
2024-08-30,1.2576760874003943,0.018176906367214585,0.07731443387820722,0.0007731443387820716,107,2.220446049250313e-16,0.061880345377640145,0.15462886775641432,0.15462886775641432,0.0,0.0,0
2024-09-03,1.2144627400811898,-0.034359679532848575,0.08369944730131389,0.0008369944730131377,108,0.0,0.0702342302633322,0.1673988946026276,0.16739889460262755,0.0,2.1041738365807153e-16,0
2024-09-04,1.2178098264594,0.0027560222868479034,0.15151085708260184,0.0015151085708260184,103,0.0,0.06104042022286431,0.3030217141652037,0.3030217141652037,0.0,0.0,0
2024-09-05,1.2119722671858504,-0.0047934900398376445,0.08747644075258264,0.0008747644075258258,101,1.1102230246251565e-16,0.06197629885846172,0.17495288150516516,0.17495288150516516,0.0,0.0,0
2024-09-06,1.1919733600873175,-0.016501126007585576,0.08694027709173291,0.0008694027709173291,98,1.1102230246251565e-16,0.05818808969065586,0.17388055418346582,0.17388055418346582,0.0,0.0,0
2024-09-09,1.2022977997351543,0.008661636235796744,0.11042497174935148,0.0011042497174935143,104,0.0,0.056159356942930734,0.22084994349870285,0.22084994349870285,0.0,0.0,0
2024-09-10,1.1959772497530112,-0.005257058595245945,0.09189432821755325,0.0009189432821755325,103,0.0,0.055947380152144996,0.1837886564351065,0.1837886564351065,0.0,0.0,0
2024-09-11,1.2105778407582857,0.01220808423261377,0.09195652700399988,0.0009195652700399988,106,0.0,0.055803129921366545,0.18391305400799976,0.18391305400799976,0.0,0.0,0
2024-09-12,1.2160440305095446,0.004515355863308201,0.15781921646271865,0.0015781921646271866,101,0.0,0.07156012918803752,0.3156384329254373,0.3156384329254373,0.0,0.0,0
2024-09-13,1.229584589469173,0.011134924903956511,0.08387195607296895,0.0008387195607296895,102,0.0,0.0575735799068827,0.1677439121459379,0.1677439121459379,0.0,0.0,0
2024-09-16,1.2319114193497707,0.001892370724654313,0.08611607426678453,0.0008611607426678447,101,1.1102230246251565e-16,0.07827424172616408,0.172232148533569,0.17223214853356894,0.0,2.1488378838894345e-16,0
2024-09-17,1.233298968989314,0.0011263388079278958,0.07808682052647503,0.0007808682052647503,103,1.1102230246251565e-16,0.06384989837746961,0.1561736410529501,0.15617364105295006,0.0,2.1198354757754473e-16,0
2024-09-18,1.2273241822910603,-0.004844556631025121,0.08225928982134688,0.0008225928982134683,101,0.0,0.07965902130316857,0.16451857964269365,0.16451857964269365,0.0,0.0,0
2024-09-19,1.2464286522483299,0.015565952527397453,0.0780081925312015,0.000780081925312015,102,0.0,0.08844311861648717,0.156016385062403,0.156016385062403,0.0,0.0,0
2024-09-20,1.2314837008294612,-0.011990218125931817,0.10738161173243273,0.0010738161173243273,108,0.0,0.10358939164430661,0.21476322346486545,0.21476322346486545,0.0,0.0,0
2024-09-23,1.232744873432489,0.0010241082380371136,0.09550005948378815,0.0009550005948378809,105,1.1102230246251565e-16,0.0911027542602458,0.1910001189675762,0.19100011896757618,0.0,2.0180390561744255e-16,0
2024-09-24,1.2465793313693776,0.011222482636141562,0.06741616851429079,0.000674161685142908,107,1.1102230246251565e-16,0.1031360665797289,0.13483233702858158,0.13483233702858158,0.0,2.2368446071091563e-16,0
2024-09-25,1.239644728467592,-0.005562905406243046,0.08107715358379575,0.000810771535837957,111,0.0,0.10221489010706915,0.16215430716759138,0.16215430716759138,0.0,2.184769021511962e-16,0
2024-09-26,1.2577151036148484,0.014577059646431412,0.0807631385464169,0.000807631385464169,106,0.0,0.10418645263196237,0.1615262770928338,0.1615262770928338,0.0,0.0,0
2024-09-27,1.2557055581157917,-0.0015977748007327541,0.09598228790746086,0.0009598228790746081,109,1.1102230246251565e-16,0.08761723478488319,0.1919645758149216,0.1919645758149216,0.0,0.0,0
2024-09-30,1.2477492799806524,-0.006336101710880171,0.08276692169154637,0.0008276692169154637,105,1.1102230246251565e-16,0.08900950685045539,0.16553384338309274,0.16553384338309274,0.0,0.0,0
2024-10-01,1.2447114237305987,-0.0024346688063012767,0.08047391964103144,0.0008047391964103139,107,0.0,0.09464071532735074,0.16094783928206277,0.16094783928206277,0.0,0.0,0
2024-10-02,1.2460336400558552,0.0010622673657911808,0.09736565253815171,0.0009736565253815172,104,0.0,0.06238881004230978,0.19473130507630343,0.19473130507630343,0.0,0.0,0
2024-10-03,1.24807004118905,0.0016343067054782612,0.08907700738324711,0.0008907700738324706,104,1.1102230246251565e-16,0.09059400229958005,0.17815401476649412,0.17815401476649412,0.0,2.080177393185001e-16,0
2024-10-04,1.2590841814691034,0.008824937636961572,0.0942503916557298,0.0009425039165572975,105,0.0,0.07957914973448646,0.1885007833114595,0.1885007833114595,0.0,2.22769665127881e-16,0
2024-10-07,1.251161953196287,-0.006292056074894581,0.14371755662962277,0.0014371755662962277,109,0.0,0.09318659101786923,0.28743511325924553,0.28743511325924553,0.0,0.0,0
2024-10-08,1.2502343295015241,-0.0007414097690495725,0.09355906852623498,0.0009355906852623487,109,2.220446049250313e-16,0.07865181691871789,0.18711813705246974,0.18711813705246974,0.0,0.0,0
2024-10-09,1.2669489997980905,0.013369229993253073,0.12551471414368673,0.0012551471414368669,110,3.3306690738754696e-16,0.07893035802671508,0.25102942828737335,0.25102942828737335,0.0,0.0,0
2024-10-10,1.269557515352045,0.0020588954680655913,0.0997972978336734,0.000997972978336733,109,1.1102230246251565e-16,0.0775917655865039,0.19959459566734658,0.19959459566734658,0.0,0.0,0
2024-10-11,1.276310976433592,0.0053195392882017245,0.10167538646200228,0.0010167538646200223,105,0.0,0.07653947467103418,0.20335077292400444,0.20335077292400444,0.0,0.0,0
2024-10-14,1.283597813469272,0.005709295908463918,0.09920770895361487,0.0009920770895361487,108,0.0,0.0900879992774034,0.19841541790722975,0.19841541790722975,0.0,2.0882077949205637e-16,0
2024-10-15,1.2590226928748052,-0.019145498953481277,0.0706151121909043,0.000706151121909043,106,0.0,0.09025234205612703,0.1412302243818086,0.1412302243818086,0.0,0.0,0
2024-10-16,1.258987293183604,-2.81168015490163e-05,0.11015825073675317,0.0011015825073675313,107,1.1102230246251565e-16,0.0493785164666668,0.22031650147350623,0.22031650147350623,0.0,2.1566729386515368e-16,0
2024-10-17,1.2612741404533816,0.001816418070427872,0.0969822443217623,0.0009698224432176225,108,0.0,0.04317299624778952,0.1939644886435245,0.1939644886435245,0.0,0.0,0
2024-10-18,1.2642113523936933,0.0023287656870978335,0.1202217991796799,0.001202217991796798,108,2.220446049250313e-16,0.04756774631125416,0.24044359835935958,0.24044359835935958,0.0,0.0,0
2024-10-21,1.2563906600541446,-0.00618622220465026,0.09979482283374856,0.000997948228337485,110,1.1102230246251565e-16,0.04980238993674636,0.199589645667497,0.199589645667497,0.0,0.0,0
2024-10-22,1.2451425836689036,-0.008952690228337223,0.1521976344178411,0.0015219763441784104,109,0.0,0.048964057799178645,0.3043952688356821,0.3043952688356821,0.0,0.0,0
2024-10-23,1.2303952468254393,-0.011843894054293869,0.10880118632997621,0.0010880118632997616,106,1.1102230246251565e-16,0.05300945342234708,0.2176023726599523,0.2176023726599523,0.0,0.0,0
2024-10-24,1.2401551762783354,0.007932353020769334,0.14158696780612165,0.001415869678061216,108,2.220446049250313e-16,0.06680266538406011,0.2831739356122432,0.2831739356122432,0.0,0.0,0
2024-10-25,1.2448207408162821,0.0037620812517575875,0.11582541690916626,0.0011582541690916615,107,0.0,0.06502620677856273,0.2316508338183323,0.2316508338183323,0.0,0.0,0
2024-10-28,1.2506140103101517,0.004653898592716921,0.1385933899706659,0.001385933899706659,110,0.0,0.0548183513672318,0.2771867799413318,0.2771867799413318,0.0,0.0,0
2024-10-29,1.2484237493660602,-0.0017513484784552613,0.12223699121280052,0.0012223699121280047,110,1.1102230246251565e-16,0.06748283507878222,0.24447398242560092,0.24447398242560092,0.0,0.0,0
2024-10-30,1.2370987708872547,-0.009071421850598504,0.17831638707762099,0.0017831638707762093,108,0.0,0.059802933331926815,0.35663277415524186,0.35663277415524186,0.0,0.0,0
2024-10-31,1.2183834155330966,-0.0151284244997959,0.11029963863035262,0.0011029963863035252,108,2.220446049250313e-16,0.0707025699634265,0.22059927726070502,0.22059927726070502,0.0,0.0,0
2024-11-01,1.2176040544766997,-0.0006396681426067419,0.1078815040973435,0.001078815040973434,108,0.0,0.05812814915076887,0.21576300819468677,0.21576300819468677,0.0,2.1615857297456118e-16,0
2024-11-04,1.2213874643436158,0.0031072579407120937,0.13549111285043874,0.0013549111285043876,108,0.0,0.05621847380528519,0.2709822257008775,0.2709822257008775,0.0,0.0,0
2024-11-05,1.2426613422731505,0.01741779619538475,0.09086757778647529,0.0009086757778647524,108,1.1102230246251565e-16,0.05533914205087232,0.18173515557295047,0.18173515557295047,0.0,0.0,0
2024-11-06,1.2786326338727363,0.028946978855707295,0.10699734557262802,0.0010699734557262802,109,1.1102230246251565e-16,0.0579664475684565,0.21399469114525604,0.21399469114525604,0.0,0.0,0
2024-11-07,1.2821910649085033,0.0027829971967703315,0.2111588760499023,0.002111588760499023,106,1.1102230246251565e-16,0.054591875738567504,0.4223177520998046,0.4223177520998046,0.0,0.0,0
2024-11-08,1.270557321347985,-0.009073330706253602,0.11605411459780082,0.0011605411459780083,105,1.1102230246251565e-16,0.0620659700426723,0.23210822919560162,0.23210822919560165,0.0,2.0733841889480215e-16,0
2024-11-11,1.2649924745162688,-0.004379847125521419,0.11256378493775654,0.0011256378493775649,108,0.0,0.061547853825981755,0.22512756987551297,0.22512756987551297,0.0,0.0,0
2024-11-12,1.2581166667393113,-0.005435453503062737,0.1401569833902006,0.0014015698339020061,105,0.0,0.06378861879705627,0.2803139667804012,0.2803139667804012,0.0,0.0,0
2024-11-13,1.2534078658672156,-0.0037427378530002775,0.10659126354021581,0.0010659126354021582,109,0.0,0.05667065032085076,0.21318252708043162,0.21318252708043162,0.0,0.0,0
2024-11-14,1.2500294988373877,-0.002695345323599496,0.07779720604751608,0.0007779720604751603,110,1.1102230246251565e-16,0.055935513304532496,0.1555944120950321,0.15559441209503205,0.0,2.2305426819815843e-16,0
2024-11-15,1.232501389762558,-0.014022156350015691,0.0786653576892272,0.0007866535768922719,115,1.1102230246251565e-16,0.05539554068611642,0.1573307153784544,0.1573307153784544,0.0,0.0,0
2024-11-18,1.2542470793229679,0.017643541614666303,0.09894325479223619,0.0009894325479223613,115,2.220446049250313e-16,0.06557641944905225,0.19788650958447226,0.19788650958447226,0.0,0.0,0
2024-11-19,1.258645744230235,0.0035070162648027647,0.0702089945987487,0.0007020899459874859,115,0.0,0.0531346320717336,0.14041798919749718,0.14041798919749718,0.0,0.0,0
2024-11-20,1.2619230626044797,0.0026038449573824174,0.06090257859173119,0.0006090257859173114,111,1.1102230246251565e-16,0.05526274118271267,0.12180515718346237,0.12180515718346227,0.0,2.1492275190451715e-16,0
2024-11-21,1.2759478917085936,0.01111385433844747,0.0888597536580886,0.000888597536580886,110,1.1102230246251565e-16,0.06299780294735063,0.1777195073161772,0.1777195073161772,0.0,0.0,0
2024-11-22,1.2986605941772953,0.017800650493875247,0.1014449291130214,0.001014449291130214,109,1.1102230246251565e-16,0.05972130270697334,0.20288985822604286,0.2028898582260428,0.0,2.2335581192738097e-16,0
2024-11-25,1.3058035651694555,0.0055002600557734205,0.06330012540315237,0.0006330012540315231,109,0.0,0.05961499669100059,0.12660025080630463,0.12660025080630463,0.0,0.0,0
2024-11-26,1.2970244379376248,-0.006723160715747856,0.09813486682332008,0.000981348668233201,106,0.0,0.06080500653490769,0.19626973364664016,0.19626973364664016,0.0,0.0,0
2024-11-27,1.289006774048352,-0.00618158274798708,0.12473005908751142,0.0012473005908751136,106,1.1102230246251565e-16,0.06175918609152078,0.24946011817502273,0.24946011817502273,0.0,0.0,0
2024-11-29,1.2903049604326455,0.0010071214600497758,0.0783119171901825,0.0007831191719018245,106,0.0,0.0600848335957171,0.1566238343803649,0.1566238343803649,0.0,0.0,0
2024-12-02,1.292376256909143,0.001605276690405777,0.07225556344118811,0.0007225556344118805,107,1.1102230246251565e-16,0.060920210036407345,0.1445111268823761,0.1445111268823761,0.0,0.0,0
2024-12-03,1.284678738350116,-0.00595609716433243,0.19513675947466347,0.0019513675947466342,112,0.0,0.07180786591216012,0.3902735189493268,0.3902735189493268,0.0,0.0,0
2024-12-04,1.2881275683392877,0.0026845855591888235,0.08084921054989186,0.000808492105498918,114,1.1102230246251565e-16,0.0684310328816762,0.16169842109978352,0.1616984210997836,0.0,2.131575352424392e-16,0
2024-12-05,1.283894414676118,-0.003286284501019754,0.07824077572796162,0.0007824077572796162,113,1.1102230246251565e-16,0.06862852161250596,0.15648155145592324,0.15648155145592324,0.0,0.0,0
2024-12-06,1.2833126693174737,-0.000453109969164478,0.07977675907591832,0.0007977675907591826,114,0.0,0.06988827845343638,0.15955351815183655,0.15955351815183652,0.0,1.9744697989500324e-16,0
2024-12-09,1.2977799053066603,0.011273352422275229,0.05436555248623873,0.0005436555248623873,112,0.0,0.06779580661555248,0.10873110497247745,0.10873110497247745,0.0,0.0,0
2024-12-10,1.2785528166595581,-0.01481536936153971,0.07120338240233866,0.0007120338240233866,114,0.0,0.06755337845702244,0.14240676480467732,0.14240676480467732,0.0,0.0,0
2024-12-11,1.2928290129950093,0.01116590269047335,0.08977317428540686,0.0008977317428540687,113,0.0,0.06833647306274145,0.17954634857081372,0.17954634857081372,0.0,0.0,0
2024-12-12,1.2742496204495446,-0.01437111354921028,0.09021389787305528,0.0009021389787305523,112,1.1102230246251565e-16,0.06910485702659969,0.18042779574611045,0.18042779574611045,0.0,0.0,0
2024-12-13,1.2639469656341917,-0.008085272029916823,0.06499010032107394,0.0006499010032107389,111,0.0,0.0668224901735809,0.12998020064214777,0.12998020064214777,0.0,0.0,0
2024-12-16,1.2571339308887808,-0.00539028529728891,0.07943422620097637,0.0007943422620097626,112,2.220446049250313e-16,0.06647025296862494,0.15886845240195252,0.15886845240195252,0.0,0.0,0
2024-12-17,1.2535797890600386,-0.0028271783470432688,0.1774288192265814,0.001774288192265813,107,0.0,0.06206139357007008,0.35485763845316265,0.3548576384531626,0.0,2.1182605238891463e-16,0
2024-12-18,1.1973214885819057,-0.044878117028607,0.05746745464590891,0.0005746745464590891,107,0.0,0.06185346625547836,0.11493490929181782,0.11493490929181782,0.0,0.0,0
2024-12-19,1.1876805390988945,-0.008052097598640673,0.13181258903690896,0.0013181258903690884,107,2.220446049250313e-16,0.06266365664175792,0.2636251780738177,0.2636251780738177,0.0,0.0,0
2024-12-20,1.1980714627133613,0.008748921340708815,0.06564558105754704,0.0006564558105754694,107,0.0,0.06377111256174357,0.13129116211509387,0.13129116211509387,0.0,0.0,0
2024-12-23,1.2019868224677732,0.0032680519286758525,0.0919631654395711,0.000919631654395711,107,0.0,0.06762802886967026,0.18392633087914223,0.1839263308791422,0.0,2.151341130946367e-16,0
2024-12-24,1.2013930795567673,-0.0004939679037303524,0.9427396118203056,0.009427396118203056,1,0.0,1.0,1.8854792236406113,1.8854792236406113,0.0,0.0,0
2024-12-26,1.2023557563366791,0.0008013004205642549,0.0,0.0,1,0.0,1.0,0.0,0.0,0.0,0.0,0
2024-12-27,1.2023557563366791,0.0,0.0,0.0,1,0.0,1.0,0.0,0.0,0.0,0.0,0
2024-12-30,1.2023557563366791,0.0,0.0,0.0,1,0.0,1.0,0.0,0.0,0.0,0.0,0
2024-12-31,1.2023557563366791,0.0,0.0,0.0,1,0.0,1.0,0.0,0.0,0.0,0.0,0
