date,nav,net_return,turnover,entry_exit_notional,resize_notional,cost_fraction,holdings,cash_weight,max_name_weight,requested,executed,blocked,deviation
2019-01-02,1.0,0.0,0.0,0.0,0.0,0.0,0,1.0,0.0,0.0,0.0,0.0,0.0
2019-01-03,0.9991533451234573,-0.000846654876542674,0.8466548765426372,0.8466548765426374,0.0,0.0008466548765426372,18,0.15334512345736284,0.1976432757529405,0.9499280296592215,0.8466548765426372,0.10327315311658432,0.10327315311658432
2019-01-04,1.0211430595539825,0.02200834790560413,0.3654636681530918,0.3669215709126715,0.3139433480650006,0.0006808649189776723,25,0.099878350236,0.14484463402411474,0.7768602748500122,0.6808649189776722,0.09599535587234001,0.09599535587234001
2019-01-07,1.0412266416223763,0.019667745748735754,0.2279180200848652,0.07829224304023101,0.2690447821009365,0.0003473370251411675,19,0.20641685071889204,0.17296306533033362,0.532229165209954,0.3473370251411675,0.18489214006878654,0.18489214006878654
2019-01-08,1.051516183487606,0.009882134641884477,0.14011135163483096,0.09188793325507064,0.16549346453137992,0.0002573813977864506,23,0.2271856698228243,0.1595456991351559,0.48456706760927476,0.2573813977864506,0.22718566982282418,0.22718566982282418
2019-01-09,1.0608185399559453,0.008846612743026006,0.2817183049830956,0.2573569986857698,0.24659239579628622,0.000503949394482056,14,0.2845671997690423,0.14617666445595623,0.778787773250529,0.503949394482056,0.27483837876847295,0.27483837876847295
2019-01-10,1.0641454423173609,0.003136165362978671,0.24558617129574548,0.24084293242115595,0.24180665959441017,0.00048264959201556616,21,0.29206337382048053,0.15774211982600528,0.7501692910022255,0.4826495920155662,0.26751969898665934,0.26751969898665934
2019-01-11,1.0644295601493878,0.00026699154150233717,0.12289774521462922,0.11550150034724135,0.09934967725445051,0.00021485117760169185,13,0.32286699560117427,0.16723268313162087,0.5237322639057532,0.21485117760169184,0.30888108630406136,0.30888108630406136
2019-01-14,1.0596293676608715,-0.004509638465736265,0.11063214329813167,0.06875320946820275,0.07738308457112403,0.00014613629403932677,18,0.24915421597940224,0.15710889875370085,0.3952905100187291,0.14613629403932676,0.24915421597940232,0.24915421597940232
2019-01-15,1.069302310827763,0.009128609929191178,0.3791646839355392,0.1901341989235026,0.49674598290232813,0.0006868801818258307,12,0.17528158190285192,0.2562557948740582,0.8621617637286826,0.6868801818258307,0.17528158190285192,0.17528158190285192
2019-01-16,1.0635243549017561,-0.005403482128018777,0.2900275593592575,0.16451065792722608,0.3299902452363357,0.0004945009031635618,11,0.09059249505000289,0.21887876809747753,0.5782429101482807,0.49450090316356177,0.08374200698471883,0.08374200698471883
2019-01-17,1.0710798656847773,0.007104219802958056,0.1267104676209394,0.13806505244261957,0.10436301482916047,0.00024242806727178007,9,0.07893877078744604,0.22930782002908634,0.29200170999023,0.24242806727178007,0.049573642718449926,0.049573642718449926
2019-01-18,1.0733120843897008,0.0020840824073342645,0.25382502300263166,0.2331724362260985,0.2257072239722005,0.000458879660198299,11,0.029968064165797337,0.20215680381432882,0.4888477243640963,0.458879660198299,0.02996806416579727,0.02996806416579727
2019-01-22,1.0617140521985668,-0.010805833978594137,0.27441761862345077,0.17928933456291724,0.36469920763234615,0.0005439885421952634,10,0.025432256150355936,0.2421425825807424,0.5439885421952634,0.5439885421952634,0.0,0.0
2019-01-23,1.0656584781107679,0.0037151490121403175,0.30862650980356227,0.38921053146035717,0.0860664641882696,0.0004752769956486268,8,0.16730210258656153,0.2647646444800786,0.6425790982351884,0.4752769956486268,0.16730210258656159,0.16730210258656159
2019-01-24,1.0792035606149255,0.012710528543976585,0.24612626427082646,0.3051045579096803,0.17684654710042344,0.0004819511050101037,12,0.15482125115197742,0.26780423866428554,0.636772356162081,0.4819511050101037,0.1548212511519773,0.1548212511519773
2019-01-25,1.0932256471474537,0.012992995060670864,0.29907841112387645,0.13479089185470272,0.45167098062588557,0.0005864618724805884,8,0.141050878827494,0.2681874223959972,0.7275127513080825,0.5864618724805883,0.14105087882749412,0.14105087882749412
2019-01-28,1.087468143680445,-0.005266527987183411,0.3887626159408163,0.3379443524607852,0.2996925374503454,0.0006376368899111306,13,0.0018189027837822724,0.1673191133591271,0.6376368899111305,0.6376368899111305,0.0,0.0
2019-01-29,1.0883145619002697,0.0007783384044337538,0.3847831349187448,0.464466931799991,0.30328324525141204,0.000767750177051403,8,0.0,0.2514792112806083,0.767750177051403,0.767750177051403,0.0,0.0
2019-01-30,1.1087897079931088,0.018813628715109942,0.37392277492723835,0.4480633378627447,0.2735938108486803,0.0007216571487114251,10,0.026188401143051654,0.24107454922470334,0.7216571487114251,0.7216571487114251,0.0,0.0
2019-01-31,1.1190221504795888,0.009228478955671804,0.2815086616677753,0.4015723874789018,0.13550994059900234,0.0005370823280779042,10,0.0,0.22614959568620946,0.5370823280779041,0.5370823280779041,0.0,0.0
2019-02-01,1.1266647234083844,0.006829688693400948,0.3337149340053254,0.1250269380600373,0.5300588327365685,0.0006550857707966058,13,0.012344097214045058,0.24341951268426654,0.6550857707966058,0.6550857707966058,0.0,0.0
2019-02-04,1.137835606409169,0.0099150020131904,0.1776950557002675,0.011991217691011972,0.33118018119575954,0.00034317139888677157,11,1.1102230246251565e-16,0.25106849496167677,0.34317139888677156,0.34317139888677156,0.0,2.185751579730777e-16
2019-02-05,1.1488541961724499,0.009683815220068448,0.3268723510140166,0.19006651297827176,0.4407880033207268,0.0006308545162989986,7,0.022890185729034784,0.36653671796054266,0.6308545162989986,0.6308545162989986,0.0,0.0
2019-02-06,1.1304153513953166,-0.016049769273215553,0.030537617092867765,0.0065499283687029276,0.03126262496399897,3.781255333270189e-05,7,1.1102230246251565e-16,0.3811040309008019,0.03781255333270189,0.03781255333270189,0.0,0.0
2019-02-07,1.1327312439966486,0.002048709439829821,0.46184196987217585,0.2110222554493116,0.7119006050540825,0.000922922860503394,8,0.0007610792409578071,0.2637872191616004,0.922922860503394,0.922922860503394,0.0,0.0
2019-02-08,1.1299706421286277,-0.00243711991052753,0.2924080102715386,0.4090911113110075,0.17496241621521447,0.000584053527526222,8,1.1102230246251565e-16,0.2593554533291067,0.584053527526222,0.584053527526222,0.0,0.0
2019-02-11,1.1252617363593043,-0.004167281514900978,0.12531757406431804,0.058970441828761974,0.17720416182019627,0.00023617460364895826,9,0.014460544479677928,0.2697214295846503,0.23617460364895826,0.23617460364895826,0.0,0.0
2019-02-12,1.1190215332280242,-0.005545557028776016,0.4741883929352036,0.24002178462716747,0.6938273970737779,0.0009338491817009454,6,0.0,0.4394778466751277,0.9338491817009453,0.9338491817009453,0.0,0.0
2019-02-13,1.1188042633338142,-0.00019416060170285299,0.32279178960117794,0.026945832419217858,0.6100654826221862,0.000637011315041404,7,0.008572264160951804,0.2636433578907398,0.6370113150414041,0.6370113150414041,0.0,0.0
2019-02-14,1.1255648512712693,0.0060426905393708985,0.24690173470395302,0.026242756587704835,0.45904407209050324,0.00048528682867820806,8,0.0,0.47616264051139395,0.48528682867820805,0.48528682867820805,0.0,0.0
2019-02-15,1.1326599362578968,0.006303577247116499,0.16583759737675943,0.14189555061522086,0.18977964413829804,0.0003316751947535189,8,0.0,0.4516419470178758,0.33167519475351886,0.33167519475351886,0.0,0.0
2019-02-19,1.153719978098551,0.018593437594546458,0.034671922393780655,0.022651446838487795,0.046692397949073525,6.93438447875613e-05,9,0.0,0.4561778237075853,0.06934384478756131,0.06934384478756131,0.0,0.0
2019-02-20,1.15677041498477,0.002644001095696069,0.18216151438689965,0.1693515437115191,0.19443703509160026,0.00036378857880311935,8,0.0005344499706799732,0.48465858503044795,0.3637885788031193,0.3637885788031193,0.0,0.0
2019-02-21,1.1553980123898577,-0.0011864087956729996,0.44751114347103654,0.11309798943850961,0.7633497118065986,0.0008764477012451083,10,0.019109201523115016,0.24639066906274232,0.8764477012451083,0.8764477012451083,0.0,0.0
2019-02-22,1.1671865668832018,0.010203024729945831,0.1397294079835023,0.09003185998478654,0.17051568547531232,0.0002605475454600989,9,1.1102230246251565e-16,0.21932322841892854,0.2605475454600989,0.2605475454600989,0.0,0.0
2019-02-25,1.1623297860534134,-0.004161100690832753,0.18273083374506574,0.12160408603243031,0.2396868849208361,0.0003612909709532664,8,0.004170696536865193,0.273392672858868,0.3612909709532664,0.3612909709532664,0.0,0.0
2019-02-26,1.1615096809304328,-0.0007055700824506461,0.8767785540293976,1.1858914255271922,0.34333645771738086,0.001529227883244573,4,0.22849648369884556,0.5116722971529816,1.7577243669434186,1.529227883244573,0.22849648369884562,0.22849648369884562
2019-02-27,1.1434628901400257,-0.015537357188405654,0.02238615926190976,0.0,0.04465088875103154,4.4650888751031544e-05,4,0.2319709536164103,0.4881603951822192,0.2766218423674419,0.04465088875103154,0.23197095361641035,0.23197095361641035
2019-02-28,1.1474619203478889,0.003497297763090046,0.6093148051227847,0.3180621604142393,0.6696332584939118,0.0009876954189081512,6,0.0,0.3579361417823312,0.9876954189081512,0.9876954189081512,0.0,0.0
2019-03-01,1.1466942056800624,-0.0006690545927604541,0.3109336467713845,0.3763690217186386,0.2454982718241304,0.0006218672935427691,7,0.0,0.31111983459729764,0.621867293542769,0.621867293542769,0.0,0.0
2019-03-04,1.14105893341359,-0.004914363601523752,0.25788463631601743,0.3076961624286317,0.20807311020340324,0.0005157692726320349,7,0.0,0.3309993994531214,0.5157692726320349,0.5157692726320349,0.0,0.0
2019-03-05,1.1418924907363182,0.0007305120693761324,0.289040703493896,0.20426466613443933,0.3738167408533527,0.000578081406987792,8,0.0,0.3404558808886887,0.578081406987792,0.578081406987792,0.0,0.0
2019-03-06,1.1226448609958606,-0.01685590359565836,0.22258226551853416,0.07448066152297754,0.36227746281414774,0.00043675812433712527,8,0.008406406699943081,0.3569394251263508,0.43675812433712524,0.43675812433712524,0.0,0.0
2019-03-07,1.121650208733123,-0.0008859901267932457,0.22568103177967444,0.24519065999802211,0.19776126919943943,0.0004429519291974615,7,0.0,0.30794825240554824,0.4429519291974615,0.4429519291974615,0.0,0.0
2019-03-08,1.1164815843482812,-0.0046080536914264725,0.2122967623836428,0.2004680924477598,0.2241254323195258,0.00042459352476728563,8,0.0,0.28049139766026265,0.4245935247672856,0.4245935247672856,0.0,0.0
2019-03-11,1.128268801766336,0.010557466941951699,0.388967516587591,0.23178586049590802,0.5287636863236838,0.0007605495468195919,5,0.01738548635559012,0.3749970315577496,0.7605495468195919,0.7605495468195919,0.0,0.0
2019-03-12,1.1388125483307499,0.009345066129549329,0.2716395999778653,0.011915876046412175,0.530701930729829,0.0005426178067762412,6,0.016553782546037787,0.2748498502697614,0.5426178067762412,0.5426178067762412,0.0,0.0
2019-03-13,1.15919916788985,0.017901646402634253,0.33915571831575114,0.3509228133483516,0.3111367358687904,0.000662059549217142,7,0.0,0.2358097402209228,0.662059549217142,0.662059549217142,0.0,0.0
2019-03-14,1.147132776086415,-0.01040924815827815,0.07046279600464506,0.0,0.1398649769278839,0.0001398649769278839,7,0.001060615081406202,0.21777363721432805,0.1398649769278839,0.1398649769278839,0.0,0.0
2019-03-15,1.1556422269157258,0.007418017344375638,0.11205936636923565,0.04988899520199712,0.17317716702868674,0.00022306616223068384,9,0.0,0.2453061933266297,0.22306616223068385,0.22306616223068385,0.0,0.0
2019-03-18,1.164569602193813,0.007725033812508997,0.310305459555471,0.00937959153186257,0.6112313275790795,0.000620610919110942,8,0.0,0.3141029617785052,0.620610919110942,0.620610919110942,0.0,0.0
2019-03-19,1.1735302733360016,0.007694405834832496,0.257218562473461,0.257218562473461,0.2449732480791914,0.0005021918105526524,6,0.012245314394269569,0.365165483370726,0.5021918105526524,0.5021918105526524,0.0,0.0
2019-03-20,1.1781120417265367,0.00390426092503815,0.19528462173408762,0.07954776420202675,0.29882840315761405,0.0003783761673596409,7,0.0,0.3001673432768858,0.37837616735964086,0.37837616735964086,0.0,0.0
2019-03-21,1.1986071240501857,0.017396547694744857,0.1443152138383341,0.0652855491352509,0.1907457944334158,0.0002560313435686667,6,0.0325990841080015,0.32962075517510736,0.2560313435686667,0.2560313435686667,0.0,0.0
2019-03-22,1.179653867078571,-0.01581273512505932,0.12626412424208516,0.08767644233689448,0.14728139634377665,0.00023495783868067113,5,0.05068547424379943,0.3584988382922681,0.26259028079491614,0.23495783868067113,0.027632442114245013,0.027632442114245013
2019-03-25,1.1825264687087509,0.0024351224629084456,0.17846109681081587,0.07515806255778133,0.23121727338780634,0.0003063753359455877,4,0.0,0.41936535065521097,0.3063753359455877,0.3063753359455877,0.0,0.0
2019-03-26,1.1911242771690207,0.007270711216855963,0.11658224070540704,0.0,0.22773869054820856,0.00022773869054820855,4,0.0054257908626055285,0.5265186765794215,0.22773869054820856,0.22773869054820856,0.0,0.0
2019-03-27,1.169024576798725,-0.01855364783834368,0.04481948639373804,0.0,0.08411107563695902,8.411107563695903e-05,4,1.1102230246251565e-16,0.5134088303945048,0.08411107563695902,0.08411107563695902,0.0,0.0
2019-03-28,1.1766373562229238,0.006512078167805191,0.03167285450657162,0.0,0.0618139016419213,6.18139016419213e-05,4,0.0015318073712220492,0.5139786419106501,0.0618139016419213,0.0618139016419213,0.0,0.0
2019-03-29,1.1916604681417167,0.012767835254710924,0.03158723259662763,0.022655374202199298,0.040323788689011125,6.297916289121043e-05,4,0.0013170985127883839,0.5055741758803094,0.06297916289121043,0.06297916289121043,0.0,0.0
2019-04-01,1.197463183879124,0.004869437136281185,0.1487923443605494,0.10798597301860657,0.18828838797074188,0.00029627436098934846,5,1.1102230246251565e-16,0.45541930843005507,0.29627436098934845,0.29627436098934845,0.0,0.0
2019-04-02,1.201845544576884,0.0036597039113666074,0.17783465061446127,0.15093774869700186,0.1845096230089024,0.0003354473717059043,3,0.020221929523018378,0.5117467959482129,0.3354473717059043,0.3354473717059043,0.0,0.0
2019-04-03,1.2152705109252333,0.011170292562906248,0.4601178148073202,0.6943206925906349,0.20593440083087997,0.0009002550934215149,3,0.0,0.4601178148073202,0.9002550934215149,0.9002550934215149,0.0,0.0
2019-04-04,1.194357350437254,-0.017208646387755544,0.46502968227621905,0.7547628593112379,0.16836402524194416,0.000923126884553182,5,0.006932479999256058,0.4102962199426443,0.923126884553182,0.923126884553182,0.0,0.0
2019-04-05,1.1995366547172188,0.004336477921007997,0.5005256510675162,0.4019932622608724,0.5827142438828598,0.000984707506143732,8,0.023239546256690335,0.34317055129275437,0.984707506143732,0.984707506143732,0.0,0.0
2019-04-08,1.2013570434558933,0.0015175765838548738,0.5114014246548625,0.20449615276308736,0.8119857493298086,0.0010164819020928961,4,0.01685979790568437,0.44974082188778797,1.0164819020928961,1.0164819020928961,0.0,0.0
2019-04-09,1.20656246249163,0.004332949196154345,0.04783257267300533,0.03501541048400575,0.04793401384432418,8.294942432832993e-05,5,0.004069946931027801,0.43916157889921503,0.08294942432832993,0.08294942432832993,0.0,0.0
2019-04-10,1.2220305643304197,0.012819976022498736,0.30943848848797983,0.41120101078967797,0.20366000621747055,0.0006148610170071486,5,0.0,0.32977617442149504,0.6148610170071486,0.6148610170071486,0.0,0.0
2019-04-11,1.220195535321666,-0.001501622841781458,0.35464108201268363,0.29614463639508115,0.4010969580952787,0.0006972415944903599,4,0.012040569535007428,0.4794702379121564,0.6972415944903598,0.6972415944903598,0.0,0.0
2019-04-12,1.2439992370645043,0.019508104278191052,0.7284388478383992,1.085102376349469,0.35998221062804503,0.0014450845869775142,7,0.0,0.34489622005091597,1.4450845869775142,1.4450845869775142,0.0,0.0
2019-04-15,1.2377052533089736,-0.005059475575228456,0.41436975652805746,0.4526139592523741,0.36731220512906515,0.0008199261643814391,5,0.008813348674675758,0.34277651017237776,0.8199261643814392,0.8199261643814392,0.0,0.0
2019-04-16,1.218917096941958,-0.015179830833541241,0.0050389006196057285,0.0,0.009393937605047586,9.393937605047587e-06,5,0.009632975521350007,0.33877616391633564,0.009393937605047586,0.009393937605047586,0.0,0.0
2019-04-17,1.180631018613538,-0.031409911653936806,0.34049036730322235,0.3268465538334632,0.34671045459456273,0.0006735570084280259,4,0.01736238576104321,0.47365919302295884,0.6735570084280259,0.6735570084280259,0.0,0.0
2019-04-18,1.1760628953642396,-0.0038692217782512195,0.11109854133703154,0.0,0.2047708261719251,0.0002047708261719251,4,1.1102230246251565e-16,0.4523478772824848,0.2047708261719251,0.2047708261719251,0.0,0.0
2019-04-22,1.1747394726603533,-0.0011252992583159482,0.08083073220633592,0.0,0.16166146441267173,0.00016166146441267174,4,0.0,0.47189684673175963,0.16166146441267173,0.16166146441267173,0.0,0.0
2019-04-23,1.1780181358362016,0.0027909704680506575,0.17198432110155026,0.01426000860327093,0.3297086335998296,0.00034396864220310054,5,0.0,0.4461277101848886,0.3439686422031005,0.3439686422031005,0.0,0.0
2019-04-24,1.1817404002587748,0.0031597683510458108,0.09003960277590901,0.023163500796686977,0.13669259682396928,0.00015985609762065626,5,0.020223107931161777,0.4459564700866915,0.15985609762065625,0.15985609762065625,0.0,0.0
2019-04-25,1.1734902901242115,-0.0069813218984108305,0.04904404980569789,0.00935812858985068,0.06836626936295015,7.772439795280083e-05,6,0.0,0.4248749215598665,0.07772439795280082,0.07772439795280082,0.0,0.0
2019-04-26,1.1732563011398385,-0.00019939575669447596,0.131463992699191,0.009530387217555485,0.236633479722406,0.0002461638669399615,5,0.01676411845842052,0.4693839902179142,0.24616386693996148,0.24616386693996148,0.0,0.0
2019-04-29,1.1667551594927577,-0.005541109509290432,0.5627070984461512,0.7759417189787458,0.33263363788714295,0.0011085753568658887,7,0.0,0.38852653828475864,1.1085753568658887,1.1085753568658887,0.0,0.0
2019-04-30,1.1760646016058034,0.007978916602428443,0.1656205557320036,0.06060999332156551,0.2613480380897931,0.00032195803141135866,6,0.009283080052648551,0.4120809057151583,0.32195803141135865,0.32195803141135865,0.0,0.0
2019-05-01,1.1655413218439246,-0.008947875607777211,0.44985309422898895,0.27649132940244564,0.6138563049936339,0.0008903476343960796,9,0.0,0.33970338262069677,0.8903476343960796,0.8903476343960796,0.0,0.0
2019-05-02,1.171533180311934,0.005140837442408452,0.39664825308607987,0.4578950128950081,0.33540149327715163,0.0007932965061721597,8,0.0,0.27246482387676857,0.7932965061721597,0.7932965061721597,0.0,0.0
2019-05-03,1.163286637174333,-0.007039103352928788,0.23667995133576,0.038196225972187255,0.4351636766993328,0.00047335990267152,8,0.0,0.30380464785917766,0.47335990267152,0.47335990267152,0.0,0.0
2019-05-06,1.1557045965096013,-0.006517775088647593,0.4214878249960558,0.4004626898077037,0.44055176006159535,0.0008410144498692991,8,0.001961200122812534,0.30594089534309643,0.8410144498692991,0.8410144498692991,0.0,0.0
2019-05-07,1.1309588808534954,-0.021411799979719426,0.622742828418905,0.5962962795573001,0.6471877575984766,0.0012434840371557767,8,0.0,0.40695630379786535,1.2434840371557767,1.2434840371557767,0.0,0.0
2019-05-08,1.1267461716960738,-0.0037249003732500174,0.2312688906492695,0.24092349961041862,0.2216142816881203,0.0004625377812985389,7,1.1102230246251565e-16,0.3856734473511503,0.4625377812985389,0.4625377812985389,0.0,2.393918396847994e-16
2019-05-09,1.125080573077431,-0.0014782376550129817,0.42418668903725015,0.45491581761985556,0.39345756045464453,0.0008483733780745002,10,0.0,0.3032067711808167,0.8483733780745002,0.8483733780745002,0.0,0.0
2019-05-10,1.1316114653595362,0.005804821839773933,0.07275947655656444,0.0,0.14551895311312887,0.00014551895311312887,10,0.0,0.3489743940808035,0.14551895311312887,0.14551895311312887,0.0,0.0
2019-05-13,1.0945734201657251,-0.032730355186038396,0.17060398776670013,0.12113096029962027,0.22007701523377987,0.00034120797553340016,11,1.1102230246251565e-16,0.3676442533743253,0.34120797553340015,0.34120797553340015,0.0,0.0
2019-05-14,1.1138242625276698,0.017587529540987745,0.23285226503185058,0.29797097347428536,0.1677335565894157,0.00046570453006370105,7,0.0,0.41321360507882243,0.46570453006370105,0.46570453006370105,0.0,0.0
2019-05-15,1.1135847963990697,-0.00021499453428730497,0.12982654362628762,0.12821657094410102,0.13143651630847422,0.00025965308725257527,8,0.0,0.4030260968636613,0.25965308725257524,0.25965308725257524,0.0,0.0
2019-05-16,1.1227773421082659,0.008254913086925608,0.16874910586900363,0.16874910586900366,0.1392913782789652,0.0003080404841479689,5,0.029457727590038396,0.4386709890876907,0.30804048414796886,0.30804048414796886,0.0,0.0
2019-05-17,1.121228955264001,-0.0013790684815188081,0.6289632297701746,0.43546926730234947,0.7929950220640677,0.001228464289366417,4,0.0,0.704427877752545,1.2284642893664173,1.228464289366417,0.0,1.8041124150158794e-16
2019-05-20,1.1171472384321932,-0.0036403954898280855,0.05803922302994053,0.008899655709278193,0.10683888973943535,0.00011573854544871355,5,0.0003399006111675096,0.7494420345076683,0.11573854544871355,0.11573854544871355,0.0,0.0
2019-05-21,1.1259882844632163,0.007913948785686076,0.7730809204963065,0.7270193281841751,0.808809240599111,0.0015358285687832862,11,0.01066998605529268,0.30768304664140883,1.5358285687832862,1.5358285687832862,0.0,0.0
2019-05-22,1.1202214729905533,-0.005121555483512119,0.43776704595909677,0.3377756104677925,0.5283489497167368,0.0008661245601845293,5,0.020125156920914544,0.31106996531349923,0.8661245601845293,0.8661245601845293,0.0,0.0
2019-05-23,1.0954649630181994,-0.022099656692228686,0.09498384825813663,0.0,0.18088645783448903,0.00018088645783448905,5,0.011495005810066794,0.3131281958507152,0.18088645783448903,0.18088645783448903,0.0,0.0
2019-05-24,1.0935872050707824,-0.0017141195846587243,0.3348477778696521,0.35784162286228033,0.3003467682901554,0.0006581883911524357,10,1.1102230246251565e-16,0.25035264663617024,0.6581883911524357,0.6581883911524357,0.0,0.0
2019-05-28,1.091337919560007,-0.002056795745548068,0.31286763431804365,0.16945500114476827,0.43858964933733197,0.0006080446504821002,8,0.017690618153987203,0.36264796774821195,0.6080446504821002,0.6080446504821002,0.0,0.0
2019-05-29,1.078230168170443,-0.01201071744565485,0.5990534087583648,0.3596061153452539,0.8206161566562116,0.0011802222720014655,6,0.0,0.6166138571320147,1.1802222720014655,1.1802222720014655,0.0,0.0
2019-05-30,1.0851966934875117,0.006461074381632015,0.45211856108894477,0.39021085669735067,0.5140262654805389,0.0009042371221778896,7,0.0,0.23660537359955633,0.9042371221778895,0.9042371221778895,0.0,0.0
2019-05-31,1.0664750066989457,-0.01725188336908756,0.22382619507959928,0.11313006510771036,0.33452232505148805,0.00044765239015919845,6,1.1102230246251565e-16,0.37809968836707303,0.44765239015919844,0.44765239015919844,0.0,0.0
2019-06-03,1.042031426555361,-0.022919974673616395,0.19677375579859438,0.33503021745200456,0.051164924227374085,0.0003861951416793787,6,0.0073523699178101865,0.38712105251226064,0.3861951416793787,0.3861951416793787,0.0,0.0
2019-06-04,1.0711569859446044,0.027950749513883322,0.5354654629440968,0.1255226532044129,0.9382634278821189,0.001063786081086532,6,0.0,0.6427607346014722,1.0637860810865318,1.0637860810865318,0.0,0.0
2019-06-05,1.0892082584674085,0.016852126027900205,0.49317221881253853,0.10837935099505618,0.8779650866300209,0.0009863444376250771,6,0.0,0.42877157299082946,0.9863444376250771,0.9863444376250771,0.0,0.0
2019-06-06,1.08178914880793,-0.006811470259982855,0.12620064072420803,0.0,0.23774784013409617,0.00023774784013409617,6,0.014653441314319893,0.3111461741757693,0.23774784013409617,0.23774784013409617,0.0,0.0
2019-06-07,1.1074066835209178,0.023680709629243957,0.05713935886910205,0.0,0.09996568405962503,9.996568405962505e-05,6,0.0,0.37149300088152976,0.09996568405962504,0.09996568405962504,0.0,0.0
2019-06-10,1.1165835527042958,0.008286810365096153,0.4996025688242971,0.4323405845978881,0.5467962307161296,0.0009791368153140177,5,0.02006832233457645,0.6114925448082167,0.9791368153140177,0.9791368153140177,0.0,0.0
2019-06-11,1.129134444196758,0.01124044095228216,0.3680286396921102,0.1289514267250029,0.6065761632659796,0.0007355275899909825,8,0.0203603456028828,0.40818365713453886,0.7355275899909826,0.7355275899909826,0.0,0.0
2019-06-12,1.1420951952078233,0.011478483432754816,0.3670767860311375,0.33172207631924644,0.3823165769757224,0.0007140386532949689,7,0.0,0.39762896906016815,0.7140386532949689,0.7140386532949689,0.0,0.0
2019-06-13,1.1342150835262157,-0.006899697778847358,0.3571812920687509,0.3996002904898726,0.3147622936476292,0.0007143625841375018,9,0.0,0.37130749802799223,0.7143625841375018,0.7143625841375018,0.0,0.0
2019-06-14,1.1393536129360484,0.004530471763659838,0.2619357279403391,0.19359875514311506,0.3302727007375632,0.0005238714558806782,9,0.0,0.29173786258678497,0.5238714558806782,0.5238714558806782,0.0,0.0
2019-06-17,1.1395939784996423,0.00021096660498098885,0.36289742859750734,0.33510538291459535,0.3906894742804193,0.0007257948571950146,6,1.1102230246251565e-16,0.4257473095622969,0.7257948571950146,0.7257948571950146,0.0,0.0
2019-06-18,1.149062888624016,0.008309020846916093,0.24315419393344515,0.0,0.443896426037342,0.000443896426037342,6,0.04241196182954843,0.5055500359305817,0.443896426037342,0.443896426037342,0.0,0.0
2019-06-19,1.157101602793388,0.006995887038870663,0.19726617399911142,0.22063612890725906,0.1496512236036587,0.00037028735251091777,7,0.017856722863458407,0.47086767924411754,0.37028735251091777,0.37028735251091777,0.0,0.0
2019-06-20,1.1654597890601108,0.007223381461528566,0.21823406343694085,0.1705242271989591,0.24407698980854237,0.00041460121700750155,11,0.03958822151675834,0.30830036588566195,0.4244354256552621,0.4146012170075015,0.00983420864776062,0.00983420864776062
2019-06-21,1.154927962091191,-0.009036628348553566,0.24105862935510358,0.24925091311015057,0.1929347827355939,0.00044218569584574446,9,0.0,0.22625243714815443,0.44218569584574446,0.44218569584574446,0.0,0.0
2019-06-24,1.1556106914661344,0.0005911445539055205,0.24470013768229407,0.1677400140909023,0.3216602612736858,0.0004894002753645882,13,0.0,0.29797364814473726,0.48940027536458813,0.48940027536458813,0.0,0.0
2019-06-25,1.1521639273353466,-0.0029826343389181,0.36567620335983436,0.1616535861092328,0.5696988206104356,0.0007313524067196686,13,1.1102230246251565e-16,0.16775259712310528,0.7313524067196686,0.7313524067196686,0.0,0.0
2019-06-26,1.1524271912185393,0.00022849516197021025,0.16227248087966498,0.03012643323744052,0.2944185285218893,0.00032454496175932985,13,0.0,0.1632875570782461,0.32454496175932984,0.32454496175932984,0.0,0.0
2019-06-27,1.1556092942914808,0.002761218320071812,0.13176588075516502,0.07803661955824868,0.18549514195208142,0.00026353176151033006,13,0.0,0.15605962928606001,0.26353176151033003,0.26353176151033003,0.0,0.0
2019-06-28,1.1668119972970248,0.009694196006282851,0.26141150036408106,0.12448340485534312,0.39833959587281903,0.0005228230007281622,14,0.0,0.24702738217697107,0.5228230007281621,0.5228230007281621,0.0,0.0
2019-07-01,1.1647176076042904,-0.0017949675676853794,0.3122842404534449,0.27930927085429463,0.3452592100525952,0.0006245684809068898,14,0.0,0.20838594954215262,0.6245684809068898,0.6245684809068898,0.0,0.0
2019-07-02,1.1775883584059657,0.011050533380489558,0.24256132832532554,0.1848392856311573,0.28724976806197156,0.00047208905369312885,15,0.013033602957522206,0.3115610402231497,0.47208905369312887,0.47208905369312887,0.0,0.0
2019-07-03,1.184709198539186,0.0060469688600348626,0.1907522010968405,0.026961698315762162,0.345700751458034,0.0003726624497737962,17,0.02179238736615552,0.34103335676324464,0.37266244977379615,0.37266244977379615,0.0,0.0
2019-07-05,1.1858104193225896,0.0009295283473458316,0.4764735438297317,0.33579096960025095,0.5987480463486669,0.0009345390159489178,40,0.003343730902231057,0.09872026277368288,0.9345390159489178,0.9345390159489178,0.0,0.0
2019-07-08,1.180954371731426,-0.0040951298049293205,0.126255482942023,0.12528211380906767,0.07681877926464145,0.00020210089307370912,40,0.05376687448013362,0.07934967083668935,0.20210089307370913,0.20210089307370913,0.0,0.0
2019-07-09,1.1879931131477421,0.005960214539022735,0.03465531236734895,0.012837031329054647,0.03955884217078487,5.239587349983952e-05,40,0.03653075937354777,0.07852673630240689,0.05239587349983952,0.05239587349983952,0.0,0.0
2019-07-10,1.1943309103282573,0.005334877037900032,0.13350114918379785,0.14006708985108812,0.09060668404212696,0.0002306737738932151,44,1.1102230246251565e-16,0.07758436618862405,0.23067377389321508,0.23067377389321508,0.0,0.0
2019-07-11,1.1966712798060093,0.0019595653579029815,0.02936243328521261,0.027088563132384537,0.02343542008421295,5.0523983216597485e-05,43,0.008200883353827848,0.0771176009282735,0.050523983216597484,0.050523983216597484,0.0,0.0
2019-07-12,1.2051919731760319,0.007120329127815239,0.029064624141969246,0.023563153866761204,0.026364744033390956,4.9927897900152164e-05,44,0.016343847028713387,0.07690260694176201,0.04992789790015216,0.04992789790015216,0.0,0.0
2019-07-15,1.2088655218368347,0.003048102495341043,0.03947263254554514,0.024057652167592355,0.038594453092347256,6.26521052599396e-05,46,0.0,0.07639439530525506,0.0626521052599396,0.0626521052599396,0.0,0.0
2019-07-16,1.205135527757565,-0.003085532684894532,0.02578809012993706,0.009319667232016384,0.04225651302785773,5.157618025987412e-05,46,0.0,0.07560146569224661,0.05157618025987412,0.05157618025987412,0.0,0.0
2019-07-17,1.199789349309712,-0.004436163671816096,0.02946475219276492,0.017657725966207554,0.035376189387052004,5.3033915353259565e-05,47,0.005895589032270276,0.07399742906566398,0.05303391535325956,0.05303391535325956,0.0,0.0
2019-07-18,1.2042573079647543,0.0037239525901882065,0.024562924403963307,0.013108477809328658,0.03552015470404994,4.86286325133786e-05,47,0.006370646257661372,0.08531881310995787,0.048628632513378595,0.048628632513378595,0.0,0.0
2019-07-19,1.1921350866854468,-0.010066138855154283,0.03715119944659681,0.03187170427999663,0.04207297169437709,7.394467597437371e-05,47,0.006792673204206734,0.08661953654565122,0.07394467597437371,0.07394467597437371,0.0,0.0
2019-07-22,1.1973437121773132,0.004369157111504984,0.07161203035089773,0.06209187999123959,0.07436997956638455,0.00013646185955762413,45,1.1102230246251565e-16,0.08507973451608997,0.13646185955762405,0.13646185955762413,0.0,2.198762005800603e-16
2019-07-23,1.203511551316118,0.0051512686591796975,0.05548873277272839,0.05243500194925603,0.03960677464583529,9.204177659509132e-05,45,0.01893568895036557,0.085305278185252,0.09204177659509132,0.09204177659509132,0.0,0.0
2019-07-24,1.2177784962976352,0.011854431281457467,0.42070429994029,0.4933187731322177,0.3395239761769989,0.0008328427493092166,47,0.01013241067473214,0.1748481662825206,0.8429751599839489,0.8328427493092166,0.010132410674732202,0.010132410674732202
2019-07-25,1.207109234426328,-0.008761250016932176,0.15561157023644806,0.13483592667860583,0.1698995664120178,0.00030473549309062366,47,0.016706500276937875,0.15742324545307515,0.3214419933675614,0.30473549309062364,0.016706500276937777,0.016706500276937777
2019-07-26,1.2142842998683079,0.005944006753779707,0.19625825649441098,0.16395569049327016,0.21195928211038048,0.0003759149726036506,48,0.0,0.13030274112244658,0.3759149726036506,0.3759149726036506,0.0,0.0
2019-07-29,1.2137732955956662,-0.0004208275382437954,0.39359284739779843,0.5314688882238675,0.14284519116251293,0.0006743140793863804,49,0.11287161540921653,0.0899052458458291,0.6833093381223613,0.6743140793863803,0.008995258735980975,0.008995258735980975
2019-07-30,1.2077225307777077,-0.004985086457178101,0.43094181218146005,0.5501944734159064,0.1983369529821131,0.0007485314263980196,46,1.1102230246251565e-16,0.16440084949383368,0.7485314263980196,0.7485314263980196,0.0,0.0
2019-07-31,1.2005305329370186,-0.005955008420732155,0.4201366411056904,0.5350537739147883,0.19536807513860704,0.0007304218490533954,50,0.10985143315798551,0.08892520637903958,0.7304218490533954,0.7304218490533954,0.0,0.0
2019-08-01,1.198377178337317,-0.0017936691659424797,0.15480422912456016,0.026918672254496942,0.20512129849914013,0.00023203997075363708,49,0.032454801119489285,0.08767020943278848,0.23203997075363708,0.23203997075363708,0.0,0.0
2019-08-02,1.1874631243532332,-0.009107361339462772,0.12307553559667064,0.12780359298684557,0.10276836601727504,0.00023057195900412058,50,0.048324655638082636,0.08957628548537487,0.25438929354012346,0.23057195900412059,0.02381733453600289,0.02381733453600289
2019-08-05,1.1475868518867096,-0.03358106171780506,0.28199307484508973,0.30971887406900855,0.2105703103118381,0.0005202891843808466,44,0.006280855829258858,0.07603514887303509,0.5202891843808466,0.5202891843808466,0.0,0.0
2019-08-06,1.1739727798185202,0.022992532450533343,0.31466607628353854,0.4271373522481447,0.11600346366310618,0.0005431408159112508,49,0.09232769077471892,0.07534528950064072,0.5670183084643993,0.5431408159112507,0.02387749255314855,0.02387749255314855
2019-08-07,1.1774409960420358,0.002954256080836659,0.333551540154822,0.4823248348845064,0.1340735497582213,0.0006163983846427278,44,0.04129429588811906,0.12174535817809981,0.6389582620800267,0.6163983846427278,0.02255987743729898,0.02255987743729898
2019-08-08,1.2087125860227286,0.026558944427629294,0.1855986450928447,0.21959590558543124,0.13876118324971726,0.0003583570888351485,44,0.053051723551513996,0.05693597594156547,0.37336895279203447,0.3583570888351485,0.015011863956886017,0.015011863956886017
2019-08-09,1.1988752266032454,-0.008138708517839599,0.20172349954473612,0.1810110523602167,0.17937091552728604,0.0003603819678875027,47,0.01040273200485231,0.06945667899934686,0.3707846998923551,0.36038196788750265,0.010402732004852392,0.010402732004852392
2019-08-12,1.1831431998273096,-0.013122322012198984,0.05319613954428102,0.03356733932932714,0.07235104278532925,0.0001059183821146564,46,0.010066041659134717,0.06902215806148528,0.11598442377379126,0.1059183821146564,0.010066041659134868,0.010066041659134868
2019-08-13,1.2017716643940106,0.015744894252377906,0.07040866093503263,0.02110949789522995,0.09392377287036147,0.00011503327076559141,48,0.03569292072950614,0.07253411543067396,0.1254786782372677,0.1150332707655914,0.010445407471676282,0.010445407471676282
2019-08-14,1.1666253216365519,-0.029245441375239323,0.08131518215019057,0.07968251296901602,0.05729028227448474,0.0001369727952435008,48,0.011105618355745972,0.07142025328209935,0.14807841359924664,0.13697279524350078,0.011105618355745861,0.011105618355745861
2019-08-15,1.1699615384601867,0.002859715764573556,0.09211945775701835,0.08975947619098706,0.08340740695811971,0.0001731668831491068,50,1.1102230246251565e-16,0.0711808660773821,0.1731668831491068,0.1731668831491068,0.0,0.0
2019-08-16,1.1829294335111,0.01108403535041047,0.09537234225983432,0.0920134781585471,0.038833647881248795,0.00013084712603979589,48,0.05989755847987288,0.05178504507668126,0.13084712603979587,0.13084712603979587,0.0,0.0
2019-08-19,1.1932948943348929,0.008762535219896117,0.056589081036665226,0.05549028362626458,0.03946724360209898,9.495752722836357e-05,47,0.07759225964740568,0.05203965397547175,0.10560665726509352,0.09495752722836356,0.010649130036729954,0.010649130036729954
2019-08-20,1.1899051604531552,-0.0028406506202534043,0.08655794591139257,0.07106213100150251,0.04892778494204546,0.00011998991594354798,48,0.024677987355877562,0.057880351235146135,0.13428388259440902,0.11998991594354798,0.014293966650861047,0.014293966650861047
2019-08-21,1.2037601063890253,0.011643739683079968,0.02386858405909567,0.015372196516172727,0.020561389496405066,3.593358601257779e-05,49,0.012589491878145731,0.05763641126410664,0.04852307789072358,0.03593358601257779,0.012589491878145788,0.012589491878145788
2019-08-22,1.2022800106930915,-0.0012295603485097395,0.027153950222405326,0.0,0.05114348359536071,5.114348359536071e-05,49,0.015768762660953062,0.05605751664539357,0.06532950859499731,0.05114348359536071,0.014186024999636594,0.014186024999636594
2019-08-23,1.1729467634269355,-0.024398016273468603,0.6563218566313659,0.8328763511653158,0.4744933611968085,0.0013073697123621242,13,0.02141598023330127,0.17825527911758954,1.3073697123621242,1.3073697123621242,0.0,0.0
2019-08-26,1.1915345180265577,0.01584705732536018,0.3368742851947967,0.236999416435962,0.41568101944691005,0.0006526804358828721,13,0.0,0.16957323222353302,0.6526804358828721,0.6526804358828721,0.0,0.0
2019-08-27,1.1969913565239862,0.0045796730307623434,0.278280829780442,0.32464223350805793,0.16566939790558394,0.000490311631413642,14,0.06625002814724212,0.21641601733680046,0.556561659560884,0.4903116314136419,0.06625002814724207,0.06625002814724207
2019-08-28,1.1839345413996039,-0.010908027909490414,0.38817919270167645,0.2552655865565996,0.5181310040629038,0.0007733965906195034,17,0.06396705760732824,0.2366035662652637,0.8258303924870649,0.7733965906195034,0.052433801867561546,0.052433801867561546
2019-08-29,1.1896568491633603,0.0048332974194602585,0.3848909820258086,0.3880411136042895,0.354721513292105,0.0007427626268963945,10,0.036592751966165404,0.20099605711715335,0.7793553788625599,0.7427626268963945,0.036592751966165384,0.036592751966165384
2019-08-30,1.1857601458638793,-0.0032754851133933727,0.38962763550385937,0.3558663881954522,0.3003325610520299,0.0006561989492474821,13,0.15974523559209453,0.18558892040221978,0.8159441848395765,0.6561989492474821,0.15974523559209444,0.15974523559209444
2019-09-03,1.1736424636583285,-0.010219336724901162,0.1532411460714723,0.12980537304565387,0.13039002192255056,0.0002601953949682044,10,0.11506568986103771,0.16270379542082228,0.33457668494347315,0.26019539496820443,0.07438128997526869,0.07438128997526869
2019-09-04,1.1769083504244782,0.00278269308352197,0.21346051221154877,0.2693829008677733,0.04282756269098193,0.00031221046355875523,13,0.0,0.16035442966750335,0.3122104635587552,0.3122104635587552,0.0,0.0
2019-09-05,1.1839741946800009,0.006003733640749687,0.13759484668371372,0.07311129788688758,0.12112271484007764,0.00019423401272696523,15,0.08095568064046221,0.1514339715856692,0.27518969336742743,0.19423401272696522,0.08095568064046224,0.08095568064046224
2019-09-06,1.178190876388576,-0.0048846658292142076,0.42342059819679834,0.22584763173614072,0.39588381615818047,0.0006217314478943213,9,0.3064122319097432,0.21578422102532602,0.9281436798040643,0.6217314478943212,0.3064122319097431,0.3064122319097431
2019-09-09,1.1743702795584614,-0.00324276558805614,0.12263448540234638,0.063075066001931,0.1685361972002858,0.00023161126320221678,6,0.29368018051065314,0.2793790331636981,0.5233115989662345,0.23161126320221678,0.2917003357640177,0.2917003357640177
2019-09-10,1.1595596356413307,-0.012611562277188404,0.6686342762080446,0.6140574080695766,0.5495255967299211,0.0011635830047994978,41,0.12339961971662483,0.05676235579166233,1.1748805163048686,1.1635830047994977,0.01129751150537072,0.01129751150537072
2019-09-11,1.1683868763863536,0.007612580218990361,0.06937697087201505,0.04930097163267677,0.06137007716885344,0.00011067104880153021,44,0.09437088083280654,0.05574142322751942,0.11776216047557457,0.11067104880153021,0.007091111674044364,0.007091111674044364
2019-09-12,1.1725917520809506,0.0035988727531774956,0.13244701071856957,0.12358116323713693,0.056223466561964294,0.00017980462979910123,48,0.00892617082734537,0.07378981037034722,0.18873080062644662,0.17980462979910122,0.008926170827345396,0.008926170827345396
2019-09-13,1.1670606388711837,-0.004716998222058955,0.10368720905314012,0.12239627390189069,0.022611406956533853,0.00014500768085842452,47,0.07133391185856608,0.05077010285583257,0.15325691088164467,0.14500768085842453,0.008249230023220123,0.008249230023220123
2019-09-16,1.169694245648705,0.0022566152004479534,0.06031277593358368,0.0570356572805173,0.03931254263483608,9.634819991535338e-05,48,0.046889091734168,0.05108617975098935,0.10298731304755845,0.09634819991535337,0.00663911313220508,0.00663911313220508
2019-09-17,1.1799199378654068,0.008742192461612674,0.07244050131694504,0.0644743750493133,0.06182705936777223,0.00012630143441708552,47,0.027897291703385174,0.06722985965917741,0.13321509726558978,0.12630143441708552,0.006913662848504237,0.006913662848504237
2019-09-18,1.1774638368757215,-0.0020815827505454854,0.09616635492565101,0.10227001562193458,0.07197813139746423,0.00017424814701939883,47,0.009866049332243887,0.08400904897842441,0.18411419635164272,0.17424814701939884,0.009866049332243887,0.009866049332243887
2019-09-19,1.1790307288892043,0.00133073472357359,0.06116381467875486,0.06665769177682543,0.05560346094471009,0.00012226115272153553,47,0.009918209690391033,0.08013593568200941,0.1321793624119267,0.12226115272153552,0.009918209690391182,0.009918209690391182
2019-09-20,1.1731859249965357,-0.004957295640780401,0.017062510614900158,0.004343854429968674,0.02703490429575892,3.1378758725727594e-05,48,0.007221046864492542,0.08012445269217547,0.038599805590220214,0.031378758725727596,0.007221046864492615,0.007221046864492615
2019-09-23,1.1719033335740587,-0.001093255037542984,0.04216339550602811,0.03896201918754342,0.04477476019832826,8.373677938587168e-05,50,0.00663833299527028,0.0789622041162139,0.09037511238114208,0.08373677938587168,0.006638332995270398,0.006638332995270398
2019-09-24,1.1590361809414043,-0.010979704779414123,0.5907610916443634,0.5997982995581547,0.50394701212759,0.0011037453116857449,17,0.08448149232552293,0.18234275806790748,1.1882268040112676,1.1037453116857447,0.08448149232552284,0.08448149232552284
2019-09-25,1.1636852943744125,0.004011189218642075,0.08282832943415516,0.039388909136536365,0.10668467858306142,0.0001460735877195978,13,0.06454861255949396,0.19492194648356054,0.21062220027909168,0.1460735877195978,0.06454861255949389,0.06454861255949389
2019-09-26,1.1631777902686455,-0.0004361180021955624,0.044790851916220696,0.014275838856990122,0.07000850952749517,8.428434838448529e-05,12,0.05927397739446749,0.2092908877250669,0.14355832577895272,0.08428434838448529,0.05927397739446742,0.05927397739446742
2019-09-27,1.1489146064745217,-0.012262255962460888,0.06122420798761458,0.011551422476190109,0.10804834914208986,0.00011959977161827995,13,0.06285130052562526,0.21553877957981551,0.1824510721439052,0.11959977161827995,0.06285130052562526,0.06285130052562526
2019-09-30,1.1555713281917142,0.005793922089317727,0.08101900967624753,0.06089745997469356,0.08287995968806885,0.00014377741966276243,11,0.04421965849006637,0.22434173736478627,0.1879970781528287,0.14377741966276242,0.04421965849006628,0.04421965849006628
2019-10-01,1.1419433184941952,-0.01179330895899322,0.18975966438243383,0.001827189760804434,0.3333753562487388,0.00033520254600954324,12,0.0890491614658856,0.21866452656065466,0.4242517074754289,0.33520254600954325,0.08904916146588565,0.08904916146588565
2019-10-02,1.1224301503138607,-0.01708768540812089,0.45294431311552485,0.2687914559948151,0.5623037625821332,0.0008310952185769482,9,0.015728556322427756,0.33879073972675294,0.8310952185769482,0.8310952185769482,0.0,0.0
2019-10-03,1.129556671621927,0.006349189128671773,0.22815922523897525,0.11032300778078193,0.3232811260180463,0.0004336041337988282,10,0.03833686253619206,0.2874526155336994,0.43360413379882823,0.43360413379882823,0.0,0.0
2019-10-04,1.144097211293328,0.012872784550528538,0.21818791202450485,0.22646372968857292,0.18420466829271964,0.00041066839798129255,8,0.012126662657725329,0.20977127889750224,0.41066839798129257,0.41066839798129257,0.0,0.0
2019-10-07,1.1440637633083766,-2.9235264819571505e-05,0.12637990336859803,0.0,0.24271541827702683,0.00024271541827702688,8,0.02216846224040292,0.20092788522099386,0.26488388051742984,0.24271541827702686,0.022168462240402968,0.022168462240402968
2019-10-08,1.1304028626514482,-0.01194068118845415,0.27413798976477527,0.2399881188519854,0.20666041395549312,0.0004466485328074786,10,0.12405379330612254,0.212440958513108,0.5555698747669007,0.44664853280747857,0.10892134195942216,0.10892134195942216
2019-10-09,1.1448337731062124,0.012766165879052549,0.41418456431913264,0.38021026602512187,0.34316880439828196,0.0007233790704234038,10,0.01741139985600615,0.27413959368572727,0.7233790704234038,0.7233790704234038,0.0,0.0
2019-10-10,1.1449275410582023,8.190529856189066e-05,0.18224945875708454,0.04986675053100981,0.23948778072895138,0.0002893545312599612,7,0.09254932248627157,0.2766427209485755,0.3597413341450623,0.2893545312599612,0.07038680288510112,0.07038680288510112
2019-10-11,1.1632542471412342,0.016006869802514645,0.053216335726850354,0.017988168945566863,0.0667712840373398,8.475945298290666e-05,8,0.06941029760258777,0.2875108180434512,0.1321687616399606,0.08475945298290666,0.04740930865705396,0.04740930865705396
2019-10-14,1.1602622658190707,-0.002572078571401293,0.18487162275552266,0.0,0.36073347547216295,0.0003607334754721629,8,0.07857395356937824,0.2652836129985391,0.38533546741136243,0.3607334754721629,0.024601991939199524,0.024601991939199524
2019-10-15,1.167389946551492,0.006143163440198274,0.07818140012124922,0.09970001942984713,0.05636542210293453,0.00015606544153278165,10,0.07837937898802771,0.2560333049680341,0.15606544153278165,0.15606544153278165,0.0,0.0
2019-10-16,1.160094816886118,-0.006249094132533939,0.31085690291531864,0.10547647914038702,0.44691114703534324,0.0005523876261757302,9,0.009502511445048434,0.2389912991268311,0.5523876261757302,0.5523876261757302,0.0,0.0
2019-10-17,1.1669587595108344,0.005916708293844719,0.20477401823903274,0.12559667339010994,0.2745085241704669,0.0004001051975605768,9,1.1102230246251565e-16,0.2504614514621747,0.4001051975605768,0.4001051975605768,0.0,0.0
2019-10-18,1.1580383006075834,-0.0076441937905246116,0.10254132342615678,0.01708805311103688,0.18799459374127656,0.00020508264685231345,10,0.0,0.2816913721530942,0.20508264685231345,0.20508264685231345,0.0,0.0
2019-10-21,1.1596616636710237,0.0014018215654771904,0.2011431233157559,0.12319730734411852,0.27064730199310505,0.00039384460933722355,6,0.008441637294288262,0.2964524807169787,0.39384460933722354,0.39384460933722354,0.0,0.0
2019-10-22,1.15395794791456,-0.004918430896825532,0.29179994024640277,0.2917999402464028,0.2833214570848107,0.0005751213973312136,9,0.0,0.20915523479821194,0.5751213973312136,0.5751213973312136,0.0,0.0
2019-10-23,1.1542480857253767,0.000251428408930332,0.27979284145078365,0.22544985317016664,0.33413582973140066,0.0005595856829015674,13,0.0,0.24071592013007537,0.5595856829015673,0.5595856829015673,0.0,0.0
2019-10-24,1.1657629897040827,0.009976108361028357,0.21299753465621638,0.19224871101166194,0.22327008846311097,0.0004155187994747729,9,0.010476269837659813,0.26216573526562786,0.41551879947477294,0.41551879947477294,0.0,0.0
2019-10-25,1.1680656498909818,0.0019752387125309134,0.2541249735918755,0.1367609592688692,0.35081639100349515,0.0004875773502723644,14,0.031123116486327818,0.2426571511880536,0.4875773502723644,0.4875773502723644,0.0,0.0
2019-10-28,1.1654333768855951,-0.0022535317305429903,0.17935630489936524,0.12287550071889172,0.21986339711582709,0.00034273889783471883,11,0.015209008670068025,0.2403206749208427,0.34273889783471884,0.34273889783471884,0.0,0.0
2019-10-29,1.1580481462347876,-0.006336896468971176,0.21914278790080285,0.07614309910586793,0.3620567180876236,0.0004381998171934915,9,0.015385052736301974,0.21158638867853252,0.4381998171934915,0.4381998171934915,0.0,0.0
2019-10-30,1.170209659637322,0.010501733837298133,0.16716633625366373,0.03965247540131289,0.29368812125906285,0.00033334059666037573,8,0.014228011124338469,0.2681180380726681,0.33334059666037574,0.33334059666037574,0.0,0.0
2019-10-31,1.1700985180969166,-9.497575027694882e-05,0.3084954948688217,0.27658667189912967,0.3261835323055707,0.0006027702042047003,10,0.0,0.23044309634496637,0.6027702042047003,0.6027702042047003,0.0,0.0
2019-11-01,1.1647930114334897,-0.0045342392810273635,0.46924859442933137,0.06694853336721485,0.8715486554914477,0.0009384971888586626,11,1.1102230246251565e-16,0.36435507419134994,0.9384971888586626,0.9384971888586626,0.0,1.8257964584655895e-16
2019-11-04,1.1570425067456174,-0.006653975952632063,0.623219836245003,0.1278300072723277,1.1046968224076208,0.0012325268296799487,11,0.013912842810057224,0.2664040347293055,1.2325268296799488,1.2325268296799488,0.0,0.0
2019-11-05,1.152010695224293,-0.004348856236472409,0.2604418890382638,0.09379104552622806,0.40989045725083456,0.0005036815027770626,11,0.031168849089476702,0.2451375321653949,0.5036815027770626,0.5036815027770626,0.0,0.0
2019-11-06,1.1563017218261242,0.003724814899392692,0.19636800743047425,0.2507469068867419,0.13185170157510923,0.0003825986084618511,9,0.041178707230451916,0.26798097027558704,0.3825986084618511,0.3825986084618511,0.0,0.0
2019-11-07,1.1429962895667305,-0.011506886142468753,0.4734955102131906,0.2037041838305528,0.7016664907787944,0.0009053706746093473,10,0.0,0.27932694499810135,0.9053706746093473,0.9053706746093473,0.0,0.0
2019-11-08,1.1423596667098073,-0.0005569771859579298,0.2044091902426282,0.17289312986056887,0.23592525062468755,0.00040881838048525645,11,0.0,0.3375755013556961,0.4088183804852564,0.4088183804852564,0.0,0.0
2019-11-11,1.1464865289575588,0.0036125769913057937,0.40220862701846644,0.41873249691582004,0.38568475712111283,0.0008044172540369329,10,0.0,0.17399398818964806,0.8044172540369329,0.8044172540369329,0.0,0.0
2019-11-12,1.1608968441060823,0.012569109871378936,0.44252174533698585,0.4880394930782248,0.3867186330599532,0.0008747581261381779,10,0.010285364535793762,0.3597149120496931,0.8747581261381779,0.8747581261381779,0.0,0.0
2019-11-13,1.1579336641687463,-0.002552492025781783,0.23417094728974716,0.1875656418840806,0.2704692907777677,0.0004580349326618483,9,0.0,0.20924757095352298,0.4580349326618483,0.4580349326618483,0.0,0.0
2019-11-14,1.160278748184408,0.0020252317453306468,0.2589899121432398,0.29199124124535425,0.2259885830411252,0.0005179798242864795,11,1.1102230246251565e-16,0.3213298024059772,0.5179798242864795,0.5179798242864795,0.0,0.0
2019-11-15,1.165267468354574,0.004299587644755576,0.32608944698999043,0.29998527138254455,0.35219362259743625,0.0006521788939799808,9,0.0,0.25176246711527267,0.6521788939799807,0.6521788939799807,0.0,0.0
2019-11-18,1.1701188663231923,0.004163334256184648,0.3486712162428971,0.5051686356988957,0.18918935624734112,0.0006943579919462368,10,0.002984440539557376,0.20903376347917696,0.6943579919462368,0.6943579919462368,0.0,0.0
2019-11-19,1.1731660612757835,0.0026041755588184223,0.10955472686154775,0.05285974878443571,0.16327365958099077,0.0002161334083654265,11,1.1102230246251565e-16,0.2063859031061637,0.2161334083654265,0.2161334083654265,0.0,0.0
2019-11-20,1.174004166787414,0.00071439631548742,0.05630386437607364,0.02289667095071345,0.08971105780143383,0.00011260772875214728,10,1.1102230246251565e-16,0.2052813363603326,0.11260772875214728,0.11260772875214728,0.0,0.0
2019-11-21,1.1717313259303537,-0.001935973415903347,0.5561021641408386,0.5538514005700343,0.5583529277116427,0.001112204328281677,43,0.0,0.07001611922135909,1.112204328281677,1.112204328281677,0.0,0.0
2019-11-22,1.1684029047911093,-0.0028406009684870392,0.12276605444574065,0.12017446777090629,0.1253576411205749,0.0002455321088914812,47,1.1102230246251565e-16,0.0653598883872804,0.2455321088914812,0.2455321088914812,0.0,0.0
2019-11-25,1.1791346942545122,0.009185007517010124,0.6409809170868781,0.6200567062301251,0.6448104220524495,0.0012648671282825747,11,0.01709470589118156,0.2110149327435649,1.2648671282825747,1.2648671282825747,0.0,0.0
2019-11-26,1.1847702366516848,0.00477938816034551,0.5365300885575955,0.4354880584776202,0.6205766935959521,0.0010560647520735723,11,0.0,0.25298403961079213,1.0560647520735722,1.0560647520735722,0.0,0.0
2019-11-27,1.1893262415046961,0.003845475445000357,0.3347675958271256,0.22434280231955847,0.4029134405525777,0.0006272562428721361,12,0.04227894878211513,0.20574424315658787,0.6272562428721361,0.6272562428721361,0.0,0.0
2019-11-29,1.1868609764534503,-0.002072824903053383,0.34772024817551656,0.22095988693622942,0.45684017880019917,0.0006778000657364286,10,0.05997848208990064,0.22991586839494868,0.6778000657364286,0.6778000657364286,0.0,0.0
2019-12-02,1.1791250848707757,-0.006517942485387618,0.6692656803378485,0.6335622168289283,0.6632751092749378,0.0012968373261038663,44,0.018599655991053177,0.07254641968260306,1.2968373261038662,1.2968373261038662,0.0,0.0
2019-12-03,1.1723758127319621,-0.005723966206310771,0.7218587267390016,0.7741554565924629,0.6508819219820242,0.001425037378574487,14,0.0,0.2551357612749611,1.425037378574487,1.425037378574487,0.0,0.0
2019-12-04,1.176076663499785,0.0031567102695500004,0.23519156633107874,0.24393705573330463,0.22322102039242958,0.00046715807612573426,11,0.003225056536423243,0.32163376641610286,0.46715807612573423,0.46715807612573423,0.0,0.0
2019-12-05,1.178734662259825,0.002260055694099261,0.26602881597564,0.13919153015213565,0.37747805204708496,0.0005166695821992206,12,0.018604171385858015,0.38624237558757,0.5166695821992205,0.5166695821992205,0.0,0.0
2019-12-06,1.1860251908024488,0.006185046368829772,0.17039650169380477,0.1406664223692966,0.18164272940644777,0.0003223091517757444,10,0.0,0.3619099220979144,0.3223091517757444,0.3223091517757444,0.0,0.0
2019-12-09,1.1855429136369455,-0.0004066331552173841,0.1947417458475183,0.2074962960519694,0.1819871956430671,0.0003894834916950365,11,1.1102230246251565e-16,0.3625550846474648,0.3894834916950365,0.3894834916950365,0.0,0.0
2019-12-10,1.1801803989743542,-0.004523256476765103,0.25879297719911204,0.23016669764149902,0.26167150970664305,0.0004918382073481421,11,0.025747747050082093,0.4301006337855473,0.4918382073481421,0.4918382073481421,0.0,0.0
2019-12-11,1.1874036256886908,0.006120442875185983,0.21424231637293242,0.21314561739967175,0.18975820803176285,0.0004029038254314346,11,0.0,0.38197530402319163,0.4029038254314346,0.4029038254314346,0.0,0.0
2019-12-12,1.189637128082748,0.0018809967779589432,0.07171871351612066,0.04983509005513643,0.0936023369771049,0.00014343742703224133,11,0.0,0.36200253982482905,0.14343742703224133,0.14343742703224133,0.0,0.0
2019-12-13,1.1921843499189724,0.002141175469472456,0.312657682049872,0.11839090808333977,0.5069244560164042,0.0006253153640997439,10,0.0,0.2638193567179882,0.625315364099744,0.625315364099744,0.0,0.0
2019-12-16,1.2026681742166427,0.008793794599285754,0.12325191508048404,0.05126723400221034,0.19523659615875777,0.0002465038301609681,11,0.0,0.2077677071819759,0.24650383016096808,0.24650383016096808,0.0,0.0
2019-12-17,1.2057152869583914,0.0025336271525879805,0.21813665881410757,0.08873174662305386,0.34754157100516114,0.00043627331762821506,12,1.1102230246251565e-16,0.24268682067735942,0.43627331762821503,0.43627331762821503,0.0,0.0
2019-12-18,1.2019355233874571,-0.0031348723963426917,0.1702016214526223,0.02619656062288224,0.290897829908198,0.00031709439053108026,12,0.023308852374164468,0.1813270903009206,0.31709439053108024,0.31709439053108024,0.0,0.0
2019-12-19,1.2112544731987624,0.007753285954176237,0.07845273436705187,0.02490903732056389,0.12116817651917648,0.00014607721383974037,12,0.03395439876983131,0.20671211611592788,0.14607721383974037,0.14607721383974037,0.0,0.0
2019-12-20,1.2145937866822176,0.00275690497524983,0.21394122182737785,0.24280630525716454,0.15122843374577266,0.00039403473900293716,15,1.1102230246251565e-16,0.22425809409509243,0.3940347390029372,0.3940347390029372,0.0,0.0
2019-12-23,1.2123228839578009,-0.0018696808342976157,0.12473221269336367,0.004997723579767851,0.24446670180695937,0.0002494644253867272,14,0.0,0.24980688412055757,0.24946442538672722,0.24946442538672722,0.0,0.0
2019-12-24,1.2158403065757408,0.0029013909285098283,0.10138957284815461,0.10196258777040777,0.09548016172981551,0.0001974427495002233,13,0.005336396196085946,0.2866939555737835,0.19744274950022328,0.19744274950022328,0.0,0.0
2019-12-26,1.2218852973215502,0.004971862433837515,0.13239299075057884,0.13597146627945425,0.12350589741707269,0.0002594773636965269,11,1.1102230246251565e-16,0.35213924273318464,0.2594773636965269,0.2594773636965269,0.0,0.0
2019-12-27,1.2207712522716583,-0.000911742740774435,0.5623863900713051,0.5528834533601166,0.5718893267824938,0.0011247727801426102,45,1.1102230246251565e-16,0.12264374361386578,1.1247727801426102,1.1247727801426102,0.0,0.0
2019-12-30,1.2125635598040343,-0.0067233664393314685,0.5507574810512179,0.5445970535450588,0.5016106460920596,0.0010462076996371186,17,0.055307262465317475,0.13741958105966154,1.0462076996371186,1.0462076996371186,0.0,0.0
2019-12-31,1.2136950698905813,0.0009331552786642217,0.15043993085475124,0.06623480671783723,0.17940292755980652,0.0002456377342776438,17,0.0,0.1997017291162631,0.24563773427764377,0.24563773427764377,0.0,0.0
2020-01-02,1.2235689324637116,0.00813537338832604,0.2332721711015416,0.18244347922813445,0.28410086297494874,0.00046654434220308325,11,0.0,0.21311021910909816,0.4665443422030832,0.4665443422030832,0.0,0.0
2020-01-03,1.221971845473327,-0.0013052693215810374,0.27568125884792055,0.30715450133626,0.24420801635958111,0.0005513625176958411,15,0.0,0.16381911137825028,0.5513625176958411,0.5513625176958411,0.0,0.0
2020-01-06,1.2219036502386627,-5.580753346901002e-05,0.5674666162688995,0.5449829130734032,0.5813059155483439,0.001126288828621747,43,0.008644403916052146,0.09924197081693448,1.126288828621747,1.126288828621747,0.0,0.0
2020-01-07,1.2243000455262854,0.0019611982394476257,0.4330671667571177,0.414677305312445,0.4428369426818075,0.0008575142479942525,18,1.1102230246251565e-16,0.19623670291980289,0.8575142479942525,0.8575142479942525,0.0,0.0
2020-01-08,1.2262509177531629,0.0015934592455550955,0.09510462483873429,0.05969357307875566,0.1305156765987128,0.00019020924967746847,19,0.0,0.20516380932984343,0.19020924967746847,0.19020924967746847,0.0,0.0
2020-01-09,1.2336248782686365,0.006013418957504069,0.22125799963678794,0.20636502781882016,0.22131493368629412,0.00042767996150511433,17,0.01483603776846154,0.27194585726576387,0.42767996150511434,0.42767996150511434,0.0,0.0
2020-01-10,1.2332173792052759,-0.00033032656080400624,0.17432365360149848,0.08762555646079082,0.24618576469086437,0.0003338113211516551,16,0.0,0.2757978492858482,0.3338113211516551,0.3338113211516551,0.0,0.0
2020-01-13,1.2423038468180707,0.0073680988980633355,0.3049721472109693,0.05454637320418667,0.555397921217752,0.0006099442944219386,15,0.0,0.2872359767146149,0.6099442944219386,0.6099442944219386,0.0,0.0
2020-01-14,1.24357603630798,0.001024056629276071,0.09314775489498352,0.05472451254444953,0.13115396385353734,0.00018587847639798687,13,0.00041703339198018163,0.3292465771201576,0.18587847639798685,0.18587847639798685,0.0,0.0
2020-01-15,1.2463460580706442,0.0022274647321831598,0.07829689381632644,0.07797665960068692,0.0769335055839338,0.00015491016518462072,12,0.0020996645182621565,0.33070790914082787,0.15491016518462072,0.15491016518462072,0.0,0.0
2020-01-16,1.2541489371038113,0.006260603933105013,0.08669103745308668,0.07762734558949183,0.09366848560776768,0.00017129583119725953,13,0.0,0.32054276610714155,0.17129583119725952,0.17129583119725952,0.0,0.0
2020-01-17,1.2566209033772981,0.0019710308722944436,0.13305387014055303,0.16596385411837286,0.10014388616273309,0.00026610774028110597,14,1.1102230246251565e-16,0.32593991163493635,0.26610774028110595,0.26610774028110595,0.0,0.0
2020-01-21,1.245535281141763,-0.008821771312049087,0.6481389032924573,0.5529973119510925,0.6686231905162746,0.001221620502467367,44,0.07465730411754767,0.07026636855590711,1.221620502467367,1.221620502467367,0.0,0.0
2020-01-22,1.246316934831959,0.0006275644713005235,0.6187620379354568,0.5262721268539369,0.6580013598776734,0.0011842734867316105,13,0.02127153287628447,0.30632119386876644,1.1842734867316105,1.1842734867316105,0.0,0.0
2020-01-23,1.2493397066774132,0.0024253636943976087,0.3809573411392037,0.15275454986278247,0.5974897968685763,0.0007502443467313587,15,0.009533810715433355,0.19102727772694583,0.7502443467313588,0.7502443467313588,0.0,0.0
2020-01-24,1.2379935887788245,-0.009081691583119111,0.3563893515898262,0.1948023102319977,0.5121550230577048,0.0007069573332897025,16,0.015435755492790082,0.2894254068259298,0.7069573332897024,0.7069573332897024,0.0,0.0
2020-01-27,1.2218230239997392,-0.013061913184087004,0.2803628292824244,0.21467419443141286,0.2982975621552094,0.0005129717565866223,17,0.0633859234720513,0.29152823825595486,0.5379254497429213,0.5129717565866223,0.02495369315629904,0.02495369315629904
2020-01-28,1.2382910695485783,0.013478257673463778,0.158380818242928,0.1509997549668392,0.14522880037699895,0.00029622855534383813,16,0.04199134527930215,0.2952114563894506,0.3291597644832303,0.29622855534383813,0.03293120913939218,0.03293120913939218
2020-01-29,1.2317404900174738,-0.005290015968129835,0.5151976551513625,0.3343225465961376,0.6538998196664845,0.000988222366262622,13,0.0,0.33844484798522645,0.988222366262622,0.988222366262622,0.0,0.0
2020-01-30,1.2240244476522109,-0.006264340928788914,0.19676160672582976,0.1455498771626198,0.2382892941475826,0.00038383917131020243,12,0.009684042141457128,0.37458950311081624,0.3838391713102024,0.3838391713102024,0.0,0.0
2020-01-31,1.2009948003327007,-0.018814695542791693,0.4694491762358537,0.5110995583300596,0.39552556750276024,0.0009066251258328197,11,0.04213401674813666,0.16957044573442004,0.9066251258328197,0.9066251258328197,0.0,0.0
2020-02-03,1.2098376962592738,0.007362976029640977,0.20237671654706996,0.05439570013383644,0.33741014233624894,0.0003918058424700854,13,0.02886207421017173,0.17433417564388526,0.3918058424700854,0.3918058424700854,0.0,0.0
2020-02-04,1.2298785030252022,0.016564872154250843,0.28809653627139836,0.27446673843215086,0.2980160026419552,0.0005724827410741062,12,0.024665182933736873,0.15688558999824076,0.5724827410741061,0.5724827410741061,0.0,0.0
2020-02-05,1.2157769641375356,-0.011465798331282584,0.18867365799355973,0.07599679160869305,0.27640804817246917,0.0003524048397811622,14,0.0,0.18699675508589922,0.3524048397811622,0.3524048397811622,0.0,0.0
2020-02-06,1.2282523085729926,0.010261211392754932,0.20725133645392307,0.26417861581107777,0.12242340904811427,0.00038660202485919207,9,0.02790064804865411,0.179264576374375,0.38660202485919204,0.38660202485919204,0.0,0.0
2020-02-07,1.2056664473767669,-0.01838861693039795,0.24594927618635967,0.05587873522165462,0.40760967755552874,0.00046348841277718333,10,0.0,0.2575379333548268,0.46348841277718333,0.46348841277718333,0.0,0.0
2020-02-10,1.2078675704497424,0.0018256484434517883,0.39828114814183624,0.4962302425056329,0.2666034761208773,0.0007628337186265103,10,0.033728577657162195,0.1905654906000374,0.7628337186265103,0.7628337186265103,0.0,0.0
2020-02-11,1.2062294040956403,-0.0013562466566530151,0.19277475254006615,0.1571185069057218,0.19466849551112075,0.0003517870024168426,10,0.0,0.21880956729361845,0.3517870024168426,0.3517870024168426,0.0,0.0
2020-02-12,1.2120393192336094,0.004816592198997993,0.0941716361993975,0.07511260944837234,0.11323066295042265,0.000188343272398795,10,0.0,0.21815351183733006,0.188343272398795,0.188343272398795,0.0,0.0
2020-02-13,1.2225233788319556,0.008649933572266733,0.10753617802768936,0.1178205047100839,0.09725185134529483,0.00021507235605537872,10,0.0,0.20453713617042518,0.21507235605537872,0.21507235605537872,0.0,0.0
2020-02-14,1.2124866384400885,-0.008209855586938986,0.26800325388628116,0.450087651408623,0.07649931277549901,0.000526586964184122,9,0.009419543588440327,0.20519960207150648,0.526586964184122,0.526586964184122,0.0,0.0
2020-02-18,1.2227163526750102,0.008436970693617374,0.1393146364559029,0.060362383332007975,0.2126622790581067,0.0002730246623901147,10,0.014942796342323095,0.19056031782724542,0.2730246623901147,0.2730246623901147,0.0,0.0
2020-02-19,1.2234934105503403,0.0006355176927421713,0.21567893923788986,0.24509250022514695,0.17133829097687686,0.00041643079120202384,11,0.0,0.27643476005901363,0.4164307912020238,0.4164307912020238,0.0,0.0
2020-02-20,1.221849658283339,-0.0013434909030380915,0.09859160343881089,0.05885563979058472,0.13832756708703706,0.00019718320687762178,10,0.0,0.2726671156629448,0.19718320687762178,0.19718320687762178,0.0,0.0
2020-02-21,1.2000839431484198,-0.017813742457889026,0.1165970009732399,0.08177194039926358,0.13932693892524478,0.00022109887932450837,12,0.012095122621971433,0.2829360178237958,0.22109887932450836,0.22109887932450836,0.0,0.0
2020-02-24,1.1519531671513068,-0.040106174465464384,0.1767408461402145,0.2139228092140379,0.12696269872983737,0.00034088550794387525,11,0.0,0.32669565798870165,0.34088550794387523,0.34088550794387523,0.0,0.0
2020-02-25,1.1067120612000498,-0.03927338996179397,0.3978408317077978,0.6104226589115669,0.18525900450402882,0.0007956816634155957,13,0.0,0.3115755519369862,0.7956816634155957,0.7956816634155957,0.0,0.0
2020-02-26,1.099479647956652,-0.006535045109705817,0.5457175041042692,0.7171548289804394,0.371318546598762,0.0010884733755792016,15,0.0029616326293369077,0.18514278613819432,1.0884733755792015,1.0884733755792015,0.0,0.0
2020-02-27,1.0584636722074305,-0.03730489766267919,0.2965374501034754,0.16684588152347543,0.42419945126933123,0.0005910453327928067,15,0.0010450116119750108,0.22135430258391522,0.5910453327928067,0.5910453327928067,0.0,0.0
2020-02-28,1.0679730386073438,0.008984121656326227,0.5092683429753073,0.5588230302231814,0.4462867337086612,0.0010051097639318426,9,0.01446158771686723,0.32159776454362643,1.0051097639318425,1.0051097639318425,0.0,0.0
2020-03-02,1.109532612448399,0.03891444103799624,0.27288047693424317,0.19278358862131445,0.3390648660337169,0.0005318484546550314,10,0.0,0.26149579121537625,0.5318484546550314,0.5318484546550314,0.0,0.0
2020-03-03,1.0736745588274634,-0.032318161015391755,0.2973225223022782,0.18602444262145038,0.3828709668542058,0.0005688954094756562,11,0.02574963512890016,0.17639974873082595,0.5688954094756562,0.5688954094756562,0.0,0.0
2020-03-04,1.116374732872688,0.03977012745077668,0.23592280879565908,0.18512079019999822,0.26197116117724467,0.0004470919513772429,11,1.1102230246251565e-16,0.1893207624174824,0.4470919513772429,0.4470919513772429,0.0,0.0
2020-03-05,1.0783003339511423,-0.034105392929819844,0.5679406568193718,0.8303916187326787,0.30548969490606454,0.0011358813136387433,9,0.0,0.3991350116351904,1.1358813136387433,1.1358813136387433,0.0,0.0
2020-03-06,1.0393583141390068,-0.0361142611070544,0.5578976959374733,0.7216035743588493,0.37517263851985033,0.0010967762128786997,14,0.019019178996246833,0.1959309672086663,1.0967762128786998,1.0967762128786998,0.0,0.0
2020-03-09,0.9645407527853166,-0.07198437760674314,0.3275540296406435,0.3968038828561474,0.257038775730904,0.0006538426585870515,12,0.02174646048143103,0.23569397697722136,0.6538426585870515,0.6538426585870515,0.0,0.0
2020-03-10,1.0100053034458323,0.04713595618352784,0.4742976263837429,0.4355900901590118,0.4922568701199209,0.0009278469602789328,9,0.0,0.43619058733062127,0.9278469602789328,0.9278469602789328,0.0,0.0
2020-03-11,0.9445146452885668,-0.06484189531860007,0.3410377205337868,0.3874080483276793,0.2729908550763671,0.0006603989034040464,13,0.021676537663527173,0.3111076213960345,0.6603989034040464,0.6603989034040464,0.0,0.0
2020-03-12,0.8586734609934337,-0.09088391029543752,0.19150696047189106,0.262324230580416,0.11676922585925925,0.00037909345643967517,10,0.019914027564977732,0.368599442467088,0.3790934564396752,0.3790934564396752,0.0,0.0
2020-03-13,0.9144093226933757,0.06490926322033874,0.2295891015458252,0.06235831312113562,0.3781279164873799,0.00044048622960851555,9,0.0,0.3098137742411579,0.4404862296085155,0.4404862296085155,0.0,0.0
2020-03-16,0.7943623079552955,-0.1312836732509287,0.27279020684951466,0.28168386098067344,0.2638965527183559,0.0005455804136990293,9,0.0,0.36936975852811543,0.5455804136990293,0.5455804136990293,0.0,0.0
2020-03-17,0.8251335871497907,0.03873708367873219,0.7206437993653991,1.1431618455076942,0.2981257532231041,0.0014412875987307983,12,0.0,0.34040648499661824,1.4412875987307983,1.4412875987307983,0.0,0.0
2020-03-18,0.7725899020158387,-0.0636790041664047,0.5850287423260928,0.5519233810062171,0.6181341036459685,0.0011700574846521857,6,0.0,0.3747855851348857,1.1700574846521856,1.1700574846521856,0.0,0.0
2020-03-19,0.9156145141555363,0.18512358466829348,0.21579669697742548,0.2541795106044052,0.17688412669587278,0.00043106363730027796,8,0.0005297566545729993,0.38129752999201194,0.43106363730027797,0.43106363730027797,0.0,0.0
2020-03-20,0.9356236930406451,0.021853278400204346,0.5314557608731767,0.5537949475441776,0.4930919755440363,0.0010468869230882138,6,0.016542483241420936,0.36136900887175144,1.0468869230882138,1.0468869230882138,0.0,0.0
2020-03-23,0.9556638325051886,0.021419016655527257,0.2531359076684936,0.010808029753713522,0.4930810003089926,0.0005038890300627061,8,0.018570214131562346,0.36615980601255654,0.5038890300627061,0.5038890300627061,0.0,0.0
2020-03-24,1.087007743291574,0.13743735644162536,0.45557304221668565,0.4150796180372743,0.4934389375780433,0.0009085185556153176,7,0.01893905810128793,0.32967981216160536,0.9085185556153176,0.9085185556153176,0.0,0.0
2020-03-25,1.1289107716981435,0.038548969559023316,0.7140190316392993,1.0048065469338836,0.41417452448332404,0.0014189810714172078,5,0.02726719137115685,0.41382465129201196,1.4189810714172078,1.4189810714172078,0.0,0.0
2020-03-26,1.1857212283148388,0.05032324789605758,0.7484265733829409,1.2793212860954688,0.19160928561525367,0.0014709305717107227,7,1.1102230246251565e-16,0.343239961940932,1.4709305717107226,1.4709305717107226,0.0,0.0
2020-03-27,1.1396192934425886,-0.03888092223647788,0.8943584032398894,1.5530605406338327,0.23565626584594573,0.0017887168064797784,6,0.0,0.5330623230224529,1.7887168064797785,1.7887168064797785,0.0,0.0
2020-03-30,1.1747291925071857,0.030808445650771787,0.3373971269628028,0.3647072573521324,0.31008699657347316,0.0006747942539256055,7,0.0,0.5110090508284251,0.6747942539256055,0.6747942539256055,0.0,0.0
2020-03-31,1.1965136717175802,0.018544256284208416,0.30534151017798766,0.5391328065246208,0.07155021383135463,0.0006106830203559754,6,0.0,0.4976066867529114,0.6106830203559753,0.6106830203559753,0.0,0.0
2020-04-01,1.138589802678816,-0.04841053671841067,0.303732622472527,0.4309895010286634,0.17312124156081776,0.0006041107425894812,5,0.003354502355572886,0.39484331595997507,0.6041107425894812,0.6041107425894812,0.0,0.0
2020-04-02,1.136385398305675,-0.0019360830107159055,0.16576750597787213,0.24821632090976742,0.06934436805653445,0.00031756068896630186,6,0.01733426521399406,0.4354118209946788,0.31756068896630185,0.31756068896630185,0.0,0.0
2020-04-03,1.1250033588748027,-0.010016002887614284,0.3133528664115218,0.48629732290406574,0.1370217074473538,0.0006233190303514196,5,0.020885430215848877,0.4964394876857613,0.6233190303514196,0.6233190303514196,0.0,0.0
2020-04-06,1.2371197673210272,0.0996587321822402,0.053770527269987246,0.029204497796455346,0.05934559145768343,8.855008925413879e-05,7,1.1102230246251565e-16,0.517760863541762,0.08855008925413878,0.08855008925413878,0.0,0.0
2020-04-07,1.2558995688293013,0.015180261446263721,0.22339619433443766,0.3358558731205029,0.11093651554837225,0.00044679238866887524,6,0.0,0.5478617176933145,0.4467923886688752,0.4467923886688752,0.0,0.0
2020-04-08,1.263303042792828,0.0058949570071338275,0.15910279399059105,0.16066533438841213,0.15754025359276994,0.0003182055879811821,7,0.0,0.48978096096494694,0.3182055879811821,0.3182055879811821,0.0,0.0
2020-04-09,1.2922163807487759,0.022887095951283465,0.12491708912767266,0.06645703595725382,0.17420949976302721,0.00024066653572028102,6,0.009167642535064302,0.5464354911895407,0.24066653572028102,0.24066653572028102,0.0,0.0
2020-04-13,1.3318501128167217,0.03067112649119963,0.2499708173077445,0.2663431884621655,0.22470798583294302,0.0004910511742951085,7,0.0,0.4337549586972322,0.4910511742951085,0.4910511742951085,0.0,0.0
2020-04-14,1.3893472907193571,0.04317090740866858,0.3298881653482776,0.3298881653482776,0.31479144630358985,0.0006446796116518675,2,0.015096719044687679,0.5062782876539283,0.6446796116518675,0.6446796116518675,0.0,0.0
2020-04-15,1.3803673567075574,-0.006463419241383606,0.3017563482239286,0.07575374455847075,0.5133449521281852,0.000589098696686656,3,0.0007719791744247306,0.6992163528767626,0.5890986966866559,0.5890986966866559,0.0,0.0
2020-04-16,1.371415102641257,-0.00648541420716664,0.30972791720902354,0.46970661990655016,0.148972676775741,0.0006186792966822913,5,1.1102230246251565e-16,0.6123007263475617,0.6186792966822912,0.6186792966822913,0.0,1.8735013540549517e-16
2020-04-17,1.4478195964757707,0.05571215723624712,0.4521855780057319,0.18911599424513828,0.7040253710481775,0.000893141365293316,5,0.011229790718148003,0.3217656892957034,0.8931413652933159,0.8931413652933159,0.0,0.0
2020-04-20,1.4278107966470035,-0.01381995372729583,0.4515404489363678,0.42304509268154866,0.4747147121172708,0.0008977598047988194,5,0.016698030891538984,0.4089717208889445,0.8977598047988194,0.8977598047988194,0.0,0.0
2020-04-21,1.37083005767294,-0.03990776586636979,0.39395736687520905,0.31811829517309276,0.453035724793149,0.0007711540199662417,5,0.0006179854123105066,0.2707976288886643,0.7711540199662417,0.7711540199662417,0.0,0.0
2020-04-22,1.4234336776752734,0.038373553094999346,0.3982499002864075,0.5967167503342943,0.19200797409979428,0.0007887247244340887,5,0.008369754219746395,0.318861941089546,0.7887247244340886,0.7887247244340886,0.0,0.0
2020-04-23,1.3986247744863514,-0.017428914025302222,0.3673974777173083,0.3814316496749831,0.3458971814421482,0.0007273288311171313,3,0.015978146272513927,0.49644079528438,0.7273288311171313,0.7273288311171313,0.0,0.0
2020-04-24,1.417324143933018,0.013369825694338866,0.3823204813826551,0.24134346806498225,0.5142489325001685,0.0007555924005651507,4,0.00670686380700003,0.5235441126405087,0.7555924005651508,0.7555924005651508,0.0,0.0
2020-04-27,1.4503469433909564,0.02329939809414472,0.46012448895868185,0.3120442429853005,0.602608126461316,0.0009146523694466165,6,0.0009515526740820901,0.28649118708638777,0.9146523694466164,0.9146523694466164,0.0,0.0
2020-04-28,1.452484362948229,0.0014737298320326442,0.3401183741303224,0.43267301872375685,0.23513006767248454,0.0006678030863962414,6,0.013383179755830255,0.34583814839462657,0.6678030863962414,0.6678030863962414,0.0,0.0
2020-04-29,1.5040657981834107,0.03551255803572473,0.4233802771302632,0.3397762068020681,0.49407091620537946,0.0008338471230074476,8,0.0,0.21319682253827513,0.8338471230074476,0.8338471230074476,0.0,0.0
2020-04-30,1.4997099665793154,-0.0028960379322209295,0.5065824844772326,0.41676505011218246,0.5819145622770368,0.0009986796123892191,4,0.014485356565246077,0.4695969101297419,0.9986796123892192,0.9986796123892192,0.0,0.0
2020-05-01,1.4641042130298834,-0.023741759635461435,0.3072921464606138,0.2025426115055933,0.3972129524036823,0.0005997555639092756,6,0.0,0.32326610319767674,0.5997555639092756,0.5997555639092756,0.0,0.0
2020-05-04,1.4827966517546598,0.012767150424417784,0.2686596086032653,0.39472638927372994,0.11880401286611184,0.0005135304021398418,4,0.02378881506668884,0.3555323420264482,0.5135304021398418,0.5135304021398418,0.0,0.0
2020-05-05,1.5108177722975515,0.018897480318513793,0.7193143152999194,1.1983059844587332,0.21700808615752842,0.0014153140706162617,6,0.0,0.6169919254626277,1.4153140706162617,1.4153140706162617,0.0,0.0
2020-05-06,1.492645274355443,-0.012028252695540531,0.14961993843315047,0.17095822447775716,0.12321411307974656,0.00029417233755750375,5,0.00506753930879722,0.6376455597950453,0.2941723375575037,0.2941723375575037,0.0,0.0
2020-05-07,1.553537636928274,0.040794932070599144,0.12619492621810158,0.09031537677171275,0.1551247610229076,0.00024544013779462037,7,0.011817431974882942,0.6549556495469485,0.24544013779462034,0.24544013779462034,0.0,0.0
2020-05-08,1.5582452630850054,0.0030302620579181205,0.10567931980699712,0.12417665732818953,0.04183783229079941,0.00016601448961898893,5,0.057123924301817564,0.6477608709568395,0.16601448961898893,0.16601448961898893,0.0,0.0
2020-05-11,1.5647597013026457,0.004180624431832314,0.6577975185062722,0.3306667408954702,0.961784935690533,0.0012924516765860032,7,0.03366922189385524,0.4264611495908128,1.2924516765860032,1.2924516765860032,0.0,0.0
2020-05-12,1.7093809441529781,0.09242393111858438,0.32258504332008875,0.11025098432162561,0.5041173818229595,0.0006143683661445851,6,0.0,0.41093047376100034,0.6143683661445851,0.6143683661445851,0.0,0.0
2020-05-13,1.7029861749510402,-0.003740985427391985,0.7410006053064628,0.7705967880524054,0.7102985700807766,0.001480895358133182,6,0.0011058524797437075,0.3042858534023925,1.480895358133182,1.480895358133182,0.0,0.0
2020-05-14,1.7204487292577575,0.010254078725694393,0.429232706904704,0.6038946260874792,0.25347709814782676,0.0008573717242353061,5,1.1102230246251565e-16,0.2609721872419862,0.857371724235306,0.857371724235306,0.0,0.0
2020-05-15,1.7233846225020584,0.0017064694776272038,0.165424119360398,0.09434314073264209,0.2258419932244945,0.00032018513395713663,6,0.010663104763659503,0.28259462768264626,0.3201851339571366,0.3201851339571366,0.0,0.0
2020-05-18,1.8012537544185063,0.045183838186623415,0.12475422450196713,0.06031269983034162,0.18275458072102974,0.00024306728055137136,5,0.016640821874565837,0.31774004627645314,0.24306728055137136,0.24306728055137136,0.0,0.0
2020-05-19,1.8294471335153353,0.015652086235862228,0.2770617559425707,0.45763728877289245,0.09446403614604829,0.0005521013249189409,5,0.014353139467086384,0.32815080557128234,0.5521013249189408,0.5521013249189408,0.0,0.0
2020-05-20,1.8668695026717537,0.020455561940459166,0.13743497011563574,0.06783030875615069,0.19297787652369247,0.0002608081852798432,6,1.1102230246251565e-16,0.36217395806496755,0.2608081852798432,0.2608081852798432,0.0,0.0
2020-05-21,1.8264762715064597,-0.021636879871616888,0.14297335305859743,0.15149675755465408,0.13444994856254064,0.00028594670611719475,6,0.0,0.299480842250154,0.28594670611719475,0.28594670611719475,0.0,0.0
2020-05-22,1.8282375632352077,0.0009643113114714552,0.3095870346216342,0.3882815448645652,0.2078488784799393,0.0005961304233445045,7,0.023043645898763954,0.2393958849950613,0.5961304233445045,0.5961304233445045,0.0,0.0
2020-05-26,1.8180636120592963,-0.005564895602466313,0.13072177358717388,0.0863150098084084,0.1666878611790748,0.0002530028709874832,6,0.03160741244578891,0.3238289938155522,0.2530028709874832,0.2530028709874832,0.0,0.0
2020-05-27,1.827492933339916,0.005186463893823268,0.3283483465585096,0.2770915200063519,0.34818050679295254,0.0006252720267993044,8,0.0,0.20306028384389221,0.6252720267993044,0.6252720267993044,0.0,0.0
2020-05-28,1.8088369107764444,-0.010208533353601501,0.39756064776014444,0.4886539301845848,0.2904252896711261,0.0007790792198557109,7,0.016042075664577937,0.29532600528477904,0.7790792198557109,0.7790792198557109,0.0,0.0
2020-05-29,1.8613865597831956,0.029051623556373807,0.48394955733204614,0.28176628457778763,0.6765109162076677,0.0009582772007854554,8,0.005952331904900632,0.2954743074192515,0.9582772007854554,0.9582772007854554,0.0,0.0
2020-06-01,1.9020760605691789,0.021859780050589084,0.417708077126115,0.35270252199284124,0.4792783467191394,0.0008319808687119807,6,0.009255437966971924,0.3156532403933641,0.8319808687119806,0.8319808687119806,0.0,0.0
2020-06-02,1.8916190692695687,-0.005497672525504038,0.6230886723090866,0.8763996512012845,0.3604826019680028,0.0012368822531692873,7,1.1102230246251565e-16,0.351075246964344,1.2368822531692873,1.2368822531692873,0.0,0.0
2020-06-03,1.9023617591584978,0.0056790979026646315,0.27275634942920135,0.27275634942920146,0.2727563494292011,0.0005455126988584026,8,0.0,0.27275634942920146,0.5455126988584026,0.5455126988584026,0.0,0.0
2020-06-04,1.8938890405936695,-0.004453789361586136,0.5969483193383047,0.48502148116439586,0.7088751575122136,0.0011938966386766095,6,1.1102230246251565e-16,0.5107786958211691,1.1938966386766094,1.1938966386766094,0.0,0.0
2020-06-05,1.9031200609324255,0.004874108324668391,0.42733113428191954,0.3463283341020388,0.5083339344618003,0.0008546622685638391,7,1.1102230246251565e-16,0.3463283341020388,0.8546622685638391,0.8546622685638391,0.0,0.0
2020-06-08,1.9135434453115134,0.0054769977959148175,0.5798988175532632,0.5128790180841754,0.6469186170223511,0.0011597976351065266,6,0.0,0.6004437666223226,1.1597976351065264,1.1597976351065264,0.0,0.0
2020-06-09,1.9643925033176073,0.026573244590125222,0.6499233942467688,0.4708236358277189,0.8178226581516399,0.001288646293979359,6,0.011200494514178927,0.3972805485238014,1.2886462939793588,1.2886462939793588,0.0,0.0
2020-06-10,1.9838333518963724,0.009896621243428827,0.5748082933354904,0.5058928883188345,0.6320990577623413,0.001137991946081176,8,0.022702753147360477,0.2827061784355555,1.1379919460811758,1.1379919460811758,0.0,0.0
2020-06-11,1.908155153172744,-0.038147457623538106,0.5084280212857357,0.4978036614805849,0.495472672101486,0.000993276333582071,6,0.0,0.5111585531576589,0.9932763335820709,0.9932763335820709,0.0,0.0
2020-06-12,1.9232300298218952,0.007900236322023302,0.37471493833490516,0.3367851380857883,0.41264473858402195,0.0007494298766698103,7,0.0,0.28034659366542564,0.7494298766698103,0.7494298766698103,0.0,0.0
2020-06-15,1.9635540330775807,0.02096681240954834,0.31854891729708057,0.28021805029191915,0.33237947152693037,0.0006125975218188495,4,0.024500312775311617,0.5641688027008631,0.6125975218188495,0.6125975218188495,0.0,0.0
2020-06-16,1.977577141785549,0.007141697387359036,0.1341745872934298,0.13937927724507462,0.10464925401670894,0.00024402853126178356,4,0.0,0.4986877666029967,0.24402853126178356,0.24402853126178356,0.0,0.0
2020-06-17,1.9875188913843425,0.0050272373141495574,0.5509766272878723,0.44475065288926224,0.6572026016864824,0.0011019532545757447,8,0.0,0.31970692816140556,1.1019532545757447,1.1019532545757447,0.0,0.0
2020-06-18,1.9772360881229945,-0.005173688313566571,0.2137541379968078,0.14282250151267506,0.2846857744809406,0.00042750827599361566,6,0.0,0.33833911781188364,0.4275082759936156,0.4275082759936156,0.0,0.0
2020-06-19,1.9995661047191402,0.011293550997920399,0.2541124608198968,0.16940284136995604,0.3295994321421193,0.0004990022735120753,5,0.009222648127718336,0.38519319135492314,0.4990022735120753,0.4990022735120753,0.0,0.0
2020-06-22,2.0496164866407542,0.025030621295035527,0.38077316638527664,0.5107371701731663,0.24181849697223676,0.0007525556671454032,6,1.1102230246251565e-16,0.4806229653788362,0.7525556671454031,0.7525556671454031,0.0,0.0
2020-06-23,2.006149363406752,-0.021207442229957518,0.6511244238714338,1.1859694549888422,0.0830276294531786,0.0012689970844420207,5,0.033251763300847115,0.35598932133358524,1.2689970844420206,1.2689970844420206,0.0,0.0
2020-06-24,1.9818293456018448,-0.01212273534987851,0.7394678471421364,1.0911370636026936,0.3541874677367596,0.0014453245313394531,7,0.0,0.366291824838082,1.4453245313394532,1.4453245313394532,0.0,0.0
2020-06-25,1.9984972725303563,0.008410374468165838,0.1147798700803924,0.0902507691148074,0.13930897104597728,0.0002295597401607847,5,1.1102230246251565e-16,0.3557435091631666,0.22955974016078468,0.22955974016078468,0.0,0.0
2020-06-26,1.9894156186686431,-0.004544241308978347,0.2153456136715999,0.0810182217548001,0.34099032460671647,0.0004220085463615166,5,0.008682680981683344,0.4700741974162397,0.4220085463615166,0.4220085463615166,0.0,0.0
2020-06-29,1.9783454038585127,-0.005564556096899875,0.0688840954798862,0.06573378684468725,0.07026985812074302,0.00013600364496543028,6,0.010494625114759848,0.48895584607994796,0.13600364496543027,0.13600364496543027,0.0,0.0
2020-06-30,2.0119324794511257,0.016977356697726265,0.1962557953647613,0.2552361996578292,0.12957647922531368,0.00038481267888314285,7,0.018014369295717647,0.43593320576872124,0.38481267888314286,0.38481267888314286,0.0,0.0
2020-07-01,2.053145286113044,0.020484189744360393,0.5670920505789132,1.0414837525173095,0.07932198703267651,0.001120805739549986,7,0.004254619743614296,0.2777536945798101,1.120805739549986,1.120805739549986,0.0,0.0
2020-07-02,2.0592184251387002,0.0029579684724374555,0.2511197616019044,0.28908717302698433,0.2089123908978588,0.0004979995639248432,7,0.0,0.25938076272806393,0.4979995639248431,0.4979995639248431,0.0,0.0
2020-07-06,2.0931695075494634,0.01648736335897749,0.14783467860652863,0.011872194246630947,0.28305911534389305,0.000294931309590524,8,0.0007380476225332666,0.22434411411156407,0.294931309590524,0.294931309590524,0.0,0.0
2020-07-07,2.077742996222021,-0.007369929320966806,0.4103014198377089,0.6266079024828053,0.1932520194142275,0.0008198599218970328,7,1.1102230246251565e-16,0.3474197648541149,0.8198599218970329,0.8198599218970328,0.0,2.0816681711721685e-16
2020-07-08,2.118915578571527,0.019816013060503845,0.38354065598450354,0.42479444309298764,0.3166851221816602,0.0007414795652746479,7,0.02560174669435933,0.3285105728588591,0.7414795652746479,0.7414795652746479,0.0,0.0
2020-07-09,2.162491950493481,0.020565412026151142,0.0903991155290627,0.09609921549562697,0.07123257850894978,0.00016733179400457677,6,0.011615211223494293,0.3321265638830598,0.16733179400457676,0.16733179400457676,0.0,0.0
2020-07-10,2.166457772894823,0.0018339131391620356,0.10541093517923657,0.06209734756911893,0.13713288372626076,0.0001992302312953797,6,0.0,0.33819065520295816,0.19923023129537967,0.19923023129537967,0.0,0.0
2020-07-13,2.0808818236974767,-0.03950040026997603,0.520499603469218,0.33165489369075735,0.7093443132476787,0.001040999206938436,8,0.0,0.47940521087713944,1.040999206938436,1.040999206938436,0.0,0.0
2020-07-14,2.1347314743959065,0.025878283949227532,0.5182919921386298,0.39608912476512237,0.6086484127716915,0.0010047375375368138,8,0.03184644674044579,0.30508359434063737,1.0047375375368137,1.0047375375368137,0.0,0.0
2020-07-15,2.115445619648855,-0.009034323510177744,0.6686235480882421,0.5047610244273204,0.6686235480882422,0.0011733845725155625,35,0.19596159567300653,0.0892509164545055,1.1810971852278918,1.1733845725155625,0.007712612712329188,0.007712612712329188
2020-07-16,2.0992358470316113,-0.007662580624471227,0.6867064073081823,0.49307797498316414,0.7283431973334581,0.0012214211723166224,8,0.04524191980281078,0.30973647339478494,1.2214211723166224,1.2214211723166224,0.0,0.0
2020-07-17,2.114657651809445,0.007346389782568075,0.654319877491277,0.44150444828845653,0.6946994443371328,0.0011362038926255892,37,0.21729681209161855,0.09044028543091549,1.1465115921325193,1.1362038926255893,0.01030769950693,0.01030769950693
2020-07-20,2.1617891356278602,0.022287997198074283,0.07084495200197921,0.062006679901494784,0.010839409846981743,7.284608974847653e-05,39,0.143699992836135,0.08977953561682347,0.07826914386201775,0.07284608974847652,0.00542305411354122,0.00542305411354122
2020-07-21,2.1491011332045016,-0.005869213705560372,0.4806491939213141,0.5545764846354418,0.3961502299094373,0.0009507267145448793,12,0.15498262545142816,0.22329707886959205,0.9507267145448792,0.9507267145448792,0.0,0.0
2020-07-22,2.1570592097323935,0.0037029790757336922,0.3500874523362818,0.21269024444980694,0.42712157774218523,0.0006398118221919922,8,0.0939489689572508,0.2956815004851664,0.6398118221919922,0.6398118221919922,0.0,0.0
2020-07-23,2.1368545255035776,-0.009366773122246652,0.10304965244175213,0.010058204821345423,0.1374125878570805,0.00014747079267842593,7,0.03619479038531537,0.28959921489604346,0.14747079267842592,0.14747079267842592,0.0,0.0
2020-07-24,2.1466571113368897,0.004587390351714404,0.2114101997753724,0.21718925018974647,0.11850375023533011,0.00033569300042507656,5,0.12314481323521953,0.3674896312181978,0.33569300042507655,0.33569300042507655,0.0,0.0
2020-07-27,2.176887176349258,0.014082391106021497,0.4659518992319608,0.831182797513503,0.04546167094210553,0.0008766444684556085,4,0.17658759691736203,0.410594591257445,0.8766444684556085,0.8766444684556085,0.0,0.0
2020-07-28,2.166825952602334,-0.004621839779403336,0.36393968412542427,0.3639630670470253,0.30545801851492027,0.0006694210855619456,7,0.11883050313037558,0.3593929826189252,0.6694210855619456,0.6694210855619456,0.0,0.0
2020-07-29,2.18578209915853,0.008748347569600412,0.500581601838764,0.7169520487621455,0.22498554903634327,0.0009419375977984888,8,0.05846338216019087,0.21752454020859668,0.9419375977984887,0.9419375977984887,0.0,0.0
2020-07-30,2.198025984877926,0.005601603986101766,0.5676327338975251,0.5289576532787656,0.4061017180188503,0.0009350593712976158,4,0.25828945196872444,0.5784669394949129,0.9350593712976158,0.9350593712976158,0.0,0.0
2020-07-31,2.191038969578786,-0.0031787682890056512,0.6795339659853148,0.3447191896540095,0.8936468423059275,0.001238366031959937,5,0.1380903356263843,0.4963885523848883,1.3121087550797201,1.238366031959937,0.07374272311978312,0.07374272311978312
2020-08-03,2.213199267068201,0.010114059036419265,0.5038963501112397,0.49182840140229794,0.40255937574079326,0.0008943877771430912,4,0.24999031963318885,0.4783596631343421,0.8943877771430911,0.8943877771430911,0.0,0.0
2020-08-04,2.2446985348915707,0.014232458998188813,0.5249023401924979,0.6694643951081978,0.24267187799371764,0.0009121362731019155,12,0.1085890381169915,0.28234988776150804,0.9121362731019155,0.9121362731019155,0.0,0.0
2020-08-05,2.249087502856547,0.0019552594242631116,0.36946170555979085,0.4088886105846388,0.30380446161334457,0.0007126930721979834,13,0.13453023199682512,0.15923095530245826,0.8472233041948086,0.7126930721979834,0.13453023199682518,0.13453023199682518
2020-08-06,2.2511508022842683,0.000917394020953255,0.5063515379950215,0.3637497161525714,0.5997965588471098,0.0009635462749996813,10,0.18343422158047318,0.3508947471338206,1.1469804965801544,0.9635462749996813,0.18343422158047315,0.18343422158047315
2020-08-07,2.2300517328192484,-0.009372570439799222,0.4535177284441647,0.46032131262085363,0.30636620504971546,0.0007666875176705691,11,0.04467983144860299,0.25232274504467267,0.7666875176705691,0.7666875176705691,0.0,0.0
2020-08-10,2.2124535086743227,-0.007891397264886746,0.5955826735181655,0.9208137175268615,0.18317915773424093,0.0011039928752611026,5,0.1321579754892125,0.3056508178601728,1.1039928752611026,1.1039928752611026,0.0,0.0
2020-08-11,2.176678415088305,-0.016169873602204565,0.2768564873888145,0.2415913679957791,0.22066525677697296,0.0004622566247727521,7,0.042811630864123984,0.3517619952721538,0.4622566247727521,0.4622566247727521,0.0,0.0
2020-08-12,2.1922230517857852,0.007141448451791543,0.9810059957507292,1.18713643998543,0.7341873590920571,0.0019213237990774873,3,0.0017381975578454334,0.5751175999712103,1.9213237990774872,1.9213237990774872,0.0,0.0
2020-08-13,2.1948415091680973,0.0011944301836344096,0.5067765177288746,0.5204645892221462,0.49135407899907246,0.0010118186682212186,5,0.0,0.3390461933222868,1.0118186682212187,1.0118186682212187,0.0,0.0
2020-08-14,2.211695897823098,0.007679091444460884,0.07623730858246638,0.0,0.15247461716493277,0.00015247461716493278,5,0.0,0.3382331762693914,0.15247461716493277,0.15247461716493277,0.0,0.0
2020-08-17,2.2733933571846565,0.027895995748007385,0.588255926909216,0.41362876169141666,0.7628830921270154,0.001176511853818432,3,0.0,0.7488616508774479,1.176511853818432,1.176511853818432,0.0,0.0
2020-08-18,2.2950752789012494,0.009537250405025954,0.16971241412030322,0.0926828302791923,0.24674199796141416,0.0003394248282406064,2,0.0,0.9205712409655566,0.33942482824060644,0.33942482824060644,0.0,0.0
2020-08-19,2.324548555972324,0.012841965290648183,0.0,0.0,0.0,0.0,2,0.0,0.921621645961958,0.0,0.0,0.0,0.0
2020-08-20,2.3429134387059345,0.00790040831215455,0.9230211748104531,1.821414714723252,0.007925059800540368,0.0018293397745237925,5,0.016702575097113592,0.634872904638486,1.8293397745237925,1.8293397745237925,0.0,0.0
2020-08-21,2.322915384586574,-0.008535549708744594,0.8487114532419553,1.468851268331059,0.22132813154421505,0.0016901793998752744,4,0.00957438811654654,0.48255507318567903,1.6901793998752743,1.6901793998752743,0.0,0.0
2020-08-24,2.328953319039245,0.0025992916025847634,0.20609820002315102,0.32100890877313226,0.0816417704026006,0.00040265067917573285,4,0.0,0.4794143119490985,0.40265067917573283,0.40265067917573283,0.0,0.0
2020-08-25,2.334532869754861,0.002395733169060499,0.6763284412801356,1.2233067185654352,0.11532378369353023,0.0013386305022589655,3,0.014026380301305763,0.6573951161295108,1.3386305022589655,1.3386305022589655,0.0,0.0
2020-08-26,2.36199094350825,0.011761699357127675,0.3174989272606332,0.38450954093093126,0.23663360064727046,0.0006211431415782017,6,1.1102230246251565e-16,0.5842893488193803,0.6211431415782017,0.6211431415782017,0.0,0.0
2020-08-27,2.2964883353807677,-0.027731947197981888,0.6547218343525165,0.6343510187788102,0.6676912632514428,0.0013020422820302529,6,0.007401386674780297,0.527455200725641,1.3020422820302529,1.3020422820302529,0.0,0.0
2020-08-28,2.3041641278630767,0.0033424042979239843,0.43727389643344233,0.7154590400195016,0.15171841912340983,0.0008671774591429113,4,0.0,0.38650591401337,0.8671774591429113,0.8671774591429113,0.0,0.0
2020-08-31,2.3123359419051974,0.0035465416474909084,0.3952684056057817,0.7594402913092551,0.005976459797646716,0.0007654167511069018,5,0.025120060104661612,0.3814691067222149,0.7654167511069018,0.7654167511069018,0.0,0.0
2020-09-01,2.3849373313088496,0.0313974228778513,0.7937327993909317,0.6407581131249692,0.9439247609470061,0.0015846828740719754,4,0.027099493609346714,0.6433810197395634,1.5846828740719754,1.5846828740719754,0.0,0.0
2020-09-02,2.43902323333885,0.02267812295106242,0.699102710313303,0.7810280549909352,0.5907151587539975,0.001371743213744933,6,1.1102230246251565e-16,0.3091957182418427,1.3717432137449328,1.3717432137449328,0.0,0.0
2020-09-03,2.292122018367134,-0.06022952670713955,0.6009586237680428,0.8976524962254191,0.3042647513106662,0.0012019172475360854,5,0.0,0.5863079739839334,1.2019172475360853,1.2019172475360853,0.0,0.0
2020-09-04,2.2335911887432642,-0.025535651747530475,0.1161003572520677,0.15444586558572979,0.07775484891840552,0.0002322007145041353,5,1.1102230246251565e-16,0.6023376691788657,0.2322007145041353,0.2322007145041353,0.0,0.0
2020-09-08,2.1687044348861053,-0.029050416291115266,0.3972423511444757,0.26492657295183913,0.5295581293371122,0.0007944847022889514,6,1.1102230246251565e-16,0.37898469294161713,0.7944847022889514,0.7944847022889514,0.0,0.0
2020-09-09,2.1954050264458727,0.012311770626858065,0.13408250489735674,0.13110374207105924,0.13706126772365423,0.0002681650097947135,7,1.1102230246251565e-16,0.36688533280183666,0.26816500979471347,0.26816500979471347,0.0,0.0
2020-09-10,2.160108614012004,-0.01607740348987441,0.10271775885206946,0.08734539535867988,0.0844199445049553,0.0001717653398636352,5,0.03367017784050386,0.3563296279683201,0.17176533986363518,0.17176533986363518,0.0,0.0
2020-09-11,2.143768373787121,-0.007564545652421706,0.03358295943029532,0.03267359464672377,0.03358295943029532,6.62565540770191e-05,4,0.033015206152558596,0.35775437988264075,0.0662565540770191,0.0662565540770191,0.0,0.0
2020-09-14,2.1789947402727536,0.01643198347189112,0.0713631209995757,0.0,0.11237585183996165,0.00011237585183996165,4,0.0021274308632106553,0.35999990325542314,0.11237585183996165,0.11237585183996165,0.0,0.0
2020-09-15,2.197187123768729,0.008348979995104644,0.31656277420709633,0.0,0.6310170636929163,0.0006310170636929165,4,0.0,0.6476985962622429,0.6310170636929164,0.6310170636929164,0.0,0.0
2020-09-16,2.1589610422676877,-0.0173977359904941,0.41611871067123646,0.17513050777940117,0.6283914509588193,0.0008035219587382205,6,0.028715462604252395,0.3477978965349384,0.8035219587382205,0.8035219587382205,0.0,0.0
2020-09-17,2.156246734147237,-0.0012572288555978695,0.18282168565215084,0.09655461628787913,0.24639892136288088,0.00034295353765076,6,0.00605191583804654,0.31369942555579144,0.34295353765076003,0.34295353765076003,0.0,0.0
2020-09-18,2.153476385657252,-0.0012848012456612157,0.13140031589298448,0.12403294333262468,0.1327095428862454,0.0002567424862188701,8,0.0,0.3049117286805078,0.2567424862188701,0.2567424862188701,0.0,0.0
2020-09-21,2.164454831776989,0.005098010915214557,0.546338289219914,0.3086641274285739,0.7431017303709169,0.0010517658577994908,9,0.040910720640337295,0.375165387012428,1.0517658577994908,1.0517658577994908,0.0,0.0
2020-09-22,2.2022840929244505,0.017477500843204874,0.3561333888397847,0.1821480899350487,0.5191256668769122,0.000701273756811961,5,0.029186767866491437,0.31996881859562837,0.7012737568119609,0.7012737568119609,0.0,0.0
2020-09-23,2.155735078998858,-0.02113669806504359,0.03912181402552394,0.0,0.061201615232741605,6.120161523274161e-05,5,0.04685718877950895,0.32568658368003883,0.061201615232741605,0.061201615232741605,0.0,0.0
2020-09-24,2.162030049143435,0.0029201037761563686,0.08658476516798352,0.049436455551968385,0.07701822352881244,0.0001264546790807808,6,1.1102230246251565e-16,0.34904405289005297,0.1264546790807808,0.1264546790807808,0.0,0.0
2020-09-25,2.1875571625922823,0.011807011405304157,0.08458965400254022,0.10700431827058718,0.06217498973449315,0.00016917930800508033,6,0.0,0.33245808229570667,0.16917930800508033,0.16917930800508033,0.0,0.0
2020-09-28,2.2175515074760974,0.0137113422207773,0.19401255961524377,0.0931823515550125,0.2108330774849321,0.0003040154290399446,10,0.08400969019054294,0.21068319681250236,0.3040154290399446,0.3040154290399446,0.0,0.0
2020-09-29,2.2098500116484425,-0.0034729726915883052,0.0964076254916279,0.036034114265220726,0.14078360065958623,0.00017681771492480697,12,0.10028510025624016,0.18192140881407745,0.17681771492480697,0.17681771492480697,0.0,0.0
2020-09-30,2.2234884266811745,0.006171647379162426,0.39888387993214414,0.1572907725209519,0.5408766013334605,0.0006981673738544124,7,1.1102230246251565e-16,0.4864984524084445,0.6981673738544124,0.6981673738544123,0.0,2.255140518769849e-16
2020-10-01,2.2441404355363863,0.009288111693046774,0.30990111292820494,0.12377682512367416,0.3535303635035211,0.00047730718862719525,13,0.14249503722921475,0.2621000010884675,0.47730718862719523,0.47730718862719523,0.0,0.0
2020-10-02,2.1954265996019813,-0.021707124546669343,0.17485171673091476,0.057126176037649176,0.2750327062728787,0.00033215888231052785,12,0.12806389577815702,0.1712612202765209,0.3321588823105278,0.3321588823105278,0.0,0.0
2020-10-05,2.22582230226884,0.013845009745426795,0.20086478599878077,0.09412729110449228,0.29223545861244593,0.00038636274971693823,11,0.11089943679125269,0.1658218510731098,0.38636274971693824,0.38636274971693824,0.0,0.0
2020-10-06,2.2017793105361037,-0.010801846898662482,0.16455259131710875,0.12282884803404683,0.1847741097316008,0.0003076029577656477,13,0.09057372619229276,0.15185271320523147,0.30760295776564767,0.30760295776564767,0.0,0.0
2020-10-07,2.2324756898194456,0.013941624002210995,0.20269377515230352,0.10385675964504745,0.2724852948769404,0.0003763420545219879,9,0.1183402217775098,0.2836327701404081,0.3763420545219879,0.3763420545219879,0.0,0.0
2020-10-08,2.24527925064046,0.005735140086587043,0.11950116538467744,0.004164378522032043,0.19430516668218697,0.00019846954520421904,11,0.07710925569567562,0.2205180191314709,0.19846954520421903,0.19846954520421903,0.0,0.0
2020-10-09,2.2632611427046747,0.008008755284709235,0.26835125234520496,0.30999874416702844,0.21429563967835477,0.0005242943838453832,5,0.06404838545208769,0.2940155867357045,0.5242943838453832,0.5242943838453832,0.0,0.0
2020-10-12,2.2992368702282056,0.015895526523527215,0.3207002780876633,0.14866049507457865,0.4787736243699696,0.0006274341194445483,5,0.049040238304794204,0.4540797932117241,0.6274341194445483,0.6274341194445483,0.0,0.0
2020-10-13,2.3177353968365435,0.008045507119282647,0.13058766677914435,0.11557549626158861,0.12620630071935243,0.00024178179698094106,7,0.029243534786585257,0.36024076566668106,0.24178179698094104,0.24178179698094104,0.0,0.0
2020-10-14,2.301942362370755,-0.006813993731702106,0.10265856470523275,0.06847791124475618,0.10740022959405904,0.0001758781408388152,9,0.0,0.3394047162197272,0.1758781408388152,0.1758781408388152,0.0,0.0
2020-10-15,2.296891930509129,-0.0021939871059259985,0.530466404016138,0.18644527051084103,0.843261287954276,0.001029706558465117,8,0.031226249567158915,0.47166547459952723,1.048329360099612,1.029706558465117,0.018622801634494875,0.018622801634494875
2020-10-16,2.266246955708187,-0.013341931500516435,0.06181921654742744,0.05977536032465424,0.030517709244193062,9.02930695688473e-05,6,0.06499100759469612,0.46763625941180065,0.1033542267975594,0.0902930695688473,0.013061157228712091,0.013061157228712091
2020-10-19,2.2373980950845027,-0.012729795643418362,0.24389593344548943,0.1948572483305958,0.28811585422264174,0.0004829731025532376,13,0.06097843930465485,0.2669019744847555,0.5439515418578925,0.48297310255323755,0.06097843930465495,0.06097843930465495
2020-10-20,2.2367552143503246,-0.0002873340848865702,0.24752219339131903,0.09543471446952521,0.3386334405588961,0.0004340681550284213,16,0.12194572087258793,0.1871670687025755,0.5000839338730898,0.43406815502842133,0.06601577884466847,0.06601577884466847
2020-10-21,2.2246163860167796,-0.005426981126797514,0.4279889086836725,0.2018975447866458,0.5699557054207446,0.0007718532502073904,8,0.20664105851785897,0.3382071233634454,0.9014003846298616,0.7718532502073904,0.12954713442247126,0.12954713442247126
2020-10-22,2.217794704619613,-0.0030664529129811324,0.14678413144764263,0.08035198063808094,0.12500857682063884,0.00020536055745871978,6,0.2954418016293928,0.3880046228279583,0.235207692252616,0.20536055745871978,0.029847134793896207,0.029847134793896207
2020-10-23,2.2249301740198217,0.003217371466053942,0.2007666155523173,0.04631548115223383,0.3301792831599386,0.0003764947643121724,6,0.3194218952874637,0.2241202092800006,0.37649476431217244,0.37649476431217244,0.0,0.0
2020-10-26,2.1984876315804276,-0.011884661706762611,0.3687182124107176,0.3391794562249133,0.29518133338080266,0.0006343607896057159,19,0.21998307482630508,0.16400349256637428,0.634360789605716,0.634360789605716,0.0,0.0
2020-10-27,2.1957216855730164,-0.0012581130626706516,0.20946410594420367,0.24862093365312482,0.11090423551373639,0.00035952516916686115,19,0.16077795524225824,0.17397096655416935,0.35952516916686117,0.35952516916686117,0.0,0.0
2020-10-28,2.1493793904894707,-0.021105723638855323,0.15525209829574355,0.10244488292100287,0.1559340219928914,0.0002583789049138943,15,0.1120767243028824,0.17896120420498327,0.25837890491389426,0.25837890491389426,0.0,0.0
2020-10-29,2.1572849868477393,0.003678083261265508,0.1042438673163953,0.1312007281511322,0.07578571874933149,0.0002069864469004637,15,0.11314418181231078,0.17651171363643087,0.2069864469004637,0.2069864469004637,0.0,0.0
2020-10-30,2.1129677135282563,-0.020543077799025533,0.3882516910737811,0.3826189234804065,0.2784435608844252,0.0006610624843648318,10,0.0,0.34482603951766894,0.6610624843648317,0.6610624843648317,0.0,0.0
2020-11-02,2.1120997428667647,-0.00041078273744288296,0.46646383249793066,0.18470798232618874,0.7482196826696725,0.0009329276649958614,8,0.0,0.4935252487493002,0.9329276649958613,0.9329276649958613,0.0,0.0
2020-11-03,2.175682096705306,0.030103859466523497,0.4576886588218973,0.23620636936649902,0.6545638839091215,0.0008907702532756206,10,0.02460706436817406,0.3133313498986938,0.8907702532756205,0.8907702532756205,0.0,0.0
2020-11-04,2.2563906136357135,0.0370957305999009,0.19689557361147147,0.1703398980193569,0.20247216898261294,0.00037281206700196987,10,0.044697132308040954,0.31121144325210215,0.37281206700196984,0.37281206700196984,0.0,0.0
2020-11-05,2.2895969706375787,0.01471658178384283,0.39071973697516976,0.37872749536761346,0.3927539157561484,0.000771481411123762,14,0.03405683759302436,0.22232769780411177,0.7714814111237619,0.7714814111237619,0.0,0.0
2020-11-06,2.3100610662684424,0.008937859323409736,0.5633280935543635,0.8278724006375627,0.21970565531628525,0.001047578055953848,8,0.11279790892208574,0.2890522797859531,1.0475780559538481,1.0475780559538481,0.0,0.0
2020-11-09,2.2736868613744723,-0.015745992790020535,0.40180306902020435,0.4981494570449973,0.23363954867704156,0.0007317890057220389,10,0.042701440963315185,0.29643623492077265,0.7317890057220389,0.7317890057220389,0.0,0.0
2020-11-10,2.255352140860605,-0.00806387230596195,0.6878345829771092,0.9817617500068119,0.3609214272002861,0.001342683177207098,7,0.07597676735302361,0.3856800249496675,1.342683177207098,1.342683177207098,0.0,0.0
2020-11-11,2.316741856452092,0.0272195700526221,0.5596388849897674,0.7433434155979195,0.30204816286719016,0.0010453915784651095,13,0.0,0.18639739954030937,1.0453915784651095,1.0453915784651095,0.0,0.0
2020-11-12,2.3112249307360053,-0.0023813294954385666,0.33575724566247733,0.29414216338496263,0.3704424508371878,0.0006645846142221504,11,0.006929877102804238,0.23476337071553663,0.6645846142221504,0.6645846142221504,0.0,0.0
2020-11-13,2.3250002633355566,0.0059601869192214,0.489642515854202,0.626165340317961,0.28358927546089785,0.0009097546157788589,8,0.07641296725230351,0.2966426784419213,0.9097546157788589,0.9097546157788589,0.0,0.0
2020-11-16,2.326609991731355,0.0006923562208500655,0.06980454253856833,0.0,0.13439274483777908,0.00013439274483777907,8,0.07113349638019129,0.36088084888269434,0.13439274483777908,0.13439274483777908,0.0,0.0
2020-11-17,2.3054760900377476,-0.009083560101914911,0.31673055744490153,0.30805351058470126,0.2588924488222496,0.0005669459594069509,10,0.005229710854365854,0.35538069482310364,0.5669459594069509,0.5669459594069509,0.0,0.0
2020-11-18,2.3073436329709933,0.0008100465414999647,0.5365473968273899,0.8742574257556361,0.19361747008188562,0.0010678748958375217,8,0.0,0.3568738419211735,1.0678748958375217,1.0678748958375217,0.0,0.0
2020-11-19,2.3260138460058117,0.008091648234805016,0.15079922965452788,0.13502907507180467,0.09087249026471078,0.00022590156533651545,9,0.07569689397254031,0.3643120208928679,0.22590156533651545,0.22590156533651545,0.0,0.0
2020-11-20,2.322463994456734,-0.0015261523722972514,0.22648748931299,0.3139851465270101,0.11385715378741768,0.0004278423003144278,8,0.050647481398258365,0.3893116983134787,0.42784230031442777,0.42784230031442777,0.0,0.0
2020-11-23,2.3023097061148348,-0.0086779766618571,0.09915089275718879,0.12867551167334618,0.04970416789831558,0.00017837967957166177,5,0.031159627060892148,0.38728853667394053,0.17837967957166176,0.17837967957166176,0.0,0.0
2020-11-24,2.312739100774985,0.004529970330425126,0.03585757873466701,0.03585757873466695,0.008169160732066819,4.402673946673377e-05,9,0.003329327733607723,0.37569431328205594,0.04402673946673377,0.04402673946673377,0.0,0.0
2020-11-25,2.3259191481668653,0.005698890716840488,0.18456667540598454,0.0738817348809483,0.211279009004673,0.0002851607438856213,9,0.08728212468634267,0.364578293348818,0.2851607438856213,0.2851607438856213,0.0,0.0
2020-11-27,2.3475181406446204,0.009286218093512932,0.42216184045421745,0.3618459159764106,0.3960642470285098,0.0007579101630049205,8,1.1102230246251565e-16,0.2531669410229127,0.7579101630049205,0.7579101630049205,0.0,0.0
2020-11-30,2.363971600143805,0.007008874272071308,0.29940398731276197,0.433886389780485,0.0952180178613794,0.0005291044076418645,8,0.06970356698365965,0.2830618061063177,0.5291044076418644,0.5291044076418644,0.0,0.0
2020-12-01,2.3795273012901657,0.006580324884365885,0.420633758367438,0.22373678848406073,0.5539738578416702,0.0007777106463257309,7,0.005637168114835389,0.40394772348307934,0.777710646325731,0.777710646325731,0.0,0.0
2020-12-02,2.3607630549522893,-0.007885703319185478,0.6161653648757516,0.5958308801353243,0.6308248449628538,0.001226655725098178,9,0.0,0.4026989803091515,1.226655725098178,1.226655725098178,0.0,0.0
2020-12-03,2.357676785926593,-0.0013073184194501986,0.6933919314679896,0.44218429540834664,0.5690917228140704,0.001011276018222417,3,0.37550784471356224,0.37346651595772096,1.3867838629359794,1.011276018222417,0.3755078447135623,0.3755078447135623
2020-12-04,2.3655176099172786,0.003325656865898363,0.022996503738401064,0.022996503738401036,0.01938273458509074,4.2379238323491776e-05,5,0.3706335436783458,0.364743714407846,0.4130127820018377,0.042379238323491775,0.37063354367834594,0.37063354367834594
2020-12-07,2.3867079859541236,0.008958029290505376,0.6018413104379868,1.0152870045435884,0.11753342710574916,0.0011328204316493375,3,0.4377889311524078,0.439804807920646,1.5706093628017455,1.1328204316493375,0.43778893115240775,0.43778893115240775
2020-12-08,2.368538733803803,-0.007612683351816529,0.4553140802590503,0.25564434157337246,0.25997082572976987,0.0005156151673031422,6,0.0459067900177722,0.3803788126994512,0.5156151673031423,0.5156151673031423,0.0,0.0
2020-12-09,2.365998384010452,-0.001072538843082893,0.46874559854697523,0.21357887402286818,0.6872876000081038,0.0009008664740309721,8,0.009289956343867978,0.34735828123205315,0.9008664740309721,0.9008664740309721,0.0,0.0
2020-12-10,2.368548009115627,0.0010776106705758792,0.40218351042310585,0.044010546391726475,0.7582133119193672,0.0008022238583110938,6,0.011415674096962092,0.3726175234653156,0.8022238583110938,0.8022238583110938,0.0,0.0
2020-12-11,2.389724265315716,0.008940606700218678,0.043214622174559555,0.0,0.044988754967602844,4.498875496760284e-05,6,0.05275449581974567,0.3739983124757768,0.044988754967602844,0.044988754967602844,0.0,0.0
2020-12-14,2.409432326867315,0.00824700231639297,0.2085305304075316,0.11896616217404408,0.24579099580905125,0.00036475715798309536,8,1.1102230246251565e-16,0.361819054449127,0.3647571579830953,0.3647571579830953,0.0,0.0
2020-12-15,2.4345594024661352,0.010428628900936987,0.15611554597483346,0.2771924345478427,0.03503865740182416,0.0003122310919496668,8,0.0,0.35564300042158387,0.3122310919496668,0.3122310919496668,0.0,0.0
2020-12-16,2.4503822793989842,0.0064992774120939956,0.3456102292049664,0.2506916905275816,0.4095022887157899,0.0006601939792433715,8,0.031026479166561316,0.36386519673303774,0.6601939792433715,0.6601939792433715,0.0,0.0
2020-12-17,2.4590736755755014,0.003546955203515889,0.38475915998266796,0.2197651808379461,0.47406206575099163,0.0006938272465889377,8,0.1065864410412447,0.21675285614821074,0.6938272465889377,0.6938272465889377,0.0,0.0
2020-12-18,2.468182486497683,0.0037041634875172313,0.28428256046893585,0.2826423833632859,0.11450976815577069,0.0003971521515190566,9,0.27756387910186286,0.26953084338271843,0.3971521515190566,0.3971521515190566,0.0,0.0
2020-12-21,2.462035781961268,-0.0024903768542403615,0.042419035149136565,0.009370164223750043,0.06903301976612652,7.840318398987657e-05,8,0.2846699135903592,0.307029085781126,0.07840318398987657,0.07840318398987657,0.0,0.0
2020-12-22,2.460951329250984,-0.00044046992258583995,0.16441795717216073,0.1786635649629778,0.060563520041476915,0.00023922708500445473,9,0.1951183972763415,0.3107660950277603,0.23922708500445472,0.23922708500445472,0.0,0.0
2020-12-23,2.4566035586768695,-0.001766703194182151,0.19597547869586757,0.18809848507322996,0.020285400312840436,0.0002083838853860704,8,0.37899006417675685,0.31436793461178786,0.2083838853860704,0.2083838853860704,0.0,0.0
2020-12-24,2.4677500608359098,0.004537363026960506,0.0,0.0,0.0,0.0,8,0.377278215948833,0.3155653824144163,0.0,0.0,0.0,0.0
2020-12-28,2.4571416985715033,-0.0042987993122824975,0.0,0.0,0.0,0.0,8,0.378907061363642,0.3137019566524284,0.0,0.0,0.0,0.0
2020-12-29,2.4492857942331545,-0.0031971718777618063,0.0,0.0,0.0,0.0,8,0.38012237794050135,0.31162344074610004,0.0,0.0,0.0,0.0
2020-12-30,2.460979328248917,0.004774262784398076,0.0,0.0,0.0,0.0,8,0.3783161970004272,0.3096082211741548,0.0,0.0,0.0,0.0
2020-12-31,2.464228612105147,0.0013203214748422898,0.0,0.0,0.0,0.0,8,0.37781735663089927,0.30972693661165285,0.0,0.0,0.0,0.0
2021-01-04,2.4537960671295242,-0.004233594612275127,0.0,0.0,0.0,0.0,8,0.379423682689704,0.31200597527169094,0.0,0.0,0.0,0.0
2021-01-05,2.4524751650745285,-0.0005383096308165802,0.8764900727513592,1.2144333784055916,0.15944028794462697,0.0013738736663502186,11,0.0,0.21514500163610398,1.3738736663502185,1.3738736663502185,0.0,0.0
2021-01-06,2.423276934250212,-0.01190561732902573,0.16686002817122803,0.08391380457799129,0.21001497694670143,0.0002939287815246927,9,0.039791274817763345,0.21358662868718883,0.2939287815246927,0.2939287815246927,0.0,0.0
2021-01-07,2.494625765994342,0.029443119247204885,0.22742419622447685,0.03186894847234062,0.3852120717056829,0.0004170810201780235,10,0.0008697101366476057,0.20159261298258563,0.4170810201780235,0.4170810201780235,0.0,0.0
2021-01-08,2.5136792623392106,0.007637817505373956,0.06536572589862356,0.032163005303516096,0.09770544078509608,0.00012986844608861217,9,0.0,0.21501288780698594,0.12986844608861217,0.12986844608861217,0.0,0.0
2021-01-11,2.496735045597711,-0.006740803011491381,0.024665666423190288,0.012916349794136571,0.036414983052244006,4.933133284638058e-05,11,0.0,0.2032252532607696,0.049331332846380575,0.049331332846380575,0.0,0.0
2021-01-12,2.5122902358744583,0.006230212654792622,0.08733055248481826,0.06200836983378777,0.0981484373303282,0.00016015680716411598,9,0.014504297805520538,0.23672438642584043,0.16015680716411598,0.16015680716411598,0.0,0.0
2021-01-13,2.5187997543001033,0.0025910694284807523,0.08317853817518052,0.058597680623449534,0.09329477983889409,0.00015189246046234362,10,0.0,0.19975343101276857,0.15189246046234361,0.15189246046234361,0.0,0.0
2021-01-14,2.505114193853486,-0.00543336580180831,0.025669579693980142,0.004595188316770006,0.04674397107119028,5.1339159387960286e-05,9,0.0,0.1984029620671481,0.051339159387960284,0.051339159387960284,0.0,0.0
2021-01-15,2.4681850423515144,-0.01474150423664533,0.09361560923054979,0.10059760300801744,0.08663361545308212,0.00018723121846109958,10,0.0,0.1855237327487249,0.18723121846109958,0.18723121846109958,0.0,0.0
2021-01-19,2.5091157835577786,0.01658333573210058,0.07289803218470045,0.0725893251914456,0.07320673917795531,0.0001457960643694009,12,0.0,0.1861837550290055,0.1457960643694009,0.1457960643694009,0.0,0.0
2021-01-20,2.579419529091423,0.028019330950904697,0.14774797535901107,0.025834569091749828,0.25787044940448967,0.0002837050184962395,12,0.011790932221782624,0.21047422569474117,0.2837050184962395,0.2837050184962395,0.0,0.0
2021-01-21,2.564975726825009,-0.005599632825723955,0.09738080753472818,0.038059228280432275,0.14983698524398475,0.00018789621352441704,11,0.0049896994177283105,0.19915486932781953,0.18789621352441704,0.18789621352441704,0.0,0.0
2021-01-22,2.543913522044187,-0.00821146358639957,0.11537552951523253,0.02092903875129874,0.19428067928058554,0.00021520971803188428,12,0.020571269660554337,0.20938708415243204,0.21520971803188427,0.21520971803188427,0.0,0.0
2021-01-25,2.4998777290661787,-0.01731025547701115,0.06619926046201502,0.0005646528291605656,0.1109025652569252,0.00011146721808608577,11,0.0,0.21488404761537835,0.11146721808608577,0.11146721808608577,0.0,0.0
2021-01-26,2.4465582976386826,-0.021328815728685058,0.0731029700867314,0.002789620599708274,0.12525079989495755,0.00012804042049466583,12,0.018165519678796982,0.21216744766627837,0.12804042049466582,0.12804042049466582,0.0,0.0
2021-01-27,2.3490044585589227,-0.03987390742902586,0.1390926663084712,0.07553029234278744,0.19287253781186353,0.00026840283015465096,12,0.009132350641298692,0.20785808639298894,0.26840283015465094,0.26840283015465094,0.0,0.0
2021-01-28,2.4385115864497657,0.03810428182233183,0.2813884427774005,0.012765773070397111,0.5472429392463398,0.0005600087123167369,11,0.01156038863029163,0.2037156280582986,0.5600087123167369,0.5600087123167369,0.0,0.0
2021-01-29,2.377224193022544,-0.02513311553153208,0.17670265353928133,0.06210664405902308,0.28470510154347506,0.00034681174560249813,13,0.005260753749784852,0.20595916225797542,0.3468117456024981,0.3468117456024981,0.0,0.0
2021-02-01,2.427567011378646,0.0211771437056143,0.24486400537848518,0.12617809595266816,0.3297810982559851,0.0004559591942086533,11,0.03891812398548,0.20694159557878417,0.45595919420865333,0.45595919420865333,0.0,0.0
2021-02-02,2.495818900860297,0.028115347243448552,0.14749269126416045,0.06530694031773836,0.19967254117712552,0.0002649794814948638,14,0.06784972039232962,0.2134618767896846,0.26497948149486383,0.26497948149486383,0.0,0.0
2021-02-03,2.4791836115005266,-0.006665262994056231,0.40585646683021015,0.38683540354900375,0.36182101829930846,0.0007486564218483121,7,0.005197342339608335,0.3231434707251358,0.7486564218483122,0.7486564218483122,0.0,0.0
2021-02-04,2.5124906250210186,0.013434669931660759,0.3928242613984745,0.6697700763365574,0.11560429702429406,0.0007853743733608514,9,0.004850266211213317,0.2260404306224632,0.7853743733608514,0.7853743733608514,0.0,0.0
2021-02-05,2.5166286312259714,0.0016469737891731118,0.10108998085030832,0.05949667883904734,0.13630003912726282,0.00019579671796631016,8,0.011224586714321916,0.2457128119443783,0.19579671796631015,0.19579671796631015,0.0,0.0
2021-02-08,2.5427455710450757,0.010377748824379252,0.290739081289982,0.053490293355063265,0.5169721909849652,0.0005704624843400285,10,8.72815409503902e-05,0.26430519239652445,0.5704624843400284,0.5704624843400284,0.0,0.0
2021-02-09,2.5407298282713695,-0.0007927426151715933,0.2606172573534466,0.04812209508863944,0.4673405063844325,0.000515462601473072,8,0.005859218995399207,0.5123436390141076,0.515462601473072,0.515462601473072,0.0,0.0
2021-02-10,2.527160695718813,-0.005340643621989716,0.04062560361213427,0.008989718640711833,0.06637125349815612,7.536097213886795e-05,8,0.0,0.5053824117318636,0.07536097213886794,0.07536097213886794,0.0,0.0
2021-02-11,2.5905271112018387,0.02507415361056098,0.033348493359102865,0.018516681515303255,0.0406842056484615,5.9200887163764756e-05,7,0.007496099554440971,0.5340294279268882,0.05920088716376475,0.05920088716376475,0.0,0.0
2021-02-12,2.6163366596437574,0.009963048960311749,0.04737620905210125,0.0,0.08733091399973895,8.733091399973896e-05,7,0.0,0.5129202814276388,0.08733091399973897,0.08733091399973897,0.0,0.0
2021-02-16,2.6116575346404862,-0.0017884261897351816,0.4714582335380774,0.30961093175794197,0.633305535318213,0.0009429164670761549,9,0.0,0.29866358541072613,0.9429164670761548,0.9429164670761548,0.0,0.0
2021-02-17,2.6082784154176863,-0.001293860001925995,0.29069228312469103,0.04716107319515041,0.5338917514393879,0.0005810528246345385,7,0.00033174161484361697,0.2620124583072832,0.5810528246345384,0.5810528246345384,0.0,0.0
2021-02-18,2.573540872767354,-0.013318188137047327,0.3717699357162204,0.10685198506778651,0.6363519167955436,0.0007432039018633301,7,0.0,0.5028692972725689,0.7432039018633301,0.7432039018633301,0.0,0.0
2021-02-19,2.5931803144104513,0.007631291910269455,0.3103794389217654,0.046542380003875346,0.5718277825112291,0.0006183701625151045,7,0.0023887153284263274,0.2777619751385536,0.6183701625151045,0.6183701625151045,0.0,0.0
2021-02-22,2.502309907530445,-0.03504207030071693,0.06612505617786674,0.0,0.1320897820155007,0.0001320897820155007,7,0.002314803269253818,0.25961775180439955,0.1320897820155007,0.1320897820155007,0.0,0.0
2021-02-23,2.4701793732469066,-0.012840349705224297,0.1153842137214826,0.08879417343101487,0.14182552833031892,0.0002306197017613338,6,0.002195646304524179,0.2818712581831361,0.23061970176133378,0.23061970176133378,0.0,0.0
2021-02-24,2.558752653345103,0.03585702360625409,0.5046055599364476,0.7889205936088879,0.18533513870623478,0.0009742557323151228,13,0.0370729647267618,0.23579861360902168,0.9742557323151227,0.9742557323151227,0.0,0.0
2021-02-25,2.438128077208038,-0.047141944720358264,0.09349143274944663,0.07642637745085985,0.07165512734590937,0.00014808150479676924,15,0.0,0.225988317421396,0.14808150479676924,0.14808150479676924,0.0,0.0
2021-02-26,2.45749291886567,0.007942503857224503,0.16424921743766996,0.10310017196737939,0.1528015270331708,0.00025590169900055015,13,0.07259673587478976,0.21916637481347562,0.25590169900055015,0.25590169900055015,0.0,0.0
2021-03-01,2.5233124922951315,0.026783219973566696,0.18311222011221803,0.04593041776623396,0.2560709412486509,0.00030200135901488486,14,0.006458646101656584,0.21884158068113752,0.30200135901488484,0.30200135901488484,0.0,0.0
2021-03-02,2.4793494954446786,-0.01742273181965881,0.20448797136541708,0.1446032874145461,0.2578021317386146,0.0004024054191531607,15,0.0,0.19837054053895406,0.4024054191531607,0.4024054191531607,0.0,0.0
2021-03-03,2.401111567933262,-0.03155582851677974,0.41472921554806624,0.34979298785890667,0.27228907588207285,0.0006220820637409795,7,0.20737636735515297,0.2738640887324815,0.6220820637409795,0.6220820637409795,0.0,0.0
2021-03-04,2.311937492118865,-0.037138664027658086,0.3295690516627435,0.3559925178061211,0.08786607036031709,0.00044385858816643823,8,0.0,0.22626345129900843,0.44385858816643825,0.44385858816643825,0.0,0.0
2021-03-05,2.3130015047905577,0.0004602255360794949,0.03575996392441666,0.00029588511587253836,0.07122404273296079,7.151992784883332e-05,9,0.0,0.22774196201691307,0.07151992784883332,0.07151992784883332,0.0,0.0
2021-03-08,2.241100312856198,-0.031085665869841295,0.35669624431200275,0.4474833315489592,0.26211326305280336,0.0007095965946017625,13,0.003795894022243007,0.2153743164452249,0.7095965946017625,0.7095965946017625,0.0,0.0
2021-03-09,2.3162495606418627,0.03353229989508577,0.3253775819438889,0.24120410738434223,0.38095080640705625,0.0006221549137913985,12,0.03227070373242902,0.21768474687639558,0.6221549137913985,0.6221549137913985,0.0,0.0
2021-03-10,2.2796717385622465,-0.01579183120038241,0.16279088249130902,0.20752638752853417,0.11758321061082144,0.00032510959813935567,12,0.032305667399114224,0.21113690027129656,0.32510959813935564,0.32510959813935564,0.0,0.0
2021-03-11,2.370324975144715,0.03976591675415597,0.11370171651841066,0.07897141953405223,0.11736797879710821,0.00019633939833116045,12,0.0,0.21840727448908667,0.19633939833116043,0.19633939833116043,0.0,0.0
2021-03-12,2.353911781702293,-0.006924448594404109,0.46947317447026177,0.3876395909449512,0.5513067579955723,0.0009389463489405235,11,1.1102230246251565e-16,0.25788999574610877,0.9389463489405234,0.9389463489405234,0.0,0.0
2021-03-15,2.380134557128578,0.011140084190972122,0.21645802137569384,0.09421223625405734,0.33870380649733023,0.0004329160427513876,11,0.0,0.2814326545727968,0.43291604275138756,0.43291604275138756,0.0,0.0
2021-03-16,2.373729588163026,-0.0026910112902520655,0.23049607216002957,0.17824248437661233,0.26589061106957723,0.00044413309544618956,8,0.016859048873869575,0.2771017855504158,0.44413309544618956,0.44413309544618956,0.0,0.0
2021-03-17,2.396926415632618,0.00977231256048161,0.25082744477467833,0.17225737337707367,0.3150032292036686,0.0004872606025807423,10,0.0022934691858672585,0.31218204542304595,0.4872606025807423,0.4872606025807423,0.0,0.0
2021-03-18,2.3189151289191927,-0.03254638365393292,0.2425360051551524,0.1784498647324234,0.3042526654459591,0.0004827025301783825,9,0.0,0.2764605907472234,0.4827025301783825,0.4827025301783825,0.0,0.0
2021-03-19,2.3296418246679087,0.00462573882715378,0.06918086456285578,0.03151681007237642,0.10618494986325766,0.0001377017599356341,8,0.0006599691900774918,0.27830695979547593,0.13770175993563408,0.13770175993563408,0.0,0.0
2021-03-22,2.332919181053705,0.001406806982555464,0.21962582635912112,0.06287816909532665,0.3674639953282256,0.00043034216442355226,8,0.009568246726236462,0.38212053067398977,0.4303421644235522,0.4303421644235522,0.0,0.0
2021-03-23,2.3271789235556937,-0.002460547088227294,0.04018153020589885,0.009349750534917343,0.06418427180289693,7.353402233781427e-05,9,0.002762104518563402,0.373360538288481,0.07353402233781427,0.07353402233781427,0.0,0.0
2021-03-24,2.2939111664668954,-0.014295315565151512,0.21775517213252532,0.047542625438115264,0.3851667690357993,0.0004327093944739145,8,0.0,0.28870947870809754,0.4327093944739145,0.4327093944739145,0.0,0.0
2021-03-25,2.3125924532181696,0.008143857976875113,0.17930685131431426,0.025549870330377124,0.3330638322982513,0.00035861370262862843,8,1.1102230246251565e-16,0.36494640405371515,0.3586137026286284,0.3586137026286284,0.0,0.0
2021-03-26,2.379507282082137,0.028934985397383706,0.23048981785194056,0.07892445793135192,0.37831375144657325,0.00045723820937792516,8,0.0037414263259560876,0.27753295687692864,0.45723820937792514,0.45723820937792514,0.0,0.0
2021-03-29,2.369641048955961,-0.004146334495577886,0.2969610467872349,0.06927508453036112,0.5209044321411156,0.0005901795166714767,9,1.2209911876337465e-05,0.3712559607239013,0.5901795166714767,0.5901795166714767,0.0,0.0
2021-03-30,2.369010408235165,-0.000266133438680094,0.08395081943643802,0.01141680725550958,0.15647262050562005,0.00016788942776112966,7,0.0,0.42205315620588524,0.16788942776112967,0.16788942776112967,0.0,0.0
2021-03-31,2.3743428026135187,0.0022508952935864635,0.7268342357603688,0.6502602120019303,0.8034082595188073,0.0014536684715207376,43,0.0,0.07850508525887245,1.4536684715207375,1.4536684715207375,0.0,0.0
2021-04-01,2.454726332262933,0.033855064888243414,0.022908978366976845,0.0030877227278907253,0.02963179415072887,3.271951687861959e-05,44,0.013098439855334099,0.08237346751521679,0.03271951687861959,0.03271951687861959,0.0,0.0
2021-04-05,2.491150334190356,0.014838314743560455,0.6686660787326822,0.6458240025525549,0.6893189046614058,0.0013351429072139605,9,0.015078940536275676,0.3276717841276908,1.3351429072139605,1.3351429072139605,0.0,0.0
2021-04-06,2.492391731374062,0.0004983228698276498,0.12590390920354175,0.163963597797693,0.07277635852111672,0.00023673995631880973,10,0.0,0.3087029136972002,0.23673995631880973,0.23673995631880973,0.0,0.0
2021-04-07,2.4795669871816326,-0.005145557189502825,0.0935444921969301,0.047539756209210526,0.13954922818464957,0.0001870889843938601,8,1.1102230246251565e-16,0.3017249871446242,0.1870889843938601,0.1870889843938601,0.0,0.0
2021-04-08,2.4903271972601577,0.004339552080726561,0.12195842981198661,0.131459345472593,0.11245751415138013,0.0002439168596239731,10,0.0,0.2980419096048511,0.2439168596239731,0.2439168596239731,0.0,0.0
2021-04-09,2.500978716105614,0.0042771563741401675,0.04565560356724514,0.0,0.08782683745070077,8.782683745070078e-05,10,0.003484369683789512,0.26930578739401456,0.08782683745070077,0.08782683745070077,0.0,0.0
2021-04-12,2.4804020336310773,-0.008227452053881312,0.055576214742085614,0.004965864653231343,0.10537439771129337,0.00011034026236452471,9,0.004325054449245913,0.25816653576760956,0.11034026236452471,0.11034026236452471,0.0,0.0
2021-04-13,2.492224080206079,0.004766181616814524,0.11230167455723941,0.05678016152117524,0.16351959764381485,0.00022029975916499012,10,1.1102230246251565e-16,0.27345247038642523,0.22029975916499012,0.22029975916499012,0.0,0.0
2021-04-14,2.484220052756117,-0.0032116002383301145,0.16499826896037942,0.01905456888880103,0.30191539341610374,0.00032096996230490476,9,0.009026575615854182,0.39694029741977227,0.32096996230490477,0.32096996230490477,0.0,0.0
2021-04-15,2.4935808575024185,0.0037681061047374342,0.19363518135970834,0.07994120603507644,0.3057832998673495,0.000385724505902426,10,0.007443364687018006,0.2504302229100508,0.385724505902426,0.385724505902426,0.0,0.0
2021-04-16,2.486260798108648,-0.002935561271954157,0.1549191457788554,0.10552410052768446,0.1968511688735968,0.00030237526940128125,12,1.1102230246251565e-16,0.2870132169756581,0.30237526940128123,0.30237526940128123,0.0,0.0
2021-04-19,2.4615958072844335,-0.009920516320322426,0.03518885105946391,0.0174323463231696,0.05292865915521573,7.036100547838534e-05,12,1.669664054260167e-05,0.2843443880024024,0.07036100547838534,0.07036100547838534,0.0,0.0
2021-04-20,2.4169121776107514,-0.018152301666038317,0.053266868884117635,0.029807895190648668,0.07559743511355604,0.00010540533030420471,11,0.0011454109979350813,0.2625662953518793,0.10540533030420471,0.10540533030420471,0.0,0.0
2021-04-21,2.438747378039103,0.00903433754466687,0.039658982388799564,0.0,0.07818289790844683,7.818289790844685e-05,11,0.0,0.27820347806323015,0.07818289790844685,0.07818289790844685,0.0,0.0
2021-04-22,2.430342447788177,-0.0034464128292303053,0.06099230103092449,0.0014520069964738824,0.120532595065375,0.00012198460206184888,12,1.1102230246251565e-16,0.27484132893752056,0.12198460206184887,0.12198460206184887,0.0,0.0
2021-04-23,2.4557273623409523,0.010444994933071161,0.11079171234501131,0.036555482351027624,0.1850279423389949,0.0002215834246900225,11,0.0,0.2546508722113284,0.2215834246900225,0.2215834246900225,0.0,0.0
2021-04-26,2.488751574254778,0.013447833183869884,0.16031152566517992,0.1259188392759864,0.17884131348976023,0.00030476015276574667,10,0.015862898564613204,0.26257436524126054,0.30476015276574664,0.30476015276574664,0.0,0.0
2021-04-27,2.475189369067896,-0.005449400947518446,0.07155612783646934,0.027632964843474543,0.10772449509834318,0.00013535745994181772,11,0.008192860846701122,0.27560735925697927,0.13535745994181772,0.13535745994181772,0.0,0.0
2021-04-28,2.477676508073614,0.001004827766634575,0.14165064664700314,0.20617253999835328,0.06894636834747757,0.0002751189083458309,9,1.1102230246251565e-16,0.27408624670112813,0.27511890834583075,0.27511890834583086,0.0,2.0903417885520525e-16
2021-04-29,2.472392234042295,-0.002132753817578714,0.30685648570863355,0.2434625628725061,0.3639388249189806,0.0006074013877914867,9,0.006311583625780548,0.22159978244995723,0.6074013877914867,0.6074013877914867,0.0,0.0
2021-04-30,2.474602844541899,0.0008941180404817839,0.23647770770619633,0.1059212213326898,0.36302149433990416,0.000468942715672594,9,0.002290288499322668,0.27224968915524606,0.468942715672594,0.468942715672594,0.0,0.0
2021-05-03,2.4354622618134334,-0.015816914950532723,0.3054845301092399,0.14514836812939252,0.4078634720993803,0.0005530118402287728,6,0.0602830290565739,0.3245525653688763,0.5530118402287728,0.5530118402287728,0.0,0.0
2021-05-04,2.3844179909372873,-0.020958760756218275,0.07440588997216413,0.013282009902645574,0.07396160791443154,8.724361781707711e-05,8,0.0,0.36053222629764115,0.08724361781707711,0.08724361781707711,0.0,0.0
2021-05-05,2.380864397651162,-0.0014903399066907852,0.10754639291550207,0.06328115096167265,0.15066218020627933,0.00021394333116795197,6,0.001149454663052163,0.31659857075053705,0.21394333116795197,0.21394333116795197,0.0,0.0
2021-05-06,2.3690921119777237,-0.004944542698463783,0.06581023566618797,0.0007204002695130249,0.1304962419298276,0.00013121664219934063,7,0.0007511857227071594,0.3467153131535066,0.13121664219934062,0.13121664219934062,0.0,0.0
2021-05-07,2.4047631065840545,0.015056820469742105,0.1949281112288134,0.13123130727172472,0.25295274437530396,0.0003841840516470287,5,0.0064119295255685715,0.347089789037979,0.3841840516470287,0.3841840516470287,0.0,0.0
2021-05-10,2.35568778478893,-0.020407549359336086,0.18340952464953292,0.07224846954270978,0.293927663278424,0.0003661761328211338,7,0.005900194002165127,0.38034823867159157,0.3661761328211338,0.3661761328211338,0.0,0.0
2021-05-11,2.351039464599602,-0.0019732327090808965,0.20068396132734226,0.11571705404704093,0.2797413470254836,0.0003954584010725246,8,0.0,0.41697222391732974,0.39545840107252456,0.39545840107252456,0.0,0.0
2021-05-12,2.276673891942597,-0.031630933370856984,0.43499044586534236,0.25368744257676024,0.6162934491539244,0.0008699808917306848,7,0.0,0.42188716109014596,0.8699808917306847,0.8699808917306847,0.0,0.0
2021-05-13,2.2521907086201307,-0.01075392633486727,0.2635324221461958,0.17093990097412065,0.35148883836398004,0.0005224287393381007,6,0.004636104954290898,0.405302135966585,0.5224287393381007,0.5224287393381007,0.0,0.0
2021-05-14,2.326853335050866,0.03315111200173604,0.2037687525636179,0.20840774196293133,0.19709364763741954,0.0004055013896003509,7,0.0024494093430547093,0.4023787665171695,0.40550138960035087,0.40550138960035087,0.0,0.0
2021-05-17,2.31846470539199,-0.0036051389799748312,0.1811406717021586,0.1252081447890124,0.2064404565245509,0.00033164860131356327,5,0.033090198562744755,0.34889378596946014,0.3316486013135633,0.3316486013135633,0.0,0.0
2021-05-18,2.3150015439366154,-0.001493730505070956,0.44735954811623485,0.2772271615286482,0.5843807877889984,0.0008616079493176466,5,1.1102230246251565e-16,0.6454962224837382,0.8616079493176466,0.8616079493176466,0.0,0.0
2021-05-19,2.4127908968041556,0.04224159293701857,0.6257586696774711,0.5149489160444712,0.7365684233104708,0.001251517339354942,9,0.0,0.22035284262155772,1.2515173393549421,1.2515173393549421,0.0,0.0
2021-05-20,2.4665510885069515,0.02228133062587534,0.3914390750281091,0.22027936170315374,0.55763917331872,0.0007779185350218739,8,0.004959615034344389,0.4035107639357678,0.7779185350218738,0.7779185350218738,0.0,0.0
2021-05-21,2.4704986670097466,0.0016004446537472017,0.24461986240672853,0.21842680760500482,0.26945600944181836,0.00048788281704682313,8,0.0035923665171885277,0.4403597341836278,0.4878828170468231,0.4878828170468231,0.0,0.0
2021-05-24,2.502170312186446,0.012819940200588853,0.3455020435097205,0.5529838451443444,0.13637279286671375,0.0006893566380110582,7,0.005191899461019833,0.35876600761607025,0.6893566380110582,0.6893566380110582,0.0,0.0
2021-05-25,2.501876120581992,-0.00011757457237060454,0.304738536557984,0.37107011708102144,0.15252761003845428,0.0005235977271194757,7,0.09106913717823373,0.24391321145590816,0.5235977271194757,0.5235977271194757,0.0,0.0
2021-05-26,2.5104256914990404,0.0034172638871741157,0.43779327036326104,0.14333630050964516,0.6509366362837273,0.0007942729367933724,9,0.00937329841760337,0.39040271146286476,0.7942729367933724,0.7942729367933724,0.0,0.0
2021-05-27,2.5372520098582747,0.010685963918420471,0.29306048408132673,0.0,0.5782879761132131,0.0005782879761132132,9,0.0014358395028578608,0.209549025266569,0.5782879761132131,0.5782879761132131,0.0,0.0
2021-05-28,2.5277336697294683,-0.0037514366297961566,0.18160643692636705,0.014765883411882827,0.34814423801720124,0.0003629101214290841,8,0.0011379707803202965,0.24204663277143623,0.3629101214290841,0.3629101214290841,0.0,0.0
2021-06-01,2.507892259229219,-0.007849486177225695,0.29113799190713696,0.16747233108923731,0.4136573453292495,0.0005811296764184869,6,0.0,0.34139700131106376,0.5811296764184869,0.5811296764184869,0.0,0.0
2021-06-02,2.4885601695816844,-0.0077085008641784025,0.6429247651586489,0.09135241028968542,1.1822500211789475,0.001273602431468633,8,0.012247098848664817,0.5103607696526811,1.273602431468633,1.273602431468633,0.0,0.0
2021-06-03,2.462066557585496,-0.010646160908635682,0.5420320934115591,0.22704532246601603,0.8526680575964362,0.0010797133800624522,10,0.008014714055836314,0.23779982176487863,1.079713380062452,1.079713380062452,0.0,0.0
2021-06-04,2.5094117792670283,0.019229870750514078,0.48151586440520633,0.14151862747683586,0.8136571123901679,0.0009551757398670038,9,1.1102230246251565e-16,0.5113428245436168,0.9551757398670038,0.9551757398670038,0.0,0.0
2021-06-07,2.5031685722369486,-0.002487916523570055,0.14937871041992234,0.021715522827468334,0.27704189801237633,0.0002987574208398447,8,1.1102230246251565e-16,0.4487059601496211,0.2987574208398446,0.2987574208398447,0.0,2.3245294578089215e-16
2021-06-08,2.52456011865646,0.008545787389937942,0.1234848442359594,0.029923321150809177,0.2170463673211095,0.0002469696884719187,9,0.0,0.37569741366306675,0.2469696884719187,0.2469696884719187,0.0,0.0
2021-06-09,2.510116326873488,-0.0057213102893579615,0.0821175010281665,0.04163881542893142,0.1225961866274016,0.000164235002056333,8,0.0,0.36331840920756037,0.16423500205633296,0.164235002056333,0.0,1.9081958235744878e-16
2021-06-10,2.5689988080658344,0.02345806868070066,0.1789361565197464,0.06965248581765308,0.2882198272218396,0.0003578723130394927,10,1.1102230246251565e-16,0.405202728364341,0.3578723130394927,0.3578723130394927,0.0,0.0
2021-06-11,2.5890194582018813,0.0077931722168140816,0.38666362714733044,0.10390687695409209,0.6577619600307277,0.00076166883698482,9,0.011658417309841074,0.2741821817445188,0.7616688369848199,0.7616688369848199,0.0,0.0
2021-06-14,2.618735783745883,0.0114778301298053,0.31344853080066554,0.051611784293103875,0.5637662477962857,0.0006153780320893897,6,0.0,0.29829420674750545,0.6153780320893897,0.6153780320893897,0.0,0.0
2021-06-15,2.581090027574044,-0.0143755457902629,0.25444954830951527,0.07927224763431913,0.42894098268317854,0.0005082132303174977,7,0.0006858663015328892,0.4102821853828932,0.5082132303174977,0.5082132303174977,0.0,0.0
2021-06-16,2.568946787253791,-0.00470469460209666,0.33440277858562156,0.11292004519008514,0.5444107507462176,0.0006573307959363028,6,0.012163416608650834,0.4810031863660066,0.6573307959363027,0.6573307959363027,0.0,0.0
2021-06-17,2.614847516439595,0.01786752820788151,0.3332423979705494,0.0613192126138906,0.5932235036399757,0.0006545427162538663,6,0.0,0.4436992758633548,0.6545427162538663,0.6545427162538663,0.0,0.0
2021-06-18,2.6158916386353277,0.0003993051943445014,0.5104256774142153,0.4309335276284804,0.5899178271999502,0.0010208513548284307,19,0.0,0.16245942904056068,1.0208513548284306,1.0208513548284306,0.0,0.0
2021-06-21,2.6371967776226986,0.008144503645604262,0.13212454840096322,0.10706093626867269,0.13009993764744515,0.00023716087391611784,18,0.02708822288580859,0.16882413111837763,0.23716087391611784,0.23716087391611784,0.0,0.0
2021-06-22,2.6612563202431736,0.009123150318029571,0.11719473950380235,0.021677913621925293,0.18674618444842206,0.00020842409807034736,20,0.0008723514434239021,0.1632291927619573,0.20842409807034734,0.20842409807034734,0.0,0.0
2021-06-23,2.659326709412045,-0.0007250751520816445,0.14452210772055407,0.00904019018161083,0.25746386812375976,0.0002665040583053706,18,0.02341290890458303,0.15566835498685713,0.2665040583053706,0.2665040583053706,0.0,0.0
2021-06-24,2.690785427655324,0.011829580070751744,0.0818857229046135,0.011705024054377976,0.14306176223003528,0.00015476678628441326,19,0.014130941395528396,0.16089807121730584,0.15476678628441326,0.15476678628441326,0.0,0.0
2021-06-25,2.6897897485936095,-0.00037003287273718044,0.06295927249902673,0.011797694571397491,0.11318371279572241,0.00012498140736711988,19,0.015071543116185082,0.1395666616372217,0.12498140736711989,0.12498140736711989,0.0,0.0
2021-06-28,2.71041032530277,0.007666241095588333,0.4481092352601123,0.3728771949505171,0.512869371814709,0.0008857465667652261,7,0.004471728307381628,0.2992767841771902,0.8857465667652261,0.8857465667652261,0.0,0.0
2021-06-29,2.7124133213085124,0.0007390010239569644,0.36068735156903226,0.07937093370881314,0.6375385467504191,0.0007169094804592324,7,0.0,0.45610904528400514,0.7169094804592323,0.7169094804592323,0.0,0.0
2021-06-30,2.7011294649223743,-0.004160079991309962,0.4824143482125565,0.08100140286801291,0.8720465903585565,0.0009530479932265694,5,0.01178070319854363,0.36518352064404036,0.9530479932265694,0.9530479932265694,0.0,0.0
2021-07-01,2.693267234484957,-0.002910719585832,0.35738454549168414,0.17372846010070786,0.5292338428251224,0.0007029623029258303,7,0.0,0.2557917062219438,0.7029623029258303,0.7029623029258303,0.0,0.0
2021-07-02,2.6960273414396805,0.0010248173368698765,0.3094170978500118,0.26892858815229337,0.34990560754773015,0.0006188341957000235,5,1.1102230246251565e-16,0.3994371068243163,0.6188341957000235,0.6188341957000235,0.0,0.0
2021-07-06,2.660576933636592,-0.013149127702895669,0.524085422445583,0.4871671067937854,0.5567694430255625,0.001043936549819348,18,0.004234295071818273,0.16407060778788773,1.0439365498193478,1.0439365498193478,0.0,0.0
2021-07-07,2.63900195395868,-0.008109135806278811,0.4761036564588673,0.35963956264372066,0.5883028846960618,0.0009479424473397825,6,1.1102230246251565e-16,0.44585027814033795,0.9479424473397825,0.9479424473397825,0.0,0.0
2021-07-08,2.587968947163095,-0.019337995077658765,0.322226235783695,0.45178253519480016,0.18505503371919382,0.000636837568913994,6,0.0076149026533962605,0.45407797924927656,0.6368375689139939,0.6368375689139939,0.0,0.0
2021-07-09,2.595941764036005,0.0030807235464125338,0.2635282545770818,0.18185706675125393,0.33967140932748313,0.0005215284760787371,5,0.002059523026650023,0.6943892048603744,0.5215284760787371,0.5215284760787371,0.0,0.0
2021-07-12,2.611605734583249,0.006034022320628107,0.09466287773759954,0.12398870303214346,0.06347256891401137,0.00018746127194615484,7,0.00391127011891923,0.7008283642755199,0.18746127194615483,0.18746127194615483,0.0,0.0
2021-07-13,2.620629721391855,0.003455340401925522,0.0738975965899342,0.01326606286317286,0.13063188931582329,0.00014389795217899614,6,1.1102230246251565e-16,0.6585220736923881,0.14389795217899615,0.14389795217899615,0.0,0.0
2021-07-14,2.5966504892093756,-0.009150179434637362,0.028438943726212508,0.022710859189622103,0.029664619484517908,5.237547867414001e-05,5,0.004502408778285116,0.6686610149897466,0.05237547867414001,0.05237547867414001,0.0,0.0
2021-07-15,2.5549855076567822,-0.01604566410679298,0.7309542204089554,0.7309542204089552,0.7263850579213038,0.0014573392783302592,42,1.1102230246251565e-16,0.09672343178235673,1.4573392783302592,1.4573392783302592,0.0,0.0
2021-07-16,2.529126220995765,-0.010121108939178725,0.7182143601484587,0.7122888676881669,0.7153580119505203,0.0014276468796386873,7,0.0087818406582304,0.6792230030872156,1.4276468796386872,1.4276468796386872,0.0,0.0
2021-07-19,2.500948662008833,-0.011141222906557058,0.13797871629227731,0.06540289641750746,0.20862627281539642,0.0002740291692329039,8,0.010806613204130122,0.5663666159427441,0.2740291692329039,0.2740291692329039,0.0,0.0
2021-07-20,2.5272489675610728,0.010516131719039201,0.1778490854454651,0.0625327974260676,0.2852035267039168,0.0003477363241299845,6,0.0027285865860221525,0.7062305286576351,0.34773632412998445,0.34773632412998445,0.0,0.0
2021-07-21,2.5452731838228035,0.007131951182128615,0.7684609440839864,0.7512700596747981,0.7829467208461609,0.001534216780520959,44,1.1102230246251565e-16,0.08906693178180117,1.534216780520959,1.534216780520959,0.0,0.0
2021-07-22,2.5612071641581036,0.006260224024899452,0.015751439179071285,0.00015360676366500464,0.03134927159447756,3.150287835814257e-05,43,1.1102230246251565e-16,0.08842503993587297,0.03150287835814257,0.03150287835814257,0.0,0.0
2021-07-23,2.5904766115745237,0.01142798904595499,0.7143797275427939,0.7043658398832684,0.7206629412788421,0.0014250287811621103,7,0.00373067392347759,0.6837594285964081,1.4250287811621103,1.4250287811621103,0.0,0.0
2021-07-26,2.584693279724719,-0.0022325358291073183,0.36452775986789504,0.22328495118297065,0.5001007345182558,0.0007233856857012265,7,0.00940615070275752,0.39636447792348073,0.7233856857012265,0.7233856857012265,0.0,0.0
2021-07-27,2.5471036338912794,-0.014543174669237047,0.35933916839298197,0.13223992311487123,0.576900217595816,0.0007091401407106873,5,1.1102230246251565e-16,0.7237159096206454,0.7091401407106872,0.7091401407106872,0.0,0.0
2021-07-28,2.5856225017867485,0.015122615107977744,0.5552293468419612,0.2937648736009813,0.816693820082941,0.0011104586936839225,9,0.0,0.2639435734585921,1.1104586936839225,1.1104586936839225,0.0,0.0
2021-07-29,2.5673594745612034,-0.007063299926004185,0.3104357250184429,0.24921996568170482,0.371651484355181,0.0006208714500368858,9,0.0,0.314111439644998,0.6208714500368858,0.6208714500368858,0.0,0.0
2021-07-30,2.587967765986642,0.008027037752070587,0.39597399447956666,0.21908122169791688,0.5728667672612164,0.0007919479889591333,14,0.0,0.2500042516237517,0.7919479889591333,0.7919479889591333,0.0,0.0
2021-08-02,2.574825561053652,-0.005078194985933093,0.23199096474712014,0.17581276203008483,0.2845570268524866,0.0004603697888825715,10,0.0036121406116688126,0.30147342973560415,0.46036978888257146,0.46036978888257146,0.0,0.0
2021-08-03,2.543549375886233,-0.01214691419896452,0.04748158747531178,0.03353353480756276,0.06017521952576087,9.370875433332362e-05,8,0.0049106344555579495,0.30083410971850755,0.09370875433332362,0.09370875433332362,0.0,0.0
2021-08-04,2.553336532540431,0.003847834347932899,0.09485976692213632,0.06025253316419866,0.12457609325193185,0.00018482862641613053,8,0.0,0.269990459600733,0.18482862641613051,0.18482862641613051,0.0,0.0
2021-08-05,2.551136072803541,-0.0008617977727756188,0.24832687421262561,0.11805666799085347,0.37859708043439766,0.0004966537484252511,9,1.1102230246251565e-16,0.2044655014363483,0.4966537484252511,0.4966537484252511,0.0,0.0
2021-08-06,2.536514083782554,-0.005731559824215138,0.27823897409931414,0.19161739232160854,0.36486055587701965,0.0005564779481986283,10,1.1102230246251565e-16,0.2515918409091086,0.5564779481986283,0.5564779481986283,0.0,0.0
2021-08-09,2.5378901606152553,0.0005425070735853854,0.26117090185618963,0.13607431964271036,0.3862674840696688,0.0005223418037123792,9,0.0,0.3072471129473595,0.5223418037123791,0.5223418037123791,0.0,0.0
2021-08-10,2.488144774553009,-0.01960107920911225,0.33344952678295975,0.07023726450905757,0.5966617890568618,0.0006668990535659195,10,0.0,0.21899000027292423,0.6668990535659195,0.6668990535659195,0.0,0.0
2021-08-11,2.452771692476829,-0.014216649464271924,0.18420716370936308,0.0,0.36841432741872615,0.00036841432741872615,10,0.0,0.22694897106710843,0.36841432741872615,0.36841432741872615,0.0,0.0
2021-08-12,2.4436693404758834,-0.0037110473954280465,0.055736566192013656,0.00799261921671604,0.10348051316731127,0.00011147313238402732,11,0.0,0.24108258110821373,0.11147313238402731,0.11147313238402731,0.0,0.0
2021-08-13,2.4444972124991615,0.00033878234242479266,0.05278253183140416,0.013761073071744599,0.09180399059106373,0.00010556506366280832,9,0.0,0.2619374856844474,0.10556506366280832,0.10556506366280832,0.0,0.0
2021-08-16,2.4251299505224746,-0.007922799779708667,0.06028596024587883,0.040896329610392676,0.07967559088136487,0.00012057192049175756,11,1.1102230246251565e-16,0.2333896621295169,0.12057192049175755,0.12057192049175755,0.0,0.0
2021-08-17,2.4261484799682345,0.00041998963624223506,0.09042204238118348,0.08160359906808833,0.09924048569427854,0.00018084408476236685,11,0.0,0.24994779465612352,0.18084408476236685,0.18084408476236685,0.0,0.0
2021-08-18,2.3954144633234504,-0.012667821816571778,0.19070572663641358,0.062289399370370695,0.31912205390245646,0.00038141145327282716,9,0.0,0.2298450834910278,0.38141145327282716,0.38141145327282716,0.0,0.0
2021-08-19,2.3939206563821958,-0.0006236110552585439,0.15172622948185713,0.04289271543892395,0.2605597435247903,0.00030345245896371426,10,0.0,0.23610986285677327,0.30345245896371426,0.30345245896371426,0.0,0.0
2021-08-20,2.3954248941214,0.0006283573915424334,0.07547685429061024,0.059824183591953434,0.09112952498926705,0.00015095370858122048,10,0.0,0.26576814716954966,0.15095370858122048,0.15095370858122048,0.0,0.0
2021-08-23,2.4406225305596134,0.018868317077747943,0.06406896067676005,0.016757586977610553,0.11138033437590941,0.00012813792135352,9,1.1102230246251565e-16,0.23765820919918795,0.12813792135351998,0.12813792135351998,0.0,0.0
2021-08-24,2.5559233565738992,0.04724238368308775,0.07704453118873342,0.04696943408733491,0.1071196282901318,0.00015408906237746674,13,0.0,0.22190137229227633,0.15408906237746672,0.15408906237746672,0.0,0.0
2021-08-25,2.567720916589502,0.004615772216040481,0.19520868138158745,0.013239317445856026,0.37717804531731886,0.0003904173627631749,10,0.0,0.2527866814249902,0.3904173627631749,0.3904173627631749,0.0,0.0
2021-08-26,2.558272932992132,-0.0036795212191202964,0.2092514921907719,0.07984957375447466,0.33025626000144936,0.0004101058337559241,10,0.008397150625619743,0.261639010628479,0.4101058337559241,0.4101058337559241,0.0,0.0
2021-08-27,2.603844454325571,0.017813393069104233,0.17782597867745822,0.0908853270858142,0.25651930961708624,0.00034740463670290047,11,0.0,0.23595257737916178,0.34740463670290045,0.34740463670290045,0.0,0.0
2021-08-30,2.5968083902591754,-0.002702182941345499,0.15887729901953687,0.037533102400607365,0.2802214956384663,0.00031775459803907373,13,0.0,0.21744816387015542,0.31775459803907374,0.31775459803907374,0.0,0.0
2021-08-31,2.584904869129388,-0.004583904293608443,0.10991209860474266,0.05382057594205166,0.15429666982008353,0.0002081172457621352,10,0.011706951447350122,0.23259925600484777,0.2081172457621352,0.2081172457621352,0.0,0.0
2021-09-01,2.566311709424464,-0.007192976394209127,0.17069354899038905,0.0610034947456028,0.27106635242495647,0.0003320698471705593,10,0.0024706028647759615,0.2868896903736024,0.33206984717055926,0.33206984717055926,0.0,0.0
2021-09-02,2.5886262096593553,0.008695163628387181,0.07100244487808142,0.0256163139241466,0.11393961189664858,0.0001395559258207952,9,1.1102230246251565e-16,0.33122604683533213,0.13955592582079518,0.13955592582079518,0.0,0.0
2021-09-03,2.69036972961595,0.039304060036533084,0.05539952138489693,0.004652864466391286,0.09661340042669465,0.00010126626489308593,10,0.009532777876708032,0.3264944628470835,0.10126626489308593,0.10126626489308593,0.0,0.0
2021-09-07,2.626493385685567,-0.02374258943937091,0.14298624497470205,0.04020585399948834,0.23797461058946853,0.00027818046458895693,11,0.0019698734390268813,0.26858095623019307,0.2781804645889569,0.2781804645889569,0.0,0.0
2021-09-08,2.60065002611987,-0.009839491584689886,0.22957397877628627,0.13868159072799383,0.30566728501761514,0.000444348875745609,13,0.016787646399516465,0.16259558664024082,0.444348875745609,0.444348875745609,0.0,0.0
2021-09-09,2.596060222821458,-0.0017648677262660506,0.1760823402663073,0.1431260527782194,0.1938455687168058,0.00033697162149502524,12,0.0016186007572956962,0.19052084796785979,0.33697162149502524,0.33697162149502524,0.0,0.0
2021-09-10,2.5809104838037378,-0.005835665476687346,0.11167341047820382,0.0717002096519711,0.15001887047082424,0.00022171908012279536,12,1.1102230246251565e-16,0.19837572626551878,0.22171908012279534,0.22171908012279534,0.0,0.0
2021-09-13,2.5592829615885173,-0.008379803310088363,0.20626878958131906,0.2279692223661125,0.1845683567965255,0.000412537579162638,14,0.0,0.19267962248742582,0.412537579162638,0.412537579162638,0.0,0.0
2021-09-14,2.550790404500045,-0.003318334555394764,0.4625957775448951,0.2924688237500234,0.6327227313397668,0.0009251915550897902,14,0.0,0.19459177982365655,0.9251915550897902,0.9251915550897902,0.0,0.0
2021-09-15,2.577754194984064,0.010570758944541403,0.3765049758142794,0.07838077728596908,0.6746291743425895,0.0007530099516285586,15,1.1102230246251565e-16,0.2125928187271859,0.7530099516285587,0.7530099516285587,0.0,0.0
2021-09-16,2.57981113397025,0.0007979577688936867,0.1575143199447907,0.027891679713388184,0.27821608590093594,0.00030610776561432407,13,0.008920874275257451,0.1506108718284298,0.30610776561432407,0.30610776561432407,0.0,0.0
2021-09-17,2.5631781237396773,-0.006447375163070479,0.2992347539330287,0.05367890532715194,0.5358171317509959,0.000589496037078148,16,0.0,0.30013476798451927,0.5894960370781479,0.5894960370781479,0.0,0.0
2021-09-20,2.5177756597047734,-0.01771334719752593,0.10476877898818575,0.07793413639069233,0.13160342158567917,0.0002095375579763715,14,0.0,0.30244438829756837,0.2095375579763715,0.2095375579763715,0.0,0.0
2021-09-21,2.5110336204606343,-0.002677776003653043,0.4759466611730778,0.41160105317596435,0.5402922691701912,0.0009518933223461556,35,0.0,0.1103833825930881,0.9518933223461556,0.9518933223461556,0.0,0.0
2021-09-22,2.540458273200507,0.011718143676019421,0.03950382345177357,0.015992045578852556,0.06301560132469457,7.900764690354714e-05,36,0.0,0.10155932267742385,0.07900764690354714,0.07900764690354714,0.0,0.0
2021-09-23,2.5753730122429337,0.013743480619518467,0.06097715409544223,0.04923641525641511,0.05295234332894689,0.000102188758585362,36,0.01976554960552246,0.10313468697630453,0.102188758585362,0.102188758585362,0.0,0.0
2021-09-24,2.572826073398484,-0.0009889592041005812,0.030095196053256324,0.0030935843068425617,0.05192728560027118,5.502086990711374e-05,35,0.024953549883460213,0.10368320000665497,0.05502086990711374,0.05502086990711374,0.0,0.0
2021-09-27,2.549622567733417,-0.009018684125202792,0.051816934247292196,0.018746995349928245,0.06905956237285014,8.78065577227784e-05,36,0.009351124379734621,0.10081729208836711,0.08780655772277839,0.08780655772277839,0.0,0.0
2021-09-28,2.4736743185085315,-0.0297880361532894,0.038789548187124955,0.0198047028944005,0.05239861346221546,7.220331635661595e-05,39,0.0042617523422742165,0.09951829337025885,0.07220331635661595,0.07220331635661595,0.0,0.0
2021-09-29,2.4673663130886627,-0.0025500549416189733,0.08877226399165938,0.053209450018617634,0.12006317046860268,0.0001732726204872203,38,1.1102230246251565e-16,0.09751125051563891,0.1732726204872203,0.1732726204872203,0.0,0.0
2021-09-30,2.4753919442792247,0.0032527116658715993,0.5335044846063532,0.45978790216983356,0.6054874406847567,0.0010652753428545903,12,0.001733626358116247,0.33072930597606326,1.0652753428545902,1.0652753428545902,0.0,0.0
2021-10-01,2.5109325640154223,0.01435757267382809,0.20440846205353136,0.11017014049965285,0.29693839138880906,0.0004071085318884619,12,0.0,0.1992263927096641,0.4071085318884619,0.4071085318884619,0.0,0.0
2021-10-04,2.4391507786520377,-0.02858769940383943,0.20341062811022503,0.037778331011487726,0.3541419256345818,0.00039192025664606955,13,0.014900999574380513,0.31723613834580505,0.39192025664606955,0.39192025664606955,0.0,0.0
2021-10-05,2.484600403919085,0.01863338079172161,0.3252964274137977,0.0862706504679662,0.5569978758482075,0.0006432685263161738,9,0.007294684090314862,0.22445783861873655,0.6432685263161738,0.6432685263161738,0.0,0.0
2021-10-06,2.5124547921846414,0.01121081209743835,0.09894042830931936,0.05273921715959982,0.13792920349893228,0.00019066842065853213,11,0.0,0.22884853082029785,0.19066842065853212,0.19066842065853212,0.0,0.0
2021-10-07,2.5405516343435144,0.01118302396774351,0.07927097643918839,0.051280860497484565,0.10726109238089221,0.0001585419528783768,12,0.0,0.20728530583092053,0.15854195287837677,0.15854195287837677,0.0,0.0
2021-10-08,2.5057468274632413,-0.013699704587687656,0.0871298463808262,0.010380430919691807,0.1638792618419606,0.00017425969276165242,11,0.0,0.24270420580219895,0.1742596927616524,0.1742596927616524,0.0,0.0
2021-10-11,2.5032326116497234,-0.0010033798251131154,0.028507611372942,0.017350601703026956,0.0361168968161498,5.346749851917676e-05,10,0.0035477242267072384,0.2438038698444161,0.05346749851917676,0.05346749851917676,0.0,0.0
2021-10-12,2.516298720640715,0.00521969429855762,0.13418109891348473,0.05056536840540124,0.21004976685901824,0.0002606151352644195,12,0.011275445120308092,0.26708605600334673,0.26061513526441954,0.26061513526441954,0.0,0.0
2021-10-13,2.539500203624788,0.009220480380073948,0.08211881587702873,0.0020448974258921115,0.15481075337359254,0.00015685565079948466,13,0.0037886965358205904,0.2662635590204356,0.15685565079948466,0.15685565079948466,0.0,0.0
2021-10-14,2.567564924448266,0.011051277248735447,0.15650567263572351,0.012587199171761349,0.2966780207458265,0.0003092652199175878,11,0.0,0.24233667843464937,0.3092652199175878,0.3092652199175878,0.0,0.0
2021-10-15,2.5676485899941035,3.2585561923204054e-05,0.16858858023520149,0.04823206585055139,0.27338622227033077,0.00032161828812088216,10,0.015558872349520803,0.25755316390177807,0.32161828812088217,0.32161828812088217,0.0,0.0
2021-10-18,2.5905439890961803,0.008916874057960378,0.08947914507383317,0.01049317355108468,0.16728045332259758,0.0001777736268736823,10,0.01660328376923359,0.26886311680372843,0.17777362687368228,0.17777362687368228,0.0,0.0
2021-10-19,2.628426320127825,0.014623311239297498,0.26859849189715,0.13754415660267363,0.3832973621575838,0.0005208415187602574,11,0.0,0.2613038396873312,0.5208415187602574,0.5208415187602574,0.0,0.0
2021-10-20,2.6375867590943782,0.003485142001662833,0.14328236992066304,0.040205652325893876,0.24635908751543212,0.00028656473984132596,10,1.1102230246251565e-16,0.28098023556531915,0.28656473984132597,0.28656473984132597,0.0,0.0
2021-10-21,2.6473110200239507,0.00368680229988394,0.11893834537918488,0.07534254026710008,0.1625341504912696,0.00023787669075836965,15,0.0,0.2633541891986244,0.23787669075836965,0.23787669075836965,0.0,0.0
2021-10-22,2.6355003085278574,-0.00446139928658118,0.18679911249663897,0.17164097136092024,0.19414934545262727,0.0003657903168135475,13,0.007807908179730427,0.2593917036892297,0.3657903168135475,0.3657903168135475,0.0,0.0
2021-10-25,2.6566897295167324,0.008039999434001688,0.15231648220509816,0.1127407890436718,0.18414884167228923,0.00029688963071596106,11,1.1102230246251565e-16,0.2785035142195175,0.2968896307159611,0.2968896307159611,0.0,0.0
2021-10-26,2.6180192995783704,-0.014555869851387016,0.13336133343461334,0.0636172339123117,0.20310543295691497,0.00026672266686922667,12,1.1102230246251565e-16,0.33885504820713747,0.2667226668692267,0.2667226668692267,0.0,0.0
2021-10-27,2.5821880826381873,-0.01368638380395193,0.1250737786234742,0.07107414883828234,0.1790734084086661,0.00025014755724694844,11,1.1102230246251565e-16,0.3034682258334582,0.2501475572469484,0.2501475572469484,0.0,0.0
2021-10-28,2.616863259972882,0.013428602497176367,0.22194632564337116,0.12035071122354278,0.3174544935642099,0.0004378052047877527,10,0.006087446498989735,0.3752746335550559,0.4378052047877527,0.4378052047877527,0.0,0.0
2021-10-29,2.659038375279955,0.01611666759672814,0.09324250322297772,0.05976532159306502,0.12287827651867307,0.00018264359811173808,12,0.002148390731133043,0.3674838303478386,0.18264359811173808,0.18264359811173808,0.0,0.0
2021-11-01,2.631384606018187,-0.01039991356230674,0.23584059689962547,0.23936716393706386,0.22342826347758393,0.0004627954274146478,13,0.011055730287351406,0.35368661901055437,0.4627954274146478,0.4627954274146478,0.0,0.0
2021-11-02,2.6503831121678445,0.007219965529252637,0.06577465110838214,0.044097291543589934,0.07647685367624807,0.000120574145219838,12,0.0,0.3397242407114375,0.120574145219838,0.120574145219838,0.0,0.0
2021-11-03,2.705157713048315,0.020666672915701012,0.152549187672687,0.04621424407556492,0.25888413126980897,0.0003050983753453739,11,1.1102230246251565e-16,0.33255193690957235,0.3050983753453739,0.3050983753453739,0.0,0.0
2021-11-04,2.760323841174751,0.02039294339858344,0.26680141672943936,0.1922221521039613,0.32927679915732777,0.0005214989512612892,15,0.012103882197589733,0.32244397486150095,0.5214989512612891,0.5214989512612891,0.0,0.0
2021-11-05,2.7928572883264953,0.011786097944905816,0.2990738192275131,0.07733063592835383,0.520441490261114,0.0005977721261894677,13,0.012331247631722775,0.21542111842848868,0.5977721261894677,0.5977721261894677,0.0,0.0
2021-11-08,2.8211813252945195,0.01014159838614459,0.22398579464729795,0.19100658983766802,0.25292022906937195,0.00044392681890704,9,0.0162467958064485,0.26842984286589683,0.44392681890703994,0.44392681890703994,0.0,0.0
2021-11-09,2.82651719362603,0.0018913595817713347,0.06104211774696138,0.06439996344189036,0.05369427117583722,0.00011809423461772759,12,0.02020421112780768,0.24344645887963057,0.11809423461772758,0.11809423461772758,0.0,0.0
2021-11-10,2.7470709279371177,-0.028107476532627573,0.3102183230547258,0.29936325071108666,0.23990311677243178,0.0005392663674835184,14,0.10194759215461657,0.25030198646103735,0.5392663674835184,0.5392663674835184,0.0,0.0
2021-11-11,2.734191296486228,-0.0046884961432580585,0.2655260747181465,0.19167823779584367,0.2469783874297541,0.00043865662522559774,15,0.009987369760717457,0.24775832615907903,0.43865662522559773,0.43865662522559773,0.0,0.0
2021-11-12,2.7627481486786767,0.01044435048460124,0.16194459351000282,0.1215346837140514,0.19247347062920786,0.00031400815434325926,13,0.0,0.23781883806333304,0.31400815434325924,0.31400815434325924,0.0,0.0
2021-11-15,2.7345523931657616,-0.010205691577931275,0.22082829747084742,0.1323367514707187,0.30931984347097624,0.0004416565949416949,18,0.0,0.2722763388755258,0.44165659494169485,0.44165659494169485,0.0,0.0
2021-11-16,2.7565027475090873,0.008027037404068071,0.1917153096262467,0.24605977738836804,0.12917657464230806,0.00037523635203067613,16,0.008194267221817264,0.25977394681677013,0.3752363520306761,0.3752363520306761,0.0,0.0
2021-11-17,2.7476463289038233,-0.0032129184755093076,0.1347069923550826,0.11229648051108176,0.0810549301330157,0.00019335141064409747,15,0.08428166418124139,0.2610677035260397,0.19335141064409747,0.19335141064409747,0.0,0.0
2021-11-18,2.739108103807955,-0.0031074687473604534,0.18158963137821338,0.16949242961059058,0.10916600894181896,0.0002786584385524096,19,0.0,0.25300824121453946,0.27865843855240957,0.27865843855240957,0.0,0.0
2021-11-19,2.7217971660921023,-0.006319917673853981,0.2012197381717391,0.2356110075630486,0.16682846878042965,0.0004024394763434782,19,0.0,0.23487652839456605,0.4024394763434782,0.4024394763434782,0.0,0.0
2021-11-22,2.642591385739018,-0.029100544794381733,0.14207265484200574,0.06815647187178106,0.20314033190453543,0.0002712968037763164,16,0.01284850590769504,0.2374209948238827,0.27129680377631643,0.27129680377631643,0.0,0.0
2021-11-23,2.6528503325301136,0.003882154027466722,0.14451189397651573,0.05257312793077226,0.2236553764995953,0.0002762285044303676,14,0.0,0.21163824221492666,0.27622850443036756,0.27622850443036756,0.0,0.0
2021-11-24,2.6718702188943904,0.007169604003304908,0.09270055926511686,0.10188956642191509,0.08351155210831852,0.0001854011185302336,19,1.1102230246251565e-16,0.20228221224463527,0.1854011185302336,0.1854011185302336,0.0,0.0
2021-11-26,2.6033055068145807,-0.02566169254589823,0.0875264725798084,0.05756764825363965,0.11748529690597703,0.0001750529451596167,18,0.0,0.20145789283080617,0.1750529451596167,0.1750529451596167,0.0,0.0
2021-11-29,2.6666778453422024,0.024343027878108936,0.16570826776880176,0.10821734136138787,0.2231991941762157,0.00033141653553760353,16,0.0,0.25405233226788687,0.33141653553760353,0.33141653553760353,0.0,0.0
2021-11-30,2.5946257493092775,-0.027019422746836885,0.2124007911947252,0.1407627697478316,0.2840388126416188,0.00042480158238945035,17,1.1102230246251565e-16,0.1913969092241775,0.4248015823894503,0.4248015823894503,0.0,0.0
2021-12-01,2.510692334229371,-0.03234894863054938,0.20261863294375163,0.15769080363611357,0.2324658109714191,0.0003901566146075327,15,0.015080651279970714,0.2087707207615597,0.39015661460753265,0.39015661460753265,0.0,0.0
2021-12-02,2.5851520999774094,0.029657064998724003,0.18023347761858052,0.16052220957216917,0.1853035252867504,0.00034582573485891955,16,0.0,0.25474743125722504,0.34582573485891954,0.34582573485891954,0.0,0.0
2021-12-03,2.5198559829571106,-0.025258133562380825,0.3135314942234441,0.3084123438154469,0.31865064463144116,0.0006270629884468881,14,1.1102230246251565e-16,0.2252092460992879,0.6270629884468881,0.6270629884468881,0.0,0.0
2021-12-06,2.5530623264227605,0.01317787353334432,0.12123345092013837,0.059449900678471654,0.17942725106400748,0.00023887715174247915,9,0.003589750097797717,0.26725560462522724,0.23887715174247914,0.23887715174247914,0.0,0.0
2021-12-07,2.662426307833847,0.042836393095158964,0.19311247904412787,0.04782639667574143,0.32974004660336975,0.0003775664432791112,11,0.012099509726833046,0.28393287915544385,0.3775664432791112,0.3775664432791112,0.0,0.0
2021-12-08,2.7104911760118133,0.018053032317379758,0.1199647494390129,0.0,0.22804725887401495,0.00022804725887401496,11,0.0,0.25400977725657997,0.22804725887401495,0.22804725887401495,0.0,0.0
2021-12-09,2.6602517311386915,-0.018535181120583277,0.08093890961072171,0.016800666648349262,0.14507715257309406,0.0001618778192214433,12,1.1102230246251565e-16,0.2907165644155785,0.16187781922144331,0.16187781922144331,0.0,0.0
2021-12-10,2.671068367304287,0.004066019782633656,0.18213091852594018,0.06326579503872644,0.3009960420131538,0.0003642618370518803,11,0.0,0.23438118315496462,0.36426183705188026,0.36426183705188026,0.0,0.0
2021-12-13,2.61377702277705,-0.021448849916581136,0.21684595153627173,0.11663156463306974,0.31706033843947357,0.00043369190307254333,11,1.1102230246251565e-16,0.35330462530482176,0.43369190307254335,0.43369190307254335,0.0,0.0
2021-12-14,2.573590733621509,-0.015374796245184008,0.14002333133205147,0.04932759846220132,0.22539542938589235,0.00027472302784809367,10,0.005323634816009393,0.3831723846744608,0.27472302784809366,0.27472302784809366,0.0,0.0
2021-12-15,2.6178470368247355,0.017196325206280783,0.10306792665671005,0.010743074285732498,0.1938480002723839,0.00020459107455811641,11,0.003687786007218863,0.38961219308659123,0.2045910745581164,0.2045910745581164,0.0,0.0
2021-12-16,2.5936447139334833,-0.009245124925483794,0.06383096919134412,0.09047835198463938,0.03346184953351851,0.0001239402015181579,9,0.0,0.396348852203854,0.1239402015181579,0.1239402015181579,0.0,0.0
2021-12-17,2.6287511656280578,0.01353556695949032,0.3198424408276446,0.38603885509496183,0.24969489005079762,0.0006357337451457594,7,0.003951136509529829,0.30057784937249404,0.6357337451457594,0.6357337451457594,0.0,0.0
2021-12-20,2.6161693347377133,-0.004786238825057576,0.29023308902936584,0.1747103788139379,0.40178794948227115,0.0005764983282962091,9,0.0,0.3249770696674511,0.5764983282962091,0.5764983282962091,0.0,0.0
2021-12-21,2.713830371053414,0.037329784054475956,0.05353171818086295,0.04719895160217979,0.05465874535911344,0.00010185769696129323,8,0.005205739400432674,0.3155602926779328,0.10185769696129322,0.10185769696129322,0.0,0.0
2021-12-22,2.75824420913548,0.01636573846169531,0.1279454267884588,0.12197801261486953,0.12879220991452586,0.0002507702225293954,9,0.0,0.2754851805163249,0.2507702225293954,0.2507702225293954,0.0,0.0
2021-12-23,2.7699132689913837,0.004230611567045184,0.0787181287662334,0.023946355232395605,0.13348990230007104,0.00015743625753246668,9,1.1102230246251565e-16,0.29963031234322607,0.15743625753246668,0.15743625753246668,0.0,0.0
2021-12-27,2.818625212920177,0.017586089959607643,0.12560956279510527,0.03860276472118353,0.21164323119334683,0.00025024599591453033,7,0.0009731296756803065,0.30472778863429234,0.25024599591453034,0.25024599591453034,0.0,0.0
2021-12-28,2.7987430002260716,-0.007053868887203607,0.10601541249449342,0.07918019982236577,0.13187078923674095,0.00021105098905910673,10,0.0,0.3152354752271921,0.21105098905910671,0.21105098905910671,0.0,0.0
2021-12-29,2.801729061762095,0.001066929523640514,0.1797558843161879,0.0050107615365412375,0.34790825633216904,0.00035291901786871035,9,0.0065927507636655,0.4094877309515023,0.3529190178687103,0.3529190178687103,0.0,0.0
2021-12-30,2.795693080536579,-0.0021543772050961474,0.16809060756988556,0.025657779920192733,0.30391862802496394,0.00032957640794515665,9,0.0,0.3277604483297776,0.32957640794515664,0.32957640794515664,0.0,0.0
2021-12-31,2.7852340335173325,-0.003741128485119427,0.14074109271099702,0.03290250405816092,0.1982139518225472,0.00023111645588070812,8,0.05036572954128593,0.32936961223273525,0.23111645588070812,0.23111645588070812,0.0,0.0
2022-01-03,2.7600591319592414,-0.009038702405305243,0.13076051056464125,0.07961153636478271,0.1399582757121845,0.00021956981207696725,7,0.008862753985129812,0.32876339673740756,0.21956981207696724,0.21956981207696724,0.0,0.0
2022-01-04,2.7291735706009983,-0.011190181036563107,0.22103947561909446,0.12127477984672817,0.31184500130519466,0.00043311978115192286,8,0.0,0.32196722996716653,0.43311978115192284,0.43311978115192284,0.0,0.0
2022-01-05,2.63812321826339,-0.0333618767668038,0.052709334269595697,0.05061880169524199,0.054799866843949406,0.0001054186685391914,8,0.0,0.30801354538623144,0.10541866853919139,0.10541866853919139,0.0,0.0
2022-01-06,2.660018677781938,0.008299634894598062,0.0786512377588966,0.08314070141840825,0.06523222813488527,0.00014837292955329352,8,0.008929545964499686,0.29785309673101157,0.1483729295532935,0.1483729295532935,0.0,0.0
2022-01-07,2.653012653498795,-0.0026338252214774815,0.0740368494607632,0.019045359564061146,0.12701382120789192,0.00014605918077195308,8,0.010966337399222592,0.31027032691687095,0.14605918077195307,0.14605918077195307,0.0,0.0
2022-01-10,2.6766115038797462,0.00889511414498112,0.06727817130999546,0.05405610097141086,0.0696319354780469,0.00012368803644945776,9,0.0,0.31708519635851956,0.12368803644945776,0.12368803644945776,0.0,0.0
2022-01-11,2.6928126755340394,0.00605286633148272,0.2484973686672023,0.11094224800408908,0.3860524893303155,0.0004969947373344046,9,0.0,0.2568541755782312,0.4969947373344046,0.4969947373344046,0.0,0.0
2022-01-12,2.707726633170101,0.005538431162169122,0.13989053509686242,0.06348529118342032,0.2162957790103045,0.00027978107019372485,9,0.0,0.2691164087863755,0.27978107019372483,0.27978107019372483,0.0,0.0
2022-01-13,2.672759666954443,-0.012913772678270763,0.1649518171063068,0.1529323808522267,0.16118799723347632,0.000314120378085703,9,0.01578325612691056,0.2865507038155801,0.31412037808570303,0.31412037808570303,0.0,0.0
2022-01-14,2.691385261022659,0.006968675223028686,0.07094032516479351,0.05400687567068302,0.0726187135105926,0.00012662558918127563,11,0.0004169830285434273,0.2859437783449666,0.12662558918127562,0.12662558918127562,0.0,0.0
2022-01-18,2.636660520295701,-0.020333298810651823,0.21593138125086342,0.28257516667846627,0.14886214181323665,0.00043143730849170295,9,0.0,0.2759783527394014,0.4314373084917029,0.4314373084917029,0.0,0.0
2022-01-19,2.656380512488431,0.00747915480242356,0.26278470776474533,0.2897076530847591,0.2273684130976318,0.0005170760661823909,8,0.008493349347099777,0.3374376602296838,0.5170760661823909,0.5170760661823909,0.0,0.0
2022-01-20,2.649758898187824,-0.0024927205532028207,0.25451880777354513,0.21536530204166954,0.2852610368176098,0.0005006263388592793,8,9.903449249382135e-05,0.37700001592733084,0.5006263388592793,0.5006263388592793,0.0,0.0
2022-01-21,2.5180555009583627,-0.04970391733358592,0.13002299148416432,0.10500995599814954,0.14268011126436664,0.0002476900672625162,7,0.012460104247088877,0.3729945802428395,0.24769006726251622,0.24769006726251622,0.0,0.0
2022-01-24,2.5356904982592905,0.00700341882623956,0.1879711697202958,0.08065462324222485,0.2829187670449841,0.00036357339028720887,7,1.1102230246251565e-16,0.36827528620235866,0.36357339028720886,0.36357339028720886,0.0,0.0
2022-01-25,2.447108875374408,-0.034933925471461236,0.26677139870824024,0.1596641949432052,0.3738786024732751,0.0005335427974164804,9,0.0,0.31385357194137803,0.5335427974164804,0.5335427974164804,0.0,0.0
2022-01-26,2.4498050773174613,0.00110179075814143,0.2276427035756657,0.1314207437727195,0.3160571834309609,0.0004474779272036805,5,0.007807479947650964,0.37498208598804555,0.44747792720368046,0.44747792720368046,0.0,0.0
2022-01-27,2.4563631085071957,0.0026769604040968176,0.054085742045291686,0.024262985106933824,0.07612264521703968,0.00010038563032397351,7,0.0,0.3554065385705488,0.1003856303239735,0.1003856303239735,0.0,0.0
2022-01-28,2.529909321344353,0.029941099743129307,0.16913491387999516,0.0023437160077040354,0.33592611175228626,0.0003382698277599903,9,0.0,0.3342454991714732,0.3382698277599903,0.3382698277599903,0.0,0.0
2022-01-31,2.6220062153105776,0.03640323911581378,0.2779686465313311,0.40043209149993686,0.13154119893296334,0.0005319732904329002,7,0.02396400262976195,0.31500840132522784,0.5319732904329002,0.5319732904329002,0.0,0.0
2022-02-01,2.6425543339947173,0.007836792515652169,0.13963087326876952,0.046835689697067535,0.20865446977317725,0.00025549015947024477,7,1.1102230246251565e-16,0.31829757579918766,0.2554901594702448,0.2554901594702448,0.0,2.2898349882893854e-16
2022-02-02,2.6747692960880114,0.012190841898261029,0.1693703843942858,0.021893379284052765,0.31684738950451874,0.0003387407687885715,8,0.0,0.21885704217307744,0.3387407687885715,0.3387407687885715,0.0,0.0
2022-02-03,2.5997782649713335,-0.028036448312142692,0.28453256309150565,0.20278671253334024,0.33365195872911535,0.0005364386712624556,8,0.032626454920555714,0.24560839702208132,0.5364386712624556,0.5364386712624556,0.0,0.0
2022-02-04,2.626801730406601,0.010394527025390454,0.10420928317356211,0.05239858563212264,0.12373486095427189,0.00017613344658639455,8,1.1102230246251565e-16,0.24338357002866756,0.17613344658639454,0.17613344658639454,0.0,0.0
2022-02-07,2.6155884335787967,-0.004268802132267768,0.1797180982172719,0.1639478477191165,0.19548834871542714,0.0003594361964345437,9,0.0,0.22132165756141997,0.35943619643454366,0.35943619643454366,0.0,0.0
2022-02-08,2.6549603006707896,0.01505277611207445,0.5482409288836474,0.7196299006627881,0.3768519571045069,0.0010964818577672948,9,1.1102230246251565e-16,0.31878301124027253,1.0964818577672948,1.0964818577672948,0.0,0.0
2022-02-09,2.7472695393271755,0.034768594706694245,0.21890527064560475,0.15865650193303338,0.26174501749056295,0.00042040151942359635,8,0.017409021867613284,0.31831451694929663,0.4204015194235963,0.4204015194235963,0.0,0.0
2022-02-10,2.710144514408327,-0.013513426472140266,0.3776982334393442,0.3469436202780091,0.3908183661932615,0.0007377619864712706,7,0.0,0.38582184920890916,0.7377619864712707,0.7377619864712707,0.0,0.0
2022-02-11,2.618828914633504,-0.03369399649699445,0.23225421809118602,0.13661323939367348,0.32789519678869866,0.00046450843618237205,11,0.0,0.2699052636839565,0.46450843618237203,0.46450843618237203,0.0,0.0
2022-02-14,2.632145048297207,0.005084766549389608,0.2905625867179177,0.25493462931982475,0.32619054411601067,0.0005811251734358354,9,0.0,0.23684526173187878,0.5811251734358354,0.5811251734358354,0.0,0.0
2022-02-15,2.70886519838092,0.0291473868939498,0.12484162905098276,0.01930960569211948,0.23037365240984603,0.00024968325810196553,12,0.0,0.23111252219626757,0.2496832581019655,0.2496832581019655,0.0,0.0
2022-02-16,2.7123993467818868,0.001304660122282586,0.17126823577159156,0.18900889873438453,0.1283165019940672,0.00031732540072845175,9,0.025211070814731396,0.24393139483651471,0.3173254007284517,0.3173254007284517,0.0,0.0
2022-02-17,2.615885661289648,-0.03558240257163714,0.06082356271289731,0.02657248326883603,0.07864211035717397,0.00010521459362601001,8,0.009705956661416715,0.25266796609686987,0.10521459362601002,0.10521459362601002,0.0,0.0
2022-02-18,2.5633515276423817,-0.02008273313496678,0.1275707541366024,0.004511972248230462,0.24072709149234944,0.00024523906374057994,9,0.0,0.25909957858528565,0.24523906374057994,0.2452390637405799,0.0,1.7780915628762273e-16
2022-02-22,2.5165558574366145,-0.01825565853966471,0.152626226385301,0.0,0.305252452770602,0.000305252452770602,9,0.0,0.22466487634271673,0.305252452770602,0.305252452770602,0.0,0.0
2022-02-23,2.4657897266024413,-0.020172860731128006,0.2143228234945533,0.004612843393158068,0.4162124174303687,0.00042082526082352673,8,0.007820386165579896,0.2964724215396509,0.4208252608235267,0.4208252608235267,0.0,0.0
2022-02-24,2.523478852644031,0.023395801117672033,0.1600438454335317,0.12638456371274265,0.18606391006028927,0.00031244847377303193,9,0.0,0.24757745607291476,0.3124484737730319,0.3124484737730319,0.0,0.0
2022-02-25,2.5552411229145373,0.012586699602109563,0.28582806363492785,0.20060101914170292,0.3607960129413168,0.0005613970320830198,8,0.010259095186835987,0.3130074354292981,0.5613970320830197,0.5613970320830197,0.0,0.0
2022-02-28,2.53059265854472,-0.009646238137285046,0.13204138896989318,0.029954562423189137,0.2237718231054608,0.00025372638552864993,7,0.0,0.30575542680745327,0.2537263855286499,0.2537263855286499,0.0,0.0
2022-03-01,2.4679392380147473,-0.024758398124020142,0.08402873713729542,0.027616352552929938,0.1404411217216608,0.00016805747427459073,5,1.1102230246251565e-16,0.3031947216171273,0.16805747427459072,0.16805747427459072,0.0,0.0
2022-03-02,2.5147959691678183,0.018986176981716785,0.19850272922956308,0.1359528423331794,0.25832657256196445,0.00039427941489514383,4,0.0027260435639824276,0.4268785087668049,0.39427941489514384,0.39427941489514384,0.0,0.0
2022-03-03,2.4249643205734532,-0.035721247248575616,0.2903305231706469,0.18702798359586364,0.35483464675962256,0.0005418626303554862,6,0.04162391267446974,0.2864981484149397,0.5418626303554862,0.5418626303554862,0.0,0.0
2022-03-04,2.3710227877866337,-0.022244258329567335,0.2395077627088792,0.03461924401547716,0.4083970389517663,0.0004430162829672435,8,0.006552768067279557,0.39309392665525755,0.4430162829672435,0.4430162829672435,0.0,0.0
2022-03-07,2.284898245077081,-0.03632379374554662,0.16956674728442306,0.049650035202656394,0.2884548449135123,0.00033810488011616873,5,0.005768847705154623,0.30045843502466635,0.33810488011616874,0.33810488011616874,0.0,0.0
2022-03-08,2.301455259336435,0.007246280789539261,0.24728909314799263,0.33139103640005546,0.15746260398007556,0.000488853640380131,5,0.0,0.2741401626059349,0.488853640380131,0.488853640380131,0.0,0.0
2022-03-09,2.408714974434443,0.046605170647086025,0.12252077305413583,0.07521067947424871,0.16983086663402294,0.00024504154610827166,6,0.0,0.24040091923320836,0.24504154610827167,0.24504154610827167,0.0,0.0
2022-03-10,2.3601397913702624,-0.020166430474234942,0.3400729106145393,0.13520129615546964,0.535728012826048,0.0006709293089815176,5,0.009216512247561037,0.2649516448358457,0.6709293089815176,0.6709293089815176,0.0,0.0
2022-03-11,2.2924321616507997,-0.02868797431704362,0.48562615741619625,0.4703592610763487,0.49879285364359255,0.0009691521147199413,3,0.007379328403374408,0.5876114840722637,0.9691521147199412,0.9691521147199412,0.0,0.0
2022-03-14,2.176997416718235,-0.05035470486918969,0.23206439292521525,0.2949127111053923,0.16144900550538,0.00045636171661077226,5,1.1102230246251565e-16,0.5531563397672354,0.45636171661077224,0.45636171661077224,0.0,0.0
2022-03-15,2.222401201759388,0.020856150169253684,0.5021822374338536,0.4893556841421974,0.5150087907255099,0.0010043644748677072,4,0.0,0.4813352574561883,1.0043644748677072,1.0043644748677072,0.0,0.0
2022-03-16,2.342908376510945,0.05422386140547286,0.35329565741241936,0.11643951161441198,0.5901518032104268,0.0007065913148248387,5,0.0,0.38911736727124185,0.7065913148248387,0.7065913148248387,0.0,0.0
2022-03-17,2.389914510595394,0.02006315507499723,0.11472819947200995,0.0,0.22669980182235036,0.00022669980182235037,5,0.002756597121669535,0.38322302047787177,0.22669980182235036,0.22669980182235036,0.0,0.0
2022-03-18,2.4419583732601624,0.021776453690723452,0.27537403420288115,0.08825086338452698,0.46176600898785986,0.0005500168723723869,5,0.0034275597407116276,0.5396762212421703,0.5500168723723868,0.5500168723723868,0.0,0.0
2022-03-21,2.428037090451403,-0.005700868188909247,0.16499982938914515,0.11006470740367083,0.21648886523292515,0.000326553572636596,5,0.0,0.4617735667703787,0.326553572636596,0.326553572636596,0.0,0.0
2022-03-22,2.4564842379056495,0.011716109101512107,0.04496486759083818,0.03737090263804551,0.05255883254363086,8.992973518167637e-05,8,0.0,0.43510282878971496,0.08992973518167637,0.08992973518167637,0.0,0.0
2022-03-23,2.410152575802087,-0.018860964539737513,0.11171645495546512,0.009230121962348776,0.21420278794858144,0.00022343290991093024,7,0.0,0.4939154492262752,0.22343290991093023,0.22343290991093023,0.0,0.0
2022-03-24,2.4544844173247453,0.01839379048768519,0.20743839725778077,0.07854768842433887,0.3363291060912227,0.0004148767945155615,4,0.0,0.3640337814885135,0.41487679451556153,0.41487679451556153,0.0,0.0
2022-03-25,2.4696056958049324,0.0061606740598778575,0.21481267340051757,0.04712192060893714,0.3814866295577527,0.00042860855016668985,6,0.001016796634345285,0.45610665549549695,0.42860855016668986,0.42860855016668986,0.0,0.0
2022-03-28,2.491736602487223,0.008961311807744954,0.09970892172557155,0.039140384326602946,0.15865888448291024,0.0001977992688095132,5,0.002626141037702201,0.5359479926898949,0.19779926880951318,0.19779926880951318,0.0,0.0
2022-03-29,2.5449127696167704,0.021341006539963958,0.03525340925643316,0.0,0.04997858893058807,4.997858893058807e-05,5,0.02309936867300666,0.4964101300011298,0.04997858893058807,0.04997858893058807,0.0,0.0
2022-03-30,2.4933861888058284,-0.02024689467792684,0.11628429534043992,0.06541703229115627,0.14357976172629955,0.0002089967940174558,6,0.0,0.46311867294079534,0.2089967940174558,0.2089967940174558,0.0,0.0
2022-03-31,2.4603400724909577,-0.01325350900844513,0.022452292388212322,0.0015997883182520363,0.0433047964581725,4.490458477642453e-05,7,1.1102230246251565e-16,0.45991622090242323,0.04490458477642437,0.04490458477642453,0.0,2.259477327459791e-16
2022-04-01,2.4395873195306073,-0.008434912389708504,0.14727820352580562,0.0,0.2886313736862518,0.00028863137368625183,7,0.005925033365359544,0.3309865849749093,0.2886313736862518,0.2886313736862518,0.0,0.0
2022-04-04,2.490486146746631,0.020863703794712807,0.12307503358507381,0.008835636904541809,0.22764711756490813,0.00023648275446944996,8,0.015469881814605735,0.4327821879859278,0.23648275446944994,0.23648275446944994,0.0,0.0
2022-04-05,2.4146026971720222,-0.030469332131695115,0.21583011110867747,0.0,0.4273662450152506,0.00042736624501525064,8,0.020243210188516936,0.35323344567985143,0.4273662450152506,0.4273662450152506,0.0,0.0
2022-04-06,2.3709372435469662,-0.01808390824552497,0.1736724040177111,0.01857730410285965,0.3133444981859543,0.000331921802288814,9,0.0051861799013718235,0.4400434175652356,0.33192180228881396,0.33192180228881396,0.0,0.0
2022-04-07,2.3490120331810718,-0.009247486590195031,0.3679525659683765,0.016411346263527967,0.7181917971330088,0.0007346031433965367,8,0.006532729867814058,0.260162447087523,0.7346031433965368,0.7346031433965368,0.0,0.0
2022-04-08,2.319145448258329,-0.012714530407192948,0.015164126679928525,0.0,0.023711550118638933,2.3711550118638933e-05,8,1.1102230246251565e-16,0.2588727552442135,0.023711550118638933,0.023711550118638933,0.0,0.0
2022-04-11,2.2860913892569603,-0.0142526890782948,0.1625212470034253,0.14146275421278318,0.18216438232866963,0.00032362713654145284,6,0.0014153574653978929,0.25274793308035476,0.3236271365414528,0.3236271365414528,0.0,0.0
2022-04-12,2.279864295964052,-0.0027239039183523106,0.3182411183728999,0.294565682619459,0.340498232130554,0.000635063914750013,8,1.1102230246251565e-16,0.22473996453737444,0.635063914750013,0.635063914750013,0.0,0.0
2022-04-13,2.3181729692351674,0.01680304978631053,0.10053488087661315,0.002196598436549786,0.19887316331667643,0.00020106976175322618,9,0.0,0.31945306899752085,0.2010697617532262,0.2010697617532262,0.0,0.0
2022-04-14,2.27558592455979,-0.01837095214229334,0.1651509099345363,0.15353428332792976,0.17281847686138926,0.000326352760189319,8,0.003949059679753564,0.3016558374778077,0.326352760189319,0.326352760189319,0.0,0.0
2022-04-18,2.2598433694821782,-0.0069180226981133686,0.20624090269871165,0.24771047165584828,0.16079638851851502,0.00040850686017436326,7,0.0,0.2564101374999515,0.4085068601743633,0.4085068601743633,0.0,0.0
2022-04-19,2.3099003873322372,0.02215065810580019,0.17791059919424007,0.0,0.34887965120634096,0.00034887965120634093,7,0.0069415471821392405,0.3714651085441732,0.3488796512063409,0.3488796512063409,0.0,0.0
2022-04-20,2.263109123128113,-0.020256832052469864,0.19965361416752006,0.22200187633872928,0.16763584126028033,0.00038963771759900964,8,0.016751818345355107,0.4157618250616198,0.3896377175990096,0.3896377175990096,0.0,0.0
2022-04-21,2.1921803222200067,-0.03134130837229232,0.28568257175551653,0.164657410861893,0.40603510537340487,0.0005706925162352979,6,0.01661133285666072,0.3604525061341716,0.5706925162352979,0.5706925162352979,0.0,0.0
2022-04-22,2.1767306862201576,-0.007047611842534662,0.16601627874815203,0.18012900587049774,0.1430131448943589,0.00032314215076485666,5,0.007833421352242076,0.3369507808245692,0.32314215076485664,0.32314215076485664,0.0,0.0
2022-04-25,2.1887484962677686,0.005521036719742023,0.04274870102852546,0.037220676806595486,0.04048692041311125,7.770759721970675e-05,6,0.0,0.3281142566905788,0.07770759721970674,0.07770759721970674,0.0,0.0
2022-04-26,2.089866507327715,-0.04517741033685052,0.1332435204773935,0.0,0.266487040954787,0.00026648704095478696,6,0.0,0.39347009118379495,0.266487040954787,0.266487040954787,0.0,0.0
2022-04-27,2.097886328340378,0.0038374800421667743,0.15072161927868025,0.0626114334839368,0.23839951712513527,0.0003010109506090721,6,0.00043228794828842343,0.4220565522968915,0.30101095060907207,0.30101095060907207,0.0,0.0
2022-04-28,2.1606786819178034,0.029931246859833394,0.10910436364787703,0.014154317635787709,0.19347796580882437,0.00020763228344461207,6,0.01099608175675204,0.49421453805411397,0.20763228344461207,0.20763228344461207,0.0,0.0
2022-04-29,2.085003270883022,-0.035023907843443114,0.06626061865592314,0.056313324197395064,0.06481410769380438,0.00012112743189119946,8,0.0,0.46652149460527775,0.12112743189119946,0.12112743189119946,0.0,0.0
2022-05-02,2.125259261446058,0.01930739923778968,0.10780268484139972,0.08255730280060461,0.13304806688219484,0.00021560536968279946,7,0.0,0.44976708853161596,0.21560536968279945,0.21560536968279945,0.0,0.0
2022-05-03,2.1052789297263086,-0.00940136202778119,0.24412452399019854,0.27060848932458775,0.19344727723558383,0.0004640557665601716,4,0.024193281420225476,0.5972424864156926,0.4640557665601716,0.4640557665601716,0.0,0.0
2022-05-04,2.1432182113731373,0.01802102377558157,0.10588872936779856,0.09248777181101707,0.09552914356726304,0.00018801691537828012,5,0.0,0.5822223408809066,0.1880169153782801,0.1880169153782801,0.0,0.0
2022-05-05,2.1056161132052185,-0.017544689555352155,0.6518127732332376,0.6346741926126348,0.6689513538538405,0.0013036255464664752,40,0.0,0.1827085540705683,1.3036255464664752,1.3036255464664752,0.0,0.0
2022-05-06,2.0440067631396395,-0.02925953580959062,0.6499185222272379,0.6436315148598765,0.6219005285996684,0.0012655320434595452,6,0.0343050009949305,0.6465554352150498,1.2655320434595452,1.2655320434595452,0.0,0.0
2022-05-09,1.8777450678303176,-0.08134106907451732,0.6458695352243755,0.459133223543286,0.8115949220198565,0.0012707281455631428,7,0.016284101060655254,0.2560694286640375,1.2707281455631427,1.2707281455631427,0.0,0.0
2022-05-10,1.9056764641953603,0.014874967237867187,0.2608542819414552,0.2608542819414552,0.256276572603685,0.0005171308545451404,4,0.02061483762940086,0.3184899464520639,0.5171308545451403,0.5171308545451403,0.0,0.0
2022-05-11,1.8861305502701635,-0.010256680130354523,0.11620512615993821,0.016396682465445536,0.19755846826463952,0.00021395515073008506,5,0.00236891062119593,0.3533111160383036,0.21395515073008506,0.21395515073008506,0.0,0.0
2022-05-12,1.9130938334366485,0.014295555078423838,0.1258371809879415,0.015194655505534605,0.23211791049927338,0.000247312566004808,4,0.006696741390064265,0.32249176553983294,0.247312566004808,0.247312566004808,0.0,0.0
2022-05-13,1.9978995634849563,0.044329101148146144,0.17414510951022613,0.20123508118007588,0.13592210781353453,0.0003371571889936104,4,0.01754334984671646,0.35625029545686554,0.3371571889936104,0.3371571889936104,0.0,0.0
2022-05-16,1.9773394792979524,-0.010290849731775742,0.2807088985481952,0.0689454990244007,0.4754647713220854,0.000544410270346486,5,0.0007085861728990395,0.43358887115893757,0.544410270346486,0.544410270346486,0.0,0.0
2022-05-17,2.104028469408239,0.06407042970449717,0.3153553459636413,0.344862348608057,0.28579641980695697,0.000630658768415014,5,0.0007174239124747572,0.3244593561897373,0.630658768415014,0.630658768415014,0.0,0.0
2022-05-18,2.02624981382107,-0.036966541431373456,0.1132732893334501,0.0,0.22335155327649428,0.00022335155327649428,5,0.003939821605270177,0.3003270383333111,0.22335155327649428,0.22335155327649428,0.0,0.0
2022-05-19,2.062189250119262,0.01773692268991134,0.26408484805391247,0.37436102490674716,0.1460107562431709,0.0005203717811499181,6,0.011667059670546709,0.3569266609378175,0.5203717811499181,0.5203717811499181,0.0,0.0
2022-05-20,2.0821186354418955,0.009664188348126102,0.05274895084353851,0.052748950843538554,0.04157225074200347,9.432120158554202e-05,5,0.022730996425093686,0.38027688783319247,0.09432120158554202,0.09432120158554202,0.0,0.0
2022-05-23,2.0807547821175,-0.0006550315151020447,0.09361586005296542,0.01515409557726016,0.1493354702875614,0.00016448956586482156,5,0.0,0.4429200676574082,0.16448956586482155,0.16448956586482155,0.0,0.0
2022-05-24,2.0305874161464494,-0.024110176942617523,0.15741998916747943,0.10260678662645589,0.21223319170850297,0.00031483997833495886,5,0.0,0.37057269883202637,0.31483997833495886,0.31483997833495886,0.0,0.0
2022-05-25,2.136294615296956,0.05205744816005642,0.34695802473674464,0.0899711740374115,0.5842306647503206,0.0006742018387877321,6,0.019714210685757183,0.33590219077611166,0.6742018387877321,0.6742018387877321,0.0,0.0
2022-05-26,2.1867704397054974,0.023627744996925548,0.3572892256702634,0.5211013507173508,0.17695310851882842,0.0006980544592361792,6,0.0027217241136480164,0.24419203915458523,0.6980544592361791,0.6980544592361791,0.0,0.0
2022-05-27,2.2534098082724645,0.030473874786757005,0.25515291440818116,0.23657632344432486,0.2710896108015942,0.0005076659342459192,9,0.0,0.21414270630659843,0.5076659342459191,0.5076659342459191,0.0,0.0
2022-05-31,2.2193843683291328,-0.015099534855320784,0.3300978302129295,0.2283389437451922,0.4035543756915557,0.000631893319436748,7,0.028302340989110997,0.24050270248142783,0.631893319436748,0.631893319436748,0.0,0.0
2022-06-01,2.2080584480536425,-0.005103181060979067,0.08711438571605001,0.0,0.169775357618547,0.00016977535761854702,7,0.023989270302399057,0.2549896779212878,0.169775357618547,0.169775357618547,0.0,0.0
2022-06-02,2.378240906870349,0.07707334874523752,0.2515931170956854,0.0783452966052077,0.4025790059291928,0.0004809243025344005,9,0.0,0.2433734542116492,0.4809243025344005,0.4809243025344005,0.0,0.0
2022-06-03,2.3237052295018796,-0.022931098868463895,0.2506575196585094,0.05525634465902961,0.44605869465798925,0.0005013150393170188,10,0.0,0.20040227936252505,0.5013150393170188,0.5013150393170188,0.0,0.0
2022-06-06,2.3180631046486453,-0.0024280725376014667,0.13749155467219823,0.06645613548298329,0.19881007716862886,0.00026526621265161214,8,0.009716896692784305,0.21498640482152878,0.26526621265161215,0.26526621265161215,0.0,0.0
2022-06-07,2.37320564983416,0.023788198464024468,0.37639943389467867,0.3006013972684724,0.44271340536541226,0.0007433148026338846,7,0.0,0.32310113082928626,0.7433148026338846,0.7433148026338846,0.0,0.0
2022-06-08,2.378183202605764,0.0020973963094821357,0.1441848792458854,0.06041585958888574,0.2157477227294373,0.00027616358231832307,7,0.01220617617344777,0.2831720663243623,0.27616358231832305,0.27616358231832305,0.0,0.0
2022-06-09,2.312431187968404,-0.027648002292386842,0.15144014131015957,0.12372029216653618,0.16661038663253075,0.0002903306787990669,8,1.1102230246251565e-16,0.3185932071222362,0.29033067879906693,0.29033067879906693,0.0,0.0
2022-06-10,2.239148338592242,-0.03169082382103017,0.21465341432659507,0.06361965028559886,0.3656871783675912,0.00042930682865319,8,0.0,0.24832626957539752,0.42930682865319003,0.42930682865319003,0.0,0.0
2022-06-13,2.130993655368763,-0.04830170532224587,0.3356659076733827,0.1591547161455768,0.5121770992011887,0.0006713318153467654,7,0.0,0.2941425307637312,0.6713318153467654,0.6713318153467654,0.0,0.0
2022-06-14,2.1176451866836232,-0.006263964536689204,0.21097982598943246,0.20219861829932398,0.21976103367954092,0.00042195965197886496,9,0.0,0.2723949007103315,0.4219596519788649,0.4219596519788649,0.0,0.0
2022-06-15,2.1798495568706198,0.029374311890469684,0.23108511699757275,0.23890282721751216,0.22326740677763338,0.0004621702339951455,8,0.0,0.28395406403557116,0.4621702339951455,0.4621702339951455,0.0,0.0
2022-06-16,2.067769304816459,-0.05141650794243924,0.11214146710797863,0.022037674224223643,0.2022452599917336,0.00022428293421595727,9,0.0,0.2405246963393391,0.22428293421595727,0.22428293421595727,0.0,0.0
2022-06-17,2.0671174719503838,-0.0003152348110385672,0.14586110169374755,0.20067336571952238,0.09104883766797263,0.000291722203387495,9,1.1102230246251565e-16,0.24424888322324617,0.291722203387495,0.291722203387495,0.0,0.0
2022-06-21,2.088564858576731,0.010375504497144528,0.2735829322633168,0.14991366577123622,0.3889060899339093,0.0005388197557051455,7,0.00834610882148823,0.36089155633598524,0.5388197557051455,0.5388197557051455,0.0,0.0
2022-06-22,2.066661167379353,-0.010487436436283026,0.2952298884882784,0.34887486018174096,0.2331552601720385,0.0005820301203537794,10,0.0,0.2893737228177208,0.5820301203537794,0.5820301203537794,0.0,0.0
2022-06-23,2.044998793164726,-0.010481821866375918,0.3990032975933766,0.05015248770142348,0.6502683455527646,0.0007004208332541882,8,0.09758576193256507,0.5182926422858101,0.7004208332541881,0.7004208332541881,0.0,0.0
2022-06-24,2.1476477516177357,0.050195119330195714,0.3468890930455432,0.07016836094071056,0.6084642164955056,0.0006786325774362161,4,0.10800410252943793,0.24682936298631086,0.6786325774362161,0.6786325774362161,0.0,0.0
2022-06-27,2.132969787231993,-0.0068344375257470835,0.27629283631414847,0.1568965421618673,0.2869900725922947,0.00044388661475416196,5,0.0,0.3541719549403892,0.44388661475416197,0.44388661475416197,0.0,0.0
2022-06-28,2.0691434484821145,-0.02992369565286135,0.23551587269244267,0.0026833059900407104,0.46834843939484466,0.00047103174538488534,6,0.0,0.27645385593002947,0.47103174538488535,0.47103174538488535,0.0,0.0
2022-06-29,2.034287925463906,-0.016845387420470037,0.3045367556147889,0.1883618853379373,0.41599914476693356,0.0006043610301048708,6,0.004712481124706902,0.39304926536149576,0.6043610301048709,0.6043610301048709,0.0,0.0
2022-06-30,1.9824655585298838,-0.025474450438083607,0.26979882891601753,0.28899781713737116,0.2402210926378246,0.0005292189097751957,6,0.015211856016606129,0.41203360023268293,0.5292189097751957,0.5292189097751957,0.0,0.0
2022-07-01,2.0075783497240542,0.012667453962122321,0.19337562096764335,0.10339105610303072,0.2726915592097523,0.000376082615312783,6,0.004347294983860439,0.5569605010281072,0.376082615312783,0.376082615312783,0.0,0.0
2022-07-05,2.0015790093242423,-0.0029883468312141837,0.39957578133260213,0.0,0.7947947030808369,0.0007947947030808367,6,0.0,0.3633263362390132,0.7947947030808368,0.7947947030808368,0.0,0.0
2022-07-06,1.9901318638979912,-0.005719057490573776,0.2919873838530252,0.353776299296785,0.23019846840926533,0.0005839747677060503,7,1.1102230246251565e-16,0.31876735862711686,0.5839747677060503,0.5839747677060503,0.0,0.0
2022-07-07,2.0645328142572947,0.03738493499298956,0.562032087245687,0.6385720542428208,0.38757766512049213,0.0010261497193633131,5,0.09791445512806107,0.464117632117626,1.0261497193633131,1.0261497193633131,0.0,0.0
2022-07-08,2.042360074519538,-0.010739834012148286,0.2637215694745675,0.2072920306350045,0.22350335854288642,0.00043079538917789096,6,0.002287067779531582,0.5069106380968809,0.43079538917789095,0.43079538917789095,0.0,0.0
2022-07-11,1.9865955135940452,-0.02730398112517518,0.5792516769938988,0.05011228754288795,1.1060425181515077,0.0011561548056943957,7,1.1102230246251565e-16,0.39083667625005086,1.1561548056943958,1.1561548056943958,0.0,0.0
2022-07-12,1.9650995254520134,-0.01082051579948573,0.43938785641565875,0.1131438744146403,0.7461308469993845,0.0008592747214140247,5,0.01950099141729289,0.37680058317242776,0.8592747214140247,0.8592747214140247,0.0,0.0
2022-07-13,1.9770160078753578,0.006064060506351998,0.6785545621602871,0.8919244368134001,0.4524891476392555,0.0013444135844526556,4,0.006661849769595607,0.5835707511503222,1.3444135844526555,1.3444135844526555,0.0,0.0
2022-07-14,1.9339908322380903,-0.021762684503250584,0.2872174633494278,0.32056235134956795,0.24706638608749193,0.0005676287374370599,4,0.0,0.4359340569198664,0.5676287374370599,0.5676287374370599,0.0,0.0
2022-07-15,1.973046017912322,0.02019409038719977,0.09393474059448541,0.036389260800194334,0.15148022038877648,0.00018786948118897082,6,0.0,0.46782632972391175,0.18786948118897082,0.18786948118897082,0.0,0.0
2022-07-18,1.9756388699977843,0.0013141366506017604,0.07808174456551166,0.0,0.14307115998603717,0.00014307115998603718,6,0.013092329144986148,0.5045880203486846,0.14307115998603717,0.14307115998603717,0.0,0.0
2022-07-19,2.0245111196830754,0.02473744084886631,0.09532189693645395,0.0,0.18039993254706427,0.00018039993254706426,6,0.023017833240881802,0.4878703779854922,0.18039993254706427,0.18039993254706427,0.0,0.0
2022-07-20,2.0590935260611376,0.017081855486906772,0.12566597685038566,0.09797182958928659,0.1473067525699081,0.0002452785821591947,4,0.01657232700494149,0.495783840115291,0.24527858215919468,0.24527858215919468,0.0,0.0
2022-07-21,2.065550523409673,0.0031358446164837517,0.11432320325248002,0.05477288964398184,0.16967790228804683,0.00022445079193202867,3,0.020712427746281348,0.43829339167551035,0.22445079193202866,0.22445079193202866,0.0,0.0
2022-07-22,2.025261000464232,-0.01950546476051984,0.007573653039181902,0.0,0.007573653039181949,7.573653039181949e-06,3,0.013550657329851612,0.44145292984320766,0.007573653039181949,0.007573653039181949,0.0,0.0
2022-07-25,1.9345000973062734,-0.044814422998889825,0.24710781317397096,0.23165198651830146,0.24838403656477562,0.0004800360230830771,6,1.1102230246251565e-16,0.47039864295902895,0.4800360230830771,0.4800360230830771,0.0,0.0
2022-07-26,1.9034039387451973,-0.01607451899556711,0.3077486621496389,0.2298902981012479,0.36054039035501345,0.0005904306884562614,5,0.025066635843016605,0.4741013104247343,0.5904306884562613,0.5904306884562613,0.0,0.0
2022-07-27,1.9862426780755147,0.04352136592978173,0.14049201284197355,0.018465610299979538,0.24781143403060338,0.0002662770443305829,7,0.009307822743133132,0.5180355432579811,0.2662770443305829,0.2662770443305829,0.0,0.0
2022-07-28,1.9530277302269543,-0.016722502348375023,0.14663322327680123,0.015245283410331927,0.16875267966344032,0.00018399796307377227,6,0.11873286168937291,0.5499056424402545,0.18399796307377225,0.18399796307377225,0.0,0.0
2022-07-29,1.9884016089002499,0.018112327913124338,0.13761363655024367,0.0016136240515728182,0.18294810128662392,0.00018456172533819676,6,0.0259335198385241,0.5058865376717077,0.18456172533819676,0.18456172533819676,0.0,0.0
2022-08-01,1.9780017638956175,-0.005230253766684623,0.6794089459800235,0.5791702154521503,0.7536125500997012,0.0013327827655518513,9,0.0,0.4942005599124144,1.3327827655518514,1.3327827655518514,0.0,0.0
2022-08-02,1.993335994004595,0.007752384446198413,0.29900130536299013,0.17544297494724295,0.4152392888456136,0.0005906822637928566,7,0.007320346933123667,0.4209922517279904,0.5906822637928566,0.5906822637928566,0.0,0.0
2022-08-03,2.021526832973042,0.014142542478155828,0.28216044561760245,0.0,0.5571066502259606,0.0005571066502259606,7,0.0,0.3836650206376245,0.5571066502259605,0.5571066502259605,0.0,0.0
2022-08-04,1.9695464293468736,-0.02571343737729226,0.40852469851382583,0.5323944807004706,0.280477785806665,0.0008128722665071356,7,0.004177130520516159,0.30149175755606483,0.8128722665071355,0.8128722665071355,0.0,0.0
2022-08-05,1.9788448209753327,0.0047210827274291045,0.5112047401854715,0.45327204657871734,0.5488835874093921,0.0010021556339881094,5,0.024407182524942783,0.4403236100144252,1.0021556339881095,1.0021556339881095,0.0,0.0
2022-08-08,1.992791066966091,0.007047670359459746,0.1540351224350755,0.030607314748167004,0.25323343683175925,0.00028384075157992627,7,0.0,0.421260862434742,0.2838407515799263,0.2838407515799263,0.0,0.0
2022-08-09,1.9786449530800168,-0.007098643766810464,0.5383490958666799,1.0474104200314938,0.021308994298669934,0.0010687194143301638,6,0.007978777403195969,0.5145388555402611,1.0687194143301637,1.0687194143301637,0.0,0.0
2022-08-10,2.042430897738296,0.032237185635041854,0.3044827935752553,0.23030376372598851,0.3663553402070404,0.0005966591039330289,6,0.020031468234480876,0.332012381254075,0.5966591039330289,0.5966591039330289,0.0,0.0
2022-08-11,2.024005773643496,-0.009021173795991433,0.4641516923607954,0.5745393700991164,0.3375840838840436,0.00091212345398316,7,0.004015452385089602,0.3940421520346085,0.91212345398316,0.91212345398316,0.0,0.0
2022-08-12,2.077555538685956,0.02645731832378262,0.21832747215595397,0.0,0.4204275928195333,0.00042042759281953323,7,0.020137659409184883,0.40182394045599784,0.42042759281953324,0.42042759281953324,0.0,0.0
2022-08-15,2.082702817029664,0.002477564737914939,0.06943774137496933,0.0,0.11878997862963649,0.00011878997862963648,7,1.1102230246251565e-16,0.40907807568787014,0.11878997862963647,0.11878997862963647,0.0,0.0
2022-08-16,2.07610870480131,-0.0031661320926039682,0.3613138565001693,0.23876594888336516,0.48386176411697335,0.0007226277130003384,4,0.0,0.6050951145396857,0.7226277130003385,0.7226277130003385,0.0,0.0
2022-08-17,2.0324298551679205,-0.021038806654187003,0.29442391059579326,0.13984142370775238,0.4490063974838342,0.0005888478211915865,6,0.0,0.4202141475212132,0.5888478211915865,0.5888478211915865,0.0,0.0
2022-08-18,2.04415732699627,0.005770172977202392,0.29212873706817294,0.2410612224222456,0.3431962517141001,0.0005842574741363458,5,1.1102230246251565e-16,0.6136042678773048,0.5842574741363458,0.5842574741363458,0.0,0.0
2022-08-19,1.9801932585727713,-0.031291167063686176,0.21684752206576957,0.23356004076492085,0.20013500336661832,0.00043369504413153914,6,1.1102230246251565e-16,0.5189145184724046,0.43369504413153914,0.43369504413153914,0.0,0.0
2022-08-22,1.916452030575287,-0.03218939753558492,0.2878825042604328,0.18596343927263193,0.387282443157061,0.0005732458824296929,5,0.0025191260911728852,0.38348460169241505,0.5732458824296929,0.5732458824296929,0.0,0.0
2022-08-23,1.9921117752481863,0.039479070420660234,0.6125224568353054,0.5531900450914631,0.6694343810314156,0.0012226244261228788,5,0.0,0.5910025389340983,1.2226244261228787,1.2226244261228787,0.0,0.0
2022-08-24,1.9846769178903547,-0.003732148692763615,0.7234752372065835,0.9822119132258137,0.4647385611873532,0.001446950474413167,5,0.0,0.5631502221944311,1.446950474413167,1.446950474413167,0.0,0.0
2022-08-25,2.0264795926574326,0.021062710202481183,0.2361791189250254,0.010283560377928283,0.3040969706943412,0.0003143805310722695,4,0.15797770677778133,0.6476382080541347,0.3143805310722695,0.3143805310722695,0.0,0.0
2022-08-26,1.9427209817999227,-0.041332077145505686,0.9247468586194136,1.3870860718823135,0.3052393683759107,0.0016923254402582241,5,0.007341615679636537,0.37315089407686064,1.6923254402582242,1.6923254402582242,0.0,0.0
2022-08-29,1.91248959553702,-0.0155613629265966,0.20585804216574408,0.14775770143622438,0.25650373059780296,0.0004042614320340273,6,0.0,0.3672488616218541,0.4042614320340273,0.4042614320340273,0.0,0.0
2022-08-30,1.9004439796099464,-0.006298395533854584,0.09337611138143126,0.0,0.17935549616417257,0.00017935549616417257,6,0.007396726598689951,0.347439699278717,0.17935549616417257,0.17935549616417257,0.0,0.0
2022-08-31,1.8772684899177914,-0.012194776557902909,0.21042938959577218,0.0,0.413373832959229,0.00041337383295922896,6,1.1102230246251565e-16,0.3112683203899103,0.41337383295922897,0.41337383295922897,0.0,0.0
2022-09-01,1.8320649082435432,-0.02407944410563656,0.17946693984320772,0.015089651306248932,0.3438442283801665,0.00035893387968641543,7,1.1102230246251565e-16,0.33819246208341064,0.35893387968641544,0.35893387968641544,0.0,0.0
2022-09-02,1.8317970089599207,-0.00014622805251984783,0.18025477078409735,0.14048788657201366,0.19036802628134536,0.00033085591285335905,6,0.02965362871483579,0.3453018672339228,0.330855912853359,0.330855912853359,0.0,0.0
2022-09-06,1.8107681791738612,-0.011479890884852684,0.15033622817389228,0.03996202893904722,0.23962841492651704,0.0002795904438655643,5,0.008907602873361675,0.3448326799949104,0.27959044386556425,0.27959044386556425,0.0,0.0
2022-09-07,1.8517077689372874,0.02260896244714461,0.1364403910654096,0.005994565320522561,0.2589191380683384,0.00026491370338886097,6,0.0007412774863947424,0.3788392442578098,0.26491370338886094,0.26491370338886094,0.0,0.0
2022-09-08,1.8826063355588014,0.01668652426686479,0.036957168042909945,0.006361157652888207,0.05648607906421653,6.284723671710474e-05,5,0.011796164701500578,0.37927817404747244,0.06284723671710474,0.06284723671710474,0.0,0.0
2022-09-09,1.9345708585489767,0.027602437115325618,0.01381636696579018,0.0,0.01767451156823585,1.7674511568235852e-05,5,0.0015208825745189891,0.3974252583301554,0.01767451156823585,0.01767451156823585,0.0,0.0
2022-09-12,1.9523457317698207,0.009188018697943168,0.08953057337456234,0.0,0.17755437842946042,0.00017755437842946042,5,0.0,0.37538391365802587,0.17755437842946042,0.17755437842946042,0.0,0.0
2022-09-13,1.8614338399537484,-0.04656546754844482,0.0846270973761944,0.0,0.15192065796171558,0.00015192065796171562,5,0.017333536790673176,0.30766260133566536,0.1519206579617156,0.1519206579617156,0.0,0.0
2022-09-14,1.888547125874706,0.014565806927433478,0.15602602954515227,0.0,0.2949724140272004,0.00029497241402720044,5,0.0,0.3914916177916698,0.2949724140272004,0.2949724140272004,0.0,0.0
2022-09-15,1.85985953399825,-0.01519029707197217,0.0681436054737232,0.0,0.1342418629946202,0.00013424186299462021,5,0.002045347952826182,0.46143156241507954,0.1342418629946202,0.1342418629946202,0.0,0.0
2022-09-16,1.821353178185155,-0.020703905380593746,0.01588972596391503,0.0,0.029690924019066776,2.9690924019066776e-05,5,0.0,0.45047977268421235,0.029690924019066776,0.029690924019066776,0.0,0.0
2022-09-19,1.826875555040742,0.0030320186780521396,0.04085675414603258,0.03151730406478756,0.0501962042272776,8.171350829206516e-05,6,0.0,0.44420966366940706,0.08171350829206515,0.08171350829206515,0.0,0.0
2022-09-20,1.8126884549727469,-0.007765772566637019,0.05878158625328027,0.032057727559281546,0.06486010714134274,9.691783470062429e-05,5,0.020645337805936248,0.4194230423419694,0.09691783470062429,0.09691783470062429,0.0,0.0
2022-09-21,1.7547372716789285,-0.031969742585848615,0.30884504237215116,0.2869317235523424,0.3147657002358205,0.000601697423788163,5,0.005321668220389486,0.5046456503522576,0.6016974237881629,0.6016974237881629,0.0,0.0
2022-09-22,1.696264424142822,-0.03332285036617466,0.2237638759075651,0.21675038590578738,0.22817084215053762,0.000444921228056325,5,0.0028961412201327086,0.3530476888872819,0.444921228056325,0.444921228056325,0.0,0.0
2022-09-23,1.6469421475763473,-0.029076997586268916,0.20001408898369158,0.20777647821910616,0.189270009840596,0.00039704648805970216,5,0.0,0.4612038814192329,0.39704648805970216,0.39704648805970216,0.0,0.0
2022-09-26,1.6290341936590635,-0.010873456571402484,0.14544506330083404,0.05295437274202016,0.22563379855534538,0.00027858817129736553,4,0.012301955304302559,0.4039447916344443,0.2785881712973655,0.2785881712973655,0.0,0.0
2022-09-27,1.6542075296488135,0.015452920563445494,0.28863544319329354,0.23853530223493602,0.32662768387825813,0.0005651629861131942,5,0.0,0.3600299669371993,0.5651629861131942,0.5651629861131942,0.0,0.0
2022-09-28,1.7032723865948585,0.02966064176751848,0.21661593624540026,0.15495283052978673,0.2688775605540002,0.000423830391083787,4,0.009401481407013579,0.5393965987758734,0.42383039108378695,0.42383039108378695,0.0,0.0
2022-09-29,1.6647478228416601,-0.02261797000667387,0.19659889557309518,0.14216015354734587,0.24142228262456075,0.00038358243617190663,5,0.0,0.3687520699031246,0.3835824361719066,0.3835824361719066,0.0,0.0
2022-09-30,1.6403338973512065,-0.014665239476799541,0.08781323422289482,0.06852833112291143,0.1070981373228782,0.00017562646844578963,6,0.0,0.3774480253884251,0.17562646844578964,0.17562646844578964,0.0,0.0
2022-10-03,1.690173851139841,0.030384029659519696,0.08964743223641436,0.06861876899121469,0.10184370326895363,0.0001704624722601683,5,0.008832392212660412,0.3565224377232955,0.1704624722601683,0.1704624722601683,0.0,0.0
2022-10-04,1.755927363580541,0.03890340179878904,0.35114977748438836,0.05498034934845681,0.6433493228163973,0.0006983296721648542,7,0.004525829382427182,0.653375198398162,0.6983296721648542,0.6983296721648542,0.0,0.0
2022-10-05,1.737610521626126,-0.010431434884108692,0.03393854629836022,0.023416365294957543,0.02941594259863137,5.283230789358891e-05,6,0.019618081018264344,0.6375709028450868,0.05283230789358891,0.05283230789358891,0.0,0.0
2022-10-06,1.7215045915978266,-0.009269010418529677,0.0567717893161293,0.01828236765644298,0.08728976768543623,0.0001055721353418792,5,0.011828088673233261,0.6066225515739663,0.10557213534187919,0.10557213534187919,0.0,0.0
2022-10-07,1.6885857799561677,-0.019122116666041022,0.04237841215324257,0.0019819959194841657,0.07813881303641616,8.012080895590034e-05,6,0.0074216945826848235,0.6390934499969779,0.08012080895590033,0.08012080895590033,0.0,0.0
2022-10-10,1.6713219020054413,-0.010223867899192274,0.05576200225036577,0.007701232972600569,0.0963251947634148,0.00010402642773601539,7,0.0,0.6280601992339514,0.10402642773601538,0.10402642773601538,0.0,0.0
2022-10-11,1.6415376818472058,-0.017820756206507582,0.35383852866064563,0.4586658649043091,0.2490111924169821,0.0007076770573212912,5,0.0,0.47246505958097484,0.7076770573212913,0.7076770573212913,0.0,0.0
2022-10-12,1.6527779026617269,0.006847373008137314,0.05226167032454783,0.05200477963622185,0.052518561012873805,0.00010452334064909566,7,0.0,0.46884315302218416,0.10452334064909566,0.10452334064909566,0.0,0.0
2022-10-13,1.664039335116832,0.0068136392899307285,0.10475290328197856,0.09347488334729215,0.08430992473572563,0.00017778480808301777,5,0.031720998480939344,0.496932111484649,0.17778480808301778,0.17778480808301778,0.0,0.0
2022-10-14,1.6189116716989593,-0.027119348963409173,0.1665138817238323,0.031173236767823555,0.28165832540502894,0.0003128315621728525,5,0.012398829901564157,0.4647615857815342,0.3128315621728525,0.3128315621728525,0.0,0.0
2022-10-17,1.6694901883742912,0.031242295400991438,0.24438326759634765,0.10432606031199847,0.3797261064491363,0.0004840521667611348,6,0.007303009323747833,0.44513432656700963,0.4840521667611348,0.4840521667611348,0.0,0.0
2022-10-18,1.6988590723805863,0.017591528366449394,0.13288795369100617,0.0,0.20815452449992644,0.00020815452449992645,6,0.06479664816857644,0.40768373020718346,0.20815452449992644,0.20815452449992644,0.0,0.0
2022-10-19,1.6892406538337323,-0.005661693016935088,0.11902174413009875,0.03934017481861148,0.18037884708995547,0.00021971902190856698,5,0.08347574399774182,0.5079327945430864,0.21971902190856696,0.21971902190856696,0.0,0.0
2022-10-20,1.6924010920291015,0.0018709224101352007,0.05791026261034048,0.0,0.07057435352375063,7.057435352375063e-05,5,0.03806780706420221,0.5074634625486635,0.07057435352375063,0.07057435352375063,0.0,0.0
2022-10-21,1.7331727253097196,0.02409099915655033,0.11963508222334487,0.10007549132944646,0.10202989636728327,0.0002021053876967297,5,0.0,0.47613617510341893,0.2021053876967297,0.2021053876967297,0.0,0.0
2022-10-24,1.7418764683525643,0.005021855534502073,0.5496935693326206,0.6742971955041772,0.42508994316106385,0.0010993871386652412,7,0.0,0.3058923558714776,1.0993871386652412,1.0993871386652412,0.0,0.0
2022-10-25,1.7487665959613514,0.003955577639385588,0.5410080654938599,0.5573829558011488,0.5243244318222855,0.0010817073876234343,6,0.0003087433642856574,0.4716164829984157,1.0817073876234342,1.0817073876234342,0.0,0.0
2022-10-26,1.7218027607676123,-0.01541877301179595,0.3552033175763724,0.05007020224030701,0.6600230772245163,0.0007100932794648233,7,0.0,0.39379370206894176,0.7100932794648233,0.7100932794648233,0.0,0.0
2022-10-27,1.6941187474263484,-0.016078504444331232,0.283580988791973,0.06779066305448567,0.495931090128362,0.0005637217531828477,5,0.0034402244010983685,0.6393785743642888,0.5637217531828477,0.5637217531828477,0.0,0.0
2022-10-28,1.743790530929505,0.02932013094041741,0.1045204134135632,0.0,0.20569928453526626,0.00020569928453526625,5,0.0,0.6016329091617034,0.20569928453526626,0.20569928453526626,0.0,0.0
2022-10-31,1.7349828166787782,-0.005050901524297213,0.12552639018099665,0.07766135311451514,0.17096401837978936,0.00024862537149430454,3,0.002427408867688774,0.5559482652953248,0.24862537149430453,0.24862537149430453,0.0,0.0
2022-11-01,1.7456296522724148,0.00613656544104435,0.5264556212269703,0.8482335186491273,0.20226765448111003,0.0010505011731302375,5,0.0,0.3716815515443967,1.0505011731302374,1.0505011731302374,0.0,0.0
2022-11-02,1.6527462395415504,-0.05320911718585397,0.30836664132729297,0.14612869808309428,0.45390933688148166,0.0006000380349645759,4,0.016695247690009962,0.5712670532226221,0.600038034964576,0.600038034964576,0.0,0.0
2022-11-03,1.6714618831491412,0.011323966837632815,0.10111089840594098,0.001727263802235218,0.18807674940421495,0.0001898040132064502,6,0.004087391207336033,0.6202401022158148,0.18980401320645018,0.18980401320645018,0.0,0.0
2022-11-04,1.6877743495388116,0.009759400770142923,0.6641267918530249,0.8846883182086784,0.4294822834999251,0.0013141706017086034,8,0.018125548647343614,0.2728558567855627,1.3141706017086034,1.3141706017086034,0.0,0.0
2022-11-07,1.703449735721904,0.009287607782033191,0.43042289278817913,0.5976048402003602,0.2457609540253171,0.0008433657942256774,7,0.035423600327919025,0.21550415448484217,0.8433657942256774,0.8433657942256774,0.0,0.0
2022-11-08,1.748746098926558,0.02659095965955105,0.5006949419046007,0.6054047069046673,0.37631721530938317,0.0009817219222140506,7,0.01480421436736612,0.3352199020524903,0.9817219222140505,0.9817219222140505,0.0,0.0
2022-11-09,1.7137343788372474,-0.02002104256918824,0.1781889060738244,0.014999015337154021,0.3262772867958007,0.0003412763021329547,8,0.0,0.29331412628698617,0.34127630213295473,0.34127630213295473,0.0,0.0
2022-11-10,1.8847502489388093,0.09979135168986608,0.07965580253849633,0.08459215193625971,0.0609146548900307,0.00014550680682629043,7,0.013804798250702244,0.2930255883972172,0.1455068068262904,0.1455068068262904,0.0,0.0
2022-11-11,1.9466041944792989,0.03281811241320476,0.4445209029534745,0.7206721488785847,0.15634001914756432,0.0008770121680261489,8,0.0013247863967063012,0.24914584298027817,0.8770121680261489,0.8770121680261489,0.0,0.0
2022-11-14,1.9056224454360582,-0.021052943972620475,0.5152708016251879,0.7069283260309406,0.32226139313947566,0.0010291897191704162,10,1.1102230246251565e-16,0.19749758865909126,1.0291897191704162,1.0291897191704162,0.0,0.0
2022-11-15,1.956970059889207,0.026945324125524195,0.3793274302344882,0.4192900072456033,0.2424896884154545,0.0006617796956610578,10,0.0968751648079188,0.17804113454918624,0.6617796956610578,0.6617796956610578,0.0,0.0
2022-11-16,1.9014745067069072,-0.02835789587166282,0.3911188690731513,0.14331619325993833,0.5487763569973405,0.0006920925502572789,8,0.009488327184818401,0.4182268537185887,0.6920925502572789,0.6920925502572789,0.0,0.0
2022-11-17,1.8774044144989739,-0.012658645763081733,0.28688585186144905,0.3523032258071542,0.2210775999314421,0.0005733808257385963,9,0.009213588312231735,0.2806362724264726,0.5733808257385963,0.5733808257385963,0.0,0.0
2022-11-18,1.9099300378045954,0.0173247825851639,0.166806422407598,0.2339527988363279,0.07307077281393787,0.0003070235716502657,9,0.035643175793778625,0.2953814671458454,0.3070235716502657,0.3070235716502657,0.0,0.0
2022-11-21,1.8911233610523819,-0.009846788301120846,0.19429686478925237,0.09877079483848655,0.2538379909193469,0.00035260878575783344,9,0.0,0.25691234863299506,0.35260878575783344,0.35260878575783344,0.0,0.0
2022-11-22,1.914221918768516,0.012214199344076748,0.23775086655329508,0.0715045400012508,0.3593803476304732,0.00043088488763172407,10,0.04461684547486611,0.19081435457183582,0.43088488763172406,0.43088488763172406,0.0,0.0
2022-11-23,1.9165777965934072,0.0012307234609489903,0.21473276251083087,0.31363659822635287,0.09422820552066218,0.0004078648037470151,11,0.022943105426734167,0.16839028807066506,0.40786480374701506,0.40786480374701506,0.0,0.0
2022-11-25,1.9105775252615582,-0.0031307215091994633,0.15680212588126427,0.038045038608666634,0.2525507417805315,0.00029059578038919813,11,0.0,0.17702544446662802,0.29059578038919814,0.29059578038919814,0.0,0.0
2022-11-28,1.8781940688469183,-0.016949564195363753,0.09451370316364144,0.007593305500179755,0.17980903043744415,0.0001874023359376239,13,0.001625070389658978,0.19594921027999676,0.1874023359376239,0.1874023359376239,0.0,0.0
2022-11-29,1.8835094911370018,0.002830070852767097,0.1922419116150917,0.0970494664880863,0.22883271510211314,0.00032588218159019947,10,0.06022159785728576,0.20403175967379492,0.32588218159019944,0.32588218159019944,0.0,0.0
2022-11-30,1.9648665987144784,0.043194424004927345,0.18070689708765475,0.07994886228860809,0.23320366369354387,0.00031315252598215196,10,0.009448721360538204,0.20147257552383224,0.31315252598215193,0.31315252598215193,0.0,0.0
2022-12-01,2.0089673725789456,0.02244466565481873,0.5017183297105168,0.4100336790466933,0.5058017172847262,0.0009158353963314197,7,0.09683410297246497,0.5314058954138043,0.9158353963314196,0.9158353963314196,0.0,0.0
2022-12-02,1.9677985820013955,-0.020492513287909242,0.8455625466567209,1.4950686179310018,0.13795096707206272,0.0016330195850030645,10,0.040593044071622786,0.33325708130032133,1.6330195850030644,1.6330195850030644,0.0,0.0
2022-12-05,1.9149969411610976,-0.026832848302286494,0.5014487327719546,0.3547574104426515,0.6121820335743702,0.0009669394440170216,10,0.0776299922519682,0.302036939029242,0.9669394440170216,0.9669394440170216,0.0,0.0
2022-12-06,1.882594420416453,-0.016920403395004002,0.2582884388902886,0.3810454600789898,0.08396628559419074,0.0004650117456731806,8,0.13049454297272245,0.37278676696327556,0.46501174567318054,0.46501174567318054,0.0,0.0
2022-12-07,1.8880317846776489,0.002888229244827345,0.12941399671350023,0.10159917405459894,0.09993672119617426,0.0002015358952507732,10,0.07280040847969527,0.32902238450137355,0.2015358952507732,0.2015358952507732,0.0,0.0
2022-12-08,1.9237199695417153,0.01890232206559994,0.5191783695790846,0.588583299340225,0.3743465373415029,0.000962929836681728,11,0.14680794187460744,0.20316357810606184,0.9629298366817279,0.9629298366817279,0.0,0.0
2022-12-09,1.9126650194559103,-0.005746652455054901,0.3694359118945015,0.5082101297151295,0.21257357383056705,0.0007207837035456965,10,0.12946192368141018,0.2529218240495069,0.7207837035456965,0.7207837035456965,0.0,0.0
2022-12-12,1.948265775793582,0.018613168524302726,0.27118819157695395,0.24661390540805764,0.2446328971107214,0.0004912468025187791,11,0.07590424331672241,0.19044368645092266,0.491246802518779,0.491246802518779,0.0,0.0
2022-12-13,1.9642366697610776,0.008197492439649512,0.26262027124267884,0.3465674345885026,0.13231737756240444,0.00047888481215090697,12,0.12160675455970849,0.24134429212482125,0.47888481215090695,0.47888481215090695,0.0,0.0
2022-12-14,1.9448400256163043,-0.009874901758723742,0.286915928008166,0.02306996258937423,0.5012469102842307,0.0005243168728736049,12,0.073240206380627,0.22929514124801467,0.524316872873605,0.524316872873605,0.0,0.0
2022-12-15,1.8779806263206944,-0.034377840035672236,0.2846097150569644,0.33844847027800695,0.20463039296914728,0.0005430788632471542,10,0.10194706158858802,0.273578693332135,0.5430788632471542,0.5430788632471542,0.0,0.0
2022-12-16,1.8630495978059438,-0.007950576435925893,0.438814990545687,0.4961364968060305,0.3685988809988518,0.0008647353778048824,13,0.08978062834846756,0.13437066407765277,0.8647353778048823,0.8647353778048823,0.0,0.0
2022-12-19,1.8527733752243607,-0.005515807305229603,0.20595401808994304,0.21111363913315523,0.11054484827898999,0.0003216584874121452,15,0.0,0.13528747113951725,0.3216584874121452,0.3216584874121452,0.0,0.0
2022-12-20,1.878666554685441,0.013975362452488316,0.2169769543352073,0.33760761323547694,0.0963462954349377,0.0004339539086704146,13,0.0,0.1251542335752404,0.4339539086704146,0.4339539086704146,0.0,0.0
2022-12-21,1.895903637099662,0.009175168616927465,0.29160491508825953,0.30041842412442044,0.2352544328246659,0.0005356728569490864,11,0.047536973227432666,0.18275298733650222,0.5356728569490864,0.5356728569490864,0.0,0.0
2022-12-22,1.8728983919926072,-0.01213418480606332,0.17693381094461272,0.1556690716188057,0.16881983449799623,0.0003244889061168019,13,0.0187265504247478,0.17881647756913238,0.3244889061168019,0.3244889061168019,0.0,0.0
2022-12-23,1.8739562718524345,0.0005648356922884901,0.9099538604033064,1.0694004445324352,0.08689838623244228,0.0011562988307648777,2,0.6823032277489418,0.15944658412912902,1.1562988307648776,1.1562988307648776,0.0,0.0
2022-12-27,1.8762979192761857,0.0012495742077462957,5.551115123125783e-17,0.0,0.0,0.0,1,0.8395043928342957,0.16049560716570432,0.0,0.0,0.0,0.0
2022-12-28,1.8563934122893373,-0.01060839367904165,0.8650866849712127,0.8650866849712128,0.017329745245644734,0.0008824164302168576,2,0.0,0.8650866849712128,0.8824164302168576,0.8824164302168576,0.0,0.0
2022-12-29,1.8319833858164063,-0.013149166718291694,0.10967861458226932,0.0,0.18739741221193112,0.00018739741221193113,2,0.03195981695260752,0.9362811613621576,0.18739741221193112,0.18739741221193112,0.0,0.0
2022-12-30,1.7943566496104908,-0.02053879772995182,0.01867555165493309,0.0,0.03645848803561612,3.645848803561612e-05,0,1.0,0.0,0.03645848803561612,0.03645848803561612,0.0,0.0
2023-01-03,1.7943566496104908,0.0,0.0,0.0,0.0,0.0,0,1.0,0.0,0.0,0.0,0.0,0.0
2023-01-04,1.7925622929608802,-0.0010000000000000009,1.0,1.0,0.0,0.001,7,0.0,0.4643022481541222,1.0,1.0,0.0,0.0
2023-01-05,1.8423883825581602,0.027796015677078234,0.40932248567477936,0.09648409718369919,0.7221608741658595,0.0008186449713495587,7,0.0,0.323422794370765,0.8186449713495587,0.8186449713495587,0.0,0.0
2023-01-06,1.8672181246990676,0.013476931561211547,0.4499846486664243,0.24037799891035455,0.6580461667718036,0.0008984241656821581,9,0.0015451316506904789,0.24792517607383868,0.8984241656821581,0.8984241656821581,0.0,0.0
2023-01-09,1.9117491976540013,0.023848886408014414,0.16334104742069208,0.012081936109663419,0.3131506118840589,0.00032523254799372235,8,5.910266506636841e-05,0.2728837779443337,0.32523254799372237,0.32523254799372237,0.0,0.0
2023-01-10,1.9260751106487553,0.007493615277743615,0.17396943391288716,0.07481892515415178,0.2730613000127292,0.00034788022516688103,9,0.0,0.266045103704559,0.347880225166881,0.347880225166881,0.0,0.0
2023-01-11,1.9405833622239608,0.007532547144705415,0.12998359819612634,0.018859238415823886,0.2411079579764288,0.00025996719639225267,8,0.0,0.312090600700624,0.2599671963922527,0.2599671963922527,0.0,0.0
2023-01-12,1.9813076583935032,0.020985594827975573,0.29328945572321696,0.05914070686795197,0.5186053137477105,0.0005777460206156622,9,0.008832890830771656,0.24381951336253072,0.5777460206156623,0.5777460206156623,0.0,0.0
2023-01-13,1.9939923521052794,0.0064021827493774275,0.0947776763012126,0.027381453939898256,0.15605995390300775,0.000183441407842906,7,0.0026611460185197444,0.3112109836268258,0.183441407842906,0.183441407842906,0.0,0.0
2023-01-17,2.009758574793405,0.007906862165985462,0.10465253230046065,0.0679328584871805,0.1386032339413124,0.00020653609242849292,7,0.00540869663079957,0.27725493852911337,0.2065360924284929,0.2065360924284929,0.0,0.0
2023-01-18,1.9790047418955798,-0.015302252361822366,0.20659249329085794,0.1403076714639588,0.26738680643322105,0.0004076944778971799,11,1.1102230246251565e-16,0.2532075800678811,0.4076944778971799,0.4076944778971799,0.0,0.0
2023-01-19,1.9713460785651253,-0.0038699570386672155,0.16285544465566693,0.062075792837680985,0.26363509647365274,0.00032571088931133377,11,0.0,0.23896184609779242,0.32571088931133374,0.32571088931133374,0.0,0.0
2023-01-20,2.0171969170666433,0.023258644943201068,0.24267602130694035,0.2223031836341044,0.26304885897977637,0.0004853520426138807,8,0.0,0.2514822033930381,0.4853520426138807,0.4853520426138807,0.0,0.0
2023-01-23,2.059859029794686,0.021149205794980697,0.10925086150176325,0.08777394718139574,0.13072777582213074,0.0002185017230035265,11,0.0,0.26989810431126016,0.2185017230035265,0.2185017230035265,0.0,0.0
2023-01-24,2.072588609906994,0.006179830720540291,0.176827564935868,0.1072673779671245,0.24638775190461149,0.000353655129871736,12,0.0,0.22912031838890765,0.353655129871736,0.353655129871736,0.0,0.0
2023-01-25,2.0922145320554826,0.009469280133392877,0.16957362047770544,0.038853221723832466,0.293937651589134,0.0003327908733129665,12,0.006356367642444405,0.2775492349883488,0.3327908733129665,0.3327908733129665,0.0,0.0
2023-01-26,2.100068450156538,0.0037538779989925164,0.1948642011333,0.1413121493837991,0.24703447536789197,0.0003883466247516911,11,0.004948359093072563,0.2681674597833766,0.38834662475169107,0.38834662475169107,0.0,0.0
2023-01-27,2.081208165985893,-0.00898079496848736,0.2078315959630911,0.1267404411480252,0.28407905817119433,0.0004108194993192196,13,0.009834843318830222,0.19862263979659495,0.41081949931921957,0.41081949931921957,0.0,0.0
2023-01-30,2.040104656935503,-0.01974983075800074,0.14095590520630827,0.1072349831888169,0.15141710270760048,0.00025865208589641737,10,0.033290122698832914,0.20540603877909944,0.25865208589641736,0.25865208589641736,0.0,0.0
2023-01-31,2.064218060160561,0.011819689319899629,0.2731004550563134,0.15277085476968008,0.3605457038336593,0.0005133165586033394,12,0.0,0.2333416119497792,0.5133165586033394,0.5133165586033394,0.0,0.0
2023-02-01,2.0800507568247832,0.007670069829246007,0.25502477973019017,0.1791980239584054,0.27884081466144195,0.0004580388386198473,13,0.05201072084053304,0.21454725518974052,0.4580388386198473,0.4580388386198473,0.0,0.0
2023-02-02,2.085635253888875,0.002684788842661101,0.27353559320510645,0.14256580721246725,0.3645396675831558,0.0005071054747956231,9,0.011879441017324743,0.2155585297341488,0.5071054747956231,0.5071054747956231,0.0,0.0
2023-02-03,2.0752945079653586,-0.004958079752552691,0.15558001835543847,0.02118462522284476,0.2782318411363367,0.00029941646635918146,10,0.00019148874020658013,0.21467726698932033,0.29941646635918145,0.29941646635918145,0.0,0.0
2023-02-06,2.070267128849132,-0.002422489481338941,0.12443789258176202,0.15854488246905893,0.09013899668412984,0.00024868387915318876,9,0.0,0.1959851453164153,0.24868387915318874,0.24868387915318874,0.0,0.0
2023-02-07,2.132335362928562,0.029980785191684012,0.1145622509597591,0.15744831995937938,0.045813585329457,0.0002032619052888364,11,0.0258625966306818,0.2263421606240162,0.2032619052888364,0.2032619052888364,0.0,0.0
2023-02-08,2.151195041291555,0.008844611729878604,0.149901621579696,0.06703353459749826,0.22606431409243669,0.00029309784868993493,8,0.018922949141273904,0.3191007898808829,0.29309784868993494,0.29309784868993494,0.0,0.0
2023-02-09,2.147863372302636,-0.0015487526351487535,0.153303734780397,0.21629681018380575,0.08835892767799085,0.00030465573786179665,8,0.016994795941854046,0.32062580701076854,0.3046557378617966,0.3046557378617966,0.0,0.0
2023-02-10,2.1577472186419167,0.004601710921996238,0.20170745761882608,0.07056526541670659,0.3295885288608501,0.00040015379427755664,10,0.013649058691284743,0.33929439952764057,0.40015379427755665,0.40015379427755665,0.0,0.0
2023-02-13,2.2031426647628303,0.021038352281823602,0.28341717014567563,0.25138966201466145,0.30208425526925087,0.0005534739172839124,10,1.1102230246251565e-16,0.2835341090466878,0.5534739172839124,0.5534739172839124,0.0,0.0
2023-02-14,2.239765101458353,0.016622816706908683,0.12484325626063221,0.16142756868341818,0.08825894383784627,0.0002496865125212644,10,1.1102230246251565e-16,0.28057537772562235,0.24968651252126434,0.24968651252126442,0.0,2.0122792321330962e-16
2023-02-15,2.222278006865851,-0.007807557400155818,0.22966913231772815,0.1681143924143808,0.2730418241865078,0.0004411562166008886,19,0.0181820480345678,0.18110708763226366,0.4411562166008886,0.4411562166008886,0.0,0.0
2023-02-16,2.2152777810203133,-0.003150022555193477,0.3102065417602927,0.29263233068229516,0.31557049776444,0.0006082028284467352,8,0.030438664636644575,0.3478600868737815,0.6082028284467352,0.6082028284467352,0.0,0.0
2023-02-17,2.1891679888347464,-0.01178623846149951,0.23385032106353332,0.06148128447924836,0.37605330006525606,0.00043753458454450444,8,0.0006221664356815815,0.3788593618129036,0.43753458454450445,0.43753458454450445,0.0,0.0
2023-02-21,2.1659432320452328,-0.010608942259326404,0.2826863237676851,0.4085589004061835,0.15618526452268602,0.0005647441649288696,7,1.1102230246251565e-16,0.41222013336698843,0.5647441649288696,0.5647441649288696,0.0,0.0
2023-02-22,2.1599148649235276,-0.0027832525952273812,0.20635979775988905,0.08400345159905295,0.3207313524068023,0.0004047348040058553,9,0.00798479151392295,0.2468552984735564,0.40473480400585526,0.40473480400585526,0.0,0.0
2023-02-23,2.182017927190484,0.010233302537014044,0.36145832286932716,0.13099436162918043,0.583594426384763,0.0007145887880139434,10,0.0162261181081238,0.389537872124035,0.7145887880139434,0.7145887880139434,0.0,0.0
2023-02-24,2.1825168130966843,0.00022863510880610782,0.36347579743172304,0.2707358205180682,0.44673754129113363,0.0007174733618092019,8,0.0067325368952202425,0.3501363966206509,0.7174733618092018,0.7174733618092018,0.0,0.0
2023-02-27,2.200594809614943,0.008283096107107868,0.318383196902575,0.45462373276144585,0.1778328166399599,0.0006324565494014058,8,0.010982850114287346,0.3466754491634979,0.6324565494014057,0.6324565494014057,0.0,0.0
2023-02-28,2.1862479985237093,-0.006519515100439577,0.1528698711556203,0.06777415297863754,0.2319815720215171,0.0002997557250001546,8,0.01703562638541911,0.35215071940863024,0.29975572500015457,0.29975572500015457,0.0,0.0
2023-03-01,2.214701741203101,0.013014874203935323,0.2990412821127826,0.2882894066955419,0.29298617431057805,0.0005812755810061199,19,1.1102230246251565e-16,0.2118332243259797,0.5812755810061199,0.5812755810061199,0.0,0.0
2023-03-02,2.2095549667493812,-0.0023239131292341897,0.23370384915479114,0.16736727042043492,0.2753983959780847,0.00044276566639851967,22,0.024642031911062734,0.137730017689351,0.44276566639851966,0.44276566639851966,0.0,0.0
2023-03-03,2.2420087268179243,0.014687917049779342,0.12016653088873,0.10664963182472159,0.09273333640283224,0.00019938296822755386,19,0.06523058245257285,0.1352807157686695,0.19938296822755386,0.19938296822755386,0.0,0.0
2023-03-06,2.249264793819172,0.003236413362023738,0.0743929258537661,0.024366680812450258,0.11021249419713554,0.0001345791750095858,19,0.050804723312975364,0.15801207555490915,0.1345791750095858,0.1345791750095858,0.0,0.0
2023-03-07,2.2295144879471307,-0.008780782914627805,0.08783142035642842,0.01879178782413235,0.11490021161569058,0.00013369199943982294,20,0.00927708678601169,0.1343824599169436,0.13369199943982293,0.13369199943982293,0.0,0.0
2023-03-08,2.245363127593007,0.007108560958699606,0.06652506654099886,0.050146895656748014,0.07369277266082444,0.00012383966831757244,24,0.0,0.13491611554647023,0.12383966831757244,0.12383966831757244,0.0,0.0
2023-03-09,2.22044109205377,-0.01109933410456998,0.1329730801226906,0.043143224312004694,0.19928889690561022,0.00024243212121761494,26,0.023514039027766276,0.12474737546710202,0.24243212121761493,0.24243212121761493,0.0,0.0
2023-03-10,2.157623178485892,-0.02829073637336421,0.18777048083229128,0.1856158654390655,0.16573496216940595,0.00035135082760847145,25,1.1102230246251565e-16,0.13987664136515907,0.3513508276084714,0.3513508276084714,0.0,0.0
2023-03-13,2.1257562986885654,-0.014769437089422133,0.09499223225589826,0.04626954208929887,0.11549237418071415,0.00016176191627001303,24,0.028222548241783607,0.14180509876775893,0.16176191627001302,0.16176191627001302,0.0,0.0
2023-03-14,2.1469848591204697,0.009986356594592127,0.11260378377036882,0.06973907930554243,0.1489979516620242,0.00021873703096756664,23,0.021466845690598424,0.1446914220078234,0.21873703096756664,0.21873703096756664,0.0,0.0
2023-03-15,2.0632301573428866,-0.039010383059661535,0.3939158439937963,0.19605758646449337,0.5694529315371746,0.0007655105180016679,12,0.0,0.351418769113082,0.7655105180016679,0.7655105180016679,0.0,0.0
2023-03-16,2.1115832637727077,0.02343563380834457,0.32161130786120723,0.34597446028756595,0.2808859986544615,0.0006268604589420275,8,0.016362156780386994,0.41791531292566064,0.6268604589420275,0.6268604589420275,0.0,0.0
2023-03-17,2.092211380150371,-0.009174103600217753,0.16806281043416554,0.028028670285671405,0.29158857387151194,0.00031961724415718336,9,1.1102230246251565e-16,0.4651220546672085,0.31961724415718334,0.31961724415718334,0.0,0.0
2023-03-20,2.0734576765694057,-0.008963579760099316,0.24749713118984795,0.16754659708030553,0.32744766529939034,0.0004949942623796959,9,1.1102230246251565e-16,0.4178436759222473,0.4949942623796959,0.4949942623796959,0.0,0.0
2023-03-21,2.1254947623150473,0.025096767748709725,0.08042785057840256,0.07268010582647573,0.08817559533032938,0.00016085570115680512,11,1.1102230246251565e-16,0.4245862508743122,0.16085570115680511,0.16085570115680511,0.0,0.0
2023-03-22,2.0888505942052538,-0.017240300357118432,0.3279589908754645,0.3183687264827112,0.33754925526821783,0.000655917981750929,10,1.1102230246251565e-16,0.44059367367758406,0.6559179817509292,0.655917981750929,0.0,2.185751579730777e-16
2023-03-23,2.0878597831205146,-0.0004743331512018223,0.16569801128253492,0.0,0.3313960225650697,0.00033139602256506974,10,0.0,0.39579057918903304,0.3313960225650697,0.3313960225650697,0.0,0.0
2023-03-24,2.088410315819269,0.00026368279287969365,0.12177494849901996,0.09685359030895177,0.14669630668908817,0.00024354989699803991,9,0.0,0.3518776394556115,0.24354989699803992,0.24354989699803992,0.0,0.0
2023-03-27,2.1642672418285,0.03632280756067452,0.19064304313449934,0.1334310630484717,0.22138061838153567,0.0003548116814300074,7,0.026474404838991328,0.41798200380731587,0.35481168143000735,0.35481168143000735,0.0,0.0
2023-03-28,2.2096624921293713,0.020974882132632766,0.08645785327476589,0.04302822905772683,0.1039607736562176,0.00014698900271394442,9,1.1102230246251565e-16,0.39483156171838885,0.1469890027139444,0.1469890027139444,0.0,0.0
2023-03-29,2.222424286816333,0.005775449749642059,0.32245641032387573,0.184762435427301,0.46015038522045026,0.0006449128206477513,7,0.0,0.3828685140561276,0.6449128206477514,0.6449128206477514,0.0,0.0
2023-03-30,2.227431374928259,0.002252984788561063,0.22414433318005,0.10441278798733811,0.33630828700600823,0.00044072107499334637,8,0.007567591366753668,0.4226061943191203,0.44072107499334634,0.44072107499334634,0.0,0.0
2023-03-31,2.227207991662902,-0.00010028738387690694,0.1942312429576985,0.041768344038329026,0.3391286742623468,0.00038089701830067586,7,1.1102230246251565e-16,0.3829979484935402,0.38089701830067585,0.38089701830067585,0.0,0.0
2023-04-03,2.232851593005606,0.0025339354760891553,0.17488538574296958,0.1403188762125238,0.2063970960780644,0.00034671597229058825,8,0.00305479919535101,0.4067219331561551,0.34671597229058826,0.34671597229058826,0.0,0.0
2023-04-04,2.180673777202238,-0.023368241743792817,0.19273605117761974,0.11488985612766336,0.26977582594162486,0.0003846656820692882,8,0.002320269065608671,0.440983200906357,0.3846656820692882,0.3846656820692882,0.0,0.0
2023-04-05,2.1816675651046338,0.00045572515833636196,0.0990098334918615,0.01567184905355638,0.18002905965980245,0.00019570090871335883,7,0.0,0.38148646409680725,0.19570090871335882,0.19570090871335882,0.0,0.0
2023-04-06,2.193596184749946,0.005467661451317385,0.272177212189565,0.32676553560130583,0.21758888877782412,0.00054435442437913,8,0.0,0.4415783459072415,0.54435442437913,0.54435442437913,0.0,0.0
2023-04-10,2.2000701764688984,0.002951314268305305,0.24970606782007346,0.11073637009284548,0.38867576554730143,0.000499412135640147,10,0.0,0.36272828748806085,0.4994121356401469,0.4994121356401469,0.0,0.0
2023-04-11,2.1958355928150604,-0.0019247493553293804,0.2245993982302188,0.06701691151851974,0.3821818849419178,0.00044919879646043747,12,1.1102230246251565e-16,0.3448579019772364,0.4491987964604375,0.4491987964604375,0.0,0.0
2023-04-12,2.198183444986806,0.0010692294903260624,0.10982247460014549,0.048143004811841514,0.1626446920997924,0.0002107876969116339,8,0.008857252288657191,0.36310417580293386,0.2107876969116339,0.2107876969116339,0.0,0.0
2023-04-13,2.218337688974634,0.009168590562262713,0.15096630138587916,0.04906763095504471,0.25189898283179973,0.00030096661378684443,8,0.007808151068825819,0.33888152530181576,0.3009666137868444,0.3009666137868444,0.0,0.0
2023-04-14,2.1972729551988466,-0.009495729113056628,0.08409432203434589,0.04029270721592663,0.12006460728481609,0.0001603573145007427,9,0.015713071428283043,0.32640524938941723,0.1603573145007427,0.1603573145007427,0.0,0.0
2023-04-17,2.257354544863714,0.02734370780958817,0.12320471582019472,0.0,0.239012669124819,0.00023901266912481898,9,0.007894435245921483,0.3512236167382572,0.23901266912481897,0.23901266912481897,0.0,0.0
2023-04-18,2.252728644096366,-0.002049257516004155,0.29661929951906785,0.23484681278894692,0.3438966949936635,0.0005787435077826104,9,0.022401159217493638,0.22621173638899497,0.5787435077826104,0.5787435077826104,0.0,0.0
2023-04-19,2.216953763674469,-0.015880687856325015,0.19271684151447047,0.05968071222635322,0.3158862444772549,0.0003755669567036081,10,0.012887370465555548,0.3048710652229461,0.37556695670360807,0.37556695670360807,0.0,0.0
2023-04-20,2.19661965040105,-0.009172096237007876,0.05981802182491843,0.0,0.11428871893575311,0.00011428871893575312,10,0.0076578576546769694,0.3107260065589146,0.11428871893575313,0.11428871893575313,0.0,0.0
2023-04-21,2.1739005201363564,-0.01034276929123601,0.10562668161424023,0.02704684345317422,0.1764702057137185,0.00020351704916689276,10,0.0,0.3439704921050725,0.20351704916689276,0.20351704916689276,0.0,0.0
2023-04-24,2.179716809108958,0.0026755083402973945,0.06946536151700688,0.04918324638919001,0.05690404483918034,0.00010608729122837035,9,0.03284343180564342,0.3603228141049919,0.10608729122837035,0.10608729122837035,0.0,0.0
2023-04-25,2.1466868174913256,-0.015153340782436131,0.17276900168035622,0.18212119575724361,0.15938313611921803,0.00034150433187646166,9,0.029303716954973358,0.3748906549811952,0.3415043318764617,0.3415043318764617,0.0,0.0
2023-04-26,2.156141268082824,0.004404205827539753,0.2227417410180502,0.13435359929485585,0.28196680571536864,0.0004163204050102245,10,1.1102230246251565e-16,0.2983350708701031,0.4163204050102245,0.4163204050102245,0.0,0.0
2023-04-27,2.158348346389565,0.0010236241657319844,0.33360314958126613,0.33708820431988124,0.32913829816386875,0.0006662265024837499,7,0.000979796678782452,0.375898200001963,0.6662265024837499,0.6662265024837499,0.0,0.0
2023-04-28,2.167110903893597,0.004059843962949561,0.07504961994554472,0.0009413765406961945,0.14682505307540694,0.00014776642961610313,8,0.00330850102052882,0.3898683391467888,0.14776642961610312,0.14776642961610312,0.0,0.0
2023-05-01,2.180755029793531,0.0062959979922672105,0.6988480450457575,0.8346697608176734,0.5469546295406168,0.00138162439035829,5,0.019354958258962163,0.4268587964376918,1.38162439035829,1.38162439035829,0.0,0.0
2023-05-02,2.060848455999684,-0.05498397213610917,0.2644791251197417,0.32395218829713796,0.18453538638469738,0.0005084875746818354,6,0.0,0.33484769962262373,0.5084875746818354,0.5084875746818354,0.0,0.0
2023-05-03,2.057218371341375,-0.001761451526307245,0.2610452222317453,0.0,0.5190090462749528,0.0005190090462749527,6,0.0030813981885379205,0.40065788159703436,0.5190090462749527,0.5190090462749527,0.0,0.0
2023-05-04,2.0373384911425343,-0.009663475922528586,0.36580579118252676,0.43336748149079896,0.2798176780125059,0.0007131851595033048,7,0.021535669573564897,0.39031434810363946,0.7131851595033049,0.7131851595033049,0.0,0.0
2023-05-05,2.063402868619032,0.012793346608732215,0.1961203350558704,0.08752502917643458,0.2834598929221999,0.0003709849220986346,9,0.0,0.3859290101591511,0.37098492209863454,0.37098492209863454,0.0,0.0
2023-05-08,2.0698362676787516,0.00311785892980998,0.4786884770484744,0.5683502389205255,0.3766683795413438,0.0009450186184618693,7,0.012358335635079487,0.2862302908297279,0.9450186184618693,0.9450186184618693,0.0,0.0
2023-05-09,2.054345525875786,-0.007484042117175682,0.5060494326387937,0.719508603373409,0.28355037366091035,0.0010030589770343196,7,0.003399145504779044,0.28701425706751715,1.0030589770343195,1.0030589770343195,0.0,0.0
2023-05-10,2.057703700205914,0.001634668699997066,0.23476559831137553,0.18196700700568885,0.28417217340990675,0.00046613918041559557,13,1.1102230246251565e-16,0.19489479411006835,0.46613918041559554,0.46613918041559554,0.0,0.0
2023-05-11,2.043895508306914,-0.006710486012936889,0.1789335964987791,0.15106765990568866,0.187568120855871,0.0003386357807615597,8,0.01923141223599867,0.2567357352177879,0.33863578076155965,0.33863578076155965,0.0,0.0
2023-05-12,2.0525880182592084,0.004252913085314836,0.3020830558063241,0.5333532017280653,0.05335224337745018,0.0005867054451055155,16,0.001678067183640164,0.2324321293329778,0.5867054451055155,0.5867054451055155,0.0,0.0
2023-05-15,2.0723180032398933,0.009612247954861264,0.26390771835152,0.16916408561435245,0.35800720258500407,0.0005271712881993564,8,0.002305363052336973,0.36949746857549504,0.5271712881993564,0.5271712881993564,0.0,0.0
2023-05-16,2.0155609758363786,-0.027388184301241347,0.1605048368536148,0.10309711981808228,0.20887725426806064,0.00031197437408614294,9,0.011404840892273005,0.392665110726804,0.3119743740861429,0.3119743740861429,0.0,0.0
2023-05-17,2.034475684496766,0.009384339589398216,0.1501768146235148,0.10256740554637409,0.18649068068140395,0.0002890580862277781,10,1.1102230246251565e-16,0.38771101812788494,0.28905808622777807,0.28905808622777807,0.0,0.0
2023-05-18,2.0404957462417714,0.0029590236889434074,0.1341509611282233,0.09101210521268052,0.17728981704376595,0.0002683019222564465,10,0.0,0.3884566551377892,0.2683019222564465,0.2683019222564465,0.0,0.0
2023-05-19,2.025410478945671,-0.007392942290560867,0.16197364425528302,0.1067452293536249,0.21720205915694116,0.000323947288510566,7,0.0,0.3842421588555427,0.32394728851056603,0.32394728851056603,0.0,0.0
2023-05-22,2.0118813701966425,-0.006679687347164842,0.05998339361062007,0.015737847662049935,0.10422893955919021,0.00011996678722124015,8,0.0,0.40092365575493033,0.11996678722124014,0.11996678722124014,0.0,0.0
2023-05-23,2.000144435753422,-0.00583381039115316,0.22109694785145137,0.10096063351525662,0.3412332621876461,0.00044219389570290276,8,0.0,0.2842296682643908,0.44219389570290274,0.44219389570290274,0.0,0.0
2023-05-24,1.9800570275208256,-0.010042978833690985,0.1273461732442237,0.041759882362005646,0.20632354924521018,0.00024808343160721586,6,0.006608914881231609,0.2931909753862614,0.24808343160721583,0.24808343160721583,0.0,0.0
2023-05-25,1.9768402200015132,-0.0016246034708101709,0.18898693426318722,0.11892588496064635,0.2504555589598204,0.0003693814439204668,5,0.015209648641753448,0.3076282314887751,0.3693814439204668,0.3693814439204668,0.0,0.0
2023-05-26,1.9826575922631415,0.0029427630026790386,0.13438264727047866,0.06861434349856467,0.18857110975220215,0.00025718545325076683,7,0.003581280064182457,0.3445221692695396,0.2571854532507668,0.2571854532507668,0.0,0.0
2023-05-30,1.9481899275377839,-0.01738457757903311,0.14708749616826913,0.06782294419622925,0.2211342978280551,0.00028895724202428435,8,0.008861337768423905,0.3551466570718647,0.28895724202428436,0.28895724202428436,0.0,0.0
2023-05-31,1.9392331122180206,-0.004597506225218595,0.15902436051465396,0.08529583084169998,0.2238533763243418,0.0003091492071660418,12,0.0,0.3193418592935748,0.3091492071660418,0.3091492071660418,0.0,0.0
2023-06-01,1.9962246142658888,0.0293886803442025,0.11898904103892141,0.04276976654513943,0.19520831553270337,0.00023797808207784283,11,0.0,0.3176078217578734,0.23797808207784282,0.23797808207784282,0.0,0.0
2023-06-02,2.0325884650345403,0.018216312186905004,0.15586100448722798,0.07455743509846474,0.21246608449245263,0.0002870235195909174,11,0.02469848938353858,0.30644615921000634,0.2870235195909174,0.2870235195909174,0.0,0.0
2023-06-05,2.0330657085240444,0.00023479592535036176,0.09831404217284524,0.06123219372423638,0.12778732333014428,0.00018901951705438066,13,0.017079456948197125,0.29612123243494237,0.18901951705438066,0.18901951705438066,0.0,0.0
2023-06-06,2.0422546222846605,0.004519732796677278,0.16873244857920017,0.16317273797531828,0.1622512994636956,0.00032542403743901385,11,0.004956216918246548,0.35126183986822207,0.3254240374390138,0.3254240374390138,0.0,0.0
2023-06-07,2.0456582313736034,0.0016665938966686777,0.12252901499032928,0.12798655750124968,0.11212468988227343,0.0002401112473835231,14,0.0,0.34764391307940545,0.2401112473835231,0.2401112473835231,0.0,0.0
2023-06-08,2.055556177371545,0.004838514003043137,0.14501865157732693,0.0627510779866595,0.22728622516799427,0.00029003730315465377,13,1.1102230246251565e-16,0.2881141392600661,0.29003730315465376,0.29003730315465376,0.0,0.0
2023-06-09,2.0513227335288287,-0.002059512597768043,0.15561282244957625,0.0790742279917458,0.2171886061893884,0.0002962628341811342,12,0.014962810718018416,0.2846412827136609,0.2962628341811342,0.2962628341811342,0.0,0.0
2023-06-12,2.061330058030708,0.004878473941866801,0.14715575104741335,0.04166430185313854,0.23881351629994363,0.00028047781815308223,10,0.0010523091105657523,0.2740307708160757,0.2804778181530822,0.2804778181530822,0.0,0.0
2023-06-13,2.085335942052392,0.011645822525198968,0.11687100228809584,0.14154849355711574,0.08885017802912146,0.00023039867158623724,11,0.0043832885124499565,0.2999124997135536,0.23039867158623722,0.23039867158623722,0.0,0.0
2023-06-14,2.0744592798495254,-0.005215784173441929,0.13483008836068033,0.10659895693140269,0.1586561179063435,0.0002652550748377462,11,0.0,0.3370358966514257,0.2652550748377462,0.2652550748377462,0.0,0.0
2023-06-15,2.0978082842336105,0.01125546527275234,0.17376254363509713,0.12463896374678067,0.22288612352341358,0.0003475250872701943,12,0.0,0.28469045243014907,0.34752508727019427,0.34752508727019427,0.0,0.0
2023-06-16,2.10501721855186,0.0034364123606667185,0.18504768644919267,0.04080550339770966,0.3200716834646707,0.00036087718686238034,12,0.009218186036004994,0.30532120736564367,0.36087718686238035,0.36087718686238035,0.0,0.0
2023-06-20,2.0833115388879104,-0.010311402430656536,0.13288998847448302,0.04866196566995944,0.21665861156127425,0.0002653205772312337,11,0.009771157258638197,0.356406963089575,0.2653205772312337,0.2653205772312337,0.0,0.0
2023-06-21,2.0900663037399996,0.003242321048005481,0.12416901606714041,0.026725418847717206,0.21187535873901453,0.00023860077758673177,12,0.0,0.35016683034853796,0.23860077758673176,0.23860077758673176,0.0,0.0
2023-06-22,2.0771135839380035,-0.006197276985336897,0.195994366042109,0.15029951166703975,0.24168922041717822,0.00039198873208421797,14,0.0,0.3172731435337681,0.391988732084218,0.391988732084218,0.0,0.0
2023-06-23,2.0717536358975823,-0.0025804790271792832,0.1630686173200249,0.032270616207255666,0.2938666184327941,0.0003261372346400498,14,0.0,0.31320647313158656,0.3261372346400498,0.3261372346400498,0.0,0.0
2023-06-26,2.0992273466048164,0.013261089654287517,0.21971302812417073,0.13925878015838375,0.29571708401610436,0.00043497586417448814,11,0.004450192073853332,0.3070581505278397,0.43497586417448814,0.43497586417448814,0.0,0.0
2023-06-27,2.1088310989956485,0.004574898667533356,0.14919180919899616,0.04301685673338886,0.250938138250296,0.0002939549949836849,11,0.0,0.28200432161756506,0.2939549949836849,0.2939549949836849,0.0,0.0
2023-06-28,2.102696090186323,-0.0029091987557691157,0.1677298597514426,0.06726180340131405,0.26261803252768645,0.0003298798359290005,15,0.005579883573884725,0.2496002935378676,0.3298798359290005,0.3298798359290005,0.0,0.0
2023-06-29,2.126946065005594,0.011532800642208851,0.18210700854302186,0.030453156410204747,0.3185504193382736,0.0003490035757484784,14,0.020724781723783003,0.2980460934253601,0.3490035757484784,0.3490035757484784,0.0,0.0
2023-06-30,2.146615814268221,0.009247883426031,0.13675740083582916,0.13692471646447552,0.132322213911174,0.0002692469303756495,13,0.01626147732108907,0.30023240037075055,0.2692469303756495,0.2692469303756495,0.0,0.0
2023-07-03,2.161446537470011,0.0069088856530414855,0.24242504687195596,0.02801513180301207,0.44575263123987086,0.0004737677630428829,10,0.0050599175092579385,0.29154018322724207,0.4737677630428829,0.4737677630428829,0.0,0.0
2023-07-05,2.142354953261067,-0.008832781138917611,0.15618413583264118,0.09491041278161255,0.21235441853747836,0.00030726483131909095,10,0.0,0.2726237277430246,0.30726483131909094,0.30726483131909094,0.0,0.0
2023-07-06,2.1007162951570226,-0.01943592869177102,0.1343130759554952,0.14836564880779413,0.10322876799031987,0.00025159441679811404,9,0.017031735112876367,0.2739348255747732,0.251594416798114,0.251594416798114,0.0,0.0
2023-07-07,2.119281594360343,0.008837604223911999,0.21684966051986168,0.11470103062848265,0.3021227934941606,0.0004168238241226433,10,1.1102230246251565e-16,0.30358220276563735,0.4168238241226433,0.4168238241226433,0.0,0.0
2023-07-10,2.14573565885475,0.012482562281862064,0.08284599926663538,0.0,0.1514833174472645,0.00015148331744726452,10,0.01420868108600637,0.322444542596667,0.1514833174472645,0.1514833174472645,0.0,0.0
2023-07-11,2.1804226171579404,0.01616553192843151,0.13910421724437322,0.1091602247746953,0.15506926013625527,0.0002642294849109505,11,0.0,0.3198739988561625,0.2642294849109505,0.2642294849109505,0.0,0.0
2023-07-12,2.1929138254064826,0.0057288014489704775,0.1170913770957569,0.0,0.22718982759252204,0.00022718982759252206,11,0.0069929265989917555,0.29678728881465405,0.22718982759252204,0.22718982759252204,0.0,0.0
2023-07-13,2.219691493381444,0.012210998747293589,0.1745157148219799,0.10959714580249835,0.23781651295513007,0.00034741365875762845,8,0.00528839509035528,0.2654086654549108,0.3474136587576284,0.3474136587576284,0.0,0.0
2023-07-14,2.185173313059462,-0.015550890934576289,0.08952964534128055,0.03928016353207755,0.13440812675100805,0.00017368829028308562,10,0.0,0.2437597944464392,0.1736882902830856,0.1736882902830856,0.0,0.0
2023-07-17,2.2251415248309088,0.01829063696347588,0.12259246892542003,0.038493351145818144,0.19439494003369556,0.0002328882911795137,8,0.01229664667132635,0.23831472664536904,0.2328882911795137,0.2328882911795137,0.0,0.0
2023-07-18,2.249994845533939,0.011169321333355908,0.09152392472853633,0.0,0.17353520171869194,0.00017353520171869196,8,0.0026460605124332126,0.2335182150803144,0.17353520171869197,0.17353520171869197,0.0,0.0
2023-07-19,2.235806986045874,-0.006305729773659952,0.060011142946489696,0.0,0.11865681506561669,0.0001186568150656167,8,0.001297064943038495,0.22778689501451832,0.11865681506561669,0.11865681506561669,0.0,0.0
2023-07-20,2.1750506124183535,-0.027174248048562943,0.09019971605972985,0.08567034660261325,0.09113883198163156,0.0001768091785842448,8,0.004923314062703965,0.24373306508753545,0.1768091785842448,0.1768091785842448,0.0,0.0
2023-07-21,2.187496432685396,0.005722083061416416,0.16203989998849022,0.11444033432426846,0.20474572543125277,0.0003191860597555213,10,0.0,0.1989434796867808,0.3191860597555213,0.3191860597555213,0.0,0.0
2023-07-24,2.1944032336827717,0.003157399890657997,0.2380190100222271,0.09727262080140167,0.3736721456790578,0.00047094476648045956,12,0.005093253563994704,0.2429503995862985,0.4709447664804595,0.4709447664804595,0.0,0.0
2023-07-25,2.211835305717929,0.00794387821143605,0.18422169152446805,0.1617372187483981,0.20165488830600067,0.00036339210705439875,16,0.0,0.2347107122925427,0.3633921070543987,0.3633921070543987,0.0,0.0
2023-07-26,2.212980856298797,0.0005179185710195711,0.10023325260564109,0.05349830917642273,0.14696819603485942,0.00020046650521128218,15,0.0,0.22701636138911607,0.20046650521128218,0.20046650521128218,0.0,0.0
2023-07-27,2.1537469028221037,-0.026766591002401197,0.22845419778250714,0.16478276420285168,0.2921256313621626,0.0004569083955650143,15,0.0,0.1925674669440378,0.4569083955650143,0.4569083955650143,0.0,0.0
2023-07-28,2.187399206857474,0.015625004029616862,0.27795053393201324,0.20681551363931142,0.349085554224715,0.0005559010678640265,23,0.0,0.1235718046932415,0.5559010678640265,0.5559010678640265,0.0,0.0
2023-07-31,2.206392975040052,0.008683265552548836,0.26474947460301546,0.23185382881988834,0.29764512038614266,0.0005294989492060309,16,0.0,0.15370405125658837,0.5294989492060309,0.5294989492060309,0.0,0.0
2023-08-01,2.216233831844683,0.0044601559721935136,0.14509765259649676,0.03479380180274413,0.2554015033902494,0.0002901953051929935,16,0.0,0.17800205619074516,0.2901953051929935,0.2901953051929935,0.0,0.0
2023-08-02,2.1568452044182442,-0.026797094500180307,0.11202159148511305,0.047542871999665996,0.17650031097055996,0.000224043182970226,14,1.1102230246251565e-16,0.16889339502605352,0.224043182970226,0.224043182970226,0.0,0.0
2023-08-03,2.1622373330457982,0.002500007240439972,0.1699723067207713,0.05835847644352631,0.28158613699801616,0.0003399446134415425,14,0.0,0.19222280644351292,0.3399446134415425,0.3399446134415425,0.0,0.0
2023-08-04,2.1160774151053454,-0.021348219843855154,0.10949000239648572,0.051199026129881066,0.1677809786630904,0.00021898000479297146,15,0.0,0.16266855984542788,0.21898000479297144,0.21898000479297144,0.0,0.0
2023-08-07,2.121527282913978,0.002575457669804271,0.28142553516328134,0.21279630002261074,0.3500547703039519,0.0005628510703265626,17,1.1102230246251565e-16,0.17489718579949726,0.5628510703265626,0.5628510703265626,0.0,0.0
2023-08-08,2.1237799859410096,0.0010618308070671212,0.1943442371810624,0.13732077579293028,0.24317589276347373,0.000380496668556404,14,0.008191805805720875,0.18144877633471485,0.380496668556404,0.380496668556404,0.0,0.0
2023-08-09,2.1149228001699187,-0.004170481796477832,0.1599495281081712,0.044796177282483134,0.23565304563234293,0.0002804492229148261,14,0.047673638953433795,0.24260494635949165,0.2804492229148261,0.2804492229148261,0.0,0.0
2023-08-10,2.111110668991068,-0.0018024918822306946,0.2967428555316868,0.21303689514993018,0.3349476466421364,0.0005479845417920666,13,0.002232384608307325,0.18627785849938444,0.5479845417920666,0.5479845417920666,0.0,0.0
2023-08-11,2.1096606504756057,-0.0006868510195892075,0.09410518131826236,0.02184289588644486,0.14836580901658655,0.00017020870490303138,12,0.020235196478872175,0.21564456745307722,0.1702087049030314,0.1702087049030314,0.0,0.0
2023-08-14,2.114543698585922,0.0023146130678481924,0.09257498499062078,0.034885018548822234,0.1300798138326073,0.00016496483238142957,13,0.0,0.21594565884656652,0.16496483238142956,0.16496483238142956,0.0,0.0
2023-08-15,2.096857728291998,-0.008363965382106486,0.09889558106096918,0.023728281061336176,0.1740628810606022,0.00019779116212193838,13,0.0,0.20003508282146953,0.19779116212193837,0.19779116212193837,0.0,0.0
2023-08-16,2.0880305674625057,-0.004209708989976302,0.06652463766283381,0.017604855264254655,0.1028645052246756,0.00012046936048893027,12,0.012579914836737371,0.20833486065366916,0.12046936048893027,0.12046936048893027,0.0,0.0
2023-08-17,2.06152235697963,-0.012695317250594695,0.12670421482888466,0.00739945510778514,0.23625212684698083,0.00024365158195476598,13,0.00298172220386983,0.2765322408429729,0.24365158195476597,0.24365158195476597,0.0,0.0
2023-08-18,2.080156720111454,0.00903912735592427,0.08670633932691846,0.0010890841966361973,0.16936908668427747,0.00017045817088091368,14,1.1102230246251565e-16,0.27150940857415723,0.17045817088091367,0.17045817088091367,0.0,0.0
2023-08-21,2.1724705191820552,0.04437829043268193,0.10331090763624708,0.054532020923942326,0.1478242082653714,0.00020235622918931377,14,0.004265586083180506,0.23530752471425087,0.20235622918931376,0.20235622918931376,0.0,0.0
2023-08-22,2.1670227478439323,-0.0025076387872798866,0.12924116229457067,0.07278918261149164,0.18141791952309494,0.00025420710213458665,15,0.0,0.1924970831246112,0.25420710213458664,0.25420710213458664,0.0,0.0
2023-08-23,2.2045037821511015,0.01729609638129581,0.19914801480605715,0.12829830340026396,0.26999772621185025,0.0003982960296121143,15,0.0,0.1860417407741152,0.3982960296121143,0.3982960296121143,0.0,0.0
2023-08-24,2.1545610976702902,-0.02265484182208044,0.12249542260366576,0.03614430933165547,0.20884653587567595,0.0002449908452073314,16,1.1102230246251565e-16,0.16609009120598978,0.24499084520733141,0.24499084520733141,0.0,0.0
2023-08-25,2.169259534055271,0.006822009550285779,0.353758573861357,0.2920608071152223,0.4062321712793225,0.0006982929783945448,29,0.009224169328169274,0.06797778829898649,0.6982929783945448,0.6982929783945448,0.0,0.0
2023-08-28,2.1918403683621457,0.010409466434226688,0.07695154334609342,0.052420618117709754,0.0923546503948576,0.00014477526851256733,30,0.0,0.06550811613884819,0.14477526851256733,0.14477526851256733,0.0,0.0
2023-08-29,2.2157558958420065,0.010911162977498945,0.395646203865046,0.2965093403292154,0.47487554564719636,0.0007713848859764118,14,0.01990752175368027,0.16184155244495743,0.7713848859764117,0.7713848859764117,0.0,0.0
2023-08-30,2.2325932164663453,0.007598905933607236,0.2838598788630057,0.13890579362266936,0.4090674033953343,0.0005479731970180037,12,0.0,0.16918015522195692,0.5479731970180036,0.5479731970180036,0.0,0.0
2023-08-31,2.2381765524075194,0.0025008299317559324,0.17957819150131285,0.09294919047592153,0.2662071925267041,0.0003591563830026257,14,0.0,0.14210881064368128,0.3591563830026257,0.3591563830026257,0.0,0.0
2023-09-01,2.234825313542024,-0.0014973076462133639,0.14135191601595018,0.010265622873840379,0.27243820915805994,0.0002827038320319004,13,0.0,0.15468188485593626,0.28270383203190036,0.28270383203190036,0.0,0.0
2023-09-05,2.226408516571485,-0.003766199048998331,0.16651525126338634,0.09457476716992581,0.23845573535684686,0.0003330305025267727,14,0.0,0.15551468424540646,0.3330305025267727,0.3330305025267727,0.0,0.0
2023-09-06,2.2264011419074663,-3.312358879181687e-06,0.27535267498617766,0.0360531299008007,0.5116746312413666,0.0005477277611421672,14,0.0029775888301880604,0.16724267352814143,0.5477277611421673,0.5477277611421673,0.0,0.0
2023-09-07,2.1958270333105667,-0.013732524665660772,0.0417647807723541,0.0,0.08335846273275818,8.335846273275818e-05,14,0.002847697505906077,0.16499825308286056,0.08335846273275818,0.08335846273275818,0.0,0.0
2023-09-08,2.1785598731524143,-0.007863624910437239,0.10752505872100274,0.04231549235214301,0.1410719854342525,0.00018338747778639554,15,0.03453238150293003,0.16435406523001758,0.18338747778639553,0.18338747778639553,0.0,0.0
2023-09-11,2.1676097731369803,-0.005026302077063893,0.2563767224923199,0.07242226076668627,0.4381211648048228,0.0005105434255715092,12,0.036899128577157714,0.1664601253261862,0.5105434255715091,0.5105434255715091,0.0,0.0
2023-09-12,2.1725714241917213,0.002288996440332758,0.1488981111773222,0.09912337556386297,0.1794537893805159,0.00027857716494437886,10,0.017585546305371236,0.18879509940297945,0.27857716494437884,0.27857716494437884,0.0,0.0
2023-09-13,2.181024900026286,0.00389100019471611,0.18034640065141172,0.06106863901374489,0.28408741789416886,0.00034515605690791377,9,0.001974595525599754,0.21242638563232602,0.34515605690791373,0.34515605690791373,0.0,0.0
2023-09-14,2.2038431155613107,0.010462152694703297,0.09856670948030394,0.06406604688427696,0.11517803250460212,0.00017924407938887908,13,0.019843140202239984,0.21042650279797434,0.17924407938887907,0.17924407938887907,0.0,0.0
2023-09-15,2.1627480629729323,-0.018646995468146854,0.19889674609371333,0.05297587757891583,0.3280365537447477,0.0003810124313236636,13,0.0034314209114456595,0.24843235691727275,0.3810124313236636,0.3810124313236636,0.0,0.0
2023-09-18,2.1802456845689244,0.008090457643013638,0.2442280109062992,0.12117235458134595,0.3638814363483779,0.0004850537909297238,14,0.0,0.20691477495688418,0.4850537909297238,0.4850537909297238,0.0,0.0
2023-09-19,2.164532187409801,-0.007207213971498039,0.11887777488998254,0.028059906880306046,0.2077183153167489,0.00023577822219705494,12,0.0019773275829101378,0.2473201451879094,0.23577822219705494,0.23577822219705494,0.0,0.0
2023-09-20,2.145273968538857,-0.008897173709386696,0.23959977950624006,0.11960484967607762,0.35760058325884725,0.0004772054329349249,15,1.1102230246251565e-16,0.2119013558400865,0.47720543293492484,0.4772054329349249,0.0,2.185751579730777e-16
2023-09-21,2.115357948689993,-0.01394508127520877,0.20479288466248358,0.08253312734285141,0.32454070127991114,0.00040707382862276257,11,0.002511940702204729,0.24489060756902314,0.40707382862276253,0.40707382862276253,0.0,0.0
2023-09-22,2.1183664614597353,0.001422223965265701,0.2378903215351877,0.08760568232085034,0.38566777466231883,0.00047327345698316915,12,0.0,0.22014354928046428,0.47327345698316914,0.47327345698316914,0.0,0.0
2023-09-25,2.116998116951969,-0.0006459432457325276,0.2034217721486455,0.21918472989313592,0.1876588144041551,0.00040684354429729104,15,0.0,0.24533461763295514,0.406843544297291,0.406843544297291,0.0,0.0
2023-09-26,2.0815592480003016,-0.016740151381283264,0.17569149665432332,0.1156363993410225,0.23574659396762415,0.00035138299330864667,14,0.0,0.16634661314842608,0.35138299330864664,0.35138299330864664,0.0,0.0
2023-09-27,2.0944582365273456,0.006196791438646709,0.06727247752039715,0.018399370488807618,0.11614558455198669,0.0001345449550407943,16,0.0,0.16207540895667588,0.1345449550407943,0.1345449550407943,0.0,0.0
2023-09-28,2.12849660570133,0.016251634231877032,0.15273031799623996,0.0722607859344912,0.23319985005798877,0.0003054606359924799,14,0.0,0.2079839946062218,0.3054606359924799,0.3054606359924799,0.0,0.0
2023-09-29,2.11603750858548,-0.005853472860834152,0.13450923955248606,0.11327174601077473,0.1557467330941974,0.0002690184791049721,15,0.0,0.2421988007623218,0.2690184791049721,0.2690184791049721,0.0,0.0
2023-10-02,2.1022394338885024,-0.006520713664570743,0.3337999271630558,0.23999650033810446,0.42760335398800703,0.0006675998543261114,10,1.1102230246251565e-16,0.21285456237042708,0.6675998543261115,0.6675998543261115,0.0,0.0
2023-10-03,2.060792056275781,-0.019715821587485083,0.12979399776194267,0.08251143311349313,0.17707656241039216,0.00025958799552388537,12,1.1102230246251565e-16,0.19033266306034935,0.25958799552388534,0.25958799552388534,0.0,0.0
2023-10-04,2.081843715512856,0.010215324332683684,0.15533053752245424,0.1368917735834876,0.17181368900963384,0.00030870546259312146,12,0.001955612451787103,0.19232871136931068,0.3087054625931215,0.3087054625931215,0.0,0.0
2023-10-05,2.079794475034137,-0.0009843392486424962,0.1556404885315478,0.08120547158234266,0.22811857166014987,0.0003093240432424926,13,1.1102230246251565e-16,0.21517118254527243,0.3093240432424926,0.3093240432424926,0.0,0.0
2023-10-06,2.098407039779805,0.00894923270981507,0.15717762436274182,0.0799011784148354,0.22142071485650813,0.00030132189327134357,13,0.013033355454140194,0.18137579818703053,0.30132189327134357,0.30132189327134357,0.0,0.0
2023-10-09,2.1039035037121687,0.0026193506922949084,0.16853342561665738,0.0682879226008686,0.2636633282514114,0.0003319512508522801,10,0.01811059095896239,0.20433068886360836,0.3319512508522801,0.3319512508522801,0.0,0.0
2023-10-10,2.113558333628533,0.004589007955606794,0.22635650460418705,0.21883264030398097,0.23045251812539377,0.0004492851584293747,10,0.014591910532219421,0.19307829817094255,0.4492851584293747,0.4492851584293747,0.0,0.0
2023-10-11,2.119336918901586,0.0027340552570094268,0.22146005369456934,0.050538737179478974,0.3883488890173962,0.0004388876261968752,10,0.010513256280974992,0.23514590380310396,0.4388876261968752,0.4388876261968752,0.0,0.0
2023-10-12,2.1130316208531017,-0.002975127735590166,0.13947523247138816,0.08827543091439641,0.18957698640761958,0.000277852417322016,11,0.009443650424778571,0.25892144118737603,0.277852417322016,0.277852417322016,0.0,0.0
2023-10-13,2.0918584046333804,-0.010020302588360175,0.23833773092994748,0.11150643275731682,0.35563424880742445,0.00046714068156474133,12,0.0,0.32241889379557737,0.4671406815647413,0.4671406815647413,0.0,0.0
2023-10-16,2.118902653834356,0.012928336421372366,0.3002534198883021,0.2386035904028682,0.34926806589347426,0.0005878716562963425,12,0.012635183480261825,0.3180263725488926,0.5878716562963424,0.5878716562963424,0.0,0.0
2023-10-17,2.1364925651456796,0.008301424928367052,0.23456325474141668,0.3034972903018323,0.1531037838997715,0.00045660107420160374,13,1.1102230246251565e-16,0.31595749243031857,0.45660107420160373,0.45660107420160373,0.0,0.0
2023-10-18,2.121758348120983,-0.006896451345100751,0.15869583994046388,0.0633767980619896,0.25401488181893805,0.00031739167988092764,12,0.0,0.28460695331647273,0.31739167988092765,0.31739167988092765,0.0,0.0
2023-10-19,2.0888742874718313,-0.015498494764153325,0.22381700477180802,0.05600757395056344,0.39162643559305255,0.00044763400954361604,14,0.0,0.28184344586355614,0.44763400954361604,0.44763400954361604,0.0,0.0
2023-10-20,2.058596040550272,-0.014495006761850227,0.17086827423029116,0.008984636910553184,0.3327519115500291,0.0003417365484605823,12,0.0,0.33244687498716075,0.3417365484605823,0.3417365484605823,0.0,0.0
2023-10-23,2.0463840213084357,-0.005932207680032331,0.24159623422627244,0.0799496534622752,0.40324281499026954,0.0004831924684525448,17,1.1102230246251565e-16,0.21353643405422879,0.48319246845254477,0.48319246845254477,0.0,0.0
2023-10-24,2.0682329236146426,0.010676833907370398,0.20480063775439356,0.01550579852673335,0.39409547698205366,0.000409601275508787,14,0.0,0.26247948671246346,0.409601275508787,0.409601275508787,0.0,0.0
2023-10-25,2.041164818316268,-0.013087551691744692,0.35461692976674125,0.48220265998571543,0.2270311995477671,0.0007092338595334826,14,0.0,0.1660305044582194,0.7092338595334825,0.7092338595334825,0.0,0.0
2023-10-26,2.0602576246481537,0.009353877825326817,0.17721345060872623,0.11207337025678737,0.2423535309606651,0.00035442690121745247,14,0.0,0.16407162952048163,0.35442690121745246,0.35442690121745246,0.0,0.0
2023-10-27,2.0548500640554104,-0.002624701167489585,0.35094213920008244,0.12738066841474643,0.5745036099854184,0.0007018842784001647,16,1.1102230246251565e-16,0.24679981374515758,0.7018842784001648,0.7018842784001648,0.0,0.0
2023-10-30,2.057370921378671,0.00122678406924015,0.22957190455528506,0.13184495980701816,0.32729884930355196,0.0004591438091105701,13,1.1102230246251565e-16,0.30862963759254575,0.4591438091105701,0.4591438091105701,0.0,0.0
2023-10-31,2.083804890615092,0.012848421721984638,0.5413501857354284,0.6736381156173915,0.37361140565628714,0.0010472495212736786,11,0.035450850197178196,0.18616911006597847,1.0472495212736785,1.0472495212736785,0.0,0.0
2023-11-01,2.1261888315776853,0.020339687824651564,0.6000935732261856,0.5638023495909222,0.601681125878529,0.0011654834754694513,37,0.0,0.06913403796149281,1.1654834754694512,1.1654834754694512,0.0,0.0
2023-11-02,2.171513859143457,0.02131749865892174,0.08366201926983362,0.1052864527875992,0.0620375857520679,0.00016732403853966712,40,1.1102230246251565e-16,0.06683444795555822,0.16732403853966712,0.16732403853966712,0.0,0.0
2023-11-03,2.1927548343680967,0.009781643868033374,0.06141345954715866,0.037032899561080856,0.0857940195332364,0.0001228269190943172,40,0.0,0.0639311115390603,0.12282691909431721,0.12282691909431721,0.0,0.0
2023-11-06,2.1812255340307867,-0.005257906701016335,0.040406257021642016,0.02517882678429642,0.055633687258987596,8.081251404328404e-05,42,0.0,0.063139157517119,0.08081251404328403,0.08081251404328403,0.0,0.0
2023-11-07,2.2011226747274892,0.009122000630505056,0.024063738592374078,0.0,0.043204911107604466,4.320491110760446e-05,42,0.004922566077143697,0.06273472152115112,0.04320491110760446,0.04320491110760446,0.0,0.0
2023-11-08,2.2018681593131437,0.0003386837972338963,0.06175920650783158,0.06126259163803811,0.0458747725064577,0.00010713736414449581,43,0.02130142110720401,0.06186203353447371,0.1071373641444958,0.1071373641444958,0.0,0.0
2023-11-09,2.1887665891471464,-0.005950206469257591,0.041804827114948755,0.0036332288066758317,0.06869313926210122,7.232636806877707e-05,42,0.010144091613514039,0.062092969039382225,0.07232636806877707,0.07232636806877707,0.0,0.0
2023-11-10,2.235995596512353,0.021577909494501668,0.04823299518321722,0.020777295842889752,0.06709019358907829,8.786748943196803e-05,44,0.0185274551369613,0.06006530155329586,0.08786748943196804,0.08786748943196804,0.0,0.0
2023-11-13,2.229977064180775,-0.002691656611920723,0.0620582602163621,0.03344979702146737,0.07209122481723243,0.00010554102183869979,46,0.0,0.058201629841493706,0.10554102183869979,0.10554102183869979,0.0,0.0
2023-11-14,2.299235863839954,0.031058077130772244,0.0436445108417126,0.03930968058372727,0.03730450685357945,7.661418743730672e-05,43,0.01067483424611848,0.07384924597467574,0.07661418743730672,0.07661418743730672,0.0,0.0
2023-11-15,2.3315029735084773,0.014033840623307814,0.06627032680465113,0.0,0.0941905604887933,9.41905604887933e-05,43,0.04887620018902328,0.05709323809331432,0.09419056048879329,0.09419056048879329,0.0,0.0
2023-11-16,2.316484662846891,-0.006441471802622889,0.06277806514177502,0.01097791622218851,0.09730231500593743,0.00010828023122812599,43,0.06646364841874763,0.055075152583985605,0.10828023122812598,0.10828023122812598,0.0,0.0
2023-11-17,2.3457039833622937,0.01261364730103276,0.03136353582622104,0.00859835175704228,0.04491500011395382,5.351335187099611e-05,44,0.056418510144826906,0.05437843131596461,0.05351335187099611,0.05351335187099611,0.0,0.0
2023-11-20,2.4386088694432533,0.039606398224123485,0.047772903867560515,0.014572150526677995,0.06991592516562872,8.448807569230669e-05,44,0.04320678917390619,0.08134024993258333,0.0844880756923067,0.0844880756923067,0.0,0.0
2023-11-21,2.4257683667335663,-0.005265503160668206,0.08995617893827706,0.015947598741839084,0.12987921658208304,0.00014582681532392211,43,0.07751470742296251,0.09832865789029285,0.1458268153239221,0.1458268153239221,0.0,0.0
2023-11-22,2.430384380838611,0.0019029080304400203,0.03400634386676259,0.012904167391842556,0.04847239294744164,6.13765603392842e-05,42,0.07072660827164878,0.10268322095761577,0.0613765603392842,0.0613765603392842,0.0,0.0
2023-11-24,2.448535558290558,0.007468438982348946,0.048029165914019206,0.022049938395529455,0.03828778907930259,6.0337727474832044e-05,42,0.0344774664273243,0.10275315168536103,0.06033772747483204,0.06033772747483204,0.0,0.0
2023-11-27,2.463853029157828,0.006255768193933919,0.05359543320513997,0.03174712823903239,0.06068645886560041,9.24335871046328e-05,43,0.0490172365064927,0.10189692407037244,0.0924335871046328,0.0924335871046328,0.0,0.0
2023-11-28,2.468161390715485,0.001748627660282942,0.030332447901293136,0.027354129541268955,0.030406785359247186,5.776091490051615e-05,42,0.05183282779307696,0.10586008696720142,0.057760914900516144,0.057760914900516144,0.0,0.0
2023-11-29,2.4799038259098394,0.004757563763263528,0.0635566559810222,0.020399949658977283,0.07452906059507185,9.492901025404913e-05,44,0.019398198611701112,0.10467722692366271,0.09492901025404912,0.09492901025404912,0.0,0.0
2023-11-30,2.4875943233441404,0.0031011272912890853,0.06252923170036995,0.03936510246945013,0.07549653239415102,0.00011486163486360115,46,0.009139178546484827,0.08487585455367172,0.11486163486360115,0.11486163486360115,0.0,0.0
2023-12-01,2.509139759993821,0.008661153648524378,0.032008581104084055,0.026649160192121185,0.036784221112581506,6.343338130470268e-05,46,0.008476346756285502,0.08476892160576546,0.06343338130470268,0.06343338130470268,0.0,0.0
2023-12-04,2.4810368068032647,-0.011200234294890588,0.038403231285461886,0.016162100122689406,0.05136394825172449,6.75260483744139e-05,44,0.017852194526615794,0.07860047334599343,0.0675260483744139,0.0675260483744139,0.0,0.0
2023-12-05,2.479898310030631,-0.0004588794368193261,0.022494118336247787,0.0018870559615493242,0.03319393021059619,3.5080986172145515e-05,45,0.007952513231999636,0.07835216488575744,0.035080986172145515,0.035080986172145515,0.0,0.0
2023-12-06,2.4526503599064102,-0.010987527195776114,0.057083458867929676,0.03700965246328891,0.06911725619785349,0.00010612690866114238,46,0.0,0.09163321185348669,0.10612690866114237,0.10612690866114237,0.0,0.0
2023-12-07,2.4717038088986807,0.007768514136273996,0.02350579693761077,0.002444775413351051,0.04392037472170429,4.6365150135055335e-05,46,0.0006464437401662027,0.09145338630985356,0.046365150135055336,0.046365150135055336,0.0,0.0
2023-12-08,2.489345826704206,0.007137593809586118,0.03353940008769172,0.00842066054598671,0.05801631988563061,6.643698043161733e-05,45,0.0,0.08848452640672595,0.06643698043161733,0.06643698043161733,0.0,0.0
2023-12-11,2.5326642854306898,0.017401543112969486,0.040367138589964456,0.005140264230900942,0.07077854394796054,7.591880817886147e-05,44,0.004815469001067441,0.08795935936211198,0.07591880817886147,0.07591880817886147,0.0,0.0
2023-12-12,2.541819765245306,0.0036149598931385363,0.08102410875403776,0.01917652638025587,0.1162867896168831,0.00013546331599713896,45,0.031382375516486594,0.07221313907806992,0.13546331599713896,0.13546331599713896,0.0,0.0
2023-12-13,2.5847433112286664,0.016886935324943453,0.04461596276172803,0.018892436683922813,0.062314703804875186,8.1207140488798e-05,44,0.038883502905275424,0.07647334873256091,0.081207140488798,0.081207140488798,0.0,0.0
2023-12-14,2.6137102464702666,0.011206890493056676,0.029902636934992437,0.0196516051060399,0.03964295361249005,5.9294558718529956e-05,42,0.037939573993797104,0.07897289864999638,0.059294558718529955,0.059294558718529955,0.0,0.0
2023-12-15,2.6282666556663923,0.005569251303117362,0.10115552469942828,0.03517334482494424,0.1294144651717097,0.00016458780999665393,42,1.1102230246251565e-16,0.07107128085585465,0.16458780999665393,0.16458780999665393,0.0,0.0
2023-12-18,2.652924753011506,0.009381885697157921,0.0552784001716458,0.013307399532933736,0.08184878266967535,9.51561822026091e-05,43,0.01540061814068261,0.07103732680681453,0.0951561822026091,0.0951561822026091,0.0,0.0
2023-12-19,2.6756098380168707,0.008550971896060577,0.018211303535345294,0.007653295888397908,0.020100016895438104,2.7753312783836012e-05,41,0.023938914912531195,0.07478355243141156,0.027753312783836012,0.027753312783836012,0.0,0.0
2023-12-20,2.630994782650758,-0.01667472391983016,0.0188266285554249,0.0,0.026004393786014168,2.6004393786014166e-05,41,0.01269536231226609,0.07558846000273883,0.026004393786014164,0.026004393786014164,0.0,0.0
2023-12-21,2.6603126557237484,0.011143265378676492,0.02971591700414623,0.014703197355712372,0.03351979553023764,4.8222992885950005e-05,40,0.001346006977392844,0.07532609423583984,0.04822299288595001,0.04822299288595001,0.0,0.0
2023-12-22,2.666491742219492,0.0023226918394154694,0.025220519191006718,0.011047185860237433,0.03805103059246207,4.909821645269952e-05,41,0.0,0.07841829498179437,0.04909821645269952,0.04909821645269952,0.0,0.0
2023-12-26,2.683771155018831,0.006480204879598217,0.02510629709713638,0.02010533375741662,0.030107260436856027,5.021259419427265e-05,44,1.1102230246251565e-16,0.07588528129143356,0.050212594194272646,0.050212594194272646,0.0,0.0
2023-12-27,2.6788996551256092,-0.0018151696295384268,0.030224970955585063,0.03435765805482532,0.026092283856344815,6.0449941911170124e-05,46,1.1102230246251565e-16,0.07458581873272227,0.060449941911170126,0.060449941911170126,0.0,0.0
2023-12-28,2.6642918966382165,-0.005452894982252654,0.02585178349136461,0.0,0.0517035669827291,5.170356698272911e-05,46,0.0,0.08173472891379747,0.051703566982729106,0.051703566982729106,0.0,0.0
2023-12-29,2.6595477788234465,-0.0017806299004835546,0.06780868178083435,0.03891101134079881,0.09670635222086992,0.0001356173635616687,47,0.0,0.07971548697965396,0.1356173635616687,0.1356173635616687,0.0,0.0
2024-01-02,2.621623613222544,-0.014259629363635562,0.02498105189245276,0.03251177379794193,0.01745032998696359,4.996210378490552e-05,46,0.0,0.08390119849070189,0.04996210378490552,0.04996210378490552,0.0,0.0
2024-01-03,2.6147842662841017,-0.0026088210771169074,0.03753712574868809,0.02563432520420488,0.04943992629317129,7.507425149737618e-05,44,0.0,0.08330229051454766,0.07507425149737618,0.07507425149737618,0.0,0.0
2024-01-04,2.595023438818873,-0.007557345254073589,0.030966124951169575,0.023722370045538142,0.038209879856800896,6.193224990233905e-05,44,1.1102230246251565e-16,0.08110184110181866,0.06193224990233904,0.06193224990233904,0.0,0.0
2024-01-05,2.5994341687023184,0.0016996878785235925,0.020390547576177535,0.011781095045034742,0.029000000107320217,4.078109515235496e-05,42,0.0,0.07940213219093789,0.04078109515235496,0.04078109515235496,0.0,0.0
2024-01-08,2.6484163453312144,0.018843399543889472,0.014235112764022591,0.0007786390226207909,0.027691586505424394,2.8470225528045183e-05,41,0.0,0.07726728409937976,0.028470225528045182,0.028470225528045182,0.0,0.0
2024-01-09,2.635488075988188,-0.0048815094219673005,0.013784988290076947,0.00045356193312431887,0.024543677119840124,2.4997239052964443e-05,42,0.0025727375271894504,0.07958528440048272,0.024997239052964443,0.024997239052964443,0.0,0.0
2024-01-10,2.655007125314077,0.0074062370092757845,0.045613474785228356,0.025654236789426247,0.06301911593060361,8.867335272002987e-05,45,0.0,0.08322251160958874,0.08867335272002987,0.08867335272002987,0.0,0.0
2024-01-11,2.67527440372513,0.0076336060336017475,0.026542156931204968,0.0,0.053084313862409936,5.3084313862409934e-05,45,0.0,0.08319390218357914,0.053084313862409936,0.053084313862409936,0.0,0.0
2024-01-12,2.685032511007474,0.0036475164075717714,0.006386434900481172,0.00040420733315923714,0.01058469479097646,1.0988902124135697e-05,44,0.0017839676768266477,0.08272060852637454,0.010988902124135697,0.010988902124135697,0.0,0.0
2024-01-16,2.687033104816863,0.0007450910933806121,0.02047693946924642,0.007239223348028883,0.017726655800676627,2.496587914870551e-05,43,0.017770594732677503,0.0878033253868868,0.02496587914870551,0.02496587914870551,0.0,0.0
2024-01-17,2.672292039481465,-0.00548600064099436,0.058679443814926326,0.05260029846923148,0.04689174494188986,9.949204341112134e-05,44,1.1102230246251565e-16,0.0871511961942448,0.09949204341112133,0.09949204341112133,0.0,0.0
2024-01-18,2.70917116496223,0.013800559570547932,0.06371325100417707,0.068520606790208,0.05223058718252247,0.00012075119397273048,43,0.006675308035623773,0.08641502265965784,0.12075119397273047,0.12075119397273047,0.0,0.0
2024-01-19,2.7526597449042685,0.016052355976793553,0.0277606521968632,0.028796788084082894,0.02058116619336457,4.9377954277447466e-05,43,0.00042617199870276234,0.08547687491517539,0.04937795427744746,0.04937795427744746,0.0,0.0
2024-01-22,2.766456579408985,0.005012183045963958,0.039854878968050664,0.03776889692396421,0.021861490625709735,5.963038754967394e-05,43,0.02050339169989024,0.08469580007515069,0.05963038754967394,0.05963038754967394,0.0,0.0
2024-01-23,2.7669522273728626,0.00017916347126734067,0.05316036465830132,0.019352843303970635,0.08244557656853779,0.00010179841987250841,44,0.02501994150419473,0.09065605345131794,0.10179841987250841,0.10179841987250841,0.0,0.0
2024-01-24,2.7904647913925587,0.008497640034074827,0.037006250286940566,0.04321194478431611,0.02815484126220047,7.136678604651657e-05,44,0.02216163743682764,0.0903882635788536,0.07136678604651657,0.07136678604651657,0.0,0.0
2024-01-25,2.8026623007942124,0.004371138972718125,0.08907951467422447,0.11072953315817652,0.04536775307006596,0.00015609728622824248,46,1.1102230246251565e-16,0.08753310344366942,0.15609728622824248,0.15609728622824248,0.0,0.0
2024-01-26,2.796796212360921,-0.0020930414740403247,0.41681921150332407,0.37939878148790634,0.4112290100328192,0.0007906277915207256,17,0.04301063148592266,0.13226685390156978,0.7906277915207256,0.7906277915207256,0.0,0.0
2024-01-29,2.8235089088889245,0.009551177311361458,0.24351707417202573,0.14730124613672957,0.2971481215600946,0.0004444493676968242,18,1.1102230246251565e-16,0.15929638356294623,0.4444493676968242,0.4444493676968242,0.0,2.1163626406917047e-16
2024-01-30,2.8213271624766234,-0.0007727074653217647,0.040030757455068074,0.0,0.08006151491013604,8.006151491013603e-05,18,0.0,0.1669674826980322,0.08006151491013604,0.08006151491013604,0.0,0.0
2024-01-31,2.777999180496172,-0.015357305085602735,0.21726823498547268,0.1408352232362798,0.2937012467346656,0.00043453646997094537,24,0.0,0.13267785386578695,0.43453646997094536,0.43453646997094536,0.0,0.0
2024-02-01,2.807424314541028,0.010592204004754358,0.1616237406158906,0.10138039176444016,0.18091638926258047,0.00028229678102702064,24,0.04095070020476055,0.11139689400482772,0.28229678102702066,0.28229678102702066,0.0,0.0
2024-02-02,2.809503487489553,0.0007405980413277558,0.07933139526214036,0.026693336368550414,0.12102964281714282,0.00014772297918569326,23,0.029974538419446084,0.12075865421952392,0.14772297918569324,0.14772297918569324,0.0,0.0
2024-02-05,2.798766968402198,-0.0038215005374307998,0.08078722884912064,0.026887589732022828,0.11799384824034165,0.00014488143797236448,23,0.013392146417927742,0.12216605210665547,0.14488143797236447,0.14488143797236447,0.0,0.0
2024-02-06,2.798626551568862,-5.017096275650168e-05,0.10397853380329218,0.02839157206859235,0.16617528298802015,0.00019456685505661248,23,0.0,0.11911972682315747,0.19456685505661248,0.19456685505661248,0.0,0.0
2024-02-07,2.841797865638323,0.015425893120773804,0.08249953961468096,0.07880088284546927,0.0318390254892022,0.00011063990833467147,22,0.054359170894690445,0.12109538697643936,0.11063990833467147,0.11063990833467147,0.0,0.0
2024-02-08,2.834930737437568,-0.0024164731361752123,0.1955314832573706,0.15813590411170914,0.23182919618600106,0.0003899651002977102,22,0.05337173081609825,0.11406810809215892,0.3899651002977102,0.3899651002977102,0.0,0.0
2024-02-09,2.8287659211001355,-0.0021745915185936715,0.15772327980579456,0.04254777921547719,0.23063353640937181,0.000273181315624849,21,0.01120818954474423,0.16034286914386164,0.273181315624849,0.273181315624849,0.0,0.0
2024-02-12,2.8281174256989337,-0.00022925028768361333,0.16224606644667502,0.1707087539121133,0.14684749777047096,0.00031755625168258426,25,0.00427131835704353,0.15781009635904514,0.3175562516825843,0.3175562516825843,0.0,0.0
2024-02-13,2.791945361471191,-0.012790156412548326,0.12090896715190261,0.044142033298262974,0.19175007814509684,0.00023589211144335985,25,0.01025145921271231,0.11771808693101576,0.23589211144335984,0.23589211144335984,0.0,0.0
2024-02-14,2.8187801375123103,0.009611497564185445,0.10901160635885514,0.0713692676579943,0.13650219039798087,0.0002078714580559752,19,0.0,0.12554584106881947,0.20787145805597518,0.20787145805597518,0.0,0.0
2024-02-15,2.850379954696908,0.01121045829863343,0.06773545348269729,0.018870784874192765,0.1166001220912017,0.00013547090696539447,21,1.1102230246251565e-16,0.12202692703829576,0.13547090696539446,0.13547090696539446,0.0,0.0
2024-02-16,2.8442368446499087,-0.002155189885080566,0.15316546131907385,0.11510946322170855,0.15790915544921777,0.0002730186186709263,18,0.03331230396722151,0.12262460338092375,0.2730186186709263,0.2730186186709263,0.0,0.0
2024-02-20,2.835452090907138,-0.003088615408134876,0.12470665279929338,0.025785199141776627,0.19021981274348052,0.00021600501188525714,15,0.0,0.16842087984590248,0.21600501188525714,0.21600501188525714,0.0,0.0
2024-02-21,2.7777370945795705,-0.02035477746658132,0.05064596198642455,0.032627233512331794,0.05904769572434525,9.167492923667704e-05,16,0.009616994736172058,0.1609707752935695,0.09167492923667704,0.09167492923667704,0.0,0.0
2024-02-22,2.84430499316143,0.02396479447668365,0.1501833744646235,0.044671281861980924,0.24630628058512807,0.000290977562447109,15,0.0,0.16006417055975916,0.290977562447109,0.290977562447109,0.0,0.0
2024-02-23,2.853826811500552,0.003347678382597863,0.32893883251001427,0.11598192482390764,0.506259394258669,0.0006222413190825766,14,0.03563634593745191,0.16981968668554742,0.6222413190825766,0.6222413190825766,0.0,0.0
2024-02-26,2.8589247265998785,0.001786343543617619,0.23191231502535922,0.08617780634322744,0.34208925767180065,0.0004282670640150281,10,1.1102230246251565e-16,0.23177621665318657,0.4282670640150281,0.4282670640150281,0.0,0.0
2024-02-27,2.8549192417345917,-0.001401045934514844,0.1300156915939662,0.09242823648904076,0.16760314669889154,0.0002600313831879323,13,0.0,0.1637191629462205,0.2600313831879323,0.2600313831879323,0.0,0.0
2024-02-28,2.8587717347099515,0.001349422750402951,0.14611105467626548,0.13213873874757415,0.13842311840878518,0.00027056185715635935,12,0.021660252196171625,0.19275277313034173,0.27056185715635933,0.27056185715635933,0.0,0.0
2024-02-29,2.8943055339776094,0.0124297434580809,0.0834259348049884,0.03807497335810104,0.107385682074665,0.00014546065543276606,11,0.0,0.18366522205303976,0.14546065543276607,0.14546065543276607,0.0,0.0
2024-03-01,2.925166934348047,0.010662799766002928,0.11821759162168868,0.062260644930531864,0.16582882882197916,0.00022808947375251105,14,0.008345709490866327,0.17455829956295657,0.22808947375251104,0.22808947375251104,0.0,0.0
2024-03-04,2.9292037066824665,0.0013800143461963899,0.16334585622844816,0.08569361002185728,0.21319579632991817,0.00029888940635177546,15,0.03613402326262605,0.17819517568600182,0.29888940635177547,0.29888940635177547,0.0,0.0
2024-03-05,2.8970646631929964,-0.010971938693150829,0.06627704868834738,0.02605228091936706,0.08182788924692493,0.00010788017016629198,16,0.011857013145634476,0.18059633342230952,0.10788017016629198,0.10788017016629198,0.0,0.0
2024-03-06,2.9247348852441166,0.00955112338453068,0.12357979912409738,0.06172494036632508,0.17369258606168536,0.00023541752642801045,16,0.0,0.2187048967981309,0.23541752642801045,0.23541752642801045,0.0,0.0
2024-03-07,2.9601945170458053,0.012124049937171977,0.04043725968785435,0.026664790116729377,0.05420972925897923,8.087451937570859e-05,17,1.1102230246251565e-16,0.2243637835209175,0.0808745193757086,0.0808745193757086,0.0,0.0
2024-03-08,2.9360046451999584,-0.008171716995809986,0.0823422582338982,0.07536675959243905,0.07919025760631435,0.0001545570171987534,17,0.010127499269043105,0.22024616367042657,0.1545570171987534,0.1545570171987534,0.0,0.0
2024-03-11,2.939095861431624,0.0010528648981258382,0.1193875582214568,0.10796016788254542,0.12070041428929891,0.0002286605821718443,17,1.1102230246251565e-16,0.22054698331808262,0.22866058217184432,0.22866058217184432,0.0,0.0
2024-03-12,3.0007741451752277,0.020985461737733413,0.14540697384457857,0.049136914636271796,0.24167703305288524,0.00029081394768915703,14,0.0,0.2832232503432686,0.290813947689157,0.290813947689157,0.0,0.0
2024-03-13,3.0023596163922397,0.0005283540647540441,0.1589116913874442,0.10297275155808855,0.21485063121679987,0.0003178233827748884,19,0.0,0.23713072014154105,0.3178233827748884,0.3178233827748884,0.0,0.0
2024-03-14,3.0020259594488583,-0.00011113157183428868,0.13785416246881996,0.09787413755597815,0.11995292288010757,0.00021782706043608574,19,0.057881264501554175,0.2042350667271779,0.21782706043608574,0.21782706043608574,0.0,0.0
2024-03-15,2.95332568833809,-0.016222468349244124,0.1624926413123412,0.11757364853503512,0.14859156892196262,0.00026616521745699773,17,0.0,0.17745118268024523,0.2661652174569977,0.2661652174569977,0.0,0.0
2024-03-18,2.985625995354683,0.010936926849665962,0.10001158709350821,0.0606394907326232,0.13938368345439311,0.0002000231741870163,19,1.1102230246251565e-16,0.15515324677047884,0.20002317418701632,0.20002317418701632,0.0,0.0
2024-03-19,2.9956771558044784,0.0033665169265788553,0.07391307556238437,0.013763713195264413,0.13406243792950434,0.00014782615112476875,21,1.1102230246251565e-16,0.18443416540434293,0.14782615112476874,0.14782615112476874,0.0,0.0
2024-03-20,3.0439485570527354,0.016113686067514177,0.1171340563200767,0.08693783768553127,0.147330274954622,0.0002342681126401533,20,0.0,0.19867533694740533,0.2342681126401533,0.2342681126401533,0.0,0.0
2024-03-21,3.0672058311022585,0.007640495104832334,0.05567332594523863,0.04187040990811934,0.052196498762553736,9.406690867067308e-05,22,0.01727974321980419,0.18100649807732025,0.09406690867067308,0.09406690867067308,0.0,0.0
2024-03-22,3.0522113933719894,-0.004888631072040073,0.07454938464336393,0.03671276078596605,0.0950236635535505,0.00013173642433951654,22,0.0,0.17664526536757935,0.13173642433951654,0.13173642433951654,0.0,0.0
2024-03-25,3.0506175864015606,-0.0005221810566233831,0.06217990290267454,0.016220646243644533,0.09296632866786442,0.00010918697491150895,21,0.015172830893840139,0.17813181778858966,0.10918697491150894,0.10918697491150894,0.0,0.0
2024-03-26,3.062114990580278,0.003768877564322759,0.07210547350473043,0.07189035986612105,0.0572066774920105,0.00012909703735813156,24,0.0,0.16810250863716425,0.12909703735813155,0.12909703735813155,0.0,0.0
2024-03-27,3.0747939346382,0.004140583909136408,0.0651342176594944,0.01252595917818614,0.10472113874060705,0.00011724709791879319,25,0.01302133740019562,0.16318222795849913,0.11724709791879319,0.11724709791879319,0.0,0.0
2024-03-28,3.0757286246303717,0.0003039845960544074,0.0736354789296857,0.06075189649522671,0.07490080024610156,0.00013565269674132826,17,0.024633875592396826,0.2078843520615447,0.13565269674132827,0.13565269674132827,0.0,0.0
2024-04-01,3.0794754886720614,0.001218203716571331,0.1337990603379531,0.10800013812557367,0.15237322393213681,0.00026037336205771047,17,0.01737273820714158,0.20920279514841142,0.26037336205771044,0.26037336205771044,0.0,0.0
2024-04-02,3.0640665378333676,-0.0050037582358996024,0.12326403647414835,0.11225700375069815,0.12196052495883127,0.00023421752870952941,17,0.02976655912434878,0.22825809886199605,0.23421752870952942,0.23421752870952942,0.0,0.0
2024-04-03,3.08869669011978,0.008038386889544835,0.0840772428232951,0.054960386032673475,0.10239128757932882,0.00015735167361200227,20,0.018721733551704367,0.19283468051797448,0.15735167361200228,0.15735167361200228,0.0,0.0
2024-04-04,3.0402462864311617,-0.015686358535495937,0.06233660644471851,0.038239964963798154,0.06871407539108261,0.00010695404035488077,15,0.03673722775403543,0.1954713688281896,0.10695404035488076,0.10695404035488076,0.0,0.0
2024-04-05,3.0791120574092816,0.012783757405306462,0.12152205005633132,0.025718326496835142,0.21155180527242617,0.00023727013176926134,17,0.030490940960892554,0.1885675711727468,0.23727013176926134,0.23727013176926134,0.0,0.0
2024-04-08,3.0931190767254275,0.004549045002256724,0.17692176858346834,0.12625221953979332,0.19724827237899004,0.0003235004919187834,18,0.0,0.18796488487094604,0.3235004919187834,0.3235004919187834,0.0,0.0
2024-04-09,3.0947700587413833,0.0005337596047882975,0.09001855186441228,0.04402357809865476,0.13601352563016983,0.00018003710372882457,15,0.0,0.1788409282267633,0.18003710372882456,0.18003710372882456,0.0,0.0
2024-04-10,3.0687132603124,-0.008419623408008725,0.09425255015053614,0.010692927712538257,0.17781217258853405,0.0001885051003010723,17,0.0,0.17233415126009533,0.1885051003010723,0.1885051003010723,0.0,0.0
2024-04-11,3.0831146410719312,0.004692970485637771,0.10790810600562316,0.07403926072955475,0.12559917654944497,0.00019963843727899974,16,0.016177774732246575,0.18386406599087943,0.19963843727899974,0.19963843727899974,0.0,0.0
2024-04-12,3.021327351787631,-0.020040542268910944,0.18291684068124076,0.04955135832114417,0.3131315895476945,0.00036268294786883867,15,0.019653362456130474,0.19464317993470243,0.36268294786883865,0.36268294786883865,0.0,0.0
2024-04-15,2.9728101257700095,-0.016058248699504563,0.25807121617487905,0.15289595292824829,0.34328227843141734,0.0004961782313596656,15,0.0,0.18975952900426318,0.4961782313596656,0.4961782313596656,0.0,0.0
2024-04-16,2.971889757702278,-0.00030959530840979355,0.09322999589305411,0.061940495999947116,0.1245194957861611,0.00018645999178610822,17,0.0,0.182595316935288,0.18645999178610823,0.18645999178610823,0.0,0.0
2024-04-17,2.9440387116398425,-0.009371493673428932,0.16717355289431843,0.10492991170070215,0.19350165543488637,0.00029843156713558854,17,0.03591553865304831,0.16567378221310303,0.29843156713558855,0.29843156713558855,0.0,0.0
2024-04-18,2.923192026458781,-0.0070809820192376804,0.1388147990120039,0.16587987895314038,0.07558678372815139,0.00024146666268129178,15,0.0,0.16254272224567834,0.24146666268129177,0.24146666268129177,0.0,0.0
2024-04-19,2.896510817431122,-0.009127422620942682,0.13095041305982674,0.032691140484140624,0.20927735801626754,0.00024196849850040815,15,0.01993232761924535,0.15179140330976387,0.24196849850040814,0.24196849850040814,0.0,0.0
2024-04-22,2.916233254952439,0.006809032924243841,0.2850698691719734,0.18568489221556372,0.3667406575137016,0.0005524255497292654,14,0.037500777571220834,0.21208776802385215,0.5524255497292654,0.5524255497292654,0.0,0.0
2024-04-23,2.9733609192491617,0.019589538731069167,0.135298894354126,0.014695145925603831,0.23914442754620863,0.0002538395734718124,13,0.020012717541565417,0.16579696318953793,0.2538395734718124,0.2538395734718124,0.0,0.0
2024-04-24,2.969713114088745,-0.0012268289183465786,0.34006727197597136,0.40299592503340403,0.2571145458694941,0.0006601104709028982,12,0.0,0.31247703611178895,0.6601104709028981,0.6601104709028981,0.0,0.0
2024-04-25,2.9920100482647842,0.007508110487258524,0.07064709157880691,0.02618078794250263,0.10709302496294192,0.00013327381290544456,10,0.008020370252169284,0.3042851858369455,0.13327381290544454,0.13327381290544454,0.0,0.0
2024-04-26,3.019471096152036,0.009178126892714689,0.0940834329137253,0.0053727515570621675,0.18031129314648348,0.00018568404470354564,11,0.01042877316516766,0.27272196839039975,0.18568404470354563,0.18568404470354563,0.0,0.0
2024-04-29,3.0255456808912267,0.002011804235162895,0.0682424562892857,0.01434827972923752,0.11173011041300876,0.0001260783901422463,12,0.0,0.25893213025935613,0.12607839014224628,0.12607839014224628,0.0,0.0
2024-04-30,2.942090091413378,-0.027583648795963756,0.13552946552877632,0.08883357369105073,0.16747856447014983,0.0002563121381612006,11,0.014746792896352057,0.30785926739465197,0.2563121381612006,0.2563121381612006,0.0,0.0
2024-05-01,2.9260735011903023,-0.005443949615894117,0.13835097477223549,0.15523687263203373,0.11067460753579089,0.00026591148016782463,11,0.004033100948154789,0.3097191318310628,0.2659114801678246,0.2659114801678246,0.0,0.0
2024-05-02,2.973843136171691,0.016325507531494532,0.05768733483711832,0.022853023802787,0.08718888892241469,0.00011004191272520168,9,0.009300636440524812,0.3431360347118988,0.11004191272520168,0.11004191272520168,0.0,0.0
2024-05-03,3.021351587952703,0.01597543972752069,0.07313271606693987,0.0013825120411950485,0.13572978425369286,0.00013711229629488793,10,0.0,0.33178709844641724,0.13711229629488791,0.13711229629488791,0.0,0.0
2024-05-06,3.0260265268274593,0.0015473005172244036,0.12351039602111767,0.028344208107007808,0.2082972001127305,0.0002366414082197383,13,0.010379383822497035,0.3250629071908393,0.2366414082197383,0.2366414082197383,0.0,0.0
2024-05-07,3.0229484949471144,-0.0010171860203658234,0.21572914266173537,0.20935959619725375,0.1911655211956596,0.0004005251173929133,18,0.04131895883044434,0.25662077864298427,0.4005251173929133,0.4005251173929133,0.0,0.0
2024-05-08,3.0252407296039596,0.0007582777743904145,0.11520648959697719,0.0722524526124484,0.14875090840985103,0.00022100336102229946,17,0.05068814478403405,0.257405346154563,0.22100336102229945,0.22100336102229945,0.0,0.0
2024-05-09,3.0521704354355514,0.008901673697589318,0.13288879976441967,0.06902962989621157,0.16299295563062685,0.00023202258552683844,14,0.016474245509382923,0.2643453675284648,0.23202258552683844,0.23202258552683844,0.0,0.0
2024-05-10,3.03913831461664,-0.004269788039229061,0.15952857609591353,0.06038259916561463,0.256727084672436,0.00031710968383805063,16,0.014592173778973039,0.13963966271548545,0.3171096838380506,0.3171096838380506,0.0,0.0
2024-05-13,3.0484313662422466,0.0030577916052427767,0.10866892886861947,0.021016053300907795,0.18868354521496983,0.0002096995985158776,16,0.022182898551307062,0.1314981306570283,0.2096995985158776,0.2096995985158776,0.0,0.0
2024-05-14,3.069866379349813,0.007031489488309894,0.06017822820310996,0.029500275472947292,0.08995619934900581,0.0001194564748219531,16,0.021125395866159247,0.14684447422432312,0.1194564748219531,0.1194564748219531,0.0,0.0
2024-05-15,3.1126840055173046,0.013947716570178681,0.14893962263438001,0.02526649981988087,0.25106881006135146,0.0002763353098812324,16,0.042372976005900065,0.18357370878722945,0.2763353098812324,0.2763353098812324,0.0,0.0
2024-05-16,3.1028075542435896,-0.0031729694553667143,0.13900678939805597,0.11171897966209382,0.12379675827988168,0.00023551573794197548,23,0.0,0.16769987970421152,0.23551573794197547,0.23551573794197547,0.0,0.0
2024-05-17,3.097392816003742,-0.0017451092744833474,0.16898289490877372,0.1380767270066419,0.19988906281090546,0.00033796578981754743,18,0.0,0.14528631893961896,0.33796578981754744,0.33796578981754744,0.0,0.0
2024-05-20,3.1263076300083137,0.009335210521304704,0.15202859628769094,0.016727421039434684,0.2873297715359472,0.0003040571925753819,16,0.0,0.14276907096565966,0.3040571925753819,0.3040571925753819,0.0,0.0
2024-05-21,3.140400161527666,0.004507723866993496,0.13366082963800427,0.13658754333800258,0.09810724178557713,0.00023469478512357973,19,0.03262687415242882,0.14372859116636813,0.23469478512357972,0.23469478512357972,0.0,0.0
2024-05-22,3.104479346932374,-0.011438292175420806,0.09280310127940396,0.04151428386832453,0.12622279502979414,0.00016773707889811867,19,0.015129728264954623,0.1893235689702925,0.16773707889811867,0.16773707889811867,0.0,0.0
2024-05-23,3.0783115624066197,-0.008429041266327375,0.19589041817069835,0.23789645938193935,0.1462372285290171,0.0003841336879109565,13,0.007605331781317615,0.1913392847896339,0.3841336879109565,0.3841336879109565,0.0,0.0
2024-05-24,3.087935521676288,0.003126375961159722,0.15180543627164758,0.06623937964363305,0.22979210854108895,0.00029603148818472196,14,0.0,0.17744526763838878,0.29603148818472197,0.29603148818472197,0.0,0.0
2024-05-28,3.0752397183790263,-0.004111421112306668,0.17044778277466302,0.02622510342596841,0.2862226543578714,0.0003124477577838399,13,0.028447807765486166,0.23741560770154124,0.3124477577838399,0.3124477577838399,0.0,0.0
2024-05-29,3.053399622483882,-0.007101916564298372,0.11462604380613883,0.07393603710514016,0.14004239442881714,0.0002139784315339573,16,0.013371499978164003,0.23388869551627067,0.2139784315339573,0.2139784315339573,0.0,0.0
2024-05-30,3.037720974437269,-0.00513481692051132,0.15323689176546,0.03869205857724335,0.25434514896478544,0.0002930372075420287,16,0.0,0.19216693924018355,0.2930372075420287,0.2930372075420287,0.0,0.0
2024-05-31,3.0096977043475373,-0.009225096816182332,0.3011636001911782,0.10459332671767124,0.49773387366468524,0.0006023272003823565,14,0.0,0.1581685708168347,0.6023272003823564,0.6023272003823564,0.0,0.0
2024-06-03,2.9616761819612303,-0.01595559657600809,0.18503299385366165,0.09486059655401002,0.27229531016519615,0.0003671559067192061,15,0.0029100809881171807,0.16435418493281623,0.3671559067192061,0.3671559067192061,0.0,0.0
2024-06-04,2.9065723446113783,-0.018605625316324148,0.25532049503545035,0.2084733238860099,0.28056273472779897,0.0004890360586138089,21,0.024568732685846584,0.15159181194406293,0.4890360586138089,0.4890360586138089,0.0,0.0
2024-06-05,2.935662484323984,0.01000840036427686,0.21331483443629884,0.02814929259491295,0.385678698495266,0.0004138279910901789,16,0.01151353132643429,0.25959527416909467,0.4138279910901789,0.4138279910901789,0.0,0.0
2024-06-06,2.95235520828825,0.005686186356028022,0.1830266817028339,0.08759716477958182,0.23871947006927313,0.0003263166348488549,14,0.051181426143184994,0.20621259489137211,0.3263166348488549,0.3263166348488549,0.0,0.0
2024-06-07,2.9295278761086436,-0.007731905739364442,0.13501064752730102,0.03972567567650317,0.17872664750677378,0.00021845232318327694,16,1.1102230246251565e-16,0.1804152434108462,0.21845232318327693,0.21845232318327693,0.0,0.0
2024-06-10,2.9357565067116864,0.002126155089302806,0.15192429264770102,0.05258452086706963,0.20576082727387085,0.00025834534814094044,18,0.045503237154461695,0.21265685536053083,0.25834534814094046,0.25834534814094046,0.0,0.0
2024-06-11,2.918079129269999,-0.006021404500432426,0.08983901242738236,0.006783462435008318,0.1641561575787656,0.0001709396200137739,18,0.054509469785832376,0.20502882518943003,0.1709396200137739,0.1709396200137739,0.0,0.0
2024-06-12,2.90279454620163,-0.00523789191151669,0.10280185104770992,0.0621819146450268,0.10183601337247597,0.0001640179280175028,21,0.013201726182087814,0.20006999286887311,0.16401792801750278,0.16401792801750278,0.0,0.0
2024-06-13,2.895227444844224,-0.002606833255666574,0.15120640407287764,0.1424341075495268,0.14674629742602788,0.0002891804049755547,17,0.0,0.18364596284059778,0.2891804049755547,0.2891804049755547,0.0,0.0
2024-06-14,2.9129199918046367,0.006110935081083069,0.1231137841329983,0.08401053183770549,0.162217036428291,0.0002462275682659965,17,1.1102230246251565e-16,0.21607981567370277,0.24622756826599648,0.24622756826599648,0.0,0.0
2024-06-17,2.92583632725805,0.004434153869571578,0.09869860315897462,0.07505397171829362,0.12190361523719899,0.0001969575869554926,17,0.0004396193624567335,0.1842391590030404,0.19695758695549262,0.19695758695549262,0.0,0.0
2024-06-18,2.932233445413317,0.002186423791265879,0.06826160924379528,0.03497861853915344,0.09126350858963345,0.00012624212712878687,17,0.010719696246615285,0.16014657819261915,0.12624212712878688,0.12624212712878688,0.0,0.0
2024-06-20,2.955322674536342,0.007874280664502242,0.0657918683409414,0.08337316656882694,0.03757591069682498,0.00012094907726565192,17,0.0,0.15915713223701924,0.12094907726565192,0.12094907726565192,0.0,0.0
2024-06-21,2.9648764674371546,0.00323274104148763,0.19659560605716261,0.18269390012511277,0.1982362707373116,0.0003809301708624244,16,0.012261041251900862,0.16456958791527218,0.38093017086242437,0.38093017086242437,0.0,0.0
2024-06-24,2.9673686761825486,0.0008405776000335319,0.14959317822993548,0.14700709151765143,0.15179925560907004,0.0002988063471267215,16,0.011867073618208268,0.14830322635428236,0.2988063471267215,0.2988063471267215,0.0,0.0
2024-06-25,2.9576121816309096,-0.003287927998279816,0.12032610299697725,0.06453953920103023,0.16420916991181428,0.0002287487091128445,21,0.0,0.14053749746047606,0.2287487091128445,0.2287487091128445,0.0,0.0
2024-06-26,2.966368660708813,0.002960658308174491,0.11966440829001584,0.12623933818541386,0.0734918138656561,0.00019973115205106995,19,0.03959766452896174,0.1635003241237949,0.19973115205106995,0.19973115205106995,0.0,0.0
2024-06-27,2.9709846636811235,0.0015561123718208503,0.0488456182601585,0.05623092806435858,0.03105633229117194,8.728726035553052e-05,20,0.049936667012775104,0.16344110770300388,0.08728726035553051,0.08728726035553051,0.0,0.0
2024-06-28,2.9877494870298458,0.005642850854689518,0.14791934103965793,0.12789398669336965,0.12142985063183905,0.0002493238373252087,18,0.0031292377040955666,0.17253707467237836,0.24932383732520869,0.24932383732520869,0.0,0.0
2024-07-01,2.9747069626991345,-0.0043653339703781935,0.09486920095812162,0.1107582620269639,0.07583776858833072,0.00018659603061529464,18,1.1102230246251565e-16,0.1756467640034811,0.18659603061529464,0.18659603061529464,0.0,0.0
2024-07-02,2.97400378500956,-0.00023638553255556083,0.12826011224842687,0.13095570470071163,0.07547418162687432,0.00020642988632758598,17,0.05009033816926789,0.194759331732953,0.20642988632758597,0.20642988632758597,0.0,0.0
2024-07-03,2.994611700376444,0.006929350752933772,0.0607790311335187,0.009624923724604079,0.09402030136418787,0.00010364522508879195,16,0.03182764015260431,0.19334955326707937,0.10364522508879195,0.10364522508879195,0.0,0.0
2024-07-05,3.005673061351171,0.003693754677221328,0.06566011905488231,0.058491801842723984,0.04665285334412173,0.00010514465518684573,18,0.005531592197035362,0.17652463594816287,0.10514465518684572,0.10514465518684572,0.0,0.0
2024-07-08,2.9672714619299367,-0.012776372758243837,0.08586224913160227,0.022439625354864226,0.1450942218786112,0.00016753384723347542,16,0.0014115907678721173,0.18446607768259016,0.16753384723347542,0.16753384723347542,0.0,0.0
2024-07-09,2.9443565351676,-0.007722558268205337,0.0889743655433731,0.01368020520190551,0.1628462003078684,0.00017652640550977386,16,0.0,0.19150104290285683,0.17652640550977386,0.17652640550977386,0.0,0.0
2024-07-10,2.975761013327081,0.01066599027134929,0.04779343612875877,0.011795008506206489,0.08379186375131094,9.558687225751742e-05,17,1.1102230246251565e-16,0.19373106673521454,0.09558687225751743,0.09558687225751743,0.0,0.0
2024-07-11,2.976542199896711,0.00026251656841091986,0.08838730612647516,0.04923064129442902,0.11287340595831116,0.0001621040472527402,14,0.014670565000210245,0.22410380814613118,0.1621040472527402,0.1621040472527402,0.0,0.0
2024-07-12,3.003732873279832,0.009134986691626379,0.06270598271352572,0.10210327482387334,0.01255784199378714,0.00011466111681766048,14,0.02528694442441548,0.22251269250208036,0.11466111681766047,0.11466111681766047,0.0,0.0
2024-07-15,3.0045869537238907,0.0002843396800216169,0.04427713028051846,0.009476911010031177,0.058992693262629986,6.846960427266116e-05,13,0.005193369203281839,0.26145338715720057,0.06846960427266116,0.06846960427266116,0.0,0.0
2024-07-16,3.034323185836105,0.009896945094352905,0.0822343972511462,0.05887278169645538,0.10045435772524106,0.00015932713942169642,14,0.0,0.25875806427852366,0.15932713942169643,0.15932713942169643,0.0,0.0
2024-07-17,2.975542249784865,-0.01937200899548963,0.13367646173853936,0.1715158426581624,0.06869701327914962,0.00024021285593731198,15,0.02714006753976672,0.28164018136926017,0.24021285593731198,0.24021285593731198,0.0,0.0
2024-07-18,2.914491443832033,-0.020517539603830626,0.20641322251974495,0.3077181111412905,0.09846709757467964,0.00040618520871597017,13,0.034338560923692474,0.2362048798328732,0.40618520871597014,0.40618520871597014,0.0,0.0
2024-07-19,2.8869747884257855,-0.009441323104406818,0.1755981978760923,0.07995903898333599,0.2542299122050831,0.0003341889511884191,12,0.051661712056139564,0.2529821612954989,0.3341889511884191,0.3341889511884191,0.0,0.0
2024-07-22,2.913941966657697,0.009340981549276428,0.14388739233944706,0.0012422283760434886,0.23831394972208814,0.00023955617809813166,13,0.0029527389981783836,0.2239010030012859,0.23955617809813165,0.23955617809813165,0.0,0.0
2024-07-23,2.866578028988157,-0.016254248784462466,0.06518817160160598,0.02634525319502017,0.07387772569673598,0.00010022297889175616,12,0.03315459004710142,0.25523859003902266,0.10022297889175616,0.10022297889175616,0.0,0.0
2024-07-24,2.8046786392147127,-0.021593478059026783,0.06274887365710285,0.006812362084997614,0.08896949517305672,9.578185725805433e-05,13,0.06359895777438773,0.2570246166994888,0.09578185725805433,0.09578185725805433,0.0,0.0
2024-07-25,2.8054649813860864,0.0002803680109297879,0.07817878877368287,0.06949681608263995,0.06524315029210115,0.00013473996637474112,16,0.04195495356680545,0.21257410872581617,0.13473996637474112,0.13473996637474112,0.0,0.0
2024-07-26,2.8046778644376618,-0.0002805655938131757,0.10112747630041354,0.08140278365070334,0.09021536513108072,0.00017161814878178408,14,0.011322721915552947,0.18913756503997672,0.17161814878178408,0.17161814878178408,0.0,0.0
2024-07-29,2.8062707469785035,0.0005679377874510116,0.23505364162293974,0.24828578401881146,0.18525671329475274,0.0004335424973135642,18,0.04787617480156514,0.11247871639900073,0.4335424973135642,0.4335424973135642,0.0,0.0
2024-07-30,2.774699614989238,-0.011250208848614607,0.0869097605741298,0.06971083037034098,0.09385708630912135,0.00016356791667946233,15,0.05866460462695888,0.11547038305023002,0.16356791667946233,0.16356791667946233,0.0,0.0
2024-07-31,2.823561247954876,0.017609701858061433,0.11873428041858844,0.01919523111914201,0.1869803555198426,0.0002061755866389846,14,0.02634455550557424,0.1372701124243418,0.2061755866389846,0.2061755866389846,0.0,0.0
2024-08-01,2.7348390276592505,-0.03142209872723234,0.15488508958773625,0.06984798480799612,0.23362297160807308,0.0003034709564160692,12,0.03349018041341423,0.17752115543633545,0.3034709564160692,0.3034709564160692,0.0,0.0
2024-08-02,2.6472382131046506,-0.03203143353909843,0.202555472875105,0.08707208941345773,0.31535168754238063,0.0004024237769558383,11,0.03189732529815781,0.185466369062255,0.4024237769558383,0.4024237769558383,0.0,0.0
2024-08-05,2.6063284865713716,-0.015453738288742969,0.20306409857242025,0.051606549641638924,0.3441827812613443,0.0003957893309029831,10,0.022046306417983996,0.19462801172980582,0.39578933090298307,0.39578933090298307,0.0,0.0
2024-08-06,2.6263269349432905,0.007673034490839115,0.14123126665826627,0.10787668982226656,0.15271311233946944,0.000260589802161736,13,0.0,0.19205260952958345,0.260589802161736,0.260589802161736,0.0,0.0
2024-08-07,2.5786963664080926,-0.018135810854876033,0.19404039544351437,0.13888391620246804,0.21474728007556618,0.0003536311962780342,10,0.03444959460899455,0.1986517334911221,0.3536311962780342,0.3536311962780342,0.0,0.0
2024-08-08,2.634088701453691,0.021480751191639946,0.15583985004171075,0.1706717769843439,0.13974945762494229,0.0003104212346092862,11,0.03497314945925045,0.20942965395085203,0.3104212346092862,0.3104212346092862,0.0,0.0
2024-08-09,2.6659531809612775,0.012096965257852421,0.154738628107541,0.10571348953274898,0.19199696920332782,0.0002977104587360768,14,0.022778052260736925,0.18259730646235958,0.2977104587360768,0.2977104587360768,0.0,0.0
2024-08-12,2.657726401911717,-0.0030858677895438946,0.1538279636615695,0.07233961961932014,0.21247425539494458,0.0002848138750142647,12,0.0,0.18071594125291052,0.2848138750142647,0.2848138750142647,0.0,0.0
2024-08-13,2.717865211844676,0.02262791606002068,0.0688402223181304,0.0014900195909836687,0.13619042504527706,0.0001376804446362607,13,1.1102230246251565e-16,0.1946051783814579,0.1376804446362607,0.1376804446362607,0.0,0.0
2024-08-14,2.709566851060782,-0.003053264285413859,0.08021325969570715,0.030577887248065004,0.12860109140506248,0.0001591789786531275,12,0.001247540738286923,0.19852539662049426,0.1591789786531275,0.1591789786531275,0.0,0.0
2024-08-15,2.7421518499396407,0.012025906969633127,0.09317524600295224,0.0015303282770170997,0.183587675719,0.00018511800399601713,11,1.1102230246251565e-16,0.2565837967910908,0.18511800399601713,0.18511800399601713,0.0,0.0
2024-08-16,2.750170749143507,0.0029243089524904065,0.16482510942143846,0.20019018356572038,0.12946003527715647,0.00032965021884287683,16,0.0,0.2530993627636406,0.3296502188428768,0.3296502188428768,0.0,0.0
2024-08-19,2.788517746092079,0.013943496766706032,0.07966768147186894,0.1078318063512918,0.05150355659244595,0.00015933536294373776,15,1.1102230246251565e-16,0.22806527695067808,0.15933536294373776,0.15933536294373776,0.0,0.0
2024-08-20,2.753205179655126,-0.012663561666925505,0.047143344062326786,0.03695411944022978,0.05733256868442368,9.428668812465346e-05,14,0.0,0.22507966412649047,0.09428668812465346,0.09428668812465346,0.0,0.0
2024-08-21,2.793909857009117,0.01478446926323529,0.08152284312138693,0.021580412288092942,0.1414652739546809,0.00016304568624277385,15,0.0,0.17453996456691442,0.16304568624277385,0.16304568624277385,0.0,0.0
2024-08-22,2.742704865511451,-0.01832735990719503,0.08752572819711829,0.05954482916158771,0.10143634174765331,0.00016098117090924103,19,0.01407028548499556,0.1777945363160281,0.16098117090924102,0.16098117090924102,0.0,0.0
2024-08-23,2.770006176886305,0.009954155738066683,0.0693985171433867,0.07132833669633702,0.06688222460450585,0.0001382105613008429,14,0.01451615557895869,0.17481272905070783,0.1382105613008429,0.1382105613008429,0.0,0.0
2024-08-26,2.7554141360512756,-0.005267873031038484,0.08857244795805734,0.0,0.1738709144659612,0.0001738709144659612,14,0.017864473953836835,0.23861929648394709,0.1738709144659612,0.1738709144659612,0.0,0.0
2024-08-27,2.740303535402349,-0.005483967165306525,0.05894171518076754,0.0071046248688239715,0.09281761803491155,9.992224290373553e-05,15,0.0,0.2460428119090598,0.09992224290373553,0.09992224290373553,0.0,0.0
2024-08-28,2.7247833316323007,-0.0056636805264602685,0.3066896410750867,0.2830605018444677,0.3303187803057058,0.0006133792821501735,31,0.0,0.14762725271039173,0.6133792821501735,0.6133792821501735,0.0,0.0
2024-08-29,2.7395128491443987,0.0054057573463186515,0.3265657790201821,0.32465376918176564,0.3117668499817637,0.0006364206191635292,14,0.016710938876834946,0.25768122299184987,0.6364206191635292,0.6364206191635292,0.0,0.0
2024-08-30,2.787941780601061,0.017677935502944386,0.10833562285377103,0.09760114989727847,0.10896908188325327,0.00020657023178053175,11,0.026518277494841258,0.28279872692095115,0.20657023178053174,0.20657023178053174,0.0,0.0
2024-09-03,2.7392366984751413,-0.017469906461037854,0.10619283191433111,0.08767476336459856,0.09772611785315427,0.00018540088121775286,16,0.0,0.29183394479496166,0.18540088121775286,0.18540088121775286,0.0,0.0
2024-09-04,2.7629279344922355,0.008648845873846067,0.19426345134267703,0.1298088887106903,0.2517276881938987,0.00038153657690458896,12,0.006990325780765083,0.2584196319984654,0.381536576904589,0.381536576904589,0.0,0.0
2024-09-05,2.764475207607769,0.0005600121147633086,0.12287786815313773,0.05666960688491109,0.182101384269518,0.0002387709911544291,10,0.0,0.2521789175606928,0.2387709911544291,0.2387709911544291,0.0,0.0
2024-09-06,2.760092918065865,-0.0015852157146659662,0.10318412592261264,0.0,0.20636825184522528,0.0002063682518452253,10,0.0,0.23708755917518348,0.20636825184522528,0.20636825184522528,0.0,0.0
2024-09-09,2.7441798790488137,-0.005765399749006361,0.17829919194146954,0.06945085910821659,0.2871475247747225,0.00035659838388293907,10,0.0,0.26176095158460394,0.3565983838829391,0.3565983838829391,0.0,0.0
2024-09-10,2.7278990188075856,-0.005932869184534395,0.10228600252354272,0.04319487967691574,0.1387304509130554,0.00018192533058997113,10,0.022646674457114324,0.2722828525716663,0.18192533058997112,0.18192533058997112,0.0,0.0
2024-09-11,2.7236473217690715,-0.0015585976640632992,0.11626539987352473,0.015948068738484422,0.19390546430117966,0.00020985353303966408,12,0.0,0.2684526524102763,0.2098535330396641,0.2098535330396641,0.0,0.0
2024-09-12,2.7302897386885525,0.002438794797839927,0.28271078573729985,0.13571806136548023,0.42287362182562815,0.0005585916831911084,12,0.006829888283491292,0.35560001303218536,0.5585916831911084,0.5585916831911084,0.0,0.0
2024-09-13,2.769661030645062,0.014420188230799713,0.09866982213469547,0.042774586058695586,0.1478335414975043,0.00019060812755619988,12,1.1102230246251565e-16,0.3497056370408145,0.19060812755619988,0.19060812755619988,0.0,0.0
2024-09-16,2.7675648508357513,-0.0007568362287361241,0.16841110754249242,0.13585038740493402,0.2009718276800508,0.00033682221508498484,17,1.1102230246251565e-16,0.2726197599245803,0.33682221508498483,0.33682221508498483,0.0,0.0
2024-09-17,2.7577219633510492,-0.0035565155706215323,0.08449404868276124,0.001398945326812687,0.15771670816208655,0.00015911565348889926,16,0.009872443876623338,0.2593063731288363,0.15911565348889925,0.15911565348889925,0.0,0.0
2024-09-18,2.745376557577558,-0.004476668038894571,0.15102151350318013,0.08325266340284374,0.21051199697767947,0.00029376466038052323,12,0.01819229167876224,0.3757662500706294,0.29376466038052323,0.29376466038052323,0.0,0.0
2024-09-19,2.7596589979505977,0.005202361160117741,0.13046120884033408,0.06188325226528505,0.19855890993410044,0.0002604421621993855,10,0.0176131696256695,0.46904947554296,0.2604421621993855,0.2604421621993855,0.0,0.0
2024-09-20,2.73809253729324,-0.007814900563212102,0.19381370751605467,0.13355186626492688,0.23633021592575118,0.00036988208219067807,14,0.0,0.4148926364470849,0.3698820821906781,0.3698820821906781,0.0,0.0
2024-09-23,2.7431058614237456,0.0018309549667234748,0.07285952936419576,0.046369491727494855,0.09934956700089656,0.00014571905872839142,14,1.1102230246251565e-16,0.3899330853860687,0.14571905872839142,0.14571905872839142,0.0,0.0
2024-09-24,2.7640831526435,0.007647277312464507,0.02640603031149903,0.02640603031149899,0.026406030311499067,5.281206062299806e-05,15,1.1102230246251565e-16,0.3838352462364419,0.052812060622997835,0.05281206062299806,0.0,2.3592239273284576e-16
2024-09-25,2.756248789593713,-0.002834344199194705,0.030404601262244556,0.0,0.04720787363515903,4.720787363515904e-05,15,0.013601328889330189,0.38531743201820623,0.047207873635159034,0.047207873635159034,0.0,0.0
2024-09-26,2.7791028110065485,0.008291712090404024,0.11212045577286218,0.07989557561636246,0.130858700873215,0.00021075427648957747,12,0.0,0.4432141242365867,0.21075427648957748,0.21075427648957748,0.0,0.0
2024-09-27,2.7941396228680047,0.005410671315182469,0.06882098157394258,0.02362684051465325,0.11401512263323191,0.00013764196314788516,13,0.0,0.40203007355832776,0.13764196314788515,0.13764196314788515,0.0,0.0
2024-09-30,2.7745636406533203,-0.007006085900099324,0.1460051595653285,0.06298570583935653,0.19440881416642591,0.00025739452000578245,18,0.03461579912487456,0.2912399110583377,0.25739452000578245,0.25739452000578245,0.0,0.0
2024-10-01,2.776630311823506,0.0007448634948949984,0.06264808394033053,0.02466380904075874,0.08548782002859233,0.00011015162906935106,19,0.049730762933744344,0.2912569908494924,0.11015162906935107,0.11015162906935107,0.0,0.0
2024-10-02,2.776604895152633,-9.153782829729451e-06,0.27991937098732567,0.10106649436602196,0.409066398976325,0.0005101328933423469,11,1.1102230246251565e-16,0.38736588577657216,0.5101328933423469,0.5101328933423469,0.0,0.0
2024-10-03,2.8048051491077244,0.010156379830750462,0.13889225885479528,0.06912493618951152,0.18922483754693925,0.0002583497737364507,13,0.019434743973139934,0.4081696444484823,0.25834977373645074,0.25834977373645074,0.0,0.0
2024-10-04,2.8176647465224094,0.004584845196385912,0.0475173630375472,0.0411480119524166,0.049144200121611734,9.029221207402834e-05,13,0.014601784551752095,0.40873603305991574,0.09029221207402834,0.09029221207402834,0.0,0.0
2024-10-07,2.810911917279162,-0.0023966049373268516,0.07937912494845126,0.0665157715790711,0.0809703435035278,0.0001474861150825989,14,0.025906839410871352,0.43163055260446775,0.1474861150825989,0.1474861150825989,0.0,0.0
2024-10-08,2.7987549471074415,-0.004324920356625017,0.0744180837701056,0.0424218394258417,0.08602547620498424,0.00012844731563082596,12,0.005627177090929303,0.4268105835128375,0.12844731563082595,0.12844731563082595,0.0,0.0
2024-10-09,2.824000961133156,0.009020444627282131,0.08621354203798204,0.1158674858986844,0.04606539093290303,0.00016193287683158742,11,0.016070175398354758,0.42343264832552135,0.1619328768315874,0.1619328768315874,0.0,0.0
2024-10-10,2.837896240977681,0.0049204231994841585,0.07121417837941446,0.06561206507126922,0.07661166908372634,0.00014222373415499556,12,0.015784593524189816,0.41798068875511685,0.14222373415499556,0.14222373415499556,0.0,0.0
2024-10-11,2.8412659862269107,0.001187409603132128,0.11939474688539395,0.06352498017695928,0.15950215683612354,0.0002230271370130828,9,0.0,0.4389466953042523,0.2230271370130828,0.2230271370130828,0.0,0.0
2024-10-14,2.8663297636633565,0.00882134145762592,0.11872679860582618,0.04078142423855182,0.16277924534476435,0.00020356066958331618,11,0.03389292762833618,0.4666868709106331,0.20356066958331617,0.20356066958331617,0.0,0.0
2024-10-15,2.8357722094147775,-0.010660864857895636,0.008985376183631585,0.005893602781720462,0.00794688412659341,1.3840486908313873e-05,12,0.03012740951804116,0.4778126725878183,0.013840486908313873,0.013840486908313873,0.0,0.0
2024-10-16,2.842644024841325,0.0024232607272660633,0.11990307406600904,0.005820542333856137,0.20393733054679555,0.0002097578728806517,11,1.1102230246251565e-16,0.4504789175229344,0.20975787288065167,0.20975787288065167,0.0,0.0
2024-10-17,2.8494302941929313,0.0023873088899990513,0.35907526593586053,0.07885305683678895,0.6027036508032805,0.0006815567076400695,15,0.036593824231651695,0.15526860039503143,0.6815567076400695,0.6815567076400695,0.0,0.0
2024-10-18,2.8450199226564976,-0.001547808186577515,0.13832790730154879,0.03565749212589092,0.20435656686854126,0.00024001405899443218,15,0.0,0.16231097950964832,0.24001405899443218,0.24001405899443218,0.0,0.0
2024-10-21,2.830883182149794,-0.004968942535032772,0.16353243230442113,0.1384410571483856,0.1684884293801,0.0003069294865284856,14,0.020135378080356703,0.17466370851163696,0.30692948652848556,0.30692948652848556,0.0,0.0
2024-10-22,2.7944991923143307,-0.01285252251484037,0.24261977997384412,0.20826427121056704,0.25658723266788264,0.00046485150387844966,16,0.0,0.1276794476941552,0.46485150387844965,0.46485150387844965,0.0,0.0
2024-10-23,2.7546895927816344,-0.014245700854802257,0.15294981088852805,0.12554024403592834,0.18035937774112776,0.0003058996217770561,15,0.0,0.18850277531491544,0.3058996217770561,0.3058996217770561,0.0,0.0
2024-10-24,2.7484756759890856,-0.002255759345383801,0.4601428746575396,0.4200558825654579,0.4892686153286235,0.0009093244978940814,13,0.010961251420997797,0.2974406376658178,0.9093244978940814,0.9093244978940814,0.0,0.0
2024-10-25,2.740760435593876,-0.002807097935270342,0.12238603119143332,0.12796856584590044,0.08644312626226437,0.00021441169210816482,14,0.04135012078119071,0.24481836306944943,0.21441169210816483,0.21441169210816483,0.0,0.0
2024-10-28,2.7773353894675896,0.013344819707231448,0.2074756689007492,0.12557704164489603,0.26184999400616105,0.00038742703565105706,13,0.06831407067011919,0.19308278449208185,0.3874270356510571,0.3874270356510571,0.0,0.0
2024-10-29,2.754123257446342,-0.008357698572982741,0.20544088177939432,0.12686889115637454,0.21945116118275265,0.00034632005233912723,13,0.13342768440305253,0.15978511419589228,0.3463200523391272,0.3463200523391272,0.0,0.0
2024-10-30,2.757041870514213,0.001059724926972594,0.32489237510130087,0.34340368341877436,0.17856019311748855,0.0005219638765362629,16,0.005395993070950733,0.14717700566276834,0.5219638765362629,0.5219638765362629,0.0,0.0
2024-10-31,2.723172734940847,-0.01228459238707491,0.1729148030347103,0.08095539430162516,0.21146395166110007,0.00029241934596272524,11,0.05887176767922897,0.19228208645346473,0.29241934596272523,0.29241934596272523,0.0,0.0
2024-11-01,2.713039063800536,-0.003721273722480656,0.13425912485236072,0.14403627389108212,0.08847993903732711,0.00023251621292840925,15,0.0950799609418479,0.14747649147274974,0.23251621292840924,0.23251621292840924,0.0,0.0
2024-11-04,2.7295517609589974,0.006086420714978447,0.12746077569467817,0.1001939848615426,0.14153977809554985,0.00024173376295709247,13,0.08129413175661515,0.14795099967882966,0.24173376295709245,0.24173376295709245,0.0,0.0
2024-11-05,2.7570771990994114,0.010084233805019771,0.13416577572497052,0.06651012440881175,0.12135401968644507,0.00018786414409525682,14,1.1102230246251565e-16,0.1426581368488474,0.1878641440952568,0.1878641440952568,0.0,0.0
2024-11-06,2.869051187555192,0.04061329457599383,0.06573408022089293,0.02735097411981701,0.10411718632196873,0.00013146816044178576,14,0.0,0.15299359312432428,0.13146816044178575,0.13146816044178575,0.0,0.0
2024-11-07,2.8663099773251473,-0.000955441381434774,0.3687392967521708,0.22646836410874516,0.438151081700651,0.0006646194458093962,14,0.07285914769494539,0.15655092961204115,0.6646194458093962,0.6646194458093962,0.0,0.0
2024-11-08,2.8243289203615256,-0.014646377152410572,0.18600605093778802,0.09573241812401873,0.2548727688497531,0.0003506051869737718,12,0.09532312245515151,0.15390356069630912,0.3506051869737718,0.3506051869737718,0.0,0.0
2024-11-11,2.8158261496731196,-0.003010545488206673,0.07774059813316224,0.04742280252509701,0.08880925809222916,0.00013623206061732617,11,0.07634880268268296,0.16296242329837463,0.13623206061732618,0.13623206061732618,0.0,0.0
2024-11-12,2.817097588334796,0.00045153308268841563,0.22881323849587173,0.18250970018993595,0.21604704948121733,0.0003985567496711533,12,0.13535365595517868,0.1640282670603938,0.3985567496711533,0.3985567496711533,0.0,0.0
2024-11-13,2.8068948926244617,-0.0036217047476744257,0.11121610202303799,0.005590782133214221,0.1499321499305692,0.00015552293206378342,11,0.06891524969043916,0.16501324080919122,0.15552293206378343,0.15552293206378343,0.0,0.0
2024-11-14,2.8127863670230897,0.002098929466190169,0.042158859745803696,0.0,0.06975886409096135,6.975886409096136e-05,11,0.0542072516319303,0.16961751317048449,0.06975886409096135,0.06975886409096135,0.0,0.0
2024-11-15,2.7662759602431266,-0.016535349902590535,0.15015957109863165,0.15015957109863165,0.0950544290383111,0.0002452140001369427,13,0.0,0.15707935019578667,0.24521400013694272,0.24521400013694272,0.0,0.0
2024-11-18,2.83135901456336,0.023527318046212997,0.06843416601649663,0.0,0.13686833203299326,0.00013686833203299325,13,0.0,0.14977563519655224,0.13686833203299326,0.13686833203299326,0.0,0.0
2024-11-19,2.8482553697872777,0.0059675778087517894,0.0394175906658723,0.0,0.07883518133174461,7.88351813317446e-05,13,0.0,0.15255707835082757,0.0788351813317446,0.0788351813317446,0.0,0.0
2024-11-20,2.864533851993057,0.005715246736108348,0.022429880438393526,0.01668599229052975,0.02817376858625719,4.485976087678694e-05,14,1.1102230246251565e-16,0.14786009562362068,0.04485976087678694,0.04485976087678694,0.0,0.0
2024-11-21,2.8873455792989073,0.007963504180611647,0.2714116898178548,0.3054478591718352,0.19052505997131375,0.000495972919143149,11,0.04685046049256081,0.1567995796843922,0.49597291914314895,0.49597291914314895,0.0,0.0
2024-11-22,2.9579478096968215,0.02445229656751291,0.1307894231346694,0.08675534263952372,0.16494788716530343,0.00025170322980482717,16,0.05559630862096698,0.1350276135445978,0.2517032298048272,0.2517032298048272,0.0,0.0
2024-11-25,2.948509083447339,-0.0031909711924397177,0.009244194708368878,0.0,0.01079436741699874,1.079436741699874e-05,16,0.06346770270214142,0.13263861329939688,0.01079436741699874,0.01079436741699874,0.0,0.0
2024-11-26,2.929183652956599,-0.006554305903017532,0.06933222492459715,0.030689627597053182,0.10645800609384026,0.00013714763369089344,20,0.062360855901652745,0.12335024510161147,0.13714763369089344,0.13714763369089344,0.0,0.0
2024-11-27,2.931419385286796,0.0007632612342145517,0.09791468169863846,0.07636037338107823,0.08441067467578502,0.00016077104805686327,20,0.02724496106543295,0.11551525229627087,0.16077104805686326,0.16077104805686326,0.0,0.0
2024-11-29,2.8995275203652544,-0.01087932524483226,0.07356047161874343,0.02283276526168987,0.07696445215369764,9.979721741538751e-05,18,0.0748656049774139,0.1133955985618578,0.09979721741538751,0.09979721741538751,0.0,0.0
2024-12-02,2.8743086002315126,-0.008697596403763441,0.12060752302271649,0.1267858992709865,0.03891919230047981,0.00016570509157146632,22,0.0,0.10853918082554018,0.16570509157146632,0.16570509157146632,0.0,0.0
2024-12-03,2.876501799268724,0.0007630353390148947,0.1591784040744613,0.1437082553088422,0.17464855284008043,0.0003183568081489226,24,0.0,0.10651159936811568,0.3183568081489226,0.3183568081489226,0.0,0.0
2024-12-04,2.893543046149821,0.005924295575072902,0.05326649827029997,0.04136078138092161,0.06250690471487244,0.00010386768609579406,17,0.0026653104448058906,0.11667250989482539,0.10386768609579405,0.10386768609579405,0.0,0.0
2024-12-05,2.8944811637820944,0.00032421070546084785,0.05387704207769617,0.012286036859041538,0.09280388070013146,0.00010508991755917299,16,0.0,0.11839553649133439,0.10508991755917299,0.10508991755917299,0.0,0.0
2024-12-06,2.8846675194151263,-0.0033904675178970667,0.03683927776750976,0.01031303389630839,0.06336552163871112,7.367855553501952e-05,18,0.0,0.12338345067238811,0.07367855553501952,0.07367855553501952,0.0,0.0
2024-12-09,2.9057191032349303,0.007297750495721678,0.008450344129318487,0.0011519075104844602,0.015748780748152513,1.6900688258636973e-05,17,0.0,0.12799351338114245,0.016900688258636973,0.016900688258636973,0.0,0.0
2024-12-10,2.8725089756090694,-0.011429228513137435,0.06490640561550762,0.06576805092794678,0.026083629177818327,9.18516801057651e-05,18,0.037961131125250125,0.1294614008963713,0.09185168010576511,0.09185168010576511,0.0,0.0
2024-12-11,2.901316091649537,0.010028555623349922,0.07813708561607433,0.06091563773600219,0.09389101762054752,0.00015480665535654972,16,0.03611088156493936,0.12882016719028053,0.15480665535654972,0.15480665535654972,0.0,0.0
2024-12-12,2.8434285733365035,-0.019952158428943045,0.4480967936496735,0.7533741730697339,0.10600503936588994,0.0008593792124356237,16,0.0,0.16942774874252722,0.8593792124356238,0.8593792124356238,0.0,0.0
2024-12-13,2.794787267205752,-0.017106568663926458,0.36607717236347836,0.49533534842613874,0.1870289755947651,0.0006823643240209038,13,0.04979002070605287,0.14523299814453466,0.6823643240209039,0.6823643240209039,0.0,0.0
2024-12-16,2.769962040320417,-0.008882689275365063,0.36552420695606236,0.43735603558500624,0.24349032775941512,0.0006808463633444213,17,0.0,0.16993004468170012,0.6808463633444213,0.6808463633444213,0.0,0.0
2024-12-17,2.773372285016756,0.001231152140967584,0.43966454387423665,0.6567444831403013,0.19164559398071998,0.0008483900771210212,11,0.03093901062745208,0.2898005252773102,0.8483900771210212,0.8483900771210212,0.0,0.0
2024-12-18,2.65821417228799,-0.041522774764466974,0.13918818066450928,0.016358904390796982,0.22974606272156906,0.000246104967112366,10,0.0,0.22473300801940677,0.24610496711236604,0.24610496711236604,0.0,0.0
2024-12-19,2.647918023867073,-0.003873332904569926,0.09427747081527393,0.04779306553273609,0.06462253479242552,0.00011241560032516161,10,0.07613934130538624,0.22807146931315966,0.11241560032516161,0.11241560032516161,0.0,0.0
2024-12-20,2.6644290440937755,0.006235472578032919,0.11668525460210047,0.11036790505713392,0.11389396913947833,0.00022426187419661225,11,0.08475918423636453,0.2732627038090182,0.22426187419661225,0.22426187419661225,0.0,0.0
2024-12-23,2.6435048155521104,-0.00785317536905239,0.00872040661690886,0.007664224321032356,0.008720406616908857,1.6384630937941217e-05,10,0.084372499613114,0.2756429183873059,0.016384630937941215,0.016384630937941215,0.0,0.0
2024-12-24,2.6557726022782107,0.00464072796611803,0.6651893468648404,0.6410134783164431,0.6651893468648404,0.0013062028251812833,1,0.05969719141239038,0.9403028085876096,1.3062028251812834,1.3062028251812834,0.0,0.0
2024-12-26,2.6577736340775386,0.0007534650359790618,4.85722573273506e-17,0.0,0.0,0.0,1,0.059652245531065184,0.9403477544689348,0.0,0.0,0.0,0.0
2024-12-27,2.6577736340775386,0.0,0.0,0.0,0.0,0.0,1,0.059652245531065184,0.9403477544689348,0.0,0.0,0.0,0.0
2024-12-30,2.6577736340775386,0.0,0.0,0.0,0.0,0.0,1,0.059652245531065184,0.9403477544689348,0.0,0.0,0.0,0.0
2024-12-31,2.6577736340775386,0.0,0.0,0.0,0.0,0.0,1,0.059652245531065184,0.9403477544689348,0.0,0.0,0.0,0.0
