signal_date,ticker,fold,expected_active_per_session,uncertainty_per_session,positive_active_horizon_share,effective_horizon_sessions,horizon_weight_5d,horizon_weight_10d,horizon_weight_20d,horizon_weight_60d,horizon_weight_120d,horizon_weight_252d,score_5d,score_10d,score_20d,score_60d,score_120d,score_252d,expected_active_total,model_target_weight,entry_ok,resize_band,seal_id,shadow_only,real_orders_sent,model_intent,input_fingerprint
2026-09-08,AAPL,LIVE_SHADOW,-0.00029771509432931806,0.0043087919183797865,0.0,34.558177160357516,0.3915425684662701,0.13545535231367395,0.2541053963999522,0.08697797148378154,0.09316962635522479,0.03874908498109728,0.20218579234972678,0.453551912568306,0.5628415300546448,0.41530054644808745,0.40437158469945356,0.366120218579235,-0.010288490973145123,0.0,False,0.011687577057851905,46bbbf853561e26625ee3ecbccb6037051556f2f3ca26dcb4e311c165c08d8e9,True,False,NO_ENTRY,ff09f2498192fa0e822678145ada64be74df6e2633d7af4161aea664587f8348
2026-09-08,ABBV,LIVE_SHADOW,-0.0004448486813542257,0.0031617226395576708,0.0,39.797437141038266,0.21819587570313453,0.18584037723656774,0.3462002920225162,0.106706990934288,0.09491363833659879,0.04814282576689467,0.3224043715846995,0.18032786885245902,0.15300546448087432,0.17486338797814208,0.2568306010928962,0.08196721311475409,-0.01770383743346856,0.0,False,0.011518314346664995,46bbbf853561e26625ee3ecbccb6037051556f2f3ca26dcb4e311c165c08d8e9,True,False,NO_ENTRY,ff09f2498192fa0e822678145ada64be74df6e2633d7af4161aea664587f8348
2026-09-08,ABNB,LIVE_SHADOW,-0.00031945244083165673,0.0029578721349563875,0.0,44.18453154221179,0.19030791926637314,0.22000208788832637,0.2969540268546008,0.10504508815379462,0.14020390889562967,0.047486968941275444,0.5136612021857924,0.273224043715847,0.3879781420765027,0.34972677595628415,0.23497267759562843,0.28415300546448086,-0.014114856448162884,0.0,False,0.003912219734023142,46bbbf853561e26625ee3ecbccb6037051556f2f3ca26dcb4e311c165c08d8e9,True,False,NO_ENTRY,ff09f2498192fa0e822678145ada64be74df6e2633d7af4161aea664587f8348
2026-09-08,ACN,LIVE_SHADOW,5.618851488727968e-05,0.0035202549432326547,0.49964573931906353,35.78084899608814,0.2756701653923983,0.10482535532470455,0.381632781861744,0.09710608534958431,0.11801295745731953,0.02275265461424928,0.7759562841530054,0.4371584699453552,0.8907103825136612,0.7595628415300546,0.8469945355191257,0.5573770491803278,0.0020104727664962047,0.0,False,0.003107026147214181,46bbbf853561e26625ee3ecbccb6037051556f2f3ca26dcb4e311c165c08d8e9,True,False,NO_ENTRY,ff09f2498192fa0e822678145ada64be74df6e2633d7af4161aea664587f8348
2026-09-08,ADBE,LIVE_SHADOW,-0.00040256507881442907,0.0035138303263681074,0.0,31.952515886701473,0.2559148418104612,0.23585996784044275,0.31651850042707946,0.08248046654898865,0.07946866888060021,0.02975755449242781,0.6830601092896175,0.12568306010928962,0.2786885245901639,0.366120218579235,0.6065573770491803,0.6065573770491803,-0.012862967076249275,0.0,False,0.005061180729983738,46bbbf853561e26625ee3ecbccb6037051556f2f3ca26dcb4e311c165c08d8e9,True,False,NO_ENTRY,ff09f2498192fa0e822678145ada64be74df6e2633d7af4161aea664587f8348
2026-09-08,ADI,LIVE_SHADOW,-0.0002011929806668791,0.0032063736874083297,0.0,36.104247114433065,0.20039286846958806,0.2555568379961722,0.3174103076147174,0.07890051112308269,0.11943840966862679,0.028301065127813003,0.48633879781420764,0.7759562841530054,0.6174863387978142,0.5355191256830601,0.6666666666666666,0.5136612021857924,-0.007263921091686357,0.0,False,0.007309434746218882,46bbbf853561e26625ee3ecbccb6037051556f2f3ca26dcb4e311c165c08d8e9,True,False,NO_ENTRY,ff09f2498192fa0e822678145ada64be74df6e2633d7af4161aea664587f8348
2026-09-08,ADSK,LIVE_SHADOW,0.00026128606586079507,0.0035164114213291154,0.8449180306312554,39.884615822680175,0.2914480505656771,0.15508196936874466,0.28890074310676694,0.10427469441062184,0.1178194346420609,0.0424751079061285,0.9344262295081968,0.819672131147541,0.8469945355191257,0.9234972677595629,0.9836065573770492,0.9562841530054644,0.01042129435667732,0.025240354380471307,True,0.004843996055883182,46bbbf853561e26625ee3ecbccb6037051556f2f3ca26dcb4e311c165c08d8e9,True,False,ELIGIBLE_ENTRY,ff09f2498192fa0e822678145ada64be74df6e2633d7af4161aea664587f8348
2026-09-08,AMAT,LIVE_SHADOW,0.00019792480337388333,0.0036824303571302112,0.884375855579883,32.92109004170216,0.29741283791521467,0.1793360369193026,0.3187935586522352,0.0888334220931305,0.0848673894664318,0.03075675495368534,0.9234972677595629,0.8852459016393442,0.8852459016393442,0.8032786885245902,0.7595628415300546,0.7431693989071039,0.0065159002733578076,0.006300729412027602,True,0.0019339551397954955,46bbbf853561e26625ee3ecbccb6037051556f2f3ca26dcb4e311c165c08d8e9,True,False,ELIGIBLE_ENTRY,ff09f2498192fa0e822678145ada64be74df6e2633d7af4161aea664587f8348
2026-09-08,AMD,LIVE_SHADOW,0.00044532800688768415,0.0036307734361451897,0.9999999999999998,35.39476722364835,0.2935058957849183,0.176371809228504,0.3135242513203775,0.08188823416761117,0.09823584407325693,0.03647396542533203,0.9781420765027322,0.9344262295081968,0.9344262295081968,0.8087431693989071,0.8961748633879781,0.8907103825136612,0.01576228114196085,0.017528857933807696,True,0.002224152427676732,46bbbf853561e26625ee3ecbccb6037051556f2f3ca26dcb4e311c165c08d8e9,True,False,ELIGIBLE_ENTRY,ff09f2498192fa0e822678145ada64be74df6e2633d7af4161aea664587f8348
2026-09-08,AMGN,LIVE_SHADOW,-0.00035223859949417945,0.0036722075652052674,0.0,30.647943026936655,0.2829977035917245,0.20314821589192605,0.3391701032061359,0.07058622011351953,0.07613437677607594,0.027963380420618134,0.34972677595628415,0.3005464480874317,0.32786885245901637,0.47540983606557374,0.4644808743169399,0.46994535519125685,-0.01079538852918557,0.0,False,0.012127209644113575,46bbbf853561e26625ee3ecbccb6037051556f2f3ca26dcb4e311c165c08d8e9,True,False,NO_ENTRY,ff09f2498192fa0e822678145ada64be74df6e2633d7af4161aea664587f8348
2026-09-08,AMZN,LIVE_SHADOW,-0.00017574711921556052,0.0029577125824013406,0.0,38.42096339009475,0.17672118582193,0.2070291105783691,0.34355485072897396,0.12035311483331666,0.12890405708185196,0.023437680955558315,0.5191256830601093,0.7431693989071039,0.7103825136612022,0.7540983606557377,0.7704918032786885,0.4972677595628415,-0.0067523736332956675,0.0,False,0.005323551738317766,46bbbf853561e26625ee3ecbccb6037051556f2f3ca26dcb4e311c165c08d8e9,True,False,NO_ENTRY,ff09f2498192fa0e822678145ada64be74df6e2633d7af4161aea664587f8348
2026-09-08,ANET,LIVE_SHADOW,-0.00024617146047175106,0.0035925235215189502,0.0,35.94505970755121,0.29585559378661463,0.1441315918323652,0.31717073320029404,0.11000713624447607,0.10146805410844682,0.031366890827803244,0.73224043715847,0.6174863387978142,0.7049180327868853,0.7431693989071039,0.3114754098360656,0.6120218579234973,-0.008848647844952174,0.0,False,0.0034551979644462144,46bbbf853561e26625ee3ecbccb6037051556f2f3ca26dcb4e311c165c08d8e9,True,False,NO_ENTRY,ff09f2498192fa0e822678145ada64be74df6e2633d7af4161aea664587f8348
2026-09-08,APD,LIVE_SHADOW,-0.0002811266678046388,0.004383152873919017,0.0,34.37729988582045,0.39970932591863184,0.150815381742622,0.2357206632040826,0.06376358755986174,0.11717705724032074,0.03281398433448106,0.1366120218579235,0.6120218579234973,0.5683060109289617,0.4808743169398907,0.726775956284153,0.39344262295081966,-0.009664375765021493,0.0,False,0.015685880695298512,46bbbf853561e26625ee3ecbccb6037051556f2f3ca26dcb4e311c165c08d8e9,True,False,NO_ENTRY,ff09f2498192fa0e822678145ada64be74df6e2633d7af4161aea664587f8348
2026-09-08,ARM,LIVE_SHADOW,9.96921539004249e-06,0.0039717204517839555,0.7141220828617996,34.39790038846961,0.3368006269817801,0.14794385639668073,0.33096254816196385,0.060322071792962416,0.0776119889485571,0.04635890771805567,0.8961748633879781,0.30601092896174864,0.8087431693989071,0.5683060109289617,0.644808743169399,0.8797814207650273,0.00034292007793787976,0.00028617735706521256,False,0.0016690615421885787,46bbbf853561e26625ee3ecbccb6037051556f2f3ca26dcb4e311c165c08d8e9,True,False,NO_ENTRY,ff09f2498192fa0e822678145ada64be74df6e2633d7af4161aea664587f8348
2026-09-08,ASML,LIVE_SHADOW,-0.00015829618853757958,0.004153250230179284,0.37146015907850427,33.10824111525843,0.37146015907850427,0.16547622924636557,0.2363568578442875,0.10467832680498507,0.0921425935477177,0.029885833478139976,0.8087431693989071,0.639344262295082,0.4371584699453552,0.31693989071038253,0.3825136612021858,0.5683060109289617,-0.005240908377728592,0.0,False,0.004975353624811085,46bbbf853561e26625ee3ecbccb6037051556f2f3ca26dcb4e311c165c08d8e9,True,False,NO_ENTRY,ff09f2498192fa0e822678145ada64be74df6e2633d7af4161aea664587f8348
2026-09-08,AVGO,LIVE_SHADOW,-0.0002022338721955955,0.003829044495223651,0.0,34.42042397372185,0.32617735787625257,0.1703209677614929,0.2801312134467514,0.10169503230089434,0.08545611144806363,0.03621931716654501,0.7868852459016393,0.6885245901639344,0.3442622950819672,0.7103825136612022,0.6229508196721312,0.32786885245901637,-0.006960975622819877,0.0,False,0.0062100271098483985,46bbbf853561e26625ee3ecbccb6037051556f2f3ca26dcb4e311c165c08d8e9,True,False,NO_ENTRY,ff09f2498192fa0e822678145ada64be74df6e2633d7af4161aea664587f8348
2026-09-08,AXP,LIVE_SHADOW,-0.00027374968942276464,0.004329797396808293,0.0,39.61468618622432,0.40194199729912494,0.11375524364972159,0.21863856676112045,0.09885040396464072,0.12025338233233523,0.04656040599305714,0.14207650273224043,0.5191256830601093,0.5409836065573771,0.6612021857923497,0.73224043715847,0.7486338797814208,-0.010844508040059191,0.0,False,0.017249895666503017,46bbbf853561e26625ee3ecbccb6037051556f2f3ca26dcb4e311c165c08d8e9,True,False,NO_ENTRY,ff09f2498192fa0e822678145ada64be74df6e2633d7af4161aea664587f8348
2026-09-08,AZN,LIVE_SHADOW,-0.00047987383269503144,0.002953204564393432,0.0,40.869982350985886,0.1640455915020593,0.2061309691480311,0.3692822154600289,0.10809205531632482,0.10833267732364293,0.04411649124991293,0.39344262295081966,0.04918032786885246,0.04371584699453552,0.10382513661202186,0.12568306010928962,0.07103825136612021,-0.01961243507294589,0.0,False,0.008702826188050712,46bbbf853561e26625ee3ecbccb6037051556f2f3ca26dcb4e311c165c08d8e9,True,False,NO_ENTRY,ff09f2498192fa0e822678145ada64be74df6e2633d7af4161aea664587f8348
2026-09-08,AZO,LIVE_SHADOW,-3.108535233014027e-05,0.0034460458717865453,0.5704674088217395,31.662867548195248,0.24319589992344753,0.2090528768360335,0.361414531985706,0.06448071008827369,0.10188243347546044,0.01997354769107889,0.6939890710382514,0.8469945355191257,0.8306010928961749,0.5737704918032787,0.7431693989071039,0.5081967213114754,-0.000984251393518214,0.0,False,0.013785622726202786,46bbbf853561e26625ee3ecbccb6037051556f2f3ca26dcb4e311c165c08d8e9,True,False,NO_ENTRY,ff09f2498192fa0e822678145ada64be74df6e2633d7af4161aea664587f8348
2026-09-08,BA,LIVE_SHADOW,-0.00026268632620476945,0.003645289121874107,0.0,43.347466332317296,0.3146131114591945,0.13988683882244207,0.2684618026218544,0.11438929817442303,0.09730755063993342,0.06534139828215248,0.3551912568306011,0.5245901639344263,0.546448087431694,0.644808743169399,0.4262295081967213,0.8306010928961749,-0.011386786681121362,0.0,False,0.008458356171341365,46bbbf853561e26625ee3ecbccb6037051556f2f3ca26dcb4e311c165c08d8e9,True,False,NO_ENTRY,ff09f2498192fa0e822678145ada64be74df6e2633d7af4161aea664587f8348
2026-09-08,BABA,LIVE_SHADOW,-0.0004993497601869073,0.0029473075409047938,0.0,40.29392122685063,0.15528094318564356,0.21070446967763323,0.3773450847663037,0.10733745482199496,0.10763903903562629,0.041693008512798224,0.5956284153005464,0.01639344262295082,0.01092896174863388,0.09289617486338798,0.11475409836065574,0.09289617486338798,-0.020120759901617994,0.0,False,0.005124825308677049,46bbbf853561e26625ee3ecbccb6037051556f2f3ca26dcb4e311c165c08d8e9,True,False,NO_ENTRY,ff09f2498192fa0e822678145ada64be74df6e2633d7af4161aea664587f8348
2026-09-08,BAC,LIVE_SHADOW,-0.00038610724402065764,0.00491577343736551,0.0,28.275595669689004,0.45916059666965153,0.13776008529974193,0.22835435586689737,0.07570373265447677,0.07167022029992262,0.02735100920930977,0.060109289617486336,0.5737704918032787,0.5519125683060109,0.4371584699453552,0.5355191256830601,0.5409836065573771,-0.010917412317066062,0.0,False,0.04389693566251701,46bbbf853561e26625ee3ecbccb6037051556f2f3ca26dcb4e311c165c08d8e9,True,False,NO_ENTRY,ff09f2498192fa0e822678145ada64be74df6e2633d7af4161aea664587f8348
2026-09-08,BBD,LIVE_SHADOW,-0.0004398540995578981,0.003164671826450007,0.0,42.453074869395856,0.23256547524919086,0.0976086286189105,0.3755771825373961,0.1276565553512744,0.12756060334967476,0.039031554893553325,0.2568306010928962,0.4262295081967213,0.04918032786885246,0.00546448087431694,0.03278688524590164,0.16393442622950818,-0.018673159020142147,0.0,False,0.011769337545670566,46bbbf853561e26625ee3ecbccb6037051556f2f3ca26dcb4e311c165c08d8e9,True,False,NO_ENTRY,ff09f2498192fa0e822678145ada64be74df6e2633d7af4161aea664587f8348
2026-09-08,BHP,LIVE_SHADOW,-0.0002929179000562327,0.00326079472762368,0.0,40.09919588437702,0.25263885138035597,0.14296423477015735,0.32557120813860263,0.11822646646269268,0.12628531182806163,0.03431392742012957,0.4644808743169399,0.5027322404371585,0.4262295081967213,0.3825136612021858,0.37158469945355194,0.5245901639344263,-0.011745772252395243,0.0,False,0.008845790475436257,46bbbf853561e26625ee3ecbccb6037051556f2f3ca26dcb4e311c165c08d8e9,True,False,NO_ENTRY,ff09f2498192fa0e822678145ada64be74df6e2633d7af4161aea664587f8348
2026-09-08,BIDU,LIVE_SHADOW,-0.00028804706143876677,0.003694091519804276,0.0,44.57676758950207,0.32331848427584803,0.1635595510030427,0.22258788262534596,0.08211775338753005,0.1558724093344024,0.052543919373830905,0.7213114754098361,0.6229508196721312,0.5355191256830601,0.4207650273224044,0.14754098360655737,0.20765027322404372,-0.01284020691259493,0.0,False,0.004251289893714751,46bbbf853561e26625ee3ecbccb6037051556f2f3ca26dcb4e311c165c08d8e9,True,False,NO_ENTRY,ff09f2498192fa0e822678145ada64be74df6e2633d7af4161aea664587f8348
2026-09-08,BKNG,LIVE_SHADOW,-0.00034580483209693477,0.003742238967105568,0.0,32.094231775243315,0.3000328376819941,0.12720013061207827,0.3792512184989362,0.08918430415261629,0.07504209560701289,0.029289413447362356,0.639344262295082,0.4918032786885246,0.31693989071038253,0.43169398907103823,0.5081967213114754,0.5191256830601093,-0.011098340430318123,0.0,False,0.006627170259265139,46bbbf853561e26625ee3ecbccb6037051556f2f3ca26dcb4e311c165c08d8e9,True,False,NO_ENTRY,ff09f2498192fa0e822678145ada64be74df6e2633d7af4161aea664587f8348
2026-09-08,BLK,LIVE_SHADOW,-0.0003957098947925128,0.004545478367181346,0.0,37.179030815935995,0.425487169196108,0.1320292857254256,0.1894562573068141,0.09077038475058267,0.12418777030136063,0.03806913271970905,0.04918032786885246,0.4098360655737705,0.5245901639344263,0.33879781420765026,0.20765027322404372,0.30601092896174864,-0.014712110372661624,0.0,False,0.013926975718910484,46bbbf853561e26625ee3ecbccb6037051556f2f3ca26dcb4e311c165c08d8e9,True,False,NO_ENTRY,ff09f2498192fa0e822678145ada64be74df6e2633d7af4161aea664587f8348
2026-09-08,BMY,LIVE_SHADOW,-0.00034724752807377537,0.003077843158716628,0.0,46.19736827229996,0.23585442765565268,0.15320291588768173,0.2938672078681625,0.13947882730708216,0.11753299533001059,0.06006362595141042,0.4098360655737705,0.5956284153005464,0.3770491803278688,0.19672131147540983,0.3005464480874317,0.1366120218579235,-0.01604192193607002,0.0,False,0.010589328852448277,46bbbf853561e26625ee3ecbccb6037051556f2f3ca26dcb4e311c165c08d8e9,True,False,NO_ENTRY,ff09f2498192fa0e822678145ada64be74df6e2633d7af4161aea664587f8348
2026-09-08,BNY,LIVE_SHADOW,-0.0003902471683596921,0.004634897674027368,0.0,35.62278176207743,0.43013980830791504,0.1618492297106142,0.1908745331921981,0.07417512015792971,0.0942474032195944,0.048713905411748575,0.03278688524590164,0.6721311475409836,0.46994535519125685,0.4098360655737705,0.3333333333333333,0.17486338797814208,-0.013901689711746,0.0,False,0.02290329939619375,46bbbf853561e26625ee3ecbccb6037051556f2f3ca26dcb4e311c165c08d8e9,True,False,NO_ENTRY,ff09f2498192fa0e822678145ada64be74df6e2633d7af4161aea664587f8348
2026-09-08,BP,LIVE_SHADOW,-0.00035234795189746594,0.0028459801646484166,0.0,50.439914124404325,0.20807051965566525,0.18379748580755612,0.24430741551755986,0.14220022673178925,0.16443872744424512,0.057185624843184374,0.5792349726775956,0.29508196721311475,0.4098360655737705,0.13114754098360656,0.060109289617486336,0.1092896174863388,-0.017772400435617928,0.0,False,0.0076676729441768525,46bbbf853561e26625ee3ecbccb6037051556f2f3ca26dcb4e311c165c08d8e9,True,False,NO_ENTRY,ff09f2498192fa0e822678145ada64be74df6e2633d7af4161aea664587f8348
2026-09-08,BRK-B,LIVE_SHADOW,-0.00014230897967077848,0.0037088862252743857,0.4079042402808725,33.72577217720187,0.3066404438245696,0.1718001596775523,0.30232048544239487,0.10558375483847764,0.0799088333677155,0.03374632284929001,0.13114754098360656,0.7923497267759563,0.7868852459016393,0.8360655737704918,0.6775956284153005,0.73224043715847,-0.004799480227146727,0.0,False,0.054338810642255424,46bbbf853561e26625ee3ecbccb6037051556f2f3ca26dcb4e311c165c08d8e9,True,False,NO_ENTRY,ff09f2498192fa0e822678145ada64be74df6e2633d7af4161aea664587f8348
2026-09-08,BSX,LIVE_SHADOW,-0.0001777631928913293,0.0034018435796523074,0.3802489814058366,36.561396067971266,0.26006340654999566,0.10824860898724761,0.3802489814058366,0.12165580698169828,0.10175076145928595,0.028032434615936002,0.6885245901639344,0.5355191256830601,0.8142076502732241,0.18579234972677597,0.7049180327868853,0.5846994535519126,-0.006499270501607065,0.0,False,0.008597475552331504,46bbbf853561e26625ee3ecbccb6037051556f2f3ca26dcb4e311c165c08d8e9,True,False,NO_ENTRY,ff09f2498192fa0e822678145ada64be74df6e2633d7af4161aea664587f8348
2026-09-08,C,LIVE_SHADOW,-0.00025876483605481986,0.0034205057642891445,0.0,42.41006118908363,0.282919800775482,0.1580227641462682,0.27188128835123315,0.13174068753721938,0.09921642569199382,0.05621903349780338,0.36065573770491804,0.5901639344262295,0.4207650273224044,0.7486338797814208,0.6120218579234973,0.20218579234972678,-0.010974232530668104,0.0,False,0.012685136225886887,46bbbf853561e26625ee3ecbccb6037051556f2f3ca26dcb4e311c165c08d8e9,True,False,NO_ENTRY,ff09f2498192fa0e822678145ada64be74df6e2633d7af4161aea664587f8348
2026-09-08,CAAP,LIVE_SHADOW,6.305487809350994e-05,0.0028752240928333304,0.8305700172427379,42.94074912373142,0.16942998275726176,0.21069036212510114,0.3257842513163879,0.12918345245180343,0.11998339640001625,0.04492855494942932,0.5737704918032787,0.8797814207650273,0.7978142076502732,0.9289617486338798,0.8579234972677595,0.8579234972677595,0.0027076237012408784,0.012741652619263254,True,0.009411686427049573,46bbbf853561e26625ee3ecbccb6037051556f2f3ca26dcb4e311c165c08d8e9,True,False,ELIGIBLE_ENTRY,ff09f2498192fa0e822678145ada64be74df6e2633d7af4161aea664587f8348
2026-09-08,CAT,LIVE_SHADOW,2.4051004814916624e-05,0.003630868796133463,0.8111044663986235,31.912821827561952,0.2818829764250579,0.19622495511463367,0.33299653485893205,0.07819534181324225,0.08111319804767159,0.02958699374046254,0.8032786885245902,0.8524590163934426,0.825136612021858,0.6721311475409836,0.6721311475409836,0.6612021857923497,0.0007675354314322689,0.002628535584933572,False,0.0068492879345740726,46bbbf853561e26625ee3ecbccb6037051556f2f3ca26dcb4e311c165c08d8e9,True,False,NO_ENTRY,ff09f2498192fa0e822678145ada64be74df6e2633d7af4161aea664587f8348
2026-09-08,CDNS,LIVE_SHADOW,-0.00010196538397146803,0.0038333473358784327,0.0,28.50680924398449,0.3050579141843221,0.20304371079469322,0.3324186029953349,0.07555916443744093,0.05590024600958948,0.028020361578619254,0.7814207650273224,0.8032786885245902,0.7595628415300546,0.6120218579234973,0.4918032786885246,0.40437158469945356,-0.0029067077503642726,0.0,False,0.009614791462427852,46bbbf853561e26625ee3ecbccb6037051556f2f3ca26dcb4e311c165c08d8e9,True,False,NO_ENTRY,ff09f2498192fa0e822678145ada64be74df6e2633d7af4161aea664587f8348
2026-09-08,CEPU,LIVE_SHADOW,0.0004454110422439098,0.0034764623764195505,1.0,36.376546523283444,0.2730326984753029,0.17869633687483635,0.315198717291589,0.10163011194711867,0.09318772366750681,0.03825441174364622,0.9398907103825137,0.9562841530054644,0.9508196721311475,0.9562841530054644,0.8743169398907104,0.9344262295081968,0.016202515500169754,0.06326207039785968,True,0.007808919596120354,46bbbf853561e26625ee3ecbccb6037051556f2f3ca26dcb4e311c165c08d8e9,True,False,ELIGIBLE_ENTRY,ff09f2498192fa0e822678145ada64be74df6e2633d7af4161aea664587f8348
2026-09-08,CHTR,LIVE_SHADOW,-0.0002800539002633817,0.003525255349849689,0.12501575830862732,37.61264730228365,0.26927601566021614,0.22636654712288032,0.2899503864665861,0.048567201400620624,0.12501575830862732,0.04082409104106955,0.7704918032786885,0.06557377049180328,0.2568306010928962,0.5081967213114754,0.8907103825136612,0.8087431693989071,-0.010533568576235497,0.0,False,0.003384764621338198,46bbbf853561e26625ee3ecbccb6037051556f2f3ca26dcb4e311c165c08d8e9,True,False,NO_ENTRY,ff09f2498192fa0e822678145ada64be74df6e2633d7af4161aea664587f8348
2026-09-08,CL,LIVE_SHADOW,-0.00025479334090104845,0.004091080959395309,0.0,31.27791775299766,0.35657336492684455,0.17694474298156843,0.26920322621969195,0.09579866280043287,0.06802531490818589,0.03345468816327631,0.16393442622950818,0.7049180327868853,0.639344262295082,0.6830601092896175,0.453551912568306,0.36065573770491804,-0.007969405160714487,0.0,False,0.028243971042257194,46bbbf853561e26625ee3ecbccb6037051556f2f3ca26dcb4e311c165c08d8e9,True,False,NO_ENTRY,ff09f2498192fa0e822678145ada64be74df6e2633d7af4161aea664587f8348
2026-09-08,CMCSA,LIVE_SHADOW,-0.0001221632302006745,0.003135894005530458,0.38872760821319124,36.562417182324126,0.18696952306495418,0.2032540818528283,0.38872760821319124,0.09554753851805772,0.0874143205403054,0.038086927810663244,0.546448087431694,0.7540983606557377,0.7923497267759563,0.6666666666666666,0.6174863387978142,0.6775956284153005,-0.004466582986937358,0.0,False,0.009654013095286854,46bbbf853561e26625ee3ecbccb6037051556f2f3ca26dcb4e311c165c08d8e9,True,False,NO_ENTRY,ff09f2498192fa0e822678145ada64be74df6e2633d7af4161aea664587f8348
2026-09-08,CMG,LIVE_SHADOW,-0.00030926110964931254,0.0033962050597334255,0.0,37.33303309284963,0.24180020336565008,0.27275107690966954,0.24059365116672687,0.1097966377633841,0.09119601926094234,0.04386241153362708,0.5573770491803278,0.20765027322404372,0.5191256830601093,0.6338797814207651,0.5573770491803278,0.644808743169399,-0.011545655240869184,0.0,False,0.004255898077411925,46bbbf853561e26625ee3ecbccb6037051556f2f3ca26dcb4e311c165c08d8e9,True,False,NO_ENTRY,ff09f2498192fa0e822678145ada64be74df6e2633d7af4161aea664587f8348
2026-09-08,COF,LIVE_SHADOW,-0.0002832796713890161,0.0035962587837915514,0.0,39.98028958820558,0.3079368916288073,0.12295958104894424,0.286528322002569,0.1250060161805988,0.11914661935123909,0.038422569787841684,0.32786885245901637,0.5136612021857924,0.40437158469945356,0.7213114754098361,0.6830601092896175,0.6229508196721312,-0.011325603296584578,0.0,False,0.01140944582248906,46bbbf853561e26625ee3ecbccb6037051556f2f3ca26dcb4e311c165c08d8e9,True,False,NO_ENTRY,ff09f2498192fa0e822678145ada64be74df6e2633d7af4161aea664587f8348
2026-09-08,COIN,LIVE_SHADOW,-0.000305569729368242,0.003698222421465603,0.33322576528602194,32.91970284103028,0.28826055808243056,0.21229838452424388,0.3213638132307031,0.07294227849378558,0.06016975846524551,0.044965207203591394,0.825136612021858,0.08743169398907104,0.18579234972677597,0.6502732240437158,0.43169398907103823,0.8852459016393442,-0.01005926468801657,0.0,False,0.0023573788074176868,46bbbf853561e26625ee3ecbccb6037051556f2f3ca26dcb4e311c165c08d8e9,True,False,NO_ENTRY,ff09f2498192fa0e822678145ada64be74df6e2633d7af4161aea664587f8348
2026-09-08,COP,LIVE_SHADOW,-0.0002242552654325387,0.003003180571984779,0.0,39.376628046984074,0.17848642518323715,0.18565291905631393,0.37826516742744704,0.12943997092406312,0.08332746409500405,0.044828053313934677,0.4972677595628415,0.6612021857923497,0.7213114754098361,0.2459016393442623,0.4371584699453552,0.3005464480874317,-0.008830416174514761,0.0,False,0.011481480409806406,46bbbf853561e26625ee3ecbccb6037051556f2f3ca26dcb4e311c165c08d8e9,True,False,NO_ENTRY,ff09f2498192fa0e822678145ada64be74df6e2633d7af4161aea664587f8348
2026-09-08,COST,LIVE_SHADOW,-0.0004307374793816485,0.0029650518838353216,0.0,45.89146692020885,0.19541516053486244,0.12304237650247692,0.3829767179201372,0.11609375374142696,0.12821313665344597,0.05425885464765036,0.3879781420765027,0.39344262295081966,0.12568306010928962,0.15846994535519127,0.12021857923497267,0.03825136612021858,-0.019767174786337063,0.0,False,0.020900129947153512,46bbbf853561e26625ee3ecbccb6037051556f2f3ca26dcb4e311c165c08d8e9,True,False,NO_ENTRY,ff09f2498192fa0e822678145ada64be74df6e2633d7af4161aea664587f8348
2026-09-08,CRM,LIVE_SHADOW,-0.00047405293530798084,0.0032242636936760404,0.0,33.26906341347647,0.21674217455135592,0.2051388590053889,0.3498679228146947,0.11477558340814138,0.09352837489138008,0.019947085329038917,0.7049180327868853,0.07650273224043716,0.10382513661202186,0.08743169398907104,0.22950819672131148,0.546448087431694,-0.015771297166105872,0.0,False,0.0031470494284631854,46bbbf853561e26625ee3ecbccb6037051556f2f3ca26dcb4e311c165c08d8e9,True,False,NO_ENTRY,ff09f2498192fa0e822678145ada64be74df6e2633d7af4161aea664587f8348
2026-09-08,CRWD,LIVE_SHADOW,0.00017560876728219487,0.00465734343442309,0.43047674184079276,34.679825195591405,0.43047674184079276,0.17665344572883748,0.18356945046877823,0.0611157051849654,0.1054542257506381,0.04273043102598813,0.9672131147540983,0.7103825136612022,0.4808743169398907,0.5300546448087432,0.7158469945355191,0.7540983606557377,0.006090081352159809,0.0,False,0.0024940755228038997,46bbbf853561e26625ee3ecbccb6037051556f2f3ca26dcb4e311c165c08d8e9,True,False,NO_ENTRY,ff09f2498192fa0e822678145ada64be74df6e2633d7af4161aea664587f8348
2026-09-08,CSCO,LIVE_SHADOW,-0.0003916870394064914,0.0033525171876243923,0.0,34.58976102058816,0.24177581323616795,0.1788914327465727,0.36124444633096636,0.09828244907110759,0.08879503496190079,0.03101082365328461,0.3333333333333333,0.73224043715847,0.20218579234972678,0.28415300546448086,0.3442622950819672,0.37158469945355194,-0.013548361087932236,0.0,False,0.010325465622088508,46bbbf853561e26625ee3ecbccb6037051556f2f3ca26dcb4e311c165c08d8e9,True,False,NO_ENTRY,ff09f2498192fa0e822678145ada64be74df6e2633d7af4161aea664587f8348
2026-09-08,CVX,LIVE_SHADOW,-0.0002274189290244441,0.0034115988435383148,0.0,39.35400478378932,0.2679808070026264,0.14163194767489384,0.3397239727120961,0.1143183270065345,0.08647518253618762,0.04986976306766171,0.37158469945355194,0.5628415300546448,0.6721311475409836,0.6939890710382514,0.5737704918032787,0.25136612021857924,-0.008949845620752218,0.0,False,0.016192294348711212,46bbbf853561e26625ee3ecbccb6037051556f2f3ca26dcb4e311c165c08d8e9,True,False,NO_ENTRY,ff09f2498192fa0e822678145ada64be74df6e2633d7af4161aea664587f8348
2026-09-08,DDOG,LIVE_SHADOW,0.00019961135112889873,0.0036470940278466846,0.7843983383357467,36.67347579012443,0.2968861357721916,0.13970701646441097,0.3429563834361419,0.07589464519984257,0.10643104435001634,0.03812477477739686,0.912568306010929,0.7377049180327869,0.9234972677595629,0.7158469945355191,0.8797814207650273,0.8524590163934426,0.007320442053059694,0.009156723007032495,True,0.002501685810955992,46bbbf853561e26625ee3ecbccb6037051556f2f3ca26dcb4e311c165c08d8e9,True,False,ELIGIBLE_ENTRY,ff09f2498192fa0e822678145ada64be74df6e2633d7af4161aea664587f8348
2026-09-08,DE,LIVE_SHADOW,-0.00039792386675227055,0.0035194810057291403,0.0,40.17219634766224,0.29442548701426224,0.11159393614756115,0.314161535515412,0.12012406458046682,0.12234605434151503,0.03734892240078279,0.21311475409836064,0.43169398907103823,0.2459016393442623,0.14754098360655737,0.15846994535519127,0.2677595628415301,-0.0159854757065932,0.0,False,0.00833072120142931,46bbbf853561e26625ee3ecbccb6037051556f2f3ca26dcb4e311c165c08d8e9,True,False,NO_ENTRY,ff09f2498192fa0e822678145ada64be74df6e2633d7af4161aea664587f8348
2026-09-08,DEO,LIVE_SHADOW,-0.00042476758637524225,0.0035199857334569052,0.0,37.78684180464924,0.2794198345017238,0.14019766453276816,0.34859733059520265,0.09364483976778305,0.09404722971964974,0.04409310088287276,0.1912568306010929,0.3114754098360656,0.1366120218579235,0.23497267759562843,0.25136612021857924,0.12568306010928962,-0.01605062559010396,0.0,False,0.010930526490772207,46bbbf853561e26625ee3ecbccb6037051556f2f3ca26dcb4e311c165c08d8e9,True,False,NO_ENTRY,ff09f2498192fa0e822678145ada64be74df6e2633d7af4161aea664587f8348
2026-09-08,DHR,LIVE_SHADOW,-0.0003631938932670167,0.0032285222056159415,0.0,36.26731711709013,0.21922845768062632,0.2016530453402218,0.35005526100435697,0.11334100545419747,0.07431002472155104,0.0414122057990463,0.4262295081967213,0.28415300546448086,0.29508196721311475,0.2896174863387978,0.45901639344262296,0.31693989071038253,-0.01317206810210548,0.0,False,0.007416673100111371,46bbbf853561e26625ee3ecbccb6037051556f2f3ca26dcb4e311c165c08d8e9,True,False,NO_ENTRY,ff09f2498192fa0e822678145ada64be74df6e2633d7af4161aea664587f8348
2026-09-08,DIS,LIVE_SHADOW,-0.00045977112461645516,0.003445415830402877,0.0,38.41084408216663,0.2769449339565619,0.171303686226046,0.29430065207690576,0.11049747363153058,0.10784090109669267,0.03911235301226306,0.07650273224043716,0.09836065573770492,0.12021857923497267,0.01092896174863388,0.0546448087431694,0.07650273224043716,-0.017660196981125066,0.0,False,0.013949010099405319,46bbbf853561e26625ee3ecbccb6037051556f2f3ca26dcb4e311c165c08d8e9,True,False,NO_ENTRY,ff09f2498192fa0e822678145ada64be74df6e2633d7af4161aea664587f8348
2026-09-08,DOW,LIVE_SHADOW,0.00029331362840319945,0.0033719958637179453,1.0,40.035285773079785,0.2688616290711706,0.17188209928881443,0.28990772446131075,0.11192802648268178,0.1152397777177955,0.042180742978227,0.8907103825136612,0.8907103825136612,0.8579234972677595,0.9836065573770492,0.9781420765027322,0.9617486338797814,0.011742894934261021,0.04344099805961418,True,0.007398686321014574,46bbbf853561e26625ee3ecbccb6037051556f2f3ca26dcb4e311c165c08d8e9,True,False,ELIGIBLE_ENTRY,ff09f2498192fa0e822678145ada64be74df6e2633d7af4161aea664587f8348
2026-09-08,EMR,LIVE_SHADOW,-0.0002603162505492276,0.00388124694794088,0.0,37.47809374328051,0.3367521329483477,0.14546230439897154,0.2861602205300182,0.09596551683647137,0.08581591938151305,0.049843905904677945,0.29508196721311475,0.5573770491803278,0.5901639344262295,0.39344262295081966,0.4426229508196721,0.726775956284153,-0.009756156840983249,0.0,False,0.011877265565726047,46bbbf853561e26625ee3ecbccb6037051556f2f3ca26dcb4e311c165c08d8e9,True,False,NO_ENTRY,ff09f2498192fa0e822678145ada64be74df6e2633d7af4161aea664587f8348
2026-09-08,EOG,LIVE_SHADOW,0.00018755710624527097,0.0030782078907049095,0.7636845040187215,38.919372119178,0.20072248304171808,0.18735690642967956,0.3563726245133744,0.10748829800740345,0.11246667506826408,0.03559301293956044,0.6775956284153005,0.8743169398907104,0.9180327868852459,0.8797814207650273,0.8852459016393442,0.7868852459016393,0.007299604811555905,0.03513438289650672,True,0.009626379455744223,46bbbf853561e26625ee3ecbccb6037051556f2f3ca26dcb4e311c165c08d8e9,True,False,ELIGIBLE_ENTRY,ff09f2498192fa0e822678145ada64be74df6e2633d7af4161aea664587f8348
2026-09-08,ETN,LIVE_SHADOW,-0.00024499049373984973,0.0034763108306213758,0.0,39.17896193279801,0.2718321167985735,0.1856433119528848,0.313136280831694,0.075896935801047,0.1025226886257743,0.050968665990026495,0.6502732240437158,0.6775956284153005,0.6557377049180327,0.5573770491803278,0.34972677595628415,0.7814207650273224,-0.009598473228130962,0.0,False,0.004632444663557205,46bbbf853561e26625ee3ecbccb6037051556f2f3ca26dcb4e311c165c08d8e9,True,False,NO_ENTRY,ff09f2498192fa0e822678145ada64be74df6e2633d7af4161aea664587f8348
2026-09-08,FCX,LIVE_SHADOW,0.0001318911414173904,0.0038939669796823947,0.893749088228132,30.31994501314518,0.3117368417499726,0.2010674711398263,0.3384876871952295,0.05780772125989675,0.048443190511971206,0.04245708814310364,0.8633879781420765,0.8688524590163934,0.8360655737704918,0.5628415300546448,0.4972677595628415,0.8415300546448088,0.003998932155496232,0.011586931708831762,True,0.005795012897583868,46bbbf853561e26625ee3ecbccb6037051556f2f3ca26dcb4e311c165c08d8e9,True,False,ELIGIBLE_ENTRY,ff09f2498192fa0e822678145ada64be74df6e2633d7af4161aea664587f8348
2026-09-08,FDX,LIVE_SHADOW,0.0003163395742035415,0.003000079607428546,0.7915537125448631,38.99181899026914,0.17232944716436216,0.20896916505276947,0.3658948285675124,0.10636044152759344,0.11032927739698774,0.036116840290774804,0.6338797814207651,0.9781420765027322,0.9672131147540983,0.9016393442622951,0.9016393442622951,0.819672131147541,0.012334655416803302,0.09128959147810917,True,0.014802130808412669,46bbbf853561e26625ee3ecbccb6037051556f2f3ca26dcb4e311c165c08d8e9,True,False,ELIGIBLE_ENTRY,ff09f2498192fa0e822678145ada64be74df6e2633d7af4161aea664587f8348
2026-09-08,FTNT,LIVE_SHADOW,-0.00011809318779949772,0.004272580740433376,0.37186031296125605,29.45903327461673,0.37186031296125605,0.21777945779780622,0.23740145367002125,0.07595356420963022,0.06309559891810589,0.03390961244318034,0.8360655737704918,0.7868852459016393,0.5792349726775956,0.5792349726775956,0.5136612021857924,0.6284153005464481,-0.003478911148890966,0.0,False,0.00746611632828569,46bbbf853561e26625ee3ecbccb6037051556f2f3ca26dcb4e311c165c08d8e9,True,False,NO_ENTRY,ff09f2498192fa0e822678145ada64be74df6e2633d7af4161aea664587f8348
2026-09-08,GD,LIVE_SHADOW,-0.0004530283217481879,0.0032541862595358777,0.0,39.3350469176987,0.24374520236012256,0.16223453998213364,0.3339666580557144,0.10593708178482686,0.11650715948531948,0.03760935833188299,0.2185792349726776,0.19672131147540983,0.1092896174863388,0.11475409836065574,0.07650273224043716,0.16939890710382513,-0.017819890291011272,0.0,False,0.024300882249759775,46bbbf853561e26625ee3ecbccb6037051556f2f3ca26dcb4e311c165c08d8e9,True,False,NO_ENTRY,ff09f2498192fa0e822678145ada64be74df6e2633d7af4161aea664587f8348
2026-09-08,GE,LIVE_SHADOW,-0.0002723706066917065,0.003235661442893809,0.0,43.46245137923442,0.2538104336138731,0.1622599338614014,0.2936591305043357,0.09395248967391569,0.1546338729491066,0.04168413939736745,0.44808743169398907,0.5519125683060109,0.5573770491803278,0.4426229508196721,0.26229508196721313,0.3989071038251366,-0.011837894250470877,0.0,False,0.011052550051446102,46bbbf853561e26625ee3ecbccb6037051556f2f3ca26dcb4e311c165c08d8e9,True,False,NO_ENTRY,ff09f2498192fa0e822678145ada64be74df6e2633d7af4161aea664587f8348
2026-09-08,GILD,LIVE_SHADOW,-0.00032018005580825335,0.00415031098503185,0.0,31.812414663165498,0.3677217134579293,0.19517495415039243,0.20949975631843973,0.12376901351412985,0.0739423420283336,0.02989222053077504,0.23497267759562843,0.3224043715846995,0.4918032786885246,0.273224043715847,0.5245901639344263,0.453551912568306,-0.010185700702247627,0.0,False,0.015012463482936104,46bbbf853561e26625ee3ecbccb6037051556f2f3ca26dcb4e311c165c08d8e9,True,False,NO_ENTRY,ff09f2498192fa0e822678145ada64be74df6e2633d7af4161aea664587f8348
2026-09-08,GLOB,LIVE_SHADOW,-0.00024465521893456143,0.0035040926443944583,0.4175940588528946,37.56356303631733,0.27495707958042603,0.19577999459427614,0.3015303895790918,0.08509555697373739,0.09734759313784623,0.045289386134622286,0.8743169398907104,0.0546448087431694,0.14754098360655737,0.2185792349726776,0.8360655737704918,0.9781420765027322,-0.009190121738612417,0.0,False,0.0024767129257224365,46bbbf853561e26625ee3ecbccb6037051556f2f3ca26dcb4e311c165c08d8e9,True,False,NO_ENTRY,ff09f2498192fa0e822678145ada64be74df6e2633d7af4161aea664587f8348
2026-09-08,GOOGL,LIVE_SHADOW,0.000120263682209444,0.0028857097002331373,0.8204061302446498,40.52407659375491,0.14908902718186157,0.22921369528706437,0.3446447505498759,0.11132238272444764,0.13522530168326194,0.030504842573488698,0.5300546448087432,0.9234972677595629,0.819672131147541,0.825136612021858,0.9234972677595629,0.6557377049180327,0.004873574669302509,0.018371893706781058,True,0.007539391495323241,46bbbf853561e26625ee3ecbccb6037051556f2f3ca26dcb4e311c165c08d8e9,True,False,ELIGIBLE_ENTRY,ff09f2498192fa0e822678145ada64be74df6e2633d7af4161aea664587f8348
2026-09-08,GS,LIVE_SHADOW,-0.0002253063014968873,0.0032369538876412026,0.0,36.225435458647375,0.23195965554612846,0.16938107464608615,0.35264702606314635,0.12032158577334247,0.09526102304525992,0.030429634926036533,0.4426229508196721,0.6010928961748634,0.6612021857923497,0.6885245901639344,0.5846994535519126,0.5355191256830601,-0.008161818883302039,0.0,False,0.00872920792172651,46bbbf853561e26625ee3ecbccb6037051556f2f3ca26dcb4e311c165c08d8e9,True,False,NO_ENTRY,ff09f2498192fa0e822678145ada64be74df6e2633d7af4161aea664587f8348
2026-09-08,HD,LIVE_SHADOW,-0.0005017086940086143,0.003728065989254963,0.0,35.31756473092495,0.3101287170836408,0.1429683332936962,0.32657328250261514,0.09206913626664714,0.09121234688286602,0.037048183970534665,0.00546448087431694,0.21311475409836064,0.060109289617486336,0.14207650273224043,0.16939890710382513,0.12021857923497267,-0.017719129276717052,0.0,False,0.014839998979894449,46bbbf853561e26625ee3ecbccb6037051556f2f3ca26dcb4e311c165c08d8e9,True,False,NO_ENTRY,ff09f2498192fa0e822678145ada64be74df6e2633d7af4161aea664587f8348
2026-09-08,HON,LIVE_SHADOW,8.631978163402889e-05,0.0031838648420600877,0.6729578234694016,34.20102609802991,0.20393864197744577,0.21527383107728496,0.3549586352117754,0.10272535718034123,0.1004256838263683,0.02267785072678434,0.6612021857923497,0.9289617486338798,0.8797814207650273,0.819672131147541,0.7868852459016393,0.5737704918032787,0.0029522251044416647,0.017230937359900993,True,0.011673186664510645,46bbbf853561e26625ee3ecbccb6037051556f2f3ca26dcb4e311c165c08d8e9,True,False,ELIGIBLE_ENTRY,ff09f2498192fa0e822678145ada64be74df6e2633d7af4161aea664587f8348
2026-09-08,IBM,LIVE_SHADOW,-0.00032479949033702377,0.003245062813059942,0.055740794670271356,42.70551296924737,0.22172383796828254,0.2782007581585094,0.22269924332488844,0.10470038051585114,0.11693498536219704,0.055740794670271356,0.4207650273224044,0.10382513661202186,0.45901639344262296,0.3224043715846995,0.2896174863387978,0.8360655737704918,-0.013870728846992706,0.0,False,0.0024076362239700507,46bbbf853561e26625ee3ecbccb6037051556f2f3ca26dcb4e311c165c08d8e9,True,False,NO_ENTRY,ff09f2498192fa0e822678145ada64be74df6e2633d7af4161aea664587f8348
2026-09-08,INTC,LIVE_SHADOW,-9.24294143480049e-05,0.003911061939896073,0.5037664119943933,37.02813129554744,0.33901689675335667,0.19191203249101405,0.23084682112137206,0.11217112449731576,0.07347473439322054,0.052578390743720914,0.9180327868852459,0.15846994535519127,0.34972677595628415,0.8579234972677595,0.6338797814207651,0.9836065573770492,-0.003422488490048482,0.0,False,0.0018101602887028799,46bbbf853561e26625ee3ecbccb6037051556f2f3ca26dcb4e311c165c08d8e9,True,False,NO_ENTRY,ff09f2498192fa0e822678145ada64be74df6e2633d7af4161aea664587f8348
2026-09-08,INTU,LIVE_SHADOW,-0.00026584638640844683,0.0036425721335700684,0.2879069568040865,30.869746693844853,0.2879069568040865,0.19894775738573106,0.31248190327219716,0.08774240970785017,0.09492070806925658,0.01800026476087844,0.8579234972677595,0.09289617486338798,0.16939890710382513,0.24043715846994534,0.7814207650273224,0.4808743169398907,-0.008206610607902752,0.0,False,0.006259055275551537,46bbbf853561e26625ee3ecbccb6037051556f2f3ca26dcb4e311c165c08d8e9,True,False,NO_ENTRY,ff09f2498192fa0e822678145ada64be74df6e2633d7af4161aea664587f8348
2026-09-08,ISRG,LIVE_SHADOW,-0.0002158129197210569,0.0033647661407032515,0.05234176263862607,42.59939429053219,0.2691692973055622,0.19090808040883003,0.2612640987021866,0.10381584120728059,0.12250091973751451,0.05234176263862607,0.6994535519125683,0.25136612021857924,0.6338797814207651,0.726775956284153,0.7923497267759563,0.8688524590163934,-0.009193499660188273,0.0,False,0.004140261513641355,46bbbf853561e26625ee3ecbccb6037051556f2f3ca26dcb4e311c165c08d8e9,True,False,NO_ENTRY,ff09f2498192fa0e822678145ada64be74df6e2633d7af4161aea664587f8348
2026-09-08,ITW,LIVE_SHADOW,-0.0003387010917108143,0.004679611806134055,0.0,34.679966667411044,0.4385494079140167,0.1102424491210435,0.22382423783754582,0.08815950637417351,0.10201370066956339,0.037210698083657096,0.06557377049180328,0.4808743169398907,0.4426229508196721,0.37158469945355194,0.32786885245901637,0.33879781420765026,-0.01174614257074677,0.0,False,0.02359302585359863,46bbbf853561e26625ee3ecbccb6037051556f2f3ca26dcb4e311c165c08d8e9,True,False,NO_ENTRY,ff09f2498192fa0e822678145ada64be74df6e2633d7af4161aea664587f8348
2026-09-08,JD,LIVE_SHADOW,-0.0004809912082491265,0.002965052210337509,0.0,41.2986904047155,0.17213206728648275,0.20033523963807695,0.3647209521495144,0.10476685698600224,0.11343229956900655,0.044612584370917106,0.3770491803278688,0.07103825136612021,0.0546448087431694,0.12568306010928962,0.09836065573770492,0.06557377049180328,-0.019864306996870716,0.0,False,0.010520132990185638,46bbbf853561e26625ee3ecbccb6037051556f2f3ca26dcb4e311c165c08d8e9,True,False,NO_ENTRY,ff09f2498192fa0e822678145ada64be74df6e2633d7af4161aea664587f8348
2026-09-08,JNJ,LIVE_SHADOW,-0.000390006619735807,0.00313746669620516,0.0,42.454824724381595,0.23521614549782546,0.13538892930116558,0.33579892959721336,0.12447802657901144,0.12786010361401332,0.041257865410770866,0.366120218579235,0.40437158469945356,0.2677595628415301,0.1912568306010929,0.19672131147540983,0.273224043715847,-0.01655766268223223,0.0,False,0.014090678940642103,46bbbf853561e26625ee3ecbccb6037051556f2f3ca26dcb4e311c165c08d8e9,True,False,NO_ENTRY,ff09f2498192fa0e822678145ada64be74df6e2633d7af4161aea664587f8348
2026-09-08,JPM,LIVE_SHADOW,-0.00042487086926159417,0.004495622863976344,0.0,33.87479401864829,0.4144504304652685,0.13769779272788124,0.23063737497014408,0.10206131637791362,0.07067757635341122,0.044475509105381304,0.02185792349726776,0.37158469945355194,0.39344262295081966,0.2568306010928962,0.4207650273224044,0.19672131147540983,-0.014392413180760549,0.0,False,0.028601941416260497,46bbbf853561e26625ee3ecbccb6037051556f2f3ca26dcb4e311c165c08d8e9,True,False,NO_ENTRY,ff09f2498192fa0e822678145ada64be74df6e2633d7af4161aea664587f8348
2026-09-08,KEEL,LIVE_SHADOW,0.0004853044938606801,0.0036314433388115472,0.8033802407521636,35.435979873404364,0.29334352375314804,0.1334301049105385,0.3515606005261052,0.11414057644082304,0.06318965433729766,0.044335540032087416,0.9508196721311475,0.7486338797814208,0.9890710382513661,1.0,0.6502732240437158,1.0,0.01719724027691975,0.007414618688919633,True,0.0008623033195472325,46bbbf853561e26625ee3ecbccb6037051556f2f3ca26dcb4e311c165c08d8e9,True,False,ELIGIBLE_ENTRY,ff09f2498192fa0e822678145ada64be74df6e2633d7af4161aea664587f8348
2026-09-08,KLAC,LIVE_SHADOW,-0.00011216804369460599,0.003896637451904034,0.6433973087931133,29.065274553177566,0.3248823534132259,0.1715748828269392,0.31851495537988733,0.1040672294463643,0.05523700611970108,0.02572357281388219,0.8469945355191257,0.2568306010928962,0.7650273224043715,0.22404371584699453,0.4808743169398907,0.41530054644808745,-0.003260194986076541,0.0,False,0.002291514564175856,46bbbf853561e26625ee3ecbccb6037051556f2f3ca26dcb4e311c165c08d8e9,True,False,NO_ENTRY,ff09f2498192fa0e822678145ada64be74df6e2633d7af4161aea664587f8348
2026-09-08,KMB,LIVE_SHADOW,3.357693817775889e-05,0.0029517053726190704,0.6266904487330615,41.81702527926429,0.18234674001613757,0.19096281125080097,0.3491375576389879,0.11789344479090927,0.11587026395421304,0.04378918234895126,0.3989071038251366,0.825136612021858,0.8415300546448088,0.8743169398907104,0.8415300546448088,0.8469945355191257,0.0014040876725796376,0.009263066201274362,False,0.013194427074850593,46bbbf853561e26625ee3ecbccb6037051556f2f3ca26dcb4e311c165c08d8e9,True,False,NO_ENTRY,ff09f2498192fa0e822678145ada64be74df6e2633d7af4161aea664587f8348
2026-09-08,KMI,LIVE_SHADOW,-0.00022004565119362597,0.0034402309914213615,0.0,33.699046575023736,0.2408097071953519,0.2488734682186984,0.3126044127612157,0.0861710516393862,0.07215538457147803,0.03938597561386961,0.40437158469945356,0.8087431693989071,0.644808743169399,0.5901639344262295,0.47540983606557374,0.34972677595628415,-0.007415328648205429,0.0,False,0.025579654847418743,46bbbf853561e26625ee3ecbccb6037051556f2f3ca26dcb4e311c165c08d8e9,True,False,NO_ENTRY,ff09f2498192fa0e822678145ada64be74df6e2633d7af4161aea664587f8348
2026-09-08,KO,LIVE_SHADOW,-0.0005335562260146952,0.0032549585073035694,0.0,40.69841752016317,0.24598428079224707,0.1572567075513351,0.332664745308522,0.1013333069790871,0.120099439736113,0.04266151963269584,0.17486338797814208,0.17486338797814208,0.06557377049180328,0.09836065573770492,0.00546448087431694,0.04371584699453552,-0.02171489405682861,0.0,False,0.020172754321059496,46bbbf853561e26625ee3ecbccb6037051556f2f3ca26dcb4e311c165c08d8e9,True,False,NO_ENTRY,ff09f2498192fa0e822678145ada64be74df6e2633d7af4161aea664587f8348
2026-09-08,KR,LIVE_SHADOW,-0.00015381272799246687,0.0028967491668109753,0.0,46.548550301009904,0.18959712474521576,0.12593873099760902,0.3710191997370584,0.12677330531781933,0.13429437898092111,0.05237726022137648,0.46994535519125685,0.5409836065573771,0.73224043715847,0.7650273224043715,0.7759562841530054,0.7978142076502732,-0.007159759505892898,0.0,False,0.008539727522151984,46bbbf853561e26625ee3ecbccb6037051556f2f3ca26dcb4e311c165c08d8e9,True,False,NO_ENTRY,ff09f2498192fa0e822678145ada64be74df6e2633d7af4161aea664587f8348
2026-09-08,LAR,LIVE_SHADOW,0.00040062644382237274,0.003676380770428477,0.8634253101130778,37.40364515640036,0.3088328943150266,0.13657468988692215,0.31232919436582307,0.10899116604635466,0.08997634864683238,0.04329570673904117,0.994535519125683,0.7650273224043715,0.912568306010929,0.9726775956284153,0.825136612021858,0.9890710382513661,0.014984889345002592,0.02018737764744444,True,0.00269436459391365,46bbbf853561e26625ee3ecbccb6037051556f2f3ca26dcb4e311c165c08d8e9,True,False,ELIGIBLE_ENTRY,ff09f2498192fa0e822678145ada64be74df6e2633d7af4161aea664587f8348
2026-09-08,LIN,LIVE_SHADOW,-0.00043147333590167484,0.0035606959359284172,0.0,38.87907544759754,0.2945812653665838,0.170656578514413,0.2805230964604172,0.10710597547676425,0.10162692678797537,0.04550615739384625,0.1092896174863388,0.16939890710382513,0.21311475409836064,0.1092896174863388,0.16393442622950818,0.04918032786885246,-0.016775284380147814,0.0,False,0.023550162058402567,46bbbf853561e26625ee3ecbccb6037051556f2f3ca26dcb4e311c165c08d8e9,True,False,NO_ENTRY,ff09f2498192fa0e822678145ada64be74df6e2633d7af4161aea664587f8348
2026-09-08,LLY,LIVE_SHADOW,-0.00021323757529715813,0.003407776774536913,0.0,34.498668900571694,0.25870778409321465,0.22271034076492235,0.2727763058039766,0.13617038873506956,0.0778468816639181,0.03178829893889889,0.6284153005464481,0.7595628415300546,0.6010928961748634,0.7978142076502732,0.44808743169398907,0.4207650273224044,-0.0073564125073373845,0.0,False,0.010284549175201859,46bbbf853561e26625ee3ecbccb6037051556f2f3ca26dcb4e311c165c08d8e9,True,False,NO_ENTRY,ff09f2498192fa0e822678145ada64be74df6e2633d7af4161aea664587f8348
2026-09-08,LMT,LIVE_SHADOW,-0.0003411275189376759,0.003197515751420477,0.0,39.70583698157692,0.21022123503800189,0.19355242470313314,0.37149883070186024,0.06911951448490182,0.10659966425716433,0.049008330814938696,0.5355191256830601,0.33879781420765026,0.30601092896174864,0.4918032786885246,0.366120218579235,0.2786885245901639,-0.013544753656869154,0.0,False,0.008103001405305997,46bbbf853561e26625ee3ecbccb6037051556f2f3ca26dcb4e311c165c08d8e9,True,False,NO_ENTRY,ff09f2498192fa0e822678145ada64be74df6e2633d7af4161aea664587f8348
2026-09-08,LOW,LIVE_SHADOW,-0.0003756970324896451,0.004118994636833806,0.0,39.76495949636387,0.3725507111957486,0.0963665143098717,0.2778146530168484,0.09342680417399692,0.10987403389379562,0.04996728340973872,0.09836065573770492,0.48633879781420764,0.3224043715846995,0.3005464480874317,0.24043715846994534,0.13114754098360656,-0.01493957727985484,0.0,False,0.012423632867677325,46bbbf853561e26625ee3ecbccb6037051556f2f3ca26dcb4e311c165c08d8e9,True,False,NO_ENTRY,ff09f2498192fa0e822678145ada64be74df6e2633d7af4161aea664587f8348
2026-09-08,LRCX,LIVE_SHADOW,-0.00026041774579801843,0.00368793676458066,0.3044903174029619,34.8616881148765,0.3044903174029619,0.15731464564499872,0.316159474223457,0.10646096100219227,0.07628452051696415,0.03929008120942591,0.819672131147541,0.2896174863387978,0.22950819672131148,0.20218579234972678,0.6284153005464481,0.7704918032786885,-0.009078602233589708,0.0,False,0.0017709355337664834,46bbbf853561e26625ee3ecbccb6037051556f2f3ca26dcb4e311c165c08d8e9,True,False,NO_ENTRY,ff09f2498192fa0e822678145ada64be74df6e2633d7af4161aea664587f8348
2026-09-08,MA,LIVE_SHADOW,-0.00019766523251977673,0.003842073432051267,0.0,31.80846238767762,0.3245287047187818,0.16042451296109006,0.3052468454420421,0.09551934167908566,0.09131237625197913,0.02296821894702115,0.14754098360655737,0.7158469945355191,0.7486338797814208,0.7377049180327869,0.6994535519125683,0.44808743169398907,-0.006287427113956869,0.0,False,0.026006306553849584,46bbbf853561e26625ee3ecbccb6037051556f2f3ca26dcb4e311c165c08d8e9,True,False,NO_ENTRY,ff09f2498192fa0e822678145ada64be74df6e2633d7af4161aea664587f8348
2026-09-08,MAR,LIVE_SHADOW,-0.0003518491565036304,0.004548924734707673,0.0,27.29349588260529,0.4108584598888308,0.15738118777018684,0.27212724681388634,0.06384666814797552,0.07383436014572263,0.021952077233397982,0.08196721311475409,0.34972677595628415,0.36065573770491804,0.4644808743169399,0.5683060109289617,0.5027322404371585,-0.00960319350432998,0.0,False,0.021352175851166076,46bbbf853561e26625ee3ecbccb6037051556f2f3ca26dcb4e311c165c08d8e9,True,False,NO_ENTRY,ff09f2498192fa0e822678145ada64be74df6e2633d7af4161aea664587f8348
2026-09-08,MCD,LIVE_SHADOW,-0.0004708858050070248,0.003289680686715029,0.0,35.837488906105904,0.2335347067548296,0.19583211057332417,0.34260278157189655,0.09461425469205745,0.10180519349357386,0.03161095291431854,0.22404371584699453,0.060109289617486336,0.07103825136612021,0.16393442622950818,0.14207650273224043,0.2459016393442623,-0.016875364812981998,0.0,False,0.02183543470917436,46bbbf853561e26625ee3ecbccb6037051556f2f3ca26dcb4e311c165c08d8e9,True,False,NO_ENTRY,ff09f2498192fa0e822678145ada64be74df6e2633d7af4161aea664587f8348
2026-09-08,MCHP,LIVE_SHADOW,0.00041599794569250806,0.0033744559469881716,1.0,37.65228306842367,0.25793186499426757,0.18546373883266917,0.3150607178100703,0.0937807228588471,0.1110328496943285,0.036730105809817434,0.907103825136612,0.9890710382513661,0.9562841530054644,0.907103825136612,1.0,0.912568306010929,0.01566327240709705,0.023489980241033822,True,0.0029993707100938218,46bbbf853561e26625ee3ecbccb6037051556f2f3ca26dcb4e311c165c08d8e9,True,False,ELIGIBLE_ENTRY,ff09f2498192fa0e822678145ada64be74df6e2633d7af4161aea664587f8348
2026-09-08,MCO,LIVE_SHADOW,-0.0003756878816311438,0.003974170607710672,0.0,29.773487520351587,0.3292485016305641,0.1608279991597152,0.35009361923393356,0.05937385963223069,0.07091103082262981,0.02954498952092668,0.24043715846994534,0.36065573770491804,0.273224043715847,0.4972677595628415,0.5409836065573771,0.4262295081967213,-0.011185538455292184,0.0,False,0.01674380228881967,46bbbf853561e26625ee3ecbccb6037051556f2f3ca26dcb4e311c165c08d8e9,True,False,NO_ENTRY,ff09f2498192fa0e822678145ada64be74df6e2633d7af4161aea664587f8348
2026-09-08,MDB,LIVE_SHADOW,0.0006617968554668907,0.0034791371035194944,1.0,37.49076266010042,0.2773760313153218,0.17603333277253547,0.3037358470962297,0.10011557947395422,0.10385138855103802,0.03888782079092082,1.0,0.994535519125683,0.9726775956284153,0.994535519125683,0.994535519125683,0.994535519125683,0.02481126883750998,0.02917522942235718,True,0.002351772463828993,46bbbf853561e26625ee3ecbccb6037051556f2f3ca26dcb4e311c165c08d8e9,True,False,ELIGIBLE_ENTRY,ff09f2498192fa0e822678145ada64be74df6e2633d7af4161aea664587f8348
2026-09-08,MDLZ,LIVE_SHADOW,-0.00045575619199804954,0.0031711943781384594,0.0,42.63679463353367,0.2343140617198521,0.17606158353215529,0.3158909452124731,0.09733076133306426,0.128079723042721,0.04832292515973417,0.25136612021857924,0.16393442622950818,0.15846994535519127,0.18032786885245902,0.0273224043715847,0.02185792349726776,-0.01943198316118218,0.0,False,0.013093667776919836,46bbbf853561e26625ee3ecbccb6037051556f2f3ca26dcb4e311c165c08d8e9,True,False,NO_ENTRY,ff09f2498192fa0e822678145ada64be74df6e2633d7af4161aea664587f8348
2026-09-08,MDT,LIVE_SHADOW,-0.00043887748092684246,0.003663277988657685,0.0,33.14406683701092,0.29465191935071966,0.15596202830166545,0.34349347659494023,0.08132790864360219,0.09870191821788309,0.02586274889118952,0.11475409836065574,0.22404371584699453,0.09836065573770492,0.2677595628415301,0.18579234972677597,0.3551912568306011,-0.014546184561098251,0.0,False,0.016024156127590054,46bbbf853561e26625ee3ecbccb6037051556f2f3ca26dcb4e311c165c08d8e9,True,False,NO_ENTRY,ff09f2498192fa0e822678145ada64be74df6e2633d7af4161aea664587f8348
2026-09-08,MELI,LIVE_SHADOW,0.00015147620861683108,0.0030915033010780173,0.6652915860972621,37.946547892427986,0.1980268368842685,0.17806695281562546,0.3755655830445159,0.11165905023712072,0.10211263563576871,0.03456894138270071,0.6666666666666666,0.8360655737704918,0.9453551912568307,0.8961748633879781,0.819672131147541,0.7650273224043715,0.005747999204841993,0.023321485781985875,True,0.008114644748851166,46bbbf853561e26625ee3ecbccb6037051556f2f3ca26dcb4e311c165c08d8e9,True,False,ELIGIBLE_ENTRY,ff09f2498192fa0e822678145ada64be74df6e2633d7af4161aea664587f8348
2026-09-08,META,LIVE_SHADOW,-0.00020799967086968535,0.003332798135193813,0.0,38.43851378870454,0.2573180369397512,0.12291809772617958,0.35330119271986454,0.13668443991024745,0.09127622927019201,0.03850200343376511,0.6174863387978142,0.47540983606557374,0.6939890710382514,0.7868852459016393,0.5956284153005464,0.639344262295082,-0.007995198216770406,0.0,False,0.004978130400585906,46bbbf853561e26625ee3ecbccb6037051556f2f3ca26dcb4e311c165c08d8e9,True,False,NO_ENTRY,ff09f2498192fa0e822678145ada64be74df6e2633d7af4161aea664587f8348
2026-09-08,MMM,LIVE_SHADOW,-0.00026393317396981777,0.0043113416941074215,0.0,28.043700903755735,0.37895254048200544,0.19189627556016475,0.26233193334986604,0.07820075952523826,0.060913398072836134,0.027705093009889315,0.09289617486338798,0.7704918032786885,0.6502732240437158,0.6229508196721312,0.5300546448087432,0.5901639344262295,-0.007401662989388498,0.0,False,0.02283475271008573,46bbbf853561e26625ee3ecbccb6037051556f2f3ca26dcb4e311c165c08d8e9,True,False,NO_ENTRY,ff09f2498192fa0e822678145ada64be74df6e2633d7af4161aea664587f8348
2026-09-08,MO,LIVE_SHADOW,-0.0003040067884957968,0.0036867970705573997,0.0,38.07366489210145,0.2976268830263811,0.22102257048421523,0.2653477570177398,0.06740560526907098,0.09410967502594772,0.05448750917664529,0.3442622950819672,0.2786885245901639,0.43169398907103823,0.5027322404371585,0.4098360655737705,0.22404371584699453,-0.01157465259011293,0.0,False,0.010988079422553419,46bbbf853561e26625ee3ecbccb6037051556f2f3ca26dcb4e311c165c08d8e9,True,False,NO_ENTRY,ff09f2498192fa0e822678145ada64be74df6e2633d7af4161aea664587f8348
2026-09-08,MPC,LIVE_SHADOW,0.00024236995106578647,0.0032067361792572353,0.7478155559115476,36.681558453547375,0.21860468162466062,0.1841677125602168,0.36277520498384613,0.10125771541381179,0.09961492295367279,0.033579762463791824,0.7486338797814208,0.907103825136612,0.9781420765027322,0.8852459016393442,0.8524590163934426,0.7923497267759563,0.008890507527403063,0.04073775435823629,True,0.009164325935875087,46bbbf853561e26625ee3ecbccb6037051556f2f3ca26dcb4e311c165c08d8e9,True,False,ELIGIBLE_ENTRY,ff09f2498192fa0e822678145ada64be74df6e2633d7af4161aea664587f8348
2026-09-08,MPWR,LIVE_SHADOW,0.0008122038618177933,0.003477089302644196,1.0,36.2267488085901,0.27347511623229914,0.17741679048867512,0.31538184391792523,0.09796170540500078,0.10085453755343836,0.034910006402661495,0.9890710382513661,1.0,1.0,0.9781420765027322,0.9726775956284153,0.9180327868852459,0.029423505283440024,0.04535962044205494,True,0.0030832234300502592,46bbbf853561e26625ee3ecbccb6037051556f2f3ca26dcb4e311c165c08d8e9,True,False,ELIGIBLE_ENTRY,ff09f2498192fa0e822678145ada64be74df6e2633d7af4161aea664587f8348
2026-09-08,MRK,LIVE_SHADOW,-0.0004432758138331532,0.0028887993649259,0.0,42.28261330255977,0.1746536766800816,0.1863960821582423,0.34754635126485955,0.13192831270925162,0.117493084405619,0.04198249278194589,0.41530054644808745,0.1912568306010929,0.16393442622950818,0.0546448087431694,0.15300546448087432,0.18032786885245902,-0.01874285982268469,0.0,False,0.0067859804003365925,46bbbf853561e26625ee3ecbccb6037051556f2f3ca26dcb4e311c165c08d8e9,True,False,NO_ENTRY,ff09f2498192fa0e822678145ada64be74df6e2633d7af4161aea664587f8348
2026-09-08,MRVL,LIVE_SHADOW,4.527883776808385e-05,0.003824573824751918,0.6611224727117686,38.42051790374271,0.3298321228709129,0.179376228134147,0.2481697605099308,0.09070776677830045,0.10386837029500416,0.0480457514117045,0.9453551912568307,0.8415300546448088,0.2896174863387978,0.7759562841530054,0.8306010928961749,0.9672131147540983,0.0017396363971293274,0.001084179400524769,False,0.0012464436847996914,46bbbf853561e26625ee3ecbccb6037051556f2f3ca26dcb4e311c165c08d8e9,True,False,NO_ENTRY,ff09f2498192fa0e822678145ada64be74df6e2633d7af4161aea664587f8348
2026-09-08,MS,LIVE_SHADOW,-0.00022588919120574685,0.0041494327609165015,0.0,29.126891290472393,0.3600658461140704,0.16228044414883006,0.30267682883346236,0.08093464026645707,0.0674583485970629,0.02658389204011716,0.12021857923497267,0.6939890710382514,0.7158469945355191,0.639344262295082,0.5628415300546448,0.5792349726775956,-0.006579449915942521,0.0,False,0.01727045622646394,46bbbf853561e26625ee3ecbccb6037051556f2f3ca26dcb4e311c165c08d8e9,True,False,NO_ENTRY,ff09f2498192fa0e822678145ada64be74df6e2633d7af4161aea664587f8348
2026-09-08,MSFT,LIVE_SHADOW,-0.0004659257252861452,0.0030857115677990227,0.0,40.42007670420096,0.2093928845145075,0.21788937554635482,0.2994647160643516,0.12110935169251315,0.10910486580761924,0.04303880637465374,0.30601092896174864,0.0273224043715847,0.1912568306010929,0.04371584699453552,0.1366120218579235,0.10382513661202186,-0.018832753554526453,0.0,False,0.005179493727587292,46bbbf853561e26625ee3ecbccb6037051556f2f3ca26dcb4e311c165c08d8e9,True,False,NO_ENTRY,ff09f2498192fa0e822678145ada64be74df6e2633d7af4161aea664587f8348
2026-09-08,MU,LIVE_SHADOW,0.00034028918246303873,0.003926140007703063,0.6735508087999919,43.72463683985284,0.3591779599408161,0.12197256331911775,0.2044766278808905,0.12664263848715882,0.13853850358816672,0.04919170678385017,0.9726775956284153,0.366120218579235,0.6120218579234973,0.9508196721311475,0.9890710382513661,0.9508196721311475,0.01487902092372679,0.007556261516510158,True,0.0010156933786497455,46bbbf853561e26625ee3ecbccb6037051556f2f3ca26dcb4e311c165c08d8e9,True,False,ELIGIBLE_ENTRY,ff09f2498192fa0e822678145ada64be74df6e2633d7af4161aea664587f8348
2026-09-08,NEM,LIVE_SHADOW,-0.00012469757585865577,0.0037070087038667218,0.35509376306426066,33.16620138399872,0.29298522760864115,0.17070106994979722,0.35509376306426066,0.06285310003664853,0.08111545629447706,0.03725138304617527,0.7431693989071039,0.6994535519125683,0.7759562841530054,0.5409836065573771,0.3879781420765027,0.6939890710382514,-0.004135744913024634,0.0,False,0.005680325418149318,46bbbf853561e26625ee3ecbccb6037051556f2f3ca26dcb4e311c165c08d8e9,True,False,NO_ENTRY,ff09f2498192fa0e822678145ada64be74df6e2633d7af4161aea664587f8348
2026-09-08,NFLX,LIVE_SHADOW,-0.00033618734745117503,0.003385630051365618,0.0,41.53086634880371,0.2533333029685337,0.25627347236288917,0.22171324005143794,0.11469479691401781,0.09408147580851725,0.05990371189460421,0.6065573770491803,0.18579234972677597,0.47540983606557374,0.30601092896174864,0.3989071038251366,0.15300546448087432,-0.013962151795153586,0.0,False,0.006632058017548453,46bbbf853561e26625ee3ecbccb6037051556f2f3ca26dcb4e311c165c08d8e9,True,False,NO_ENTRY,ff09f2498192fa0e822678145ada64be74df6e2633d7af4161aea664587f8348
2026-09-08,NKE,LIVE_SHADOW,6.593816663998068e-05,0.003211439205744601,0.25145617089253824,40.834060138174955,0.24722731381303367,0.18203748956179722,0.28095724990122495,0.12789040568585902,0.12356576520667922,0.03832177583140583,0.7540983606557377,0.8306010928961749,0.7540983606557377,0.9672131147540983,0.9180327868852459,0.8032786885245902,0.0026925230619779727,0.0,False,0.009538028742730716,46bbbf853561e26625ee3ecbccb6037051556f2f3ca26dcb4e311c165c08d8e9,True,False,NO_ENTRY,ff09f2498192fa0e822678145ada64be74df6e2633d7af4161aea664587f8348
2026-09-08,NOC,LIVE_SHADOW,-0.00010140849884702964,0.003452516985440191,0.21670361684635964,33.208049807330134,0.2597518828767028,0.21670361684635964,0.30211587432473075,0.10773641109214617,0.08647489448693632,0.027217320373124146,0.7158469945355191,0.8579234972677595,0.726775956284153,0.7814207650273224,0.6612021857923497,0.5956284153005464,-0.003367578480598741,0.0,False,0.01485865283598898,46bbbf853561e26625ee3ecbccb6037051556f2f3ca26dcb4e311c165c08d8e9,True,False,NO_ENTRY,ff09f2498192fa0e822678145ada64be74df6e2633d7af4161aea664587f8348
2026-09-08,NOW,LIVE_SHADOW,-0.000245859729452101,0.003690302081223212,0.0,36.04386081132766,0.30768277966159086,0.1988096827850172,0.2521682657577094,0.09987278710377834,0.10733285301947862,0.03413363167242546,0.7595628415300546,0.23497267759562843,0.3825136612021858,0.7049180327868853,0.7213114754098361,0.6502732240437158,-0.008861733867482204,0.0,False,0.00292687485218446,46bbbf853561e26625ee3ecbccb6037051556f2f3ca26dcb4e311c165c08d8e9,True,False,NO_ENTRY,ff09f2498192fa0e822678145ada64be74df6e2633d7af4161aea664587f8348
2026-09-08,NU,LIVE_SHADOW,-0.00048405535758920705,0.002818444888003537,0.0,42.74067475114654,0.12652580889737236,0.22297535558661982,0.36593688575328454,0.1190240585613951,0.1234654368234137,0.042072454377914424,0.4918032786885246,0.03825136612021858,0.09289617486338798,0.08196721311475409,0.08196721311475409,0.14207650273224043,-0.020688852600270233,0.0,False,0.005969369525759624,46bbbf853561e26625ee3ecbccb6037051556f2f3ca26dcb4e311c165c08d8e9,True,False,NO_ENTRY,ff09f2498192fa0e822678145ada64be74df6e2633d7af4161aea664587f8348
2026-09-08,NUE,LIVE_SHADOW,0.00027376368864912747,0.002879884129262525,0.8402489560882294,42.574641912038516,0.15975104391177075,0.21040862890623566,0.34778154285680013,0.11313439894360922,0.1260669659582917,0.04285741942329264,0.5901639344262295,0.9508196721311475,0.9016393442622951,0.912568306010929,0.9617486338797814,0.8961748633879781,0.011655391012755405,0.04053841787309065,True,0.006956166091506718,46bbbf853561e26625ee3ecbccb6037051556f2f3ca26dcb4e311c165c08d8e9,True,False,ELIGIBLE_ENTRY,ff09f2498192fa0e822678145ada64be74df6e2633d7af4161aea664587f8348
2026-09-08,NVDA,LIVE_SHADOW,-0.00016304512497511495,0.00328072272741209,0.373392980239167,34.799351437720524,0.22853001817855817,0.17476661154598683,0.373392980239167,0.09312416832224303,0.10570607836885863,0.024480143345186132,0.6120218579234973,0.6830601092896175,0.7704918032786885,0.6557377049180327,0.6939890710382514,0.47540983606557374,-0.005673864604216089,0.0,False,0.006983838974510119,46bbbf853561e26625ee3ecbccb6037051556f2f3ca26dcb4e311c165c08d8e9,True,False,NO_ENTRY,ff09f2498192fa0e822678145ada64be74df6e2633d7af4161aea664587f8348
2026-09-08,NVO,LIVE_SHADOW,-0.0004496766169584027,0.003019886975719027,0.0,39.01732021366124,0.15940447477032194,0.22438590430122918,0.37846411689362086,0.09713991048422194,0.09737763443091757,0.04322795911968849,0.5409836065573771,0.1092896174863388,0.14207650273224043,0.26229508196721313,0.2786885245901639,0.1912568306010929,-0.01754517655646189,0.0,False,0.0075127540111949755,46bbbf853561e26625ee3ecbccb6037051556f2f3ca26dcb4e311c165c08d8e9,True,False,NO_ENTRY,ff09f2498192fa0e822678145ada64be74df6e2633d7af4161aea664587f8348
2026-09-08,NXPI,LIVE_SHADOW,0.0001918023254924162,0.0039653742088741435,0.6690321044540248,28.858426162618393,0.32929139381224976,0.16687625017089275,0.339740710641775,0.07560441069753777,0.06126254016349147,0.027224694514053467,0.9617486338797814,0.8142076502732241,0.8961748633879781,0.6994535519125683,0.6010928961748634,0.6666666666666666,0.0055351132480413925,0.01931752215957199,True,0.0069799916619258055,46bbbf853561e26625ee3ecbccb6037051556f2f3ca26dcb4e311c165c08d8e9,True,False,ELIGIBLE_ENTRY,ff09f2498192fa0e822678145ada64be74df6e2633d7af4161aea664587f8348
2026-09-08,ON,LIVE_SHADOW,0.0006508083915359528,0.003486596009682528,1.0000000000000002,36.671061767372905,0.2766765053791676,0.17160800509082233,0.3144242796829445,0.10134535273538076,0.09890881485119292,0.037037042260491884,0.9836065573770492,0.9617486338797814,0.9836065573770492,0.9890710382513661,0.9453551912568307,0.9453551912568307,0.023865834724739535,0.021619916015911362,True,0.0018117879609297696,46bbbf853561e26625ee3ecbccb6037051556f2f3ca26dcb4e311c165c08d8e9,True,False,ELIGIBLE_ENTRY,ff09f2498192fa0e822678145ada64be74df6e2633d7af4161aea664587f8348
2026-09-08,ORCL,LIVE_SHADOW,0.000169098926885031,0.0035921398375584807,0.6123025619597184,33.39486014438821,0.28820421776294497,0.21265781567811887,0.26513908425941984,0.11144052851865459,0.09883831553251941,0.023720038248342422,0.8524590163934426,0.9453551912568307,0.7377049180327869,0.8907103825136612,0.7978142076502732,0.6010928961748634,0.005647035013891738,0.010923309225006415,True,0.003868688328701704,46bbbf853561e26625ee3ecbccb6037051556f2f3ca26dcb4e311c165c08d8e9,True,False,ELIGIBLE_ENTRY,ff09f2498192fa0e822678145ada64be74df6e2633d7af4161aea664587f8348
2026-09-08,ORLY,LIVE_SHADOW,-0.00024379743039393864,0.0036461205108413944,0.0,33.849847660104246,0.30099736151194095,0.17708337303017432,0.2875150000244093,0.11380179394067373,0.09391063129448352,0.026691840198318124,0.33879781420765026,0.6284153005464481,0.5956284153005464,0.6775956284153005,0.5901639344262295,0.4918032786885246,-0.008252505878759692,0.0,False,0.012300264551430632,46bbbf853561e26625ee3ecbccb6037051556f2f3ca26dcb4e311c165c08d8e9,True,False,NO_ENTRY,ff09f2498192fa0e822678145ada64be74df6e2633d7af4161aea664587f8348
2026-09-08,OXY,LIVE_SHADOW,0.0002729535786944409,0.002914872875888986,0.8156829935856441,40.45967480530402,0.148950791524799,0.20333775098704607,0.38511359445476684,0.10334687467856492,0.12388477346526625,0.03536621488955705,0.5628415300546448,0.9180327868852459,0.9617486338797814,0.8469945355191257,0.9398907103825137,0.7759562841530054,0.011043613030921037,0.05013016519612834,True,0.009078580543481337,46bbbf853561e26625ee3ecbccb6037051556f2f3ca26dcb4e311c165c08d8e9,True,False,ELIGIBLE_ENTRY,ff09f2498192fa0e822678145ada64be74df6e2633d7af4161aea664587f8348
2026-09-08,PANW,LIVE_SHADOW,-0.0001902861814359206,0.0038940799017394595,0.3349662850088034,34.637991869002406,0.3349662850088034,0.15488295869212712,0.2912858413145333,0.10136354761815791,0.0765419954747758,0.0409593718916027,0.9016393442622951,0.7213114754098361,0.25136612021857924,0.20765027322404372,0.3551912568306011,0.18579234972677597,-0.006591131205360935,0.0,False,0.0034851300557111426,46bbbf853561e26625ee3ecbccb6037051556f2f3ca26dcb4e311c165c08d8e9,True,False,NO_ENTRY,ff09f2498192fa0e822678145ada64be74df6e2633d7af4161aea664587f8348
2026-09-08,PBR,LIVE_SHADOW,-0.0004757207882441465,0.0027759301789741096,0.0,46.49938657679229,0.1643540787391689,0.12218648166061843,0.3828513719575137,0.13871203889413777,0.15061967917383076,0.04127634957473025,0.5519125683060109,0.3989071038251366,0.13114754098360656,0.04918032786885246,0.01639344262295082,0.21311475409836064,-0.022120724835180912,0.0,False,0.007288542575177085,46bbbf853561e26625ee3ecbccb6037051556f2f3ca26dcb4e311c165c08d8e9,True,False,NO_ENTRY,ff09f2498192fa0e822678145ada64be74df6e2633d7af4161aea664587f8348
2026-09-08,PEP,LIVE_SHADOW,-0.00032506727497758417,0.003909917379058741,0.0,33.81217346857434,0.33293511153849453,0.157993449022987,0.30629014133211563,0.09121205490812295,0.0692909998973048,0.04227824330097512,0.26229508196721313,0.3879781420765027,0.3551912568306011,0.6174863387978142,0.5191256830601093,0.3114754098360656,-0.010991231090498831,0.0,False,0.022516647916323056,46bbbf853561e26625ee3ecbccb6037051556f2f3ca26dcb4e311c165c08d8e9,True,False,NO_ENTRY,ff09f2498192fa0e822678145ada64be74df6e2633d7af4161aea664587f8348
2026-09-08,PFE,LIVE_SHADOW,-0.00046369868072489975,0.0035597620018457663,0.0,37.16023338359843,0.29483124365140256,0.16572971219871158,0.28382000577300426,0.10892236722688892,0.11477669117816108,0.03191997997183156,0.07103825136612021,0.15300546448087432,0.17486338797814208,0.060109289617486336,0.04918032786885246,0.22950819672131148,-0.01723115119540397,0.0,False,0.021336812869663057,46bbbf853561e26625ee3ecbccb6037051556f2f3ca26dcb4e311c165c08d8e9,True,False,NO_ENTRY,ff09f2498192fa0e822678145ada64be74df6e2633d7af4161aea664587f8348
2026-09-08,PG,LIVE_SHADOW,-0.00044200336593450574,0.003976089907234919,0.0,40.740492232027414,0.3565675497932771,0.13095121928961456,0.2515938952800521,0.09152773510478397,0.11783347769587746,0.05152612283639487,0.04371584699453552,0.3442622950819672,0.3114754098360656,0.25136612021857924,0.13114754098360656,0.0273224043715847,-0.018007434696384703,0.0,False,0.027380574851765774,46bbbf853561e26625ee3ecbccb6037051556f2f3ca26dcb4e311c165c08d8e9,True,False,NO_ENTRY,ff09f2498192fa0e822678145ada64be74df6e2633d7af4161aea664587f8348
2026-09-08,PH,LIVE_SHADOW,-0.0004798526900853501,0.003910281189167794,0.0,37.24731254676681,0.34281822103938514,0.12355726736635168,0.2916523285005657,0.10344786940272242,0.0958363410332878,0.042687972657687166,0.01092896174863388,0.3333333333333333,0.19672131147540983,0.1366120218579235,0.20218579234972678,0.09836065573770492,-0.017873223124015864,0.0,False,0.014909132210761686,46bbbf853561e26625ee3ecbccb6037051556f2f3ca26dcb4e311c165c08d8e9,True,False,NO_ENTRY,ff09f2498192fa0e822678145ada64be74df6e2633d7af4161aea664587f8348
2026-09-08,PLTR,LIVE_SHADOW,1.6347391736803645e-05,0.0037980035595639636,0.6263501368033011,42.1580983032635,0.3312257123431324,0.2044651306901911,0.16918473250650765,0.11214181061457959,0.13459472379884435,0.04838789004674474,0.8852459016393442,0.1366120218579235,0.4644808743169399,0.8415300546448088,0.9344262295081968,0.907103825136612,0.0006891749478421255,0.00048633935233221675,False,0.0014113668927026237,46bbbf853561e26625ee3ecbccb6037051556f2f3ca26dcb4e311c165c08d8e9,True,False,NO_ENTRY,ff09f2498192fa0e822678145ada64be74df6e2633d7af4161aea664587f8348
2026-09-08,PM,LIVE_SHADOW,-0.00027510300852121543,0.003060889785290396,0.0,47.01200454075682,0.23152809477540864,0.1656883535103561,0.2892968516481629,0.10595872879845519,0.15335628021616576,0.054171691051451414,0.47540983606557374,0.4426229508196721,0.44808743169398907,0.40437158469945356,0.2677595628415301,0.29508196721311475,-0.012933143885775242,0.0,False,0.010544475910547904,46bbbf853561e26625ee3ecbccb6037051556f2f3ca26dcb4e311c165c08d8e9,True,False,NO_ENTRY,ff09f2498192fa0e822678145ada64be74df6e2633d7af4161aea664587f8348
2026-09-08,PNC,LIVE_SHADOW,-0.00025586178197183724,0.004105180139270455,0.0,35.576039592492705,0.36579284861557676,0.14361129930869088,0.26702548998918435,0.08668313849351386,0.09640997044326681,0.040477253149767356,0.16939890710382513,0.6065573770491803,0.6229508196721312,0.6284153005464481,0.6557377049180327,0.7049180327868853,-0.009102548885635818,0.0,False,0.032982569096410445,46bbbf853561e26625ee3ecbccb6037051556f2f3ca26dcb4e311c165c08d8e9,True,False,NO_ENTRY,ff09f2498192fa0e822678145ada64be74df6e2633d7af4161aea664587f8348
2026-09-08,PSX,LIVE_SHADOW,-0.0002091107081907854,0.00320414430858975,0.0,42.38421303599083,0.23346192187772366,0.14925121660154053,0.3564086747549266,0.07468314080998112,0.1424691080604492,0.043725937895378986,0.5683060109289617,0.5683060109289617,0.6775956284153005,0.46994535519125685,0.7650273224043715,0.6721311475409836,-0.008862992804065162,0.0,False,0.009800410985951042,46bbbf853561e26625ee3ecbccb6037051556f2f3ca26dcb4e311c165c08d8e9,True,False,NO_ENTRY,ff09f2498192fa0e822678145ada64be74df6e2633d7af4161aea664587f8348
2026-09-08,QCOM,LIVE_SHADOW,-0.0002503193818721836,0.003496567763313323,0.0,36.613762357864296,0.2728395111705792,0.16033018144002517,0.3434713400288535,0.0657999581209478,0.1278487244590949,0.029710284780499308,0.6557377049180327,0.3770491803278688,0.6994535519125683,0.5191256830601093,0.2459016393442623,0.5628415300546448,-0.009165134361435614,0.0,False,0.004605379328494908,46bbbf853561e26625ee3ecbccb6037051556f2f3ca26dcb4e311c165c08d8e9,True,False,NO_ENTRY,ff09f2498192fa0e822678145ada64be74df6e2633d7af4161aea664587f8348
2026-09-08,RCL,LIVE_SHADOW,5.594224724622704e-05,0.00299669303289199,0.6117849213233865,36.913291359238016,0.14830779849156212,0.22764636832509347,0.384138552998293,0.1086667920370464,0.10136434024209577,0.02987614790590928,0.4808743169398907,0.8961748633879781,0.8633879781420765,0.7923497267759563,0.7377049180327869,0.6338797814207651,0.0020650124718905095,0.009093393455841405,True,0.008807107540146181,46bbbf853561e26625ee3ecbccb6037051556f2f3ca26dcb4e311c165c08d8e9,True,False,ELIGIBLE_ENTRY,ff09f2498192fa0e822678145ada64be74df6e2633d7af4161aea664587f8348
2026-09-08,REGN,LIVE_SHADOW,-0.0002094383029121143,0.0033656429099462952,0.0,31.614675103690143,0.21968848058599855,0.24593367472230393,0.34560089471249084,0.08266634314414924,0.07996193524088,0.026148671594177556,0.4371584699453552,0.7978142076502732,0.6830601092896175,0.4262295081967213,0.5519125683060109,0.48633879781420764,-0.006621323900834735,0.0,False,0.014687807758720141,46bbbf853561e26625ee3ecbccb6037051556f2f3ca26dcb4e311c165c08d8e9,True,False,NO_ENTRY,ff09f2498192fa0e822678145ada64be74df6e2633d7af4161aea664587f8348
2026-09-08,RIO,LIVE_SHADOW,-0.0002712852893297179,0.003258023084414494,0.0,40.23076390967531,0.24744303104903803,0.1786008004564662,0.3071196697732669,0.0899671171635915,0.14321184718136354,0.03365753437627384,0.453551912568306,0.5846994535519126,0.5737704918032787,0.546448087431694,0.29508196721311475,0.4644808743169399,-0.01091401442719184,0.0,False,0.012438912653361799,46bbbf853561e26625ee3ecbccb6037051556f2f3ca26dcb4e311c165c08d8e9,True,False,NO_ENTRY,ff09f2498192fa0e822678145ada64be74df6e2633d7af4161aea664587f8348
2026-09-08,ROP,LIVE_SHADOW,-7.813503817299452e-05,0.0029210525088652272,0.30930950373912086,46.42017482498436,0.21799597335393026,0.1689431783076822,0.2639165879452431,0.14655112848792365,0.1627583752511972,0.039834756654023584,0.5846994535519126,0.6557377049180327,0.6065573770491803,0.8688524590163934,0.912568306010929,0.6830601092896175,-0.003627042131947232,0.0,False,0.007467310761974923,46bbbf853561e26625ee3ecbccb6037051556f2f3ca26dcb4e311c165c08d8e9,True,False,NO_ENTRY,ff09f2498192fa0e822678145ada64be74df6e2633d7af4161aea664587f8348
2026-09-08,RTX,LIVE_SHADOW,-0.00040874245689321323,0.0038564813971751887,0.0,29.94097117985125,0.3173101302419088,0.1784936786597221,0.3239585417381001,0.08233094456387281,0.07213661647910385,0.02577008831729225,0.15846994535519127,0.22950819672131148,0.2185792349726776,0.32786885245901637,0.39344262295081966,0.4098360655737705,-0.01223814612182129,0.0,False,0.017509608087822072,46bbbf853561e26625ee3ecbccb6037051556f2f3ca26dcb4e311c165c08d8e9,True,False,NO_ENTRY,ff09f2498192fa0e822678145ada64be74df6e2633d7af4161aea664587f8348
2026-09-08,SAP,LIVE_SHADOW,-0.0004868355951486066,0.002813077758516233,0.0,42.988759003484105,0.12336743880071467,0.22381539047806126,0.3675482436755345,0.12050186998554972,0.12097429959923484,0.043792757460905045,0.5027322404371585,0.03278688524590164,0.08743169398907104,0.07103825136612021,0.09289617486338798,0.11475409836065574,-0.020928458074161205,0.0,False,0.005014207516278563,46bbbf853561e26625ee3ecbccb6037051556f2f3ca26dcb4e311c165c08d8e9,True,False,NO_ENTRY,ff09f2498192fa0e822678145ada64be74df6e2633d7af4161aea664587f8348
2026-09-08,SBUX,LIVE_SHADOW,-0.0003267672924551251,0.004359397061224851,0.0,43.188572843339415,0.406938219296838,0.13255197582858916,0.18087679793213635,0.08539620364998562,0.13530773196038012,0.058929071332070836,0.10382513661202186,0.4207650273224044,0.5027322404371585,0.3770491803278688,0.18032786885245902,0.08743169398907104,-0.014112613013018966,0.0,False,0.019987480594221917,46bbbf853561e26625ee3ecbccb6037051556f2f3ca26dcb4e311c165c08d8e9,True,False,NO_ENTRY,ff09f2498192fa0e822678145ada64be74df6e2633d7af4161aea664587f8348
2026-09-08,SCHW,LIVE_SHADOW,-0.00023252687873494802,0.0035657908040932934,0.0,35.738753953659725,0.289336103517045,0.16544357745548896,0.30952595698471835,0.1089009159410659,0.09120367312320099,0.03558977297848083,0.28415300546448086,0.6666666666666666,0.6885245901639344,0.73224043715847,0.639344262295082,0.3442622950819672,-0.008310220906720778,0.0,False,0.019592847121719194,46bbbf853561e26625ee3ecbccb6037051556f2f3ca26dcb4e311c165c08d8e9,True,False,NO_ENTRY,ff09f2498192fa0e822678145ada64be74df6e2633d7af4161aea664587f8348
2026-09-08,SHEL,LIVE_SHADOW,-0.0004954700146205154,0.003353257698541909,0.0,37.54172520805177,0.2548923960833482,0.18311059215358824,0.3183362847107658,0.10261196504547203,0.10326950239821665,0.03777925960860919,0.08743169398907104,0.00546448087431694,0.02185792349726776,0.01639344262295082,0.03825136612021858,0.0546448087431694,-0.018600799137712783,0.0,False,0.018844988211296772,46bbbf853561e26625ee3ecbccb6037051556f2f3ca26dcb4e311c165c08d8e9,True,False,NO_ENTRY,ff09f2498192fa0e822678145ada64be74df6e2633d7af4161aea664587f8348
2026-09-08,SHOP,LIVE_SHADOW,-0.00027902258529031456,0.0036124869613602577,0.04910718512460628,40.47318887499748,0.28939874903592044,0.08621437708573038,0.3852147328250455,0.07871747767308035,0.11134747825561717,0.04910718512460628,0.7923497267759563,0.4972677595628415,0.11475409836065574,0.3442622950819672,0.8032786885245902,0.9016393442622951,-0.011292933794844995,0.0,False,0.0025211639416454416,46bbbf853561e26625ee3ecbccb6037051556f2f3ca26dcb4e311c165c08d8e9,True,False,NO_ENTRY,ff09f2498192fa0e822678145ada64be74df6e2633d7af4161aea664587f8348
2026-09-08,SHW,LIVE_SHADOW,-0.000484678486451003,0.004273898007679969,0.0,24.37768502688168,0.3635294559515226,0.19671718280555986,0.31480105781221646,0.0560664081788349,0.04868473735891059,0.02020115789295546,0.03825136612021858,0.14754098360655737,0.20765027322404372,0.44808743169398907,0.5027322404371585,0.5300546448087432,-0.01181533948200829,0.0,False,0.015829529205644236,46bbbf853561e26625ee3ecbccb6037051556f2f3ca26dcb4e311c165c08d8e9,True,False,NO_ENTRY,ff09f2498192fa0e822678145ada64be74df6e2633d7af4161aea664587f8348
2026-09-08,SID,LIVE_SHADOW,-9.041009303430679e-05,0.004171677158865252,0.3765197101506829,35.81903355022462,0.3765197101506829,0.10289428883495536,0.28222491093581076,0.09135342727435342,0.11563744523267826,0.031370217571519206,0.9562841530054644,0.44808743169398907,0.28415300546448086,0.2786885245901639,0.17486338797814208,0.3333333333333333,-0.003238402155674764,0.0,False,0.003004173663473869,46bbbf853561e26625ee3ecbccb6037051556f2f3ca26dcb4e311c165c08d8e9,True,False,NO_ENTRY,ff09f2498192fa0e822678145ada64be74df6e2633d7af4161aea664587f8348
2026-09-08,SLB,LIVE_SHADOW,-0.0002638798099125999,0.00370021969876942,0.0,38.173609361092254,0.3171236427312209,0.13974992035684286,0.285745907772499,0.09142075508857025,0.13508738316450716,0.03087239088635978,0.6721311475409836,0.45901639344262296,0.5846994535519126,0.5846994535519126,0.273224043715847,0.45901639344262296,-0.010073244781882868,0.0,False,0.006184112903828638,46bbbf853561e26625ee3ecbccb6037051556f2f3ca26dcb4e311c165c08d8e9,True,False,NO_ENTRY,ff09f2498192fa0e822678145ada64be74df6e2633d7af4161aea664587f8348
2026-09-08,SNPS,LIVE_SHADOW,9.906974905550345e-05,0.0033706818660449414,0.879652150192788,42.99443927559598,0.27668157776327995,0.1203478498072122,0.30833938949966294,0.12203277730814473,0.12557575573062843,0.047022649891071834,0.8142076502732241,0.6338797814207651,0.8032786885245902,0.9344262295081968,0.9289617486338798,0.9289617486338798,0.0042594483098153755,0.009412693968124561,True,0.004419677518534109,46bbbf853561e26625ee3ecbccb6037051556f2f3ca26dcb4e311c165c08d8e9,True,False,ELIGIBLE_ENTRY,ff09f2498192fa0e822678145ada64be74df6e2633d7af4161aea664587f8348
2026-09-08,SNY,LIVE_SHADOW,-0.0003035803748349568,0.004355373426182552,0.0,38.30053321070403,0.4009699631272366,0.13792485928453005,0.22125973423428566,0.0738503829256015,0.11947377337835208,0.04652128704999404,0.22950819672131148,0.46994535519125685,0.4972677595628415,0.5136612021857924,0.33879781420765026,0.3224043715846995,-0.011627290228484242,0.0,False,0.01856093304444502,46bbbf853561e26625ee3ecbccb6037051556f2f3ca26dcb4e311c165c08d8e9,True,False,NO_ENTRY,ff09f2498192fa0e822678145ada64be74df6e2633d7af4161aea664587f8348
2026-09-08,SONY,LIVE_SHADOW,-0.0003407332693364431,0.0030320737700661672,0.0,45.46286061895395,0.22133050594850606,0.14878298365608503,0.32493436481121385,0.1150106788477295,0.13936514690929389,0.05057631982717163,0.43169398907103823,0.41530054644808745,0.33879781420765026,0.29508196721311475,0.2185792349726776,0.23497267759562843,-0.015490709132083207,0.0,False,0.009077252611470632,46bbbf853561e26625ee3ecbccb6037051556f2f3ca26dcb4e311c165c08d8e9,True,False,NO_ENTRY,ff09f2498192fa0e822678145ada64be74df6e2633d7af4161aea664587f8348
2026-09-08,SPCX,LIVE_SHADOW,-0.0002211795520482328,0.003598860382358827,0.446294171458221,37.70496441561105,0.2883678664929595,0.201703163953867,0.28761435564612886,0.06438830894178323,0.11490091709899916,0.043025387866262366,0.8306010928961749,0.11475409836065574,0.24043715846994534,0.6065573770491803,0.8633879781420765,0.8633879781420765,-0.00833956713943941,0.0,False,0.0017252905541102067,46bbbf853561e26625ee3ecbccb6037051556f2f3ca26dcb4e311c165c08d8e9,True,False,NO_ENTRY,ff09f2498192fa0e822678145ada64be74df6e2633d7af4161aea664587f8348
2026-09-08,SPGI,LIVE_SHADOW,-0.0004776785761081363,0.0027559208685452442,0.0,45.713908486341154,0.13910901059538394,0.1891366462323816,0.3659033373489708,0.12466471235455434,0.1312871096312652,0.049899183837444114,0.45901639344262296,0.13114754098360656,0.07650273224043716,0.03278688524590164,0.02185792349726776,0.01092896174863388,-0.02183655471409309,0.0,False,0.007367290271639484,46bbbf853561e26625ee3ecbccb6037051556f2f3ca26dcb4e311c165c08d8e9,True,False,NO_ENTRY,ff09f2498192fa0e822678145ada64be74df6e2633d7af4161aea664587f8348
2026-09-08,STLD,LIVE_SHADOW,0.0003962182293153574,0.003186227888226356,0.9999999999999998,39.231946483791845,0.2270946731473627,0.19152261827505523,0.3250107649659553,0.10480667293327466,0.11213497690118028,0.039430293777171686,0.7978142076502732,0.9726775956284153,0.9398907103825137,0.9453551912568307,0.9672131147540983,0.9234972677595629,0.015544412368402866,0.046534101317369216,True,0.005987244832999811,46bbbf853561e26625ee3ecbccb6037051556f2f3ca26dcb4e311c165c08d8e9,True,False,ELIGIBLE_ENTRY,ff09f2498192fa0e822678145ada64be74df6e2633d7af4161aea664587f8348
2026-09-08,SYK,LIVE_SHADOW,-0.00019122059204231958,0.004166751130735296,0.0,35.65794523204055,0.36873124618653674,0.19821187817032954,0.21452094085030404,0.0913924441220346,0.07562087040881775,0.051522620261977306,0.7650273224043715,0.31693989071038253,0.5136612021857924,0.6010928961748634,0.46994535519125685,0.7595628415300546,-0.0068185333982834,0.0,False,0.006339441547403639,46bbbf853561e26625ee3ecbccb6037051556f2f3ca26dcb4e311c165c08d8e9,True,False,NO_ENTRY,ff09f2498192fa0e822678145ada64be74df6e2633d7af4161aea664587f8348
2026-09-08,T,LIVE_SHADOW,-0.0003624495635180052,0.003482337243873207,0.0,33.19962600944396,0.25535233329573725,0.2360690082304757,0.3031361032646564,0.09974565141525077,0.0690977776182224,0.036599126175657345,0.3825136612021858,0.2185792349726776,0.366120218579235,0.3551912568306011,0.48633879781420764,0.3770491803278688,-0.012033189956083976,0.0,False,0.014144721186144994,46bbbf853561e26625ee3ecbccb6037051556f2f3ca26dcb4e311c165c08d8e9,True,False,NO_ENTRY,ff09f2498192fa0e822678145ada64be74df6e2633d7af4161aea664587f8348
2026-09-08,TEAM,LIVE_SHADOW,-0.00036013583379219613,0.0035529792721661546,0.258905852954439,31.325176959103786,0.258905852954439,0.2037431445157815,0.3648984770932052,0.06630745954808201,0.07599816264753985,0.030146903240952264,0.8415300546448088,0.02185792349726776,0.01639344262295082,0.3333333333333333,0.7103825136612022,0.7377049180327869,-0.011281318722854932,0.0,False,0.0013008838146219795,46bbbf853561e26625ee3ecbccb6037051556f2f3ca26dcb4e311c165c08d8e9,True,False,NO_ENTRY,ff09f2498192fa0e822678145ada64be74df6e2633d7af4161aea664587f8348
2026-09-08,TGT,LIVE_SHADOW,5.476007207826049e-05,0.0028060738645315714,0.8043628117155093,44.384239021604635,0.15097725402587936,0.215607383533715,0.332054109269354,0.12043774953186441,0.136263569380576,0.04465993425861123,0.5245901639344263,0.8633879781420765,0.7814207650273224,0.8524590163934426,0.907103825136612,0.825136612021858,0.002430484127961812,0.01002255760204851,True,0.008247375481076161,46bbbf853561e26625ee3ecbccb6037051556f2f3ca26dcb4e311c165c08d8e9,True,False,ELIGIBLE_ENTRY,ff09f2498192fa0e822678145ada64be74df6e2633d7af4161aea664587f8348
2026-09-08,TJX,LIVE_SHADOW,-0.0004119210598770153,0.003731432500153279,0.0,33.52388616666225,0.293870973153634,0.11163317598537957,0.40366160633015746,0.062250412136956514,0.10055441725027367,0.02802941514359882,0.2786885245901639,0.5300546448087432,0.18032786885245902,0.5245901639344263,0.3224043715846995,0.43169398907103823,-0.013809194720967926,0.0,False,0.021407714281511846,46bbbf853561e26625ee3ecbccb6037051556f2f3ca26dcb4e311c165c08d8e9,True,False,NO_ENTRY,ff09f2498192fa0e822678145ada64be74df6e2633d7af4161aea664587f8348
2026-09-08,TM,LIVE_SHADOW,-0.000540642084625109,0.0035708440555007755,0.0,32.28966618224677,0.2850518644872495,0.16845305696842525,0.32394231321107414,0.10442488378324835,0.1010052208461425,0.017122660703860253,0.0273224043715847,0.08196721311475409,0.0273224043715847,0.02185792349726776,0.07103825136612021,0.4426229508196721,-0.01745715243661878,0.0,False,0.02057571074356577,46bbbf853561e26625ee3ecbccb6037051556f2f3ca26dcb4e311c165c08d8e9,True,False,NO_ENTRY,ff09f2498192fa0e822678145ada64be74df6e2633d7af4161aea664587f8348
2026-09-08,TMO,LIVE_SHADOW,-0.00038288374245327116,0.0036273354931686238,0.0,39.2035716781909,0.3098556193415033,0.16907858127422662,0.24576587039322026,0.11265953496815043,0.12649061387108299,0.03614978015181637,0.15300546448087432,0.24043715846994534,0.3333333333333333,0.15300546448087432,0.10382513661202186,0.2568306010928962,-0.015010410241680799,0.0,False,0.011305818268106296,46bbbf853561e26625ee3ecbccb6037051556f2f3ca26dcb4e311c165c08d8e9,True,False,NO_ENTRY,ff09f2498192fa0e822678145ada64be74df6e2633d7af4161aea664587f8348
2026-09-08,TMUS,LIVE_SHADOW,-0.0004929873314071647,0.00317897811761745,0.0,36.12235885150661,0.20376520987737828,0.20470408287404313,0.36670400617418913,0.08579612859334042,0.10955348584037332,0.029477086640675727,0.3005464480874317,0.04371584699453552,0.03825136612021858,0.22950819672131148,0.1092896174863388,0.2896174863387978,-0.017807865294336218,0.0,False,0.006991618362000646,46bbbf853561e26625ee3ecbccb6037051556f2f3ca26dcb4e311c165c08d8e9,True,False,NO_ENTRY,ff09f2498192fa0e822678145ada64be74df6e2633d7af4161aea664587f8348
2026-09-08,TSLA,LIVE_SHADOW,-0.0003044284487120811,0.0035516962595014785,0.0,39.034061851307726,0.2729920219787582,0.2563501077854155,0.23296193360126186,0.07017027762659277,0.12106303587931717,0.04646262312865444,0.6229508196721312,0.20218579234972678,0.5300546448087432,0.48633879781420764,0.6885245901639344,0.6994535519125683,-0.011883078896325035,0.0,False,0.0031454065050572832,46bbbf853561e26625ee3ecbccb6037051556f2f3ca26dcb4e311c165c08d8e9,True,False,NO_ENTRY,ff09f2498192fa0e822678145ada64be74df6e2633d7af4161aea664587f8348
2026-09-08,TSM,LIVE_SHADOW,-0.0002874962298249325,0.004042005938562362,0.0,41.39142203250971,0.36653523141005173,0.13141636558233252,0.23360999589829579,0.0858132076566028,0.13331788196826275,0.049307317484454424,0.7103825136612022,0.5081967213114754,0.5081967213114754,0.453551912568306,0.30601092896174864,0.6885245901639344,-0.011899877781439186,0.0,False,0.004749443492845386,46bbbf853561e26625ee3ecbccb6037051556f2f3ca26dcb4e311c165c08d8e9,True,False,NO_ENTRY,ff09f2498192fa0e822678145ada64be74df6e2633d7af4161aea664587f8348
2026-09-08,TTWO,LIVE_SHADOW,0.000357600138181561,0.002899629747214927,0.8029430007907566,40.87051669812268,0.16060669943697273,0.20974502130186376,0.3529642464007654,0.11837959088806056,0.12185414220006681,0.036450299772270704,0.6010928961748634,0.9672131147540983,0.9289617486338798,0.9617486338797814,0.9562841530054644,0.8142076502732241,0.014615302418800465,0.05459259889262416,True,0.007470608178780988,46bbbf853561e26625ee3ecbccb6037051556f2f3ca26dcb4e311c165c08d8e9,True,False,ELIGIBLE_ENTRY,ff09f2498192fa0e822678145ada64be74df6e2633d7af4161aea664587f8348
2026-09-08,TXN,LIVE_SHADOW,-0.00019601712560669835,0.0039892347180054384,0.0,35.00932044554443,0.34471062696055454,0.14876656055398282,0.30395550846871794,0.07758670484265354,0.07902516474698985,0.04595543442710111,0.7377049180327869,0.5792349726775956,0.6284153005464481,0.5519125683060109,0.546448087431694,0.7103825136612022,-0.006862426363179436,0.0,False,0.005692024978927778,46bbbf853561e26625ee3ecbccb6037051556f2f3ca26dcb4e311c165c08d8e9,True,False,NO_ENTRY,ff09f2498192fa0e822678145ada64be74df6e2633d7af4161aea664587f8348
2026-09-08,UBER,LIVE_SHADOW,-0.0002679281378643577,0.003222843725073382,0.0,40.3541979733401,0.2317841819471908,0.21089976397728427,0.30243045097202725,0.09497519003078769,0.11332019008923824,0.046590222983471846,0.5081967213114754,0.3825136612021858,0.453551912568306,0.45901639344262296,0.41530054644808745,0.3825136612021858,-0.01081202511800665,0.0,False,0.005527544258790697,46bbbf853561e26625ee3ecbccb6037051556f2f3ca26dcb4e311c165c08d8e9,True,False,NO_ENTRY,ff09f2498192fa0e822678145ada64be74df6e2633d7af4161aea664587f8348
2026-09-08,UL,LIVE_SHADOW,-0.0005364945777886633,0.003478330828108094,0.0,36.709704588883675,0.27387097258814563,0.17638871933612035,0.31587264259822834,0.09660909621919123,0.09944466322446616,0.037813906033848266,0.01639344262295082,0.01092896174863388,0.00546448087431694,0.03825136612021858,0.04371584699453552,0.03278688524590164,-0.0196945574641597,0.0,False,0.014587706383925873,46bbbf853561e26625ee3ecbccb6037051556f2f3ca26dcb4e311c165c08d8e9,True,False,NO_ENTRY,ff09f2498192fa0e822678145ada64be74df6e2633d7af4161aea664587f8348
2026-09-08,UNH,LIVE_SHADOW,-0.0003302270624078926,0.004101325482839373,0.0,37.230556833079305,0.3700841080208423,0.12311924359300083,0.25920376032593384,0.0855103792877265,0.1288677751318658,0.033214733640630635,0.18032786885245902,0.546448087431694,0.3989071038251366,0.3879781420765027,0.22404371584699453,0.3879781420765027,-0.012294537414797873,0.0,False,0.01990959055077141,46bbbf853561e26625ee3ecbccb6037051556f2f3ca26dcb4e311c165c08d8e9,True,False,NO_ENTRY,ff09f2498192fa0e822678145ada64be74df6e2633d7af4161aea664587f8348
2026-09-08,UNP,LIVE_SHADOW,-0.00043622714906712894,0.0031376595038293503,0.0,46.082280060914115,0.24849131146432143,0.14065205576831283,0.2888669063870925,0.136946214169696,0.13024070537181584,0.05480280683876136,0.273224043715847,0.32786885245901637,0.26229508196721313,0.0273224043715847,0.08743169398907104,0.00546448087431694,-0.020102341653485567,0.0,False,0.016770915644612437,46bbbf853561e26625ee3ecbccb6037051556f2f3ca26dcb4e311c165c08d8e9,True,False,NO_ENTRY,ff09f2498192fa0e822678145ada64be74df6e2633d7af4161aea664587f8348
2026-09-08,UPS,LIVE_SHADOW,9.957604794679108e-05,0.0034237538370643803,0.6372740077056036,32.514013002425024,0.25146563794105614,0.19315606271867308,0.34623981817802973,0.09787812680890079,0.08719673548184387,0.024063618871496446,0.20765027322404372,0.9016393442622951,0.907103825136612,0.8306010928961749,0.7486338797814208,0.6174863387978142,0.003237616917672063,0.024417815228001055,True,0.015083819889079498,46bbbf853561e26625ee3ecbccb6037051556f2f3ca26dcb4e311c165c08d8e9,True,False,ELIGIBLE_ENTRY,ff09f2498192fa0e822678145ada64be74df6e2633d7af4161aea664587f8348
2026-09-08,USB,LIVE_SHADOW,-0.00018437818216412484,0.003583305624980555,0.0,35.879355583324966,0.29141014718893904,0.17893737909929847,0.29518932097321543,0.09967430136962764,0.10013715144107865,0.034651699927840784,0.19672131147540983,0.7814207650273224,0.7431693989071039,0.7704918032786885,0.7540983606557377,0.7158469945355191,-0.0066153703596737,0.0,False,0.02668618765940643,46bbbf853561e26625ee3ecbccb6037051556f2f3ca26dcb4e311c165c08d8e9,True,False,NO_ENTRY,ff09f2498192fa0e822678145ada64be74df6e2633d7af4161aea664587f8348
2026-09-08,V,LIVE_SHADOW,-0.0004872599834975491,0.0033451522340118152,0.0,39.648456036731496,0.26087282799870654,0.16239568320694484,0.31722346043314936,0.10232179329590603,0.11647403771365697,0.04071219735163622,0.12568306010928962,0.14207650273224043,0.08196721311475409,0.07650273224043716,0.01092896174863388,0.060109289617486336,-0.01931910603416109,0.0,False,0.02363111023723516,46bbbf853561e26625ee3ecbccb6037051556f2f3ca26dcb4e311c165c08d8e9,True,False,NO_ENTRY,ff09f2498192fa0e822678145ada64be74df6e2633d7af4161aea664587f8348
2026-09-08,VALE,LIVE_SHADOW,-0.0002803786607433472,0.003551230949407188,0.0,34.938045018857544,0.28072779991011515,0.2167279034693216,0.27045652071028187,0.10065631267590261,0.1000159918576476,0.03141547137673113,0.644808743169399,0.726775956284153,0.41530054644808745,0.36065573770491804,0.3770491803278688,0.4371584699453552,-0.00979588227137805,0.0,False,0.012531708619031141,46bbbf853561e26625ee3ecbccb6037051556f2f3ca26dcb4e311c165c08d8e9,True,False,NO_ENTRY,ff09f2498192fa0e822678145ada64be74df6e2633d7af4161aea664587f8348
2026-09-08,VIST,LIVE_SHADOW,0.0005788925288455279,0.0033960489505432474,0.9999999999999998,37.336015521010324,0.2600107994908874,0.17960197462906974,0.32402259309932885,0.0960583126616971,0.10122122359405643,0.03908509652496041,0.9289617486338798,0.9836065573770492,0.994535519125683,0.9398907103825137,0.9508196721311475,0.9726775956284153,0.02161354044197355,0.06508327646167925,True,0.006022453992339669,46bbbf853561e26625ee3ecbccb6037051556f2f3ca26dcb4e311c165c08d8e9,True,False,ELIGIBLE_ENTRY,ff09f2498192fa0e822678145ada64be74df6e2633d7af4161aea664587f8348
2026-09-08,VLO,LIVE_SHADOW,-4.936750700577522e-05,0.0033117887352436003,0.4730266744266703,38.33779797127876,0.2482629285852236,0.13324652482723148,0.3662085184343237,0.10681815599234658,0.11080407145975273,0.03465980070112194,0.726775956284153,0.6502732240437158,0.8688524590163934,0.8142076502732241,0.8142076502732241,0.7213114754098361,-0.001892641509933099,0.0,False,0.0083873516181562,46bbbf853561e26625ee3ecbccb6037051556f2f3ca26dcb4e311c165c08d8e9,True,False,NO_ENTRY,ff09f2498192fa0e822678145ada64be74df6e2633d7af4161aea664587f8348
2026-09-08,VRTX,LIVE_SHADOW,-0.00038588079595095566,0.0034072193578422545,0.0,37.72723974906123,0.26044834696619673,0.17638503847847434,0.3311134693565356,0.09019974598162825,0.09939517514627634,0.04245822407088864,0.2896174863387978,0.26229508196721313,0.23497267759562843,0.3114754098360656,0.28415300546448086,0.2185792349726776,-0.01455821730340028,0.0,False,0.011502037249159588,46bbbf853561e26625ee3ecbccb6037051556f2f3ca26dcb4e311c165c08d8e9,True,False,NO_ENTRY,ff09f2498192fa0e822678145ada64be74df6e2633d7af4161aea664587f8348
2026-09-08,VZ,LIVE_SHADOW,-0.00043306374504150855,0.0030160835986576657,0.0,44.11073290165009,0.21187106946869738,0.1969768307144645,0.2924266298593978,0.12174712098895524,0.12629011022289047,0.05068823874559456,0.31693989071038253,0.12021857923497267,0.22404371584699453,0.06557377049180328,0.06557377049180328,0.01639344262295082,-0.019102759186914276,0.0,False,0.012478633666358346,46bbbf853561e26625ee3ecbccb6037051556f2f3ca26dcb4e311c165c08d8e9,True,False,NO_ENTRY,ff09f2498192fa0e822678145ada64be74df6e2633d7af4161aea664587f8348
2026-09-08,WFC,LIVE_SHADOW,-0.00025940929318303123,0.0041059916104548904,0.0,30.330421144156244,0.35650726950461625,0.1594843249864014,0.29920026282819584,0.07940492448212759,0.07846113761200349,0.02694208058665538,0.18579234972677597,0.644808743169399,0.6666666666666666,0.5956284153005464,0.5792349726775956,0.5519125683060109,-0.007867993110949236,0.0,False,0.024186475099542883,46bbbf853561e26625ee3ecbccb6037051556f2f3ca26dcb4e311c165c08d8e9,True,False,NO_ENTRY,ff09f2498192fa0e822678145ada64be74df6e2633d7af4161aea664587f8348
2026-09-08,WM,LIVE_SHADOW,-0.00035419937338694964,0.0036133340678628557,0.0,36.31513876640803,0.29030177036677657,0.18558869069670195,0.3074784406787098,0.07684518843216848,0.09832262415120685,0.041463285674436516,0.2677595628415301,0.2677595628415301,0.3005464480874317,0.3989071038251366,0.31693989071038253,0.26229508196721313,-0.012862799395521849,0.0,False,0.023422847865353324,46bbbf853561e26625ee3ecbccb6037051556f2f3ca26dcb4e311c165c08d8e9,True,False,NO_ENTRY,ff09f2498192fa0e822678145ada64be74df6e2633d7af4161aea664587f8348
2026-09-08,WMB,LIVE_SHADOW,-0.0003490644977614993,0.003305189531064289,0.0,44.085327410834076,0.2710127046133133,0.15598551971292343,0.2657713607895608,0.1304614273033939,0.12514006843727543,0.05162891914353322,0.3114754098360656,0.3551912568306011,0.37158469945355194,0.16939890710382513,0.21311475409836064,0.15846994535519127,-0.015388622671314054,0.0,False,0.01214550867425134,46bbbf853561e26625ee3ecbccb6037051556f2f3ca26dcb4e311c165c08d8e9,True,False,NO_ENTRY,ff09f2498192fa0e822678145ada64be74df6e2633d7af4161aea664587f8348
2026-09-08,WMT,LIVE_SHADOW,-0.0004953015757684472,0.0036838302536048484,0.0,35.04832148351887,0.29924368863382456,0.13868688918444166,0.3507602036717036,0.08400562070048402,0.09068798344669263,0.03661561436285357,0.0546448087431694,0.2459016393442623,0.03278688524590164,0.21311475409836064,0.1912568306010929,0.14754098360655737,-0.017359488858826017,0.0,False,0.01391105784187021,46bbbf853561e26625ee3ecbccb6037051556f2f3ca26dcb4e311c165c08d8e9,True,False,NO_ENTRY,ff09f2498192fa0e822678145ada64be74df6e2633d7af4161aea664587f8348
2026-09-08,XOM,LIVE_SHADOW,-0.0003282222981440291,0.0038748856590457314,0.0,41.72342035877132,0.3515206095906835,0.12728362524301165,0.20894189471256547,0.15967389873887033,0.1023973002450208,0.05018267146984824,0.2459016393442623,0.4644808743169399,0.48633879781420764,0.12021857923497267,0.36065573770491804,0.24043715846994534,-0.013694556916585294,0.0,False,0.014646827163044829,46bbbf853561e26625ee3ecbccb6037051556f2f3ca26dcb4e311c165c08d8e9,True,False,NO_ENTRY,ff09f2498192fa0e822678145ada64be74df6e2633d7af4161aea664587f8348
2026-09-08,YPF,LIVE_SHADOW,0.00024631305707223145,0.0034294314421343956,0.9999999999999999,37.965397104777736,0.2695317778922165,0.1812811354777947,0.30364703430586815,0.10395047719540544,0.09989102567984245,0.041698549448872704,0.8797814207650273,0.912568306010929,0.8743169398907104,0.9180327868852459,0.8688524590163934,0.9398907103825137,0.009351373023839048,0.037159274589996745,True,0.007947340886791323,46bbbf853561e26625ee3ecbccb6037051556f2f3ca26dcb4e311c165c08d8e9,True,False,ELIGIBLE_ENTRY,ff09f2498192fa0e822678145ada64be74df6e2633d7af4161aea664587f8348
2026-09-08,ZTS,LIVE_SHADOW,0.00021248312083261238,0.0034888935317164646,0.9070219064036485,36.21747183078924,0.2730463097752888,0.1945948359778341,0.3020789700927459,0.09839953089501625,0.09297809359635152,0.03890225966276342,0.8688524590163934,0.9398907103825137,0.8524590163934426,0.8633879781420765,0.8087431693989071,0.8743169398907104,0.007695601443273326,0.03887920905972809,True,0.010104267833078115,46bbbf853561e26625ee3ecbccb6037051556f2f3ca26dcb4e311c165c08d8e9,True,False,ELIGIBLE_ENTRY,ff09f2498192fa0e822678145ada64be74df6e2633d7af4161aea664587f8348
2026-09-09,AAPL,LIVE_SHADOW,-0.0003059945424544895,0.004243282780611759,0.0,35.28552047086971,0.3825330030298965,0.18416858423576243,0.1985772116124779,0.09375298654649931,0.1029510900353683,0.03801712453999561,0.19672131147540983,0.3333333333333333,0.5027322404371585,0.3770491803278688,0.3551912568306011,0.36065573770491804,-0.010797176691752302,0.0,False,0.011565626945868327,46bbbf853561e26625ee3ecbccb6037051556f2f3ca26dcb4e311c165c08d8e9,True,False,NO_ENTRY,ff09f2498192fa0e822678145ada64be74df6e2633d7af4161aea664587f8348
2026-09-09,ABBV,LIVE_SHADOW,-0.00047394924237148094,0.0030157386731302287,0.0,40.22271677333434,0.1739236528130778,0.21329185316008475,0.36377299737469726,0.10260538571173651,0.09928744749630146,0.04711866344410237,0.3989071038251366,0.07650273224043716,0.10382513661202186,0.18032786885245902,0.2185792349726776,0.07650273224043716,-0.01906352614084447,0.0,False,0.011433232208476833,46bbbf853561e26625ee3ecbccb6037051556f2f3ca26dcb4e311c165c08d8e9,True,False,NO_ENTRY,ff09f2498192fa0e822678145ada64be74df6e2633d7af4161aea664587f8348
2026-09-09,ABNB,LIVE_SHADOW,-0.00029142546538485906,0.0030823924894307214,0.0,43.723477205809886,0.21149577178114753,0.2361294150680459,0.26335082225749384,0.10633147140235295,0.13167208670294886,0.05102043278801099,0.5355191256830601,0.25136612021857924,0.4371584699453552,0.3551912568306011,0.2786885245901639,0.26229508196721313,-0.012742134692947424,0.0,False,0.0038759347291700236,46bbbf853561e26625ee3ecbccb6037051556f2f3ca26dcb4e311c165c08d8e9,True,False,NO_ENTRY,ff09f2498192fa0e822678145ada64be74df6e2633d7af4161aea664587f8348
2026-09-09,ACN,LIVE_SHADOW,-1.5396625016630475e-05,0.0034019806672297365,0.5455076130261424,34.22146990297681,0.25615883140471885,0.17554869710132473,0.34199497516886407,0.09696686008666418,0.10654577777061418,0.022784858467814032,0.7814207650273224,0.18032786885245902,0.8743169398907104,0.8032786885245902,0.8360655737704918,0.5846994535519126,-0.0005268951396140396,0.0,False,0.003239484362403979,46bbbf853561e26625ee3ecbccb6037051556f2f3ca26dcb4e311c165c08d8e9,True,False,NO_ENTRY,ff09f2498192fa0e822678145ada64be74df6e2633d7af4161aea664587f8348
2026-09-09,ADBE,LIVE_SHADOW,-0.0003697112924131486,0.0035383673099456405,0.0,33.56978615745129,0.2717443756169144,0.21596819457315694,0.3013099626612404,0.09159527757677643,0.08753670716907627,0.03184548240283571,0.6994535519125683,0.1912568306010929,0.3114754098360656,0.3333333333333333,0.6338797814207651,0.6229508196721312,-0.012411129026304342,0.0,False,0.005251758708086493,46bbbf853561e26625ee3ecbccb6037051556f2f3ca26dcb4e311c165c08d8e9,True,False,NO_ENTRY,ff09f2498192fa0e822678145ada64be74df6e2633d7af4161aea664587f8348
2026-09-09,ADI,LIVE_SHADOW,-0.00019164094503866072,0.0031531327034628976,0.0,35.566096893293484,0.1811378402158479,0.23097535670130717,0.3749826299594073,0.0715553469418447,0.1141077536989323,0.027241072482660597,0.4972677595628415,0.7540983606557377,0.7103825136612022,0.5245901639344263,0.6721311475409836,0.5191256830601093,-0.006815920419967338,0.0,False,0.007454431843745654,46bbbf853561e26625ee3ecbccb6037051556f2f3ca26dcb4e311c165c08d8e9,True,False,NO_ENTRY,ff09f2498192fa0e822678145ada64be74df6e2633d7af4161aea664587f8348
2026-09-09,ADSK,LIVE_SHADOW,0.00030773250908393024,0.0035467099212133724,0.8484954447892701,39.02533460564097,0.2932780058615988,0.15150455521072992,0.3000256650765427,0.1000827449298888,0.1140079868276587,0.041101042093581154,0.9617486338797814,0.825136612021858,0.8907103825136612,0.9180327868852459,0.9836065573770492,0.9562841530054644,0.012009364136033828,0.030027657549371426,True,0.005000707316263999,46bbbf853561e26625ee3ecbccb6037051556f2f3ca26dcb4e311c165c08d8e9,True,False,ELIGIBLE_ENTRY,ff09f2498192fa0e822678145ada64be74df6e2633d7af4161aea664587f8348
2026-09-09,AMAT,LIVE_SHADOW,0.0002402351717176145,0.0036936286083630344,0.8104761688907332,31.57786341675815,0.29368084538047645,0.16961622664262643,0.3471790968676303,0.08529396768125139,0.07510491408074266,0.029124949347272597,0.9289617486338798,0.8633879781420765,0.9562841530054644,0.7923497267759563,0.7103825136612022,0.726775956284153,0.007586113440400271,0.0076801066830241745,True,0.00202478034196624,46bbbf853561e26625ee3ecbccb6037051556f2f3ca26dcb4e311c165c08d8e9,True,False,ELIGIBLE_ENTRY,ff09f2498192fa0e822678145ada64be74df6e2633d7af4161aea664587f8348
2026-09-09,AMD,LIVE_SHADOW,0.0004299217916647742,0.0036634058928720838,0.9199402437207191,35.40410273803987,0.29863475181816734,0.17658828083943195,0.3088151993225332,0.08005975627928107,0.09910719811576248,0.03679481362482415,0.9781420765027322,0.9234972677595629,0.912568306010929,0.7868852459016393,0.8907103825136612,0.8852459016393442,0.015220995281421838,0.017089247797260062,True,0.002245483620656336,46bbbf853561e26625ee3ecbccb6037051556f2f3ca26dcb4e311c165c08d8e9,True,False,ELIGIBLE_ENTRY,ff09f2498192fa0e822678145ada64be74df6e2633d7af4161aea664587f8348
2026-09-09,AMGN,LIVE_SHADOW,-0.00036725046239057094,0.003533769406316604,0.0,30.145716204890135,0.24801188794981643,0.2314508554309205,0.35528075414753374,0.06391639868120746,0.07490270415305175,0.02643739963747029,0.39344262295081966,0.22950819672131148,0.3005464480874317,0.5027322404371585,0.5355191256830601,0.4808743169398907,-0.011071028215340829,0.0,False,0.012298242855016999,46bbbf853561e26625ee3ecbccb6037051556f2f3ca26dcb4e311c165c08d8e9,True,False,NO_ENTRY,ff09f2498192fa0e822678145ada64be74df6e2633d7af4161aea664587f8348
2026-09-09,AMZN,LIVE_SHADOW,-0.00019483008600286176,0.0029536849438504594,0.0,39.680194218161155,0.1896991653067852,0.1733328998559735,0.3501866498523975,0.12684153430221995,0.13576267298587041,0.02417707769675356,0.5300546448087432,0.6502732240437158,0.7049180327868853,0.7650273224043715,0.7814207650273224,0.4972677595628415,-0.007730895652134596,0.0,False,0.005130733142313198,46bbbf853561e26625ee3ecbccb6037051556f2f3ca26dcb4e311c165c08d8e9,True,False,NO_ENTRY,ff09f2498192fa0e822678145ada64be74df6e2633d7af4161aea664587f8348
2026-09-09,ANET,LIVE_SHADOW,-0.00013384202885967353,0.0035732839289294134,0.0,33.25725998837649,0.2828657413575625,0.18279513846690554,0.3179732921738356,0.10730582379105245,0.07777239723562504,0.03128760697501888,0.7540983606557377,0.7595628415300546,0.7486338797814208,0.7759562841530054,0.3825136612021858,0.644808743169399,-0.004451219151157952,0.0,False,0.0038004224879597745,46bbbf853561e26625ee3ecbccb6037051556f2f3ca26dcb4e311c165c08d8e9,True,False,NO_ENTRY,ff09f2498192fa0e822678145ada64be74df6e2633d7af4161aea664587f8348
2026-09-09,APD,LIVE_SHADOW,-0.00028446035432712124,0.0045800104806717175,0.0,36.67695912687632,0.4280606064904258,0.11275413391842125,0.22210409998797648,0.07105937119958408,0.129803183289393,0.03621860511419938,0.1366120218579235,0.4972677595628415,0.5300546448087432,0.5300546448087432,0.7431693989071039,0.3825136612021858,-0.01043314078887258,0.0,False,0.014723889055086103,46bbbf853561e26625ee3ecbccb6037051556f2f3ca26dcb4e311c165c08d8e9,True,False,NO_ENTRY,ff09f2498192fa0e822678145ada64be74df6e2633d7af4161aea664587f8348
2026-09-09,ARM,LIVE_SHADOW,3.0455969533543475e-05,0.00400614978142154,0.711791216689247,33.45735741834709,0.34058975933759433,0.15436282281966918,0.3259007242560073,0.06307556817817368,0.07077039231291007,0.045300733095645425,0.907103825136612,0.7158469945355191,0.8032786885245902,0.5846994535519126,0.6120218579234973,0.8688524590163934,0.0010189762582060535,0.0009506029382067355,False,0.0018657999743395559,46bbbf853561e26625ee3ecbccb6037051556f2f3ca26dcb4e311c165c08d8e9,True,False,NO_ENTRY,ff09f2498192fa0e822678145ada64be74df6e2633d7af4161aea664587f8348
2026-09-09,ASML,LIVE_SHADOW,-6.875785872199697e-05,0.004596098278115593,0.4191496146766998,29.416849327524666,0.4191496146766998,0.17133747212015826,0.23267536630482483,0.06805168346181459,0.07987060141563984,0.02891526202086283,0.9016393442622951,0.6666666666666666,0.5683060109289617,0.45901639344262296,0.4207650273224044,0.5683060109289617,-0.0020226395701082125,0.0,False,0.005591455021935677,46bbbf853561e26625ee3ecbccb6037051556f2f3ca26dcb4e311c165c08d8e9,True,False,NO_ENTRY,ff09f2498192fa0e822678145ada64be74df6e2633d7af4161aea664587f8348
2026-09-09,AVGO,LIVE_SHADOW,-0.00018356246277900632,0.00392090586435226,0.0,33.38480308623791,0.33625391094490126,0.195472588025292,0.24737383044416847,0.1087076532728403,0.07570845846074542,0.03648355885205257,0.7923497267759563,0.7431693989071039,0.3989071038251366,0.73224043715847,0.5737704918032787,0.3333333333333333,-0.006128196673902002,0.0,False,0.006391431905728367,46bbbf853561e26625ee3ecbccb6037051556f2f3ca26dcb4e311c165c08d8e9,True,False,NO_ENTRY,ff09f2498192fa0e822678145ada64be74df6e2633d7af4161aea664587f8348
2026-09-09,AXP,LIVE_SHADOW,-0.000266696551957533,0.004136790161678171,0.0,38.86316029020812,0.3767918552151188,0.13382301953164408,0.2301203659870381,0.09599088019950876,0.1201962639219783,0.04307761514471192,0.14754098360655737,0.5846994535519126,0.5737704918032787,0.6721311475409836,0.7595628415300546,0.7377049180327869,-0.010364670847571422,0.0,False,0.01793605808526446,46bbbf853561e26625ee3ecbccb6037051556f2f3ca26dcb4e311c165c08d8e9,True,False,NO_ENTRY,ff09f2498192fa0e822678145ada64be74df6e2633d7af4161aea664587f8348
2026-09-09,AZN,LIVE_SHADOW,-0.00047452825336575984,0.0028983238285073846,0.0,41.88251014834054,0.15204134070935296,0.203993557703361,0.37449061698130653,0.11317036750294424,0.1105023032727843,0.045801813830251066,0.43169398907103823,0.08196721311475409,0.060109289617486336,0.09836065573770492,0.1366120218579235,0.07103825136612021,-0.01987443438726575,0.0,False,0.00848596953098607,46bbbf853561e26625ee3ecbccb6037051556f2f3ca26dcb4e311c165c08d8e9,True,False,NO_ENTRY,ff09f2498192fa0e822678145ada64be74df6e2633d7af4161aea664587f8348
2026-09-09,AZO,LIVE_SHADOW,6.752503198428793e-06,0.0034442678685963598,0.5729088751361602,31.287552912653034,0.24198189952180968,0.209783344200198,0.36312553093596217,0.06709569898391873,0.09884735777997264,0.019166168578138573,0.7103825136612022,0.8743169398907104,0.8579234972677595,0.6010928961748634,0.7486338797814208,0.5081967213114754,0.0002112693011136997,0.0014708584673667386,False,0.01392401508040357,46bbbf853561e26625ee3ecbccb6037051556f2f3ca26dcb4e311c165c08d8e9,True,False,NO_ENTRY,ff09f2498192fa0e822678145ada64be74df6e2633d7af4161aea664587f8348
2026-09-09,BA,LIVE_SHADOW,-0.00024381402644019904,0.0035788495534530983,0.0,40.55633775471854,0.2978919541174959,0.14548448417848836,0.30301586964059346,0.1054687893566161,0.09172284162104405,0.05641606108576214,0.3333333333333333,0.43169398907103823,0.6229508196721312,0.6557377049180327,0.4098360655737705,0.8087431693989071,-0.009888204005646588,0.0,False,0.008940408612444432,46bbbf853561e26625ee3ecbccb6037051556f2f3ca26dcb4e311c165c08d8e9,True,False,NO_ENTRY,ff09f2498192fa0e822678145ada64be74df6e2633d7af4161aea664587f8348
2026-09-09,BABA,LIVE_SHADOW,-0.0004988081345736737,0.0029400397048938687,0.0,40.42344392483631,0.15606596961098845,0.2084736647126112,0.37611043849941556,0.10885054014049304,0.10924779759059473,0.04125158944589681,0.6010928961748634,0.01639344262295082,0.00546448087431694,0.07650273224043716,0.09836065573770492,0.09289617486338798,-0.020163542657191103,0.0,False,0.005012722380337809,46bbbf853561e26625ee3ecbccb6037051556f2f3ca26dcb4e311c165c08d8e9,True,False,NO_ENTRY,ff09f2498192fa0e822678145ada64be74df6e2633d7af4161aea664587f8348
2026-09-09,BAC,LIVE_SHADOW,-0.00031512777173567277,0.004859553634438536,0.0,28.65400131003538,0.4536615649201078,0.1323638555411538,0.23111127528752112,0.07795600340547462,0.08086492873623308,0.024042372109509647,0.07650273224043716,0.4426229508196721,0.44808743169398907,0.43169398907103823,0.5683060109289617,0.5027322404371585,-0.009029671584142498,0.0,False,0.04430263726310526,46bbbf853561e26625ee3ecbccb6037051556f2f3ca26dcb4e311c165c08d8e9,True,False,NO_ENTRY,ff09f2498192fa0e822678145ada64be74df6e2633d7af4161aea664587f8348
2026-09-09,BBD,LIVE_SHADOW,-0.0004440971255817898,0.0031959561722287857,0.0,40.820808472875235,0.23130571097065136,0.12032386233820765,0.3780912159776809,0.11082740009215249,0.12069911596221482,0.038752694659092694,0.25136612021857924,0.3442622950819672,0.03278688524590164,0.09289617486338798,0.060109289617486336,0.15846994535519127,-0.018128403706728663,0.0,False,0.01167634324583747,46bbbf853561e26625ee3ecbccb6037051556f2f3ca26dcb4e311c165c08d8e9,True,False,NO_ENTRY,ff09f2498192fa0e822678145ada64be74df6e2633d7af4161aea664587f8348
2026-09-09,BHP,LIVE_SHADOW,-0.0003142594488747547,0.0034361319967829256,0.0,38.097124649916566,0.27755892379523567,0.1368840159690251,0.32057691901511026,0.11574547139931052,0.11835540596956769,0.0308792638517507,0.41530054644808745,0.4918032786885246,0.4098360655737705,0.366120218579235,0.37158469945355194,0.5136612021857924,-0.011972381396195612,0.0,False,0.00964760934904267,46bbbf853561e26625ee3ecbccb6037051556f2f3ca26dcb4e311c165c08d8e9,True,False,NO_ENTRY,ff09f2498192fa0e822678145ada64be74df6e2633d7af4161aea664587f8348
2026-09-09,BIDU,LIVE_SHADOW,-0.0002911939389404862,0.003824383502450024,0.0,44.83490826091905,0.3398467106971889,0.16556268808325383,0.20678258620326437,0.07315823667135621,0.16012759273234972,0.05452218561258705,0.73224043715847,0.6174863387978142,0.4918032786885246,0.5355191256830601,0.14754098360655737,0.20218579234972678,-0.013055653538532363,0.0,False,0.004223209076394523,46bbbf853561e26625ee3ecbccb6037051556f2f3ca26dcb4e311c165c08d8e9,True,False,NO_ENTRY,ff09f2498192fa0e822678145ada64be74df6e2633d7af4161aea664587f8348
2026-09-09,BKNG,LIVE_SHADOW,-0.00037006687660782485,0.003613981701399469,0.0,30.628232065376874,0.27441485332030385,0.17789445904705395,0.3687537527578866,0.08296973030962056,0.0686347061806378,0.027332498384497292,0.639344262295082,0.3551912568306011,0.2896174863387978,0.4262295081967213,0.5081967213114754,0.5245901639344263,-0.011334494176453649,0.0,False,0.006709140988748108,46bbbf853561e26625ee3ecbccb6037051556f2f3ca26dcb4e311c165c08d8e9,True,False,NO_ENTRY,ff09f2498192fa0e822678145ada64be74df6e2633d7af4161aea664587f8348
2026-09-09,BLK,LIVE_SHADOW,-0.00040088492018533034,0.004434545288942784,0.0,37.04702726220645,0.4094953074098998,0.16847782054211238,0.17047985711222724,0.08756339227747185,0.12630682628064982,0.03767679637763884,0.060109289617486336,0.30601092896174864,0.4972677595628415,0.3442622950819672,0.18579234972677597,0.3005464480874317,-0.014851594567113388,0.0,False,0.013734285315071884,46bbbf853561e26625ee3ecbccb6037051556f2f3ca26dcb4e311c165c08d8e9,True,False,NO_ENTRY,ff09f2498192fa0e822678145ada64be74df6e2633d7af4161aea664587f8348
2026-09-09,BMY,LIVE_SHADOW,-0.0003538129361076412,0.003322840166467438,0.0,45.08197541414073,0.2725049521295577,0.10938846575067887,0.3096835893815758,0.135946030971785,0.11506865162943877,0.057408310136963805,0.33879781420765026,0.5081967213114754,0.33879781420765026,0.18579234972677597,0.2896174863387978,0.1366120218579235,-0.015950586086809625,0.0,False,0.010819239231934246,46bbbf853561e26625ee3ecbccb6037051556f2f3ca26dcb4e311c165c08d8e9,True,False,NO_ENTRY,ff09f2498192fa0e822678145ada64be74df6e2633d7af4161aea664587f8348
2026-09-09,BNY,LIVE_SHADOW,-0.00039688135978639124,0.0045646811521711265,0.0,33.88346545387945,0.41997440019721394,0.15511486327113047,0.22443726753667428,0.0753228590241862,0.07813352867153779,0.04701708129925749,0.03825136612021858,0.6612021857923497,0.41530054644808745,0.3989071038251366,0.3989071038251366,0.18579234972677597,-0.01344771584361089,0.0,False,0.024272103913426914,46bbbf853561e26625ee3ecbccb6037051556f2f3ca26dcb4e311c165c08d8e9,True,False,NO_ENTRY,ff09f2498192fa0e822678145ada64be74df6e2633d7af4161aea664587f8348
2026-09-09,BP,LIVE_SHADOW,-0.0003600384876307577,0.0028985956214948303,0.0,49.50934303491083,0.21800120876423063,0.1525878568050296,0.2751620228292452,0.13565470286610923,0.165415187930524,0.05317902080486126,0.5956284153005464,0.37158469945355194,0.366120218579235,0.15846994535519127,0.0546448087431694,0.15300546448087432,-0.017825268989881682,0.0,False,0.007721206140903704,46bbbf853561e26625ee3ecbccb6037051556f2f3ca26dcb4e311c165c08d8e9,True,False,NO_ENTRY,ff09f2498192fa0e822678145ada64be74df6e2633d7af4161aea664587f8348
2026-09-09,BRK-B,LIVE_SHADOW,-0.00012858788726808834,0.003529913248854818,0.4302944055055936,36.25259655541548,0.2828418060878419,0.1645863890690966,0.31822443859180366,0.11206996691378993,0.08113687716227354,0.04114052217519448,0.20218579234972678,0.7486338797814208,0.7923497267759563,0.8469945355191257,0.6666666666666666,0.8142076502732241,-0.004661644799043253,0.0,False,0.05090978526981002,46bbbf853561e26625ee3ecbccb6037051556f2f3ca26dcb4e311c165c08d8e9,True,False,NO_ENTRY,ff09f2498192fa0e822678145ada64be74df6e2633d7af4161aea664587f8348
2026-09-09,BSX,LIVE_SHADOW,-0.0001714356089351387,0.00330864542578864,0.38514851365872516,37.010389338621266,0.24463290566798102,0.1148265920116901,0.38514851365872516,0.11967735409698708,0.10942985256903538,0.026284781995581288,0.6612021857923497,0.5519125683060109,0.819672131147541,0.19672131147540983,0.7377049180327869,0.5628415300546448,-0.006344898633193102,0.0,False,0.0084938231256222,46bbbf853561e26625ee3ecbccb6037051556f2f3ca26dcb4e311c165c08d8e9,True,False,NO_ENTRY,ff09f2498192fa0e822678145ada64be74df6e2633d7af4161aea664587f8348
2026-09-09,C,LIVE_SHADOW,-0.0002565001741148695,0.003770349719326877,0.0,40.366680605753146,0.3299191715747761,0.1668986902834405,0.22713211093642174,0.1282990385246774,0.09413436236891393,0.05361662631177029,0.2786885245901639,0.6229508196721312,0.4644808743169399,0.7540983606557377,0.6065573770491803,0.20765027322404372,-0.010354060603815008,0.0,False,0.013394568814382982,46bbbf853561e26625ee3ecbccb6037051556f2f3ca26dcb4e311c165c08d8e9,True,False,NO_ENTRY,ff09f2498192fa0e822678145ada64be74df6e2633d7af4161aea664587f8348
2026-09-09,CAAP,LIVE_SHADOW,0.0002578519996820742,0.003032496644415396,0.8142156767695959,38.78753710082151,0.18578432323040395,0.2063293691380469,0.3523660812680431,0.11642370076971191,0.10067989642341424,0.0384166291703799,0.6502732240437158,0.9453551912568307,0.9180327868852459,0.9398907103825137,0.825136612021858,0.8360655737704918,0.010001444004189468,0.05173111497611684,True,0.010344729211991265,46bbbf853561e26625ee3ecbccb6037051556f2f3ca26dcb4e311c165c08d8e9,True,False,ELIGIBLE_ENTRY,ff09f2498192fa0e822678145ada64be74df6e2633d7af4161aea664587f8348
2026-09-09,CAT,LIVE_SHADOW,5.773597677463471e-05,0.0036215228832907668,0.8096072415056876,31.6989939999498,0.28088335520344065,0.19375559019525265,0.3349682961069943,0.08296128237559909,0.07873298124705705,0.028698494871656315,0.8032786885245902,0.8469945355191257,0.8306010928961749,0.6994535519125683,0.6612021857923497,0.6502732240437158,0.0018301723813603865,0.006333461132120686,False,0.006921163488887268,46bbbf853561e26625ee3ecbccb6037051556f2f3ca26dcb4e311c165c08d8e9,True,False,NO_ENTRY,ff09f2498192fa0e822678145ada64be74df6e2633d7af4161aea664587f8348
2026-09-09,CDNS,LIVE_SHADOW,-0.00014460483057106123,0.003939451182766765,0.0,30.38426090301634,0.3247449418264827,0.20338194579171576,0.30519470812625915,0.07000262786819353,0.060148717789863096,0.03652705859748572,0.7868852459016393,0.7759562841530054,0.6939890710382514,0.5683060109289617,0.48633879781420764,0.3224043715846995,-0.0043937108999075975,0.0,False,0.009019297670208393,46bbbf853561e26625ee3ecbccb6037051556f2f3ca26dcb4e311c165c08d8e9,True,False,NO_ENTRY,ff09f2498192fa0e822678145ada64be74df6e2633d7af4161aea664587f8348
2026-09-09,CEPU,LIVE_SHADOW,0.0004025992692104713,0.003447391881757956,1.0,36.130969475729,0.2671397953232621,0.18048088689982708,0.3208286811278064,0.10185697879217856,0.09257827651452823,0.03711538134239761,0.9234972677595629,0.9617486338797814,0.9617486338797814,0.9562841530054644,0.8688524590163934,0.912568306010929,0.014546301906794342,0.057045818469662966,True,0.007843343117059571,46bbbf853561e26625ee3ecbccb6037051556f2f3ca26dcb4e311c165c08d8e9,True,False,ELIGIBLE_ENTRY,ff09f2498192fa0e822678145ada64be74df6e2633d7af4161aea664587f8348
2026-09-09,CHTR,LIVE_SHADOW,-0.0002550126327517746,0.003371288491506141,0.16174810075413706,39.37295852966034,0.25437046903562494,0.20575270009748364,0.3013433999985215,0.0767853301142327,0.11629492434363299,0.045453176410504066,0.7650273224043715,0.09836065573770492,0.21311475409836064,0.6775956284153005,0.8743169398907104,0.9016393442622951,-0.010040601813875122,0.0,False,0.0030517621471459473,46bbbf853561e26625ee3ecbccb6037051556f2f3ca26dcb4e311c165c08d8e9,True,False,NO_ENTRY,ff09f2498192fa0e822678145ada64be74df6e2633d7af4161aea664587f8348
2026-09-09,CL,LIVE_SHADOW,-0.00027252709154941025,0.004325316186435165,0.0,30.848395688691646,0.3885831073352928,0.16651114009495344,0.24618404761850468,0.10328124629015056,0.060084716373562844,0.03535574228753563,0.12021857923497267,0.6721311475409836,0.6010928961748634,0.7103825136612022,0.4918032786885246,0.3442622950819672,-0.0084070235560045,0.0,False,0.02856882584889938,46bbbf853561e26625ee3ecbccb6037051556f2f3ca26dcb4e311c165c08d8e9,True,False,NO_ENTRY,ff09f2498192fa0e822678145ada64be74df6e2633d7af4161aea664587f8348
2026-09-09,CMCSA,LIVE_SHADOW,-0.00020905247194729861,0.003046420641880116,0.0,45.466419904951614,0.2210119158468508,0.1306784984368839,0.34549956050683234,0.11959249478051885,0.13031653957352735,0.05290099085538675,0.5409836065573771,0.5191256830601093,0.6502732240437158,0.6830601092896175,0.7049180327868853,0.7431693989071039,-0.009504867471723997,0.0,False,0.006731857413164551,46bbbf853561e26625ee3ecbccb6037051556f2f3ca26dcb4e311c165c08d8e9,True,False,NO_ENTRY,ff09f2498192fa0e822678145ada64be74df6e2633d7af4161aea664587f8348
2026-09-09,CMG,LIVE_SHADOW,-0.0002915454300622827,0.003422478410968937,0.0,36.48126729930414,0.25833189999875267,0.2199722269507467,0.2887042217428761,0.11263345752659486,0.07479144840507411,0.04556674537595557,0.5792349726775956,0.3114754098360656,0.4262295081967213,0.644808743169399,0.4972677595628415,0.6612021857923497,-0.010635946763992717,0.0,False,0.0043542196292773415,46bbbf853561e26625ee3ecbccb6037051556f2f3ca26dcb4e311c165c08d8e9,True,False,NO_ENTRY,ff09f2498192fa0e822678145ada64be74df6e2633d7af4161aea664587f8348
2026-09-09,COF,LIVE_SHADOW,-0.0003156947858381821,0.0034745556973434224,0.0,37.79017304369506,0.28163632314898307,0.1404264938390172,0.3200607797084733,0.11565494088554235,0.10759540975056071,0.03462605266742336,0.32786885245901637,0.4207650273224044,0.32786885245901637,0.726775956284153,0.6775956284153005,0.6174863387978142,-0.011930160585817156,0.0,False,0.011976125825434784,46bbbf853561e26625ee3ecbccb6037051556f2f3ca26dcb4e311c165c08d8e9,True,False,NO_ENTRY,ff09f2498192fa0e822678145ada64be74df6e2633d7af4161aea664587f8348
2026-09-09,COIN,LIVE_SHADOW,-0.00032922019168412086,0.003671992987470996,0.3216298467274877,32.22472812782326,0.2777934008622283,0.22622373243069527,0.32804342661948854,0.06544147329848969,0.058661520923838834,0.04383644586525936,0.8087431693989071,0.03825136612021858,0.16939890710382513,0.6120218579234973,0.4371584699453552,0.8743169398907104,-0.010609031171210655,0.0,False,0.002393818731849936,46bbbf853561e26625ee3ecbccb6037051556f2f3ca26dcb4e311c165c08d8e9,True,False,NO_ENTRY,ff09f2498192fa0e822678145ada64be74df6e2633d7af4161aea664587f8348
2026-09-09,COP,LIVE_SHADOW,-0.00022284397745849977,0.0030003047346763923,0.0,39.101230739923885,0.17389061621542795,0.19048707094871564,0.3813435693923807,0.12747406274418743,0.08259990711636316,0.04420477358292521,0.5027322404371585,0.6830601092896175,0.7377049180327869,0.24043715846994534,0.43169398907103823,0.29508196721311475,-0.008713473781607197,0.0,False,0.011585601301834923,46bbbf853561e26625ee3ecbccb6037051556f2f3ca26dcb4e311c165c08d8e9,True,False,NO_ENTRY,ff09f2498192fa0e822678145ada64be74df6e2633d7af4161aea664587f8348
2026-09-09,COST,LIVE_SHADOW,-0.000405962080918367,0.00304297382569504,0.0,47.41304100667725,0.22567904116795978,0.11032844127047393,0.34521271197286374,0.1240747474262466,0.13812918449877482,0.056575873663681185,0.3551912568306011,0.44808743169398907,0.2185792349726776,0.15300546448087432,0.1092896174863388,0.04918032786885246,-0.019247896789738563,0.0,False,0.020240341437069535,46bbbf853561e26625ee3ecbccb6037051556f2f3ca26dcb4e311c165c08d8e9,True,False,NO_ENTRY,ff09f2498192fa0e822678145ada64be74df6e2633d7af4161aea664587f8348
2026-09-09,CRM,LIVE_SHADOW,-0.0004755426532231112,0.0032667020817859723,0.0,32.310987331054115,0.22042741046284042,0.20229247184475602,0.3596016623082051,0.11137571059329064,0.0869465303695301,0.019356214421377763,0.726775956284153,0.06557377049180328,0.06557377049180328,0.08743169398907104,0.25136612021857924,0.546448087431694,-0.015365252643667806,0.0,False,0.003215718575225209,46bbbf853561e26625ee3ecbccb6037051556f2f3ca26dcb4e311c165c08d8e9,True,False,NO_ENTRY,ff09f2498192fa0e822678145ada64be74df6e2633d7af4161aea664587f8348
2026-09-09,CRWD,LIVE_SHADOW,0.00016827308960670084,0.004549228418308786,0.41650130060953466,34.99079088553992,0.41650130060953466,0.19177301189231602,0.17626687664456522,0.06440977552422536,0.10957368714980407,0.04147534817955467,0.9726775956284153,0.7704918032786885,0.4808743169398907,0.5573770491803278,0.7540983606557377,0.7595628415300546,0.00588800849009179,0.0,False,0.0024714961841107207,46bbbf853561e26625ee3ecbccb6037051556f2f3ca26dcb4e311c165c08d8e9,True,False,NO_ENTRY,ff09f2498192fa0e822678145ada64be74df6e2633d7af4161aea664587f8348
2026-09-09,CSCO,LIVE_SHADOW,-0.0003687549731095286,0.0032985085727613873,0.0,36.5602960513219,0.24153129440712645,0.1818137427391702,0.3381869020860197,0.10580082920449822,0.0985562726971097,0.03411095886607583,0.34972677595628415,0.7213114754098361,0.2568306010928962,0.2677595628415301,0.31693989071038253,0.34972677595628415,-0.013481790987281611,0.0,False,0.009763620417884953,46bbbf853561e26625ee3ecbccb6037051556f2f3ca26dcb4e311c165c08d8e9,True,False,NO_ENTRY,ff09f2498192fa0e822678145ada64be74df6e2633d7af4161aea664587f8348
2026-09-09,CVX,LIVE_SHADOW,-0.00022548514465269871,0.003399558373978463,0.0,39.13615279111211,0.26715197483328246,0.15161280182436399,0.32916663014598196,0.11076574362492005,0.09510098798271654,0.04620186158873502,0.36065573770491804,0.5956284153005464,0.6721311475409836,0.6939890710382514,0.6174863387978142,0.273224043715847,-0.008824621073254033,0.0,False,0.01599866594681153,46bbbf853561e26625ee3ecbccb6037051556f2f3ca26dcb4e311c165c08d8e9,True,False,NO_ENTRY,ff09f2498192fa0e822678145ada64be74df6e2633d7af4161aea664587f8348
2026-09-09,DDOG,LIVE_SHADOW,-8.692880027930438e-06,0.0038669933691243188,0.37468431803038205,37.04486338086522,0.3311368441082596,0.15888459930894283,0.2921497691782973,0.06550638770986067,0.10877492577251707,0.04354747392212245,0.8852459016393442,0.726775956284153,0.7431693989071039,0.5956284153005464,0.8032786885245902,0.8415300546448088,-0.000322026553020935,0.0,False,0.0023651439441050017,46bbbf853561e26625ee3ecbccb6037051556f2f3ca26dcb4e311c165c08d8e9,True,False,NO_ENTRY,ff09f2498192fa0e822678145ada64be74df6e2633d7af4161aea664587f8348
2026-09-09,DE,LIVE_SHADOW,-0.0004240588675201627,0.0036435986271013015,0.0,39.22721386805351,0.3052065425577464,0.08574035853899271,0.3435512961128942,0.11096919018885494,0.11839104650981273,0.03614156609169899,0.17486338797814208,0.5027322404371585,0.18032786885245902,0.17486338797814208,0.15846994535519127,0.2677595628415301,-0.016634647888857993,0.0,False,0.008550885086552973,46bbbf853561e26625ee3ecbccb6037051556f2f3ca26dcb4e311c165c08d8e9,True,False,NO_ENTRY,ff09f2498192fa0e822678145ada64be74df6e2633d7af4161aea664587f8348
2026-09-09,DEO,LIVE_SHADOW,-0.0004167338106188911,0.003645949492056993,0.0,38.13022685103036,0.30005550879334614,0.13946748758038408,0.33136491184108086,0.08342661315514445,0.0993209182548614,0.046364560375183085,0.16939890710382513,0.32786885245901637,0.18579234972677597,0.30601092896174864,0.24043715846994534,0.11475409836065574,-0.015890154735392643,0.0,False,0.01076622936235736,46bbbf853561e26625ee3ecbccb6037051556f2f3ca26dcb4e311c165c08d8e9,True,False,NO_ENTRY,ff09f2498192fa0e822678145ada64be74df6e2633d7af4161aea664587f8348
2026-09-09,DHR,LIVE_SHADOW,-0.00042681838757770006,0.0032066535832598895,0.0,34.77989474237757,0.20064763469098615,0.2325949399033385,0.3491299941365116,0.11048884761320825,0.06939505038586564,0.03774353327008989,0.4207650273224044,0.15300546448087432,0.2459016393442623,0.25136612021857924,0.44808743169398907,0.3114754098360656,-0.014844698594063723,0.0,False,0.007732573727330105,46bbbf853561e26625ee3ecbccb6037051556f2f3ca26dcb4e311c165c08d8e9,True,False,NO_ENTRY,ff09f2498192fa0e822678145ada64be74df6e2633d7af4161aea664587f8348
2026-09-09,DIS,LIVE_SHADOW,-0.0004672801538988667,0.0034467510435740424,0.0,37.84489718906049,0.2753129993814608,0.16750712835930276,0.30532042678792154,0.10976791347354967,0.10383551893218237,0.038256013065582795,0.07103825136612021,0.10382513661202186,0.08743169398907104,0.00546448087431694,0.07103825136612021,0.08196721311475409,-0.017684169382790976,0.0,False,0.014089789583744032,46bbbf853561e26625ee3ecbccb6037051556f2f3ca26dcb4e311c165c08d8e9,True,False,NO_ENTRY,ff09f2498192fa0e822678145ada64be74df6e2633d7af4161aea664587f8348
2026-09-09,DOW,LIVE_SHADOW,0.0004254430660157925,0.00330508090913792,1.0000000000000002,39.07432676305554,0.25183729218251133,0.18213617325049,0.30874117548596863,0.1067922231677796,0.10994582257793344,0.04054731333531715,0.8743169398907104,0.9562841530054644,0.9234972677595629,0.9781420765027322,0.9726775956284153,0.9617486338797814,0.016623901380577285,0.06306774093238882,True,0.007587598059992667,46bbbf853561e26625ee3ecbccb6037051556f2f3ca26dcb4e311c165c08d8e9,True,False,ELIGIBLE_ENTRY,ff09f2498192fa0e822678145ada64be74df6e2633d7af4161aea664587f8348
2026-09-09,EMR,LIVE_SHADOW,-0.0002578773157114127,0.004186465527372916,0.0,34.68962217757975,0.3724144325240875,0.13036419551402678,0.292666473808139,0.08388851800281259,0.07402015374657472,0.0466462264043593,0.2185792349726776,0.45901639344262296,0.6174863387978142,0.5792349726775956,0.5300546448087432,0.7213114754098361,-0.008945666650197356,0.0,False,0.012738951875816081,46bbbf853561e26625ee3ecbccb6037051556f2f3ca26dcb4e311c165c08d8e9,True,False,NO_ENTRY,ff09f2498192fa0e822678145ada64be74df6e2633d7af4161aea664587f8348
2026-09-09,EOG,LIVE_SHADOW,7.116982909080748e-05,0.0031143022241591992,0.5745013929547007,39.08745587356399,0.212398538326748,0.1775656339980755,0.35129591245857944,0.1085907769386087,0.11461470355751262,0.03553443472047566,0.6939890710382514,0.8306010928961749,0.8961748633879781,0.8743169398907104,0.8852459016393442,0.7759562841530054,0.002781847554116028,0.013271015504314053,True,0.009541152235087957,46bbbf853561e26625ee3ecbccb6037051556f2f3ca26dcb4e311c165c08d8e9,True,False,ELIGIBLE_ENTRY,ff09f2498192fa0e822678145ada64be74df6e2633d7af4161aea664587f8348
2026-09-09,ETN,LIVE_SHADOW,-0.0002477002343076279,0.0036115954394956404,0.0,40.21854641676684,0.2970642591555776,0.1541036127455173,0.3148600182359736,0.07018751084971799,0.11053015889014056,0.053254440123072885,0.6557377049180327,0.5792349726775956,0.6284153005464481,0.5136612021857924,0.34972677595628415,0.7650273224043715,-0.009962143370945354,0.0,False,0.004486311838933472,46bbbf853561e26625ee3ecbccb6037051556f2f3ca26dcb4e311c165c08d8e9,True,False,NO_ENTRY,ff09f2498192fa0e822678145ada64be74df6e2633d7af4161aea664587f8348
2026-09-09,FCX,LIVE_SHADOW,0.00012235953776214723,0.003787195528777628,0.8604681906720653,31.98270269799494,0.3061094542477672,0.18890247679947583,0.323725494496201,0.08618915271545655,0.05334265661247828,0.0417307651286212,0.8797814207650273,0.8579234972677595,0.8360655737704918,0.7377049180327869,0.5409836065573771,0.8579234972677595,0.0039133887185108405,0.010894382376433955,True,0.005567748649604932,46bbbf853561e26625ee3ecbccb6037051556f2f3ca26dcb4e311c165c08d8e9,True,False,ELIGIBLE_ENTRY,ff09f2498192fa0e822678145ada64be74df6e2633d7af4161aea664587f8348
2026-09-09,FDX,LIVE_SHADOW,0.00029440156332264847,0.0029547166064824368,0.7988898225056362,39.910618824468244,0.1637965929766523,0.21223736852544955,0.363016137956984,0.10884069676761403,0.11479561925558865,0.037313584517711634,0.6065573770491803,0.9726775956284153,0.9453551912568307,0.9016393442622951,0.912568306010929,0.825136612021858,0.011749748575097774,0.08383665687881786,True,0.014270374611504438,46bbbf853561e26625ee3ecbccb6037051556f2f3ca26dcb4e311c165c08d8e9,True,False,ELIGIBLE_ENTRY,ff09f2498192fa0e822678145ada64be74df6e2633d7af4161aea664587f8348
2026-09-09,FTNT,LIVE_SHADOW,-0.000261098061078534,0.003943131701218988,0.0,33.783535742450695,0.3306141307366069,0.23243038859618692,0.23058252922350203,0.08275938041700896,0.08273994019251496,0.040873630834180254,0.6885245901639344,0.73224043715847,0.5191256830601093,0.5519125683060109,0.45901639344262296,0.6338797814207651,-0.008820815678731228,0.0,False,0.006511105898845269,46bbbf853561e26625ee3ecbccb6037051556f2f3ca26dcb4e311c165c08d8e9,True,False,NO_ENTRY,ff09f2498192fa0e822678145ada64be74df6e2633d7af4161aea664587f8348
2026-09-09,GD,LIVE_SHADOW,-0.0004527143323116592,0.0032916629646514745,0.0,38.53016001445777,0.24792450537057437,0.17845313432627735,0.3199528916633936,0.10149179516531923,0.11614646298789853,0.036031210486536805,0.18579234972677597,0.11475409836065574,0.1092896174863388,0.11475409836065574,0.04918032786885246,0.16939890710382513,-0.01744315566480664,0.0,False,0.024533980634551283,46bbbf853561e26625ee3ecbccb6037051556f2f3ca26dcb4e311c165c08d8e9,True,False,NO_ENTRY,ff09f2498192fa0e822678145ada64be74df6e2633d7af4161aea664587f8348
2026-09-09,GE,LIVE_SHADOW,-0.0002772791278036766,0.003405701834681561,0.0,42.205756616148335,0.2785653137283663,0.1695031840409322,0.2708015136884277,0.08989355223495311,0.1506312662894952,0.04060517001782546,0.4098360655737705,0.4262295081967213,0.5409836065573771,0.44808743169398907,0.26229508196721313,0.3989071038251366,-0.011702775382819865,0.0,False,0.010960912074350494,46bbbf853561e26625ee3ecbccb6037051556f2f3ca26dcb4e311c165c08d8e9,True,False,NO_ENTRY,ff09f2498192fa0e822678145ada64be74df6e2633d7af4161aea664587f8348
2026-09-09,GILD,LIVE_SHADOW,-0.00030850125248610644,0.00403697295944065,0.0,33.04060105580959,0.3585996219408964,0.1546979760862228,0.24849048995276055,0.12614215754162114,0.08393404693099464,0.028135707547504146,0.2459016393442623,0.4098360655737705,0.4426229508196721,0.26229508196721313,0.5628415300546448,0.46994535519125685,-0.01019306680861103,0.0,False,0.014395892597851472,46bbbf853561e26625ee3ecbccb6037051556f2f3ca26dcb4e311c165c08d8e9,True,False,NO_ENTRY,ff09f2498192fa0e822678145ada64be74df6e2633d7af4161aea664587f8348
2026-09-09,GLOB,LIVE_SHADOW,-0.00015435134183701797,0.003654025178942505,0.4403462494812953,36.80451323920197,0.29891542096533796,0.18370289055125896,0.2950175905393574,0.0809332694280885,0.09790916313356834,0.04352166538238898,0.9562841530054644,0.07103825136612021,0.1366120218579235,0.22404371584699453,0.8633879781420765,0.9781420765027322,-0.005680826004129116,0.0,False,0.0025280447470309468,46bbbf853561e26625ee3ecbccb6037051556f2f3ca26dcb4e311c165c08d8e9,True,False,NO_ENTRY,ff09f2498192fa0e822678145ada64be74df6e2633d7af4161aea664587f8348
2026-09-09,GOOGL,LIVE_SHADOW,7.353767372306659e-05,0.0029268215112661453,0.804464677700956,39.829155676294555,0.16673280114238975,0.21638546732116004,0.34236630390908235,0.11265788647955242,0.13305501999116123,0.0288025211566542,0.5683060109289617,0.8961748633879781,0.825136612021858,0.8415300546448088,0.9234972677595629,0.639344262295082,0.0029289434547885747,0.011068720343745805,True,0.00755816594932851,46bbbf853561e26625ee3ecbccb6037051556f2f3ca26dcb4e311c165c08d8e9,True,False,ELIGIBLE_ENTRY,ff09f2498192fa0e822678145ada64be74df6e2633d7af4161aea664587f8348
2026-09-09,GS,LIVE_SHADOW,-0.00022909267400332068,0.0034097396127115765,0.0,35.040555931693646,0.260740289993552,0.14907761627446728,0.35445844307994795,0.1148354245330188,0.09240188633780597,0.028486339781207973,0.3879781420765027,0.5737704918032787,0.6830601092896175,0.6885245901639344,0.5901639344262295,0.5300546448087432,-0.008027534656954617,0.0,False,0.009209003253843547,46bbbf853561e26625ee3ecbccb6037051556f2f3ca26dcb4e311c165c08d8e9,True,False,NO_ENTRY,ff09f2498192fa0e822678145ada64be74df6e2633d7af4161aea664587f8348
2026-09-09,HD,LIVE_SHADOW,-0.0004823561301417694,0.003876483405875395,0.0,35.9542806210828,0.3337757244140211,0.14447291468407983,0.2985790487870692,0.08929172130808771,0.09262363852540727,0.04125695228133482,0.00546448087431694,0.2459016393442623,0.16393442622950818,0.20218579234972678,0.20218579234972678,0.09836065573770492,-0.017342767662416714,0.0,False,0.014537477974481409,46bbbf853561e26625ee3ecbccb6037051556f2f3ca26dcb4e311c165c08d8e9,True,False,NO_ENTRY,ff09f2498192fa0e822678145ada64be74df6e2633d7af4161aea664587f8348
2026-09-09,HON,LIVE_SHADOW,0.00016454219108774835,0.0031781028179836248,0.6028155620380135,33.7348577842585,0.1876052481211444,0.2215903868005157,0.3812251752374977,0.08443947304739219,0.10337237002950962,0.021767346763940397,0.6174863387978142,0.9289617486338798,0.907103825136612,0.7049180327868853,0.7868852459016393,0.5519125683060109,0.005550807415855477,0.03260680845325679,True,0.011748492069862778,46bbbf853561e26625ee3ecbccb6037051556f2f3ca26dcb4e311c165c08d8e9,True,False,ELIGIBLE_ENTRY,ff09f2498192fa0e822678145ada64be74df6e2633d7af4161aea664587f8348
2026-09-09,IBM,LIVE_SHADOW,-0.00032905226150132215,0.0030373437407412627,0.0,43.84877240454847,0.1853025791845007,0.2731404306069412,0.24986385180472528,0.11764206350696083,0.11913497362096477,0.05491610127590724,0.48633879781420764,0.14207650273224043,0.5628415300546448,0.2896174863387978,0.3005464480874317,0.8032786885245902,-0.014428537723773442,0.0,False,0.002313568035190801,46bbbf853561e26625ee3ecbccb6037051556f2f3ca26dcb4e311c165c08d8e9,True,False,NO_ENTRY,ff09f2498192fa0e822678145ada64be74df6e2633d7af4161aea664587f8348
2026-09-09,INTC,LIVE_SHADOW,-0.0001055502736635599,0.0039311731970919,0.4998955185918553,36.77827525448804,0.3403011322202068,0.19422779301182636,0.23363239922071777,0.10638154368683916,0.07224428917560065,0.05321284268480936,0.912568306010929,0.15846994535519127,0.34972677595628415,0.819672131147541,0.6229508196721312,0.9836065573770492,-0.0038819570179849457,0.0,False,0.0018746377519703109,46bbbf853561e26625ee3ecbccb6037051556f2f3ca26dcb4e311c165c08d8e9,True,False,NO_ENTRY,ff09f2498192fa0e822678145ada64be74df6e2633d7af4161aea664587f8348
2026-09-09,INTU,LIVE_SHADOW,-0.0003191179250101797,0.0036148098540562962,0.28134196075846146,30.72467933351959,0.28134196075846146,0.19979909348599154,0.32267984789234033,0.09000780416992071,0.08552464109002053,0.020646652603265297,0.8415300546448088,0.09289617486338798,0.15300546448087432,0.22950819672131148,0.726775956284153,0.5573770491803278,-0.009804795915515922,0.0,False,0.0062425371562334344,46bbbf853561e26625ee3ecbccb6037051556f2f3ca26dcb4e311c165c08d8e9,True,False,NO_ENTRY,ff09f2498192fa0e822678145ada64be74df6e2633d7af4161aea664587f8348
2026-09-09,ISRG,LIVE_SHADOW,-0.0002225928084995036,0.0034676679284910594,0.05184753237679599,42.113008623020455,0.2838725259011873,0.18147850197470344,0.2658392457774639,0.09231608961860534,0.12464610435124412,0.05184753237679599,0.7158469945355191,0.28415300546448086,0.6338797814207651,0.6666666666666666,0.7923497267759563,0.8524590163934426,-0.009374052863761936,0.0,False,0.004176013003647269,46bbbf853561e26625ee3ecbccb6037051556f2f3ca26dcb4e311c165c08d8e9,True,False,NO_ENTRY,ff09f2498192fa0e822678145ada64be74df6e2633d7af4161aea664587f8348
2026-09-09,ITW,LIVE_SHADOW,-0.00033303973892720684,0.004913363026977881,0.0,31.567977338736803,0.4621530732882719,0.11381703089000322,0.22748441397648062,0.07278073397001526,0.09080459938555162,0.032960148489677335,0.06557377049180328,0.48633879781420764,0.546448087431694,0.453551912568306,0.39344262295081966,0.40437158469945356,-0.010513390931352886,0.0,False,0.0254199123796057,46bbbf853561e26625ee3ecbccb6037051556f2f3ca26dcb4e311c165c08d8e9,True,False,NO_ENTRY,ff09f2498192fa0e822678145ada64be74df6e2633d7af4161aea664587f8348
2026-09-09,JD,LIVE_SHADOW,-0.0004608385725203167,0.0028562732887931043,0.0,43.11019462649823,0.14291092959259877,0.20116874521476652,0.3789535872597848,0.11245929166417806,0.1166557058966977,0.04785174037197408,0.45901639344262296,0.1092896174863388,0.07103825136612021,0.12021857923497267,0.12021857923497267,0.060109289617486336,-0.019866840552748472,0.0,False,0.009955635127006934,46bbbf853561e26625ee3ecbccb6037051556f2f3ca26dcb4e311c165c08d8e9,True,False,NO_ENTRY,ff09f2498192fa0e822678145ada64be74df6e2633d7af4161aea664587f8348
2026-09-09,JNJ,LIVE_SHADOW,-0.00039128528862896817,0.0031626609349188384,0.0,42.439972892322345,0.2369557527600012,0.1290426141098618,0.3454455291477871,0.11864315665914794,0.12788480848884679,0.042028138834355105,0.3442622950819672,0.40437158469945356,0.22950819672131148,0.1912568306010929,0.16939890710382513,0.24043715846994534,-0.016606137042577934,0.0,False,0.014067182057367733,46bbbf853561e26625ee3ecbccb6037051556f2f3ca26dcb4e311c165c08d8e9,True,False,NO_ENTRY,ff09f2498192fa0e822678145ada64be74df6e2633d7af4161aea664587f8348
2026-09-09,JPM,LIVE_SHADOW,-0.00044604715536982885,0.004198081418307284,0.0,33.71499982165602,0.3749099277804591,0.1520245387948231,0.2637514109101972,0.09373103593799864,0.07352744997698374,0.04205563659953804,0.03278688524590164,0.29508196721311475,0.30601092896174864,0.2568306010928962,0.3770491803278688,0.18032786885245902,-0.015038479763743956,0.0,False,0.030069445245113343,46bbbf853561e26625ee3ecbccb6037051556f2f3ca26dcb4e311c165c08d8e9,True,False,NO_ENTRY,ff09f2498192fa0e822678145ada64be74df6e2633d7af4161aea664587f8348
2026-09-09,KEEL,LIVE_SHADOW,0.0005212795451087368,0.003764504238566832,0.8544737211562276,36.89336628173829,0.3109934030757001,0.07944919408688084,0.3754690180948991,0.1210081812688142,0.06607708475689159,0.047003118716814125,0.9508196721311475,0.46994535519125685,0.994535519125683,1.0,0.644808743169399,1.0,0.019231757192874545,0.007965399527467922,True,0.0008283589947172523,46bbbf853561e26625ee3ecbccb6037051556f2f3ca26dcb4e311c165c08d8e9,True,False,ELIGIBLE_ENTRY,ff09f2498192fa0e822678145ada64be74df6e2633d7af4161aea664587f8348
2026-09-09,KLAC,LIVE_SHADOW,-4.247364761788955e-05,0.0041663253927135095,0.3627622696199502,29.809106354920768,0.3627622696199502,0.13480875575034312,0.3241113709442015,0.0860700325767644,0.062466741239204385,0.029780829869536368,0.8633879781420765,0.39344262295081966,0.73224043715847,0.34972677595628415,0.46994535519125685,0.39344262295081966,-0.0012661014791230968,0.0,False,0.0022751839005838723,46bbbf853561e26625ee3ecbccb6037051556f2f3ca26dcb4e311c165c08d8e9,True,False,NO_ENTRY,ff09f2498192fa0e822678145ada64be74df6e2633d7af4161aea664587f8348
2026-09-09,KMB,LIVE_SHADOW,6.22815791949416e-05,0.0027990226592369515,0.6576990232879677,44.28980933838042,0.1471439425591165,0.19515703415291585,0.3602284590437505,0.12376785415845126,0.12728184915105611,0.04642086093470975,0.47540983606557374,0.819672131147541,0.8415300546448088,0.8852459016393442,0.8797814207650273,0.8633879781420765,0.0027584392678372044,0.015668573135266886,True,0.011360462648541155,46bbbf853561e26625ee3ecbccb6037051556f2f3ca26dcb4e311c165c08d8e9,True,False,ELIGIBLE_ENTRY,ff09f2498192fa0e822678145ada64be74df6e2633d7af4161aea664587f8348
2026-09-09,KMI,LIVE_SHADOW,-0.00021489725321304442,0.0034269297231655504,0.0,33.60355744177669,0.24629002647508366,0.235889880267912,0.3085989663354604,0.09873229941197188,0.07519616149331476,0.03529266601625735,0.3770491803278688,0.8087431693989071,0.6612021857923497,0.6612021857923497,0.5519125683060109,0.37158469945355194,-0.007221312192424567,0.0,False,0.025643930467786544,46bbbf853561e26625ee3ecbccb6037051556f2f3ca26dcb4e311c165c08d8e9,True,False,NO_ENTRY,ff09f2498192fa0e822678145ada64be74df6e2633d7af4161aea664587f8348
2026-09-09,KO,LIVE_SHADOW,-0.00048746928688539676,0.003345233605211273,0.0,39.89350074751587,0.26039313038953815,0.16205846971647828,0.3194360837397709,0.0988555459540497,0.11728644033390978,0.041970329866253264,0.13114754098360656,0.14754098360655737,0.08196721311475409,0.10382513661202186,0.01092896174863388,0.04371584699453552,-0.019446856360753606,0.0,False,0.020373176599153938,46bbbf853561e26625ee3ecbccb6037051556f2f3ca26dcb4e311c165c08d8e9,True,False,NO_ENTRY,ff09f2498192fa0e822678145ada64be74df6e2633d7af4161aea664587f8348
2026-09-09,KR,LIVE_SHADOW,-8.932555568515241e-05,0.0028770035767828627,0.5030557110216072,44.15506313068878,0.17623060860527362,0.1514757803122449,0.37275926723069247,0.13029644379091465,0.1224376553247661,0.04680024473610833,0.4644808743169399,0.6338797814207651,0.7814207650273224,0.8306010928961749,0.7759562841530054,0.7868852459016393,-0.003944175550461761,0.0,False,0.008991264525479414,46bbbf853561e26625ee3ecbccb6037051556f2f3ca26dcb4e311c165c08d8e9,True,False,NO_ENTRY,ff09f2498192fa0e822678145ada64be74df6e2633d7af4161aea664587f8348
2026-09-09,LAR,LIVE_SHADOW,0.0006675937280414639,0.003527771427364826,1.0,35.759900294409626,0.2792930571382073,0.17723071273016833,0.31739781515160215,0.1015473787562482,0.085087062692281,0.039443973531493065,0.9890710382513661,0.9836065573770492,0.9890710382513661,0.9890710382513661,0.8469945355191257,0.9890710382513661,0.023873085151935963,0.035716866325353466,True,0.0029922287880296897,46bbbf853561e26625ee3ecbccb6037051556f2f3ca26dcb4e311c165c08d8e9,True,False,ELIGIBLE_ENTRY,ff09f2498192fa0e822678145ada64be74df6e2633d7af4161aea664587f8348
2026-09-09,LIN,LIVE_SHADOW,-0.00043532840552584106,0.003563852934075275,0.0,39.89271947998659,0.2990390098102879,0.1683475802747194,0.26447928417613126,0.11336328963077197,0.10893625100317841,0.045834585104911126,0.1092896174863388,0.18579234972677597,0.25136612021857924,0.08196721311475409,0.13114754098360656,0.0546448087431694,-0.017366433963312222,0.0,False,0.023611946303141583,46bbbf853561e26625ee3ecbccb6037051556f2f3ca26dcb4e311c165c08d8e9,True,False,NO_ENTRY,ff09f2498192fa0e822678145ada64be74df6e2633d7af4161aea664587f8348
2026-09-09,LLY,LIVE_SHADOW,-0.00020178595675525982,0.0032572450254722634,0.0,34.28669450588674,0.22515411356635937,0.22896795941881565,0.30769482565243517,0.1343661021573439,0.07201895529010702,0.03179804391493893,0.5737704918032787,0.7650273224043715,0.639344262295082,0.7814207650273224,0.47540983606557374,0.4262295081967213,-0.006918573454845667,0.0,False,0.0105670428102016,46bbbf853561e26625ee3ecbccb6037051556f2f3ca26dcb4e311c165c08d8e9,True,False,NO_ENTRY,ff09f2498192fa0e822678145ada64be74df6e2633d7af4161aea664587f8348
2026-09-09,LMT,LIVE_SHADOW,-0.00034884410537748805,0.003206987377610321,0.0,38.49768171660922,0.21084903384586762,0.21430524491512715,0.3500377928614306,0.08090138216642312,0.0971129116226933,0.046793634588458005,0.546448087431694,0.2786885245901639,0.31693989071038253,0.4371584699453552,0.3879781420765027,0.28415300546448086,-0.013429689337537822,0.0,False,0.008283010435705035,46bbbf853561e26625ee3ecbccb6037051556f2f3ca26dcb4e311c165c08d8e9,True,False,NO_ENTRY,ff09f2498192fa0e822678145ada64be74df6e2633d7af4161aea664587f8348
2026-09-09,LOW,LIVE_SHADOW,-0.00036154822090411987,0.004245091134933639,0.0,39.633109788081754,0.3891059729586228,0.10719493580933445,0.252551365500627,0.09013494870123646,0.1092326778673987,0.051780099162780646,0.08743169398907104,0.5355191256830601,0.37158469945355194,0.32786885245901637,0.2568306010928962,0.12568306010928962,-0.014329280332778617,0.0,False,0.012396980026282034,46bbbf853561e26625ee3ecbccb6037051556f2f3ca26dcb4e311c165c08d8e9,True,False,NO_ENTRY,ff09f2498192fa0e822678145ada64be74df6e2633d7af4161aea664587f8348
2026-09-09,LRCX,LIVE_SHADOW,-0.00025416082742171623,0.00376700085450805,0.31856804136328076,36.847905784985606,0.31856804136328076,0.1000520248909284,0.3403634961743521,0.11467187589796328,0.08539292946833908,0.04095163220513648,0.7978142076502732,0.4808743169398907,0.23497267759562843,0.20765027322404372,0.639344262295082,0.7486338797814208,-0.009365294223069386,0.0,False,0.0016740763132030185,46bbbf853561e26625ee3ecbccb6037051556f2f3ca26dcb4e311c165c08d8e9,True,False,NO_ENTRY,ff09f2498192fa0e822678145ada64be74df6e2633d7af4161aea664587f8348
2026-09-09,MA,LIVE_SHADOW,-0.00023780030928030653,0.004007218061587394,0.0,30.861362423526124,0.34655674592140384,0.17307255165831983,0.2766349083054525,0.09512306373650507,0.08494421869924065,0.023668511679078075,0.12568306010928962,0.7377049180327869,0.6885245901639344,0.7213114754098361,0.6557377049180327,0.44808743169398907,-0.007338841529126143,0.0,False,0.02665768154343851,46bbbf853561e26625ee3ecbccb6037051556f2f3ca26dcb4e311c165c08d8e9,True,False,NO_ENTRY,ff09f2498192fa0e822678145ada64be74df6e2633d7af4161aea664587f8348
2026-09-09,MAR,LIVE_SHADOW,-0.00031806921728975887,0.004887508813305138,0.0,30.270220514469077,0.4598958447276457,0.12530548848621523,0.20970824769625357,0.09212316723706769,0.0869061821900794,0.026061069662738235,0.09289617486338798,0.5300546448087432,0.48633879781420764,0.3879781420765027,0.5792349726775956,0.48633879781420764,-0.009628025346225581,0.0,False,0.01943976057573099,46bbbf853561e26625ee3ecbccb6037051556f2f3ca26dcb4e311c165c08d8e9,True,False,NO_ENTRY,ff09f2498192fa0e822678145ada64be74df6e2633d7af4161aea664587f8348
2026-09-09,MCD,LIVE_SHADOW,-0.00045066083626659777,0.003317825148764243,0.0,38.45076750488234,0.2542940553989692,0.1811484382139993,0.30700297174912666,0.10206409428123055,0.12181578193932407,0.03367465841735021,0.22404371584699453,0.16393442622950818,0.1912568306010929,0.16939890710382513,0.08196721311475409,0.2568306010928962,-0.0173282550388428,0.0,False,0.02024849428113145,46bbbf853561e26625ee3ecbccb6037051556f2f3ca26dcb4e311c165c08d8e9,True,False,NO_ENTRY,ff09f2498192fa0e822678145ada64be74df6e2633d7af4161aea664587f8348
2026-09-09,MCHP,LIVE_SHADOW,0.0004721176649649519,0.003349282465497803,0.9999999999999999,37.56079457534525,0.25260845821450967,0.18607373417928158,0.3210600082561212,0.09339860752266406,0.11058043950388703,0.036278752323536397,0.8961748633879781,0.994535519125683,0.9726775956284153,0.907103825136612,1.0,0.907103825136612,0.01773311462914023,0.026890641532954535,True,0.0030328165238120157,46bbbf853561e26625ee3ecbccb6037051556f2f3ca26dcb4e311c165c08d8e9,True,False,ELIGIBLE_ENTRY,ff09f2498192fa0e822678145ada64be74df6e2633d7af4161aea664587f8348
2026-09-09,MCO,LIVE_SHADOW,-0.00033232680048118094,0.0038549037714384277,0.0,30.462174323644916,0.3136135356878247,0.1780067413426237,0.33863621301197144,0.06997849049646755,0.06816802547309322,0.0315969939880194,0.3114754098360656,0.36065573770491804,0.3333333333333333,0.5191256830601093,0.5027322404371585,0.4371584699453552,-0.010123396928676897,0.0,False,0.01628210465936118,46bbbf853561e26625ee3ecbccb6037051556f2f3ca26dcb4e311c165c08d8e9,True,False,NO_ENTRY,ff09f2498192fa0e822678145ada64be74df6e2633d7af4161aea664587f8348
2026-09-09,MDB,LIVE_SHADOW,0.0006082559033106444,0.0034938600289782964,1.0000000000000002,37.76153556226883,0.28104726198352575,0.1744359708868848,0.2984476560653074,0.10144066651909966,0.1052259211693619,0.03940252337582063,1.0,0.9781420765027322,0.9508196721311475,0.994535519125683,0.994535519125683,0.994535519125683,0.02296867692382485,0.027078754861723047,True,0.0023578854760793744,46bbbf853561e26625ee3ecbccb6037051556f2f3ca26dcb4e311c165c08d8e9,True,False,ELIGIBLE_ENTRY,ff09f2498192fa0e822678145ada64be74df6e2633d7af4161aea664587f8348
2026-09-09,MDLZ,LIVE_SHADOW,-0.0004284851055445762,0.0032482281693712546,0.0,44.64125753173413,0.2590272674747143,0.15516385040482852,0.2881861687092879,0.10901033530962273,0.13666803093970142,0.051944347161845136,0.22950819672131148,0.26229508196721313,0.24043715846994534,0.14754098360655737,0.02185792349726776,0.01092896174863388,-0.019128113945127704,0.0,False,0.01240080278156732,46bbbf853561e26625ee3ecbccb6037051556f2f3ca26dcb4e311c165c08d8e9,True,False,NO_ENTRY,ff09f2498192fa0e822678145ada64be74df6e2633d7af4161aea664587f8348
2026-09-09,MDT,LIVE_SHADOW,-0.00046090752202138124,0.003665149490284212,0.0,31.63555555281859,0.2880043300642749,0.15561105185741628,0.3667140764102594,0.07679076975504508,0.08900005190652965,0.023879720006474613,0.11475409836065574,0.21311475409836064,0.03825136612021858,0.28415300546448086,0.22950819672131148,0.3770491803278688,-0.014581065517619365,0.0,False,0.01673219927947006,46bbbf853561e26625ee3ecbccb6037051556f2f3ca26dcb4e311c165c08d8e9,True,False,NO_ENTRY,ff09f2498192fa0e822678145ada64be74df6e2633d7af4161aea664587f8348
2026-09-09,MELI,LIVE_SHADOW,8.76278170741337e-05,0.0030494562285509294,0.7605138775242319,39.94627079261126,0.20357210971307502,0.18305329633700348,0.34360575819759315,0.114785797637182,0.11906902535245335,0.035914012762693105,0.6666666666666666,0.8360655737704918,0.8688524590163934,0.8961748633879781,0.8961748633879781,0.7704918032786885,0.0035004045098087494,0.013226597522308486,True,0.0075571823114987035,46bbbf853561e26625ee3ecbccb6037051556f2f3ca26dcb4e311c165c08d8e9,True,False,ELIGIBLE_ENTRY,ff09f2498192fa0e822678145ada64be74df6e2633d7af4161aea664587f8348
2026-09-09,META,LIVE_SHADOW,-0.0002497381942937949,0.003500214373210784,0.0,36.31562409455072,0.27734355855898724,0.18250029888719854,0.3059462283011641,0.10231605418656335,0.09387300940141792,0.038020850664668905,0.6229508196721312,0.366120218579235,0.6120218579234973,0.6284153005464481,0.41530054644808745,0.6120218579234973,-0.009069398386025327,0.0,False,0.004874667463592291,46bbbf853561e26625ee3ecbccb6037051556f2f3ca26dcb4e311c165c08d8e9,True,False,NO_ENTRY,ff09f2498192fa0e822678145ada64be74df6e2633d7af4161aea664587f8348
2026-09-09,MMM,LIVE_SHADOW,-0.00028000786261775097,0.004370923271271673,0.0,29.625555722242144,0.391939056196426,0.14970863376308113,0.2773322696247065,0.08394890987638584,0.06724796043467436,0.02982317010472618,0.09836065573770492,0.639344262295082,0.6557377049180327,0.6338797814207651,0.546448087431694,0.6010928961748634,-0.008295388536648103,0.0,False,0.02105648450496989,46bbbf853561e26625ee3ecbccb6037051556f2f3ca26dcb4e311c165c08d8e9,True,False,NO_ENTRY,ff09f2498192fa0e822678145ada64be74df6e2633d7af4161aea664587f8348
2026-09-09,MO,LIVE_SHADOW,-0.0002823899651639555,0.0036612543020380487,0.0,42.036239788378595,0.3075788802857928,0.19103575639637635,0.2500288032577802,0.07521779075139369,0.11600473903814339,0.06013403027051364,0.366120218579235,0.3770491803278688,0.47540983606557374,0.5081967213114754,0.366120218579235,0.2185792349726776,-0.011870612289463912,0.0,False,0.009965849771528102,46bbbf853561e26625ee3ecbccb6037051556f2f3ca26dcb4e311c165c08d8e9,True,False,NO_ENTRY,ff09f2498192fa0e822678145ada64be74df6e2633d7af4161aea664587f8348
2026-09-09,MPC,LIVE_SHADOW,-2.9489272067322188e-05,0.0031638954149429306,0.6461004349591961,39.38904030629524,0.2171852646726881,0.20355037300998038,0.3298873951928761,0.09532115288828874,0.11266266675633967,0.041393147479826954,0.6721311475409836,0.8688524590163934,0.8142076502732241,0.7595628415300546,0.8306010928961749,0.819672131147541,-0.0011615541260630601,0.0,False,0.008528432479759747,46bbbf853561e26625ee3ecbccb6037051556f2f3ca26dcb4e311c165c08d8e9,True,False,NO_ENTRY,ff09f2498192fa0e822678145ada64be74df6e2633d7af4161aea664587f8348
2026-09-09,MPWR,LIVE_SHADOW,0.0008119023589830123,0.0034886542519557665,1.0,36.19258435864616,0.2751355143948508,0.17718392513037903,0.3149678949005761,0.09636471278172005,0.10148376691856116,0.03486418587391287,0.994535519125683,1.0,1.0,0.9672131147540983,0.9781420765027322,0.9180327868852459,0.029384844618476492,0.04527953306968623,True,0.00308182899433918,46bbbf853561e26625ee3ecbccb6037051556f2f3ca26dcb4e311c165c08d8e9,True,False,ELIGIBLE_ENTRY,ff09f2498192fa0e822678145ada64be74df6e2633d7af4161aea664587f8348
2026-09-09,MRK,LIVE_SHADOW,-0.0004451457421595046,0.0029008636604547665,0.0,41.454203341956685,0.17305249887532412,0.18584381296252064,0.35523630725404304,0.13155931493790682,0.1147985980900921,0.039509467880113246,0.40437158469945356,0.16939890710382513,0.12568306010928962,0.0273224043715847,0.14207650273224043,0.1912568306010929,-0.018453162112286325,0.0,False,0.006963185610422408,46bbbf853561e26625ee3ecbccb6037051556f2f3ca26dcb4e311c165c08d8e9,True,False,NO_ENTRY,ff09f2498192fa0e822678145ada64be74df6e2633d7af4161aea664587f8348
2026-09-09,MRVL,LIVE_SHADOW,-1.0314039902399605e-06,0.003918903066302604,0.5150293189362793,40.731021838490435,0.3488154684088628,0.12135552292814643,0.26868340381091804,0.09493175432465614,0.11501571516243979,0.051198135364976805,0.9453551912568307,0.6284153005464481,0.2786885245901639,0.7704918032786885,0.8579234972677595,0.9726775956284153,-4.2010138450770006e-05,0.0,False,0.0011634299964051805,46bbbf853561e26625ee3ecbccb6037051556f2f3ca26dcb4e311c165c08d8e9,True,False,NO_ENTRY,ff09f2498192fa0e822678145ada64be74df6e2633d7af4161aea664587f8348
2026-09-09,MS,LIVE_SHADOW,-0.00023779681400918978,0.004326686586490244,0.0,27.180079567263984,0.3771086593644038,0.1636108949527712,0.3162092603395298,0.05594628467891202,0.06043946919723968,0.026685431467143545,0.10382513661202186,0.6885245901639344,0.726775956284153,0.48633879781420764,0.5245901639344263,0.5737704918032787,-0.006463336325611653,0.0,False,0.018509016468027596,46bbbf853561e26625ee3ecbccb6037051556f2f3ca26dcb4e311c165c08d8e9,True,False,NO_ENTRY,ff09f2498192fa0e822678145ada64be74df6e2633d7af4161aea664587f8348
2026-09-09,MSFT,LIVE_SHADOW,-0.000469359912789039,0.003063117723119135,0.0,39.65394563322185,0.19949421490013924,0.21282789006800684,0.32397614918210227,0.11829602854012576,0.10372219545480486,0.04168352185482108,0.31693989071038253,0.0273224043715847,0.13114754098360656,0.04371584699453552,0.15300546448087432,0.1092896174863388,-0.018611972464150302,0.0,False,0.005267549076212541,46bbbf853561e26625ee3ecbccb6037051556f2f3ca26dcb4e311c165c08d8e9,True,False,NO_ENTRY,ff09f2498192fa0e822678145ada64be74df6e2633d7af4161aea664587f8348
2026-09-09,MU,LIVE_SHADOW,0.00026322594815536934,0.003901533306940841,0.6873358233885134,45.551780025949725,0.35848613794823425,0.102109307408157,0.21055486920332955,0.13137337245042424,0.14484298744248855,0.05263332554736631,0.9398907103825137,0.5573770491803278,0.6065573770491803,0.9453551912568307,0.9890710382513661,0.9672131147540983,0.011990410487495431,0.005830576403512661,True,0.0009725399158924971,46bbbf853561e26625ee3ecbccb6037051556f2f3ca26dcb4e311c165c08d8e9,True,False,ELIGIBLE_ENTRY,ff09f2498192fa0e822678145ada64be74df6e2633d7af4161aea664587f8348
2026-09-09,NEM,LIVE_SHADOW,-0.0001428385273049871,0.003723040832113582,0.0,32.2904438233331,0.29048389728854457,0.20216651966901653,0.3374310318543395,0.05529492107858963,0.07678114809998789,0.037842482009521825,0.7431693989071039,0.7868852459016393,0.7540983606557377,0.4918032786885246,0.40437158469945356,0.7049180327868853,-0.004612319441749317,0.0,False,0.005880499211454022,46bbbf853561e26625ee3ecbccb6037051556f2f3ca26dcb4e311c165c08d8e9,True,False,NO_ENTRY,ff09f2498192fa0e822678145ada64be74df6e2633d7af4161aea664587f8348
2026-09-09,NFLX,LIVE_SHADOW,-0.0003050105114077832,0.003227198831264256,0.0,44.49451729462044,0.24489728072571343,0.21943801511428518,0.24254266360323268,0.1233707737240501,0.10571794089017951,0.06403332594253895,0.5901639344262295,0.273224043715847,0.453551912568306,0.2786885245901639,0.36065573770491804,0.12021857923497267,-0.013571295474874633,0.0,False,0.006192045578851855,46bbbf853561e26625ee3ecbccb6037051556f2f3ca26dcb4e311c165c08d8e9,True,False,NO_ENTRY,ff09f2498192fa0e822678145ada64be74df6e2633d7af4161aea664587f8348
2026-09-09,NKE,LIVE_SHADOW,0.00022194014055129156,0.003197749452279344,0.7350936180594172,38.10259462344143,0.23152239842050618,0.1868593944306183,0.32111809821135445,0.11687786957244999,0.11023825584499446,0.03338398352007657,0.7704918032786885,0.907103825136612,0.8852459016393442,0.9726775956284153,0.907103825136612,0.7814207650273224,0.008456495206095477,0.04336504928178649,True,0.010256033551707991,46bbbf853561e26625ee3ecbccb6037051556f2f3ca26dcb4e311c165c08d8e9,True,False,ELIGIBLE_ENTRY,ff09f2498192fa0e822678145ada64be74df6e2633d7af4161aea664587f8348
2026-09-09,NOC,LIVE_SHADOW,-7.579060419640858e-05,0.0033941573009061378,0.31999483344392426,33.37620810698291,0.25041765875367866,0.2081663068251132,0.3187669904766662,0.11182852661881108,0.08310125021047551,0.02771926711525529,0.7049180327868853,0.8415300546448088,0.7595628415300546,0.8087431693989071,0.6502732240437158,0.6065573770491803,-0.0025296029782133048,0.0,False,0.014761207479101684,46bbbf853561e26625ee3ecbccb6037051556f2f3ca26dcb4e311c165c08d8e9,True,False,NO_ENTRY,ff09f2498192fa0e822678145ada64be74df6e2633d7af4161aea664587f8348
2026-09-09,NOW,LIVE_SHADOW,-0.00017606333452250178,0.00375420506729997,0.0,39.2183374842975,0.32281982265373305,0.19973785803693458,0.20556134089331202,0.10730360660324743,0.12436425091076042,0.040213120902012504,0.7595628415300546,0.2568306010928962,0.5355191256830601,0.7158469945355191,0.7704918032786885,0.6994535519125683,-0.006904911271914242,0.0,False,0.0026703400910330667,46bbbf853561e26625ee3ecbccb6037051556f2f3ca26dcb4e311c165c08d8e9,True,False,NO_ENTRY,ff09f2498192fa0e822678145ada64be74df6e2633d7af4161aea664587f8348
2026-09-09,NU,LIVE_SHADOW,-0.0004841088215749835,0.002824482010018508,0.0,41.9706297155203,0.12827441359631514,0.2102166028376626,0.37960766229709975,0.12334459198402417,0.11910631004254361,0.03945041924235483,0.5191256830601093,0.060109289617486336,0.04918032786885246,0.03825136612021858,0.08743169398907104,0.16393442622950818,-0.02031835209234052,0.0,False,0.005972590295889617,46bbbf853561e26625ee3ecbccb6037051556f2f3ca26dcb4e311c165c08d8e9,True,False,NO_ENTRY,ff09f2498192fa0e822678145ada64be74df6e2633d7af4161aea664587f8348
2026-09-09,NUE,LIVE_SHADOW,0.0003022458958597309,0.0028737015769199907,0.8444663482128344,42.43687427354651,0.15553365178716563,0.20332830207222008,0.36144298773306327,0.11194600530858954,0.12570044288050328,0.042048610218458134,0.5846994535519126,0.9344262295081968,0.9344262295081968,0.912568306010929,0.9672131147540983,0.8907103825136612,0.01282637108229483,0.045293377865283944,True,0.007062539758857543,46bbbf853561e26625ee3ecbccb6037051556f2f3ca26dcb4e311c165c08d8e9,True,False,ELIGIBLE_ENTRY,ff09f2498192fa0e822678145ada64be74df6e2633d7af4161aea664587f8348
2026-09-09,NVDA,LIVE_SHADOW,-0.0001643755447258193,0.003352121535974402,0.37459904721315396,34.84030681608824,0.2431107815994792,0.15984445160934668,0.37459904721315396,0.09216671265634133,0.10474231102961543,0.025536695892063352,0.6338797814207651,0.644808743169399,0.7704918032786885,0.6502732240437158,0.6885245901639344,0.4644808743169399,-0.005726894411309179,0.0,False,0.006948972515557223,46bbbf853561e26625ee3ecbccb6037051556f2f3ca26dcb4e311c165c08d8e9,True,False,NO_ENTRY,ff09f2498192fa0e822678145ada64be74df6e2633d7af4161aea664587f8348
2026-09-09,NVO,LIVE_SHADOW,-0.0004594718521571843,0.0030050324895669225,0.0,38.856035582941075,0.14102387192037955,0.23135260416093667,0.3943007255197952,0.09468143571281898,0.09596313536609698,0.04267822731997272,0.5081967213114754,0.08743169398907104,0.11475409836065574,0.273224043715847,0.28415300546448086,0.19672131147540983,-0.017853254636779396,0.0,False,0.0074937841377749415,46bbbf853561e26625ee3ecbccb6037051556f2f3ca26dcb4e311c165c08d8e9,True,False,NO_ENTRY,ff09f2498192fa0e822678145ada64be74df6e2633d7af4161aea664587f8348
2026-09-09,NXPI,LIVE_SHADOW,0.00033216102998647634,0.003931944814824527,0.8324177990289578,28.409858573042694,0.3239552974695808,0.1992136003197352,0.3092489012396419,0.08188931245399315,0.05981059542296478,0.025882293094084265,0.9672131147540983,0.9398907103825137,0.8524590163934426,0.7486338797814208,0.6010928961748634,0.6557377049180327,0.009436647885391987,0.03353218970083393,True,0.007106801081926994,46bbbf853561e26625ee3ecbccb6037051556f2f3ca26dcb4e311c165c08d8e9,True,False,ELIGIBLE_ENTRY,ff09f2498192fa0e822678145ada64be74df6e2633d7af4161aea664587f8348
2026-09-09,ON,LIVE_SHADOW,0.0006510840924978499,0.003491590375124822,1.0,36.724039990507634,0.2776160620809523,0.16954675906648972,0.3154920228177477,0.1009376448301837,0.0992446960628327,0.03716281514179396,0.9836065573770492,0.9508196721311475,0.9836065573770492,0.9836065573770492,0.9453551912568307,0.9453551912568307,0.02391043825007441,0.021638100967888308,True,0.0018099292653342288,46bbbf853561e26625ee3ecbccb6037051556f2f3ca26dcb4e311c165c08d8e9,True,False,ELIGIBLE_ENTRY,ff09f2498192fa0e822678145ada64be74df6e2633d7af4161aea664587f8348
2026-09-09,ORCL,LIVE_SHADOW,0.0001553364676586322,0.003546354445615799,0.8821149369950163,32.805301767050786,0.280595621386301,0.1972812733451704,0.29573954564185484,0.10849849662168996,0.09622898227823347,0.02165608072675028,0.8524590163934426,0.912568306010929,0.8087431693989071,0.8907103825136612,0.7978142076502732,0.5792349726775956,0.005095859696969155,0.010024869207179635,True,0.003934515392227965,46bbbf853561e26625ee3ecbccb6037051556f2f3ca26dcb4e311c165c08d8e9,True,False,ELIGIBLE_ENTRY,ff09f2498192fa0e822678145ada64be74df6e2633d7af4161aea664587f8348
2026-09-09,ORLY,LIVE_SHADOW,-0.000224479033029171,0.0036619643623069667,0.0,31.597222370306934,0.29273160535411824,0.1917486480265375,0.31219783416757596,0.09333395967234365,0.08594606440027433,0.02404188837915043,0.30601092896174864,0.7049180327868853,0.6666666666666666,0.639344262295082,0.5956284153005464,0.4918032786885246,-0.007092913924094191,0.0,False,0.013231021965324781,46bbbf853561e26625ee3ecbccb6037051556f2f3ca26dcb4e311c165c08d8e9,True,False,NO_ENTRY,ff09f2498192fa0e822678145ada64be74df6e2633d7af4161aea664587f8348
2026-09-09,OXY,LIVE_SHADOW,0.0002568485123596621,0.002849292937473308,0.8260637421659387,42.033124960129555,0.13600004178279546,0.1994094489335083,0.38830962505405014,0.10947414775875214,0.12887052041962813,0.037936216051265834,0.5245901639344263,0.8797814207650273,0.9398907103825137,0.8579234972677595,0.9398907103825137,0.7923497267759563,0.010796145615837057,0.04755788004213794,True,0.008810159057575965,46bbbf853561e26625ee3ecbccb6037051556f2f3ca26dcb4e311c165c08d8e9,True,False,ELIGIBLE_ENTRY,ff09f2498192fa0e822678145ada64be74df6e2633d7af4161aea664587f8348
2026-09-09,PANW,LIVE_SHADOW,-0.00012570904754164654,0.004069958940158068,0.36418812896172736,36.84355810791311,0.36418812896172736,0.16133854175705278,0.230322965257302,0.10982750601812707,0.08815331695574964,0.04616954105004099,0.8907103825136612,0.6939890710382514,0.39344262295081966,0.2185792349726776,0.33879781420765026,0.17486338797814208,-0.004631568597791066,0.0,False,0.0032709148487221626,46bbbf853561e26625ee3ecbccb6037051556f2f3ca26dcb4e311c165c08d8e9,True,False,NO_ENTRY,ff09f2498192fa0e822678145ada64be74df6e2633d7af4161aea664587f8348
2026-09-09,PBR,LIVE_SHADOW,-0.0004777547974483406,0.002777965960607197,0.0,47.25803395215951,0.16848801291101628,0.11161280959051881,0.3820842336070534,0.14109222902242619,0.15440815733917973,0.04231455752980566,0.5519125683060109,0.4371584699453552,0.14754098360655737,0.0546448087431694,0.01639344262295082,0.21311475409836064,-0.022577752438620768,0.0,False,0.007171013302867003,46bbbf853561e26625ee3ecbccb6037051556f2f3ca26dcb4e311c165c08d8e9,True,False,NO_ENTRY,ff09f2498192fa0e822678145ada64be74df6e2633d7af4161aea664587f8348
2026-09-09,PEP,LIVE_SHADOW,-0.00032170453708610847,0.003988338168492357,0.0,35.77892072896675,0.3489127008599473,0.12558750815484726,0.3032180165801038,0.09558933055127569,0.08293737782366843,0.043755066030157594,0.26229508196721313,0.5245901639344263,0.3770491803278688,0.6174863387978142,0.5573770491803278,0.31693989071038253,-0.01151024113055282,0.0,False,0.021041014041768568,46bbbf853561e26625ee3ecbccb6037051556f2f3ca26dcb4e311c165c08d8e9,True,False,NO_ENTRY,ff09f2498192fa0e822678145ada64be74df6e2633d7af4161aea664587f8348
2026-09-09,PFE,LIVE_SHADOW,-0.0005106138456063925,0.0035721581678345693,0.0,36.77709316428255,0.29538357854570546,0.16969604924350173,0.2833352911519289,0.10572286855404973,0.11487985385133116,0.030982358653482936,0.04918032786885246,0.12021857923497267,0.15846994535519127,0.060109289617486336,0.0273224043715847,0.22950819672131148,-0.01877889297083888,0.0,False,0.021537451320473074,46bbbf853561e26625ee3ecbccb6037051556f2f3ca26dcb4e311c165c08d8e9,True,False,NO_ENTRY,ff09f2498192fa0e822678145ada64be74df6e2633d7af4161aea664587f8348
2026-09-09,PG,LIVE_SHADOW,-0.00043572917552639305,0.004169302031063523,0.0,43.990931687558714,0.38773004036694386,0.09253329770580727,0.21562704016090806,0.11697815762642896,0.13152583875299814,0.05560562538691368,0.04371584699453552,0.5136612021857924,0.40437158469945356,0.16393442622950818,0.11475409836065574,0.03278688524590164,-0.01916813239485784,0.0,False,0.02443817517127764,46bbbf853561e26625ee3ecbccb6037051556f2f3ca26dcb4e311c165c08d8e9,True,False,NO_ENTRY,ff09f2498192fa0e822678145ada64be74df6e2633d7af4161aea664587f8348
2026-09-09,PH,LIVE_SHADOW,-0.0004853049085893079,0.003829645618586245,0.0,36.0199171944158,0.3280372733738286,0.1368366575285628,0.30664065389099293,0.09810576234703827,0.08987475065905016,0.04050490220052719,0.01092896174863388,0.2677595628415301,0.14207650273224043,0.14207650273224043,0.21311475409836064,0.10382513661202186,-0.017480642621430398,0.0,False,0.015351493874507686,46bbbf853561e26625ee3ecbccb6037051556f2f3ca26dcb4e311c165c08d8e9,True,False,NO_ENTRY,ff09f2498192fa0e822678145ada64be74df6e2633d7af4161aea664587f8348
2026-09-09,PLTR,LIVE_SHADOW,6.964902052732089e-06,0.0036913791660113477,0.610241145390979,41.83883614255201,0.317015359358894,0.2044561251834007,0.1853027294256205,0.11424495234197558,0.13223275549253766,0.0467480781975717,0.8688524590163934,0.12568306010928962,0.43169398907103823,0.8633879781420765,0.9344262295081968,0.8961748633879781,0.00029140339573318204,0.00020803293918005483,False,0.0014278003772511714,46bbbf853561e26625ee3ecbccb6037051556f2f3ca26dcb4e311c165c08d8e9,True,False,NO_ENTRY,ff09f2498192fa0e822678145ada64be74df6e2633d7af4161aea664587f8348
2026-09-09,PM,LIVE_SHADOW,-0.00032849990630717346,0.0031120345135749374,0.0,45.39974413862831,0.23377963841846236,0.13843465723121665,0.3293388933212713,0.10536777426550581,0.14180501676170446,0.05127402000183936,0.453551912568306,0.47540983606557374,0.3825136612021858,0.3825136612021858,0.273224043715847,0.2896174863387978,-0.014913811695909046,0.0,False,0.011106285869022983,46bbbf853561e26625ee3ecbccb6037051556f2f3ca26dcb4e311c165c08d8e9,True,False,NO_ENTRY,ff09f2498192fa0e822678145ada64be74df6e2633d7af4161aea664587f8348
2026-09-09,PNC,LIVE_SHADOW,-0.00025788907186023296,0.00423403205495179,0.0,36.25972651281963,0.38489859317174163,0.12217165540649978,0.2579605806216403,0.08905539949143694,0.10726734059705145,0.03864643071162987,0.16393442622950818,0.5409836065573771,0.5956284153005464,0.6229508196721312,0.6830601092896175,0.6666666666666666,-0.009350987216296937,0.0,False,0.03289783518686163,46bbbf853561e26625ee3ecbccb6037051556f2f3ca26dcb4e311c165c08d8e9,True,False,NO_ENTRY,ff09f2498192fa0e822678145ada64be74df6e2633d7af4161aea664587f8348
2026-09-09,PSX,LIVE_SHADOW,-0.00019022083128469535,0.003016795214952846,0.0,42.05825487330578,0.18892766021142815,0.20661461784929633,0.34112806477899743,0.08403398136728639,0.13636090972496487,0.04293476606802681,0.4808743169398907,0.7103825136612022,0.6775956284153005,0.4207650273224044,0.7650273224043715,0.6830601092896175,-0.008000356204383814,0.0,False,0.009869355815437122,46bbbf853561e26625ee3ecbccb6037051556f2f3ca26dcb4e311c165c08d8e9,True,False,NO_ENTRY,ff09f2498192fa0e822678145ada64be74df6e2633d7af4161aea664587f8348
2026-09-09,QCOM,LIVE_SHADOW,-0.00018799495759301606,0.003502188082733769,0.3777666747832145,36.3386667593456,0.27024860344975293,0.12861062992857183,0.3777666747832145,0.0681220066317708,0.1292792569912519,0.025972828215437914,0.6775956284153005,0.5683060109289617,0.7759562841530054,0.546448087431694,0.20765027322404372,0.5409836065573771,-0.0068314861164099185,0.0,False,0.004791452159589375,46bbbf853561e26625ee3ecbccb6037051556f2f3ca26dcb4e311c165c08d8e9,True,False,NO_ENTRY,ff09f2498192fa0e822678145ada64be74df6e2633d7af4161aea664587f8348
2026-09-09,RCL,LIVE_SHADOW,-3.5891159515533194e-05,0.002985405617120156,0.5080118561640322,36.912274679748585,0.16029523207766486,0.20245270804014082,0.3883219801781424,0.11968987598588982,0.10174312167222913,0.027497082045933006,0.46994535519125685,0.8032786885245902,0.8469945355191257,0.825136612021858,0.7213114754098361,0.5901639344262295,-0.0013248243386120334,0.0,False,0.008891058446116757,46bbbf853561e26625ee3ecbccb6037051556f2f3ca26dcb4e311c165c08d8e9,True,False,NO_ENTRY,ff09f2498192fa0e822678145ada64be74df6e2633d7af4161aea664587f8348
2026-09-09,REGN,LIVE_SHADOW,-0.00018830905874882403,0.003346670610515661,0.0,31.418666379233255,0.21000110828984123,0.2508887503172574,0.35527856341553415,0.0846455195523576,0.0706016350753265,0.028584423349683162,0.44808743169398907,0.8142076502732241,0.6994535519125683,0.41530054644808745,0.5191256830601093,0.45901639344262296,-0.005916419493016738,0.0,False,0.014730895100374928,46bbbf853561e26625ee3ecbccb6037051556f2f3ca26dcb4e311c165c08d8e9,True,False,NO_ENTRY,ff09f2498192fa0e822678145ada64be74df6e2633d7af4161aea664587f8348
2026-09-09,RIO,LIVE_SHADOW,-0.00029133461859028666,0.0033345513902990286,0.0,38.00867853911082,0.2451096382686779,0.2179837060817146,0.29835870025957584,0.07327539646605392,0.13188704056853684,0.033385518355440895,0.4426229508196721,0.6775956284153005,0.4207650273224044,0.4972677595628415,0.3114754098360656,0.453551912568306,-0.011073243865312664,0.0,False,0.01333682976091994,46bbbf853561e26625ee3ecbccb6037051556f2f3ca26dcb4e311c165c08d8e9,True,False,NO_ENTRY,ff09f2498192fa0e822678145ada64be74df6e2633d7af4161aea664587f8348
2026-09-09,ROP,LIVE_SHADOW,-5.208039773783824e-05,0.0028380623950660273,0.3270262420200592,48.20514237872591,0.2107529089471554,0.15629079148853908,0.2650539006033518,0.15427581140791322,0.17275043061214598,0.040876156940894436,0.5573770491803278,0.6065573770491803,0.5901639344262295,0.8688524590163934,0.9180327868852459,0.6721311475409836,-0.002510542988093167,0.0,False,0.007119413045750562,46bbbf853561e26625ee3ecbccb6037051556f2f3ca26dcb4e311c165c08d8e9,True,False,NO_ENTRY,ff09f2498192fa0e822678145ada64be74df6e2633d7af4161aea664587f8348
2026-09-09,RTX,LIVE_SHADOW,-0.0004448192949728389,0.0037459484987493784,0.0,30.10945603607163,0.299937618323442,0.1934724325775819,0.322475568105766,0.08160630961641867,0.07956727505585809,0.022940796320933304,0.14207650273224043,0.1366120218579235,0.17486338797814208,0.29508196721311475,0.3224043715846995,0.4207650273224044,-0.013393267005981072,0.0,False,0.017365697078435095,46bbbf853561e26625ee3ecbccb6037051556f2f3ca26dcb4e311c165c08d8e9,True,False,NO_ENTRY,ff09f2498192fa0e822678145ada64be74df6e2633d7af4161aea664587f8348
2026-09-09,SAP,LIVE_SHADOW,-0.0004855458087072815,0.0028376845243175304,0.0,42.09399694879481,0.12384122150931388,0.21991991036273584,0.3790225055882468,0.11840454934381195,0.11689172924346547,0.04192008395242607,0.4918032786885246,0.03278688524590164,0.0546448087431694,0.07103825136612021,0.10382513661202186,0.13114754098360656,-0.020438563790224417,0.0,False,0.005088885644878344,46bbbf853561e26625ee3ecbccb6037051556f2f3ca26dcb4e311c165c08d8e9,True,False,NO_ENTRY,ff09f2498192fa0e822678145ada64be74df6e2633d7af4161aea664587f8348
2026-09-09,SBUX,LIVE_SHADOW,-0.00030821482457330565,0.004022172123210283,0.0,43.10755323918393,0.3647389134721498,0.14485994209061176,0.21538750963485617,0.08483646236004834,0.13247974347614486,0.057697428966189096,0.15846994535519127,0.3825136612021858,0.5573770491803278,0.37158469945355194,0.18032786885245902,0.08743169398907104,-0.013286386959399508,0.0,False,0.019456262657606714,46bbbf853561e26625ee3ecbccb6037051556f2f3ca26dcb4e311c165c08d8e9,True,False,NO_ENTRY,ff09f2498192fa0e822678145ada64be74df6e2633d7af4161aea664587f8348
2026-09-09,SCHW,LIVE_SHADOW,-0.00023450792578278822,0.0037090443718763863,0.0,36.02504405145069,0.31485811576644507,0.14654639306098352,0.2929421216052169,0.11707278944936886,0.09318353368780474,0.035397046430180934,0.2677595628415301,0.6010928961748634,0.644808743169399,0.7431693989071039,0.6284153005464481,0.366120218579235,-0.008448158356739276,0.0,False,0.0202274573220529,46bbbf853561e26625ee3ecbccb6037051556f2f3ca26dcb4e311c165c08d8e9,True,False,NO_ENTRY,ff09f2498192fa0e822678145ada64be74df6e2633d7af4161aea664587f8348
2026-09-09,SHEL,LIVE_SHADOW,-0.0004955761932159743,0.0033558608869454307,0.0,37.53237301773508,0.25502013734959006,0.18170377161477558,0.32063185997726895,0.1025820701093371,0.10168932841228297,0.0383728325367453,0.08196721311475409,0.00546448087431694,0.01092896174863388,0.01092896174863388,0.04371584699453552,0.03825136612021858,-0.018600150542491103,0.0,False,0.0188597807593925,46bbbf853561e26625ee3ecbccb6037051556f2f3ca26dcb4e311c165c08d8e9,True,False,NO_ENTRY,ff09f2498192fa0e822678145ada64be74df6e2633d7af4161aea664587f8348
2026-09-09,SHOP,LIVE_SHADOW,-0.00024522207045451236,0.003584451064202009,0.3308142479749505,39.27010367485516,0.2830897346978648,0.1073598701818913,0.3840296726501544,0.07102766004070382,0.10676854915229998,0.047724513277085726,0.8142076502732241,0.41530054644808745,0.07650273224043716,0.36065573770491804,0.8142076502732241,0.9234972677595629,-0.009629896130111336,0.0,False,0.0025202303041919486,46bbbf853561e26625ee3ecbccb6037051556f2f3ca26dcb4e311c165c08d8e9,True,False,NO_ENTRY,ff09f2498192fa0e822678145ada64be74df6e2633d7af4161aea664587f8348
2026-09-09,SHW,LIVE_SHADOW,-0.00048204431562729415,0.0043577144883479605,0.0,26.236867028464374,0.37957201500820426,0.19166856694006998,0.2889209176281057,0.05825833547690221,0.056134839119140405,0.025445325827577612,0.02185792349726776,0.17486338797814208,0.26229508196721313,0.4426229508196721,0.4644808743169399,0.5956284153005464,-0.012647332610940427,0.0,False,0.014521038649117737,46bbbf853561e26625ee3ecbccb6037051556f2f3ca26dcb4e311c165c08d8e9,True,False,NO_ENTRY,ff09f2498192fa0e822678145ada64be74df6e2633d7af4161aea664587f8348
2026-09-09,SID,LIVE_SHADOW,-0.00021484503036674988,0.003953766338615479,0.3395991076324083,33.926060526713506,0.3395991076324083,0.17625847634562763,0.2785968358939057,0.06287320595580331,0.11236581167832844,0.03030656249392644,0.9180327868852459,0.20765027322404372,0.2677595628415301,0.4098360655737705,0.16393442622950818,0.32786885245901637,-0.007288845504085957,0.0,False,0.003000173433414345,46bbbf853561e26625ee3ecbccb6037051556f2f3ca26dcb4e311c165c08d8e9,True,False,NO_ENTRY,ff09f2498192fa0e822678145ada64be74df6e2633d7af4161aea664587f8348
2026-09-09,SLB,LIVE_SHADOW,-0.0003011852338751508,0.003704418193532054,0.0,39.89905197402906,0.3263211313154698,0.14280634145808627,0.23513960603773468,0.12014329698825672,0.1463681237552525,0.029221500445200197,0.6830601092896175,0.453551912568306,0.5245901639344263,0.3114754098360656,0.23497267759562843,0.47540983606557374,-0.012017005300194738,0.0,False,0.005912767149769727,46bbbf853561e26625ee3ecbccb6037051556f2f3ca26dcb4e311c165c08d8e9,True,False,NO_ENTRY,ff09f2498192fa0e822678145ada64be74df6e2633d7af4161aea664587f8348
2026-09-09,SNPS,LIVE_SHADOW,6.428083247299961e-05,0.0034529732894580524,0.8831345241058272,43.10455580988096,0.29041606073306825,0.11686547589417245,0.2955450417167324,0.1246532197767335,0.12410124353974732,0.04841895833954584,0.825136612021858,0.6120218579234973,0.7650273224043715,0.9289617486338798,0.9016393442622951,0.9289617486338798,0.0027707967308380197,0.0061008640232913325,True,0.004403689347104249,46bbbf853561e26625ee3ecbccb6037051556f2f3ca26dcb4e311c165c08d8e9,True,False,ELIGIBLE_ENTRY,ff09f2498192fa0e822678145ada64be74df6e2633d7af4161aea664587f8348
2026-09-09,SNY,LIVE_SHADOW,-0.0003039871612708727,0.004318303880838309,0.0,38.62963742951452,0.3964834938247994,0.14620826073730447,0.21450637427134284,0.07153348912007833,0.1254290284494376,0.045839353597037336,0.20765027322404372,0.5628415300546448,0.5081967213114754,0.4808743169398907,0.29508196721311475,0.30601092896174864,-0.01174291382312117,0.0,False,0.018341559621219736,46bbbf853561e26625ee3ecbccb6037051556f2f3ca26dcb4e311c165c08d8e9,True,False,NO_ENTRY,ff09f2498192fa0e822678145ada64be74df6e2633d7af4161aea664587f8348
2026-09-09,SONY,LIVE_SHADOW,-0.0003864538959880307,0.003170166019246238,0.0,42.56240131626549,0.2387305696695742,0.14159998658302844,0.3339845964461636,0.11562805199357935,0.1251434762422696,0.04491331906538475,0.37158469945355194,0.3989071038251366,0.28415300546448086,0.2459016393442623,0.22404371584699453,0.2459016393442623,-0.016448405811276885,0.0,False,0.010107866333285058,46bbbf853561e26625ee3ecbccb6037051556f2f3ca26dcb4e311c165c08d8e9,True,False,NO_ENTRY,ff09f2498192fa0e822678145ada64be74df6e2633d7af4161aea664587f8348
2026-09-09,SPCX,LIVE_SHADOW,-0.0002775783774227604,0.0035951979050145954,0.4297567800512634,36.161329850254546,0.2805996307045494,0.2128381173965399,0.3010430596039795,0.05636204294821722,0.10878965819377383,0.04036749115294015,0.8360655737704918,0.0546448087431694,0.19672131147540983,0.5737704918032787,0.8524590163934426,0.8469945355191257,-0.010037603265282889,0.0,False,0.0018107789921266353,46bbbf853561e26625ee3ecbccb6037051556f2f3ca26dcb4e311c165c08d8e9,True,False,NO_ENTRY,ff09f2498192fa0e822678145ada64be74df6e2633d7af4161aea664587f8348
2026-09-09,SPGI,LIVE_SHADOW,-0.00046328868041471514,0.0027657737823378555,0.0,45.98022580701072,0.15235526507086894,0.17225777431289963,0.36367282839404397,0.12989871295004848,0.13173479744648034,0.05008062182565853,0.4371584699453552,0.19672131147540983,0.09289617486338798,0.01639344262295082,0.03278688524590164,0.02185792349726776,-0.021302118139300625,0.0,False,0.007170254140210753,46bbbf853561e26625ee3ecbccb6037051556f2f3ca26dcb4e311c165c08d8e9,True,False,NO_ENTRY,ff09f2498192fa0e822678145ada64be74df6e2633d7af4161aea664587f8348
2026-09-09,STLD,LIVE_SHADOW,0.0003947875624393116,0.0032247668015155722,1.0000000000000002,39.21548171971611,0.2353571714784257,0.1894316351506936,0.31878036451316316,0.10527307864754075,0.11090428447926688,0.04025346573090997,0.819672131147541,0.9672131147540983,0.9289617486338798,0.9508196721311475,0.9617486338797814,0.9398907103825137,0.015481784438010106,0.046530296408456,True,0.00601097329507019,46bbbf853561e26625ee3ecbccb6037051556f2f3ca26dcb4e311c165c08d8e9,True,False,ELIGIBLE_ENTRY,ff09f2498192fa0e822678145ada64be74df6e2633d7af4161aea664587f8348
2026-09-09,SYK,LIVE_SHADOW,-0.00020572147557947076,0.003976563514677394,0.0,34.773157152914294,0.3392237938565629,0.2123580609960164,0.24131616400703462,0.07976888143137016,0.08141620999260325,0.04591688971641278,0.7759562841530054,0.23497267759562843,0.5792349726775956,0.5901639344262295,0.5846994535519126,0.7540983606557377,-0.007153585200054357,0.0,False,0.006577355064484282,46bbbf853561e26625ee3ecbccb6037051556f2f3ca26dcb4e311c165c08d8e9,True,False,NO_ENTRY,ff09f2498192fa0e822678145ada64be74df6e2633d7af4161aea664587f8348
2026-09-09,T,LIVE_SHADOW,-0.00033040836161700584,0.00332909151331538,0.0,35.31211867138117,0.24137464500681416,0.19597994037787192,0.33449138585638133,0.11590341097324945,0.07413440920413908,0.03811620858154407,0.4262295081967213,0.33879781420765026,0.3551912568306011,0.3224043715846995,0.5136612021857924,0.3879781420765027,-0.011667419275436334,0.0,False,0.01340170116374246,46bbbf853561e26625ee3ecbccb6037051556f2f3ca26dcb4e311c165c08d8e9,True,False,NO_ENTRY,ff09f2498192fa0e822678145ada64be74df6e2633d7af4161aea664587f8348
2026-09-09,TEAM,LIVE_SHADOW,-0.0003637363842374595,0.003516333237454007,0.254535298711718,31.80288646251025,0.254535298711718,0.20407420857578076,0.3627689353383344,0.06902826030531138,0.0797357371457811,0.029857559923074428,0.8306010928961749,0.02185792349726776,0.02185792349726776,0.31693989071038253,0.73224043715847,0.73224043715847,-0.011567866930187928,0.0,False,0.0012825984434376209,46bbbf853561e26625ee3ecbccb6037051556f2f3ca26dcb4e311c165c08d8e9,True,False,NO_ENTRY,ff09f2498192fa0e822678145ada64be74df6e2633d7af4161aea664587f8348
2026-09-09,TGT,LIVE_SHADOW,9.029196512355117e-05,0.002839135596492692,0.7894391795846276,44.12880957856653,0.1668331519603381,0.20539377907599576,0.3253742769727623,0.12211144644038922,0.13655967709548048,0.04372766845503424,0.5628415300546448,0.8524590163934426,0.7868852459016393,0.8797814207650273,0.9289617486338798,0.8306010928961749,0.00398447693541176,0.015914044066372108,True,0.007988021677293277,46bbbf853561e26625ee3ecbccb6037051556f2f3ca26dcb4e311c165c08d8e9,True,False,ELIGIBLE_ENTRY,ff09f2498192fa0e822678145ada64be74df6e2633d7af4161aea664587f8348
2026-09-09,TJX,LIVE_SHADOW,-0.0002914662497575087,0.003792130029385883,0.0,32.9705520072677,0.3112003838290541,0.2209933056746512,0.25961070052677987,0.08180540649228048,0.09656252003757232,0.02982768343966194,0.2568306010928962,0.7978142076502732,0.3879781420765027,0.6065573770491803,0.3442622950819672,0.41530054644808745,-0.009609803145993218,0.0,False,0.02130950717819689,46bbbf853561e26625ee3ecbccb6037051556f2f3ca26dcb4e311c165c08d8e9,True,False,NO_ENTRY,ff09f2498192fa0e822678145ada64be74df6e2633d7af4161aea664587f8348
2026-09-09,TM,LIVE_SHADOW,-0.0005413067017164077,0.0035829586205904183,0.0,31.890968030980844,0.285608780780458,0.17578816643956488,0.31973982630493974,0.10307018515674395,0.0988925120078064,0.01690052931048693,0.01639344262295082,0.04371584699453552,0.0273224043715847,0.02185792349726776,0.07650273224043716,0.4426229508196721,-0.017262794719393643,0.0,False,0.020796410820473076,46bbbf853561e26625ee3ecbccb6037051556f2f3ca26dcb4e311c165c08d8e9,True,False,NO_ENTRY,ff09f2498192fa0e822678145ada64be74df6e2633d7af4161aea664587f8348
2026-09-09,TMO,LIVE_SHADOW,-0.0003923290910219968,0.003495538975540757,0.0,39.59334779093787,0.2912918536743845,0.16657236028823708,0.26435060630990337,0.11505329578636478,0.1267233311125467,0.03600855282856356,0.18032786885245902,0.24043715846994534,0.29508196721311475,0.13114754098360656,0.09289617486338798,0.25136612021857924,-0.01553362214933644,0.0,False,0.011349700622480167,46bbbf853561e26625ee3ecbccb6037051556f2f3ca26dcb4e311c165c08d8e9,True,False,NO_ENTRY,ff09f2498192fa0e822678145ada64be74df6e2633d7af4161aea664587f8348
2026-09-09,TMUS,LIVE_SHADOW,-0.00047337519409938994,0.0032299694233187,0.0,34.30310905619638,0.208074586554552,0.20741603649160803,0.3715844047798231,0.08669081187432026,0.10042098064448277,0.025813179655213975,0.3005464480874317,0.04918032786885246,0.04371584699453552,0.23497267759562843,0.17486338797814208,0.3551912568306011,-0.0162382409076895,0.0,False,0.0073109718242089115,46bbbf853561e26625ee3ecbccb6037051556f2f3ca26dcb4e311c165c08d8e9,True,False,NO_ENTRY,ff09f2498192fa0e822678145ada64be74df6e2633d7af4161aea664587f8348
2026-09-09,TSLA,LIVE_SHADOW,-0.00026372009434894093,0.003532742922270868,0.0,40.286527013017206,0.28534631301734054,0.20612879166134315,0.25871914245164845,0.07528303710981721,0.12782259027111595,0.04670012548873476,0.6284153005464481,0.3224043715846995,0.5519125683060109,0.47540983606557374,0.6994535519125683,0.6885245901639344,-0.010624366704864056,0.0,False,0.0030597046699921606,46bbbf853561e26625ee3ecbccb6037051556f2f3ca26dcb4e311c165c08d8e9,True,False,NO_ENTRY,ff09f2498192fa0e822678145ada64be74df6e2633d7af4161aea664587f8348
2026-09-09,TSM,LIVE_SHADOW,-0.0002310029143757326,0.004168761225719815,0.0,35.36210055478136,0.37116194143915954,0.16549938804933828,0.25166256465429826,0.07749214104519916,0.088226075161598,0.04595788965040676,0.7377049180327869,0.5901639344262295,0.45901639344262296,0.46994535519125685,0.4426229508196721,0.6775956284153005,-0.008168748286602204,0.0,False,0.005549079238033793,46bbbf853561e26625ee3ecbccb6037051556f2f3ca26dcb4e311c165c08d8e9,True,False,NO_ENTRY,ff09f2498192fa0e822678145ada64be74df6e2633d7af4161aea664587f8348
2026-09-09,TTWO,LIVE_SHADOW,0.00020595072760441185,0.0028951965327571353,0.7897518921808157,41.72963307517854,0.17322804006487344,0.19599589888529148,0.34246566486256574,0.12382793162152357,0.12746239681143476,0.03702006775431098,0.6120218579234973,0.8907103825136612,0.8797814207650273,0.9617486338797814,0.9562841530054644,0.7978142076502732,0.00859424829449815,0.031312920672227684,True,0.007286948107439141,46bbbf853561e26625ee3ecbccb6037051556f2f3ca26dcb4e311c165c08d8e9,True,False,ELIGIBLE_ENTRY,ff09f2498192fa0e822678145ada64be74df6e2633d7af4161aea664587f8348
2026-09-09,TXN,LIVE_SHADOW,-0.00021662104097414325,0.00377384459097267,0.0,33.119133239725244,0.3045927841945857,0.1676327186780922,0.3461492570023486,0.07350968733734149,0.06559729962726778,0.04251825316036426,0.7213114754098361,0.6557377049180327,0.7213114754098361,0.5628415300546448,0.4808743169398907,0.7158469945355191,-0.007174301118550632,0.0,False,0.006023512642466938,46bbbf853561e26625ee3ecbccb6037051556f2f3ca26dcb4e311c165c08d8e9,True,False,NO_ENTRY,ff09f2498192fa0e822678145ada64be74df6e2633d7af4161aea664587f8348
2026-09-09,UBER,LIVE_SHADOW,-0.0003578697361069636,0.003253301793639275,0.0,35.272313335328896,0.19977010989136584,0.25740953163785435,0.335244647443976,0.07865531292564544,0.09252109527588354,0.036399302825274815,0.5136612021857924,0.2185792349726776,0.36065573770491804,0.4644808743169399,0.4262295081967213,0.4098360655737705,-0.012622893465196286,0.0,False,0.006213926278597973,46bbbf853561e26625ee3ecbccb6037051556f2f3ca26dcb4e311c165c08d8e9,True,False,NO_ENTRY,ff09f2498192fa0e822678145ada64be74df6e2633d7af4161aea664587f8348
2026-09-09,UL,LIVE_SHADOW,-0.0005360334074550503,0.003465591098281419,0.0,37.0108713620152,0.2722803120051269,0.17801625330012455,0.3141077459615193,0.09600337706166033,0.10113873344831098,0.03845357822325792,0.0273224043715847,0.01092896174863388,0.01639344262295082,0.04918032786885246,0.03825136612021858,0.0273224043715847,-0.019839063489061545,0.0,False,0.0142595838322182,46bbbf853561e26625ee3ecbccb6037051556f2f3ca26dcb4e311c165c08d8e9,True,False,NO_ENTRY,ff09f2498192fa0e822678145ada64be74df6e2633d7af4161aea664587f8348
2026-09-09,UNH,LIVE_SHADOW,-0.0002934624631121613,0.0036118023237866714,0.0,41.62707449994808,0.3109781909797064,0.1683190583335157,0.23146389095811212,0.10873282421550189,0.13827102469466107,0.04223501081850281,0.3224043715846995,0.3879781420765027,0.46994535519125685,0.33879781420765026,0.2459016393442623,0.33879781420765026,-0.012215983814908203,0.0,False,0.017371485853287107,46bbbf853561e26625ee3ecbccb6037051556f2f3ca26dcb4e311c165c08d8e9,True,False,NO_ENTRY,ff09f2498192fa0e822678145ada64be74df6e2633d7af4161aea664587f8348
2026-09-09,UNP,LIVE_SHADOW,-0.00043376027848996725,0.0031449330361495143,0.0,44.81229171691268,0.24415916033190976,0.1417779464256592,0.3060920981742297,0.13354126220296691,0.12058214792958448,0.05384738493565001,0.273224043715847,0.31693989071038253,0.22404371584699453,0.03278688524590164,0.12568306010928962,0.00546448087431694,-0.019437792134901696,0.0,False,0.017287816699860552,46bbbf853561e26625ee3ecbccb6037051556f2f3ca26dcb4e311c165c08d8e9,True,False,NO_ENTRY,ff09f2498192fa0e822678145ada64be74df6e2633d7af4161aea664587f8348
2026-09-09,UPS,LIVE_SHADOW,4.897447052166396e-05,0.0033787729528569916,0.6479760599481994,32.76530279082654,0.24282910146674613,0.19352927849016607,0.35290196222239245,0.10154481923564083,0.0837269941168854,0.025467844468169035,0.24043715846994534,0.8852459016393442,0.9016393442622951,0.8360655737704918,0.7158469945355191,0.6284153005464481,0.001604663355662728,0.011927988959185207,False,0.014866655884042335,46bbbf853561e26625ee3ecbccb6037051556f2f3ca26dcb4e311c165c08d8e9,True,False,NO_ENTRY,ff09f2498192fa0e822678145ada64be74df6e2633d7af4161aea664587f8348
2026-09-09,USB,LIVE_SHADOW,-0.00017845789278303197,0.0036776698329121418,0.11328774447574483,35.5974897214882,0.30856567193629936,0.15867993813010137,0.2923630426770168,0.11328774447574483,0.09247554122992754,0.03462806155091016,0.1912568306010929,0.6994535519125683,0.7158469945355191,0.8142076502732241,0.6939890710382514,0.6939890710382514,-0.006352653004062424,0.0,False,0.028013331032309654,46bbbf853561e26625ee3ecbccb6037051556f2f3ca26dcb4e311c165c08d8e9,True,False,NO_ENTRY,ff09f2498192fa0e822678145ada64be74df6e2633d7af4161aea664587f8348
2026-09-09,V,LIVE_SHADOW,-0.0005356689853709484,0.0031917991658192975,0.0,40.9392011082135,0.23511728414396135,0.1732574953010103,0.32430539858277924,0.1020172063200654,0.1229724224297443,0.042330193222439555,0.21311475409836064,0.13114754098360656,0.09836065573770492,0.1092896174863388,0.00546448087431694,0.06557377049180328,-0.021929860319533933,0.0,False,0.022939479944508817,46bbbf853561e26625ee3ecbccb6037051556f2f3ca26dcb4e311c165c08d8e9,True,False,NO_ENTRY,ff09f2498192fa0e822678145ada64be74df6e2633d7af4161aea664587f8348
2026-09-09,VALE,LIVE_SHADOW,-0.0002646595013811926,0.0036343531792300617,0.0,35.98090411697005,0.2875717959769216,0.25254616460079304,0.2182476364083872,0.09442729130663038,0.11446362777060258,0.032743483936665214,0.644808743169399,0.7923497267759563,0.5136612021857924,0.39344262295081966,0.3333333333333333,0.43169398907103823,-0.009522688142841794,0.0,False,0.012400498072122814,46bbbf853561e26625ee3ecbccb6037051556f2f3ca26dcb4e311c165c08d8e9,True,False,NO_ENTRY,ff09f2498192fa0e822678145ada64be74df6e2633d7af4161aea664587f8348
2026-09-09,VIST,LIVE_SHADOW,0.0005092265754984414,0.0034176125557846314,0.9999999999999998,37.083020552619516,0.26359194511241985,0.18196736139850517,0.3186877801636335,0.09583865550292386,0.1017960658458343,0.03811819197668313,0.9344262295081968,0.9890710382513661,0.9781420765027322,0.9344262295081968,0.9508196721311475,0.9508196721311475,0.018883659565148758,0.05700102986301798,True,0.006037074505221196,46bbbf853561e26625ee3ecbccb6037051556f2f3ca26dcb4e311c165c08d8e9,True,False,ELIGIBLE_ENTRY,ff09f2498192fa0e822678145ada64be74df6e2633d7af4161aea664587f8348
2026-09-09,VLO,LIVE_SHADOW,-1.9885262680997058e-05,0.0033353339701177836,0.34673881863499934,36.53817296440242,0.24803056099787466,0.168991070081393,0.34673881863499934,0.09907527382739408,0.10482258341853004,0.032341693039809064,0.7486338797814208,0.7814207650273224,0.8633879781420765,0.7978142076502732,0.8087431693989071,0.7103825136612022,-0.0007265711672808471,0.0,False,0.008777801677816503,46bbbf853561e26625ee3ecbccb6037051556f2f3ca26dcb4e311c165c08d8e9,True,False,NO_ENTRY,ff09f2498192fa0e822678145ada64be74df6e2633d7af4161aea664587f8348
2026-09-09,VRTX,LIVE_SHADOW,-0.00043312698061474293,0.0033743360794678662,0.0,36.47111328956471,0.24820455885986284,0.19107845310398391,0.33966725870157105,0.08915998692388331,0.09136252661162894,0.04052721579907008,0.29508196721311475,0.20218579234972678,0.20218579234972678,0.3005464480874317,0.30601092896174864,0.22404371584699453,-0.01579662317876739,0.0,False,0.011727882470337236,46bbbf853561e26625ee3ecbccb6037051556f2f3ca26dcb4e311c165c08d8e9,True,False,NO_ENTRY,ff09f2498192fa0e822678145ada64be74df6e2633d7af4161aea664587f8348
2026-09-09,VZ,LIVE_SHADOW,-0.00042447467123569256,0.003070124676157395,0.0,44.479546595838976,0.22751152157015075,0.1661636590618809,0.304584496611878,0.12297583994784897,0.12756467878345398,0.05119980402478744,0.2896174863387978,0.22404371584699453,0.20765027322404372,0.06557377049180328,0.06557377049180328,0.01639344262295082,-0.01888044091798142,0.0,False,0.012618179706261222,46bbbf853561e26625ee3ecbccb6037051556f2f3ca26dcb4e311c165c08d8e9,True,False,NO_ENTRY,ff09f2498192fa0e822678145ada64be74df6e2633d7af4161aea664587f8348
2026-09-09,WFC,LIVE_SHADOW,-0.00028423648483579195,0.004579273225760918,0.0,29.768002294351042,0.41900119446051104,0.1330133959312167,0.2669584680788524,0.07425436783833127,0.07847164878253687,0.028300924908551475,0.15300546448087432,0.546448087431694,0.5846994535519126,0.5409836065573771,0.453551912568306,0.5355191256830601,-0.00846115233273013,0.0,False,0.0244200352821639,46bbbf853561e26625ee3ecbccb6037051556f2f3ca26dcb4e311c165c08d8e9,True,False,NO_ENTRY,ff09f2498192fa0e822678145ada64be74df6e2633d7af4161aea664587f8348
2026-09-09,WM,LIVE_SHADOW,-0.00038555075922682894,0.003692767606283284,0.0,35.890666190250016,0.30140012366105495,0.1722399141663563,0.3170817861778361,0.07354127833285612,0.09317078942458203,0.04256610823731448,0.23497267759562843,0.2896174863387978,0.273224043715847,0.40437158469945356,0.32786885245901637,0.23497267759562843,-0.013837673598807575,0.0,False,0.023623541894318676,46bbbf853561e26625ee3ecbccb6037051556f2f3ca26dcb4e311c165c08d8e9,True,False,NO_ENTRY,ff09f2498192fa0e822678145ada64be74df6e2633d7af4161aea664587f8348
2026-09-09,WMB,LIVE_SHADOW,-0.00036493710126450353,0.0030565339727723533,0.0,47.273203729052774,0.23655403110660728,0.11749683897399857,0.31279961068024165,0.14355984866250227,0.13432359799159918,0.055266072585051125,0.3825136612021858,0.4644808743169399,0.3224043715846995,0.1366120218579235,0.19672131147540983,0.14207650273224043,-0.017251745936366837,0.0,False,0.011359106618223305,46bbbf853561e26625ee3ecbccb6037051556f2f3ca26dcb4e311c165c08d8e9,True,False,NO_ENTRY,ff09f2498192fa0e822678145ada64be74df6e2633d7af4161aea664587f8348
2026-09-09,WMT,LIVE_SHADOW,-0.0004820432200386677,0.0037712358661238627,0.0,36.13091599406701,0.31759871845002485,0.13123772113073892,0.3268930426286866,0.08915836320183919,0.09625060917067914,0.0388615454180314,0.0546448087431694,0.3005464480874317,0.12021857923497267,0.21311475409836064,0.1912568306010929,0.14754098360655737,-0.017416663088726664,0.0,False,0.013512918168151871,46bbbf853561e26625ee3ecbccb6037051556f2f3ca26dcb4e311c165c08d8e9,True,False,NO_ENTRY,ff09f2498192fa0e822678145ada64be74df6e2633d7af4161aea664587f8348
2026-09-09,XOM,LIVE_SHADOW,-0.000353839441483318,0.0034106392003277176,0.0,39.99885996307625,0.28092370323709476,0.15431333231724298,0.2780572659720138,0.13688592135819502,0.10968012356293856,0.04013965355251485,0.28415300546448086,0.34972677595628415,0.3442622950819672,0.12568306010928962,0.2677595628415301,0.2786885245901639,-0.014153174269304349,0.0,False,0.014873797415054207,46bbbf853561e26625ee3ecbccb6037051556f2f3ca26dcb4e311c165c08d8e9,True,False,NO_ENTRY,ff09f2498192fa0e822678145ada64be74df6e2633d7af4161aea664587f8348
2026-09-09,YPF,LIVE_SHADOW,0.0002907202068220276,0.003339572301014846,1.0,37.18319802060305,0.24835833019657536,0.17766749412799637,0.3390786073462143,0.10187152116329673,0.09281205965297745,0.04021198751293979,0.8469945355191257,0.9180327868852459,0.9672131147540983,0.9234972677595629,0.8415300546448088,0.9344262295081968,0.010809907018854127,0.04276147554769796,True,0.007911534386579907,46bbbf853561e26625ee3ecbccb6037051556f2f3ca26dcb4e311c165c08d8e9,True,False,ELIGIBLE_ENTRY,ff09f2498192fa0e822678145ada64be74df6e2633d7af4161aea664587f8348
2026-09-09,ZTS,LIVE_SHADOW,0.00011879118235557833,0.0035073654792860003,0.9009847223340821,37.32662806357522,0.28016052711380945,0.19198492898269356,0.28690300732717217,0.10094715923800462,0.09901527766591796,0.040989099672402225,0.8579234972677595,0.9016393442622951,0.7978142076502732,0.8524590163934426,0.819672131147541,0.8797814207650273,0.0044340742810190115,0.02210074557510118,True,0.009968595099864733,46bbbf853561e26625ee3ecbccb6037051556f2f3ca26dcb4e311c165c08d8e9,True,False,ELIGIBLE_ENTRY,ff09f2498192fa0e822678145ada64be74df6e2633d7af4161aea664587f8348
2026-09-10,AAPL,LIVE_SHADOW,-0.0003153715183483514,0.003648770468011114,0.0,37.80999381095019,0.3064326987248704,0.1683623085244833,0.2770345332250006,0.100024333443994,0.10818763039117324,0.039958495690478414,0.3224043715846995,0.3825136612021858,0.4098360655737705,0.366120218579235,0.34972677595628415,0.3551912568306011,-0.01192419515690113,0.0,False,0.009946558280544537,46bbbf853561e26625ee3ecbccb6037051556f2f3ca26dcb4e311c165c08d8e9,True,False,NO_ENTRY,ff09f2498192fa0e822678145ada64be74df6e2633d7af4161aea664587f8348
2026-09-10,ABBV,LIVE_SHADOW,-0.00047546349023428196,0.003007152060997575,0.0,40.05872825134027,0.1672154972499234,0.21338436262049473,0.3734036617485139,0.099594206261083,0.1003658412574679,0.046036430862517075,0.3989071038251366,0.04918032786885246,0.060109289617486336,0.17486338797814208,0.1912568306010929,0.06557377049180328,-0.019046462748728878,0.0,False,0.011339518909640328,46bbbf853561e26625ee3ecbccb6037051556f2f3ca26dcb4e311c165c08d8e9,True,False,NO_ENTRY,ff09f2498192fa0e822678145ada64be74df6e2633d7af4161aea664587f8348
2026-09-10,ABNB,LIVE_SHADOW,-0.0003070651714739995,0.0032019209811213235,0.0,41.433347158314746,0.23202759276137644,0.22344020852571814,0.2725845055793801,0.1057197957097291,0.11852652193725233,0.047701375486543844,0.5737704918032787,0.26229508196721313,0.41530054644808745,0.3442622950819672,0.3114754098360656,0.2786885245901639,-0.012722737849909668,0.0,False,0.004049301596879436,46bbbf853561e26625ee3ecbccb6037051556f2f3ca26dcb4e311c165c08d8e9,True,False,NO_ENTRY,ff09f2498192fa0e822678145ada64be74df6e2633d7af4161aea664587f8348
2026-09-10,ACN,LIVE_SHADOW,-6.260314940604893e-05,0.0034242275119219026,0.4515248440502267,35.08960743957236,0.26526087951709576,0.16418237854007736,0.3334353978569231,0.09746875267022938,0.11808944619330357,0.021563145222370857,0.7650273224043715,0.25136612021857924,0.819672131147541,0.7704918032786885,0.8579234972677595,0.546448087431694,-0.0021967199371391547,0.0,False,0.0030512839764226464,46bbbf853561e26625ee3ecbccb6037051556f2f3ca26dcb4e311c165c08d8e9,True,False,NO_ENTRY,ff09f2498192fa0e822678145ada64be74df6e2633d7af4161aea664587f8348
2026-09-10,ADBE,LIVE_SHADOW,-0.0003097504981813064,0.0037103308678795837,0.0,32.586570169520385,0.29618264449855264,0.2287742577756191,0.27019552717091583,0.08526546450851138,0.08967132400265626,0.029910782043744772,0.7486338797814208,0.14754098360655737,0.34972677595628415,0.3551912568306011,0.6502732240437158,0.6065573770491803,-0.010093706344029037,0.0,False,0.005107629721092421,46bbbf853561e26625ee3ecbccb6037051556f2f3ca26dcb4e311c165c08d8e9,True,False,NO_ENTRY,ff09f2498192fa0e822678145ada64be74df6e2633d7af4161aea664587f8348
2026-09-10,ADI,LIVE_SHADOW,-0.00018473514860315693,0.003362884803090491,0.0,33.03996407937892,0.23110592907295777,0.2247309618232918,0.34313794993648294,0.07887606607957913,0.09651340610470163,0.025635686982986555,0.39344262295081966,0.7923497267759563,0.7158469945355191,0.5846994535519126,0.644808743169399,0.5300546448087432,-0.006103642674047032,0.0,False,0.0078017971213988225,46bbbf853561e26625ee3ecbccb6037051556f2f3ca26dcb4e311c165c08d8e9,True,False,NO_ENTRY,ff09f2498192fa0e822678145ada64be74df6e2633d7af4161aea664587f8348
2026-09-10,ADSK,LIVE_SHADOW,0.00033960981706709963,0.003616582094117229,1.0,39.3977146967329,0.30567750337446126,0.1587544795205299,0.2743861319681813,0.10196560614365474,0.11701802219399382,0.04219825679917905,0.9781420765027322,0.8415300546448088,0.825136612021858,0.9180327868852459,0.9890710382513661,0.9617486338797814,0.013379850681019241,0.03135436161881798,True,0.004686802919751192,46bbbf853561e26625ee3ecbccb6037051556f2f3ca26dcb4e311c165c08d8e9,True,False,ELIGIBLE_ENTRY,ff09f2498192fa0e822678145ada64be74df6e2633d7af4161aea664587f8348
2026-09-10,AMAT,LIVE_SHADOW,0.0004181233218497977,0.0036389447886156223,0.9151477826216377,34.188338391583564,0.29164078345197936,0.16655727970138973,0.33395535971430157,0.08745515760614275,0.08485221737836222,0.035539202147824224,0.9672131147540983,0.8907103825136612,0.9726775956284153,0.8415300546448088,0.8032786885245902,0.8688524590163934,0.014294941616813888,0.012816418113635797,True,0.0017931403229462604,46bbbf853561e26625ee3ecbccb6037051556f2f3ca26dcb4e311c165c08d8e9,True,False,ELIGIBLE_ENTRY,ff09f2498192fa0e822678145ada64be74df6e2633d7af4161aea664587f8348
2026-09-10,AMD,LIVE_SHADOW,0.0003062121329217923,0.00367569069775277,0.9323886648099774,35.42662372695506,0.29718252447915167,0.18702475915922048,0.3087610706869702,0.06761133519002284,0.1007223958659221,0.03869791461871295,0.9508196721311475,0.9398907103825137,0.8907103825136612,0.6885245901639344,0.8797814207650273,0.8961748633879781,0.010848062013648683,0.012007050679120097,True,0.0022136766298004587,46bbbf853561e26625ee3ecbccb6037051556f2f3ca26dcb4e311c165c08d8e9,True,False,ELIGIBLE_ENTRY,ff09f2498192fa0e822678145ada64be74df6e2633d7af4161aea664587f8348
2026-09-10,AMGN,LIVE_SHADOW,-0.00034664714102622927,0.0035105584708315356,0.0,30.50218888505859,0.2479133629908896,0.24129288034416452,0.3323345458710525,0.07836498112937186,0.07365638177257805,0.02643784789194353,0.41530054644808745,0.24043715846994534,0.3551912568306011,0.5409836065573771,0.48633879781420764,0.4972677595628415,-0.010573496572047588,0.0,False,0.011459467230470095,46bbbf853561e26625ee3ecbccb6037051556f2f3ca26dcb4e311c165c08d8e9,True,False,NO_ENTRY,ff09f2498192fa0e822678145ada64be74df6e2633d7af4161aea664587f8348
2026-09-10,AMZN,LIVE_SHADOW,-0.000175997377847397,0.0029910970930863106,0.0,38.59040548204949,0.18759603733579897,0.17843147361738557,0.3629434969615178,0.12011177329535558,0.12597427964257926,0.02494293914736285,0.5300546448087432,0.6666666666666666,0.726775956284153,0.7431693989071039,0.7486338797814208,0.48633879781420764,-0.006791810174908525,0.0,False,0.005145327170271517,46bbbf853561e26625ee3ecbccb6037051556f2f3ca26dcb4e311c165c08d8e9,True,False,NO_ENTRY,ff09f2498192fa0e822678145ada64be74df6e2633d7af4161aea664587f8348
2026-09-10,ANET,LIVE_SHADOW,-6.0190902622462306e-05,0.003695010605950716,0.442749285941158,31.123024119496886,0.2992757406896907,0.17204856205737806,0.32297295038192175,0.11977633555923624,0.05601011360821846,0.02991629770355489,0.7923497267759563,0.7377049180327869,0.7650273224043715,0.8469945355191257,0.5191256830601093,0.6338797814207651,-0.0018733229140931826,0.0,False,0.003911619206442874,46bbbf853561e26625ee3ecbccb6037051556f2f3ca26dcb4e311c165c08d8e9,True,False,NO_ENTRY,ff09f2498192fa0e822678145ada64be74df6e2633d7af4161aea664587f8348
2026-09-10,APD,LIVE_SHADOW,-0.0002834217950883145,0.0045225893163418265,0.0,36.80619725994093,0.42192430664874603,0.11456136038869207,0.2208880333513999,0.07894390302863281,0.12766209594494737,0.03602030063758186,0.14207650273224043,0.5081967213114754,0.5300546448087432,0.5628415300546448,0.7377049180327869,0.3825136612021858,-0.01043167849778706,0.0,False,0.014011149983242162,46bbbf853561e26625ee3ecbccb6037051556f2f3ca26dcb4e311c165c08d8e9,True,False,NO_ENTRY,ff09f2498192fa0e822678145ada64be74df6e2633d7af4161aea664587f8348
2026-09-10,ARM,LIVE_SHADOW,9.064164060707618e-05,0.00405759232166581,0.7506966873996496,34.49372244399138,0.34804956506950013,0.1023803424643644,0.3567094532197903,0.07685944837540665,0.07006352176057938,0.04593766911035916,0.9180327868852459,0.4426229508196721,0.8524590163934426,0.6557377049180327,0.6065573770491803,0.8743169398907104,0.003126567592968504,0.0028344003506146722,True,0.0018131067161248,46bbbf853561e26625ee3ecbccb6037051556f2f3ca26dcb4e311c165c08d8e9,True,False,ELIGIBLE_ENTRY,ff09f2498192fa0e822678145ada64be74df6e2633d7af4161aea664587f8348
2026-09-10,ASML,LIVE_SHADOW,-0.00014219756504166848,0.004388903409519972,0.39586418162733816,30.80529138990662,0.39586418162733816,0.1809391022753388,0.22333366414119823,0.09196550705577139,0.07695610274274806,0.030941442157605276,0.825136612021858,0.6612021857923497,0.5355191256830601,0.3825136612021858,0.453551912568306,0.5683060109289617,-0.004380437426043797,0.0,False,0.005083186735130217,46bbbf853561e26625ee3ecbccb6037051556f2f3ca26dcb4e311c165c08d8e9,True,False,NO_ENTRY,ff09f2498192fa0e822678145ada64be74df6e2633d7af4161aea664587f8348
2026-09-10,AVGO,LIVE_SHADOW,-0.0001843650534177173,0.003864208392317952,0.0,32.2827318561209,0.32280227768542286,0.21708644549485534,0.2486910530663859,0.11126979885827275,0.06356106101238443,0.03658936388267864,0.7759562841530054,0.8032786885245902,0.39344262295081966,0.7486338797814208,0.5245901639344263,0.32786885245901637,-0.005951807583123573,0.0,False,0.00645587136318622,46bbbf853561e26625ee3ecbccb6037051556f2f3ca26dcb4e311c165c08d8e9,True,False,NO_ENTRY,ff09f2498192fa0e822678145ada64be74df6e2633d7af4161aea664587f8348
2026-09-10,AXP,LIVE_SHADOW,-0.00025541906970269446,0.00402423111621181,0.0,36.884089361879205,0.356574841957494,0.166887530319665,0.24051364406236744,0.08533284782435377,0.10963689494330052,0.04105424089281923,0.15846994535519127,0.6830601092896175,0.6010928961748634,0.639344262295082,0.73224043715847,0.73224043715847,-0.009420899791642236,0.0,False,0.019415760946253788,46bbbf853561e26625ee3ecbccb6037051556f2f3ca26dcb4e311c165c08d8e9,True,False,NO_ENTRY,ff09f2498192fa0e822678145ada64be74df6e2633d7af4161aea664587f8348
2026-09-10,AZN,LIVE_SHADOW,-0.0004733696429777983,0.0028544560780543824,0.0,42.94995945426771,0.147168736052432,0.21548350866038826,0.35530436635968315,0.11959310519345356,0.11484745797256075,0.04760282576148216,0.453551912568306,0.07103825136612021,0.12021857923497267,0.08743169398907104,0.1366120218579235,0.07103825136612021,-0.02033120697277762,0.0,False,0.007821423079898153,46bbbf853561e26625ee3ecbccb6037051556f2f3ca26dcb4e311c165c08d8e9,True,False,NO_ENTRY,ff09f2498192fa0e822678145ada64be74df6e2633d7af4161aea664587f8348
2026-09-10,AZO,LIVE_SHADOW,-0.00019864169781457958,0.003640024022556461,0.0,32.23399109095751,0.28282804678595075,0.19368750236487367,0.33667515743441145,0.08086247408300858,0.07121874418100077,0.0347280751507547,0.7103825136612022,0.7431693989071039,0.73224043715847,0.3879781420765027,0.5573770491803278,0.34972677595628415,-0.006403014717647832,0.0,False,0.01287947634282518,46bbbf853561e26625ee3ecbccb6037051556f2f3ca26dcb4e311c165c08d8e9,True,False,NO_ENTRY,ff09f2498192fa0e822678145ada64be74df6e2633d7af4161aea664587f8348
2026-09-10,BA,LIVE_SHADOW,-0.00025919828140320925,0.003899811720760398,0.0,37.053477508843145,0.33774920149215526,0.15571828166861823,0.2809260024301387,0.09646320717055318,0.07683997892614024,0.05230332831239442,0.24043715846994534,0.6174863387978142,0.6229508196721312,0.6502732240437158,0.4426229508196721,0.8087431693989071,-0.00960419769030461,0.0,False,0.010177859443428404,46bbbf853561e26625ee3ecbccb6037051556f2f3ca26dcb4e311c165c08d8e9,True,False,NO_ENTRY,ff09f2498192fa0e822678145ada64be74df6e2633d7af4161aea664587f8348
2026-09-10,BABA,LIVE_SHADOW,-0.0004975429723033207,0.0030078826704890665,0.0,39.83531687152546,0.15374456404171585,0.2173760833060386,0.39221462609911656,0.08373335761070791,0.10995580101407888,0.04297556792834214,0.5792349726775956,0.02185792349726776,0.01092896174863388,0.2568306010928962,0.12568306010928962,0.09836065573770492,-0.019819781958903392,0.0,False,0.0048592997084928305,46bbbf853561e26625ee3ecbccb6037051556f2f3ca26dcb4e311c165c08d8e9,True,False,NO_ENTRY,ff09f2498192fa0e822678145ada64be74df6e2633d7af4161aea664587f8348
2026-09-10,BAC,LIVE_SHADOW,-0.0004232799918535185,0.004619179923680092,0.0,26.44916083978981,0.4193584565087716,0.144760352727676,0.2796265012197206,0.07400753934535174,0.059503781857297836,0.02274336834118227,0.04918032786885246,0.37158469945355194,0.33879781420765026,0.4098360655737705,0.5136612021857924,0.5191256830601093,-0.01119540058479863,0.0,False,0.045948199046163624,46bbbf853561e26625ee3ecbccb6037051556f2f3ca26dcb4e311c165c08d8e9,True,False,NO_ENTRY,ff09f2498192fa0e822678145ada64be74df6e2633d7af4161aea664587f8348
2026-09-10,BBD,LIVE_SHADOW,-0.0004354284511949206,0.0030938603812539116,0.0,41.249558332440806,0.21730582061101633,0.13086920032503557,0.37007231791642226,0.12481228784456955,0.11806682178191083,0.03887355152104544,0.2786885245901639,0.30601092896174864,0.04371584699453552,0.00546448087431694,0.07103825136612021,0.15300546448087432,-0.01796123129716923,0.0,False,0.010148557625640296,46bbbf853561e26625ee3ecbccb6037051556f2f3ca26dcb4e311c165c08d8e9,True,False,NO_ENTRY,ff09f2498192fa0e822678145ada64be74df6e2633d7af4161aea664587f8348
2026-09-10,BHP,LIVE_SHADOW,-0.00027424806610005826,0.003210948089056848,0.0,38.76791828275487,0.22706808479725948,0.23733106917590374,0.26897029046723725,0.11925195770516339,0.10920199063608264,0.038176607218353434,0.4918032786885246,0.6721311475409836,0.4808743169398907,0.3770491803278688,0.4207650273224044,0.5573770491803278,-0.010632026615770614,0.0,False,0.008223655821362835,46bbbf853561e26625ee3ecbccb6037051556f2f3ca26dcb4e311c165c08d8e9,True,False,NO_ENTRY,ff09f2498192fa0e822678145ada64be74df6e2633d7af4161aea664587f8348
2026-09-10,BIDU,LIVE_SHADOW,-0.00027114650180024605,0.003785926374801725,0.0,41.60703355086003,0.3352487736619809,0.1590139272181903,0.21563235249290252,0.13190090114299163,0.10419295583349121,0.05401108965044338,0.7158469945355191,0.5956284153005464,0.5136612021857924,0.7540983606557377,0.366120218579235,0.2185792349726776,-0.011281601597601167,0.0,False,0.0043521357502491025,46bbbf853561e26625ee3ecbccb6037051556f2f3ca26dcb4e311c165c08d8e9,True,False,NO_ENTRY,ff09f2498192fa0e822678145ada64be74df6e2633d7af4161aea664587f8348
2026-09-10,BKNG,LIVE_SHADOW,-0.0003803953036810903,0.003593957091922673,0.0,32.65670429323116,0.2711533511860697,0.1346823873282954,0.4043721104972747,0.08685995896576601,0.07033210964823762,0.0326000823743567,0.6174863387978142,0.5355191256830601,0.2677595628415301,0.4262295081967213,0.5027322404371585,0.5628415300546448,-0.012422456946847233,0.0,False,0.006487512739846867,46bbbf853561e26625ee3ecbccb6037051556f2f3ca26dcb4e311c165c08d8e9,True,False,NO_ENTRY,ff09f2498192fa0e822678145ada64be74df6e2633d7af4161aea664587f8348
2026-09-10,BLK,LIVE_SHADOW,-0.00040066042265703925,0.004651650953745041,0.0,34.99937201795396,0.4316887986758465,0.1649455258352636,0.1869348423248348,0.058593052433355185,0.11998430280615373,0.03785347792454617,0.04371584699453552,0.32786885245901637,0.5191256830601093,0.5136612021857924,0.22950819672131148,0.3114754098360656,-0.014022863185444386,0.0,False,0.013904903987309411,46bbbf853561e26625ee3ecbccb6037051556f2f3ca26dcb4e311c165c08d8e9,True,False,NO_ENTRY,ff09f2498192fa0e822678145ada64be74df6e2633d7af4161aea664587f8348
2026-09-10,BMY,LIVE_SHADOW,-0.0003638437545769289,0.0031533027612797374,0.0,44.38614561505142,0.2407363507178781,0.13167765184860974,0.3288894407553895,0.13050301132610606,0.11308375439701834,0.0551097909549983,0.37158469945355194,0.4262295081967213,0.29508196721311475,0.18579234972677597,0.2786885245901639,0.1366120218579235,-0.016149621871778597,0.0,False,0.010597847270160521,46bbbf853561e26625ee3ecbccb6037051556f2f3ca26dcb4e311c165c08d8e9,True,False,NO_ENTRY,ff09f2498192fa0e822678145ada64be74df6e2633d7af4161aea664587f8348
2026-09-10,BNY,LIVE_SHADOW,-0.0004276882265616965,0.004438970341222871,0.0,35.48002099017103,0.40741996060273644,0.1124835257871718,0.26393976247442097,0.08103227215501166,0.0899546541865882,0.04516982479407113,0.03825136612021858,0.5573770491803278,0.3442622950819672,0.36065573770491804,0.3333333333333333,0.1912568306010929,-0.015174387255658013,0.0,False,0.022467980905430306,46bbbf853561e26625ee3ecbccb6037051556f2f3ca26dcb4e311c165c08d8e9,True,False,NO_ENTRY,ff09f2498192fa0e822678145ada64be74df6e2633d7af4161aea664587f8348
2026-09-10,BP,LIVE_SHADOW,-0.0003807737324764854,0.002839873464575054,0.0,47.886094591815,0.19518227605938804,0.18385833343910626,0.2833755815071984,0.133531521252074,0.151734693478668,0.05231759426356523,0.5846994535519126,0.2568306010928962,0.3224043715846995,0.12021857923497267,0.060109289617486336,0.11475409836065574,-0.01823376697144744,0.0,False,0.007897937098742557,46bbbf853561e26625ee3ecbccb6037051556f2f3ca26dcb4e311c165c08d8e9,True,False,NO_ENTRY,ff09f2498192fa0e822678145ada64be74df6e2633d7af4161aea664587f8348
2026-09-10,BRK-B,LIVE_SHADOW,-0.0001327926365406833,0.0036068302686121548,0.43333520287437255,34.79408253745257,0.2932339234951765,0.1550954563458386,0.32365101446066685,0.10968418841370568,0.08407301813060354,0.03426239915400872,0.18032786885245902,0.7213114754098361,0.8032786885245902,0.8360655737704918,0.6830601092896175,0.7213114754098361,-0.004620397956162474,0.0,False,0.052261091544572924,46bbbf853561e26625ee3ecbccb6037051556f2f3ca26dcb4e311c165c08d8e9,True,False,NO_ENTRY,ff09f2498192fa0e822678145ada64be74df6e2633d7af4161aea664587f8348
2026-09-10,BSX,LIVE_SHADOW,-0.00011823773364419345,0.003253785408349718,0.36062785823708365,36.18248245832896,0.2337065514420197,0.16277314399489481,0.36062785823708365,0.11103462626451789,0.10391353890103618,0.027944281160447722,0.6775956284153005,0.7158469945355191,0.8306010928961749,0.1912568306010929,0.7540983606557377,0.6120218579234973,-0.004278134723493602,0.0,False,0.007880622867417636,46bbbf853561e26625ee3ecbccb6037051556f2f3ca26dcb4e311c165c08d8e9,True,False,NO_ENTRY,ff09f2498192fa0e822678145ada64be74df6e2633d7af4161aea664587f8348
2026-09-10,C,LIVE_SHADOW,-0.0002657042799348662,0.0037831740947322544,0.0,39.35756039400867,0.32874353151547425,0.18022995807638506,0.22282666783266483,0.1252018074002315,0.09161063264516162,0.05138740253008283,0.2896174863387978,0.644808743169399,0.47540983606557374,0.73224043715847,0.5901639344262295,0.24043715846994534,-0.010457472244483084,0.0,False,0.013192284917427414,46bbbf853561e26625ee3ecbccb6037051556f2f3ca26dcb4e311c165c08d8e9,True,False,NO_ENTRY,ff09f2498192fa0e822678145ada64be74df6e2633d7af4161aea664587f8348
2026-09-10,CAAP,LIVE_SHADOW,0.00025069005781692445,0.003072643351491675,0.8066572177070355,38.245441143405166,0.1933427822929645,0.20158632540642651,0.3555738875393703,0.11110024208208621,0.10144403403774942,0.03695272864140303,0.6830601092896175,0.9562841530054644,0.9508196721311475,0.9344262295081968,0.8524590163934426,0.8360655737704918,0.009587751851474022,0.057050571579888944,True,0.011900719264259636,46bbbf853561e26625ee3ecbccb6037051556f2f3ca26dcb4e311c165c08d8e9,True,False,ELIGIBLE_ENTRY,ff09f2498192fa0e822678145ada64be74df6e2633d7af4161aea664587f8348
2026-09-10,CAT,LIVE_SHADOW,4.23053965884377e-05,0.0035106448518584152,0.5582416360802657,31.94793062319465,0.25671351038040185,0.20325459985593838,0.35498703622432726,0.07714908439274189,0.07792880712317171,0.02996696202341901,0.7540983606557377,0.8743169398907104,0.8633879781420765,0.6666666666666666,0.6557377049180327,0.6666666666666666,0.0013515698751941432,0.004503292031292252,False,0.006663794619786694,46bbbf853561e26625ee3ecbccb6037051556f2f3ca26dcb4e311c165c08d8e9,True,False,NO_ENTRY,ff09f2498192fa0e822678145ada64be74df6e2633d7af4161aea664587f8348
2026-09-10,CDNS,LIVE_SHADOW,-0.00010325836465816824,0.004076394889137017,0.3434705275644564,30.949679280377353,0.3434705275644564,0.21745257613625374,0.27313733100208354,0.055939648290401184,0.07182805849991016,0.03817185850689513,0.8142076502732241,0.8087431693989071,0.644808743169399,0.5027322404371585,0.5628415300546448,0.30601092896174864,-0.0031958132691865585,0.0,False,0.008679325667764453,46bbbf853561e26625ee3ecbccb6037051556f2f3ca26dcb4e311c165c08d8e9,True,False,NO_ENTRY,ff09f2498192fa0e822678145ada64be74df6e2633d7af4161aea664587f8348
2026-09-10,CEPU,LIVE_SHADOW,0.00037224400675291646,0.0034401240594312027,0.9138365542975592,35.87270950297645,0.26385915406100496,0.17434220303341805,0.33506170089431286,0.1023717545295072,0.08616344570244075,0.03820174177931611,0.9016393442622951,0.9234972677595629,0.9781420765027322,0.9453551912568307,0.8142076502732241,0.9180327868852459,0.013353401118471376,0.0495585741628695,True,0.00742261446700894,46bbbf853561e26625ee3ecbccb6037051556f2f3ca26dcb4e311c165c08d8e9,True,False,ELIGIBLE_ENTRY,ff09f2498192fa0e822678145ada64be74df6e2633d7af4161aea664587f8348
2026-09-10,CHTR,LIVE_SHADOW,-0.00017625178221950007,0.0036673166857675455,0.4586810841008947,37.53207076854929,0.29784626797520586,0.1681614818363981,0.323269606724877,0.049887827337830246,0.1183925062737248,0.042442309851964094,0.8579234972677595,0.21311475409836064,0.16939890710382513,0.46994535519125685,0.8907103825136612,0.8633879781420765,-0.006615094363345214,0.0,False,0.0029750515674392933,46bbbf853561e26625ee3ecbccb6037051556f2f3ca26dcb4e311c165c08d8e9,True,False,NO_ENTRY,ff09f2498192fa0e822678145ada64be74df6e2633d7af4161aea664587f8348
2026-09-10,CL,LIVE_SHADOW,-0.0002371694265580356,0.003939636804460352,0.0,30.244109893966495,0.33293886125336575,0.18506225636005016,0.2901662443316256,0.10073583515232283,0.06117482047830976,0.029921982424325845,0.16393442622950818,0.7595628415300546,0.6994535519125683,0.7377049180327869,0.5355191256830601,0.3770491803278688,-0.007172978200310245,0.0,False,0.02829519931253526,46bbbf853561e26625ee3ecbccb6037051556f2f3ca26dcb4e311c165c08d8e9,True,False,NO_ENTRY,ff09f2498192fa0e822678145ada64be74df6e2633d7af4161aea664587f8348
2026-09-10,CMCSA,LIVE_SHADOW,-0.00021389011453035794,0.003072364150897078,0.0,44.9670070900163,0.223960015585397,0.17220790608882128,0.31081389243313606,0.1084469083682755,0.1296206540583288,0.05495062346604127,0.546448087431694,0.6065573770491803,0.6120218579234973,0.644808743169399,0.7049180327868853,0.7650273224043715,-0.009617998296571005,0.0,False,0.0065084322833502805,46bbbf853561e26625ee3ecbccb6037051556f2f3ca26dcb4e311c165c08d8e9,True,False,NO_ENTRY,ff09f2498192fa0e822678145ada64be74df6e2633d7af4161aea664587f8348
2026-09-10,CMG,LIVE_SHADOW,-0.00032220714022045105,0.0035691941242631158,0.0,35.46852496612418,0.2638170978264209,0.2806508337219664,0.2287091392296981,0.10501969773327231,0.07747612002996764,0.04432711145867459,0.5956284153005464,0.17486338797814208,0.48633879781420764,0.6284153005464481,0.4808743169398907,0.6612021857923497,-0.011428211997172541,0.0,False,0.004295617202020873,46bbbf853561e26625ee3ecbccb6037051556f2f3ca26dcb4e311c165c08d8e9,True,False,NO_ENTRY,ff09f2498192fa0e822678145ada64be74df6e2633d7af4161aea664587f8348
2026-09-10,COF,LIVE_SHADOW,-0.00031349139528600927,0.003306315986475312,0.0,39.14315944835771,0.2560463828958385,0.1417829831002706,0.3342478616407564,0.119397171269706,0.11236470667928516,0.03616089441414325,0.3825136612021858,0.43169398907103823,0.32786885245901637,0.7213114754098361,0.6775956284153005,0.6174863387978142,-0.012271043671368395,0.0,False,0.012408839661511134,46bbbf853561e26625ee3ecbccb6037051556f2f3ca26dcb4e311c165c08d8e9,True,False,NO_ENTRY,ff09f2498192fa0e822678145ada64be74df6e2633d7af4161aea664587f8348
2026-09-10,COIN,LIVE_SHADOW,-0.0002791155035978736,0.00376767391413339,0.35165199539970854,33.99862741713954,0.3049677731303904,0.1731503826343075,0.3368809897887966,0.07262924906270125,0.06568738311448619,0.04668422226931811,0.8360655737704918,0.22950819672131148,0.18032786885245902,0.6338797814207651,0.41530054644808745,0.8852459016393442,-0.009489544013171375,0.0,False,0.002229850101355888,46bbbf853561e26625ee3ecbccb6037051556f2f3ca26dcb4e311c165c08d8e9,True,False,NO_ENTRY,ff09f2498192fa0e822678145ada64be74df6e2633d7af4161aea664587f8348
2026-09-10,COP,LIVE_SHADOW,-0.0002607125317589575,0.0029587997008836296,0.0,45.5607501285395,0.2030934448688897,0.12714586035559017,0.35995555966268217,0.14424093368463847,0.10834789146665957,0.05721630996153991,0.48633879781420764,0.4918032786885246,0.6612021857923497,0.23497267759562843,0.3770491803278688,0.22404371584699453,-0.011878258514848783,0.0,False,0.010455517930333409,46bbbf853561e26625ee3ecbccb6037051556f2f3ca26dcb4e311c165c08d8e9,True,False,NO_ENTRY,ff09f2498192fa0e822678145ada64be74df6e2633d7af4161aea664587f8348
2026-09-10,COST,LIVE_SHADOW,-0.0004306944438160566,0.0028857747762832506,0.0,48.727212829855986,0.19322327611574533,0.11122539484967019,0.3690126166256434,0.127389142232462,0.14060947007691474,0.058540100099564306,0.4207650273224044,0.453551912568306,0.19672131147540983,0.15300546448087432,0.11475409836065574,0.04371584699453552,-0.020986539828461444,0.0,False,0.018837837976108444,46bbbf853561e26625ee3ecbccb6037051556f2f3ca26dcb4e311c165c08d8e9,True,False,NO_ENTRY,ff09f2498192fa0e822678145ada64be74df6e2633d7af4161aea664587f8348
2026-09-10,CRM,LIVE_SHADOW,-0.00046482775208903137,0.0032035851193774148,0.0,32.39137135653375,0.20661484776396855,0.19957220575282664,0.37232146139543165,0.11631117993675832,0.08763607471200177,0.0175442304390131,0.6885245901639344,0.08743169398907104,0.0546448087431694,0.07103825136612021,0.2568306010928962,0.5136612021857924,-0.015056408334738623,0.0,False,0.003070720973350628,46bbbf853561e26625ee3ecbccb6037051556f2f3ca26dcb4e311c165c08d8e9,True,False,NO_ENTRY,ff09f2498192fa0e822678145ada64be74df6e2633d7af4161aea664587f8348
2026-09-10,CRWD,LIVE_SHADOW,0.00011164286119499647,0.00445784765445938,0.405890576477883,33.63516579221094,0.405890576477883,0.1558823297308658,0.2429966892008536,0.054829759175828274,0.10214994217064693,0.038250703243922476,0.9890710382513661,0.6939890710382514,0.36065573770491804,0.47540983606557374,0.7431693989071039,0.7431693989071039,0.0037551261458104996,0.0,False,0.002461403530299563,46bbbf853561e26625ee3ecbccb6037051556f2f3ca26dcb4e311c165c08d8e9,True,False,NO_ENTRY,ff09f2498192fa0e822678145ada64be74df6e2633d7af4161aea664587f8348
2026-09-10,CSCO,LIVE_SHADOW,-0.0002849306614885227,0.003659529165654504,0.0,37.118694091568514,0.303654529699519,0.20138206444364132,0.25048080230832964,0.09527151650641874,0.1116704558524562,0.0375406311896351,0.3114754098360656,0.7049180327868853,0.43169398907103823,0.37158469945355194,0.3224043715846995,0.366120218579235,-0.010576254061100736,0.0,False,0.009114509753845914,46bbbf853561e26625ee3ecbccb6037051556f2f3ca26dcb4e311c165c08d8e9,True,False,NO_ENTRY,ff09f2498192fa0e822678145ada64be74df6e2633d7af4161aea664587f8348
2026-09-10,CVX,LIVE_SHADOW,-0.0002386459134698278,0.003570765253990766,0.0,40.43783587435814,0.30107362140021404,0.1391947878226752,0.2900579285258474,0.1246175874466035,0.09311988468906919,0.05193619011559074,0.3551912568306011,0.4644808743169399,0.5846994535519126,0.6994535519125683,0.5737704918032787,0.2677595628415301,-0.009650324280979172,0.0,False,0.01640325994287322,46bbbf853561e26625ee3ecbccb6037051556f2f3ca26dcb4e311c165c08d8e9,True,False,NO_ENTRY,ff09f2498192fa0e822678145ada64be74df6e2633d7af4161aea664587f8348
2026-09-10,DDOG,LIVE_SHADOW,3.538395052874973e-05,0.003830203923530508,0.7457918832794426,35.95259174621334,0.3234816149072067,0.1543352006028334,0.3116568146118631,0.06191507260155954,0.11065345376037271,0.03795784351616437,0.8961748633879781,0.73224043715847,0.7978142076502732,0.5901639344262295,0.8360655737704918,0.7868852459016393,0.0012721447277283487,0.0014813798576892782,False,0.0023289486257346797,46bbbf853561e26625ee3ecbccb6037051556f2f3ca26dcb4e311c165c08d8e9,True,False,NO_ENTRY,ff09f2498192fa0e822678145ada64be74df6e2633d7af4161aea664587f8348
2026-09-10,DE,LIVE_SHADOW,-0.0004197890996039416,0.0034297085856362978,0.0,38.80507760217446,0.27351664117273694,0.12271527469971702,0.34279559976578833,0.11069566847169209,0.11482627317121333,0.035450542718852035,0.2185792349726776,0.3770491803278688,0.16393442622950818,0.15846994535519127,0.15846994535519127,0.26229508196721313,-0.016289948586677896,0.0,False,0.00827761261265875,46bbbf853561e26625ee3ecbccb6037051556f2f3ca26dcb4e311c165c08d8e9,True,False,NO_ENTRY,ff09f2498192fa0e822678145ada64be74df6e2633d7af4161aea664587f8348
2026-09-10,DEO,LIVE_SHADOW,-0.00043944203827438226,0.0034884925609124976,0.0,37.47388451595467,0.27404159932175315,0.15540705736056604,0.34074093385997867,0.0921358594530643,0.09460114318039356,0.04307340682424438,0.16939890710382513,0.23497267759562843,0.11475409836065574,0.21311475409836064,0.2185792349726776,0.10382513661202186,-0.016467600193749935,0.0,False,0.010651884021328472,46bbbf853561e26625ee3ecbccb6037051556f2f3ca26dcb4e311c165c08d8e9,True,False,NO_ENTRY,ff09f2498192fa0e822678145ada64be74df6e2633d7af4161aea664587f8348
2026-09-10,DHR,LIVE_SHADOW,-0.0004224737277504917,0.003211439990705991,0.0,34.36041928185962,0.19385667210937538,0.24948705678407457,0.3434450646401963,0.1061873892766141,0.07055970627078167,0.036464110918958036,0.4371584699453552,0.12021857923497267,0.26229508196721313,0.2786885245901639,0.44808743169398907,0.3333333333333333,-0.014516374421077106,0.0,False,0.00737371380756452,46bbbf853561e26625ee3ecbccb6037051556f2f3ca26dcb4e311c165c08d8e9,True,False,NO_ENTRY,ff09f2498192fa0e822678145ada64be74df6e2633d7af4161aea664587f8348
2026-09-10,DIS,LIVE_SHADOW,-0.0004863138573075943,0.0034339501178267903,0.0,38.61861663886768,0.2756881028214798,0.17624623500798217,0.28788106492806337,0.10999601414200694,0.11156963116453827,0.0386189519359293,0.07650273224043716,0.07650273224043716,0.13114754098360656,0.01092896174863388,0.0273224043715847,0.08196721311475409,-0.018780768421530983,0.0,False,0.013221547420007092,46bbbf853561e26625ee3ecbccb6037051556f2f3ca26dcb4e311c165c08d8e9,True,False,NO_ENTRY,ff09f2498192fa0e822678145ada64be74df6e2633d7af4161aea664587f8348
2026-09-10,DOW,LIVE_SHADOW,0.00031276837041977536,0.003300391557795766,1.0,40.31936524065142,0.25581451319400744,0.1857916277834994,0.28807914563065173,0.11157087522726622,0.11573413823390587,0.04300969993066936,0.8524590163934426,0.9344262295081968,0.8469945355191257,0.9726775956284153,0.9726775956284153,0.9672131147540983,0.012610622162678279,0.04459157203394564,True,0.00707206535232123,46bbbf853561e26625ee3ecbccb6037051556f2f3ca26dcb4e311c165c08d8e9,True,False,ELIGIBLE_ENTRY,ff09f2498192fa0e822678145ada64be74df6e2633d7af4161aea664587f8348
2026-09-10,EMR,LIVE_SHADOW,-0.0002607356235734259,0.004252380939289892,0.0,34.31000884603812,0.3788411330116284,0.10954873595581835,0.3126324551262776,0.08520457559521367,0.06602597799397142,0.0477471223170907,0.1912568306010929,0.4972677595628415,0.6557377049180327,0.5956284153005464,0.4918032786885246,0.7486338797814208,-0.00894584155128151,0.0,False,0.012523579333575941,46bbbf853561e26625ee3ecbccb6037051556f2f3ca26dcb4e311c165c08d8e9,True,False,NO_ENTRY,ff09f2498192fa0e822678145ada64be74df6e2633d7af4161aea664587f8348
2026-09-10,EOG,LIVE_SHADOW,2.101316186851026e-05,0.00307680498860177,0.5936896415757491,39.80331528478782,0.208634904185543,0.16351163487286188,0.35998173374092374,0.11214736133432139,0.12156054650050391,0.03416381936584627,0.6612021857923497,0.7540983606557377,0.8743169398907104,0.8579234972677595,0.8852459016393442,0.726775956284153,0.0008363935069825951,0.003948299749476684,False,0.009441249164453032,46bbbf853561e26625ee3ecbccb6037051556f2f3ca26dcb4e311c165c08d8e9,True,False,NO_ENTRY,ff09f2498192fa0e822678145ada64be74df6e2633d7af4161aea664587f8348
2026-09-10,ETN,LIVE_SHADOW,-0.00021479092357350714,0.0032158348950282922,0.0,39.39651672226695,0.22529517310639877,0.20187372213686886,0.33006643735172847,0.10296875346362616,0.08906606539934128,0.05072984854203642,0.5901639344262295,0.726775956284153,0.6885245901639344,0.6775956284153005,0.39344262295081966,0.7923497267759563,-0.008462014212354837,0.0,False,0.004488962829742671,46bbbf853561e26625ee3ecbccb6037051556f2f3ca26dcb4e311c165c08d8e9,True,False,NO_ENTRY,ff09f2498192fa0e822678145ada64be74df6e2633d7af4161aea664587f8348
2026-09-10,FCX,LIVE_SHADOW,8.240246138979555e-05,0.003835209424572677,0.6855026264669339,32.275851092042814,0.3111553543440543,0.1849915248617769,0.33194196753877936,0.06659198124698008,0.06291386742430917,0.042405304584100315,0.8743169398907104,0.8306010928961749,0.8360655737704918,0.6174863387978142,0.5846994535519126,0.8524590163934426,0.0026596095734348485,0.006529084883099363,True,0.004909807024545442,46bbbf853561e26625ee3ecbccb6037051556f2f3ca26dcb4e311c165c08d8e9,True,False,ELIGIBLE_ENTRY,ff09f2498192fa0e822678145ada64be74df6e2633d7af4161aea664587f8348
2026-09-10,FDX,LIVE_SHADOW,0.0002994649263020405,0.0029631154752103816,0.8015282614088807,39.40463757903483,0.16221961652844313,0.2101940211913433,0.3708223993120886,0.10869673950351386,0.11181510140193489,0.036252122062676174,0.6065573770491803,0.9726775956284153,0.9672131147540983,0.907103825136612,0.9016393442622951,0.8142076502732241,0.011800306888564281,0.08113076042082726,True,0.013750618723221742,46bbbf853561e26625ee3ecbccb6037051556f2f3ca26dcb4e311c165c08d8e9,True,False,ELIGIBLE_ENTRY,ff09f2498192fa0e822678145ada64be74df6e2633d7af4161aea664587f8348
2026-09-10,FTNT,LIVE_SHADOW,-0.0001565929571818145,0.004272799252290056,0.3782692281625168,30.715897048316396,0.3782692281625168,0.18648817579301394,0.24887649999514547,0.0733304035405021,0.08259605738623052,0.030439635122591163,0.8469945355191257,0.7103825136612022,0.40437158469945356,0.43169398907103823,0.40437158469945356,0.5901639344262295,-0.0048098931512880316,0.0,False,0.006902148007028276,46bbbf853561e26625ee3ecbccb6037051556f2f3ca26dcb4e311c165c08d8e9,True,False,NO_ENTRY,ff09f2498192fa0e822678145ada64be74df6e2633d7af4161aea664587f8348
2026-09-10,GD,LIVE_SHADOW,-0.00044383705348123885,0.003296658515771354,0.0,40.06512154844947,0.2555925887320772,0.1569439787395939,0.3191516084549547,0.1076154568719294,0.1221039795362559,0.03859238766518879,0.19672131147540983,0.2185792349726776,0.14207650273224043,0.1092896174863388,0.04918032786885246,0.15846994535519127,-0.017782385495431503,0.0,False,0.022523022429695845,46bbbf853561e26625ee3ecbccb6037051556f2f3ca26dcb4e311c165c08d8e9,True,False,NO_ENTRY,ff09f2498192fa0e822678145ada64be74df6e2633d7af4161aea664587f8348
2026-09-10,GE,LIVE_SHADOW,-0.00028182351151762145,0.0034673639329227137,0.0,40.89331990496175,0.2813050293380959,0.19689675932759745,0.2539784252642394,0.07964009683020154,0.14970779423142241,0.038471895008443356,0.40437158469945356,0.6284153005464481,0.5245901639344263,0.4808743169398907,0.26229508196721313,0.41530054644808745,-0.011524699013229766,0.0,False,0.01105604350603012,46bbbf853561e26625ee3ecbccb6037051556f2f3ca26dcb4e311c165c08d8e9,True,False,NO_ENTRY,ff09f2498192fa0e822678145ada64be74df6e2633d7af4161aea664587f8348
2026-09-10,GILD,LIVE_SHADOW,-0.00032272102180427875,0.0039069012082791595,0.0,31.834454440237867,0.3359258656241267,0.18651409883991785,0.25206434379263437,0.12213834264298708,0.07671178245453056,0.026645566645803472,0.25136612021857924,0.31693989071038253,0.4207650273224044,0.25136612021857924,0.5519125683060109,0.46994535519125685,-0.010273647665535323,0.0,False,0.014267521413281655,46bbbf853561e26625ee3ecbccb6037051556f2f3ca26dcb4e311c165c08d8e9,True,False,NO_ENTRY,ff09f2498192fa0e822678145ada64be74df6e2633d7af4161aea664587f8348
2026-09-10,GLOB,LIVE_SHADOW,-0.00017919180256707672,0.003672502704001794,0.3439049668934944,36.04896922785939,0.29900177684403945,0.18509431232502074,0.3021151645909278,0.08201927844598436,0.08686627774457263,0.044903190049454964,0.9398907103825137,0.08196721311475409,0.1366120218579235,0.22950819672131148,0.7814207650273224,0.9836065573770492,-0.006459679776625204,0.0,False,0.002469929680124611,46bbbf853561e26625ee3ecbccb6037051556f2f3ca26dcb4e311c165c08d8e9,True,False,NO_ENTRY,ff09f2498192fa0e822678145ada64be74df6e2633d7af4161aea664587f8348
2026-09-10,GOOGL,LIVE_SHADOW,0.0001340748871554977,0.0029671588888896235,0.7955225240009891,39.017204873158164,0.17645429276067692,0.2023493687539894,0.353460673009675,0.1130852297152956,0.12662725252202908,0.028023183238333985,0.6010928961748634,0.8797814207650273,0.8688524590163934,0.8688524590163934,0.9180327868852459,0.644808743169399,0.0052312273404916156,0.019764559968245412,True,0.0075563758490327804,46bbbf853561e26625ee3ecbccb6037051556f2f3ca26dcb4e311c165c08d8e9,True,False,ELIGIBLE_ENTRY,ff09f2498192fa0e822678145ada64be74df6e2633d7af4161aea664587f8348
2026-09-10,GS,LIVE_SHADOW,-0.00022629154075902945,0.003472797629476633,0.0,34.7930977459503,0.27224007576665665,0.15528993391424006,0.33854995599615656,0.11231404950672515,0.09299660784878677,0.028609376967434777,0.3442622950819672,0.6120218579234973,0.6939890710382514,0.7103825136612022,0.6174863387978142,0.5519125683060109,-0.007873383696710607,0.0,False,0.00889967931819973,46bbbf853561e26625ee3ecbccb6037051556f2f3ca26dcb4e311c165c08d8e9,True,False,NO_ENTRY,ff09f2498192fa0e822678145ada64be74df6e2633d7af4161aea664587f8348
2026-09-10,HD,LIVE_SHADOW,-0.00046572058646095394,0.004006109017939666,0.0,36.75661432025087,0.35445496073696214,0.13883037433285356,0.2737936873232454,0.09335658399299634,0.09584439548121722,0.04371999813272528,0.01639344262295082,0.3005464480874317,0.25136612021857924,0.2185792349726776,0.22404371584699453,0.1092896174863388,-0.017118311977546333,0.0,False,0.013463301913185864,46bbbf853561e26625ee3ecbccb6037051556f2f3ca26dcb4e311c165c08d8e9,True,False,NO_ENTRY,ff09f2498192fa0e822678145ada64be74df6e2633d7af4161aea664587f8348
2026-09-10,HON,LIVE_SHADOW,0.0002522527085674012,0.0030199559834363354,0.8268109115232324,35.46459438035246,0.15243967341145967,0.2262168364437938,0.38645279114311865,0.1035772473803526,0.11056403655596735,0.020749415065307985,0.5519125683060109,0.9508196721311475,0.9234972677595629,0.8142076502732241,0.8306010928961749,0.5409836065573771,0.008946039990688144,0.05000116359801345,True,0.011178390360440873,46bbbf853561e26625ee3ecbccb6037051556f2f3ca26dcb4e311c165c08d8e9,True,False,ELIGIBLE_ENTRY,ff09f2498192fa0e822678145ada64be74df6e2633d7af4161aea664587f8348
2026-09-10,IBM,LIVE_SHADOW,-0.00033011701944904036,0.0032262794733497148,0.0,41.971292028145356,0.21748399852596584,0.27747647232605044,0.2301838845936132,0.10758190440644645,0.1144126300097037,0.05286111013822037,0.43169398907103823,0.11475409836065574,0.546448087431694,0.31693989071038253,0.30601092896174864,0.7978142076502732,-0.013855437826756613,0.0,False,0.0023013848167259643,46bbbf853561e26625ee3ecbccb6037051556f2f3ca26dcb4e311c165c08d8e9,True,False,NO_ENTRY,ff09f2498192fa0e822678145ada64be74df6e2633d7af4161aea664587f8348
2026-09-10,INTC,LIVE_SHADOW,-9.676930678340378e-05,0.003945778465199768,0.511603883443463,37.382058287922035,0.3443272655529781,0.19289475934153003,0.22026024358836943,0.1138352700449179,0.07524111362663763,0.05344134784556693,0.912568306010929,0.16939890710382513,0.3770491803278688,0.8524590163934426,0.6338797814207651,0.9781420765027322,-0.0036174358666590093,0.0,False,0.0017380098835579397,46bbbf853561e26625ee3ecbccb6037051556f2f3ca26dcb4e311c165c08d8e9,True,False,NO_ENTRY,ff09f2498192fa0e822678145ada64be74df6e2633d7af4161aea664587f8348
2026-09-10,INTU,LIVE_SHADOW,-0.00013540350002603875,0.003940972533606365,0.3515936915398904,40.0753300697707,0.3515936915398904,0.16247978619240644,0.21869825453510075,0.10303557103707638,0.11545526643978787,0.04873743025573826,0.8415300546448088,0.3224043715846995,0.4262295081967213,0.726775956284153,0.7650273224043715,0.8306010928961749,-0.005426339956145709,0.0,False,0.004596711939429819,46bbbf853561e26625ee3ecbccb6037051556f2f3ca26dcb4e311c165c08d8e9,True,False,NO_ENTRY,ff09f2498192fa0e822678145ada64be74df6e2633d7af4161aea664587f8348
2026-09-10,ISRG,LIVE_SHADOW,-0.00027786615280273063,0.0034282649828793164,0.053533999209146074,42.32783804284881,0.2705077751027581,0.2221844206018271,0.2397629694058329,0.08689454181928373,0.12711629386115214,0.053533999209146074,0.6721311475409836,0.20765027322404372,0.5792349726775956,0.6229508196721312,0.7759562841530054,0.8415300546448088,-0.011761473513423461,0.0,False,0.003953817646137159,46bbbf853561e26625ee3ecbccb6037051556f2f3ca26dcb4e311c165c08d8e9,True,False,NO_ENTRY,ff09f2498192fa0e822678145ada64be74df6e2633d7af4161aea664587f8348
2026-09-10,ITW,LIVE_SHADOW,-0.0003419463999604704,0.004637348723076791,0.0,35.32840611717411,0.43485049150201976,0.13816670799511646,0.1824810456605139,0.09498987422017804,0.11555697502648057,0.03395490559569135,0.06557377049180328,0.4098360655737705,0.4972677595628415,0.33879781420765026,0.2677595628415301,0.37158469945355194,-0.012080421288109147,0.0,False,0.02239086440981704,46bbbf853561e26625ee3ecbccb6037051556f2f3ca26dcb4e311c165c08d8e9,True,False,NO_ENTRY,ff09f2498192fa0e822678145ada64be74df6e2633d7af4161aea664587f8348
2026-09-10,JD,LIVE_SHADOW,-0.00045754110362218934,0.0029094838200376,0.0,43.30756109867243,0.16895469561085394,0.17915246758517273,0.3739869523628074,0.11077093913533126,0.11797529293696905,0.049159652368865575,0.4098360655737705,0.18579234972677597,0.08743169398907104,0.1366120218579235,0.12021857923497267,0.04918032786885246,-0.01981498930027198,0.0,False,0.009487193233753709,46bbbf853561e26625ee3ecbccb6037051556f2f3ca26dcb4e311c165c08d8e9,True,False,NO_ENTRY,ff09f2498192fa0e822678145ada64be74df6e2633d7af4161aea664587f8348
2026-09-10,JNJ,LIVE_SHADOW,-0.0003941674752053437,0.0031031793578538865,0.0,41.70785729260723,0.22359199541279304,0.16830985662667744,0.3269443033707688,0.11791963848154034,0.12001731489623384,0.043216891211986644,0.34972677595628415,0.2786885245901639,0.23497267759562843,0.16939890710382513,0.18032786885245902,0.20218579234972678,-0.016439880805251775,0.0,False,0.014169483741543941,46bbbf853561e26625ee3ecbccb6037051556f2f3ca26dcb4e311c165c08d8e9,True,False,NO_ENTRY,ff09f2498192fa0e822678145ada64be74df6e2633d7af4161aea664587f8348
2026-09-10,JPM,LIVE_SHADOW,-0.000485784852716263,0.004053513591543978,0.0,32.412683582063536,0.35107797929916146,0.17143144380073858,0.2834633474772729,0.08680027084624346,0.06784467813680901,0.03938228043977458,0.03278688524590164,0.20218579234972678,0.24043715846994534,0.26229508196721313,0.3825136612021858,0.18032786885245902,-0.01574559072005157,0.0,False,0.029942760014041985,46bbbf853561e26625ee3ecbccb6037051556f2f3ca26dcb4e311c165c08d8e9,True,False,NO_ENTRY,ff09f2498192fa0e822678145ada64be74df6e2633d7af4161aea664587f8348
2026-09-10,KEEL,LIVE_SHADOW,0.0005481616835339273,0.003576842379118619,0.9099199784473629,40.15211087674061,0.29482549342897174,0.09008002155263686,0.3504835233716225,0.11295572120191973,0.10777993286045622,0.04387530758439287,0.9617486338797814,0.5901639344262295,0.994535519125683,1.0,0.9398907103825137,1.0,0.022009848695635045,0.007901300797620442,True,0.0007179786564536824,46bbbf853561e26625ee3ecbccb6037051556f2f3ca26dcb4e311c165c08d8e9,True,False,ELIGIBLE_ENTRY,ff09f2498192fa0e822678145ada64be74df6e2633d7af4161aea664587f8348
2026-09-10,KLAC,LIVE_SHADOW,8.620840106012775e-05,0.00436363806172677,0.7187200308669393,28.111758343031205,0.3855311430530418,0.11856065943981128,0.3331888878138975,0.07078656510561003,0.06878429746463462,0.023148447123004685,0.9344262295081968,0.4207650273224044,0.7704918032786885,0.40437158469945356,0.4262295081967213,0.45901639344262296,0.0024234697377414263,0.0027844221560805777,True,0.002297880689589748,46bbbf853561e26625ee3ecbccb6037051556f2f3ca26dcb4e311c165c08d8e9,True,False,ELIGIBLE_ENTRY,ff09f2498192fa0e822678145ada64be74df6e2633d7af4161aea664587f8348
2026-09-10,KMB,LIVE_SHADOW,0.0001392613175396684,0.0027993923204996285,0.8662718492494736,43.53126216773194,0.1337281507505263,0.20933947766972547,0.36555684017415285,0.12326294251953539,0.12350044785348681,0.04461214103257321,0.4972677595628415,0.8688524590163934,0.8579234972677595,0.8907103825136612,0.8688524590163934,0.8469945355191257,0.006062220923643071,0.03363153176984214,True,0.011095449075000513,46bbbf853561e26625ee3ecbccb6037051556f2f3ca26dcb4e311c165c08d8e9,True,False,ELIGIBLE_ENTRY,ff09f2498192fa0e822678145ada64be74df6e2633d7af4161aea664587f8348
2026-09-10,KMI,LIVE_SHADOW,-0.00019668380269469688,0.0034776461830929016,0.0,32.924494530472906,0.25560070138967467,0.23679310723267535,0.29862667219102823,0.1033677399847894,0.07204701704978711,0.03356476215204522,0.36065573770491804,0.8142076502732241,0.6502732240437158,0.6830601092896175,0.5409836065573771,0.3879781420765027,-0.00647571478605416,0.0,False,0.025055844425776463,46bbbf853561e26625ee3ecbccb6037051556f2f3ca26dcb4e311c165c08d8e9,True,False,NO_ENTRY,ff09f2498192fa0e822678145ada64be74df6e2633d7af4161aea664587f8348
2026-09-10,KO,LIVE_SHADOW,-0.0004620159887390069,0.0033160436954725943,0.0,39.72909565106642,0.2535725184243113,0.16655930943856959,0.3250958752938657,0.09641520404024219,0.11664528159160262,0.041711811211408774,0.15300546448087432,0.1366120218579235,0.07650273224043716,0.12568306010928962,0.02185792349726776,0.0546448087431694,-0.01835547740893403,0.0,False,0.01997899144846981,46bbbf853561e26625ee3ecbccb6037051556f2f3ca26dcb4e311c165c08d8e9,True,False,NO_ENTRY,ff09f2498192fa0e822678145ada64be74df6e2633d7af4161aea664587f8348
2026-09-10,KR,LIVE_SHADOW,-6.973029851917491e-05,0.0028953916618014363,0.35261414502140376,41.93969765255614,0.15713486678273902,0.214679341719341,0.35261414502140376,0.11397443907444661,0.11822739097551037,0.04336981642655921,0.4808743169398907,0.825136612021858,0.7814207650273224,0.7868852459016393,0.7868852459016393,0.7759562841530054,-0.002924467637116679,0.0,False,0.009034212288637709,46bbbf853561e26625ee3ecbccb6037051556f2f3ca26dcb4e311c165c08d8e9,True,False,NO_ENTRY,ff09f2498192fa0e822678145ada64be74df6e2633d7af4161aea664587f8348
2026-09-10,LAR,LIVE_SHADOW,0.0006157739915976198,0.0035467302922557284,1.0000000000000002,36.84512399788119,0.2864937058062721,0.15913398675620982,0.31846434737434137,0.10264754888153173,0.09309430224898159,0.04016610893266351,1.0,0.9016393442622951,0.9836065573770492,0.9890710382513661,0.8961748633879781,0.994535519125683,0.02268826907508455,0.03089585347174037,True,0.0027235090847603795,46bbbf853561e26625ee3ecbccb6037051556f2f3ca26dcb4e311c165c08d8e9,True,False,ELIGIBLE_ENTRY,ff09f2498192fa0e822678145ada64be74df6e2633d7af4161aea664587f8348
2026-09-10,LIN,LIVE_SHADOW,-0.00037763732743902663,0.003601681837397393,0.0,42.66816820501911,0.31235909872993245,0.1381074906797236,0.2551635448135991,0.12284076948291073,0.12101326914182284,0.050515827152011264,0.14754098360655737,0.3333333333333333,0.31693989071038253,0.09836065573770492,0.13114754098360656,0.060109289617486336,-0.016113093007662265,0.0,False,0.02095557978867494,46bbbf853561e26625ee3ecbccb6037051556f2f3ca26dcb4e311c165c08d8e9,True,False,NO_ENTRY,ff09f2498192fa0e822678145ada64be74df6e2633d7af4161aea664587f8348
2026-09-10,LLY,LIVE_SHADOW,-0.00020125439818495446,0.0032255083227394742,0.0,33.53822028072537,0.21593760554691518,0.22573513425224348,0.3254427737839895,0.1310782212241797,0.07445111111526945,0.027355154077402605,0.5683060109289617,0.7704918032786885,0.6721311475409836,0.7814207650273224,0.45901639344262296,0.4644808743169399,-0.006749714338791819,0.0,False,0.010335035443334872,46bbbf853561e26625ee3ecbccb6037051556f2f3ca26dcb4e311c165c08d8e9,True,False,NO_ENTRY,ff09f2498192fa0e822678145ada64be74df6e2633d7af4161aea664587f8348
2026-09-10,LMT,LIVE_SHADOW,-0.0003788732784055694,0.0031634557337368936,0.0,37.75273758082483,0.18754481524793967,0.2112463993849695,0.38905065101415787,0.07829095121775374,0.08720038433847051,0.0466667987967087,0.5081967213114754,0.29508196721311475,0.2786885245901639,0.453551912568306,0.43169398907103823,0.29508196721311475,-0.014303503456032247,0.0,False,0.008140326245682542,46bbbf853561e26625ee3ecbccb6037051556f2f3ca26dcb4e311c165c08d8e9,True,False,NO_ENTRY,ff09f2498192fa0e822678145ada64be74df6e2633d7af4161aea664587f8348
2026-09-10,LOW,LIVE_SHADOW,-0.0003447848486236789,0.004194975560051779,0.0,38.98250869398432,0.381949318964406,0.14147253802217452,0.23000692814077797,0.08733180137152775,0.10841168279126791,0.050827730709845934,0.08743169398907104,0.6338797814207651,0.3989071038251366,0.3333333333333333,0.25136612021857924,0.12568306010928962,-0.013440578359026631,0.0,False,0.01200883113469907,46bbbf853561e26625ee3ecbccb6037051556f2f3ca26dcb4e311c165c08d8e9,True,False,NO_ENTRY,ff09f2498192fa0e822678145ada64be74df6e2633d7af4161aea664587f8348
2026-09-10,LRCX,LIVE_SHADOW,-7.629150360923123e-05,0.004497291463186445,0.4210897229215284,36.2876119214497,0.4210897229215284,0.11970971625960083,0.19619110535932072,0.12254868644373228,0.10369538592083621,0.03676538309498157,0.8797814207650273,0.5300546448087432,0.4918032786885246,0.2459016393442623,0.6612021857923497,0.639344262295082,-0.002768436475875662,0.0,False,0.001635854904084967,46bbbf853561e26625ee3ecbccb6037051556f2f3ca26dcb4e311c165c08d8e9,True,False,NO_ENTRY,ff09f2498192fa0e822678145ada64be74df6e2633d7af4161aea664587f8348
2026-09-10,MA,LIVE_SHADOW,-0.000249531090309413,0.004125644087896534,0.0,32.526073993569746,0.36535100212725713,0.11080143599330587,0.30792999042520464,0.09615146384635612,0.09482910707174132,0.024937000536134853,0.1366120218579235,0.5409836065573771,0.7049180327868853,0.6939890710382514,0.6721311475409836,0.453551912568306,-0.008116266707100101,0.0,False,0.024109406435865597,46bbbf853561e26625ee3ecbccb6037051556f2f3ca26dcb4e311c165c08d8e9,True,False,NO_ENTRY,ff09f2498192fa0e822678145ada64be74df6e2633d7af4161aea664587f8348
2026-09-10,MAR,LIVE_SHADOW,-0.0003823729335741889,0.004842771213860541,0.0,28.102373327030648,0.4506597093047786,0.1329275801146319,0.24035297010226714,0.07819571845854409,0.0730358869634974,0.024828135056280804,0.060109289617486336,0.5683060109289617,0.5737704918032787,0.4207650273224044,0.546448087431694,0.4808743169398907,-0.010745586929453748,0.0,False,0.020005525773444607,46bbbf853561e26625ee3ecbccb6037051556f2f3ca26dcb4e311c165c08d8e9,True,False,NO_ENTRY,ff09f2498192fa0e822678145ada64be74df6e2633d7af4161aea664587f8348
2026-09-10,MCD,LIVE_SHADOW,-0.00039511901498977297,0.0032830161574589015,0.0,38.793592028354226,0.2503283477156228,0.1672875100872993,0.3199408006342633,0.11061173314475348,0.11687886465014205,0.03495274376791905,0.2677595628415301,0.2459016393442623,0.20765027322404372,0.16393442622950818,0.15300546448087432,0.273224043715847,-0.015328085870158431,0.0,False,0.019257343519613113,46bbbf853561e26625ee3ecbccb6037051556f2f3ca26dcb4e311c165c08d8e9,True,False,NO_ENTRY,ff09f2498192fa0e822678145ada64be74df6e2633d7af4161aea664587f8348
2026-09-10,MCHP,LIVE_SHADOW,0.0004182100895194884,0.003180298807451848,0.9999999999999999,38.99081076734359,0.22394428192789662,0.19457808780613747,0.3281179136602245,0.10010392406903504,0.11563443149207443,0.0376213610446318,0.7978142076502732,0.994535519125683,0.9562841530054644,0.9234972677595629,1.0,0.9016393442622951,0.016306350461448196,0.023653639592799612,True,0.002901156779221939,46bbbf853561e26625ee3ecbccb6037051556f2f3ca26dcb4e311c165c08d8e9,True,False,ELIGIBLE_ENTRY,ff09f2498192fa0e822678145ada64be74df6e2633d7af4161aea664587f8348
2026-09-10,MCO,LIVE_SHADOW,-0.0003156957147577832,0.003636146201811837,0.0,34.24857159367428,0.2927245910023166,0.1625949549456377,0.3326618519532526,0.08270205328530095,0.09881917763618805,0.030497371177304125,0.3333333333333333,0.3879781420765027,0.3333333333333333,0.5737704918032787,0.6229508196721312,0.4426229508196721,-0.01081212728869811,0.0,False,0.013783546278508536,46bbbf853561e26625ee3ecbccb6037051556f2f3ca26dcb4e311c165c08d8e9,True,False,NO_ENTRY,ff09f2498192fa0e822678145ada64be74df6e2633d7af4161aea664587f8348
2026-09-10,MDB,LIVE_SHADOW,0.0005690039030952986,0.003467052682959449,1.0,37.90691029333115,0.2769676421469924,0.17706423907256913,0.29834332360136706,0.10220210198740762,0.10601576957348928,0.039406923618174536,0.9836065573770492,0.9836065573770492,0.9453551912568307,0.994535519125683,0.994535519125683,0.9890710382513661,0.021569179911188778,0.024060318553895236,True,0.002230990575716252,46bbbf853561e26625ee3ecbccb6037051556f2f3ca26dcb4e311c165c08d8e9,True,False,ELIGIBLE_ENTRY,ff09f2498192fa0e822678145ada64be74df6e2633d7af4161aea664587f8348
2026-09-10,MDLZ,LIVE_SHADOW,-0.000480073731498501,0.0031764129622242933,0.0,43.729736203179385,0.24374915762406574,0.17897463821600082,0.282882639646925,0.11307209198016042,0.1319223133115664,0.049399159221281554,0.23497267759562843,0.15846994535519127,0.22404371584699453,0.09289617486338798,0.01092896174863388,0.01092896174863388,-0.020993497636505418,0.0,False,0.012526358686300448,46bbbf853561e26625ee3ecbccb6037051556f2f3ca26dcb4e311c165c08d8e9,True,False,NO_ENTRY,ff09f2498192fa0e822678145ada64be74df6e2633d7af4161aea664587f8348
2026-09-10,MDT,LIVE_SHADOW,-0.00046143007387309295,0.003604172124495154,0.0,31.281259017899842,0.27716516988467244,0.17565307287840293,0.35870780347334935,0.07629072335036063,0.09002175071913826,0.022161479694076332,0.12021857923497267,0.12568306010928962,0.03278688524590164,0.273224043715847,0.20765027322404372,0.39344262295081966,-0.01443411365947288,0.0,False,0.016156049077479976,46bbbf853561e26625ee3ecbccb6037051556f2f3ca26dcb4e311c165c08d8e9,True,False,NO_ENTRY,ff09f2498192fa0e822678145ada64be74df6e2633d7af4161aea664587f8348
2026-09-10,MELI,LIVE_SHADOW,0.00010053046155380071,0.0031362419498575417,0.7525467775321291,37.981449008563196,0.21330050018773142,0.18278324741556268,0.35144563041357163,0.11244054256261704,0.1058773571403777,0.034152722280139415,0.6994535519125683,0.8524590163934426,0.9016393442622951,0.9016393442622951,0.8415300546448088,0.7595628415300546,0.0038182925993130046,0.014942506572025324,True,0.007826800164405323,46bbbf853561e26625ee3ecbccb6037051556f2f3ca26dcb4e311c165c08d8e9,True,False,ELIGIBLE_ENTRY,ff09f2498192fa0e822678145ada64be74df6e2633d7af4161aea664587f8348
2026-09-10,META,LIVE_SHADOW,-0.00025217046266722015,0.0038139989439474912,0.0,33.15029536370978,0.3199845988458447,0.13576222267727434,0.33306459914137393,0.09258471496176983,0.090240898181876,0.0283629661918612,0.7049180327868853,0.5519125683060109,0.6666666666666666,0.6120218579234973,0.4098360655737705,0.5355191256830601,-0.008359525319421699,0.0,False,0.005282738978092605,46bbbf853561e26625ee3ecbccb6037051556f2f3ca26dcb4e311c165c08d8e9,True,False,NO_ENTRY,ff09f2498192fa0e822678145ada64be74df6e2633d7af4161aea664587f8348
2026-09-10,MMM,LIVE_SHADOW,-0.00028431368667884715,0.004502863377687092,0.0,29.35058189531852,0.41030651466056317,0.13785880205916376,0.26413327459079183,0.09426850299675579,0.0648742924603328,0.028558613232392643,0.08196721311475409,0.6010928961748634,0.6284153005464481,0.6721311475409836,0.5300546448087432,0.5792349726775956,-0.008344772144827433,0.0,False,0.020192304401098336,46bbbf853561e26625ee3ecbccb6037051556f2f3ca26dcb4e311c165c08d8e9,True,False,NO_ENTRY,ff09f2498192fa0e822678145ada64be74df6e2633d7af4161aea664587f8348
2026-09-10,MO,LIVE_SHADOW,-0.00028681148487173894,0.003586311614368657,0.0,44.25995515771271,0.3077386899829789,0.17153142230640372,0.23024558022331515,0.10392615641732458,0.1276302088970177,0.058927942172959824,0.366120218579235,0.41530054644808745,0.5027322404371585,0.39344262295081966,0.32786885245901637,0.22950819672131148,-0.012694263459140162,0.0,False,0.00910768501574405,46bbbf853561e26625ee3ecbccb6037051556f2f3ca26dcb4e311c165c08d8e9,True,False,NO_ENTRY,ff09f2498192fa0e822678145ada64be74df6e2633d7af4161aea664587f8348
2026-09-10,MPC,LIVE_SHADOW,-0.00010068846697814225,0.003184836854398515,0.4828239109523127,42.68672319325302,0.23906816860811245,0.12076491538732897,0.3536357927816122,0.11428121933824514,0.1291881181707005,0.043061785714000635,0.6666666666666666,0.5792349726775956,0.7923497267759563,0.7978142076502732,0.8469945355191257,0.7814207650273224,-0.004298060718648956,0.0,False,0.008249116045007727,46bbbf853561e26625ee3ecbccb6037051556f2f3ca26dcb4e311c165c08d8e9,True,False,NO_ENTRY,ff09f2498192fa0e822678145ada64be74df6e2633d7af4161aea664587f8348
2026-09-10,MPWR,LIVE_SHADOW,0.0007517576069214172,0.0034359608613258714,1.0,36.518556916714545,0.2657984278699115,0.18044133550362437,0.32075837328248025,0.09589319911951778,0.10102266193225296,0.036086002292213155,0.9562841530054644,1.0,1.0,0.9508196721311475,0.9617486338797814,0.9289617486338798,0.027453102955932895,0.041344664266584404,True,0.0030120212154487553,46bbbf853561e26625ee3ecbccb6037051556f2f3ca26dcb4e311c165c08d8e9,True,False,ELIGIBLE_ENTRY,ff09f2498192fa0e822678145ada64be74df6e2633d7af4161aea664587f8348
2026-09-10,MRK,LIVE_SHADOW,-0.0004475252511586935,0.002949349680366186,0.0,40.33287409098424,0.1724599149054211,0.1967910114298901,0.36165539304724614,0.12043941946176343,0.10922486695245223,0.03942939420322714,0.3879781420765027,0.10382513661202186,0.08196721311475409,0.0546448087431694,0.14207650273224043,0.16393442622950818,-0.018049979607519685,0.0,False,0.00694668553377497,46bbbf853561e26625ee3ecbccb6037051556f2f3ca26dcb4e311c165c08d8e9,True,False,NO_ENTRY,ff09f2498192fa0e822678145ada64be74df6e2633d7af4161aea664587f8348
2026-09-10,MRVL,LIVE_SHADOW,4.8002060983760134e-05,0.003867215207569864,0.6097096642482592,40.65305698397161,0.3430455153491543,0.13830593588249232,0.25198439986924853,0.10218298761358334,0.11412992310417039,0.05035123818135119,0.9453551912568307,0.6885245901639344,0.3005464480874317,0.819672131147541,0.8633879781420765,0.9726775956284153,0.001951430520520881,0.001147006356940022,False,0.0011755543893347121,46bbbf853561e26625ee3ecbccb6037051556f2f3ca26dcb4e311c165c08d8e9,True,False,NO_ENTRY,ff09f2498192fa0e822678145ada64be74df6e2633d7af4161aea664587f8348
2026-09-10,MS,LIVE_SHADOW,-0.00027841978733592754,0.004400445504125415,0.0,27.04670174522601,0.38679101030116236,0.16225726596151466,0.3105501094649,0.0545429092226324,0.057801487735591496,0.028057217314198916,0.09836065573770492,0.6775956284153005,0.7103825136612022,0.4972677595628415,0.5081967213114754,0.5846994535519126,-0.007530336948044085,0.0,False,0.01795645831744914,46bbbf853561e26625ee3ecbccb6037051556f2f3ca26dcb4e311c165c08d8e9,True,False,NO_ENTRY,ff09f2498192fa0e822678145ada64be74df6e2633d7af4161aea664587f8348
2026-09-10,MSFT,LIVE_SHADOW,-0.0004725516577403539,0.0032046295940974805,0.0,37.85777485092336,0.2241112950495702,0.20132703813895114,0.3287783393423808,0.10942136707296307,0.09681905179367689,0.039542908602457814,0.22404371584699453,0.01092896174863388,0.07103825136612021,0.04371584699453552,0.14754098360655737,0.09289617486338798,-0.017889754264164916,0.0,False,0.005318226254602415,46bbbf853561e26625ee3ecbccb6037051556f2f3ca26dcb4e311c165c08d8e9,True,False,NO_ENTRY,ff09f2498192fa0e822678145ada64be74df6e2633d7af4161aea664587f8348
2026-09-10,MU,LIVE_SHADOW,0.0003431898435938317,0.003974058579195522,0.6747129511625155,43.266392021799604,0.36463120077408323,0.11163481480654343,0.2136522340309413,0.12673705940212748,0.1344942613896328,0.048850429596671976,0.994535519125683,0.39344262295081966,0.6338797814207651,0.9617486338797814,0.9781420765027322,0.9562841530054644,0.014848586310830815,0.007586868940054996,True,0.0010218978131973416,46bbbf853561e26625ee3ecbccb6037051556f2f3ca26dcb4e311c165c08d8e9,True,False,ELIGIBLE_ENTRY,ff09f2498192fa0e822678145ada64be74df6e2633d7af4161aea664587f8348
2026-09-10,NEM,LIVE_SHADOW,-0.0001304429991409469,0.00370815060173147,0.0,34.04821854756264,0.298193719486989,0.19267831252986203,0.3134386502721574,0.07005115180981193,0.08713782648712129,0.03850033941405815,0.7595628415300546,0.7650273224043715,0.7213114754098361,0.5792349726775956,0.3551912568306011,0.7158469945355191,-0.004441351742750486,0.0,False,0.005565439472054041,46bbbf853561e26625ee3ecbccb6037051556f2f3ca26dcb4e311c165c08d8e9,True,False,NO_ENTRY,ff09f2498192fa0e822678145ada64be74df6e2633d7af4161aea664587f8348
2026-09-10,NFLX,LIVE_SHADOW,-0.0004095172991031046,0.0032274035999602865,0.0,39.73837027602426,0.2230504369461941,0.22987766865526812,0.3039978081897249,0.09379694576245529,0.09849447649457083,0.05078266395178689,0.6338797814207651,0.13114754098360656,0.2896174863387978,0.30601092896174864,0.3005464480874317,0.13114754098360656,-0.01627355006619655,0.0,False,0.006688586013664337,46bbbf853561e26625ee3ecbccb6037051556f2f3ca26dcb4e311c165c08d8e9,True,False,NO_ENTRY,ff09f2498192fa0e822678145ada64be74df6e2633d7af4161aea664587f8348
2026-09-10,NKE,LIVE_SHADOW,0.0002714452735452779,0.003264489183156006,0.965627813543809,37.97276144277863,0.24338098260331928,0.20015717545874886,0.2957081582348004,0.1164574841019078,0.10992401314503263,0.03437218645619111,0.8032786885245902,0.9617486338797814,0.8415300546448088,0.9781420765027322,0.912568306010929,0.8032786885245902,0.010307526617104627,0.05031417290651278,True,0.00976260838813065,46bbbf853561e26625ee3ecbccb6037051556f2f3ca26dcb4e311c165c08d8e9,True,False,ELIGIBLE_ENTRY,ff09f2498192fa0e822678145ada64be74df6e2633d7af4161aea664587f8348
2026-09-10,NOC,LIVE_SHADOW,-9.304706239984372e-05,0.003432468706856416,0.2100250453807394,33.45192769980349,0.2576526891722302,0.2100250453807394,0.30958464486349435,0.1065634658676018,0.08937859119398849,0.026795563521945773,0.726775956284153,0.8579234972677595,0.7540983606557377,0.7923497267759563,0.6885245901639344,0.6010928961748634,-0.003112603604078676,0.0,False,0.014111646030913106,46bbbf853561e26625ee3ecbccb6037051556f2f3ca26dcb4e311c165c08d8e9,True,False,NO_ENTRY,ff09f2498192fa0e822678145ada64be74df6e2633d7af4161aea664587f8348
2026-09-10,NOW,LIVE_SHADOW,-0.00017427421352172234,0.003787544756010462,0.0,38.81920062033037,0.32837579116107113,0.18788943437850347,0.21646227733894113,0.10435156520333574,0.12384838622433683,0.039072545693811876,0.7704918032786885,0.28415300546448086,0.5519125683060109,0.7049180327868853,0.7704918032786885,0.6885245901639344,-0.006765185657650031,0.0,False,0.0025857404310950793,46bbbf853561e26625ee3ecbccb6037051556f2f3ca26dcb4e311c165c08d8e9,True,False,NO_ENTRY,ff09f2498192fa0e822678145ada64be74df6e2633d7af4161aea664587f8348
2026-09-10,NU,LIVE_SHADOW,-0.0005000567626228993,0.002848398010541068,0.0,41.707645915769845,0.1250280921394907,0.21742597291655555,0.3835586765890744,0.11611966974765421,0.11752075999814127,0.04034682860908389,0.5136612021857924,0.03278688524590164,0.03825136612021858,0.07650273224043716,0.09289617486338798,0.14754098360655737,-0.02085619039326206,0.0,False,0.005786437687267257,46bbbf853561e26625ee3ecbccb6037051556f2f3ca26dcb4e311c165c08d8e9,True,False,NO_ENTRY,ff09f2498192fa0e822678145ada64be74df6e2633d7af4161aea664587f8348
2026-09-10,NUE,LIVE_SHADOW,0.0003645835344209586,0.0028036372857700156,0.8660839718947436,43.435538823508,0.13391602810525635,0.20849991373709967,0.3677235506590904,0.11764845532580402,0.12977163586857735,0.04244041630417219,0.5355191256830601,0.9453551912568307,0.9398907103825137,0.9398907103825137,0.9836065573770492,0.8907103825136612,0.01583588226375331,0.053263161640491725,True,0.006726895382697506,46bbbf853561e26625ee3ecbccb6037051556f2f3ca26dcb4e311c165c08d8e9,True,False,ELIGIBLE_ENTRY,ff09f2498192fa0e822678145ada64be74df6e2633d7af4161aea664587f8348
2026-09-10,NVDA,LIVE_SHADOW,-0.0001344361890329946,0.0033012106372331926,0.37573451550086095,33.99010558210278,0.22967165261169917,0.17694670092483733,0.37573451550086095,0.09207035581846727,0.10312105064887449,0.02245572449526077,0.6229508196721312,0.6994535519125683,0.7868852459016393,0.6612021857923497,0.6939890710382514,0.5081967213114754,-0.0045695002592870135,0.0,False,0.006915845631658472,46bbbf853561e26625ee3ecbccb6037051556f2f3ca26dcb4e311c165c08d8e9,True,False,NO_ENTRY,ff09f2498192fa0e822678145ada64be74df6e2633d7af4161aea664587f8348
2026-09-10,NVO,LIVE_SHADOW,-0.00047852914270807214,0.003008778436004558,0.0,38.557103912822896,0.14494773727608656,0.2375409098737073,0.3821247847650737,0.09978439382207706,0.0935178114485657,0.0420843628144897,0.5191256830601093,0.060109289617486336,0.12568306010928962,0.24043715846994534,0.2896174863387978,0.19672131147540983,-0.018450697880709195,0.0,False,0.007185091941988047,46bbbf853561e26625ee3ecbccb6037051556f2f3ca26dcb4e311c165c08d8e9,True,False,NO_ENTRY,ff09f2498192fa0e822678145ada64be74df6e2633d7af4161aea664587f8348
2026-09-10,NXPI,LIVE_SHADOW,0.00029793042502078876,0.003687786788104957,0.8310908409045225,29.019881270389895,0.28302816068075637,0.2042856322726125,0.3437770479511536,0.08254563362282616,0.06083335796394558,0.025530167508705848,0.8852459016393442,0.9672131147540983,0.9289617486338798,0.7595628415300546,0.6120218579234973,0.6557377049180327,0.008645905560940088,0.02959593999543828,True,0.0068462325402083735,46bbbf853561e26625ee3ecbccb6037051556f2f3ca26dcb4e311c165c08d8e9,True,False,ELIGIBLE_ENTRY,ff09f2498192fa0e822678145ada64be74df6e2633d7af4161aea664587f8348
2026-09-10,ON,LIVE_SHADOW,0.00062814291223493,0.0034932904586791177,1.0,37.396638131091684,0.2799005595267103,0.15187848597603285,0.32530381220594484,0.10330728733375748,0.10157459439204777,0.038035260565506844,0.9726775956284153,0.8633879781420765,0.9890710382513661,0.9836065573770492,0.9453551912568307,0.9453551912568307,0.02349043318345976,0.021044369586788837,True,0.0017917395922359353,46bbbf853561e26625ee3ecbccb6037051556f2f3ca26dcb4e311c165c08d8e9,True,False,ELIGIBLE_ENTRY,ff09f2498192fa0e822678145ada64be74df6e2633d7af4161aea664587f8348
2026-09-10,ORCL,LIVE_SHADOW,8.455429447258881e-05,0.0035725134489132137,0.608199019715133,33.542476903920445,0.2843960998240825,0.21261451910574336,0.2714855477728232,0.11118840078530717,0.09413752107475214,0.026177911437291458,0.8306010928961749,0.9289617486338798,0.7377049180327869,0.8743169398907104,0.7595628415300546,0.6284153005464481,0.0028361604694740984,0.0051982706400668915,True,0.003665709818620237,46bbbf853561e26625ee3ecbccb6037051556f2f3ca26dcb4e311c165c08d8e9,True,False,ELIGIBLE_ENTRY,ff09f2498192fa0e822678145ada64be74df6e2633d7af4161aea664587f8348
2026-09-10,ORLY,LIVE_SHADOW,-0.00021973975778398253,0.0035867065806330636,0.0,30.80349566987658,0.2726307299070615,0.21135036331002738,0.3262957115642425,0.08595227885451594,0.07959457196273695,0.024176344401415712,0.33879781420765026,0.7486338797814208,0.6830601092896175,0.6065573770491803,0.5683060109289617,0.4918032786885246,-0.006768752677398634,0.0,False,0.012992720564484512,46bbbf853561e26625ee3ecbccb6037051556f2f3ca26dcb4e311c165c08d8e9,True,False,NO_ENTRY,ff09f2498192fa0e822678145ada64be74df6e2633d7af4161aea664587f8348
2026-09-10,OXY,LIVE_SHADOW,0.0002312133041098148,0.002895339373216696,0.8165632032503527,41.279129907484574,0.14644261903867628,0.20438200739770354,0.38206788662896374,0.10123984807120115,0.12887346115248433,0.036994177710971014,0.5409836065573771,0.8852459016393442,0.9180327868852459,0.8032786885245902,0.9289617486338798,0.7704918032786885,0.009544284016687781,0.04347612154871914,True,0.009110399789591961,46bbbf853561e26625ee3ecbccb6037051556f2f3ca26dcb4e311c165c08d8e9,True,False,ELIGIBLE_ENTRY,ff09f2498192fa0e822678145ada64be74df6e2633d7af4161aea664587f8348
2026-09-10,PANW,LIVE_SHADOW,-0.0001703701491883531,0.004033103943136449,0.3590445808365634,36.53327976303551,0.3590445808365634,0.13027700638055517,0.2723028114174113,0.10883190972855983,0.08474010840542492,0.044803583231485436,0.907103825136612,0.6229508196721312,0.3114754098360656,0.20218579234972678,0.33879781420765026,0.16939890710382513,-0.0062241803235682,0.0,False,0.0031608113041855647,46bbbf853561e26625ee3ecbccb6037051556f2f3ca26dcb4e311c165c08d8e9,True,False,NO_ENTRY,ff09f2498192fa0e822678145ada64be74df6e2633d7af4161aea664587f8348
2026-09-10,PBR,LIVE_SHADOW,-0.0005274819682209823,0.0027672876827422193,0.0,46.26240418032872,0.16767275762936196,0.13340549181045316,0.36695212516366266,0.140828733727159,0.15050216479927944,0.040638726870083575,0.5628415300546448,0.36065573770491804,0.14754098360655737,0.0273224043715847,0.00546448087431694,0.21311475409836064,-0.024402584011674396,0.0,False,0.007937292638251112,46bbbf853561e26625ee3ecbccb6037051556f2f3ca26dcb4e311c165c08d8e9,True,False,NO_ENTRY,ff09f2498192fa0e822678145ada64be74df6e2633d7af4161aea664587f8348
2026-09-10,PEP,LIVE_SHADOW,-0.00027209542384407125,0.0039976569652932815,0.0,37.75362462439378,0.35543068797079697,0.1445979382432761,0.25704198720022303,0.09739625187039612,0.09945812880589965,0.04607500590940814,0.28415300546448086,0.546448087431694,0.453551912568306,0.6010928961748634,0.5956284153005464,0.3224043715846995,-0.01027258849382439,0.0,False,0.01939066094532926,46bbbf853561e26625ee3ecbccb6037051556f2f3ca26dcb4e311c165c08d8e9,True,False,NO_ENTRY,ff09f2498192fa0e822678145ada64be74df6e2633d7af4161aea664587f8348
2026-09-10,PFE,LIVE_SHADOW,-0.0005290996986907633,0.0035073072695418804,0.0,35.90898751161408,0.2822639551875334,0.17761399787632354,0.29556586525653034,0.10585357288958538,0.1098034949748443,0.028899113815183054,0.0546448087431694,0.06557377049180328,0.1092896174863388,0.03278688524590164,0.03278688524590164,0.2459016393442623,-0.018999434472685393,0.0,False,0.021186031110018846,46bbbf853561e26625ee3ecbccb6037051556f2f3ca26dcb4e311c165c08d8e9,True,False,NO_ENTRY,ff09f2498192fa0e822678145ada64be74df6e2633d7af4161aea664587f8348
2026-09-10,PG,LIVE_SHADOW,-0.0004157069572362247,0.00417812139570873,0.0,43.69401813310023,0.3892729533496268,0.11149328910930219,0.19150399283960473,0.12120075845901576,0.132384200470996,0.054144805771454425,0.0273224043715847,0.5737704918032787,0.4371584699453552,0.13114754098360656,0.09836065573770492,0.03825136612021858,-0.018163907327535523,0.0,False,0.023613145603535484,46bbbf853561e26625ee3ecbccb6037051556f2f3ca26dcb4e311c165c08d8e9,True,False,NO_ENTRY,ff09f2498192fa0e822678145ada64be74df6e2633d7af4161aea664587f8348
2026-09-10,PH,LIVE_SHADOW,-0.00047821580349114134,0.003925049830159908,0.0,37.20055885180596,0.34389286107336986,0.11906807686060272,0.29834567054546823,0.09637636182195648,0.10093161232152667,0.041385417377075906,0.01092896174863388,0.34972677595628415,0.18579234972677597,0.18032786885245902,0.17486338797814208,0.12021857923497267,-0.017789895141635877,0.0,False,0.014205212131413243,46bbbf853561e26625ee3ecbccb6037051556f2f3ca26dcb4e311c165c08d8e9,True,False,NO_ENTRY,ff09f2498192fa0e822678145ada64be74df6e2633d7af4161aea664587f8348
2026-09-10,PLTR,LIVE_SHADOW,3.368658977032524e-05,0.0037799423755291565,0.6301065558986492,42.39087512115249,0.33215667069685734,0.18880261910280405,0.18109082499854678,0.11561789408446388,0.13382186613610042,0.04851012498122757,0.8907103825136612,0.18032786885245902,0.4426229508196721,0.8633879781420765,0.9344262295081968,0.912568306010929,0.00142800402021135,0.0009714308880456419,False,0.001360543631945611,46bbbf853561e26625ee3ecbccb6037051556f2f3ca26dcb4e311c165c08d8e9,True,False,NO_ENTRY,ff09f2498192fa0e822678145ada64be74df6e2633d7af4161aea664587f8348
2026-09-10,PM,LIVE_SHADOW,-0.00034054937815247265,0.0029601872445459434,0.0,46.01795276907547,0.21272252742203485,0.14900625653573205,0.3203987111195014,0.12471126276424985,0.14471973822404882,0.04844150393443293,0.4644808743169399,0.4371584699453552,0.37158469945355194,0.2896174863387978,0.23497267759562843,0.2896174863387978,-0.01567138519935851,0.0,False,0.010344318952183035,46bbbf853561e26625ee3ecbccb6037051556f2f3ca26dcb4e311c165c08d8e9,True,False,NO_ENTRY,ff09f2498192fa0e822678145ada64be74df6e2633d7af4161aea664587f8348
2026-09-10,PNC,LIVE_SHADOW,-0.000262491148628988,0.004471761527866627,0.0,34.369583319864105,0.41019188790649624,0.11109695716084414,0.26966848019350814,0.07473062476909192,0.09481961646778442,0.03949243350227531,0.11475409836065574,0.5191256830601093,0.6174863387978142,0.5683060109289617,0.639344262295082,0.6830601092896175,-0.009021711403530835,0.0,False,0.037209760471598186,46bbbf853561e26625ee3ecbccb6037051556f2f3ca26dcb4e311c165c08d8e9,True,False,NO_ENTRY,ff09f2498192fa0e822678145ada64be74df6e2633d7af4161aea664587f8348
2026-09-10,PSX,LIVE_SHADOW,-0.00021234946434797736,0.003171157022264299,0.0,43.16552585137573,0.22878571361955724,0.14340784895142789,0.3614628709910343,0.07831427418802168,0.14184830851763566,0.04618098373232303,0.46994535519125685,0.5245901639344263,0.639344262295082,0.48633879781420764,0.7103825136612022,0.6502732240437158,-0.009166176292838406,0.0,False,0.009823670975912262,46bbbf853561e26625ee3ecbccb6037051556f2f3ca26dcb4e311c165c08d8e9,True,False,NO_ENTRY,ff09f2498192fa0e822678145ada64be74df6e2633d7af4161aea664587f8348
2026-09-10,QCOM,LIVE_SHADOW,-0.0001723979169724669,0.0035390784523204053,0.38928944447198793,35.20403500295691,0.2722004807789216,0.12261478271701157,0.38928944447198793,0.06608057881508,0.12793217103890966,0.02188254217808915,0.6939890710382514,0.5628415300546448,0.8087431693989071,0.546448087431694,0.19672131147540983,0.5027322404371585,-0.006069102303535583,0.0,False,0.004915788970010685,46bbbf853561e26625ee3ecbccb6037051556f2f3ca26dcb4e311c165c08d8e9,True,False,NO_ENTRY,ff09f2498192fa0e822678145ada64be74df6e2633d7af4161aea664587f8348
2026-09-10,RCL,LIVE_SHADOW,4.1751653365316935e-05,0.0030252460350071618,0.6138426083096901,36.002730058079244,0.15360053410714883,0.21349117572958415,0.4003514325801059,0.10697098024156367,0.09828115852977896,0.027304718811818448,0.47540983606557374,0.8469945355191257,0.8797814207650273,0.7759562841530054,0.7158469945355191,0.5956284153005464,0.0015031735055900015,0.007794824231562656,False,0.010371157025553291,46bbbf853561e26625ee3ecbccb6037051556f2f3ca26dcb4e311c165c08d8e9,True,False,NO_ENTRY,ff09f2498192fa0e822678145ada64be74df6e2633d7af4161aea664587f8348
2026-09-10,REGN,LIVE_SHADOW,-0.00017040918026538652,0.0032934024037983294,0.0,32.540387254106186,0.19879830965595036,0.23449169065289752,0.38289886490081937,0.06685099685560525,0.09046600810307988,0.026494129831647516,0.45901639344262296,0.7868852459016393,0.7431693989071039,0.5191256830601093,0.6010928961748634,0.47540983606557374,-0.005545180717490467,0.0,False,0.013276194002192938,46bbbf853561e26625ee3ecbccb6037051556f2f3ca26dcb4e311c165c08d8e9,True,False,NO_ENTRY,ff09f2498192fa0e822678145ada64be74df6e2633d7af4161aea664587f8348
2026-09-10,RIO,LIVE_SHADOW,-0.0002745849616182547,0.0034102997444598196,0.0,38.41942439537052,0.2605071381883972,0.2207988454668102,0.2746154760424527,0.08614537964485829,0.11781279193534466,0.040120368722136986,0.44808743169398907,0.6502732240437158,0.46994535519125685,0.5245901639344263,0.3879781420765027,0.4207650273224044,-0.010549396172998254,0.0,False,0.01155777533218409,46bbbf853561e26625ee3ecbccb6037051556f2f3ca26dcb4e311c165c08d8e9,True,False,NO_ENTRY,ff09f2498192fa0e822678145ada64be74df6e2633d7af4161aea664587f8348
2026-09-10,ROP,LIVE_SHADOW,-7.948374577374863e-05,0.0031536853687590786,0.33811929046561795,49.214286437388466,0.2683448145692342,0.11457424138751232,0.23449675374791115,0.16237641228759603,0.17574287817802195,0.04446489982972441,0.6284153005464481,0.5027322404371585,0.5409836065573771,0.8797814207650273,0.907103825136612,0.6939890710382514,-0.00391173583162583,0.0,False,0.006681757440761343,46bbbf853561e26625ee3ecbccb6037051556f2f3ca26dcb4e311c165c08d8e9,True,False,NO_ENTRY,ff09f2498192fa0e822678145ada64be74df6e2633d7af4161aea664587f8348
2026-09-10,RTX,LIVE_SHADOW,-0.000440983508938737,0.0034059965400515557,0.0,32.3555062820248,0.24129964821089178,0.19708531839881505,0.3641860576626571,0.08884050867713053,0.08182038267898632,0.02676808437151927,0.31693989071038253,0.19672131147540983,0.17486338797814208,0.3114754098360656,0.36065573770491804,0.4098360655737705,-0.014268244693736644,0.0,False,0.015453478881729992,46bbbf853561e26625ee3ecbccb6037051556f2f3ca26dcb4e311c165c08d8e9,True,False,NO_ENTRY,ff09f2498192fa0e822678145ada64be74df6e2633d7af4161aea664587f8348
2026-09-10,SAP,LIVE_SHADOW,-0.0004838520814267621,0.0028933657373105904,0.0,40.939439501637146,0.1437504830942696,0.21606493452659858,0.3724671303370413,0.11359108071628438,0.11397435820394863,0.040152013121857476,0.5573770491803278,0.0273224043715847,0.04918032786885246,0.08196721311475409,0.10382513661202186,0.14207650273224043,-0.019808633015312136,0.0,False,0.004962551837971499,46bbbf853561e26625ee3ecbccb6037051556f2f3ca26dcb4e311c165c08d8e9,True,False,NO_ENTRY,ff09f2498192fa0e822678145ada64be74df6e2633d7af4161aea664587f8348
2026-09-10,SBUX,LIVE_SHADOW,-0.000311240573043727,0.004205987956324198,0.0,42.86523532774648,0.38923345425205447,0.0998445161232485,0.22898562744998088,0.0967987077513153,0.12970993267819567,0.05542776174520519,0.09289617486338798,0.48633879781420764,0.5901639344262295,0.3005464480874317,0.16939890710382513,0.08743169398907104,-0.013341400407062026,0.0,False,0.01892552947945397,46bbbf853561e26625ee3ecbccb6037051556f2f3ca26dcb4e311c165c08d8e9,True,False,NO_ENTRY,ff09f2498192fa0e822678145ada64be74df6e2633d7af4161aea664587f8348
2026-09-10,SCHW,LIVE_SHADOW,-0.0002601129981689001,0.003935444697273665,0.0,37.836932047209125,0.3512275430508389,0.12390487653797941,0.2605073995419873,0.12197850497957721,0.10278253823653599,0.0395991376530811,0.26229508196721313,0.4808743169398907,0.5683060109289617,0.7158469945355191,0.6284153005464481,0.36065573770491804,-0.009841877836312504,0.0,False,0.018416939836339227,46bbbf853561e26625ee3ecbccb6037051556f2f3ca26dcb4e311c165c08d8e9,True,False,NO_ENTRY,ff09f2498192fa0e822678145ada64be74df6e2633d7af4161aea664587f8348
2026-09-10,SHEL,LIVE_SHADOW,-0.000536664749585593,0.003491679333203877,0.0,36.4879381478996,0.2760703217987303,0.17649058597924125,0.31373539272677375,0.09890222966548302,0.0972434193367683,0.03755805049300349,0.00546448087431694,0.00546448087431694,0.00546448087431694,0.01639344262295082,0.0546448087431694,0.03278688524590164,-0.019581790189037142,0.0,False,0.02078878474378465,46bbbf853561e26625ee3ecbccb6037051556f2f3ca26dcb4e311c165c08d8e9,True,False,NO_ENTRY,ff09f2498192fa0e822678145ada64be74df6e2633d7af4161aea664587f8348
2026-09-10,SHOP,LIVE_SHADOW,-0.00024559486376586127,0.0036342660151668345,0.34244239548539696,39.751216804930095,0.2927667086972359,0.09919270476094556,0.37739015734889547,0.07479315153885778,0.10618159086590423,0.049675686788161026,0.819672131147541,0.44808743169398907,0.10382513661202186,0.34972677595628415,0.7978142076502732,0.9344262295081968,-0.009762694675734021,0.0,False,0.0024134217330484676,46bbbf853561e26625ee3ecbccb6037051556f2f3ca26dcb4e311c165c08d8e9,True,False,NO_ENTRY,ff09f2498192fa0e822678145ada64be74df6e2633d7af4161aea664587f8348
2026-09-10,SHW,LIVE_SHADOW,-0.00032936921966073257,0.004565966018755529,0.0,28.97038427473136,0.4141488488361232,0.14889331708653927,0.2729165832075046,0.06227455605934442,0.07143413075961023,0.030332564050878426,0.12568306010928962,0.3989071038251366,0.3879781420765027,0.5081967213114754,0.4644808743169399,0.5737704918032787,-0.009541952861839825,0.0,False,0.012564768992229705,46bbbf853561e26625ee3ecbccb6037051556f2f3ca26dcb4e311c165c08d8e9,True,False,NO_ENTRY,ff09f2498192fa0e822678145ada64be74df6e2633d7af4161aea664587f8348
2026-09-10,SID,LIVE_SHADOW,-0.00017936534235972189,0.003902279096637184,0.34275506456648125,36.18957600268152,0.34275506456648125,0.14267366493929548,0.26942328896466455,0.10035431381712827,0.1124898851621007,0.032303782550329715,0.9234972677595629,0.3114754098360656,0.28415300546448086,0.20765027322404372,0.16393442622950818,0.3005464480874317,-0.006491155689574146,0.0,False,0.002654921254385469,46bbbf853561e26625ee3ecbccb6037051556f2f3ca26dcb4e311c165c08d8e9,True,False,NO_ENTRY,ff09f2498192fa0e822678145ada64be74df6e2633d7af4161aea664587f8348
2026-09-10,SLB,LIVE_SHADOW,-0.0002773608243346083,0.0034449188449627937,0.0,40.94756933296621,0.2895025924976698,0.1294912792941654,0.2840855546881044,0.11962932380835761,0.14645243842482136,0.030838811286881346,0.6502732240437158,0.46994535519125685,0.5956284153005464,0.29508196721311475,0.21311475409836064,0.44808743169398907,-0.011357251584690036,0.0,False,0.005744620573224981,46bbbf853561e26625ee3ecbccb6037051556f2f3ca26dcb4e311c165c08d8e9,True,False,NO_ENTRY,ff09f2498192fa0e822678145ada64be74df6e2633d7af4161aea664587f8348
2026-09-10,SNPS,LIVE_SHADOW,-4.449068688654859e-06,0.0033864642244214524,0.4851081551921391,41.98471071757079,0.27609266162940893,0.12931590566941661,0.3105344485124429,0.125157125009828,0.10948327750903533,0.04941658166986826,0.7814207650273224,0.639344262295082,0.7759562841530054,0.912568306010929,0.8087431693989071,0.9234972677595629,-0.0001867928618557763,0.0,False,0.004312206478699021,46bbbf853561e26625ee3ecbccb6037051556f2f3ca26dcb4e311c165c08d8e9,True,False,NO_ENTRY,ff09f2498192fa0e822678145ada64be74df6e2633d7af4161aea664587f8348
2026-09-10,SNY,LIVE_SHADOW,-0.0003011796770730007,0.004272470335413777,0.0,38.86286558108634,0.3925098880392319,0.1207717506953145,0.23693522171813486,0.08007506962920782,0.12588669392077345,0.043821375997337514,0.20218579234972678,0.5136612021857924,0.45901639344262296,0.4426229508196721,0.28415300546448086,0.31693989071038253,-0.011704705305843017,0.0,False,0.01755195673199983,46bbbf853561e26625ee3ecbccb6037051556f2f3ca26dcb4e311c165c08d8e9,True,False,NO_ENTRY,ff09f2498192fa0e822678145ada64be74df6e2633d7af4161aea664587f8348
2026-09-10,SONY,LIVE_SHADOW,-0.0003912783729483537,0.0031177412504291907,0.0,41.05603814012034,0.21869986663567872,0.1787364474482065,0.33593560058231414,0.10281800055948796,0.12115726572638205,0.04265281904793046,0.3770491803278688,0.273224043715847,0.2459016393442623,0.2677595628415301,0.20218579234972678,0.23497267759562843,-0.016064339803171842,0.0,False,0.010056125668106397,46bbbf853561e26625ee3ecbccb6037051556f2f3ca26dcb4e311c165c08d8e9,True,False,NO_ENTRY,ff09f2498192fa0e822678145ada64be74df6e2633d7af4161aea664587f8348
2026-09-10,SPCX,LIVE_SHADOW,-0.00038283130433409984,0.003353928278909661,0.1573114158458567,37.69900975822425,0.23609487400967819,0.2227672786212643,0.3291118668371144,0.05471456468608641,0.11527822279621322,0.04203319304964347,0.73224043715847,0.03825136612021858,0.15846994535519127,0.5573770491803278,0.8743169398907104,0.8579234972677595,-0.014432361077844947,0.0,False,0.001693463349742984,46bbbf853561e26625ee3ecbccb6037051556f2f3ca26dcb4e311c165c08d8e9,True,False,NO_ENTRY,ff09f2498192fa0e822678145ada64be74df6e2633d7af4161aea664587f8348
2026-09-10,SPGI,LIVE_SHADOW,-0.0004607448484997879,0.0028117571703397955,0.0,44.81734665397566,0.15614831158510734,0.1874350391023673,0.35715038178414743,0.12480593767136705,0.12449327511291867,0.049967054744092215,0.4262295081967213,0.14207650273224043,0.09836065573770492,0.03825136612021858,0.06557377049180328,0.01639344262295082,-0.020649361594248492,0.0,False,0.0069708128621076716,46bbbf853561e26625ee3ecbccb6037051556f2f3ca26dcb4e311c165c08d8e9,True,False,NO_ENTRY,ff09f2498192fa0e822678145ada64be74df6e2633d7af4161aea664587f8348
2026-09-10,STLD,LIVE_SHADOW,0.0004199486486373446,0.003193876016223742,1.0,39.35571246264924,0.22986477790812088,0.19150413428565047,0.31998575169807847,0.10727956468558199,0.11128269760099663,0.04008307382157159,0.8087431693989071,0.9781420765027322,0.9344262295081968,0.9672131147540983,0.9672131147540983,0.9398907103825137,0.016527378264849447,0.048634950561313506,True,0.0058853799776278715,46bbbf853561e26625ee3ecbccb6037051556f2f3ca26dcb4e311c165c08d8e9,True,False,ELIGIBLE_ENTRY,ff09f2498192fa0e822678145ada64be74df6e2633d7af4161aea664587f8348
2026-09-10,SYK,LIVE_SHADOW,-0.00021399754624697946,0.004116604584811837,0.0,37.99878325670291,0.36938432077448746,0.13148285814494065,0.2662873468103216,0.09114774257255544,0.08837429399240754,0.05332343770528732,0.7431693989071039,0.47540983606557374,0.5628415300546448,0.41530054644808745,0.4371584699453552,0.7540983606557377,-0.00813164637730523,0.0,False,0.005732075492671076,46bbbf853561e26625ee3ecbccb6037051556f2f3ca26dcb4e311c165c08d8e9,True,False,NO_ENTRY,ff09f2498192fa0e822678145ada64be74df6e2633d7af4161aea664587f8348
2026-09-10,T,LIVE_SHADOW,-0.00037421158801523546,0.003260301230185844,0.0,33.771747590777295,0.2110960890357117,0.23091929461227462,0.3465172213077796,0.10540585275661127,0.07253886400422106,0.03352267828340156,0.4426229508196721,0.22404371584699453,0.30601092896174864,0.32786885245901637,0.46994535519125685,0.40437158469945356,-0.012637779295994474,0.0,False,0.013397229925913549,46bbbf853561e26625ee3ecbccb6037051556f2f3ca26dcb4e311c165c08d8e9,True,False,NO_ENTRY,ff09f2498192fa0e822678145ada64be74df6e2633d7af4161aea664587f8348
2026-09-10,TEAM,LIVE_SHADOW,-0.0003185241353236449,0.003562203378244667,0.26557133849394116,31.72894560741713,0.26557133849394116,0.1924661980230277,0.3609548986987075,0.07333272409166351,0.07785374499475138,0.02982109569790882,0.8633879781420765,0.0546448087431694,0.01639344262295082,0.28415300546448086,0.726775956284153,0.7377049180327869,-0.010106434964333503,0.0,False,0.0012317383229447194,46bbbf853561e26625ee3ecbccb6037051556f2f3ca26dcb4e311c165c08d8e9,True,False,NO_ENTRY,ff09f2498192fa0e822678145ada64be74df6e2633d7af4161aea664587f8348
2026-09-10,TGT,LIVE_SHADOW,8.361227757676843e-05,0.002715145527060184,0.49133960554104694,46.53206508872396,0.14274018374773945,0.21160875831168968,0.3200450986875883,0.13044758807266435,0.14928325915669294,0.045875112023625327,0.5027322404371585,0.8360655737704918,0.7486338797814208,0.8852459016393442,0.9508196721311475,0.825136612021858,0.0038906519424186433,0.0,False,0.007278610796008555,46bbbf853561e26625ee3ecbccb6037051556f2f3ca26dcb4e311c165c08d8e9,True,False,NO_ENTRY,ff09f2498192fa0e822678145ada64be74df6e2633d7af4161aea664587f8348
2026-09-10,TJX,LIVE_SHADOW,-0.0002886508027584802,0.003803739135687055,0.0,32.0229013929889,0.3078201784002668,0.22731482591061763,0.2722952068431602,0.06851580030672491,0.09551367443387386,0.02854031410535647,0.2568306010928962,0.819672131147541,0.366120218579235,0.5519125683060109,0.3442622950819672,0.4262295081967213,-0.009243436193741898,0.0,False,0.02091278949270787,46bbbf853561e26625ee3ecbccb6037051556f2f3ca26dcb4e311c165c08d8e9,True,False,NO_ENTRY,ff09f2498192fa0e822678145ada64be74df6e2633d7af4161aea664587f8348
2026-09-10,TM,LIVE_SHADOW,-0.0005401436652265229,0.003551761095222004,0.0,32.57252887611488,0.2823266023274978,0.17507210729454492,0.3184373914978081,0.1026503369374057,0.1040834156381813,0.017430146304562234,0.02185792349726776,0.04371584699453552,0.0273224043715847,0.02185792349726776,0.03825136612021858,0.43169398907103823,-0.017593845132841446,0.0,False,0.020597804537451,46bbbf853561e26625ee3ecbccb6037051556f2f3ca26dcb4e311c165c08d8e9,True,False,NO_ENTRY,ff09f2498192fa0e822678145ada64be74df6e2633d7af4161aea664587f8348
2026-09-10,TMO,LIVE_SHADOW,-0.0004300755744458408,0.0034590390818165185,0.0,38.421834749339155,0.2803350227218839,0.18262253972010933,0.27317833733460944,0.10773674518708598,0.12180250521620577,0.034324849820105564,0.17486338797814208,0.16393442622950818,0.2568306010928962,0.14207650273224043,0.08743169398907104,0.25136612021857924,-0.016524292651085206,0.0,False,0.011166304200803875,46bbbf853561e26625ee3ecbccb6037051556f2f3ca26dcb4e311c165c08d8e9,True,False,NO_ENTRY,ff09f2498192fa0e822678145ada64be74df6e2633d7af4161aea664587f8348
2026-09-10,TMUS,LIVE_SHADOW,-0.0004558693004960839,0.003164231742429707,0.0,36.58767288513118,0.20750648099573796,0.19470114569816704,0.3635212670461079,0.08937532037655628,0.1177541938103735,0.02714159207305738,0.30601092896174864,0.09836065573770492,0.06557377049180328,0.22404371584699453,0.08196721311475409,0.33879781420765026,-0.016679196844924284,0.0,False,0.006555227425068803,46bbbf853561e26625ee3ecbccb6037051556f2f3ca26dcb4e311c165c08d8e9,True,False,NO_ENTRY,ff09f2498192fa0e822678145ada64be74df6e2633d7af4161aea664587f8348
2026-09-10,TSLA,LIVE_SHADOW,-0.0002282412112956821,0.003489095953750104,0.0,37.90882933656474,0.2712363448698128,0.1734002450282977,0.3338398458208502,0.06995398815857894,0.10796154717317485,0.04360802894928563,0.644808743169399,0.3551912568306011,0.6775956284153005,0.5300546448087432,0.6666666666666666,0.6994535519125683,-0.008652357126578827,0.0,False,0.003111935016300176,46bbbf853561e26625ee3ecbccb6037051556f2f3ca26dcb4e311c165c08d8e9,True,False,NO_ENTRY,ff09f2498192fa0e822678145ada64be74df6e2633d7af4161aea664587f8348
2026-09-10,TSM,LIVE_SHADOW,-0.000274324068021193,0.0038083675935724516,0.0,35.05991467246319,0.31382360561326944,0.2090735149655183,0.2765520069944419,0.07566780388913061,0.07683015265136553,0.04805291588627429,0.639344262295082,0.6557377049180327,0.44808743169398907,0.4918032786885246,0.4972677595628415,0.6721311475409836,-0.009617778417426014,0.0,False,0.0055087016428738535,46bbbf853561e26625ee3ecbccb6037051556f2f3ca26dcb4e311c165c08d8e9,True,False,NO_ENTRY,ff09f2498192fa0e822678145ada64be74df6e2633d7af4161aea664587f8348
2026-09-10,TTWO,LIVE_SHADOW,0.00028584252619622696,0.0029008352202503284,0.7931098568561118,41.48210442784539,0.1692721083754418,0.1964203269494297,0.3520667906261811,0.1200711445226392,0.12455159475786172,0.03761803476844644,0.6120218579234973,0.907103825136612,0.912568306010929,0.9562841530054644,0.9562841530054644,0.819672131147541,0.011857349521591018,0.04115542858399599,True,0.006941758528591264,46bbbf853561e26625ee3ecbccb6037051556f2f3ca26dcb4e311c165c08d8e9,True,False,ELIGIBLE_ENTRY,ff09f2498192fa0e822678145ada64be74df6e2633d7af4161aea664587f8348
2026-09-10,TXN,LIVE_SHADOW,-0.00017409592454264162,0.0036506658449064833,0.0,32.44808304320819,0.2782875654608771,0.20678589055163824,0.34192222527722665,0.06129563804525348,0.07331806064737498,0.03839062001762971,0.7213114754098361,0.7978142076502732,0.7595628415300546,0.5355191256830601,0.5792349726775956,0.7103825136612022,-0.005649079017043743,0.0,False,0.006106371085367088,46bbbf853561e26625ee3ecbccb6037051556f2f3ca26dcb4e311c165c08d8e9,True,False,NO_ENTRY,ff09f2498192fa0e822678145ada64be74df6e2633d7af4161aea664587f8348
2026-09-10,UBER,LIVE_SHADOW,-0.0002707850942584422,0.0033146724629104494,0.0,40.37000284501841,0.2572311309927867,0.17426448887234947,0.3039607790942459,0.09910958345446783,0.12404515696615027,0.04138886061999986,0.5245901639344263,0.45901639344262296,0.4644808743169399,0.45901639344262296,0.3989071038251366,0.4371584699453552,-0.010931595025601891,0.0,False,0.005564250715689881,46bbbf853561e26625ee3ecbccb6037051556f2f3ca26dcb4e311c165c08d8e9,True,False,NO_ENTRY,ff09f2498192fa0e822678145ada64be74df6e2633d7af4161aea664587f8348
2026-09-10,UL,LIVE_SHADOW,-0.0005007694097343563,0.003399957822937737,0.0,37.52614724040419,0.26167115349112857,0.18074886105690458,0.31891170704875565,0.09667171335119365,0.10266188236951258,0.03933468268250501,0.07103825136612021,0.01639344262295082,0.02185792349726776,0.060109289617486336,0.04371584699453552,0.0273224043715847,-0.01879194660318175,0.0,False,0.013303760284119347,46bbbf853561e26625ee3ecbccb6037051556f2f3ca26dcb4e311c165c08d8e9,True,False,NO_ENTRY,ff09f2498192fa0e822678145ada64be74df6e2633d7af4161aea664587f8348
2026-09-10,UNH,LIVE_SHADOW,-0.00033276032821559,0.003606156471208677,0.0,39.08027819338422,0.3017219917697974,0.16474764357571445,0.2803542480471769,0.08569446444381082,0.12901467707572875,0.038466975087771624,0.3005464480874317,0.366120218579235,0.3825136612021858,0.3989071038251366,0.24043715846994534,0.3442622950819672,-0.013004366198387097,0.0,False,0.017729208194509394,46bbbf853561e26625ee3ecbccb6037051556f2f3ca26dcb4e311c165c08d8e9,True,False,NO_ENTRY,ff09f2498192fa0e822678145ada64be74df6e2633d7af4161aea664587f8348
2026-09-10,UNP,LIVE_SHADOW,-0.00043942436176272573,0.0032335748927400385,0.0,43.45539914244979,0.2550773794078121,0.15108574826229604,0.29900834851452024,0.12487425595272829,0.11842381110645805,0.05153045675618531,0.22950819672131148,0.2677595628415301,0.21311475409836064,0.04918032786885246,0.1092896174863388,0.00546448087431694,-0.019095361033315498,0.0,False,0.01766428237434516,46bbbf853561e26625ee3ecbccb6037051556f2f3ca26dcb4e311c165c08d8e9,True,False,NO_ENTRY,ff09f2498192fa0e822678145ada64be74df6e2633d7af4161aea664587f8348
2026-09-10,UPS,LIVE_SHADOW,4.198404825372273e-05,0.003446831500949635,0.6370778229776469,32.25446019622335,0.254705416887207,0.19400397966941588,0.34486776965713195,0.09820607365109914,0.08348068220585007,0.02473607792929585,0.20765027322404372,0.8961748633879781,0.8961748633879781,0.825136612021858,0.7213114754098361,0.6229508196721312,0.0013541728132760202,0.009772383893757187,False,0.014432993777383251,46bbbf853561e26625ee3ecbccb6037051556f2f3ca26dcb4e311c165c08d8e9,True,False,NO_ENTRY,ff09f2498192fa0e822678145ada64be74df6e2633d7af4161aea664587f8348
2026-09-10,USB,LIVE_SHADOW,-0.00024078785716434177,0.0039406143130263,0.0,37.915802763234296,0.351662493897666,0.13336562603722812,0.2525575177302888,0.11671479936859314,0.10565525871845542,0.040044304247768524,0.18579234972677597,0.5846994535519126,0.6065573770491803,0.7650273224043715,0.6994535519125683,0.7049180327868853,-0.009129664900025015,0.0,False,0.026313563589886964,46bbbf853561e26625ee3ecbccb6037051556f2f3ca26dcb4e311c165c08d8e9,True,False,NO_ENTRY,ff09f2498192fa0e822678145ada64be74df6e2633d7af4161aea664587f8348
2026-09-10,V,LIVE_SHADOW,-0.0004902045320077628,0.0031932062982023743,0.0,40.427830034649254,0.2334300369129418,0.17808972144107885,0.3246781463096263,0.10214894996202013,0.12029780244372622,0.04135534293060666,0.21311475409836064,0.1092896174863388,0.09289617486338798,0.10382513661202186,0.01639344262295082,0.07650273224043716,-0.019817905502224613,0.0,False,0.022209294030427356,46bbbf853561e26625ee3ecbccb6037051556f2f3ca26dcb4e311c165c08d8e9,True,False,NO_ENTRY,ff09f2498192fa0e822678145ada64be74df6e2633d7af4161aea664587f8348
2026-09-10,VALE,LIVE_SHADOW,-0.00025982036493246366,0.003664101980746168,0.0,34.878258421520215,0.2896396009600004,0.2425229912006257,0.2493605816773503,0.08119804092572144,0.10188270806003379,0.035396077176268276,0.6557377049180327,0.7814207650273224,0.5573770491803278,0.4371584699453552,0.37158469945355194,0.3989071038251366,-0.009062081831288156,0.0,False,0.012365547775934104,46bbbf853561e26625ee3ecbccb6037051556f2f3ca26dcb4e311c165c08d8e9,True,False,NO_ENTRY,ff09f2498192fa0e822678145ada64be74df6e2633d7af4161aea664587f8348
2026-09-10,VIST,LIVE_SHADOW,0.00042486629191368765,0.0034455246833262594,1.0,36.816330270075206,0.2664444566964111,0.1854169313500696,0.317418194437028,0.09219768551883224,0.09968193038021318,0.03884080161744594,0.9289617486338798,0.9890710382513661,0.9617486338797814,0.8961748633879781,0.9234972677595629,0.9508196721311475,0.015642017723716508,0.0448073017438048,True,0.005729094869374524,46bbbf853561e26625ee3ecbccb6037051556f2f3ca26dcb4e311c165c08d8e9,True,False,ELIGIBLE_ENTRY,ff09f2498192fa0e822678145ada64be74df6e2633d7af4161aea664587f8348
2026-09-10,VLO,LIVE_SHADOW,-7.749544443502939e-05,0.0033426293104417307,0.43675098571357807,36.50777070914341,0.25227587874426993,0.17392822488728368,0.3316663078834487,0.1050846778301294,0.10580769125722946,0.031237219397638693,0.7377049180327869,0.7759562841530054,0.8142076502732241,0.8087431693989071,0.7923497267759563,0.6775956284153005,-0.0028291859164372166,0.0,False,0.009150378270924036,46bbbf853561e26625ee3ecbccb6037051556f2f3ca26dcb4e311c165c08d8e9,True,False,NO_ENTRY,ff09f2498192fa0e822678145ada64be74df6e2633d7af4161aea664587f8348
2026-09-10,VRTX,LIVE_SHADOW,-0.00043350733413963585,0.0033704139911847108,0.0,36.37664660843227,0.24421644640499082,0.20488677878442396,0.33420953773479056,0.08346100099903793,0.09210731604104314,0.041118920035713526,0.29508196721311475,0.15300546448087432,0.20218579234972678,0.3224043715846995,0.29508196721311475,0.20765027322404372,-0.015769543096161097,0.0,False,0.011177154609408867,46bbbf853561e26625ee3ecbccb6037051556f2f3ca26dcb4e311c165c08d8e9,True,False,NO_ENTRY,ff09f2498192fa0e822678145ada64be74df6e2633d7af4161aea664587f8348
2026-09-10,VZ,LIVE_SHADOW,-0.0004474784105466764,0.003104763524387316,0.0,42.39043478307931,0.22305007028685173,0.19652772979990538,0.29705990549231515,0.11641883283891043,0.11883464594850966,0.04810881563350757,0.273224043715847,0.09289617486338798,0.1912568306010929,0.06557377049180328,0.07650273224043716,0.02185792349726776,-0.018968804379114874,0.0,False,0.013054237095975607,46bbbf853561e26625ee3ecbccb6037051556f2f3ca26dcb4e311c165c08d8e9,True,False,NO_ENTRY,ff09f2498192fa0e822678145ada64be74df6e2633d7af4161aea664587f8348
2026-09-10,WFC,LIVE_SHADOW,-0.00030686467603309887,0.004831590425997154,0.0,28.709129567677575,0.4486426850233396,0.1601860653106979,0.21271983445335058,0.07525879368938977,0.07507885943051913,0.0281137620927032,0.13114754098360656,0.40437158469945356,0.5081967213114754,0.4644808743169399,0.47540983606557374,0.5245901639344263,-0.00880981774397764,0.0,False,0.024320010772544788,46bbbf853561e26625ee3ecbccb6037051556f2f3ca26dcb4e311c165c08d8e9,True,False,NO_ENTRY,ff09f2498192fa0e822678145ada64be74df6e2633d7af4161aea664587f8348
2026-09-10,WM,LIVE_SHADOW,-0.00038396847209656366,0.0036935010882379613,0.0,35.67317817383711,0.29952471804538416,0.17487914700791365,0.32194043155971863,0.06522395852329346,0.09704759647508218,0.041384148388607954,0.2459016393442623,0.2896174863387978,0.273224043715847,0.44808743169398907,0.31693989071038253,0.2568306010928962,-0.013697375718236718,0.0,False,0.022873704915016058,46bbbf853561e26625ee3ecbccb6037051556f2f3ca26dcb4e311c165c08d8e9,True,False,NO_ENTRY,ff09f2498192fa0e822678145ada64be74df6e2633d7af4161aea664587f8348
2026-09-10,WMB,LIVE_SHADOW,-0.00039121761346518085,0.0031933348406959464,0.0,40.85687648889082,0.23937273405469717,0.14708706215764247,0.33541692221758773,0.1309717804095686,0.10196728306312128,0.04518421809738288,0.32786885245901637,0.3442622950819672,0.22950819672131148,0.11475409836065574,0.273224043715847,0.18579234972677597,-0.015983929713625524,0.0,False,0.011945297106158907,46bbbf853561e26625ee3ecbccb6037051556f2f3ca26dcb4e311c165c08d8e9,True,False,NO_ENTRY,ff09f2498192fa0e822678145ada64be74df6e2633d7af4161aea664587f8348
2026-09-10,WMT,LIVE_SHADOW,-0.0004258213095238396,0.0036986084533187713,0.0,37.21280018964636,0.3102608296866671,0.1262217298862678,0.32575496131561593,0.0965893869458794,0.10217274944271482,0.0390003427228551,0.10382513661202186,0.33879781420765026,0.15300546448087432,0.19672131147540983,0.18579234972677597,0.17486338797814208,-0.0158460033078042,0.0,False,0.01254647992551364,46bbbf853561e26625ee3ecbccb6037051556f2f3ca26dcb4e311c165c08d8e9,True,False,NO_ENTRY,ff09f2498192fa0e822678145ada64be74df6e2633d7af4161aea664587f8348
2026-09-10,XOM,LIVE_SHADOW,-0.0004335676901282308,0.0037022800622937752,0.0,34.37545281175565,0.30850899109015234,0.17199669996663164,0.2907959657300464,0.10547320664856562,0.09154625205421596,0.031678884510388056,0.1092896174863388,0.1912568306010929,0.2185792349726776,0.14754098360655737,0.2459016393442623,0.28415300546448086,-0.014904085672704894,0.0,False,0.018806366212577107,46bbbf853561e26625ee3ecbccb6037051556f2f3ca26dcb4e311c165c08d8e9,True,False,NO_ENTRY,ff09f2498192fa0e822678145ada64be74df6e2633d7af4161aea664587f8348
2026-09-10,YPF,LIVE_SHADOW,0.0002496246031942073,0.003258973304479064,0.7632038440245477,37.98268771692802,0.23679615597545217,0.18836177760495587,0.3293600857546385,0.1088797372005353,0.0956716828724017,0.040930560592016316,0.7868852459016393,0.9180327868852459,0.907103825136612,0.9289617486338798,0.825136612021858,0.907103825136612,0.009481413349587648,0.03855570323954892,True,0.008132902093383732,46bbbf853561e26625ee3ecbccb6037051556f2f3ca26dcb4e311c165c08d8e9,True,False,ELIGIBLE_ENTRY,ff09f2498192fa0e822678145ada64be74df6e2633d7af4161aea664587f8348
2026-09-10,ZTS,LIVE_SHADOW,0.00022414752039165962,0.003485008565037465,0.9057342090908748,36.25346663259751,0.2715170102693816,0.18584137199908218,0.31673465737112705,0.09261820258844447,0.09426579090912524,0.03902296686283944,0.8688524590163934,0.912568306010929,0.8852459016393442,0.8306010928961749,0.819672131147541,0.8797814207650273,0.008126124651298501,0.03989633901483418,True,0.009819278125018427,46bbbf853561e26625ee3ecbccb6037051556f2f3ca26dcb4e311c165c08d8e9,True,False,ELIGIBLE_ENTRY,ff09f2498192fa0e822678145ada64be74df6e2633d7af4161aea664587f8348
2026-09-11,AAPL,LIVE_SHADOW,-0.0003056665365904146,0.0037210387107557926,0.0,39.02400889208107,0.32111620164869775,0.15037830532292926,0.267317355292962,0.10539775176240074,0.11374806550146659,0.0420423204715437,0.3005464480874317,0.4207650273224044,0.4207650273224044,0.3442622950819672,0.32786885245901637,0.3333333333333333,-0.011928333641915962,0.0,False,0.009177624989357515,46bbbf853561e26625ee3ecbccb6037051556f2f3ca26dcb4e311c165c08d8e9,True,False,NO_ENTRY,ff09f2498192fa0e822678145ada64be74df6e2633d7af4161aea664587f8348
2026-09-11,ABBV,LIVE_SHADOW,-0.0004757573690524414,0.003026775109249527,0.0,39.50007071339088,0.17194603292835703,0.21257747753312017,0.3718019723127725,0.10435779803607886,0.09311177871817763,0.04620494047149363,0.3989071038251366,0.07103825136612021,0.08196721311475409,0.16393442622950818,0.2459016393442623,0.08196721311475409,-0.01879244971998824,0.0,False,0.011018314337085928,46bbbf853561e26625ee3ecbccb6037051556f2f3ca26dcb4e311c165c08d8e9,True,False,NO_ENTRY,ff09f2498192fa0e822678145ada64be74df6e2633d7af4161aea664587f8348
2026-09-11,ABNB,LIVE_SHADOW,-0.0002986532204554476,0.003374139392498763,0.0,41.462289385927555,0.26399589632798537,0.2239829373309691,0.23309608280160565,0.11025846780822476,0.12029497240768075,0.0483716433235343,0.6174863387978142,0.26229508196721313,0.4644808743169399,0.32786885245901637,0.30601092896174864,0.273224043715847,-0.012382846252562987,0.0,False,0.003884557840763072,46bbbf853561e26625ee3ecbccb6037051556f2f3ca26dcb4e311c165c08d8e9,True,False,NO_ENTRY,ff09f2498192fa0e822678145ada64be74df6e2633d7af4161aea664587f8348
2026-09-11,ACN,LIVE_SHADOW,-8.95084724033552e-05,0.003542276363444857,0.3393999286565695,32.6436113923771,0.27820800455894273,0.16478632734479476,0.3393999286565695,0.09690497808409633,0.10162258351252312,0.01907817784307339,0.7704918032786885,0.2677595628415301,0.8087431693989071,0.7486338797814208,0.7540983606557377,0.4972677595628415,-0.002921879789460437,0.0,False,0.003111619730829619,46bbbf853561e26625ee3ecbccb6037051556f2f3ca26dcb4e311c165c08d8e9,True,False,NO_ENTRY,ff09f2498192fa0e822678145ada64be74df6e2633d7af4161aea664587f8348
2026-09-11,ADBE,LIVE_SHADOW,-0.0003734029160292801,0.003462182892984984,0.0,35.03821614097339,0.2655749349415679,0.20327196237181794,0.3051155758611212,0.10290877256549483,0.08808834925851729,0.035040405001480875,0.7486338797814208,0.15300546448087432,0.2459016393442623,0.2185792349726776,0.3114754098360656,0.28415300546448086,-0.013083372079503653,0.0,False,0.0045499276176790455,46bbbf853561e26625ee3ecbccb6037051556f2f3ca26dcb4e311c165c08d8e9,True,False,NO_ENTRY,ff09f2498192fa0e822678145ada64be74df6e2633d7af4161aea664587f8348
2026-09-11,ADI,LIVE_SHADOW,-0.00021417535320226595,0.0035031600158077062,0.0,31.459255056306876,0.24949913840149854,0.23039429272206885,0.3400295600072238,0.06568994899191073,0.08833114236105752,0.02605591751624078,0.39344262295081966,0.7650273224043715,0.6775956284153005,0.4918032786885246,0.5846994535519126,0.48633879781420764,-0.006737797063164696,0.0,False,0.0074609253866981485,46bbbf853561e26625ee3ecbccb6037051556f2f3ca26dcb4e311c165c08d8e9,True,False,NO_ENTRY,ff09f2498192fa0e822678145ada64be74df6e2633d7af4161aea664587f8348
2026-09-11,ADSK,LIVE_SHADOW,0.0002980410778598772,0.0035609068155444674,0.9999999999999998,39.8116417142798,0.29830424259285165,0.15824427346633826,0.2786773102411818,0.10426387302062089,0.11772951962514049,0.04278078105386672,0.9562841530054644,0.8360655737704918,0.8306010928961749,0.9289617486338798,0.9890710382513661,0.9672131147540983,0.011865504607895202,0.026486738062754752,True,0.004464494168268362,46bbbf853561e26625ee3ecbccb6037051556f2f3ca26dcb4e311c165c08d8e9,True,False,ELIGIBLE_ENTRY,ff09f2498192fa0e822678145ada64be74df6e2633d7af4161aea664587f8348
2026-09-11,AMAT,LIVE_SHADOW,0.0002635340811423563,0.0036165785542525745,0.907905563215655,35.43836503771201,0.2933700989267629,0.174073594734287,0.30943887065878034,0.09389128621515377,0.09209443678434501,0.037131712680670996,0.9344262295081968,0.8852459016393442,0.8852459016393442,0.8524590163934426,0.819672131147541,0.8633879781420765,0.00933921696740084,0.007786825600607804,True,0.0016675542773635606,46bbbf853561e26625ee3ecbccb6037051556f2f3ca26dcb4e311c165c08d8e9,True,False,ELIGIBLE_ENTRY,ff09f2498192fa0e822678145ada64be74df6e2633d7af4161aea664587f8348
2026-09-11,AMD,LIVE_SHADOW,0.00038817106333578424,0.00366807717165361,0.926884621056197,35.955483425692144,0.2990781982392874,0.17954536369855056,0.3062177675784508,0.07311537894380292,0.1033450663541201,0.038698225185788075,0.9672131147540983,0.9234972677595629,0.8961748633879781,0.73224043715847,0.907103825136612,0.907103825136612,0.013956878234103087,0.0152354165673102,True,0.002183212651391205,46bbbf853561e26625ee3ecbccb6037051556f2f3ca26dcb4e311c165c08d8e9,True,False,ELIGIBLE_ENTRY,ff09f2498192fa0e822678145ada64be74df6e2633d7af4161aea664587f8348
2026-09-11,AMGN,LIVE_SHADOW,-0.0003091223235215671,0.0035365134086501895,0.0,32.40372053420674,0.2623849046289782,0.23073022305324467,0.31278770811801565,0.07826676734411654,0.08603429113712459,0.029796105718520427,0.41530054644808745,0.2896174863387978,0.3989071038251366,0.5245901639344263,0.5409836065573771,0.5191256830601093,-0.010016713382277503,0.0,False,0.010295430051172788,46bbbf853561e26625ee3ecbccb6037051556f2f3ca26dcb4e311c165c08d8e9,True,False,NO_ENTRY,ff09f2498192fa0e822678145ada64be74df6e2633d7af4161aea664587f8348
2026-09-11,AMZN,LIVE_SHADOW,-0.00017609861887177706,0.003051431930738087,0.0,39.27681049958025,0.20078672927424532,0.14801563250511843,0.38102891953056134,0.11771375066645103,0.12355556700298215,0.028899401020641632,0.5355191256830601,0.5792349726775956,0.726775956284153,0.7103825136612022,0.7158469945355191,0.45901639344262296,-0.006916592082664594,0.0,False,0.0048151377515399186,46bbbf853561e26625ee3ecbccb6037051556f2f3ca26dcb4e311c165c08d8e9,True,False,NO_ENTRY,ff09f2498192fa0e822678145ada64be74df6e2633d7af4161aea664587f8348
2026-09-11,ANET,LIVE_SHADOW,-0.00011110978578691447,0.003709481607337935,0.0,33.50874862336875,0.30643807318114125,0.14755793386157653,0.3267606709347355,0.113708310292601,0.07160269752537739,0.033932314204568347,0.7814207650273224,0.6502732240437158,0.7486338797814208,0.7923497267759563,0.4207650273224044,0.6666666666666666,-0.003723149881530067,0.0,False,0.003363183022280773,46bbbf853561e26625ee3ecbccb6037051556f2f3ca26dcb4e311c165c08d8e9,True,False,NO_ENTRY,ff09f2498192fa0e822678145ada64be74df6e2633d7af4161aea664587f8348
2026-09-11,APD,LIVE_SHADOW,-0.00028679350869995323,0.004562454062021455,0.0,35.54631379467736,0.4238230932141713,0.13332376969865392,0.21952595635683522,0.06883682502878563,0.11635104268208715,0.03813931301946693,0.14754098360655737,0.453551912568306,0.5245901639344263,0.5191256830601093,0.6885245901639344,0.366120218579235,-0.010194452054525068,0.0,False,0.013938434103920323,46bbbf853561e26625ee3ecbccb6037051556f2f3ca26dcb4e311c165c08d8e9,True,False,NO_ENTRY,ff09f2498192fa0e822678145ada64be74df6e2633d7af4161aea664587f8348
2026-09-11,ARM,LIVE_SHADOW,3.6512955125527075e-06,0.0043451649503837555,0.4398253429867504,35.031761975344736,0.387791074702809,0.09741287488826064,0.3270880984843907,0.06360936268607931,0.07206432095451888,0.052034268283941434,0.907103825136612,0.4918032786885246,0.7377049180327869,0.546448087431694,0.5737704918032787,0.8743169398907104,0.00012791131529739082,0.0,False,0.0016990718540027354,46bbbf853561e26625ee3ecbccb6037051556f2f3ca26dcb4e311c165c08d8e9,True,False,NO_ENTRY,ff09f2498192fa0e822678145ada64be74df6e2633d7af4161aea664587f8348
2026-09-11,ASML,LIVE_SHADOW,6.236468973428401e-05,0.004859305835522635,0.4471894392944905,27.457266535767396,0.4471894392944905,0.198950123639045,0.1832692890774003,0.07384798884015852,0.070028205413464,0.026714953735441655,0.9508196721311475,0.7377049180327869,0.5027322404371585,0.43169398907103823,0.45901639344262296,0.546448087431694,0.0017123639084546728,0.0,False,0.005673457480122828,46bbbf853561e26625ee3ecbccb6037051556f2f3ca26dcb4e311c165c08d8e9,True,False,NO_ENTRY,ff09f2498192fa0e822678145ada64be74df6e2633d7af4161aea664587f8348
2026-09-11,AVGO,LIVE_SHADOW,-6.581001749583489e-06,0.0032483004667375093,0.7370637460508975,36.02097654975962,0.23807618776477463,0.18841892204822874,0.3196105469751316,0.11991090784673834,0.10912336918079894,0.024860066184327994,0.73224043715847,0.8469945355191257,0.819672131147541,0.9180327868852459,0.8360655737704918,0.6065573770491803,-0.00023705410969567387,0.0,False,0.005796402966030618,46bbbf853561e26625ee3ecbccb6037051556f2f3ca26dcb4e311c165c08d8e9,True,False,NO_ENTRY,ff09f2498192fa0e822678145ada64be74df6e2633d7af4161aea664587f8348
2026-09-11,AXP,LIVE_SHADOW,-0.00025261425008171236,0.004052323990709134,0.0,37.120618729460574,0.360939473890801,0.14974579232256943,0.254825307929389,0.0827404177435603,0.10972134720506027,0.04202766090862,0.15846994535519127,0.6338797814207651,0.6174863387978142,0.6229508196721312,0.726775956284153,0.7377049180327869,-0.009377197262911849,0.0,False,0.01866782819767561,46bbbf853561e26625ee3ecbccb6037051556f2f3ca26dcb4e311c165c08d8e9,True,False,NO_ENTRY,ff09f2498192fa0e822678145ada64be74df6e2633d7af4161aea664587f8348
2026-09-11,AZN,LIVE_SHADOW,-0.00045246138660886675,0.0028629830054140693,0.0,42.52007734760256,0.14236630036524817,0.20211128354549915,0.3805477116914712,0.11689104731501984,0.11116943672170623,0.04691422036105541,0.45901639344262296,0.10382513661202186,0.06557377049180328,0.09289617486338798,0.14754098360655737,0.07103825136612021,-0.019238693155412517,0.0,False,0.007600734159706404,46bbbf853561e26625ee3ecbccb6037051556f2f3ca26dcb4e311c165c08d8e9,True,False,NO_ENTRY,ff09f2498192fa0e822678145ada64be74df6e2633d7af4161aea664587f8348
2026-09-11,AZO,LIVE_SHADOW,-0.0002600239499046597,0.0038428981410703385,0.0,34.439440096908804,0.3256264866181968,0.18886295888038476,0.26708147650173647,0.09643074584000313,0.08294224173984856,0.03905609041983026,0.7213114754098361,0.6775956284153005,0.5901639344262295,0.366120218579235,0.5683060109289617,0.34972677595628415,-0.008955079246503144,0.0,False,0.011603902015223717,46bbbf853561e26625ee3ecbccb6037051556f2f3ca26dcb4e311c165c08d8e9,True,False,NO_ENTRY,ff09f2498192fa0e822678145ada64be74df6e2633d7af4161aea664587f8348
2026-09-11,BA,LIVE_SHADOW,-0.00023590813701054755,0.0034090115376469426,0.0,42.89191393041826,0.2707214321400555,0.13476284391401266,0.3368415675706552,0.09376218896890738,0.10210378898011156,0.061808178426257625,0.40437158469945356,0.5191256830601093,0.6284153005464481,0.5792349726775956,0.40437158469945356,0.8087431693989071,-0.010118551508141725,0.0,False,0.008161313036670472,46bbbf853561e26625ee3ecbccb6037051556f2f3ca26dcb4e311c165c08d8e9,True,False,NO_ENTRY,ff09f2498192fa0e822678145ada64be74df6e2633d7af4161aea664587f8348
2026-09-11,BABA,LIVE_SHADOW,-0.0005005856697970206,0.0029773129926271517,0.0,40.39481263526675,0.14836575538417704,0.21697354445857722,0.3914883197771595,0.08728260084137641,0.11263407936379194,0.043255700174917824,0.5683060109289617,0.02185792349726776,0.01092896174863388,0.23497267759562843,0.1092896174863388,0.09289617486338798,-0.02022106433935016,0.0,False,0.004612891694661523,46bbbf853561e26625ee3ecbccb6037051556f2f3ca26dcb4e311c165c08d8e9,True,False,NO_ENTRY,ff09f2498192fa0e822678145ada64be74df6e2633d7af4161aea664587f8348
2026-09-11,BAC,LIVE_SHADOW,-0.0004143270447702557,0.004866737501378846,0.0,27.578167383683247,0.4522957854160378,0.13255074328268657,0.24755695833204325,0.07793035592973094,0.06236099297426424,0.027305164065237152,0.04371584699453552,0.4262295081967213,0.4098360655737705,0.41530054644808745,0.4918032786885246,0.5519125683060109,-0.011426380592260935,0.0,False,0.04368078352356801,46bbbf853561e26625ee3ecbccb6037051556f2f3ca26dcb4e311c165c08d8e9,True,False,NO_ENTRY,ff09f2498192fa0e822678145ada64be74df6e2633d7af4161aea664587f8348
2026-09-11,BBD,LIVE_SHADOW,-0.00043815825889638113,0.0031633167530272575,0.0,40.42835562379321,0.229551271221071,0.1341612428667871,0.3615806711292824,0.12194835608918146,0.11442923893729871,0.03832921975637937,0.24043715846994534,0.28415300546448086,0.04371584699453552,0.00546448087431694,0.07650273224043716,0.14754098360655737,-0.017714017910164952,0.0,False,0.009934502692546907,46bbbf853561e26625ee3ecbccb6037051556f2f3ca26dcb4e311c165c08d8e9,True,False,NO_ENTRY,ff09f2498192fa0e822678145ada64be74df6e2633d7af4161aea664587f8348
2026-09-11,BHP,LIVE_SHADOW,-0.00026945228284587714,0.0034142232933244594,0.0,35.42765197064885,0.24795731810142596,0.24864000577766868,0.27606529035999816,0.09381518576981095,0.09921474264227174,0.034307457348824635,0.5191256830601093,0.6721311475409836,0.5136612021857924,0.5300546448087432,0.4644808743169399,0.5136612021857924,-0.009546061699360571,0.0,False,0.008640092398663791,46bbbf853561e26625ee3ecbccb6037051556f2f3ca26dcb4e311c165c08d8e9,True,False,NO_ENTRY,ff09f2498192fa0e822678145ada64be74df6e2633d7af4161aea664587f8348
2026-09-11,BIDU,LIVE_SHADOW,-0.00027841415137119585,0.0037394273112406635,0.0,41.732028691004544,0.32770732697279464,0.16923727413067327,0.21584551060107043,0.1277375881239073,0.10429595324131581,0.0551763469302385,0.7049180327868853,0.6174863387978142,0.48633879781420764,0.7377049180327869,0.366120218579235,0.20765027322404372,-0.011618787353004428,0.0,False,0.00423229225893823,46bbbf853561e26625ee3ecbccb6037051556f2f3ca26dcb4e311c165c08d8e9,True,False,NO_ENTRY,ff09f2498192fa0e822678145ada64be74df6e2633d7af4161aea664587f8348
2026-09-11,BKNG,LIVE_SHADOW,-0.00034758756857147875,0.003660596464544528,0.0,33.88387342623546,0.2901818260629934,0.12925566096283728,0.37739270025357496,0.0902708150834296,0.07783517142689933,0.035063826210265575,0.6284153005464481,0.5136612021857924,0.31693989071038253,0.4262295081967213,0.4808743169398907,0.5737704918032787,-0.011777613178008925,0.0,False,0.006004651407170841,46bbbf853561e26625ee3ecbccb6037051556f2f3ca26dcb4e311c165c08d8e9,True,False,NO_ENTRY,ff09f2498192fa0e822678145ada64be74df6e2633d7af4161aea664587f8348
2026-09-11,BLK,LIVE_SHADOW,-0.00039757324379960585,0.004449080156539958,0.0,35.53372502078955,0.40773912748753194,0.18321088625686352,0.17387338337360683,0.0770893369825493,0.12331741191138526,0.03476985398806322,0.03278688524590164,0.2459016393442623,0.5191256830601093,0.3770491803278688,0.17486338797814208,0.31693989071038253,-0.014127258320798516,0.0,False,0.013020588855720185,46bbbf853561e26625ee3ecbccb6037051556f2f3ca26dcb4e311c165c08d8e9,True,False,NO_ENTRY,ff09f2498192fa0e822678145ada64be74df6e2633d7af4161aea664587f8348
2026-09-11,BMY,LIVE_SHADOW,-0.000388361375375715,0.003141678711227347,0.0,43.76219827799326,0.23667958192307212,0.1381985126890808,0.33111526003993946,0.13203179633520137,0.10731105826231645,0.054663790750389865,0.37158469945355194,0.40437158469945356,0.28415300546448086,0.16939890710382513,0.29508196721311475,0.13114754098360656,-0.016995547512706207,0.0,False,0.010340605964983767,46bbbf853561e26625ee3ecbccb6037051556f2f3ca26dcb4e311c165c08d8e9,True,False,NO_ENTRY,ff09f2498192fa0e822678145ada64be74df6e2633d7af4161aea664587f8348
2026-09-11,BNY,LIVE_SHADOW,-0.0004005230032194017,0.004609182364358501,0.0,35.10404386628788,0.42774758584226097,0.13909052337594613,0.22112710638760444,0.07791102693192849,0.08577265091545586,0.04835110654680403,0.03825136612021858,0.6120218579234973,0.4262295081967213,0.39344262295081966,0.37158469945355194,0.18032786885245902,-0.01405997707447124,0.0,False,0.02203683085456021,46bbbf853561e26625ee3ecbccb6037051556f2f3ca26dcb4e311c165c08d8e9,True,False,NO_ENTRY,ff09f2498192fa0e822678145ada64be74df6e2633d7af4161aea664587f8348
2026-09-11,BP,LIVE_SHADOW,-0.00036410506001622635,0.0028500150020145452,0.0,49.492976452486246,0.20739366270071993,0.15175493326006192,0.2886953354545038,0.1396064994233744,0.15738128255127384,0.05516828661006595,0.5901639344262295,0.36065573770491804,0.3333333333333333,0.12021857923497267,0.06557377049180328,0.1092896174863388,-0.018020643161614183,0.0,False,0.007381830344303845,46bbbf853561e26625ee3ecbccb6037051556f2f3ca26dcb4e311c165c08d8e9,True,False,NO_ENTRY,ff09f2498192fa0e822678145ada64be74df6e2633d7af4161aea664587f8348
2026-09-11,BRK-B,LIVE_SHADOW,-0.00013491246341347822,0.0036364649254250724,0.4295118414427659,34.291807426793554,0.29711689731064317,0.1592655274942337,0.3184047626514993,0.11110707879126656,0.08011816076365193,0.0339875729887055,0.17486338797814208,0.73224043715847,0.7923497267759563,0.8415300546448088,0.6612021857923497,0.7158469945355191,-0.004626392214849326,0.0,False,0.05052637619631756,46bbbf853561e26625ee3ecbccb6037051556f2f3ca26dcb4e311c165c08d8e9,True,False,NO_ENTRY,ff09f2498192fa0e822678145ada64be74df6e2633d7af4161aea664587f8348
2026-09-11,BSX,LIVE_SHADOW,-0.00010211098849186545,0.003337534869615657,0.36970211379365603,35.19103097000226,0.24488620307384468,0.1528818733250408,0.36970211379365603,0.10679276330742264,0.09886032250715834,0.026876723992877584,0.7158469945355191,0.7049180327868853,0.8688524590163934,0.1912568306010929,0.7486338797814208,0.6120218579234973,-0.0035933909583947816,0.0,False,0.007779486586790657,46bbbf853561e26625ee3ecbccb6037051556f2f3ca26dcb4e311c165c08d8e9,True,False,NO_ENTRY,ff09f2498192fa0e822678145ada64be74df6e2633d7af4161aea664587f8348
2026-09-11,C,LIVE_SHADOW,-0.0002575512416955338,0.0037810155130698193,0.0,39.18825811161123,0.3295577843821154,0.17204926872419463,0.22857542922998011,0.12943629563395198,0.09010437705815913,0.050276844971598775,0.273224043715847,0.639344262295082,0.45901639344262296,0.7650273224043715,0.5956284153005464,0.23497267759562843,-0.010092984536530547,0.0,False,0.012828857336564525,46bbbf853561e26625ee3ecbccb6037051556f2f3ca26dcb4e311c165c08d8e9,True,False,NO_ENTRY,ff09f2498192fa0e822678145ada64be74df6e2633d7af4161aea664587f8348
2026-09-11,CAAP,LIVE_SHADOW,0.0002628464457017835,0.0029914923543469724,0.7805605486289907,39.557211665856485,0.18126458322402608,0.20370779423699337,0.3505529518563204,0.11955485511801621,0.10674494741766076,0.03817486814698312,0.639344262295082,0.9344262295081968,0.912568306010929,0.9562841530054644,0.8579234972677595,0.8306010928961749,0.010397472488243503,0.057499552780832824,True,0.011060294287067937,46bbbf853561e26625ee3ecbccb6037051556f2f3ca26dcb4e311c165c08d8e9,True,False,ELIGIBLE_ENTRY,ff09f2498192fa0e822678145ada64be74df6e2633d7af4161aea664587f8348
2026-09-11,CAT,LIVE_SHADOW,9.529442309059426e-05,0.0036021842442211377,0.8202373046294884,31.179258842234873,0.27203315471643125,0.20513531359877854,0.3430688363142786,0.07621571397555847,0.07394256775516926,0.02960441363978389,0.7978142076502732,0.8961748633879781,0.8579234972677595,0.6721311475409836,0.644808743169399,0.6721311475409836,0.002971209483763082,0.009699581660245923,True,0.006529045974881081,46bbbf853561e26625ee3ecbccb6037051556f2f3ca26dcb4e311c165c08d8e9,True,False,ELIGIBLE_ENTRY,ff09f2498192fa0e822678145ada64be74df6e2633d7af4161aea664587f8348
2026-09-11,CDNS,LIVE_SHADOW,-0.0001221880794838136,0.003712587448636184,0.34055187471908926,31.429517448234506,0.28694940861127904,0.20580455323378982,0.34055187471908926,0.061558256817620935,0.06865194316962502,0.036483963448595925,0.7431693989071039,0.8032786885245902,0.7650273224043715,0.5409836065573771,0.5628415300546448,0.30601092896174864,-0.003840312376102784,0.0,False,0.008136228449327449,46bbbf853561e26625ee3ecbccb6037051556f2f3ca26dcb4e311c165c08d8e9,True,False,NO_ENTRY,ff09f2498192fa0e822678145ada64be74df6e2633d7af4161aea664587f8348
2026-09-11,CEPU,LIVE_SHADOW,0.00048813796107651143,0.0034360944103208027,1.0,35.69090166256359,0.26247940469203956,0.1816413080661055,0.33027186021299226,0.10015666469588133,0.0883813457233461,0.03706941660963524,0.912568306010929,0.9672131147540983,0.9836065573770492,0.9453551912568307,0.8415300546448088,0.912568306010929,0.017422083966546063,0.06143078214313742,True,0.007052059014420661,46bbbf853561e26625ee3ecbccb6037051556f2f3ca26dcb4e311c165c08d8e9,True,False,ELIGIBLE_ENTRY,ff09f2498192fa0e822678145ada64be74df6e2633d7af4161aea664587f8348
2026-09-11,CHTR,LIVE_SHADOW,-0.0002716495612949638,0.0035088515954733294,0.4182115202459215,36.76543209359239,0.27013725468827443,0.2090549910912049,0.30418285684709834,0.06855063181577527,0.10747889437254987,0.04059537118509721,0.8469945355191257,0.0273224043715847,0.15846994535519127,0.3333333333333333,0.8797814207650273,0.8852459016393442,-0.009987313499044154,0.0,False,0.0028747249988403095,46bbbf853561e26625ee3ecbccb6037051556f2f3ca26dcb4e311c165c08d8e9,True,False,NO_ENTRY,ff09f2498192fa0e822678145ada64be74df6e2633d7af4161aea664587f8348
2026-09-11,CL,LIVE_SHADOW,-0.00022862750208636117,0.003870097872058473,0.0,30.149422984528158,0.3228527715107511,0.18440923108131177,0.299383706760917,0.10601611289663548,0.05808177943903119,0.029256398311353456,0.18579234972677597,0.7540983606557377,0.7103825136612022,0.7595628415300546,0.5191256830601093,0.3879781420765027,-0.006892987266297797,0.0,False,0.02687123382501044,46bbbf853561e26625ee3ecbccb6037051556f2f3ca26dcb4e311c165c08d8e9,True,False,NO_ENTRY,ff09f2498192fa0e822678145ada64be74df6e2633d7af4161aea664587f8348
2026-09-11,CMCSA,LIVE_SHADOW,-0.00021317727090333112,0.003055416177463516,0.0,45.87262276163639,0.22489435262106855,0.16537385656167997,0.3083726570651923,0.1109443951514241,0.13419862533965957,0.056216113260975434,0.5409836065573771,0.5846994535519126,0.6010928961748634,0.644808743169399,0.7103825136612022,0.7650273224043715,-0.009779000529503675,0.0,False,0.006162880104353401,46bbbf853561e26625ee3ecbccb6037051556f2f3ca26dcb4e311c165c08d8e9,True,False,NO_ENTRY,ff09f2498192fa0e822678145ada64be74df6e2633d7af4161aea664587f8348
2026-09-11,CMG,LIVE_SHADOW,-0.0003109120355862836,0.003416472063855073,0.0,35.25990946114771,0.24006979551828286,0.2660690570848785,0.2728232107240988,0.1025328189856354,0.07630949316714299,0.04219562451996131,0.5628415300546448,0.20765027322404372,0.4371584699453552,0.6174863387978142,0.5136612021857924,0.639344262295082,-0.010962730225153493,0.0,False,0.004148715936510978,46bbbf853561e26625ee3ecbccb6037051556f2f3ca26dcb4e311c165c08d8e9,True,False,NO_ENTRY,ff09f2498192fa0e822678145ada64be74df6e2633d7af4161aea664587f8348
2026-09-11,COF,LIVE_SHADOW,-0.00031394440423353535,0.0033860861401058943,0.0,38.297757851503235,0.2668049970437603,0.15168095816930316,0.3241890852857396,0.1090907820480839,0.11316150047115839,0.03507267698195462,0.3551912568306011,0.3989071038251366,0.32786885245901637,0.6939890710382514,0.6939890710382514,0.6174863387978142,-0.012023366772170384,0.0,False,0.012760065002381306,46bbbf853561e26625ee3ecbccb6037051556f2f3ca26dcb4e311c165c08d8e9,True,False,NO_ENTRY,ff09f2498192fa0e822678145ada64be74df6e2633d7af4161aea664587f8348
2026-09-11,COIN,LIVE_SHADOW,-0.0002753174740243556,0.0036680276794088936,0.331352856568105,33.873601599498826,0.2858502104873371,0.21312549790457203,0.3153185408426058,0.07140524372258784,0.06879786096212943,0.04550264608076785,0.8087431693989071,0.09836065573770492,0.20765027322404372,0.6338797814207651,0.39344262295081966,0.8797814207650273,-0.009325994428481388,0.0,False,0.0021432966215609154,46bbbf853561e26625ee3ecbccb6037051556f2f3ca26dcb4e311c165c08d8e9,True,False,NO_ENTRY,ff09f2498192fa0e822678145ada64be74df6e2633d7af4161aea664587f8348
2026-09-11,COP,LIVE_SHADOW,-0.0002617663928991554,0.003079336069452711,0.0,41.69772522519004,0.21407672735376473,0.15875567898227896,0.3514099813414366,0.13180154225846674,0.09222300772636136,0.05173306233769178,0.4426229508196721,0.6065573770491803,0.6939890710382514,0.22950819672131148,0.3989071038251366,0.22404371584699453,-0.01091506312429812,0.0,False,0.011042833628566432,46bbbf853561e26625ee3ecbccb6037051556f2f3ca26dcb4e311c165c08d8e9,True,False,NO_ENTRY,ff09f2498192fa0e822678145ada64be74df6e2633d7af4161aea664587f8348
2026-09-11,COST,LIVE_SHADOW,-0.0003997102659397782,0.0027674103907620227,0.0,52.49244947449043,0.1879307878515658,0.10634698949965608,0.3443700251007231,0.14156246694033583,0.15362753781321054,0.06616219279450858,0.4644808743169399,0.5027322404371585,0.2896174863387978,0.15846994535519127,0.13114754098360656,0.03825136612021858,-0.02098177093927894,0.0,False,0.016881510624221566,46bbbf853561e26625ee3ecbccb6037051556f2f3ca26dcb4e311c165c08d8e9,True,False,NO_ENTRY,ff09f2498192fa0e822678145ada64be74df6e2633d7af4161aea664587f8348
2026-09-11,CRM,LIVE_SHADOW,-0.0004926862502343913,0.0030549630847195685,0.0,34.641904843837224,0.17501230205225513,0.20696605996855585,0.3795661254962616,0.11677563399550742,0.10275763026208469,0.018922248225335496,0.6229508196721312,0.060109289617486336,0.03825136612021858,0.06557377049180328,0.16939890710382513,0.5355191256830601,-0.01706759019848676,0.0,False,0.002769492100116833,46bbbf853561e26625ee3ecbccb6037051556f2f3ca26dcb4e311c165c08d8e9,True,False,NO_ENTRY,ff09f2498192fa0e822678145ada64be74df6e2633d7af4161aea664587f8348
2026-09-11,CRWD,LIVE_SHADOW,0.00017110093847270023,0.004762004889327943,0.4458167556300152,34.47652966090714,0.4458167556300152,0.15570421929740497,0.17718062791632136,0.07629720692773143,0.1058434941045158,0.039157696124011133,0.9726775956284153,0.644808743169399,0.4972677595628415,0.5901639344262295,0.7049180327868853,0.6994535519125683,0.0058989665802630965,0.0,False,0.002311559848394983,46bbbf853561e26625ee3ecbccb6037051556f2f3ca26dcb4e311c165c08d8e9,True,False,NO_ENTRY,ff09f2498192fa0e822678145ada64be74df6e2633d7af4161aea664587f8348
2026-09-11,CSCO,LIVE_SHADOW,-0.00029827758348000943,0.0034788248240708885,0.0,39.368183635857434,0.28514436502432045,0.18996701842025082,0.2512788873116473,0.12259095041029995,0.10905284401784039,0.04196593481564102,0.36065573770491804,0.6557377049180327,0.44808743169398907,0.2896174863387978,0.3551912568306011,0.3442622950819672,-0.011742646680900807,0.0,False,0.007676258097338783,46bbbf853561e26625ee3ecbccb6037051556f2f3ca26dcb4e311c165c08d8e9,True,False,NO_ENTRY,ff09f2498192fa0e822678145ada64be74df6e2633d7af4161aea664587f8348
2026-09-11,CVX,LIVE_SHADOW,-0.00022683689253573584,0.0035776391466935606,0.0,38.33860771545484,0.2931463030321,0.1173484263604421,0.34144368128843267,0.11056869917706397,0.09402887845058212,0.04346401169137926,0.3114754098360656,0.5245901639344263,0.6994535519125683,0.7049180327868853,0.6229508196721312,0.2896174863387978,-0.008696610638320362,0.0,False,0.01661738586933216,46bbbf853561e26625ee3ecbccb6037051556f2f3ca26dcb4e311c165c08d8e9,True,False,NO_ENTRY,ff09f2498192fa0e822678145ada64be74df6e2633d7af4161aea664587f8348
2026-09-11,DDOG,LIVE_SHADOW,5.627119380550657e-05,0.0037298587801902765,0.7320063551852362,37.53778462507675,0.31468270316970876,0.15656501266540887,0.2966152144980321,0.07343026620376783,0.1207084375174953,0.037998365945587205,0.8907103825136612,0.7486338797814208,0.7814207650273224,0.6612021857923497,0.9016393442622951,0.7978142076502732,0.0021122959536670587,0.0022620307597557374,True,0.002141774457152873,46bbbf853561e26625ee3ecbccb6037051556f2f3ca26dcb4e311c165c08d8e9,True,False,ELIGIBLE_ENTRY,ff09f2498192fa0e822678145ada64be74df6e2633d7af4161aea664587f8348
2026-09-11,DE,LIVE_SHADOW,-0.0004230853481038028,0.003614167381176846,0.0,38.79486389110805,0.30096542060170245,0.09458804076580696,0.3420270017234719,0.11047683368804284,0.11677693096209443,0.03516577225888147,0.18032786885245902,0.46994535519125685,0.18032786885245902,0.17486338797814208,0.16393442622950818,0.2786885245901639,-0.0164135384940091,0.0,False,0.007991710511289692,46bbbf853561e26625ee3ecbccb6037051556f2f3ca26dcb4e311c165c08d8e9,True,False,NO_ENTRY,ff09f2498192fa0e822678145ada64be74df6e2633d7af4161aea664587f8348
2026-09-11,DEO,LIVE_SHADOW,-0.0004454847247269654,0.0034659962564108785,0.0,36.95397561522449,0.2679160214046169,0.15690463285045966,0.34989046329231777,0.0892364985230947,0.09539280869524244,0.04065957523426858,0.16393442622950818,0.21311475409836064,0.07650273224043716,0.21311475409836064,0.19672131147540983,0.12021857923497267,-0.016462431654515275,0.0,False,0.010363949654104598,46bbbf853561e26625ee3ecbccb6037051556f2f3ca26dcb4e311c165c08d8e9,True,False,NO_ENTRY,ff09f2498192fa0e822678145ada64be74df6e2633d7af4161aea664587f8348
2026-09-11,DHR,LIVE_SHADOW,-0.0004224804782399077,0.00324175177216426,0.0,33.38980567337814,0.202778945542061,0.24559678589521872,0.33934678139764846,0.10732531876345754,0.0738974098806937,0.031054758520920572,0.4262295081967213,0.1366120218579235,0.273224043715847,0.2786885245901639,0.4371584699453552,0.3989071038251366,-0.014106541069226382,0.0,False,0.007278186547202477,46bbbf853561e26625ee3ecbccb6037051556f2f3ca26dcb4e311c165c08d8e9,True,False,NO_ENTRY,ff09f2498192fa0e822678145ada64be74df6e2633d7af4161aea664587f8348
2026-09-11,DIS,LIVE_SHADOW,-0.0005297363739138842,0.003462600897321708,0.0,37.99120832417808,0.27812743780068094,0.17081922033616928,0.2986860379734543,0.1050969958874584,0.10984302422323775,0.03742728377899946,0.0546448087431694,0.08196721311475409,0.09289617486338798,0.0273224043715847,0.02185792349726776,0.08743169398907104,-0.02012532493825707,0.0,False,0.01289014137478165,46bbbf853561e26625ee3ecbccb6037051556f2f3ca26dcb4e311c165c08d8e9,True,False,NO_ENTRY,ff09f2498192fa0e822678145ada64be74df6e2633d7af4161aea664587f8348
2026-09-11,DOW,LIVE_SHADOW,0.0002766073330494611,0.003272241379554494,0.9999999999999999,40.45357204548402,0.2515183005385821,0.18928033652192403,0.28583366833242013,0.11447091678119976,0.11608893339446001,0.04280784443141382,0.8360655737704918,0.9398907103825137,0.8360655737704918,0.9836065573770492,0.9672131147540983,0.9562841530054644,0.011189754675825569,0.03746677179830524,True,0.006696620772079791,46bbbf853561e26625ee3ecbccb6037051556f2f3ca26dcb4e311c165c08d8e9,True,False,ELIGIBLE_ENTRY,ff09f2498192fa0e822678145ada64be74df6e2633d7af4161aea664587f8348
2026-09-11,EMR,LIVE_SHADOW,-0.0002472153232944858,0.004030879124151399,0.0,35.64871775973816,0.35144403590470363,0.15327258564290944,0.28996994098714135,0.0759681629717175,0.08025550035325281,0.04908977414027516,0.25136612021857924,0.4098360655737705,0.6120218579234973,0.453551912568306,0.5519125683060109,0.7431693989071039,-0.008812909286007548,0.0,False,0.011347082958098114,46bbbf853561e26625ee3ecbccb6037051556f2f3ca26dcb4e311c165c08d8e9,True,False,NO_ENTRY,ff09f2498192fa0e822678145ada64be74df6e2633d7af4161aea664587f8348
2026-09-11,EOG,LIVE_SHADOW,2.5277255960201397e-05,0.003108860935969763,0.5809525555739481,40.076502965919055,0.2158456649388107,0.1655010873052667,0.35227596781941484,0.11075034247695888,0.11792624527757435,0.03770069218197452,0.6885245901639344,0.7759562841530054,0.8797814207650273,0.8688524590163934,0.8852459016393442,0.7923497267759563,0.0010130240234593063,0.004556468045280393,False,0.008995774907135613,46bbbf853561e26625ee3ecbccb6037051556f2f3ca26dcb4e311c165c08d8e9,True,False,NO_ENTRY,ff09f2498192fa0e822678145ada64be74df6e2633d7af4161aea664587f8348
2026-09-11,ETN,LIVE_SHADOW,-0.00023801088093245993,0.0032805170920448927,0.0,42.71274794097485,0.2465175040399186,0.14695809483383454,0.3510748009423501,0.0790413373239092,0.12278999262546622,0.05361827023452147,0.5737704918032787,0.5519125683060109,0.6557377049180327,0.5355191256830601,0.3224043715846995,0.7486338797814208,-0.010166098764477539,0.0,False,0.0038601472902400303,46bbbf853561e26625ee3ecbccb6037051556f2f3ca26dcb4e311c165c08d8e9,True,False,NO_ENTRY,ff09f2498192fa0e822678145ada64be74df6e2633d7af4161aea664587f8348
2026-09-11,FCX,LIVE_SHADOW,0.00013864307753109546,0.0037376320056196743,0.8667672610559104,32.48932040094935,0.2957884091330835,0.18399705018327323,0.34520822419231667,0.07081044742649333,0.06242229151759628,0.04177357754723696,0.8579234972677595,0.8415300546448088,0.8743169398907104,0.6502732240437158,0.5901639344262295,0.8579234972677595,0.004504419367281422,0.010539813438480134,True,0.004679765616424515,46bbbf853561e26625ee3ecbccb6037051556f2f3ca26dcb4e311c165c08d8e9,True,False,ELIGIBLE_ENTRY,ff09f2498192fa0e822678145ada64be74df6e2633d7af4161aea664587f8348
2026-09-11,FDX,LIVE_SHADOW,0.00034250015218107425,0.0028761227729410693,0.8363172521018211,40.967715516631195,0.12508146587987765,0.22550708477016634,0.3828183380513289,0.11092786672912452,0.1170639625512012,0.03860128201830139,0.4918032786885246,0.9781420765027322,0.9453551912568307,0.8797814207650273,0.8907103825136612,0.8142076502732241,0.014031448798957142,0.08934579808489145,True,0.01273507808994491,46bbbf853561e26625ee3ecbccb6037051556f2f3ca26dcb4e311c165c08d8e9,True,False,ELIGIBLE_ENTRY,ff09f2498192fa0e822678145ada64be74df6e2633d7af4161aea664587f8348
2026-09-11,FTNT,LIVE_SHADOW,-0.00011946167007310983,0.004437009705181669,0.39530292809501116,28.874992717817843,0.39530292809501116,0.2062109409920688,0.22298601882705754,0.07830167912861245,0.06678376940956669,0.030414663547683313,0.8142076502732241,0.7103825136612022,0.5300546448087432,0.5573770491803278,0.4972677595628415,0.5573770491803278,-0.0034494548534194044,0.0,False,0.00703944782467967,46bbbf853561e26625ee3ecbccb6037051556f2f3ca26dcb4e311c165c08d8e9,True,False,NO_ENTRY,ff09f2498192fa0e822678145ada64be74df6e2633d7af4161aea664587f8348
2026-09-11,GD,LIVE_SHADOW,-0.0004548495098251061,0.003240843158402636,0.0,38.90019496627397,0.23664640676164111,0.1756758876941027,0.3366740083151608,0.0973115357076141,0.1162302496715801,0.037461911849901046,0.20765027322404372,0.12021857923497267,0.07103825136612021,0.1366120218579235,0.04371584699453552,0.14207650273224043,-0.017693734612510774,0.0,False,0.02258057475448098,46bbbf853561e26625ee3ecbccb6037051556f2f3ca26dcb4e311c165c08d8e9,True,False,NO_ENTRY,ff09f2498192fa0e822678145ada64be74df6e2633d7af4161aea664587f8348
2026-09-11,GE,LIVE_SHADOW,-0.0002793580228240366,0.0035619463461420567,0.0,40.80067235599384,0.29904507570370353,0.14569346092073623,0.2893101368986136,0.07800999714312803,0.1513598878061687,0.03658144152764984,0.3825136612021858,0.5300546448087432,0.5628415300546448,0.5136612021857924,0.2568306010928962,0.43169398907103823,-0.011397995159261766,0.0,False,0.011085000072010728,46bbbf853561e26625ee3ecbccb6037051556f2f3ca26dcb4e311c165c08d8e9,True,False,NO_ENTRY,ff09f2498192fa0e822678145ada64be74df6e2633d7af4161aea664587f8348
2026-09-11,GILD,LIVE_SHADOW,-0.00028648212763612905,0.004019326239592663,0.0,34.09622468904885,0.35695391344154337,0.16751459175589192,0.2303576290407385,0.11827948402571876,0.09882573193617251,0.028068649799934987,0.2568306010928962,0.3879781420765027,0.46994535519125685,0.3005464480874317,0.6120218579234973,0.47540983606557374,-0.009767958993278229,0.0,False,0.013007671667153798,46bbbf853561e26625ee3ecbccb6037051556f2f3ca26dcb4e311c165c08d8e9,True,False,NO_ENTRY,ff09f2498192fa0e822678145ada64be74df6e2633d7af4161aea664587f8348
2026-09-11,GLOB,LIVE_SHADOW,-0.0002510085463620116,0.0036187732649581783,0.33586855239199465,36.50047984140801,0.29077243262235625,0.187410152267485,0.30611623681294875,0.07977729643158428,0.09082776209598727,0.0450961197696384,0.9180327868852459,0.07650273224043716,0.13114754098360656,0.2459016393442623,0.8032786885245902,0.9836065573770492,-0.009161932386507733,0.0,False,0.002324780922285759,46bbbf853561e26625ee3ecbccb6037051556f2f3ca26dcb4e311c165c08d8e9,True,False,NO_ENTRY,ff09f2498192fa0e822678145ada64be74df6e2633d7af4161aea664587f8348
2026-09-11,GOOGL,LIVE_SHADOW,9.729316660923749e-05,0.002957046995915007,0.7926499720093061,39.61605029979323,0.17820367190091377,0.2021828396281012,0.3465994080939197,0.1139632211161591,0.12990450317112606,0.02914635608978011,0.5956284153005464,0.8633879781420765,0.8415300546448088,0.8579234972677595,0.9180327868852459,0.6502732240437158,0.0038543709822177158,0.013663455908540142,True,0.0070898499244504525,46bbbf853561e26625ee3ecbccb6037051556f2f3ca26dcb4e311c165c08d8e9,True,False,ELIGIBLE_ENTRY,ff09f2498192fa0e822678145ada64be74df6e2633d7af4161aea664587f8348
2026-09-11,GS,LIVE_SHADOW,-0.0002250532507702791,0.00346903795732978,0.0,33.6560637197342,0.26581400343736933,0.1400553009439779,0.3684709346391687,0.12071970513318422,0.07675041197677569,0.02818964386952407,0.3770491803278688,0.5573770491803278,0.7049180327868853,0.7158469945355191,0.5355191256830601,0.5300546448087432,-0.007574406548257833,0.0,False,0.008859042032209231,46bbbf853561e26625ee3ecbccb6037051556f2f3ca26dcb4e311c165c08d8e9,True,False,NO_ENTRY,ff09f2498192fa0e822678145ada64be74df6e2633d7af4161aea664587f8348
2026-09-11,HD,LIVE_SHADOW,-0.000482201913685212,0.003940542067785138,0.0,36.04539790199833,0.34280951942614113,0.14623947983589516,0.2887644819003004,0.08593558100961868,0.0939220100359221,0.042328927792122606,0.01092896174863388,0.2568306010928962,0.20218579234972678,0.24043715846994534,0.21311475409836064,0.10382513661202186,-0.01738115984788852,0.0,False,0.013476754411924901,46bbbf853561e26625ee3ecbccb6037051556f2f3ca26dcb4e311c165c08d8e9,True,False,NO_ENTRY,ff09f2498192fa0e822678145ada64be74df6e2633d7af4161aea664587f8348
2026-09-11,HON,LIVE_SHADOW,0.00016592456660171283,0.0030970477573959813,0.7004988963896568,34.317791298207716,0.17621267088999326,0.22486569176849092,0.3716774241880428,0.10395578043312306,0.10266294946366364,0.020625483256686363,0.6010928961748634,0.9508196721311475,0.9016393442622951,0.819672131147541,0.7923497267759563,0.5409836065573771,0.005694164647883147,0.03173325318911694,True,0.011145885358588653,46bbbf853561e26625ee3ecbccb6037051556f2f3ca26dcb4e311c165c08d8e9,True,False,ELIGIBLE_ENTRY,ff09f2498192fa0e822678145ada64be74df6e2633d7af4161aea664587f8348
2026-09-11,IBM,LIVE_SHADOW,-0.0003378771490914405,0.003067269509687509,0.0,43.3061025501994,0.19550533080870597,0.27013044632303623,0.23856052615718154,0.11956396587441497,0.12674385767819452,0.0494958731584668,0.453551912568306,0.1092896174863388,0.5683060109289617,0.25136612021857924,0.24043715846994534,0.7814207650273224,-0.014632142467922934,0.0,False,0.0021050675096648346,46bbbf853561e26625ee3ecbccb6037051556f2f3ca26dcb4e311c165c08d8e9,True,False,NO_ENTRY,ff09f2498192fa0e822678145ada64be74df6e2633d7af4161aea664587f8348
2026-09-11,INTC,LIVE_SHADOW,-9.967032371051416e-05,0.0038713233139832416,0.5011002546026574,38.269814533123125,0.33610456618336565,0.18964436945454632,0.22501224181668913,0.11195565836180892,0.08424313412610697,0.05304003005748285,0.9016393442622951,0.17486338797814208,0.366120218579235,0.8469945355191257,0.6830601092896175,0.9781420765027322,-0.0038143648028577215,0.0,False,0.001702497403705799,46bbbf853561e26625ee3ecbccb6037051556f2f3ca26dcb4e311c165c08d8e9,True,False,NO_ENTRY,ff09f2498192fa0e822678145ada64be74df6e2633d7af4161aea664587f8348
2026-09-11,INTU,LIVE_SHADOW,-0.00017737142020404068,0.003799915888260389,0.05095707847236573,41.45668832616724,0.3339006129548765,0.15539118402214452,0.24181933570016767,0.09326852883202649,0.1246632600184192,0.05095707847236573,0.7923497267759563,0.3551912568306011,0.40437158469945356,0.6666666666666666,0.7868852459016393,0.8360655737704918,-0.007353231685368557,0.0,False,0.004210069665266496,46bbbf853561e26625ee3ecbccb6037051556f2f3ca26dcb4e311c165c08d8e9,True,False,NO_ENTRY,ff09f2498192fa0e822678145ada64be74df6e2633d7af4161aea664587f8348
2026-09-11,ISRG,LIVE_SHADOW,-0.00027227619483913913,0.0034099607350093226,0.054539189149673574,42.5324992454588,0.2659948429044361,0.2265441840363909,0.2420290837412493,0.08257496950266738,0.12831773066558283,0.054539189149673574,0.6612021857923497,0.20218579234972678,0.5792349726775956,0.6010928961748634,0.7759562841530054,0.8469945355191257,-0.011580587051552078,0.0,False,0.0037303959881438845,46bbbf853561e26625ee3ecbccb6037051556f2f3ca26dcb4e311c165c08d8e9,True,False,NO_ENTRY,ff09f2498192fa0e822678145ada64be74df6e2633d7af4161aea664587f8348
2026-09-11,ITW,LIVE_SHADOW,-0.0003941526625700232,0.004568622223230447,0.0,34.02679373441525,0.4258420509213058,0.12560730895456781,0.21561723766145535,0.0922852386982693,0.11099459055675341,0.029653573207648283,0.060109289617486336,0.43169398907103823,0.4426229508196721,0.33879781420765026,0.273224043715847,0.4098360655737705,-0.013411751349140754,0.0,False,0.022365263707970363,46bbbf853561e26625ee3ecbccb6037051556f2f3ca26dcb4e311c165c08d8e9,True,False,NO_ENTRY,ff09f2498192fa0e822678145ada64be74df6e2633d7af4161aea664587f8348
2026-09-11,JD,LIVE_SHADOW,-0.0004561810280483726,0.0029287340724043465,0.0,42.896245399205924,0.17761139514597166,0.18553022517200599,0.3572247883046166,0.1142895103476467,0.11754309571738185,0.04780098531237718,0.3879781420765027,0.15846994535519127,0.1092896174863388,0.1092896174863388,0.11475409836065574,0.060109289617486336,-0.01956845332562503,0.0,False,0.009228616689366066,46bbbf853561e26625ee3ecbccb6037051556f2f3ca26dcb4e311c165c08d8e9,True,False,NO_ENTRY,ff09f2498192fa0e822678145ada64be74df6e2633d7af4161aea664587f8348
2026-09-11,JNJ,LIVE_SHADOW,-0.00039283496129118326,0.003248498045048569,0.0,41.75035987981267,0.24701811612806843,0.11703280973552688,0.357031610787962,0.1177155745428233,0.11728410201157322,0.04391778679404617,0.32786885245901637,0.4371584699453552,0.21311475409836064,0.19672131147540983,0.2185792349726776,0.2185792349726776,-0.016401001007279183,0.0,False,0.01357567474734386,46bbbf853561e26625ee3ecbccb6037051556f2f3ca26dcb4e311c165c08d8e9,True,False,NO_ENTRY,ff09f2498192fa0e822678145ada64be74df6e2633d7af4161aea664587f8348
2026-09-11,JPM,LIVE_SHADOW,-0.0004349768761462725,0.004300144808218319,0.0,35.58765559807219,0.39071959923010685,0.15345982877791237,0.2325054229928154,0.08942569742494232,0.08830555142359472,0.045583900150628257,0.0273224043715847,0.30601092896174864,0.37158469945355194,0.29508196721311475,0.31693989071038253,0.15300546448087432,-0.015479807261418848,0.0,False,0.030016922409354965,46bbbf853561e26625ee3ecbccb6037051556f2f3ca26dcb4e311c165c08d8e9,True,False,NO_ENTRY,ff09f2498192fa0e822678145ada64be74df6e2633d7af4161aea664587f8348
2026-09-11,KEEL,LIVE_SHADOW,0.0005034735563956102,0.003724169611632899,0.835897211880325,36.62592544871538,0.3072328944357858,0.09537890535097131,0.3652332302920671,0.11770933634105202,0.06872388276870353,0.045721750811420055,0.9617486338797814,0.5956284153005464,0.994535519125683,1.0,0.6721311475409836,1.0,0.018440184941945218,0.006998333702854289,True,0.0007590307499503906,46bbbf853561e26625ee3ecbccb6037051556f2f3ca26dcb4e311c165c08d8e9,True,False,ELIGIBLE_ENTRY,ff09f2498192fa0e822678145ada64be74df6e2633d7af4161aea664587f8348
2026-09-11,KLAC,LIVE_SHADOW,5.9500711833870626e-05,0.004051673481586308,0.7101869451772274,28.67339977131658,0.3387253649880148,0.13125417059030123,0.37146158018921255,0.07141442945565815,0.06066112677581193,0.026483328001001265,0.8743169398907104,0.37158469945355194,0.8524590163934426,0.3879781420765027,0.453551912568306,0.40437158469945356,0.0017060876970904795,0.0019033621482867841,False,0.0022312594499482434,46bbbf853561e26625ee3ecbccb6037051556f2f3ca26dcb4e311c165c08d8e9,True,False,NO_ENTRY,ff09f2498192fa0e822678145ada64be74df6e2633d7af4161aea664587f8348
2026-09-11,KMB,LIVE_SHADOW,6.192264709584118e-05,0.002819113306845927,0.6616986046151373,43.25625898038994,0.1437604397439375,0.19454095564092502,0.37236023906575877,0.12443844821923897,0.1202745728515431,0.04462534447859648,0.4808743169398907,0.819672131147541,0.8633879781420765,0.8907103825136612,0.8469945355191257,0.8415300546448088,0.0026785420595289967,0.014446707257863362,True,0.010786993025902844,46bbbf853561e26625ee3ecbccb6037051556f2f3ca26dcb4e311c165c08d8e9,True,False,ELIGIBLE_ENTRY,ff09f2498192fa0e822678145ada64be74df6e2633d7af4161aea664587f8348
2026-09-11,KMI,LIVE_SHADOW,-0.0002159926610436453,0.003470572793298864,0.0,33.80081639850018,0.26100022187490096,0.22608179180067522,0.2925599627273526,0.10655595646135085,0.08096727416144464,0.03283479297427566,0.34972677595628415,0.7923497267759563,0.644808743169399,0.6994535519125683,0.5792349726775956,0.39344262295081966,-0.007300728279359738,0.0,False,0.02340283549910408,46bbbf853561e26625ee3ecbccb6037051556f2f3ca26dcb4e311c165c08d8e9,True,False,NO_ENTRY,ff09f2498192fa0e822678145ada64be74df6e2633d7af4161aea664587f8348
2026-09-11,KO,LIVE_SHADOW,-0.0004870899220094737,0.003375224363044977,0.0,39.905018895906345,0.26530889502000155,0.15773438047565777,0.3199787536379152,0.09646291650087781,0.11845464505211532,0.04206040931343233,0.12568306010928962,0.16939890710382513,0.08743169398907104,0.12568306010928962,0.01092896174863388,0.04918032786885246,-0.019437332541793598,0.0,False,0.019211157240018432,46bbbf853561e26625ee3ecbccb6037051556f2f3ca26dcb4e311c165c08d8e9,True,False,NO_ENTRY,ff09f2498192fa0e822678145ada64be74df6e2633d7af4161aea664587f8348
2026-09-11,KR,LIVE_SHADOW,1.3123990687571396e-05,0.0029028651294469602,0.6984377865808309,40.93780508400748,0.149620172649872,0.22649095666187236,0.35328159154599265,0.11866523837296582,0.11022837691682794,0.0417136638524692,0.5136612021857924,0.8743169398907104,0.7978142076502732,0.825136612021858,0.7650273224043715,0.7704918032786885,0.0005372673726921272,0.0023083805603413463,False,0.008593042040779679,46bbbf853561e26625ee3ecbccb6037051556f2f3ca26dcb4e311c165c08d8e9,True,False,NO_ENTRY,ff09f2498192fa0e822678145ada64be74df6e2633d7af4161aea664587f8348
2026-09-11,LAR,LIVE_SHADOW,0.0004949724269156719,0.0035462567340801125,0.9999999999999999,36.973474478183476,0.28717704567217706,0.16742157894122345,0.30719516735207403,0.10364755549817031,0.09400123981577899,0.040557412720576135,0.994535519125683,0.9289617486338798,0.9508196721311475,0.9890710382513661,0.8961748633879781,0.994535519125683,0.01830085039397113,0.02225535881805925,True,0.002432166630397772,46bbbf853561e26625ee3ecbccb6037051556f2f3ca26dcb4e311c165c08d8e9,True,False,ELIGIBLE_ENTRY,ff09f2498192fa0e822678145ada64be74df6e2633d7af4161aea664587f8348
2026-09-11,LIN,LIVE_SHADOW,-0.0004053625592299085,0.003484015064308304,0.0,41.63776426062215,0.29224632873710055,0.14920895120627545,0.2743586278585004,0.120846087284398,0.11526648430014273,0.048073520613582846,0.15300546448087432,0.273224043715847,0.2568306010928962,0.07103825136612021,0.12568306010928962,0.0546448087431694,-0.016878390681297414,0.0,False,0.020372978413330304,46bbbf853561e26625ee3ecbccb6037051556f2f3ca26dcb4e311c165c08d8e9,True,False,NO_ENTRY,ff09f2498192fa0e822678145ada64be74df6e2633d7af4161aea664587f8348
2026-09-11,LLY,LIVE_SHADOW,-0.0002070791979056331,0.003359201835888259,0.0,33.986220201838734,0.24759653054970812,0.2227969987550112,0.2898712351111856,0.13622337348717792,0.07223900604801117,0.03127285604890617,0.6120218579234973,0.7595628415300546,0.6229508196721312,0.7978142076502732,0.46994535519125685,0.4262295081967213,-0.00703783921924099,0.0,False,0.009784382162950788,46bbbf853561e26625ee3ecbccb6037051556f2f3ca26dcb4e311c165c08d8e9,True,False,NO_ENTRY,ff09f2498192fa0e822678145ada64be74df6e2633d7af4161aea664587f8348
2026-09-11,LMT,LIVE_SHADOW,-0.0003497223799777168,0.0031771170710993843,0.0,38.04568501649647,0.19028481807345632,0.21896689903740946,0.3798914900290697,0.06918512293310307,0.09504247016974847,0.04662919975721311,0.5027322404371585,0.29508196721311475,0.30601092896174864,0.4972677595628415,0.41530054644808745,0.3114754098360656,-0.013305427511851705,0.0,False,0.007745631269955491,46bbbf853561e26625ee3ecbccb6037051556f2f3ca26dcb4e311c165c08d8e9,True,False,NO_ENTRY,ff09f2498192fa0e822678145ada64be74df6e2633d7af4161aea664587f8348
2026-09-11,LOW,LIVE_SHADOW,-0.0003604345009592887,0.004170633145568375,0.0,38.43727344697109,0.37712728434359943,0.1267109192415446,0.2603030981019953,0.07991577809439664,0.10616739931756831,0.04977552090089582,0.08196721311475409,0.6010928961748634,0.3442622950819672,0.36065573770491804,0.25136612021857924,0.12568306010928962,-0.013854119473094745,0.0,False,0.011906532007633159,46bbbf853561e26625ee3ecbccb6037051556f2f3ca26dcb4e311c165c08d8e9,True,False,NO_ENTRY,ff09f2498192fa0e822678145ada64be74df6e2633d7af4161aea664587f8348
2026-09-11,LRCX,LIVE_SHADOW,-7.424170655901881e-05,0.004255775198329418,0.37976753653217354,33.334279007586304,0.37976753653217354,0.20697185208741803,0.18442803168731775,0.10573047785171372,0.08854845579412816,0.0345536460472488,0.8797814207650273,0.7868852459016393,0.4808743169398907,0.2677595628415301,0.639344262295082,0.6557377049180327,-0.002474793760437683,0.0,False,0.0017343435847607615,46bbbf853561e26625ee3ecbccb6037051556f2f3ca26dcb4e311c165c08d8e9,True,False,NO_ENTRY,ff09f2498192fa0e822678145ada64be74df6e2633d7af4161aea664587f8348
2026-09-11,MA,LIVE_SHADOW,-0.00023275324140544616,0.0039814718422623244,0.0,31.665867789372438,0.34403288077737343,0.15074454455083078,0.2995974503732743,0.09023053887350392,0.09126484035608239,0.024129745068935133,0.14207650273224043,0.6666666666666666,0.7158469945355191,0.6885245901639344,0.6775956284153005,0.44808743169398907,-0.007370333369892745,0.0,False,0.02452066024709968,46bbbf853561e26625ee3ecbccb6037051556f2f3ca26dcb4e311c165c08d8e9,True,False,NO_ENTRY,ff09f2498192fa0e822678145ada64be74df6e2633d7af4161aea664587f8348
2026-09-11,MAR,LIVE_SHADOW,-0.0003056009451015622,0.004759696826797281,0.0,31.077080287791432,0.44589457156455076,0.1330273040466715,0.2059609230469067,0.09657563645863142,0.09294618643583692,0.025595378447402835,0.11475409836065574,0.546448087431694,0.5081967213114754,0.37158469945355194,0.6010928961748634,0.4918032786885246,-0.009497185106946191,0.0,False,0.016940429889975434,46bbbf853561e26625ee3ecbccb6037051556f2f3ca26dcb4e311c165c08d8e9,True,False,NO_ENTRY,ff09f2498192fa0e822678145ada64be74df6e2633d7af4161aea664587f8348
2026-09-11,MCD,LIVE_SHADOW,-0.00043922382296869003,0.0032377097005993863,0.0,38.371431149458495,0.2372328314264485,0.17979633252630448,0.32898915823999475,0.10325576923849727,0.11644511069221825,0.034280797876536845,0.2786885245901639,0.1912568306010929,0.17486338797814208,0.18579234972677597,0.1366120218579235,0.2677595628415301,-0.016853646682245035,0.0,False,0.018786446743240044,46bbbf853561e26625ee3ecbccb6037051556f2f3ca26dcb4e311c165c08d8e9,True,False,NO_ENTRY,ff09f2498192fa0e822678145ada64be74df6e2633d7af4161aea664587f8348
2026-09-11,MCHP,LIVE_SHADOW,0.0002761015131401343,0.003338794298743462,1.0,39.77456578703358,0.25845614786733256,0.19820096893500455,0.28039751897960247,0.10079012782961347,0.12135001712811067,0.040805219260336235,0.8524590163934426,0.9726775956284153,0.825136612021858,0.8961748633879781,1.0,0.9234972677595629,0.010981817798291788,0.01501335226841907,True,0.002734219879472847,46bbbf853561e26625ee3ecbccb6037051556f2f3ca26dcb4e311c165c08d8e9,True,False,ELIGIBLE_ENTRY,ff09f2498192fa0e822678145ada64be74df6e2633d7af4161aea664587f8348
2026-09-11,MCO,LIVE_SHADOW,-0.0003365147617473607,0.003685391495702453,0.0,32.414223636590094,0.2942415761881279,0.15311066778532273,0.35660412964135857,0.08423536583222516,0.08295437215387715,0.028853888399088465,0.33879781420765026,0.41530054644808745,0.3114754098360656,0.5737704918032787,0.5573770491803278,0.4644808743169399,-0.010907864744292783,0.0,False,0.014516398329041254,46bbbf853561e26625ee3ecbccb6037051556f2f3ca26dcb4e311c165c08d8e9,True,False,NO_ENTRY,ff09f2498192fa0e822678145ada64be74df6e2633d7af4161aea664587f8348
2026-09-11,MDB,LIVE_SHADOW,0.0007039093391797915,0.003444905061727145,1.0,37.5415693653307,0.2715168670474289,0.17487253944460063,0.31085910070145645,0.10019074546822132,0.10392935936154997,0.03863138797674264,0.9836065573770492,0.9890710382513661,0.9890710382513661,0.994535519125683,0.994535519125683,0.9890710382513661,0.02642586128372224,0.02835130548933022,True,0.0021457242346756746,46bbbf853561e26625ee3ecbccb6037051556f2f3ca26dcb4e311c165c08d8e9,True,False,ELIGIBLE_ENTRY,ff09f2498192fa0e822678145ada64be74df6e2633d7af4161aea664587f8348
2026-09-11,MDLZ,LIVE_SHADOW,-0.0005153825778312905,0.003205489041577627,0.0,43.00382899302744,0.2447846870669006,0.1743743623550366,0.29841274079428964,0.10472015982683178,0.12877068985229043,0.04893736010465088,0.22404371584699453,0.16393442622950818,0.18579234972677597,0.13114754098360656,0.01639344262295082,0.00546448087431694,-0.022163424243042473,0.0,False,0.012298166152106441,46bbbf853561e26625ee3ecbccb6037051556f2f3ca26dcb4e311c165c08d8e9,True,False,NO_ENTRY,ff09f2498192fa0e822678145ada64be74df6e2633d7af4161aea664587f8348
2026-09-11,MDT,LIVE_SHADOW,-0.00044361415571193016,0.003661604067147323,0.0,32.157364232149455,0.2902054635777557,0.15172174633391583,0.36127659764564163,0.08171117445760984,0.09045839016429724,0.024626627820779474,0.12021857923497267,0.23497267759562843,0.060109289617486336,0.26229508196721313,0.22950819672131148,0.37158469945355194,-0.014265461983766001,0.0,False,0.01507793053112766,46bbbf853561e26625ee3ecbccb6037051556f2f3ca26dcb4e311c165c08d8e9,True,False,NO_ENTRY,ff09f2498192fa0e822678145ada64be74df6e2633d7af4161aea664587f8348
2026-09-11,MELI,LIVE_SHADOW,0.00017591134589112963,0.0031124736192901944,0.7602916930049141,37.89195956875791,0.20693078663889491,0.1885835804640956,0.3523870362993206,0.11091225289672989,0.10840882334476795,0.03277752035619096,0.6994535519125683,0.8907103825136612,0.9234972677595629,0.912568306010929,0.8743169398907104,0.7540983606557377,0.006665625606192472,0.025216419927355675,True,0.007566107494525111,46bbbf853561e26625ee3ecbccb6037051556f2f3ca26dcb4e311c165c08d8e9,True,False,ELIGIBLE_ENTRY,ff09f2498192fa0e822678145ada64be74df6e2633d7af4161aea664587f8348
2026-09-11,META,LIVE_SHADOW,-0.0002493218398399977,0.0037188528053288,0.0,32.38265249899838,0.3013614615497462,0.16183364766956537,0.33826197321137474,0.08934264465825167,0.0786875621420925,0.030512710768969466,0.6939890710382514,0.6229508196721312,0.6885245901639344,0.6120218579234973,0.4426229508196721,0.5683060109289617,-0.008073702499949577,0.0,False,0.0051969973342358335,46bbbf853561e26625ee3ecbccb6037051556f2f3ca26dcb4e311c165c08d8e9,True,False,NO_ENTRY,ff09f2498192fa0e822678145ada64be74df6e2633d7af4161aea664587f8348
2026-09-11,MMM,LIVE_SHADOW,-0.0002828431363616015,0.004535268191614673,0.0,30.047806662050604,0.4153527125011145,0.11661562370835604,0.2734799081600206,0.09870590896969868,0.06621378179882566,0.029632064861984365,0.08743169398907104,0.5409836065573771,0.6338797814207651,0.6830601092896175,0.5300546448087432,0.5846994535519126,-0.008498815877081418,0.0,False,0.01928288225567973,46bbbf853561e26625ee3ecbccb6037051556f2f3ca26dcb4e311c165c08d8e9,True,False,NO_ENTRY,ff09f2498192fa0e822678145ada64be74df6e2633d7af4161aea664587f8348
2026-09-11,MO,LIVE_SHADOW,-0.0002937431410935874,0.003512156786461663,0.0,42.208245048884756,0.294409354082148,0.1780751416990487,0.24445486347065226,0.11569344816851788,0.11402871081900104,0.05333848176063209,0.3442622950819672,0.366120218579235,0.453551912568306,0.3114754098360656,0.3333333333333333,0.22950819672131148,-0.012398382480707267,0.0,False,0.009191720434457326,46bbbf853561e26625ee3ecbccb6037051556f2f3ca26dcb4e311c165c08d8e9,True,False,NO_ENTRY,ff09f2498192fa0e822678145ada64be74df6e2633d7af4161aea664587f8348
2026-09-11,MPC,LIVE_SHADOW,-7.7116397111186e-05,0.003128692998444527,0.6111396920418044,43.02403643239039,0.2278650028773495,0.11783116660301841,0.3650092350704999,0.11678004470676139,0.12935041226454302,0.04316413847782783,0.6502732240437158,0.5737704918032787,0.8142076502732241,0.8142076502732241,0.8524590163934426,0.7868852459016393,-0.0033178586788463514,0.0,False,0.007880069750896395,46bbbf853561e26625ee3ecbccb6037051556f2f3ca26dcb4e311c165c08d8e9,True,False,NO_ENTRY,ff09f2498192fa0e822678145ada64be74df6e2633d7af4161aea664587f8348
2026-09-11,MPWR,LIVE_SHADOW,0.0008101987830122277,0.0034646777086389017,1.0,36.08826521839135,0.27103603912626295,0.1784736070137444,0.3172604752664083,0.09780568128685645,0.10145529660009409,0.033968900706633914,0.9781420765027322,1.0,1.0,0.9726775956284153,0.9726775956284153,0.8961748633879781,0.029238668560963178,0.046097224872026096,True,0.003153168536105706,46bbbf853561e26625ee3ecbccb6037051556f2f3ca26dcb4e311c165c08d8e9,True,False,ELIGIBLE_ENTRY,ff09f2498192fa0e822678145ada64be74df6e2633d7af4161aea664587f8348
2026-09-11,MRK,LIVE_SHADOW,-0.00044767414225694256,0.002922088545359736,0.0,40.77414224674849,0.1663436568528187,0.19635910169896295,0.3647421452024267,0.11970606607373956,0.11376007216920661,0.0390889580028455,0.4207650273224044,0.14207650273224043,0.11475409836065574,0.09836065573770492,0.15300546448087432,0.20218579234972678,-0.018253529156575694,0.0,False,0.0065762190681844905,46bbbf853561e26625ee3ecbccb6037051556f2f3ca26dcb4e311c165c08d8e9,True,False,NO_ENTRY,ff09f2498192fa0e822678145ada64be74df6e2633d7af4161aea664587f8348
2026-09-11,MRVL,LIVE_SHADOW,-6.015172281853321e-05,0.0038533913200690857,0.5096517803007312,41.228403317877955,0.34089638247921544,0.12244951405688706,0.27110552068798033,0.09679318495440127,0.11709572346312608,0.051659674358389654,0.9234972677595629,0.6284153005464481,0.2786885245901639,0.7759562841530054,0.8633879781420765,0.9726775956284153,-0.00247995948862769,0.0,False,0.0011566145385909165,46bbbf853561e26625ee3ecbccb6037051556f2f3ca26dcb4e311c165c08d8e9,True,False,NO_ENTRY,ff09f2498192fa0e822678145ada64be74df6e2633d7af4161aea664587f8348
2026-09-11,MS,LIVE_SHADOW,-0.00022560596411213036,0.004221648896089786,0.0,27.14280990885386,0.36127989936917515,0.184057967840414,0.31268603495235003,0.05828411846999107,0.055646332381789565,0.028045646986280277,0.13114754098360656,0.7431693989071039,0.7213114754098361,0.47540983606557374,0.5027322404371585,0.5901639344262295,-0.00612357979819926,0.0,False,0.01726876851105718,46bbbf853561e26625ee3ecbccb6037051556f2f3ca26dcb4e311c165c08d8e9,True,False,NO_ENTRY,ff09f2498192fa0e822678145ada64be74df6e2633d7af4161aea664587f8348
2026-09-11,MSFT,LIVE_SHADOW,-0.00047014254000894186,0.003236162049576979,0.0,38.20484146636775,0.23353417702135157,0.2055213696528473,0.3086156105617043,0.11256521307383854,0.09973259691573447,0.04003103277452378,0.21311475409836064,0.01092896174863388,0.12568306010928962,0.03825136612021858,0.14207650273224043,0.09836065573770492,-0.01796172120763708,0.0,False,0.005096446481335239,46bbbf853561e26625ee3ecbccb6037051556f2f3ca26dcb4e311c165c08d8e9,True,False,NO_ENTRY,ff09f2498192fa0e822678145ada64be74df6e2633d7af4161aea664587f8348
2026-09-11,MU,LIVE_SHADOW,0.00033815593431119425,0.0039351688995102755,0.6678561266310724,43.23562064461519,0.35950116155665324,0.11087799492600668,0.22126587844292098,0.1258778549834834,0.13358246760008632,0.0488946424908495,0.9890710382513661,0.39344262295081966,0.6502732240437158,0.9617486338797814,0.9781420765027322,0.9617486338797814,0.014620381694604207,0.007310710203468834,True,0.001000071045500395,46bbbf853561e26625ee3ecbccb6037051556f2f3ca26dcb4e311c165c08d8e9,True,False,ELIGIBLE_ENTRY,ff09f2498192fa0e822678145ada64be74df6e2633d7af4161aea664587f8348
2026-09-11,NEM,LIVE_SHADOW,-0.00017247664587366037,0.0035975944828608784,0.0,33.96290736934412,0.27501976147417595,0.21209107506924518,0.32328791408094554,0.06561188787427578,0.08470373364497542,0.03928562785638208,0.726775956284153,0.825136612021858,0.7431693989071039,0.5628415300546448,0.36065573770491804,0.73224043715847,-0.005857808347182297,0.0,False,0.005406691934102843,46bbbf853561e26625ee3ecbccb6037051556f2f3ca26dcb4e311c165c08d8e9,True,False,NO_ENTRY,ff09f2498192fa0e822678145ada64be74df6e2633d7af4161aea664587f8348
2026-09-11,NFLX,LIVE_SHADOW,-0.00033022588183680764,0.0035014854391149913,0.0,41.595532071818944,0.28008272782972593,0.23210924092121696,0.21541191852495764,0.1169210844483389,0.09567564045025014,0.05979938782551048,0.6557377049180327,0.22404371584699453,0.47540983606557374,0.28415300546448086,0.3825136612021858,0.1366120218579235,-0.013735921258887625,0.0,False,0.0063013097360705966,46bbbf853561e26625ee3ecbccb6037051556f2f3ca26dcb4e311c165c08d8e9,True,False,NO_ENTRY,ff09f2498192fa0e822678145ada64be74df6e2633d7af4161aea664587f8348
2026-09-11,NKE,LIVE_SHADOW,0.0003576073324763031,0.003285386259878028,0.966307051177737,37.14125031408989,0.2431483789518831,0.18616672309025536,0.3231339803497854,0.10920696293459388,0.10465100585121925,0.033692948822262966,0.8306010928961749,0.9453551912568307,0.9289617486338798,0.9672131147540983,0.912568306010929,0.819672131147541,0.013281983449656339,0.06344129289079982,True,0.009552984782922812,46bbbf853561e26625ee3ecbccb6037051556f2f3ca26dcb4e311c165c08d8e9,True,False,ELIGIBLE_ENTRY,ff09f2498192fa0e822678145ada64be74df6e2633d7af4161aea664587f8348
2026-09-11,NOC,LIVE_SHADOW,-0.0001372442821599954,0.00342552042183436,0.0,33.42504023026689,0.25571006878210745,0.20616202994552052,0.31819114352202765,0.10511180197624315,0.08728447164536009,0.027540484128741227,0.7103825136612022,0.8306010928961749,0.7540983606557377,0.7704918032786885,0.6666666666666666,0.6010928961748634,-0.004587395652571946,0.0,False,0.013663746588242768,46bbbf853561e26625ee3ecbccb6037051556f2f3ca26dcb4e311c165c08d8e9,True,False,NO_ENTRY,ff09f2498192fa0e822678145ada64be74df6e2633d7af4161aea664587f8348
2026-09-11,NOW,LIVE_SHADOW,-0.0001713560524781684,0.00377252668022875,0.0,39.44199897889111,0.3285937306900213,0.17951314893804243,0.2182352270908831,0.10830102032773756,0.12521817355800655,0.04013869939530902,0.7759562841530054,0.3005464480874317,0.5573770491803278,0.726775956284153,0.7814207650273224,0.7049180327868853,-0.0067586252468707295,0.0,False,0.0024691087490319955,46bbbf853561e26625ee3ecbccb6037051556f2f3ca26dcb4e311c165c08d8e9,True,False,NO_ENTRY,ff09f2498192fa0e822678145ada64be74df6e2633d7af4161aea664587f8348
2026-09-11,NU,LIVE_SHADOW,-0.0004969050791554655,0.0029253104106002517,0.0,39.94112599380908,0.15384096577249345,0.2059325996303844,0.3774899365820695,0.11255412345322106,0.11391219211949549,0.036270182442335944,0.5846994535519126,0.04918032786885246,0.0273224043715847,0.07650273224043716,0.09289617486338798,0.1912568306010929,-0.01984694837351212,0.0,False,0.005726612055959459,46bbbf853561e26625ee3ecbccb6037051556f2f3ca26dcb4e311c165c08d8e9,True,False,NO_ENTRY,ff09f2498192fa0e822678145ada64be74df6e2633d7af4161aea664587f8348
2026-09-11,NUE,LIVE_SHADOW,0.00035745519998203144,0.0028361135175734163,0.8620151718595894,42.639798620701114,0.13798482814041046,0.20795942606339626,0.3725136230517544,0.1137327045608539,0.12645399922412592,0.04135541895945899,0.5519125683060109,0.9617486338797814,0.9672131147540983,0.9344262295081968,0.9836065573770492,0.8907103825136612,0.015241817743156265,0.04973543723614926,True,0.00652618186022871,46bbbf853561e26625ee3ecbccb6037051556f2f3ca26dcb4e311c165c08d8e9,True,False,ELIGIBLE_ENTRY,ff09f2498192fa0e822678145ada64be74df6e2633d7af4161aea664587f8348
2026-09-11,NVDA,LIVE_SHADOW,-0.0001409501492046917,0.003482512144101396,0.36943703279033546,33.08636687564591,0.2589097596574966,0.1718657226748599,0.36943703279033546,0.07007588361185146,0.10763224500608375,0.02207935625937294,0.6775956284153005,0.6939890710382514,0.7868852459016393,0.5683060109289617,0.7213114754098361,0.5081967213114754,-0.00466352834776346,0.0,False,0.006926641680913313,46bbbf853561e26625ee3ecbccb6037051556f2f3ca26dcb4e311c165c08d8e9,True,False,NO_ENTRY,ff09f2498192fa0e822678145ada64be74df6e2633d7af4161aea664587f8348
2026-09-11,NVO,LIVE_SHADOW,-0.0004511033998033576,0.003041432786847045,0.0,38.429222863429274,0.15918514163114256,0.22557433942933067,0.3843151568617067,0.09628498649483917,0.09102441827920796,0.043615957303773066,0.546448087431694,0.09289617486338798,0.12021857923497267,0.2568306010928962,0.3005464480874317,0.17486338797814208,-0.017335553085493866,0.0,False,0.006835036056257501,46bbbf853561e26625ee3ecbccb6037051556f2f3ca26dcb4e311c165c08d8e9,True,False,NO_ENTRY,ff09f2498192fa0e822678145ada64be74df6e2633d7af4161aea664587f8348
2026-09-11,NXPI,LIVE_SHADOW,0.00028939410019983123,0.003909972189861664,0.9343655505344156,26.34362308357846,0.3172097716960518,0.19322901373395873,0.3321585307513996,0.09176823435300542,0.04442319586194696,0.02121125360363754,0.9453551912568307,0.912568306010929,0.8907103825136612,0.8032786885245902,0.5081967213114754,0.5792349726775956,0.007623689098275692,0.026955632668679865,True,0.0070715456313077164,46bbbf853561e26625ee3ecbccb6037051556f2f3ca26dcb4e311c165c08d8e9,True,False,ELIGIBLE_ENTRY,ff09f2498192fa0e822678145ada64be74df6e2633d7af4161aea664587f8348
2026-09-11,ON,LIVE_SHADOW,0.0005316121058822275,0.0035800939215095205,0.8588417006465119,37.30524344336753,0.29351269269078856,0.14115829935348806,0.32383631155524634,0.09971959016054405,0.10424717747592406,0.03752592876400893,1.0,0.8142076502732241,0.9781420765027322,0.9508196721311475,0.9562841530054644,0.9289617486338798,0.01983191902737777,0.0164049542491225,True,0.0016543990751954588,46bbbf853561e26625ee3ecbccb6037051556f2f3ca26dcb4e311c165c08d8e9,True,False,ELIGIBLE_ENTRY,ff09f2498192fa0e822678145ada64be74df6e2633d7af4161aea664587f8348
2026-09-11,ORCL,LIVE_SHADOW,-0.00011810323919699319,0.003799727662621705,0.43879033662900485,35.75857296976178,0.32644381874763617,0.19382062386429755,0.2255633566111945,0.11234651788136867,0.11215138376812257,0.029674299127380573,0.8633879781420765,0.18032786885245902,0.3770491803278688,0.8306010928961749,0.8087431693989071,0.644808743169399,-0.0042232032967909105,0.0,False,0.003306982801079766,46bbbf853561e26625ee3ecbccb6037051556f2f3ca26dcb4e311c165c08d8e9,True,False,NO_ENTRY,ff09f2498192fa0e822678145ada64be74df6e2633d7af4161aea664587f8348
2026-09-11,ORLY,LIVE_SHADOW,-0.0002214058208177981,0.0036259228843426613,0.0,31.403283664774655,0.283728064024895,0.1974076375327664,0.32243790283026014,0.08493606123252812,0.08810544715818991,0.023384887221360465,0.31693989071038253,0.7213114754098361,0.6830601092896175,0.6065573770491803,0.6065573770491803,0.5027322404371585,-0.006952869796173583,0.0,False,0.012234691591738461,46bbbf853561e26625ee3ecbccb6037051556f2f3ca26dcb4e311c165c08d8e9,True,False,NO_ENTRY,ff09f2498192fa0e822678145ada64be74df6e2633d7af4161aea664587f8348
2026-09-11,OXY,LIVE_SHADOW,0.00023139945323065532,0.0028938853424497236,0.7280110206892199,41.21042582775872,0.13836478616804437,0.2028767447412861,0.3950614833148822,0.09736159898295602,0.13007279263305155,0.03626259415977955,0.5245901639344263,0.8797814207650273,0.9398907103825137,0.7814207650273224,0.9344262295081968,0.7595628415300546,0.009536070003945844,0.042238860394308714,True,0.008858756359135593,46bbbf853561e26625ee3ecbccb6037051556f2f3ca26dcb4e311c165c08d8e9,True,False,ELIGIBLE_ENTRY,ff09f2498192fa0e822678145ada64be74df6e2633d7af4161aea664587f8348
2026-09-11,PANW,LIVE_SHADOW,-0.0001117019579860054,0.004227867550171622,0.3649888047231375,26.85741735470375,0.3649888047231375,0.20523514014579683,0.2684954184247884,0.07905237776887637,0.05950341179714608,0.022724847140254807,0.8852459016393442,0.8087431693989071,0.33879781420765026,0.6284153005464481,0.5245901639344263,0.46994535519125685,-0.0030000261049677305,0.0,False,0.004109097997141701,46bbbf853561e26625ee3ecbccb6037051556f2f3ca26dcb4e311c165c08d8e9,True,False,NO_ENTRY,ff09f2498192fa0e822678145ada64be74df6e2633d7af4161aea664587f8348
2026-09-11,PBR,LIVE_SHADOW,-0.0004452508935454754,0.0028021744587081805,0.0,47.747118102360396,0.1746898349424179,0.09579531038993401,0.38557631321845737,0.1459433251944429,0.1549030640036607,0.04309215225108715,0.5573770491803278,0.48633879781420764,0.15300546448087432,0.04371584699453552,0.0273224043715847,0.21311475409836064,-0.02125944699929731,0.0,False,0.00746385988100447,46bbbf853561e26625ee3ecbccb6037051556f2f3ca26dcb4e311c165c08d8e9,True,False,NO_ENTRY,ff09f2498192fa0e822678145ada64be74df6e2633d7af4161aea664587f8348
2026-09-11,PEP,LIVE_SHADOW,-0.00031531514721923733,0.0038624715029842867,0.0,37.019535429561465,0.3346473476552561,0.12524698518622732,0.3036042342420196,0.09713429864616206,0.097930542426603,0.041436591843731885,0.26229508196721313,0.5355191256830601,0.36065573770491804,0.639344262295082,0.6284153005464481,0.3224043715846995,-0.011672820263959946,0.0,False,0.018971995600982786,46bbbf853561e26625ee3ecbccb6037051556f2f3ca26dcb4e311c165c08d8e9,True,False,NO_ENTRY,ff09f2498192fa0e822678145ada64be74df6e2633d7af4161aea664587f8348
2026-09-11,PFE,LIVE_SHADOW,-0.0005095153431728299,0.0035391593727310626,0.0,37.37175510988014,0.29115952307875775,0.1759775213615142,0.2767035426502395,0.11163990979909419,0.10981210563559524,0.03470739747479898,0.04918032786885246,0.08743169398907104,0.16393442622950818,0.01092896174863388,0.04918032786885246,0.15846994535519127,-0.019041482629781538,0.0,False,0.01953178639662022,46bbbf853561e26625ee3ecbccb6037051556f2f3ca26dcb4e311c165c08d8e9,True,False,NO_ENTRY,ff09f2498192fa0e822678145ada64be74df6e2633d7af4161aea664587f8348
2026-09-11,PG,LIVE_SHADOW,-0.0004499864704236028,0.004165697785839538,0.0,43.66398151049658,0.38698548400481064,0.08772655871624015,0.22195428753324756,0.1164165253243404,0.13390461485604777,0.05301252956531358,0.02185792349726776,0.5081967213114754,0.3825136612021858,0.14754098360655737,0.08196721311475409,0.04371584699453552,-0.01964820092454981,0.0,False,0.022469840674458872,46bbbf853561e26625ee3ecbccb6037051556f2f3ca26dcb4e311c165c08d8e9,True,False,NO_ENTRY,ff09f2498192fa0e822678145ada64be74df6e2633d7af4161aea664587f8348
2026-09-11,PH,LIVE_SHADOW,-0.00047800984384333586,0.003931321256657546,0.0,37.14102059240971,0.34433472802128284,0.12502826456671481,0.29512456261393166,0.09255622315903479,0.10084672869864883,0.042109492940387176,0.01639344262295082,0.3333333333333333,0.19672131147540983,0.20765027322404372,0.18032786885245902,0.11475409836065574,-0.017753773453559888,0.0,False,0.013784583176263424,46bbbf853561e26625ee3ecbccb6037051556f2f3ca26dcb4e311c165c08d8e9,True,False,NO_ENTRY,ff09f2498192fa0e822678145ada64be74df6e2633d7af4161aea664587f8348
2026-09-11,PLTR,LIVE_SHADOW,-3.715051722331704e-05,0.0035509201820913007,0.5728693535589624,40.821338299800495,0.2963205025052327,0.19445462448656436,0.23267602195447323,0.1067870079075107,0.12458739275741368,0.04517445038880532,0.8688524590163934,0.11475409836065574,0.3224043715846995,0.8633879781420765,0.9398907103825137,0.9180327868852459,-0.00151653383158559,0.0,False,0.001357747162344867,46bbbf853561e26625ee3ecbccb6037051556f2f3ca26dcb4e311c165c08d8e9,True,False,NO_ENTRY,ff09f2498192fa0e822678145ada64be74df6e2633d7af4161aea664587f8348
2026-09-11,PM,LIVE_SHADOW,-0.0003357824119653872,0.002955139406114279,0.0,46.00454212342088,0.20763323921947635,0.14066376867311198,0.339267655567818,0.11755841906820057,0.1468795698306595,0.04799734764073351,0.47540983606557374,0.45901639344262296,0.3551912568306011,0.3224043715846995,0.23497267759562843,0.3005464480874317,-0.01544751611556552,0.0,False,0.009979281569665677,46bbbf853561e26625ee3ecbccb6037051556f2f3ca26dcb4e311c165c08d8e9,True,False,NO_ENTRY,ff09f2498192fa0e822678145ada64be74df6e2633d7af4161aea664587f8348
2026-09-11,PNC,LIVE_SHADOW,-0.0002761709836254528,0.0044525144664675186,0.0,35.53647789693582,0.41186647942477855,0.10298378716530585,0.25035693207327503,0.09909419680017834,0.09622372094322604,0.03947488359323627,0.10382513661202186,0.4972677595628415,0.5956284153005464,0.6775956284153005,0.6502732240437158,0.6885245901639344,-0.009814144055380928,0.0,False,0.03589457108730371,46bbbf853561e26625ee3ecbccb6037051556f2f3ca26dcb4e311c165c08d8e9,True,False,NO_ENTRY,ff09f2498192fa0e822678145ada64be74df6e2633d7af4161aea664587f8348
2026-09-11,PSX,LIVE_SHADOW,-0.00019137055193947728,0.0030647941455890894,0.0,42.27275915422067,0.20165444793050424,0.21444214725671218,0.31859767178592396,0.08047204544833562,0.14135075750307305,0.04348293007545099,0.46994535519125685,0.7158469945355191,0.639344262295082,0.4426229508196721,0.7704918032786885,0.6775956284153005,-0.008089761251347801,0.0,False,0.009713504269883499,46bbbf853561e26625ee3ecbccb6037051556f2f3ca26dcb4e311c165c08d8e9,True,False,NO_ENTRY,ff09f2498192fa0e822678145ada64be74df6e2633d7af4161aea664587f8348
2026-09-11,QCOM,LIVE_SHADOW,-0.00018908858354451543,0.0034930952482284034,0.3741513582043541,37.16694909258888,0.2710828642522639,0.12519301812039524,0.3741513582043541,0.06871375068389551,0.13320240770642594,0.02765660103266538,0.6830601092896175,0.5628415300546448,0.7759562841530054,0.5519125683060109,0.18579234972677597,0.5628415300546448,-0.007027845758588744,0.0,False,0.004449895286744709,46bbbf853561e26625ee3ecbccb6037051556f2f3ca26dcb4e311c165c08d8e9,True,False,NO_ENTRY,ff09f2498192fa0e822678145ada64be74df6e2633d7af4161aea664587f8348
2026-09-11,RCL,LIVE_SHADOW,2.2771021866796154e-05,0.003061082134935906,0.5892095792578427,36.2728795293206,0.1746145563244625,0.21703238819038886,0.3721771910674538,0.10708426293139524,0.09977424474231725,0.029317356743982316,0.43169398907103823,0.8688524590163934,0.8469945355191257,0.7868852459016393,0.73224043715847,0.6284153005464481,0.0008259705329338219,0.004070488032166054,False,0.009856254841701932,46bbbf853561e26625ee3ecbccb6037051556f2f3ca26dcb4e311c165c08d8e9,True,False,NO_ENTRY,ff09f2498192fa0e822678145ada64be74df6e2633d7af4161aea664587f8348
2026-09-11,REGN,LIVE_SHADOW,-4.561981232402581e-05,0.0031354161919617024,0.6286737942830359,33.47663627849647,0.16268424477628987,0.24792149390053822,0.38075230038249774,0.09495958195890497,0.08921651752257942,0.0244658614591899,0.4972677595628415,0.8524590163934426,0.7704918032786885,0.6557377049180327,0.6174863387978142,0.4808743169398907,-0.001527197864264683,0.0,False,0.01218344617942623,46bbbf853561e26625ee3ecbccb6037051556f2f3ca26dcb4e311c165c08d8e9,True,False,NO_ENTRY,ff09f2498192fa0e822678145ada64be74df6e2633d7af4161aea664587f8348
2026-09-11,RIO,LIVE_SHADOW,-0.0002642167542201316,0.0033524496273717778,0.0,38.415409698196235,0.23985263598033996,0.2421472117015159,0.2873769532654364,0.07458003860144304,0.11174654101389897,0.04429661943736583,0.44808743169398907,0.726775956284153,0.43169398907103823,0.5081967213114754,0.3770491803278688,0.3551912568306011,-0.010149994862493975,0.0,False,0.011071364548827716,46bbbf853561e26625ee3ecbccb6037051556f2f3ca26dcb4e311c165c08d8e9,True,False,NO_ENTRY,ff09f2498192fa0e822678145ada64be74df6e2633d7af4161aea664587f8348
2026-09-11,ROP,LIVE_SHADOW,-4.141894444380325e-05,0.002901679879919528,0.3311262207921193,48.96842008637648,0.22567949042960941,0.1394866983193969,0.26072635153175905,0.15559650140480163,0.17552971938731762,0.04298123892711535,0.5792349726775956,0.5683060109289617,0.5846994535519126,0.8743169398907104,0.9289617486338798,0.6939890710382514,-0.002028220271058447,0.0,False,0.006475168530341616,46bbbf853561e26625ee3ecbccb6037051556f2f3ca26dcb4e311c165c08d8e9,True,False,NO_ENTRY,ff09f2498192fa0e822678145ada64be74df6e2633d7af4161aea664587f8348
2026-09-11,RTX,LIVE_SHADOW,-0.00041598037101393977,0.003413237675617651,0.0,33.075269050198706,0.24767847601326043,0.2089275946978071,0.33542586938536584,0.09120355544449853,0.0898317054159702,0.026932799043097942,0.3224043715846995,0.18579234972677597,0.24043715846994534,0.31693989071038253,0.33879781420765026,0.4207650273224044,-0.013758662690887538,0.0,False,0.014696119605910683,46bbbf853561e26625ee3ecbccb6037051556f2f3ca26dcb4e311c165c08d8e9,True,False,NO_ENTRY,ff09f2498192fa0e822678145ada64be74df6e2633d7af4161aea664587f8348
2026-09-11,SAP,LIVE_SHADOW,-0.00048514958582511735,0.0028368594397391476,0.0,41.71354398709771,0.12613779323151883,0.21768447994226475,0.3780502200452012,0.12095234135583567,0.11757785112031768,0.03959731430486182,0.48633879781420764,0.03825136612021858,0.0546448087431694,0.0546448087431694,0.09836065573770492,0.16393442622950818,-0.02023730858863827,0.0,False,0.004673723568449965,46bbbf853561e26625ee3ecbccb6037051556f2f3ca26dcb4e311c165c08d8e9,True,False,NO_ENTRY,ff09f2498192fa0e822678145ada64be74df6e2633d7af4161aea664587f8348
2026-09-11,SBUX,LIVE_SHADOW,-0.0003052618463677317,0.004220677750390981,0.0,41.95848905546824,0.38843807827307836,0.10790084112130616,0.23953061022650296,0.08485611430182353,0.1221350495547465,0.05713930652254261,0.09289617486338798,0.4644808743169399,0.6065573770491803,0.3551912568306011,0.20218579234972678,0.06557377049180328,-0.012808325839872497,0.0,False,0.01852021625418579,46bbbf853561e26625ee3ecbccb6037051556f2f3ca26dcb4e311c165c08d8e9,True,False,NO_ENTRY,ff09f2498192fa0e822678145ada64be74df6e2633d7af4161aea664587f8348
2026-09-11,SCHW,LIVE_SHADOW,-0.00024341055422065456,0.0037794858638442045,0.0,35.61116643043254,0.3231402933595419,0.13940100969450697,0.299553940843825,0.10984806760543922,0.09280904172483478,0.03524764677185213,0.2459016393442623,0.5901639344262295,0.6612021857923497,0.7213114754098361,0.6338797814207651,0.36065573770491804,-0.008668133757275553,0.0,False,0.01989112805957999,46bbbf853561e26625ee3ecbccb6037051556f2f3ca26dcb4e311c165c08d8e9,True,False,NO_ENTRY,ff09f2498192fa0e822678145ada64be74df6e2633d7af4161aea664587f8348
2026-09-11,SHEL,LIVE_SHADOW,-0.0005361679038217918,0.003482037441826527,0.0,36.8018369734954,0.2752816704100605,0.17598640449094224,0.31283914335256824,0.09861969520013371,0.09925165009234967,0.038021436453945755,0.00546448087431694,0.00546448087431694,0.00546448087431694,0.01639344262295082,0.03825136612021858,0.02185792349726776,-0.01973196378687034,0.0,False,0.019812443011109144,46bbbf853561e26625ee3ecbccb6037051556f2f3ca26dcb4e311c165c08d8e9,True,False,NO_ENTRY,ff09f2498192fa0e822678145ada64be74df6e2633d7af4161aea664587f8348
2026-09-11,SHOP,LIVE_SHADOW,-0.00030982485043567505,0.0034161162541293372,0.051699578070407134,40.51256846759303,0.25878751355757007,0.14319748971572557,0.36988373624448,0.06351857142337211,0.11291311098844495,0.051699578070407134,0.7377049180327869,0.32786885245901637,0.1366120218579235,0.4207650273224044,0.8142076502732241,0.9398907103825137,-0.012551800466237054,0.0,False,0.0022676472546089652,46bbbf853561e26625ee3ecbccb6037051556f2f3ca26dcb4e311c165c08d8e9,True,False,NO_ENTRY,ff09f2498192fa0e822678145ada64be74df6e2633d7af4161aea664587f8348
2026-09-11,SHW,LIVE_SHADOW,-0.0003570235454700591,0.004203866780785308,0.0,28.209352328172585,0.3609397663912531,0.1875785091955292,0.3005578552095169,0.056409763445475894,0.0657911299828072,0.028722975775417752,0.1366120218579235,0.25136612021857924,0.3005464480874317,0.48633879781420764,0.546448087431694,0.5956284153005464,-0.010071402983618243,0.0,False,0.012239745505514845,46bbbf853561e26625ee3ecbccb6037051556f2f3ca26dcb4e311c165c08d8e9,True,False,NO_ENTRY,ff09f2498192fa0e822678145ada64be74df6e2633d7af4161aea664587f8348
2026-09-11,SID,LIVE_SHADOW,-0.00013309985288911238,0.0038620127916543347,0.3347870473258596,35.54359203893778,0.3347870473258596,0.136045482402684,0.2930695269875204,0.09665631176353585,0.10826407886683129,0.031177552653568773,0.9398907103825137,0.3114754098360656,0.2185792349726776,0.20218579234972678,0.15846994535519127,0.29508196721311475,-0.004730846871533244,0.0,False,0.0024245109432939715,46bbbf853561e26625ee3ecbccb6037051556f2f3ca26dcb4e311c165c08d8e9,True,False,NO_ENTRY,ff09f2498192fa0e822678145ada64be74df6e2633d7af4161aea664587f8348
2026-09-11,SLB,LIVE_SHADOW,-0.0002822906131381508,0.0036706385659564375,0.0,39.277057716189745,0.31390063025981024,0.15623512765951114,0.26785383690092884,0.08411675801288378,0.14460665164050204,0.03328699552636403,0.644808743169399,0.4426229508196721,0.546448087431694,0.45901639344262296,0.2677595628415301,0.453551912568306,-0.01108754470496574,0.0,False,0.005772538643645491,46bbbf853561e26625ee3ecbccb6037051556f2f3ca26dcb4e311c165c08d8e9,True,False,NO_ENTRY,ff09f2498192fa0e822678145ada64be74df6e2633d7af4161aea664587f8348
2026-09-11,SNPS,LIVE_SHADOW,-0.00012103007968000321,0.003625418907759782,0.18669781276935477,43.98106249620053,0.31391031385740653,0.1789274367755976,0.20592193734549197,0.12650599435358123,0.11454249925214899,0.06019181841577352,0.7540983606557377,0.6994535519125683,0.5409836065573771,0.8087431693989071,0.7377049180327869,0.9344262295081968,-0.0053230314983263504,0.0,False,0.00396006054104796,46bbbf853561e26625ee3ecbccb6037051556f2f3ca26dcb4e311c165c08d8e9,True,False,NO_ENTRY,ff09f2498192fa0e822678145ada64be74df6e2633d7af4161aea664587f8348
2026-09-11,SNY,LIVE_SHADOW,-0.00034941882467943823,0.003992907533452405,0.0,37.15238713169125,0.3539827361247203,0.1123116841286976,0.29103047761869794,0.09311148574303142,0.11240888951634902,0.03715472686850374,0.19672131147540983,0.47540983606557374,0.34972677595628415,0.34972677595628415,0.28415300546448086,0.33879781420765026,-0.012981743445591042,0.0,False,0.017663257490171513,46bbbf853561e26625ee3ecbccb6037051556f2f3ca26dcb4e311c165c08d8e9,True,False,NO_ENTRY,ff09f2498192fa0e822678145ada64be74df6e2633d7af4161aea664587f8348
2026-09-11,SONY,LIVE_SHADOW,-0.0003874439898336941,0.003151701424530869,0.0,41.208960806033836,0.23046379295396344,0.15362639135234576,0.34019900792773544,0.11480629253172314,0.11909028501321231,0.041814230221019794,0.366120218579235,0.34972677595628415,0.25136612021857924,0.22404371584699453,0.22404371584699453,0.2568306010928962,-0.01596616419159007,0.0,False,0.009541128875179467,46bbbf853561e26625ee3ecbccb6037051556f2f3ca26dcb4e311c165c08d8e9,True,False,NO_ENTRY,ff09f2498192fa0e822678145ada64be74df6e2633d7af4161aea664587f8348
2026-09-11,SPCX,LIVE_SHADOW,-0.0002801122297541209,0.0034839715544513782,0.4147742387314228,36.824698817534625,0.2632424703187027,0.2115049521438767,0.3139306053994748,0.05979020372522572,0.11104994717428898,0.040481821238431075,0.8032786885245902,0.0546448087431694,0.16939890710382513,0.5956284153005464,0.8688524590163934,0.8524590163934426,-0.010315048495803563,0.0,False,0.0016903441395558097,46bbbf853561e26625ee3ecbccb6037051556f2f3ca26dcb4e311c165c08d8e9,True,False,NO_ENTRY,ff09f2498192fa0e822678145ada64be74df6e2633d7af4161aea664587f8348
2026-09-11,SPGI,LIVE_SHADOW,-0.0004569493166976242,0.0027901746521939897,0.0,45.09698765420209,0.1515981660897061,0.1866374870239076,0.35885635151669387,0.126364867479697,0.12708534359000065,0.04945778429999488,0.4371584699453552,0.14754098360655737,0.09836065573770492,0.03278688524590164,0.0546448087431694,0.0273224043715847,-0.02060703769370884,0.0,False,0.006751494619993549,46bbbf853561e26625ee3ecbccb6037051556f2f3ca26dcb4e311c165c08d8e9,True,False,NO_ENTRY,ff09f2498192fa0e822678145ada64be74df6e2633d7af4161aea664587f8348
2026-09-11,STLD,LIVE_SHADOW,0.0003926562335014481,0.0032578213985911004,1.0000000000000002,38.58295101976738,0.23845823289627827,0.18906038335922642,0.32356293119192786,0.10111704759465068,0.10821348111529504,0.03958792384262189,0.8415300546448088,0.9836065573770492,0.9562841530054644,0.9398907103825137,0.9617486338797814,0.9453551912568307,0.015149836224792716,0.04354105257132993,True,0.005748055876680037,46bbbf853561e26625ee3ecbccb6037051556f2f3ca26dcb4e311c165c08d8e9,True,False,ELIGIBLE_ENTRY,ff09f2498192fa0e822678145ada64be74df6e2633d7af4161aea664587f8348
2026-09-11,SYK,LIVE_SHADOW,-0.0001896887740110021,0.004144835904750755,0.0,34.00044944500317,0.36827794672477504,0.17048996968462735,0.24534116867628541,0.09128009089415369,0.08584391261910534,0.03876691140105338,0.7650273224043715,0.3770491803278688,0.5519125683060109,0.3989071038251366,0.43169398907103823,0.6338797814207651,-0.006449503571045709,0.0,False,0.006090282368399224,46bbbf853561e26625ee3ecbccb6037051556f2f3ca26dcb4e311c165c08d8e9,True,False,NO_ENTRY,ff09f2498192fa0e822678145ada64be74df6e2633d7af4161aea664587f8348
2026-09-11,T,LIVE_SHADOW,-0.0003639252013795725,0.0033112363473738996,0.0,33.343754115960934,0.23007139126260695,0.20379061984501598,0.3496643033713157,0.11724579510939216,0.06725735754949062,0.031970532862178644,0.4098360655737705,0.2786885245901639,0.29508196721311475,0.273224043715847,0.48633879781420764,0.41530054644808745,-0.012134632431402032,0.0,False,0.012855719686790385,46bbbf853561e26625ee3ecbccb6037051556f2f3ca26dcb4e311c165c08d8e9,True,False,NO_ENTRY,ff09f2498192fa0e822678145ada64be74df6e2633d7af4161aea664587f8348
2026-09-11,TEAM,LIVE_SHADOW,-0.0003868073747203584,0.003456455308449554,0.0,33.254931686078606,0.24177116605613494,0.20647766568154421,0.3726344104707513,0.060169002586780575,0.08376032937307722,0.03518742583171176,0.7868852459016393,0.03278688524590164,0.02185792349726776,0.3825136612021858,0.7431693989071039,0.8032786885245902,-0.012863252821996927,0.0,False,0.0011405417386489778,46bbbf853561e26625ee3ecbccb6037051556f2f3ca26dcb4e311c165c08d8e9,True,False,NO_ENTRY,ff09f2498192fa0e822678145ada64be74df6e2633d7af4161aea664587f8348
2026-09-11,TGT,LIVE_SHADOW,9.060204728036807e-05,0.0027699511368443177,0.48453193414167484,45.44957778509412,0.15351420621195347,0.213037739276712,0.31742953661744916,0.12660656930276334,0.14488762556219945,0.0445243230289227,0.5300546448087432,0.8579234972677595,0.7595628415300546,0.8852459016393442,0.9508196721311475,0.825136612021858,0.004117824795357864,0.0,False,0.007149665900238972,46bbbf853561e26625ee3ecbccb6037051556f2f3ca26dcb4e311c165c08d8e9,True,False,NO_ENTRY,ff09f2498192fa0e822678145ada64be74df6e2633d7af4161aea664587f8348
2026-09-11,TJX,LIVE_SHADOW,-0.00026677027596277905,0.003941329086762655,0.0,34.90034749816664,0.33183167341329106,0.24098462102002455,0.20190576943290361,0.0837370763827255,0.10529767960596673,0.036243180145088615,0.2677595628415301,0.7978142076502732,0.4918032786885246,0.5846994535519126,0.3442622950819672,0.3770491803278688,-0.0093103753332828,0.0,False,0.018413803424248573,46bbbf853561e26625ee3ecbccb6037051556f2f3ca26dcb4e311c165c08d8e9,True,False,NO_ENTRY,ff09f2498192fa0e822678145ada64be74df6e2633d7af4161aea664587f8348
2026-09-11,TM,LIVE_SHADOW,-0.0005093891885267444,0.003475153098821494,0.0,33.01722556430232,0.27055962842781844,0.1784915391829621,0.32220209833261204,0.10465525845748538,0.1069310401117157,0.0171604354874062,0.06557377049180328,0.04371584699453552,0.03278688524590164,0.02185792349726776,0.03278688524590164,0.4426229508196721,-0.01681861773760444,0.0,False,0.018633357460328723,46bbbf853561e26625ee3ecbccb6037051556f2f3ca26dcb4e311c165c08d8e9,True,False,NO_ENTRY,ff09f2498192fa0e822678145ada64be74df6e2633d7af4161aea664587f8348
2026-09-11,TMO,LIVE_SHADOW,-0.00042873408631285016,0.003494408689468076,0.0,38.778672398992654,0.2873570614103487,0.17506115541929965,0.2712385675907638,0.10742935254049425,0.12367841251779267,0.035235450521301045,0.16939890710382513,0.19672131147540983,0.2677595628415301,0.15300546448087432,0.08743169398907104,0.2459016393442623,-0.016625738679407455,0.0,False,0.010615783188111901,46bbbf853561e26625ee3ecbccb6037051556f2f3ca26dcb4e311c165c08d8e9,True,False,NO_ENTRY,ff09f2498192fa0e822678145ada64be74df6e2633d7af4161aea664587f8348
2026-09-11,TMUS,LIVE_SHADOW,-0.00047757556229451487,0.003128451104448043,0.0,37.28765770573432,0.20659664058779384,0.1940476670298783,0.3532075957082163,0.10683638697642026,0.10808097078841819,0.031230738909273182,0.28415300546448086,0.06557377049180328,0.04918032786885246,0.08743169398907104,0.10382513661202186,0.25136612021857924,-0.017807674095461468,0.0,False,0.006122721825094902,46bbbf853561e26625ee3ecbccb6037051556f2f3ca26dcb4e311c165c08d8e9,True,False,NO_ENTRY,ff09f2498192fa0e822678145ada64be74df6e2633d7af4161aea664587f8348
2026-09-11,TSLA,LIVE_SHADOW,-0.00023071729711729788,0.0035997580968524746,0.0,38.01112051275184,0.28863569575926185,0.16274374431287955,0.3323169342656521,0.06365470447364283,0.10600488259411316,0.046644038594450564,0.6666666666666666,0.3825136612021858,0.6721311475409836,0.5027322404371585,0.6557377049180327,0.726775956284153,-0.008769822985101983,0.0,False,0.0029847286781939527,46bbbf853561e26625ee3ecbccb6037051556f2f3ca26dcb4e311c165c08d8e9,True,False,NO_ENTRY,ff09f2498192fa0e822678145ada64be74df6e2633d7af4161aea664587f8348
2026-09-11,TSM,LIVE_SHADOW,-0.00021654679161374113,0.004093775489164289,0.0,32.23366013435038,0.3535913620816654,0.18241524649756452,0.2811752666322258,0.07065700975410048,0.07186345490609043,0.040297660128353216,0.7595628415300546,0.6612021857923497,0.39344262295081966,0.46994535519125685,0.47540983606557374,0.6612021857923497,-0.006980095684061327,0.0,False,0.005889933987230666,46bbbf853561e26625ee3ecbccb6037051556f2f3ca26dcb4e311c165c08d8e9,True,False,NO_ENTRY,ff09f2498192fa0e822678145ada64be74df6e2633d7af4161aea664587f8348
2026-09-11,TTWO,LIVE_SHADOW,0.00035615863383236574,0.0029104023790423247,0.8030157793607738,40.201782626088026,0.16302259030252342,0.20644275625152475,0.35562214819226823,0.12104394477786717,0.11990693013911373,0.03396163033670286,0.6065573770491803,0.9562841530054644,0.9344262295081968,0.9781420765027322,0.9453551912568307,0.7759562841530054,0.014318211977733248,0.05640757295772763,True,0.007879136451597312,46bbbf853561e26625ee3ecbccb6037051556f2f3ca26dcb4e311c165c08d8e9,True,False,ELIGIBLE_ENTRY,ff09f2498192fa0e822678145ada64be74df6e2633d7af4161aea664587f8348
2026-09-11,TXN,LIVE_SHADOW,-9.7647095654315e-05,0.004015444848313581,0.33918332458875167,31.8460566981915,0.33918332458875167,0.16483883007698674,0.32629989661860864,0.058260370412557924,0.07270528875021003,0.03871228955288501,0.819672131147541,0.6830601092896175,0.73224043715847,0.4808743169398907,0.4262295081967213,0.7103825136612022,-0.0031096749446210444,0.0,False,0.005825704716639796,46bbbf853561e26625ee3ecbccb6037051556f2f3ca26dcb4e311c165c08d8e9,True,False,NO_ENTRY,ff09f2498192fa0e822678145ada64be74df6e2633d7af4161aea664587f8348
2026-09-11,UBER,LIVE_SHADOW,-0.00028443294624538336,0.003227411494462965,0.0,39.342737526552995,0.23305919002913636,0.17422020717638267,0.34333201789539697,0.09370425072290312,0.11580384931088059,0.039880484865300346,0.5081967213114754,0.44808743169398907,0.41530054644808745,0.4644808743169399,0.4098360655737705,0.4371584699453552,-0.011190370748036275,0.0,False,0.005461880194201462,46bbbf853561e26625ee3ecbccb6037051556f2f3ca26dcb4e311c165c08d8e9,True,False,NO_ENTRY,ff09f2498192fa0e822678145ada64be74df6e2633d7af4161aea664587f8348
2026-09-11,UL,LIVE_SHADOW,-0.0005013026283051245,0.003406509233154468,0.0,37.22380003019842,0.2617462643959024,0.18080074377423774,0.321397269087061,0.0966994623015803,0.10030779909504961,0.039048461346168815,0.07103825136612021,0.01639344262295082,0.01639344262295082,0.060109289617486336,0.060109289617486336,0.03278688524590164,-0.01866038879064284,0.0,False,0.012864733804693556,46bbbf853561e26625ee3ecbccb6037051556f2f3ca26dcb4e311c165c08d8e9,True,False,NO_ENTRY,ff09f2498192fa0e822678145ada64be74df6e2633d7af4161aea664587f8348
2026-09-11,UNH,LIVE_SHADOW,-0.00031421059662142467,0.003523850986890931,0.0,39.15853004368378,0.2872559639702556,0.17882469284074085,0.28363438672951424,0.08663598424453768,0.12254836736367647,0.041100604851275285,0.3333333333333333,0.3442622950819672,0.3879781420765027,0.40437158469945356,0.2786885245901639,0.32786885245901637,-0.012304025087843864,0.0,False,0.016400310629125767,46bbbf853561e26625ee3ecbccb6037051556f2f3ca26dcb4e311c165c08d8e9,True,False,NO_ENTRY,ff09f2498192fa0e822678145ada64be74df6e2633d7af4161aea664587f8348
2026-09-11,UNP,LIVE_SHADOW,-0.00045375285824644866,0.0032453589140080635,0.0,42.25168197276339,0.2527155843818973,0.16156000139038695,0.3019600749004078,0.1211736991417594,0.11295424800243871,0.049636392183109786,0.2185792349726776,0.2185792349726776,0.1912568306010929,0.04918032786885246,0.12021857923497267,0.01092896174863388,-0.019171821460861337,0.0,False,0.017379702861662523,46bbbf853561e26625ee3ecbccb6037051556f2f3ca26dcb4e311c165c08d8e9,True,False,NO_ENTRY,ff09f2498192fa0e822678145ada64be74df6e2633d7af4161aea664587f8348
2026-09-11,UPS,LIVE_SHADOW,0.00010002024405169307,0.0034578629033255787,0.641848205222282,31.756894460398364,0.25480646774104687,0.19539478787191752,0.3473401154493931,0.09911330190097144,0.07884627722207092,0.024499049814600382,0.20218579234972678,0.907103825136612,0.907103825136612,0.8360655737704918,0.6994535519125683,0.6229508196721312,0.003176332334252904,0.022485523158032966,True,0.014158167843807643,46bbbf853561e26625ee3ecbccb6037051556f2f3ca26dcb4e311c165c08d8e9,True,False,ELIGIBLE_ENTRY,ff09f2498192fa0e822678145ada64be74df6e2633d7af4161aea664587f8348
2026-09-11,USB,LIVE_SHADOW,-0.000217328899987418,0.003721301103735722,0.0,37.557841995503416,0.31843863840137293,0.15977517659216753,0.26986470177370675,0.10445696278039236,0.10952934786907292,0.037935172583287484,0.1912568306010929,0.6885245901639344,0.6666666666666666,0.7540983606557377,0.7595628415300546,0.7213114754098361,-0.00816240448678401,0.0,False,0.026301385596637448,46bbbf853561e26625ee3ecbccb6037051556f2f3ca26dcb4e311c165c08d8e9,True,False,NO_ENTRY,ff09f2498192fa0e822678145ada64be74df6e2633d7af4161aea664587f8348
2026-09-11,V,LIVE_SHADOW,-0.000536698894116039,0.0031611809012377177,0.0,41.12993204137376,0.23017184327628806,0.17495535731427736,0.3247372838085903,0.10389554805043441,0.12417750856099738,0.04206245898941265,0.22950819672131148,0.13114754098360656,0.10382513661202186,0.10382513661202186,0.00546448087431694,0.07650273224043716,-0.022074389041673137,0.0,False,0.022422063371799538,46bbbf853561e26625ee3ecbccb6037051556f2f3ca26dcb4e311c165c08d8e9,True,False,NO_ENTRY,ff09f2498192fa0e822678145ada64be74df6e2633d7af4161aea664587f8348
2026-09-11,VALE,LIVE_SHADOW,-0.00025521530648486845,0.0036471518213311337,0.0,35.546176366287575,0.28513748013986534,0.2523477357353919,0.24101166696709272,0.08153589423750895,0.10141754213055751,0.03854968078958347,0.6338797814207651,0.7814207650273224,0.5355191256830601,0.44808743169398907,0.3879781420765027,0.3825136612021858,-0.009071928295687271,0.0,False,0.011637918430735236,46bbbf853561e26625ee3ecbccb6037051556f2f3ca26dcb4e311c165c08d8e9,True,False,NO_ENTRY,ff09f2498192fa0e822678145ada64be74df6e2633d7af4161aea664587f8348
2026-09-11,VIST,LIVE_SHADOW,0.00045100202841340595,0.0034396358951496726,1.0000000000000002,36.81572090522146,0.2656659786285931,0.1862421081780708,0.3164907850033344,0.09348312185296058,0.0993906869536435,0.038727319383397796,0.9289617486338798,0.994535519125683,0.9617486338797814,0.907103825136612,0.9234972677595629,0.9508196721311475,0.016603964805756714,0.044342205540363375,True,0.0053411587002388265,46bbbf853561e26625ee3ecbccb6037051556f2f3ca26dcb4e311c165c08d8e9,True,False,ELIGIBLE_ENTRY,ff09f2498192fa0e822678145ada64be74df6e2633d7af4161aea664587f8348
2026-09-11,VLO,LIVE_SHADOW,-0.00013041239055061068,0.0032311927286870173,0.3434510114028741,37.677795862452214,0.23058150143776496,0.18175768500716527,0.3434510114028741,0.09794488549631761,0.11285727916610687,0.033407637489771304,0.6721311475409836,0.7704918032786885,0.8032786885245902,0.7431693989071039,0.7978142076502732,0.6830601092896175,-0.004913651429100301,0.0,False,0.008629108466198727,46bbbf853561e26625ee3ecbccb6037051556f2f3ca26dcb4e311c165c08d8e9,True,False,NO_ENTRY,ff09f2498192fa0e822678145ada64be74df6e2633d7af4161aea664587f8348
2026-09-11,VRTX,LIVE_SHADOW,-0.00039282374962895943,0.0033903922089028797,0.0,37.933292206337335,0.2568534413132012,0.18174653645561176,0.33000783931152017,0.09006321095347321,0.09687341472503333,0.04445555724116038,0.2896174863387978,0.24043715846994534,0.22950819672131148,0.30601092896174864,0.2896174863387978,0.18579234972677597,-0.014901098080264415,0.0,False,0.010291069096030716,46bbbf853561e26625ee3ecbccb6037051556f2f3ca26dcb4e311c165c08d8e9,True,False,NO_ENTRY,ff09f2498192fa0e822678145ada64be74df6e2633d7af4161aea664587f8348
2026-09-11,VZ,LIVE_SHADOW,-0.00045417794162496696,0.003054099575270484,0.0,42.670918905186994,0.2124531564597586,0.1863961672583521,0.3197432145959624,0.11343220936377595,0.11958991658047873,0.048385335741672336,0.29508196721311475,0.12568306010928962,0.14754098360655737,0.08196721311475409,0.07103825136612021,0.01639344262295082,-0.019380190115603716,0.0,False,0.012407513410566447,46bbbf853561e26625ee3ecbccb6037051556f2f3ca26dcb4e311c165c08d8e9,True,False,NO_ENTRY,ff09f2498192fa0e822678145ada64be74df6e2633d7af4161aea664587f8348
2026-09-11,WFC,LIVE_SHADOW,-0.0003194394271743774,0.004767495722117408,0.0,29.39972743493005,0.44275554745241247,0.11889380286155923,0.2542630824671793,0.0786022953562356,0.07868694099275683,0.026798330869856567,0.1092896174863388,0.4808743169398907,0.5737704918032787,0.4371584699453552,0.44808743169398907,0.5245901639344263,-0.009391432090896882,0.0,False,0.02351863186966131,46bbbf853561e26625ee3ecbccb6037051556f2f3ca26dcb4e311c165c08d8e9,True,False,NO_ENTRY,ff09f2498192fa0e822678145ada64be74df6e2633d7af4161aea664587f8348
2026-09-11,WM,LIVE_SHADOW,-0.0004015198859773232,0.003679527024758248,0.0,34.68952958011803,0.2945322407237209,0.19029101842320448,0.3169593009609947,0.07072930911239045,0.08633329795589169,0.041154832823797824,0.23497267759562843,0.22950819672131148,0.26229508196721313,0.4098360655737705,0.34972677595628415,0.24043715846994534,-0.013928535961615971,0.0,False,0.02268903091923263,46bbbf853561e26625ee3ecbccb6037051556f2f3ca26dcb4e311c165c08d8e9,True,False,NO_ENTRY,ff09f2498192fa0e822678145ada64be74df6e2633d7af4161aea664587f8348
2026-09-11,WMB,LIVE_SHADOW,-0.00039121603695231334,0.003241758211455311,0.0,40.2890462716805,0.24698597971371833,0.1462369966664165,0.33250138802838014,0.12848442063197926,0.10232373304419758,0.04346748191530821,0.30601092896174864,0.33879781420765026,0.22404371584699453,0.11475409836065574,0.26229508196721313,0.19672131147540983,-0.01576172101499522,0.0,False,0.011592357839183314,46bbbf853561e26625ee3ecbccb6037051556f2f3ca26dcb4e311c165c08d8e9,True,False,NO_ENTRY,ff09f2498192fa0e822678145ada64be74df6e2633d7af4161aea664587f8348
2026-09-11,WMT,LIVE_SHADOW,-0.0004334620269360237,0.0036861799028967855,0.0,36.9556552616908,0.30799904693714864,0.129204355695502,0.32653880392374046,0.0978984072551419,0.09960325275171927,0.03875613343674762,0.09836065573770492,0.3224043715846995,0.14207650273224043,0.18032786885245902,0.1912568306010929,0.16939890710382513,-0.016018873236481424,0.0,False,0.01198616479164348,46bbbf853561e26625ee3ecbccb6037051556f2f3ca26dcb4e311c165c08d8e9,True,False,NO_ENTRY,ff09f2498192fa0e822678145ada64be74df6e2633d7af4161aea664587f8348
2026-09-11,XOM,LIVE_SHADOW,-0.0004126138078872224,0.0038281013599499743,0.0,35.96217105473884,0.331754878100733,0.13637397013609523,0.28830723524981844,0.10887771221750231,0.10075813604338439,0.03392806825246661,0.07650273224043716,0.31693989071038253,0.23497267759562843,0.14207650273224043,0.20765027322404372,0.26229508196721313,-0.014838488338787441,0.0,False,0.017263911841547193,46bbbf853561e26625ee3ecbccb6037051556f2f3ca26dcb4e311c165c08d8e9,True,False,NO_ENTRY,ff09f2498192fa0e822678145ada64be74df6e2633d7af4161aea664587f8348
2026-09-11,YPF,LIVE_SHADOW,0.0002676413032066109,0.003327950342181861,1.0,37.32464658871329,0.24819657474807,0.18429959062493403,0.32761693278585535,0.10567425256309952,0.09449783044580169,0.03971481883223939,0.825136612021858,0.9180327868852459,0.9180327868852459,0.9234972677595629,0.8306010928961749,0.9016393442622951,0.00998961705472941,0.04052718458703472,True,0.008113861495390923,46bbbf853561e26625ee3ecbccb6037051556f2f3ca26dcb4e311c165c08d8e9,True,False,ELIGIBLE_ENTRY,ff09f2498192fa0e822678145ada64be74df6e2633d7af4161aea664587f8348
2026-09-11,ZTS,LIVE_SHADOW,0.00030543563894944387,0.003462147056164537,0.9999999999999999,35.49788375843546,0.26643287804778487,0.17176982689489936,0.3386305535069788,0.09769079233388625,0.08943921752629372,0.03603673169015693,0.8961748633879781,0.9016393442622951,0.9726775956284153,0.9016393442622951,0.825136612021858,0.8688524590163934,0.01084231880711082,0.052242152427021446,True,0.009636712101245167,46bbbf853561e26625ee3ecbccb6037051556f2f3ca26dcb4e311c165c08d8e9,True,False,ELIGIBLE_ENTRY,ff09f2498192fa0e822678145ada64be74df6e2633d7af4161aea664587f8348
