strategy,score,weighting,asof,period_start,period_end,n_holdings,gross_return_1m,turnover,cost,strategy_return_1m
RG_ONLY,RG_ONLY,equal,2014-01-31,2014-01-31,2014-02-28,8,0.053280468584184545,0.5,5e-05,0.053230468584184544
RG_ONLY,RG_ONLY,equal,2014-02-28,2014-02-28,2014-03-31,8,0.011889355492687464,0.125,1.25e-05,0.011876855492687464
RG_ONLY,RG_ONLY,equal,2014-03-31,2014-03-31,2014-04-30,8,-0.01347426391992046,0.0,0.0,-0.01347426391992046
RG_ONLY,RG_ONLY,equal,2014-04-30,2014-04-30,2014-05-30,8,0.05635485561535612,0.125,1.25e-05,0.056342355615356124
RG_ONLY,RG_ONLY,equal,2014-05-30,2014-05-30,2014-06-30,8,0.04153594219760792,0.0,0.0,0.04153594219760792
RG_ONLY,RG_ONLY,equal,2014-06-30,2014-06-30,2014-07-31,8,-0.009643702725029346,0.0,0.0,-0.009643702725029346
RG_ONLY,RG_ONLY,equal,2014-07-31,2014-07-31,2014-08-29,8,0.06898402572161036,0.0,0.0,0.06898402572161036
RG_ONLY,RG_ONLY,equal,2014-08-29,2014-08-29,2014-09-30,8,-0.058090542178603266,0.0,0.0,-0.058090542178603266
RG_ONLY,RG_ONLY,equal,2014-09-30,2014-09-30,2014-10-31,8,-0.029902649852854526,0.0,0.0,-0.029902649852854526
RG_ONLY,RG_ONLY,equal,2014-10-31,2014-10-31,2014-11-28,8,-0.03784672624310918,0.0,0.0,-0.03784672624310918
RG_ONLY,RG_ONLY,equal,2014-11-28,2014-11-28,2014-12-31,8,-0.01968809031703124,0.125,1.25e-05,-0.01970059031703124
RG_ONLY,RG_ONLY,equal,2014-12-31,2014-12-31,2015-01-30,8,-0.0011161951308185786,0.0,0.0,-0.0011161951308185786
RG_ONLY,RG_ONLY,equal,2015-01-30,2015-01-30,2015-02-27,8,0.06754707483697829,0.0,0.0,0.06754707483697829
RG_ONLY,RG_ONLY,equal,2015-02-27,2015-02-27,2015-03-31,8,-0.015750837595058922,0.25,2.5e-05,-0.015775837595058923
RG_ONLY,RG_ONLY,equal,2015-03-31,2015-03-31,2015-04-30,8,0.13074584230170128,0.0,0.0,0.13074584230170128
RG_ONLY,RG_ONLY,equal,2015-04-30,2015-04-30,2015-05-29,8,-0.008001987298216509,0.0,0.0,-0.008001987298216509
RG_ONLY,RG_ONLY,equal,2015-05-29,2015-05-29,2015-06-30,8,0.004076370495480722,0.0,0.0,0.004076370495480722
RG_ONLY,RG_ONLY,equal,2015-06-30,2015-06-30,2015-07-31,8,0.012099899471005482,0.0,0.0,0.012099899471005482
RG_ONLY,RG_ONLY,equal,2015-07-31,2015-07-31,2015-08-31,8,-0.05480206518706164,0.0,0.0,-0.05480206518706164
RG_ONLY,RG_ONLY,equal,2015-08-31,2015-08-31,2015-09-30,8,-0.07508631208642456,0.0,0.0,-0.07508631208642456
RG_ONLY,RG_ONLY,equal,2015-09-30,2015-09-30,2015-10-30,8,0.10480470392246527,0.0,0.0,0.10480470392246527
RG_ONLY,RG_ONLY,equal,2015-10-30,2015-10-30,2015-11-30,8,0.0059356810844934105,0.0,0.0,0.0059356810844934105
RG_ONLY,RG_ONLY,equal,2015-11-30,2015-11-30,2015-12-31,8,-0.05609945572009488,0.0,0.0,-0.05609945572009488
RG_ONLY,RG_ONLY,equal,2015-12-31,2015-12-31,2016-01-29,8,-0.09874622428145224,0.0,0.0,-0.09874622428145224
RG_ONLY,RG_ONLY,equal,2016-01-29,2016-01-29,2016-02-29,8,-0.01258427299961637,0.125,1.25e-05,-0.01259677299961637
RG_ONLY,RG_ONLY,equal,2016-02-29,2016-02-29,2016-03-31,8,0.14557586399347783,0.25,2.5e-05,0.14555086399347783
RG_ONLY,RG_ONLY,equal,2016-03-31,2016-03-31,2016-04-29,8,0.02767934773100153,0.0,0.0,0.02767934773100153
RG_ONLY,RG_ONLY,equal,2016-04-29,2016-04-29,2016-05-31,8,-0.0027589919083830655,0.0,0.0,-0.0027589919083830655
RG_ONLY,RG_ONLY,equal,2016-05-31,2016-05-31,2016-06-30,8,0.032722326981658154,0.125,1.25e-05,0.032709826981658155
RG_ONLY,RG_ONLY,equal,2016-06-30,2016-06-30,2016-07-29,8,0.04304987474757531,0.0,0.0,0.04304987474757531
RG_ONLY,RG_ONLY,equal,2016-07-29,2016-07-29,2016-08-31,8,0.053624965260770985,0.0,0.0,0.053624965260770985
RG_ONLY,RG_ONLY,equal,2016-08-31,2016-08-31,2016-09-30,8,0.027109667426478454,0.0,0.0,0.027109667426478454
RG_ONLY,RG_ONLY,equal,2016-09-30,2016-09-30,2016-10-31,8,0.04073295088235858,0.0,0.0,0.04073295088235858
RG_ONLY,RG_ONLY,equal,2016-10-31,2016-10-31,2016-11-30,8,0.01320189366123399,0.0,0.0,0.01320189366123399
RG_ONLY,RG_ONLY,equal,2016-11-30,2016-11-30,2016-12-30,8,-0.012499572864698022,0.0,0.0,-0.012499572864698022
RG_ONLY,RG_ONLY,equal,2016-12-30,2016-12-30,2017-01-31,8,0.07401074645996616,0.0,0.0,0.07401074645996616
RG_ONLY,RG_ONLY,equal,2017-01-31,2017-01-31,2017-02-28,8,0.020243391304708938,0.0,0.0,0.020243391304708938
RG_ONLY,RG_ONLY,equal,2017-02-28,2017-02-28,2017-03-31,8,0.02512433582297109,0.125,1.25e-05,0.025111835822971093
RG_ONLY,RG_ONLY,equal,2017-03-31,2017-03-31,2017-04-28,8,0.02033521763290276,0.0,0.0,0.02033521763290276
RG_ONLY,RG_ONLY,equal,2017-04-28,2017-04-28,2017-05-31,8,0.040141914930065054,0.0,0.0,0.040141914930065054
RG_ONLY,RG_ONLY,equal,2017-05-31,2017-05-31,2017-06-30,8,-0.005563048811600774,0.0,0.0,-0.005563048811600774
RG_ONLY,RG_ONLY,equal,2017-06-30,2017-06-30,2017-07-31,8,0.08592464758957556,0.0,0.0,0.08592464758957556
RG_ONLY,RG_ONLY,equal,2017-07-31,2017-07-31,2017-08-31,8,0.024517225684796848,0.0,0.0,0.024517225684796848
RG_ONLY,RG_ONLY,equal,2017-08-31,2017-08-31,2017-09-29,8,0.01085630765179818,0.0,0.0,0.01085630765179818
RG_ONLY,RG_ONLY,equal,2017-09-29,2017-09-29,2017-10-31,8,0.040683939750798925,0.0,0.0,0.040683939750798925
RG_ONLY,RG_ONLY,equal,2017-10-31,2017-10-31,2017-11-30,8,-0.0013527619736066337,0.0,0.0,-0.0013527619736066337
RG_ONLY,RG_ONLY,equal,2017-11-30,2017-11-30,2017-12-29,8,0.013041650930173704,0.0,0.0,0.013041650930173704
RG_ONLY,RG_ONLY,equal,2017-12-29,2017-12-29,2018-01-31,8,0.1708214687113684,0.0,0.0,0.1708214687113684
RG_ONLY,RG_ONLY,equal,2018-01-31,2018-01-31,2018-02-28,8,-0.022253481113028883,0.0,0.0,-0.022253481113028883
RG_ONLY,RG_ONLY,equal,2018-02-28,2018-02-28,2018-03-29,8,-0.005533351962359781,0.125,1.25e-05,-0.005545851962359781
RG_ONLY,RG_ONLY,equal,2018-03-29,2018-03-29,2018-04-30,8,0.016608260963710694,0.0,0.0,0.016608260963710694
RG_ONLY,RG_ONLY,equal,2018-04-30,2018-04-30,2018-05-31,8,0.020210167829236764,0.0,0.0,0.020210167829236764
RG_ONLY,RG_ONLY,equal,2018-05-31,2018-05-31,2018-06-29,8,0.0010474054185443116,0.0,0.0,0.0010474054185443116
RG_ONLY,RG_ONLY,equal,2018-06-29,2018-06-29,2018-07-31,8,0.026788585359559094,0.0,0.0,0.026788585359559094
RG_ONLY,RG_ONLY,equal,2018-07-31,2018-07-31,2018-08-31,8,-0.0006773469842313307,0.0,0.0,-0.0006773469842313307
RG_ONLY,RG_ONLY,equal,2018-08-31,2018-08-31,2018-09-28,8,0.03761292787524799,0.0,0.0,0.03761292787524799
RG_ONLY,RG_ONLY,equal,2018-09-28,2018-09-28,2018-10-31,8,-0.04266472044959736,0.0,0.0,-0.04266472044959736
RG_ONLY,RG_ONLY,equal,2018-10-31,2018-10-31,2018-11-30,8,0.008228008345213936,0.0,0.0,0.008228008345213936
RG_ONLY,RG_ONLY,equal,2018-11-30,2018-11-30,2018-12-31,8,-0.10006543700238657,0.0,0.0,-0.10006543700238657
RG_ONLY,RG_ONLY,equal,2018-12-31,2018-12-31,2019-01-31,8,0.1472738030113666,0.125,1.25e-05,0.1472613030113666
RG_ONLY,RG_ONLY,equal,2019-01-31,2019-01-31,2019-02-28,8,0.02597878096770119,0.125,1.25e-05,0.02596628096770119
RG_ONLY,RG_ONLY,equal,2019-02-28,2019-02-28,2019-03-29,17,0.018658345873608186,0.5882352941176471,5.882352941176471e-05,0.01859952234419642
RG_ONLY,RG_ONLY,equal,2019-03-29,2019-03-29,2019-04-30,19,0.04262392279975921,0.21052631578947356,2.105263157894736e-05,0.04260287016818026
RG_ONLY,RG_ONLY,equal,2019-04-30,2019-04-30,2019-05-31,19,-0.08849906332828912,0.05263157894736843,5.263157894736843e-06,-0.08850432648618385
RG_ONLY,RG_ONLY,equal,2019-05-31,2019-05-31,2019-06-28,20,0.08420650291421343,0.050000000000000204,5.000000000000021e-06,0.08420150291421342
RG_ONLY,RG_ONLY,equal,2019-06-28,2019-06-28,2019-07-31,20,-0.003789007788275211,0.0,0.0,-0.003789007788275211
RG_ONLY,RG_ONLY,equal,2019-07-31,2019-07-31,2019-08-30,21,-0.040516904755541,0.047619047619047665,4.761904761904767e-06,-0.0405216666603029
RG_ONLY,RG_ONLY,equal,2019-08-30,2019-08-30,2019-09-30,21,-0.01321486337643751,0.0,0.0,-0.01321486337643751
RG_ONLY,RG_ONLY,equal,2019-09-30,2019-09-30,2019-10-31,22,0.016807146917424225,0.045454545454545206,4.545454545454521e-06,0.01680260146287877
RG_ONLY,RG_ONLY,equal,2019-10-31,2019-10-31,2019-11-29,22,0.04755339779583495,0.0,0.0,0.04755339779583495
RG_ONLY,RG_ONLY,equal,2019-11-29,2019-11-29,2019-12-31,23,0.04078329924683791,0.04347826086956525,4.347826086956526e-06,0.040778951420750956
RG_ONLY,RG_ONLY,equal,2019-12-31,2019-12-31,2020-01-31,23,0.027486985636412966,0.04347826086956522,4.347826086956522e-06,0.02748263781032601
RG_ONLY,RG_ONLY,equal,2020-01-31,2020-01-31,2020-02-28,23,-0.0764637926879122,0.04347826086956522,4.347826086956522e-06,-0.07646814051399915
RG_ONLY,RG_ONLY,equal,2020-02-28,2020-02-28,2020-03-31,27,-0.1293817519267172,0.44444444444444453,4.444444444444445e-05,-0.12942619637116165
RG_ONLY,RG_ONLY,equal,2020-03-31,2020-03-31,2020-04-30,27,0.1766896304189888,0.0,0.0,0.1766896304189888
RG_ONLY,RG_ONLY,equal,2020-04-30,2020-04-30,2020-05-29,27,0.14561781250740777,0.03703703703703704,3.703703703703704e-06,0.14561410880370407
RG_ONLY,RG_ONLY,equal,2020-05-29,2020-05-29,2020-06-30,28,0.051892224021094356,0.03571428571428571,3.5714285714285714e-06,0.05188865259252293
RG_ONLY,RG_ONLY,equal,2020-06-30,2020-06-30,2020-07-31,28,0.06876710480769209,0.0,0.0,0.06876710480769209
RG_ONLY,RG_ONLY,equal,2020-07-31,2020-07-31,2020-08-31,28,0.07401386438939363,0.0,0.0,0.07401386438939363
RG_ONLY,RG_ONLY,equal,2020-08-31,2020-08-31,2020-09-30,28,-0.046914393096958475,0.03571428571428572,3.571428571428572e-06,-0.046917964525529904
RG_ONLY,RG_ONLY,equal,2020-09-30,2020-09-30,2020-10-30,28,-0.030790231151463687,0.0,0.0,-0.030790231151463687
RG_ONLY,RG_ONLY,equal,2020-10-30,2020-10-30,2020-11-30,28,0.12730424474075486,0.0,0.0,0.12730424474075486
RG_ONLY,RG_ONLY,equal,2020-11-30,2020-11-30,2020-12-31,28,0.0514860731621534,0.03571428571428572,3.571428571428572e-06,0.05148250173358197
RG_ONLY,RG_ONLY,equal,2020-12-31,2020-12-31,2021-01-29,28,-0.007972378274285732,0.03571428571428572,3.571428571428572e-06,-0.007975949702857161
RG_ONLY,RG_ONLY,equal,2021-01-29,2021-01-29,2021-02-26,28,0.010227122280158731,0.03571428571428572,3.571428571428572e-06,0.010223550851587302
RG_ONLY,RG_ONLY,equal,2021-02-26,2021-02-26,2021-03-31,28,-0.006985680280780405,0.25,2.5e-05,-0.007010680280780405
RG_ONLY,RG_ONLY,equal,2021-03-31,2021-03-31,2021-04-30,28,0.045977130533965314,0.14285714285714288,1.4285714285714289e-05,0.0459628448196796
RG_ONLY,RG_ONLY,equal,2021-04-30,2021-04-30,2021-05-28,28,0.006961488326313173,0.0,0.0,0.006961488326313173
RG_ONLY,RG_ONLY,equal,2021-05-28,2021-05-28,2021-06-30,28,0.08490453824806768,0.0,0.0,0.08490453824806768
RG_ONLY,RG_ONLY,equal,2021-06-30,2021-06-30,2021-07-30,28,0.0185515580877143,0.0,0.0,0.0185515580877143
RG_ONLY,RG_ONLY,equal,2021-07-30,2021-07-30,2021-08-31,28,0.056960886774983704,0.03571428571428572,3.571428571428572e-06,0.056957315346412275
RG_ONLY,RG_ONLY,equal,2021-08-31,2021-08-31,2021-09-30,28,-0.04884006802411613,0.03571428571428572,3.571428571428572e-06,-0.04884363945268756
RG_ONLY,RG_ONLY,equal,2021-09-30,2021-09-30,2021-10-29,28,0.07117074770204938,0.07142857142857144,7.142857142857144e-06,0.07116360484490653
RG_ONLY,RG_ONLY,equal,2021-10-29,2021-10-29,2021-11-30,28,0.02481087307190381,0.07142857142857144,7.142857142857144e-06,0.02480373021476095
RG_ONLY,RG_ONLY,equal,2021-11-30,2021-11-30,2021-12-31,29,0.01023052839168978,0.06896551724137931,6.896551724137932e-06,0.010223631839965643
RG_ONLY,RG_ONLY,equal,2021-12-31,2021-12-31,2022-01-31,29,-0.09029387454791718,0.06896551724137932,6.8965517241379325e-06,-0.09030077109964132
RG_ONLY,RG_ONLY,equal,2022-01-31,2022-01-31,2022-02-28,29,-0.01444615371510162,0.0,0.0,-0.01444615371510162
RG_ONLY,RG_ONLY,equal,2022-02-28,2022-02-28,2022-03-31,29,0.05695893730009834,0.5862068965517244,5.8620689655172445e-05,0.05690031661044317
RG_ONLY,RG_ONLY,equal,2022-03-31,2022-03-31,2022-04-29,30,-0.1135631197838738,0.03333333333333343,3.333333333333343e-06,-0.11356645311720713
RG_ONLY,RG_ONLY,equal,2022-04-29,2022-04-29,2022-05-31,30,0.004067841989988888,0.03333333333333333,3.3333333333333333e-06,0.004064508656655554
RG_ONLY,RG_ONLY,equal,2022-05-31,2022-05-31,2022-06-30,30,-0.15176382948193656,0.0,0.0,-0.15176382948193656
RG_ONLY,RG_ONLY,equal,2022-06-30,2022-06-30,2022-07-29,30,0.12443032812747501,0.0,0.0,0.12443032812747501
RG_ONLY,RG_ONLY,equal,2022-07-29,2022-07-29,2022-08-31,30,-0.023138600996723033,0.03333333333333333,3.3333333333333333e-06,-0.023141934330056367
RG_ONLY,RG_ONLY,equal,2022-08-31,2022-08-31,2022-09-30,30,-0.10547062527704293,0.03333333333333333,3.3333333333333333e-06,-0.10547395861037626
RG_ONLY,RG_ONLY,equal,2022-09-30,2022-09-30,2022-10-31,30,0.0915777264175294,0.0,0.0,0.0915777264175294
RG_ONLY,RG_ONLY,equal,2022-10-31,2022-10-31,2022-11-30,30,0.06994311694450583,0.03333333333333333,3.3333333333333333e-06,0.0699397836111725
RG_ONLY,RG_ONLY,equal,2022-11-30,2022-11-30,2022-12-30,30,-0.06532135975906755,0.03333333333333333,3.3333333333333333e-06,-0.06532469309240088
RG_ONLY,RG_ONLY,equal,2022-12-30,2022-12-30,2023-01-31,30,0.14371971202600442,0.03333333333333333,3.3333333333333333e-06,0.1437163786926711
RG_ONLY,RG_ONLY,equal,2023-01-31,2023-01-31,2023-02-28,30,-0.003933591721610992,0.0,0.0,-0.003933591721610992
RG_ONLY,RG_ONLY,equal,2023-02-28,2023-02-28,2023-03-31,30,0.03628879068832002,0.33333333333333337,3.333333333333334e-05,0.036255457354986684
RG_ONLY,RG_ONLY,equal,2023-03-31,2023-03-31,2023-04-28,30,-0.028960188087657223,0.03333333333333333,3.3333333333333333e-06,-0.028963521420990557
RG_ONLY,RG_ONLY,equal,2023-04-28,2023-04-28,2023-05-31,30,0.05697799828518158,0.03333333333333333,3.3333333333333333e-06,0.05697466495184825
RG_ONLY,RG_ONLY,equal,2023-05-31,2023-05-31,2023-06-30,30,0.09037367075264609,0.03333333333333333,3.3333333333333333e-06,0.09037033741931276
RG_ONLY,RG_ONLY,equal,2023-06-30,2023-06-30,2023-07-31,30,0.06709892616368751,0.0,0.0,0.06709892616368751
RG_ONLY,RG_ONLY,equal,2023-07-31,2023-07-31,2023-08-31,30,-0.027586348552682556,0.0,0.0,-0.027586348552682556
RG_ONLY,RG_ONLY,equal,2023-08-31,2023-08-31,2023-09-29,30,-0.02934260787997337,0.03333333333333333,3.3333333333333333e-06,-0.029345941213306706
RG_ONLY,RG_ONLY,equal,2023-09-29,2023-09-29,2023-10-31,30,-0.04608426992017316,0.03333333333333333,3.3333333333333333e-06,-0.04608760325350649
RG_ONLY,RG_ONLY,equal,2023-10-31,2023-10-31,2023-11-30,30,0.11984826261297897,0.0,0.0,0.11984826261297897
RG_ONLY,RG_ONLY,equal,2023-11-30,2023-11-30,2023-12-29,30,0.053423124982601,0.06666666666666667,6.666666666666667e-06,0.053416458315934334
RG_ONLY,RG_ONLY,equal,2023-12-29,2023-12-29,2024-01-31,30,0.030835813423109877,0.0,0.0,0.030835813423109877
RG_ONLY,RG_ONLY,equal,2024-01-31,2024-01-31,2024-02-29,30,0.04633785141374208,0.06666666666666667,6.666666666666667e-06,0.04633118474707541
RG_ONLY,RG_ONLY,equal,2024-02-29,2024-02-29,2024-03-28,30,0.012450837513939644,0.4666666666666667,4.666666666666667e-05,0.012404170847272977
RG_ONLY,RG_ONLY,equal,2024-03-28,2024-03-28,2024-04-30,30,-0.048068788244827874,0.06666666666666667,6.666666666666667e-06,-0.04807545491149454
RG_ONLY,RG_ONLY,equal,2024-04-30,2024-04-30,2024-05-31,30,0.0008768489837160567,0.0,0.0,0.0008768489837160567
RG_ONLY,RG_ONLY,equal,2024-05-31,2024-05-31,2024-06-28,30,0.08134667705681178,0.06666666666666667,6.666666666666667e-06,0.08134001039014511
RG_ONLY,RG_ONLY,equal,2024-06-28,2024-06-28,2024-07-31,30,-0.00601845297039879,0.03333333333333333,3.3333333333333333e-06,-0.006021786303732123
RG_ONLY,RG_ONLY,equal,2024-07-31,2024-07-31,2024-08-30,30,0.0428489241866635,0.03333333333333333,3.3333333333333333e-06,0.042845590853330166
RG_ONLY,RG_ONLY,equal,2024-08-30,2024-08-30,2024-09-30,30,0.017545321841426906,0.03333333333333333,3.3333333333333333e-06,0.017541988508093572
RG_ONLY,RG_ONLY,equal,2024-09-30,2024-09-30,2024-10-31,30,0.01268234449485932,0.0,0.0,0.01268234449485932
RG_ONLY,RG_ONLY,equal,2024-10-31,2024-10-31,2024-11-29,30,0.13169840861540805,0.03333333333333333,3.3333333333333333e-06,0.13169507528207472
RG_ONLY,RG_ONLY,equal,2024-11-29,2024-11-29,2024-12-31,30,-0.04493370379452745,0.03333333333333333,3.3333333333333333e-06,-0.044937037127860784
RG_ONLY,RG_ONLY,equal,2024-12-31,2024-12-31,2025-01-31,30,0.0648307002298031,0.06666666666666667,6.666666666666667e-06,0.06482403356313643
RG_ONLY,RG_ONLY,equal,2025-01-31,2025-01-31,2025-02-28,31,-0.02721487704010393,0.09677419354838702,9.677419354838704e-06,-0.027224554459458768
RG_ONLY,RG_ONLY,equal,2025-02-28,2025-02-28,2025-03-31,31,-0.09695212883566043,0.29032258064516137,2.9032258064516136e-05,-0.09698116109372494
RG_ONLY,RG_ONLY,equal,2025-03-31,2025-03-31,2025-04-30,31,0.04608961784401781,0.03225806451612904,3.225806451612904e-06,0.0460863920375662
RG_ONLY,RG_ONLY,equal,2025-04-30,2025-04-30,2025-05-30,31,0.08817916355969255,0.0,0.0,0.08817916355969255
RG_ONLY,RG_ONLY,equal,2025-05-30,2025-05-30,2025-06-30,31,0.1035619152006913,0.0,0.0,0.1035619152006913
RG_ONLY,RG_ONLY,equal,2025-06-30,2025-06-30,2025-07-31,31,0.006398635960799311,0.0,0.0,0.006398635960799311
RG_ONLY,RG_ONLY,equal,2025-07-31,2025-07-31,2025-08-29,31,0.026058454271866618,0.0,0.0,0.026058454271866618
RG_ONLY,RG_ONLY,equal,2025-08-29,2025-08-29,2025-09-30,31,0.04845292668998967,0.06451612903225808,6.451612903225808e-06,0.048446475077086444
RG_ONLY,RG_ONLY,equal,2025-09-30,2025-09-30,2025-10-31,31,0.06267339400030433,0.03225806451612904,3.225806451612904e-06,0.06267016819385272
RG_ONLY,RG_ONLY,equal,2025-10-31,2025-10-31,2025-11-28,31,-0.02994142838906374,0.0,0.0,-0.02994142838906374
RG_ONLY,RG_ONLY,equal,2025-11-28,2025-11-28,2025-12-31,31,0.002559048427040688,0.03225806451612904,3.225806451612904e-06,0.002555822620589075
RG_ONLY,RG_ONLY,equal,2025-12-31,2025-12-31,2026-01-30,31,0.017259828952820917,0.03225806451612904,3.225806451612904e-06,0.017256603146369304
RG_ONLY,RG_ONLY,equal,2026-01-30,2026-01-30,2026-02-27,31,-0.032746789692867095,0.0,0.0,-0.032746789692867095
RG_ONLY,RG_ONLY,equal,2026-02-27,2026-02-27,2026-03-31,31,-0.04406046591770542,0.19354838709677427,1.9354838709677428e-05,-0.044079820756415096
RG_ONLY,RG_ONLY,equal,2026-03-31,2026-03-31,2026-04-30,31,0.14854933778471988,0.06451612903225808,6.451612903225808e-06,0.14854288617181666
RG_ONLY,RG_ONLY,equal,2026-04-30,2026-04-30,2026-05-29,31,0.14386738733473714,0.03225806451612904,3.225806451612904e-06,0.14386416152828552
RG_ONLY,RG_ONLY,equal,2026-05-29,2026-05-29,2026-06-30,31,0.006368580128642217,0.03225806451612904,3.225806451612904e-06,0.006365354322190604
RG_ONLY,RG_ONLY,equal,2026-06-30,2026-06-30,2026-07-31,31,-0.003635815076603902,0.0,0.0,-0.003635815076603902
RG_ONLY,RG_ONLY,equal,2026-07-31,2026-07-31,2026-08-31,31,0.10082188515750731,0.03225806451612904,3.225806451612904e-06,0.1008186593510557
RG_ONLY,RG_ONLY,equal,2026-08-31,2026-08-31,2026-09-02,31,-0.024866506952608777,0.03225806451612904,3.225806451612904e-06,-0.02486973275906039
RG_ONLY,RG_ONLY,equal,2026-09-02,2026-08-31,2026-09-02,31,-0.024866506952608777,0.0,0.0,-0.024866506952608777
SY_ONLY,SY_ONLY,equal,2014-01-31,2014-01-31,2014-02-28,8,0.03666116090620694,0.5,5e-05,0.03661116090620694
SY_ONLY,SY_ONLY,equal,2014-02-28,2014-02-28,2014-03-31,8,0.012801227007341015,0.125,1.25e-05,0.012788727007341015
SY_ONLY,SY_ONLY,equal,2014-03-31,2014-03-31,2014-04-30,8,-0.00956580197378755,0.0,0.0,-0.00956580197378755
SY_ONLY,SY_ONLY,equal,2014-04-30,2014-04-30,2014-05-30,8,0.03564685182600619,0.0,0.0,0.03564685182600619
SY_ONLY,SY_ONLY,equal,2014-05-30,2014-05-30,2014-06-30,8,0.028615124450575874,0.0,0.0,0.028615124450575874
SY_ONLY,SY_ONLY,equal,2014-06-30,2014-06-30,2014-07-31,8,0.000530794414643862,0.0,0.0,0.000530794414643862
SY_ONLY,SY_ONLY,equal,2014-07-31,2014-07-31,2014-08-29,8,0.07486089007634164,0.0,0.0,0.07486089007634164
SY_ONLY,SY_ONLY,equal,2014-08-29,2014-08-29,2014-09-30,8,-0.07617969670173534,0.0,0.0,-0.07617969670173534
SY_ONLY,SY_ONLY,equal,2014-09-30,2014-09-30,2014-10-31,8,-0.008221541871146654,0.0,0.0,-0.008221541871146654
SY_ONLY,SY_ONLY,equal,2014-10-31,2014-10-31,2014-11-28,8,-0.03997699135083471,0.125,1.25e-05,-0.03998949135083471
SY_ONLY,SY_ONLY,equal,2014-11-28,2014-11-28,2014-12-31,8,-0.046676139743431516,0.0,0.0,-0.046676139743431516
SY_ONLY,SY_ONLY,equal,2014-12-31,2014-12-31,2015-01-30,8,-0.02740942094975965,0.0,0.0,-0.02740942094975965
SY_ONLY,SY_ONLY,equal,2015-01-30,2015-01-30,2015-02-27,8,0.06255267645907225,0.0,0.0,0.06255267645907225
SY_ONLY,SY_ONLY,equal,2015-02-27,2015-02-27,2015-03-31,8,-0.05955247719594442,0.125,1.25e-05,-0.05956497719594442
SY_ONLY,SY_ONLY,equal,2015-03-31,2015-03-31,2015-04-30,8,0.16171207147045744,0.0,0.0,0.16171207147045744
SY_ONLY,SY_ONLY,equal,2015-04-30,2015-04-30,2015-05-29,8,-0.013939183249360679,0.125,1.25e-05,-0.013951683249360679
SY_ONLY,SY_ONLY,equal,2015-05-29,2015-05-29,2015-06-30,8,0.012260992226500095,0.0,0.0,0.012260992226500095
SY_ONLY,SY_ONLY,equal,2015-06-30,2015-06-30,2015-07-31,8,-0.026221331518277255,0.0,0.0,-0.026221331518277255
SY_ONLY,SY_ONLY,equal,2015-07-31,2015-07-31,2015-08-31,8,-0.05257680352484609,0.0,0.0,-0.05257680352484609
SY_ONLY,SY_ONLY,equal,2015-08-31,2015-08-31,2015-09-30,8,-0.09601145510477371,0.0,0.0,-0.09601145510477371
SY_ONLY,SY_ONLY,equal,2015-09-30,2015-09-30,2015-10-30,8,0.0682696128326506,0.0,0.0,0.0682696128326506
SY_ONLY,SY_ONLY,equal,2015-10-30,2015-10-30,2015-11-30,8,-0.022417504188338863,0.125,1.25e-05,-0.022430004188338862
SY_ONLY,SY_ONLY,equal,2015-11-30,2015-11-30,2015-12-31,8,-0.03841432748481344,0.125,1.25e-05,-0.038426827484813436
SY_ONLY,SY_ONLY,equal,2015-12-31,2015-12-31,2016-01-29,8,-0.10277698718280084,0.0,0.0,-0.10277698718280084
SY_ONLY,SY_ONLY,equal,2016-01-29,2016-01-29,2016-02-29,8,0.07123934764262049,0.0,0.0,0.07123934764262049
SY_ONLY,SY_ONLY,equal,2016-02-29,2016-02-29,2016-03-31,8,0.1779384447289067,0.0,0.0,0.1779384447289067
SY_ONLY,SY_ONLY,equal,2016-03-31,2016-03-31,2016-04-29,8,0.07868990601574531,0.0,0.0,0.07868990601574531
SY_ONLY,SY_ONLY,equal,2016-04-29,2016-04-29,2016-05-31,8,-0.070594791324596,0.0,0.0,-0.070594791324596
SY_ONLY,SY_ONLY,equal,2016-05-31,2016-05-31,2016-06-30,8,0.06984554012498331,0.0,0.0,0.06984554012498331
SY_ONLY,SY_ONLY,equal,2016-06-30,2016-06-30,2016-07-29,8,0.06848406364291103,0.0,0.0,0.06848406364291103
SY_ONLY,SY_ONLY,equal,2016-07-29,2016-07-29,2016-08-31,8,0.001028767856219262,0.0,0.0,0.001028767856219262
SY_ONLY,SY_ONLY,equal,2016-08-31,2016-08-31,2016-09-30,8,0.013376108189478514,0.0,0.0,0.013376108189478514
SY_ONLY,SY_ONLY,equal,2016-09-30,2016-09-30,2016-10-31,8,0.09585978302676351,0.0,0.0,0.09585978302676351
SY_ONLY,SY_ONLY,equal,2016-10-31,2016-10-31,2016-11-30,8,0.08802822346686193,0.0,0.0,0.08802822346686193
SY_ONLY,SY_ONLY,equal,2016-11-30,2016-11-30,2016-12-30,8,-0.009476212709007406,0.125,1.25e-05,-0.009488712709007406
SY_ONLY,SY_ONLY,equal,2016-12-30,2016-12-30,2017-01-31,8,0.06074998469777096,0.0,0.0,0.06074998469777096
SY_ONLY,SY_ONLY,equal,2017-01-31,2017-01-31,2017-02-28,8,0.015311976122191193,0.0,0.0,0.015311976122191193
SY_ONLY,SY_ONLY,equal,2017-02-28,2017-02-28,2017-03-31,8,-0.018117360948400066,0.0,0.0,-0.018117360948400066
SY_ONLY,SY_ONLY,equal,2017-03-31,2017-03-31,2017-04-28,8,-0.0008980588606460199,0.0,0.0,-0.0008980588606460199
SY_ONLY,SY_ONLY,equal,2017-04-28,2017-04-28,2017-05-31,8,0.011291555754913266,0.0,0.0,0.011291555754913266
SY_ONLY,SY_ONLY,equal,2017-05-31,2017-05-31,2017-06-30,8,-0.011510906246266883,0.0,0.0,-0.011510906246266883
SY_ONLY,SY_ONLY,equal,2017-06-30,2017-06-30,2017-07-31,8,0.08194242429832876,0.0,0.0,0.08194242429832876
SY_ONLY,SY_ONLY,equal,2017-07-31,2017-07-31,2017-08-31,8,0.004187436779780854,0.125,1.25e-05,0.004174936779780853
SY_ONLY,SY_ONLY,equal,2017-08-31,2017-08-31,2017-09-29,8,0.024937679881269395,0.0,0.0,0.024937679881269395
SY_ONLY,SY_ONLY,equal,2017-09-29,2017-09-29,2017-10-31,8,0.027923070313198406,0.0,0.0,0.027923070313198406
SY_ONLY,SY_ONLY,equal,2017-10-31,2017-10-31,2017-11-30,8,0.039828321232129676,0.0,0.0,0.039828321232129676
SY_ONLY,SY_ONLY,equal,2017-11-30,2017-11-30,2017-12-29,8,0.03551575230678389,0.0,0.0,0.03551575230678389
SY_ONLY,SY_ONLY,equal,2017-12-29,2017-12-29,2018-01-31,8,0.13164323846035253,0.0,0.0,0.13164323846035253
SY_ONLY,SY_ONLY,equal,2018-01-31,2018-01-31,2018-02-28,8,-0.004523375040027922,0.0,0.0,-0.004523375040027922
SY_ONLY,SY_ONLY,equal,2018-02-28,2018-02-28,2018-03-29,8,-0.021044143076451374,0.0,0.0,-0.021044143076451374
SY_ONLY,SY_ONLY,equal,2018-03-29,2018-03-29,2018-04-30,8,0.016943165196923113,0.0,0.0,0.016943165196923113
SY_ONLY,SY_ONLY,equal,2018-04-30,2018-04-30,2018-05-31,8,0.010162028012005025,0.0,0.0,0.010162028012005025
SY_ONLY,SY_ONLY,equal,2018-05-31,2018-05-31,2018-06-29,8,-0.0062077047941816454,0.0,0.0,-0.0062077047941816454
SY_ONLY,SY_ONLY,equal,2018-06-29,2018-06-29,2018-07-31,8,0.04108148247377531,0.0,0.0,0.04108148247377531
SY_ONLY,SY_ONLY,equal,2018-07-31,2018-07-31,2018-08-31,8,0.02053318465986828,0.0,0.0,0.02053318465986828
SY_ONLY,SY_ONLY,equal,2018-08-31,2018-08-31,2018-09-28,8,0.03866551437605105,0.125,1.25e-05,0.03865301437605105
SY_ONLY,SY_ONLY,equal,2018-09-28,2018-09-28,2018-10-31,8,-0.08542164699921952,0.0,0.0,-0.08542164699921952
SY_ONLY,SY_ONLY,equal,2018-10-31,2018-10-31,2018-11-30,8,0.021391235331737632,0.125,1.25e-05,0.021378735331737633
SY_ONLY,SY_ONLY,equal,2018-11-30,2018-11-30,2018-12-31,8,-0.07476455592883177,0.125,1.25e-05,-0.07477705592883177
SY_ONLY,SY_ONLY,equal,2018-12-31,2018-12-31,2019-01-31,8,0.0918305329934537,0.125,1.25e-05,0.0918180329934537
SY_ONLY,SY_ONLY,equal,2019-01-31,2019-01-31,2019-02-28,8,0.018439006803961364,0.125,1.25e-05,0.018426506803961365
SY_ONLY,SY_ONLY,equal,2019-02-28,2019-02-28,2019-03-29,18,0.03118572647729172,0.7777777777777778,7.777777777777778e-05,0.031107948699513943
SY_ONLY,SY_ONLY,equal,2019-03-29,2019-03-29,2019-04-30,20,-0.005068969468385599,0.10000000000000006,1.0000000000000006e-05,-0.0050789694683855986
SY_ONLY,SY_ONLY,equal,2019-04-30,2019-04-30,2019-05-31,21,-0.1072538571683273,0.14285714285714282,1.4285714285714282e-05,-0.10726814288261302
SY_ONLY,SY_ONLY,equal,2019-05-31,2019-05-31,2019-06-28,21,0.10243410489560764,0.0,0.0,0.10243410489560764
SY_ONLY,SY_ONLY,equal,2019-06-28,2019-06-28,2019-07-31,22,0.020889317676668018,0.09090909090909069,9.090909090909069e-06,0.020880226767577108
SY_ONLY,SY_ONLY,equal,2019-07-31,2019-07-31,2019-08-30,22,-0.0325876245590037,0.04545454545454546,4.545454545454546e-06,-0.03259217001354915
SY_ONLY,SY_ONLY,equal,2019-08-30,2019-08-30,2019-09-30,23,0.03991473280124846,0.1304347826086957,1.3043478260869571e-05,0.039901689322987585
SY_ONLY,SY_ONLY,equal,2019-09-30,2019-09-30,2019-10-31,23,0.0572459791469661,0.0,0.0,0.0572459791469661
SY_ONLY,SY_ONLY,equal,2019-10-31,2019-10-31,2019-11-29,23,0.02318358749976538,0.0,0.0,0.02318358749976538
SY_ONLY,SY_ONLY,equal,2019-11-29,2019-11-29,2019-12-31,24,0.04974032784574173,0.08333333333333343,8.333333333333342e-06,0.049731994512408395
SY_ONLY,SY_ONLY,equal,2019-12-31,2019-12-31,2020-01-31,24,-0.013658554299575649,0.041666666666666664,4.166666666666667e-06,-0.013662720966242315
SY_ONLY,SY_ONLY,equal,2020-01-31,2020-01-31,2020-02-28,25,-0.06982289388008227,0.03999999999999996,3.9999999999999964e-06,-0.06982689388008227
SY_ONLY,SY_ONLY,equal,2020-02-28,2020-02-28,2020-03-31,26,-0.12343762277534823,0.07692307692307691,7.692307692307692e-06,-0.12344531508304053
SY_ONLY,SY_ONLY,equal,2020-03-31,2020-03-31,2020-04-30,26,0.19222681323206725,0.11538461538461539,1.153846153846154e-05,0.1922152747705288
SY_ONLY,SY_ONLY,equal,2020-04-30,2020-04-30,2020-05-29,26,0.05807126160587801,0.038461538461538464,3.846153846153847e-06,0.05806741545203186
SY_ONLY,SY_ONLY,equal,2020-05-29,2020-05-29,2020-06-30,27,0.05640014307633786,0.03703703703703701,3.7037037037037008e-06,0.05639643937263415
SY_ONLY,SY_ONLY,equal,2020-06-30,2020-06-30,2020-07-31,27,0.06696198409492499,0.03703703703703704,3.703703703703704e-06,0.06695828039122129
SY_ONLY,SY_ONLY,equal,2020-07-31,2020-07-31,2020-08-31,27,0.08407406856691324,0.0,0.0,0.08407406856691324
SY_ONLY,SY_ONLY,equal,2020-08-31,2020-08-31,2020-09-30,27,-0.04361111977895247,0.07407407407407408,7.407407407407408e-06,-0.043618527186359876
SY_ONLY,SY_ONLY,equal,2020-09-30,2020-09-30,2020-10-30,27,-0.016603396371973826,0.0,0.0,-0.016603396371973826
SY_ONLY,SY_ONLY,equal,2020-10-30,2020-10-30,2020-11-30,27,0.20786100656467946,0.03703703703703704,3.703703703703704e-06,0.20785730286097576
SY_ONLY,SY_ONLY,equal,2020-11-30,2020-11-30,2020-12-31,27,0.0438333392263974,0.07407407407407408,7.407407407407408e-06,0.04382593181898999
SY_ONLY,SY_ONLY,equal,2020-12-31,2020-12-31,2021-01-29,27,-0.008474389915037225,0.03703703703703704,3.703703703703704e-06,-0.008478093618740929
SY_ONLY,SY_ONLY,equal,2021-01-29,2021-01-29,2021-02-26,27,0.07125870785975402,0.03703703703703704,3.703703703703704e-06,0.07125500415605032
SY_ONLY,SY_ONLY,equal,2021-02-26,2021-02-26,2021-03-31,27,0.066490322987883,0.07407407407407408,7.407407407407408e-06,0.06648291558047559
SY_ONLY,SY_ONLY,equal,2021-03-31,2021-03-31,2021-04-30,27,0.03868163818158497,0.0,0.0,0.03868163818158497
SY_ONLY,SY_ONLY,equal,2021-04-30,2021-04-30,2021-05-28,27,0.0513561821700185,0.03703703703703704,3.703703703703704e-06,0.05135247846631479
SY_ONLY,SY_ONLY,equal,2021-05-28,2021-05-28,2021-06-30,27,0.035324380467973746,0.0,0.0,0.035324380467973746
SY_ONLY,SY_ONLY,equal,2021-06-30,2021-06-30,2021-07-30,27,0.013615870918740426,0.03703703703703704,3.703703703703704e-06,0.013612167215036722
SY_ONLY,SY_ONLY,equal,2021-07-30,2021-07-30,2021-08-31,27,0.015835645610046283,0.03703703703703704,3.703703703703704e-06,0.01583194190634258
SY_ONLY,SY_ONLY,equal,2021-08-31,2021-08-31,2021-09-30,27,-0.03806222758174295,0.03703703703703704,3.703703703703704e-06,-0.03806593128544666
SY_ONLY,SY_ONLY,equal,2021-09-30,2021-09-30,2021-10-29,27,0.05978858597474521,0.07407407407407408,7.407407407407408e-06,0.059781178567337806
SY_ONLY,SY_ONLY,equal,2021-10-29,2021-10-29,2021-11-30,27,0.002926477666625456,0.11111111111111112,1.1111111111111112e-05,0.002915366555514345
SY_ONLY,SY_ONLY,equal,2021-11-30,2021-11-30,2021-12-31,27,0.062595510191929,0.03703703703703704,3.703703703703704e-06,0.0625918064882253
SY_ONLY,SY_ONLY,equal,2021-12-31,2021-12-31,2022-01-31,27,-0.01850894969658778,0.11111111111111113,1.1111111111111113e-05,-0.018520060807698892
SY_ONLY,SY_ONLY,equal,2022-01-31,2022-01-31,2022-02-28,27,0.03018844278009093,0.07407407407407408,7.407407407407408e-06,0.03018103537268352
SY_ONLY,SY_ONLY,equal,2022-02-28,2022-02-28,2022-03-31,28,0.06111759948086051,0.1428571428571429,1.428571428571429e-05,0.061103313766574796
SY_ONLY,SY_ONLY,equal,2022-03-31,2022-03-31,2022-04-29,28,-0.09099528097920355,0.07142857142857144,7.142857142857144e-06,-0.09100242383634641
SY_ONLY,SY_ONLY,equal,2022-04-29,2022-04-29,2022-05-31,28,0.01246521013733375,0.03571428571428572,3.571428571428572e-06,0.01246163870876232
SY_ONLY,SY_ONLY,equal,2022-05-31,2022-05-31,2022-06-30,28,-0.11713019136357063,0.03571428571428572,3.571428571428572e-06,-0.11713376279214205
SY_ONLY,SY_ONLY,equal,2022-06-30,2022-06-30,2022-07-29,28,0.1256974719346643,0.0,0.0,0.1256974719346643
SY_ONLY,SY_ONLY,equal,2022-07-29,2022-07-29,2022-08-31,28,-0.030221949807492616,0.03571428571428572,3.571428571428572e-06,-0.030225521236064045
SY_ONLY,SY_ONLY,equal,2022-08-31,2022-08-31,2022-09-30,28,-0.10565098829955097,0.03571428571428572,3.571428571428572e-06,-0.10565455972812239
SY_ONLY,SY_ONLY,equal,2022-09-30,2022-09-30,2022-10-31,28,0.11338965516271242,0.03571428571428572,3.571428571428572e-06,0.113386083734141
SY_ONLY,SY_ONLY,equal,2022-10-31,2022-10-31,2022-11-30,28,0.10827028300263479,0.03571428571428572,3.571428571428572e-06,0.10826671157406337
SY_ONLY,SY_ONLY,equal,2022-11-30,2022-11-30,2022-12-30,28,-0.05455749080001218,0.03571428571428572,3.571428571428572e-06,-0.05456106222858361
SY_ONLY,SY_ONLY,equal,2022-12-30,2022-12-30,2023-01-31,28,0.11357090798838378,0.07142857142857144,7.142857142857144e-06,0.11356376513124092
SY_ONLY,SY_ONLY,equal,2023-01-31,2023-01-31,2023-02-28,28,-0.027686015361797742,0.07142857142857144,7.142857142857144e-06,-0.0276931582189406
SY_ONLY,SY_ONLY,equal,2023-02-28,2023-02-28,2023-03-31,28,0.027818865465101827,0.07142857142857144,7.142857142857144e-06,0.02781172260795897
SY_ONLY,SY_ONLY,equal,2023-03-31,2023-03-31,2023-04-28,28,-0.0023269591262903896,0.0,0.0,-0.0023269591262903896
SY_ONLY,SY_ONLY,equal,2023-04-28,2023-04-28,2023-05-31,28,-0.013916781297377,0.0,0.0,-0.013916781297377
SY_ONLY,SY_ONLY,equal,2023-05-31,2023-05-31,2023-06-30,28,0.0830958484493689,0.03571428571428572,3.571428571428572e-06,0.08309227702079748
SY_ONLY,SY_ONLY,equal,2023-06-30,2023-06-30,2023-07-31,28,0.04318677898364373,0.0,0.0,0.04318677898364373
SY_ONLY,SY_ONLY,equal,2023-07-31,2023-07-31,2023-08-31,28,-0.022297989311635364,0.03571428571428572,3.571428571428572e-06,-0.022301560740206793
SY_ONLY,SY_ONLY,equal,2023-08-31,2023-08-31,2023-09-29,28,-0.02404471138143786,0.03571428571428572,3.571428571428572e-06,-0.02404828281000929
SY_ONLY,SY_ONLY,equal,2023-09-29,2023-09-29,2023-10-31,28,-0.01172498432852321,0.07142857142857144,7.142857142857144e-06,-0.011732127185666066
SY_ONLY,SY_ONLY,equal,2023-10-31,2023-10-31,2023-11-30,28,0.08630842597749656,0.03571428571428572,3.571428571428572e-06,0.08630485454892514
SY_ONLY,SY_ONLY,equal,2023-11-30,2023-11-30,2023-12-29,28,0.0468057652139692,0.0,0.0,0.0468057652139692
SY_ONLY,SY_ONLY,equal,2023-12-29,2023-12-29,2024-01-31,28,0.03317747976048758,0.03571428571428572,3.571428571428572e-06,0.03317390833191615
SY_ONLY,SY_ONLY,equal,2024-01-31,2024-01-31,2024-02-29,28,0.054080713095784765,0.03571428571428572,3.571428571428572e-06,0.054077141667213335
SY_ONLY,SY_ONLY,equal,2024-02-29,2024-02-29,2024-03-28,28,0.05869427681631566,0.03571428571428572,3.571428571428572e-06,0.05869070538774423
SY_ONLY,SY_ONLY,equal,2024-03-28,2024-03-28,2024-04-30,28,-0.03949936466878502,0.07142857142857144,7.142857142857144e-06,-0.03950650752592788
SY_ONLY,SY_ONLY,equal,2024-04-30,2024-04-30,2024-05-31,28,0.016393097413217293,0.07142857142857144,7.142857142857144e-06,0.016385954556074434
SY_ONLY,SY_ONLY,equal,2024-05-31,2024-05-31,2024-06-28,28,0.0075690735523598375,0.0,0.0,0.0075690735523598375
SY_ONLY,SY_ONLY,equal,2024-06-28,2024-06-28,2024-07-31,28,0.021536629159177503,0.07142857142857144,7.142857142857144e-06,0.021529486302034644
SY_ONLY,SY_ONLY,equal,2024-07-31,2024-07-31,2024-08-30,28,0.006318500085297144,0.07142857142857144,7.142857142857144e-06,0.006311357228154286
SY_ONLY,SY_ONLY,equal,2024-08-30,2024-08-30,2024-09-30,28,0.004211433974871862,0.0,0.0,0.004211433974871862
SY_ONLY,SY_ONLY,equal,2024-09-30,2024-09-30,2024-10-31,28,-0.037579141556126884,0.07142857142857144,7.142857142857144e-06,-0.03758628441326974
SY_ONLY,SY_ONLY,equal,2024-10-31,2024-10-31,2024-11-29,28,0.05997498790987973,0.03571428571428572,3.571428571428572e-06,0.0599714164813083
SY_ONLY,SY_ONLY,equal,2024-11-29,2024-11-29,2024-12-31,28,-0.0580098132928968,0.03571428571428572,3.571428571428572e-06,-0.05801338472146823
SY_ONLY,SY_ONLY,equal,2024-12-31,2024-12-31,2025-01-31,28,0.0449658405799357,0.07142857142857144,7.142857142857144e-06,0.04495869772279284
SY_ONLY,SY_ONLY,equal,2025-01-31,2025-01-31,2025-02-28,29,0.02950904837364438,0.13793103448275862,1.3793103448275863e-05,0.029495255270196103
SY_ONLY,SY_ONLY,equal,2025-02-28,2025-02-28,2025-03-31,29,-0.01625808049005789,0.06896551724137932,6.8965517241379325e-06,-0.01626497704178203
SY_ONLY,SY_ONLY,equal,2025-03-31,2025-03-31,2025-04-30,29,-0.040965198841797786,0.06896551724137932,6.8965517241379325e-06,-0.04097209539352192
SY_ONLY,SY_ONLY,equal,2025-04-30,2025-04-30,2025-05-30,29,0.0017681442853264887,0.06896551724137932,6.8965517241379325e-06,0.0017612477336023508
SY_ONLY,SY_ONLY,equal,2025-05-30,2025-05-30,2025-06-30,29,0.04295933019221013,0.03448275862068966,3.4482758620689663e-06,0.042955881916348054
SY_ONLY,SY_ONLY,equal,2025-06-30,2025-06-30,2025-07-31,29,-0.0064707864585649205,0.03448275862068966,3.4482758620689663e-06,-0.006474234734426989
SY_ONLY,SY_ONLY,equal,2025-07-31,2025-07-31,2025-08-29,29,0.05474673732054609,0.06896551724137932,6.8965517241379325e-06,0.054739840768821955
SY_ONLY,SY_ONLY,equal,2025-08-29,2025-08-29,2025-09-30,29,0.009041167961073139,0.06896551724137932,6.8965517241379325e-06,0.009034271409349
SY_ONLY,SY_ONLY,equal,2025-09-30,2025-09-30,2025-10-31,29,0.00021532420306096976,0.03448275862068966,3.4482758620689663e-06,0.0002118759271989008
SY_ONLY,SY_ONLY,equal,2025-10-31,2025-10-31,2025-11-28,29,0.011313284258923069,0.03448275862068966,3.4482758620689663e-06,0.011309835983061
SY_ONLY,SY_ONLY,equal,2025-11-28,2025-11-28,2025-12-31,29,-0.00710240266467712,0.03448275862068966,3.4482758620689663e-06,-0.0071058509405391886
SY_ONLY,SY_ONLY,equal,2025-12-31,2025-12-31,2026-01-30,29,0.08082209513524391,0.0,0.0,0.08082209513524391
SY_ONLY,SY_ONLY,equal,2026-01-30,2026-01-30,2026-02-27,29,0.0748603171078251,0.06896551724137932,6.8965517241379325e-06,0.07485342055610096
SY_ONLY,SY_ONLY,equal,2026-02-27,2026-02-27,2026-03-31,29,-0.010771452606849837,0.10344827586206898,1.0344827586206898e-05,-0.010781797434436044
SY_ONLY,SY_ONLY,equal,2026-03-31,2026-03-31,2026-04-30,29,0.03539880594059206,0.06896551724137932,6.8965517241379325e-06,0.03539190938886792
SY_ONLY,SY_ONLY,equal,2026-04-30,2026-04-30,2026-05-29,29,-0.01719025272709123,0.03448275862068966,3.4482758620689663e-06,-0.0171937010029533
SY_ONLY,SY_ONLY,equal,2026-05-29,2026-05-29,2026-06-30,29,-0.05171369216908962,0.06896551724137932,6.8965517241379325e-06,-0.05172058872081376
SY_ONLY,SY_ONLY,equal,2026-06-30,2026-06-30,2026-07-31,29,0.08706174224858847,0.06896551724137932,6.8965517241379325e-06,0.08705484569686432
SY_ONLY,SY_ONLY,equal,2026-07-31,2026-07-31,2026-08-31,29,0.021927719172505224,0.06896551724137932,6.8965517241379325e-06,0.021920822620781086
SY_ONLY,SY_ONLY,equal,2026-08-31,2026-08-31,2026-09-02,29,0.008001309171690188,0.03448275862068966,3.4482758620689663e-06,0.007997860895828119
SY_ONLY,SY_ONLY,equal,2026-09-02,2026-08-31,2026-09-02,29,0.008001309171690188,0.0,0.0,0.008001309171690188
TREND_ONLY,TREND_ONLY,equal,2014-01-31,2014-01-31,2014-02-28,32,0.0850426660816582,0.5,5e-05,0.0849926660816582
TREND_ONLY,TREND_ONLY,equal,2014-02-28,2014-02-28,2014-03-31,32,-0.012122295490340239,0.78125,7.8125e-05,-0.012200420490340239
TREND_ONLY,TREND_ONLY,equal,2014-03-31,2014-03-31,2014-04-30,32,-0.012643801654375158,0.9375,9.375e-05,-0.012737551654375158
TREND_ONLY,TREND_ONLY,equal,2014-04-30,2014-04-30,2014-05-30,32,0.01567256286763405,0.71875,7.1875e-05,0.015600687867634048
TREND_ONLY,TREND_ONLY,equal,2014-05-30,2014-05-30,2014-06-30,32,0.032095777916277504,0.59375,5.9375e-05,0.032036402916277504
TREND_ONLY,TREND_ONLY,equal,2014-06-30,2014-06-30,2014-07-31,33,-0.015369781648414281,0.5757575757575757,5.757575757575757e-05,-0.01542735740599004
TREND_ONLY,TREND_ONLY,equal,2014-07-31,2014-07-31,2014-08-29,33,0.05191144638198037,0.6666666666666665,6.666666666666666e-05,0.051844779715313705
TREND_ONLY,TREND_ONLY,equal,2014-08-29,2014-08-29,2014-09-30,33,-0.026187940962114006,0.303030303030303,3.03030303030303e-05,-0.026218243992417036
TREND_ONLY,TREND_ONLY,equal,2014-09-30,2014-09-30,2014-10-31,33,0.019357047294237893,0.606060606060606,6.06060606060606e-05,0.019296441233631834
TREND_ONLY,TREND_ONLY,equal,2014-10-31,2014-10-31,2014-11-28,33,0.041196851092751875,0.3939393939393939,3.939393939393939e-05,0.04115745715335794
TREND_ONLY,TREND_ONLY,equal,2014-11-28,2014-11-28,2014-12-31,33,-0.00021609603670876823,0.4242424242424242,4.242424242424242e-05,-0.00025852027913301064
TREND_ONLY,TREND_ONLY,equal,2014-12-31,2014-12-31,2015-01-30,33,-0.01945521002278657,0.36363636363636365,3.6363636363636364e-05,-0.019491573659150205
TREND_ONLY,TREND_ONLY,equal,2015-01-30,2015-01-30,2015-02-27,33,0.07841357419615592,0.3939393939393939,3.939393939393939e-05,0.07837418025676199
TREND_ONLY,TREND_ONLY,equal,2015-02-27,2015-02-27,2015-03-31,33,0.005407579597374981,0.2727272727272727,2.7272727272727273e-05,0.005380306870102254
TREND_ONLY,TREND_ONLY,equal,2015-03-31,2015-03-31,2015-04-30,33,-0.01001352470537306,0.3333333333333333,3.3333333333333335e-05,-0.010046858038706393
TREND_ONLY,TREND_ONLY,equal,2015-04-30,2015-04-30,2015-05-29,33,0.04374761009893677,0.5151515151515151,5.151515151515152e-05,0.04369609494742162
TREND_ONLY,TREND_ONLY,equal,2015-05-29,2015-05-29,2015-06-30,33,-0.020317552225672414,0.33333333333333326,3.333333333333333e-05,-0.020350885559005747
TREND_ONLY,TREND_ONLY,equal,2015-06-30,2015-06-30,2015-07-31,33,0.02096725617101401,0.4545454545454546,4.545454545454546e-05,0.020921801625559462
TREND_ONLY,TREND_ONLY,equal,2015-07-31,2015-07-31,2015-08-31,33,-0.08061650589644784,0.4242424242424242,4.242424242424242e-05,-0.08065893013887208
TREND_ONLY,TREND_ONLY,equal,2015-08-31,2015-08-31,2015-09-30,33,-0.006621511530258526,0.45454545454545453,4.545454545454546e-05,-0.006666966075713072
TREND_ONLY,TREND_ONLY,equal,2015-09-30,2015-09-30,2015-10-30,33,0.0671565319062046,0.303030303030303,3.03030303030303e-05,0.06712622887590157
TREND_ONLY,TREND_ONLY,equal,2015-10-30,2015-10-30,2015-11-30,33,0.01616645976667321,0.33333333333333326,3.333333333333333e-05,0.016133126433339876
TREND_ONLY,TREND_ONLY,equal,2015-11-30,2015-11-30,2015-12-31,33,-0.00566554893455981,0.3939393939393939,3.939393939393939e-05,-0.00570494287395375
TREND_ONLY,TREND_ONLY,equal,2015-12-31,2015-12-31,2016-01-29,33,-0.07561721725040338,0.36363636363636365,3.6363636363636364e-05,-0.07565358088676702
TREND_ONLY,TREND_ONLY,equal,2016-01-29,2016-01-29,2016-02-29,34,-0.0010936599983063313,0.38235294117647056,3.8235294117647055e-05,-0.0011318952924239784
TREND_ONLY,TREND_ONLY,equal,2016-02-29,2016-02-29,2016-03-31,34,0.08758543616509107,0.47058823529411764,4.705882352941177e-05,0.08753837734156165
TREND_ONLY,TREND_ONLY,equal,2016-03-31,2016-03-31,2016-04-29,34,0.08909808781926286,0.5588235294117645,5.588235294117645e-05,0.08904220546632167
TREND_ONLY,TREND_ONLY,equal,2016-04-29,2016-04-29,2016-05-31,34,-0.025609779221349646,0.5,5e-05,-0.025659779221349648
TREND_ONLY,TREND_ONLY,equal,2016-05-31,2016-05-31,2016-06-30,34,0.011349121890727315,0.5,5e-05,0.011299121890727315
TREND_ONLY,TREND_ONLY,equal,2016-06-30,2016-06-30,2016-07-29,34,0.07158466346071754,0.4411764705882353,4.411764705882353e-05,0.07154054581365872
TREND_ONLY,TREND_ONLY,equal,2016-07-29,2016-07-29,2016-08-31,34,0.022406994311542,0.38235294117647056,3.8235294117647055e-05,0.022368759017424352
TREND_ONLY,TREND_ONLY,equal,2016-08-31,2016-08-31,2016-09-30,34,0.03459368039119422,0.3529411764705882,3.529411764705882e-05,0.03455838627354716
TREND_ONLY,TREND_ONLY,equal,2016-09-30,2016-09-30,2016-10-31,34,0.001859216082923777,0.3529411764705882,3.529411764705882e-05,0.001823921965276718
TREND_ONLY,TREND_ONLY,equal,2016-10-31,2016-10-31,2016-11-30,34,0.05219685884762609,0.32352941176470584,3.2352941176470585e-05,0.052164505906449624
TREND_ONLY,TREND_ONLY,equal,2016-11-30,2016-11-30,2016-12-30,34,0.017253350171982526,0.4117647058823529,4.11764705882353e-05,0.01721217370139429
TREND_ONLY,TREND_ONLY,equal,2016-12-30,2016-12-30,2017-01-31,34,0.0333283601946497,0.4117647058823529,4.11764705882353e-05,0.03328718372406147
TREND_ONLY,TREND_ONLY,equal,2017-01-31,2017-01-31,2017-02-28,34,0.03607100651669026,0.4117647058823529,4.11764705882353e-05,0.03602983004610203
TREND_ONLY,TREND_ONLY,equal,2017-02-28,2017-02-28,2017-03-31,34,0.015991564347033672,0.2941176470588235,2.941176470588235e-05,0.01596215258232779
TREND_ONLY,TREND_ONLY,equal,2017-03-31,2017-03-31,2017-04-28,34,0.030072901014205646,0.4411764705882353,4.411764705882353e-05,0.030028783367146823
TREND_ONLY,TREND_ONLY,equal,2017-04-28,2017-04-28,2017-05-31,34,0.06564729419087745,0.3529411764705882,3.529411764705882e-05,0.06561200007323038
TREND_ONLY,TREND_ONLY,equal,2017-05-31,2017-05-31,2017-06-30,34,-0.029482387493803518,0.38235294117647056,3.8235294117647055e-05,-0.029520622787921166
TREND_ONLY,TREND_ONLY,equal,2017-06-30,2017-06-30,2017-07-31,34,0.040670494706370214,0.47058823529411764,4.705882352941177e-05,0.0406234358828408
TREND_ONLY,TREND_ONLY,equal,2017-07-31,2017-07-31,2017-08-31,34,0.020530215874062785,0.5,5e-05,0.020480215874062783
TREND_ONLY,TREND_ONLY,equal,2017-08-31,2017-08-31,2017-09-29,34,0.014936923548197109,0.47058823529411764,4.705882352941177e-05,0.014889864724667697
TREND_ONLY,TREND_ONLY,equal,2017-09-29,2017-09-29,2017-10-31,34,0.05271229719265943,0.5294117647058822,5.294117647058823e-05,0.05265935601618884
TREND_ONLY,TREND_ONLY,equal,2017-10-31,2017-10-31,2017-11-30,34,0.01814574986260501,0.32352941176470584,3.2352941176470585e-05,0.01811339692142854
TREND_ONLY,TREND_ONLY,equal,2017-11-30,2017-11-30,2017-12-29,34,0.003966764069746173,0.4411764705882353,4.411764705882353e-05,0.003922646422687349
TREND_ONLY,TREND_ONLY,equal,2017-12-29,2017-12-29,2018-01-31,34,0.08898223638939494,0.4411764705882353,4.411764705882353e-05,0.08893811874233612
TREND_ONLY,TREND_ONLY,equal,2018-01-31,2018-01-31,2018-02-28,34,-0.025267281631033714,0.4411764705882353,4.411764705882353e-05,-0.025311399278092537
TREND_ONLY,TREND_ONLY,equal,2018-02-28,2018-02-28,2018-03-29,34,-0.03649396783795131,0.47058823529411764,4.705882352941177e-05,-0.03654102666148072
TREND_ONLY,TREND_ONLY,equal,2018-03-29,2018-03-29,2018-04-30,34,-0.0037711699392410504,0.47058823529411764,4.705882352941177e-05,-0.003818228762770462
TREND_ONLY,TREND_ONLY,equal,2018-04-30,2018-04-30,2018-05-31,34,0.03686077019465836,0.4411764705882353,4.411764705882353e-05,0.036816652547599533
TREND_ONLY,TREND_ONLY,equal,2018-05-31,2018-05-31,2018-06-29,34,-0.0055614197483451686,0.3529411764705882,3.529411764705882e-05,-0.005596713865992227
TREND_ONLY,TREND_ONLY,equal,2018-06-29,2018-06-29,2018-07-31,34,0.011820203675351618,0.47058823529411764,4.705882352941177e-05,0.011773144851822206
TREND_ONLY,TREND_ONLY,equal,2018-07-31,2018-07-31,2018-08-31,34,0.08877824959175225,0.38235294117647056,3.8235294117647055e-05,0.0887400142976346
TREND_ONLY,TREND_ONLY,equal,2018-08-31,2018-08-31,2018-09-28,34,0.030548405813505722,0.38235294117647056,3.8235294117647055e-05,0.030510170519388074
TREND_ONLY,TREND_ONLY,equal,2018-09-28,2018-09-28,2018-10-31,34,-0.10433536357160109,0.3529411764705882,3.529411764705882e-05,-0.10437065768924815
TREND_ONLY,TREND_ONLY,equal,2018-10-31,2018-10-31,2018-11-30,34,-0.0009667889554097436,0.5588235294117645,5.588235294117645e-05,-0.00102267130835092
TREND_ONLY,TREND_ONLY,equal,2018-11-30,2018-11-30,2018-12-31,34,-0.07008023514505908,0.4411764705882353,4.411764705882353e-05,-0.0701243527921179
TREND_ONLY,TREND_ONLY,equal,2018-12-31,2018-12-31,2019-01-31,34,0.05435888925096502,0.5,5e-05,0.05430888925096502
TREND_ONLY,TREND_ONLY,equal,2019-01-31,2019-01-31,2019-02-28,34,0.06580967141853167,0.5294117647058822,5.294117647058823e-05,0.06575673024206108
TREND_ONLY,TREND_ONLY,equal,2019-02-28,2019-02-28,2019-03-29,34,0.04780692268016928,0.38235294117647056,3.8235294117647055e-05,0.04776868738605163
TREND_ONLY,TREND_ONLY,equal,2019-03-29,2019-03-29,2019-04-30,34,0.03815885875228512,0.47058823529411764,4.705882352941177e-05,0.038111799928755706
TREND_ONLY,TREND_ONLY,equal,2019-04-30,2019-04-30,2019-05-31,34,-0.08427092933519696,0.38235294117647056,3.8235294117647055e-05,-0.0843091646293146
TREND_ONLY,TREND_ONLY,equal,2019-05-31,2019-05-31,2019-06-28,34,0.06753382449906134,0.6176470588235291,6.176470588235291e-05,0.06747205979317898
TREND_ONLY,TREND_ONLY,equal,2019-06-28,2019-06-28,2019-07-31,35,0.02316929984173988,0.34285714285714286,3.428571428571429e-05,0.023135014127454164
TREND_ONLY,TREND_ONLY,equal,2019-07-31,2019-07-31,2019-08-30,35,0.013513298592841828,0.45714285714285713,4.5714285714285716e-05,0.013467584307127542
TREND_ONLY,TREND_ONLY,equal,2019-08-30,2019-08-30,2019-09-30,35,-0.013455222608050751,0.42857142857142855,4.2857142857142856e-05,-0.013498079750907895
TREND_ONLY,TREND_ONLY,equal,2019-09-30,2019-09-30,2019-10-31,35,0.01512891465635382,0.4285714285714286,4.285714285714286e-05,0.015086057513496677
TREND_ONLY,TREND_ONLY,equal,2019-10-31,2019-10-31,2019-11-29,35,0.01819585111835634,0.5142857142857142,5.142857142857143e-05,0.01814442254692777
TREND_ONLY,TREND_ONLY,equal,2019-11-29,2019-11-29,2019-12-31,35,0.06495986168066191,0.6,6e-05,0.0648998616806619
TREND_ONLY,TREND_ONLY,equal,2019-12-31,2019-12-31,2020-01-31,35,0.0031656490308315296,0.39999999999999997,3.9999999999999996e-05,0.0031256490308315295
TREND_ONLY,TREND_ONLY,equal,2020-01-31,2020-01-31,2020-02-28,35,-0.05773751479200675,0.5714285714285712,5.714285714285712e-05,-0.05779465764914961
TREND_ONLY,TREND_ONLY,equal,2020-02-28,2020-02-28,2020-03-31,35,-0.10524460939083627,0.4857142857142857,4.8571428571428576e-05,-0.1052931808194077
TREND_ONLY,TREND_ONLY,equal,2020-03-31,2020-03-31,2020-04-30,35,0.15047280348821004,0.4,4e-05,0.15043280348821003
TREND_ONLY,TREND_ONLY,equal,2020-04-30,2020-04-30,2020-05-29,35,0.11019559462378707,0.22857142857142856,2.2857142857142858e-05,0.11017273748092993
TREND_ONLY,TREND_ONLY,equal,2020-05-29,2020-05-29,2020-06-30,35,0.07809790815241785,0.2857142857142857,2.857142857142857e-05,0.07806933672384642
TREND_ONLY,TREND_ONLY,equal,2020-06-30,2020-06-30,2020-07-31,35,0.08035191526158976,0.22857142857142856,2.2857142857142858e-05,0.08032905811873262
TREND_ONLY,TREND_ONLY,equal,2020-07-31,2020-07-31,2020-08-31,35,0.09919538457357616,0.34285714285714286,3.428571428571429e-05,0.09916109885929045
TREND_ONLY,TREND_ONLY,equal,2020-08-31,2020-08-31,2020-09-30,35,0.004619104120731143,0.4285714285714286,4.285714285714286e-05,0.004576246977874
TREND_ONLY,TREND_ONLY,equal,2020-09-30,2020-09-30,2020-10-30,35,-0.017809261485691823,0.45714285714285713,4.5714285714285716e-05,-0.017854975771406108
TREND_ONLY,TREND_ONLY,equal,2020-10-30,2020-10-30,2020-11-30,36,0.1829215841178028,0.5555555555555554,5.555555555555554e-05,0.18286602856224723
TREND_ONLY,TREND_ONLY,equal,2020-11-30,2020-11-30,2020-12-31,36,0.11507783869864387,0.5,5e-05,0.11502783869864387
TREND_ONLY,TREND_ONLY,equal,2020-12-31,2020-12-31,2021-01-29,36,0.00425250819308445,0.4722222222222222,4.722222222222222e-05,0.004205285970862228
TREND_ONLY,TREND_ONLY,equal,2021-01-29,2021-01-29,2021-02-26,36,0.0819887859866094,0.611111111111111,6.111111111111111e-05,0.08192767487549829
TREND_ONLY,TREND_ONLY,equal,2021-02-26,2021-02-26,2021-03-31,36,0.001961507336013462,0.3611111111111111,3.611111111111111e-05,0.001925396224902351
TREND_ONLY,TREND_ONLY,equal,2021-03-31,2021-03-31,2021-04-30,36,0.026266066406792445,0.4722222222222222,4.722222222222222e-05,0.026218844184570222
TREND_ONLY,TREND_ONLY,equal,2021-04-30,2021-04-30,2021-05-28,36,0.04158636091499039,0.5277777777777777,5.277777777777777e-05,0.041533583137212615
TREND_ONLY,TREND_ONLY,equal,2021-05-28,2021-05-28,2021-06-30,36,0.0002678341921378526,0.3611111111111111,3.611111111111111e-05,0.0002317230810267415
TREND_ONLY,TREND_ONLY,equal,2021-06-30,2021-06-30,2021-07-30,36,-0.00035551703921215877,0.3611111111111111,3.611111111111111e-05,-0.0003916281503232699
TREND_ONLY,TREND_ONLY,equal,2021-07-30,2021-07-30,2021-08-31,36,0.03971678091257394,0.5277777777777777,5.277777777777777e-05,0.039664003134796164
TREND_ONLY,TREND_ONLY,equal,2021-08-31,2021-08-31,2021-09-30,36,-0.055357222976919675,0.41666666666666663,4.1666666666666665e-05,-0.055398889643586344
TREND_ONLY,TREND_ONLY,equal,2021-09-30,2021-09-30,2021-10-29,36,0.1120711648372645,0.5833333333333333,5.8333333333333326e-05,0.11201283150393117
TREND_ONLY,TREND_ONLY,equal,2021-10-29,2021-10-29,2021-11-30,36,-0.020614898960252096,0.4444444444444444,4.4444444444444447e-05,-0.02065934340469654
TREND_ONLY,TREND_ONLY,equal,2021-11-30,2021-11-30,2021-12-31,36,0.01581327934719552,0.5555555555555556,5.555555555555556e-05,0.015757723791639963
TREND_ONLY,TREND_ONLY,equal,2021-12-31,2021-12-31,2022-01-31,36,-0.12374701975073296,0.25,2.5e-05,-0.12377201975073296
TREND_ONLY,TREND_ONLY,equal,2022-01-31,2022-01-31,2022-02-28,36,0.025849837471334895,0.7777777777777779,7.77777777777778e-05,0.025772059693557118
TREND_ONLY,TREND_ONLY,equal,2022-02-28,2022-02-28,2022-03-31,36,0.06774168515321405,0.4444444444444444,4.4444444444444447e-05,0.0676972407087696
TREND_ONLY,TREND_ONLY,equal,2022-03-31,2022-03-31,2022-04-29,36,-0.062111155243221326,0.3055555555555556,3.055555555555556e-05,-0.06214171079877688
TREND_ONLY,TREND_ONLY,equal,2022-04-29,2022-04-29,2022-05-31,36,0.03310288391757077,0.47222222222222227,4.722222222222223e-05,0.03305566169534855
TREND_ONLY,TREND_ONLY,equal,2022-05-31,2022-05-31,2022-06-30,36,-0.12052497603958844,0.3055555555555556,3.055555555555556e-05,-0.120555531595144
TREND_ONLY,TREND_ONLY,equal,2022-06-30,2022-06-30,2022-07-29,36,-0.0018992706224121815,0.6111111111111112,6.111111111111112e-05,-0.0019603817335232926
TREND_ONLY,TREND_ONLY,equal,2022-07-29,2022-07-29,2022-08-31,36,-0.013491197342071808,0.5555555555555556,5.555555555555556e-05,-0.013546752897627364
TREND_ONLY,TREND_ONLY,equal,2022-08-31,2022-08-31,2022-09-30,36,-0.06555114408552686,0.41666666666666663,4.1666666666666665e-05,-0.06559281075219352
TREND_ONLY,TREND_ONLY,equal,2022-09-30,2022-09-30,2022-10-31,36,0.13888333962000535,0.41666666666666663,4.1666666666666665e-05,0.13884167295333869
TREND_ONLY,TREND_ONLY,equal,2022-10-31,2022-10-31,2022-11-30,36,0.044395304362867774,0.3055555555555556,3.055555555555556e-05,0.04436474880731222
TREND_ONLY,TREND_ONLY,equal,2022-11-30,2022-11-30,2022-12-30,36,-0.03643418829064798,0.3333333333333333,3.3333333333333335e-05,-0.036467521623981314
TREND_ONLY,TREND_ONLY,equal,2022-12-30,2022-12-30,2023-01-31,36,0.052330239592813285,0.4444444444444445,4.4444444444444447e-05,0.05228579514836884
TREND_ONLY,TREND_ONLY,equal,2023-01-31,2023-01-31,2023-02-28,36,-0.039980108042927794,0.4722222222222222,4.722222222222222e-05,-0.04002733026515001
TREND_ONLY,TREND_ONLY,equal,2023-02-28,2023-02-28,2023-03-31,36,0.027282508207878007,0.5555555555555556,5.555555555555556e-05,0.02722695265232245
TREND_ONLY,TREND_ONLY,equal,2023-03-31,2023-03-31,2023-04-28,36,-0.038037298665035725,0.38888888888888884,3.8888888888888884e-05,-0.03807618755392461
TREND_ONLY,TREND_ONLY,equal,2023-04-28,2023-04-28,2023-05-31,36,0.05310333236577117,0.5,5e-05,0.05305333236577117
TREND_ONLY,TREND_ONLY,equal,2023-05-31,2023-05-31,2023-06-30,36,0.07873984789592108,0.4722222222222222,4.722222222222222e-05,0.07869262567369885
TREND_ONLY,TREND_ONLY,equal,2023-06-30,2023-06-30,2023-07-31,36,0.06547606106372333,0.25,2.5e-05,0.06545106106372334
TREND_ONLY,TREND_ONLY,equal,2023-07-31,2023-07-31,2023-08-31,36,-0.05655213296707541,0.2777777777777778,2.777777777777778e-05,-0.05657991074485319
TREND_ONLY,TREND_ONLY,equal,2023-08-31,2023-08-31,2023-09-29,36,-0.04825944603645671,0.38888888888888884,3.8888888888888884e-05,-0.0482983349253456
TREND_ONLY,TREND_ONLY,equal,2023-09-29,2023-09-29,2023-10-31,36,-0.04557678130585576,0.5555555555555556,5.555555555555556e-05,-0.04563233686141132
TREND_ONLY,TREND_ONLY,equal,2023-10-31,2023-10-31,2023-11-30,36,0.11846244524257289,0.6666666666666665,6.666666666666666e-05,0.11839577857590622
TREND_ONLY,TREND_ONLY,equal,2023-11-30,2023-11-30,2023-12-29,36,0.07319898577994162,0.38888888888888884,3.8888888888888884e-05,0.07316009689105273
TREND_ONLY,TREND_ONLY,equal,2023-12-29,2023-12-29,2024-01-31,36,0.006055471565576058,0.5277777777777777,5.277777777777777e-05,0.0060026937877982805
TREND_ONLY,TREND_ONLY,equal,2024-01-31,2024-01-31,2024-02-29,36,0.07410046749610627,0.41666666666666663,4.1666666666666665e-05,0.07405880082943961
TREND_ONLY,TREND_ONLY,equal,2024-02-29,2024-02-29,2024-03-28,36,0.030678841764994438,0.5277777777777777,5.277777777777777e-05,0.03062606398721666
TREND_ONLY,TREND_ONLY,equal,2024-03-28,2024-03-28,2024-04-30,36,-0.044002434492983626,0.3888888888888889,3.888888888888889e-05,-0.04404132338187251
TREND_ONLY,TREND_ONLY,equal,2024-04-30,2024-04-30,2024-05-31,36,0.0568608740528745,0.5,5e-05,0.0568108740528745
TREND_ONLY,TREND_ONLY,equal,2024-05-31,2024-05-31,2024-06-28,36,0.0023897969448506556,0.2777777777777778,2.777777777777778e-05,0.002362019167072878
TREND_ONLY,TREND_ONLY,equal,2024-06-28,2024-06-28,2024-07-31,36,-0.026828928252020046,0.4722222222222222,4.722222222222222e-05,-0.02687615047424227
TREND_ONLY,TREND_ONLY,equal,2024-07-31,2024-07-31,2024-08-30,36,0.02070430830662682,0.5277777777777777,5.277777777777777e-05,0.020651530528849042
TREND_ONLY,TREND_ONLY,equal,2024-08-30,2024-08-30,2024-09-30,36,0.021968636572794645,0.47222222222222227,4.722222222222223e-05,0.021921414350572422
TREND_ONLY,TREND_ONLY,equal,2024-09-30,2024-09-30,2024-10-31,36,-0.02285170272223767,0.611111111111111,6.111111111111111e-05,-0.022912813833348783
TREND_ONLY,TREND_ONLY,equal,2024-10-31,2024-10-31,2024-11-29,36,0.13165389335717076,0.6388888888888888,6.388888888888888e-05,0.13159000446828187
TREND_ONLY,TREND_ONLY,equal,2024-11-29,2024-11-29,2024-12-31,36,-0.03527391106420452,0.38888888888888884,3.8888888888888884e-05,-0.03531279995309341
TREND_ONLY,TREND_ONLY,equal,2024-12-31,2024-12-31,2025-01-31,36,0.04892500678601097,0.38888888888888884,3.8888888888888884e-05,0.048886117897122085
TREND_ONLY,TREND_ONLY,equal,2025-01-31,2025-01-31,2025-02-28,36,-0.06113571864518487,0.3055555555555556,3.055555555555556e-05,-0.061166274200740424
TREND_ONLY,TREND_ONLY,equal,2025-02-28,2025-02-28,2025-03-31,36,-0.04040791500039629,0.5555555555555556,5.555555555555556e-05,-0.04046347055595185
TREND_ONLY,TREND_ONLY,equal,2025-03-31,2025-03-31,2025-04-30,36,0.012343155752119058,0.3055555555555556,3.055555555555556e-05,0.012312600196563502
TREND_ONLY,TREND_ONLY,equal,2025-04-30,2025-04-30,2025-05-30,36,0.0218908484612063,0.3055555555555556,3.055555555555556e-05,0.021860292905650745
TREND_ONLY,TREND_ONLY,equal,2025-05-30,2025-05-30,2025-06-30,36,0.04271191927563777,0.47222222222222227,4.722222222222223e-05,0.04266469705341555
TREND_ONLY,TREND_ONLY,equal,2025-06-30,2025-06-30,2025-07-31,36,0.002776046722022179,0.5,5e-05,0.002726046722022179
TREND_ONLY,TREND_ONLY,equal,2025-07-31,2025-07-31,2025-08-29,36,0.0118777694225692,0.5833333333333333,5.8333333333333326e-05,0.011819436089235866
TREND_ONLY,TREND_ONLY,equal,2025-08-29,2025-08-29,2025-09-30,36,0.08561303940737063,0.3611111111111111,3.611111111111111e-05,0.08557692829625951
TREND_ONLY,TREND_ONLY,equal,2025-09-30,2025-09-30,2025-10-31,36,0.07227558930371988,0.3333333333333333,3.3333333333333335e-05,0.07224225597038655
TREND_ONLY,TREND_ONLY,equal,2025-10-31,2025-10-31,2025-11-28,36,-0.024317787274483395,0.2777777777777778,2.777777777777778e-05,-0.024345565052261174
TREND_ONLY,TREND_ONLY,equal,2025-11-28,2025-11-28,2025-12-31,36,0.005963194729891107,0.3333333333333333,3.3333333333333335e-05,0.005929861396557774
TREND_ONLY,TREND_ONLY,equal,2025-12-31,2025-12-31,2026-01-30,36,0.08170304436970781,0.2777777777777778,2.777777777777778e-05,0.08167526659193003
TREND_ONLY,TREND_ONLY,equal,2026-01-30,2026-01-30,2026-02-27,36,0.04540239791706742,0.38888888888888884,3.8888888888888884e-05,0.04536350902817853
TREND_ONLY,TREND_ONLY,equal,2026-02-27,2026-02-27,2026-03-31,36,-0.04131531522792403,0.3611111111111111,3.611111111111111e-05,-0.041351426339035144
TREND_ONLY,TREND_ONLY,equal,2026-03-31,2026-03-31,2026-04-30,36,0.10258130007295167,0.3888888888888889,3.888888888888889e-05,0.10254241118406278
TREND_ONLY,TREND_ONLY,equal,2026-04-30,2026-04-30,2026-05-29,36,0.08197923787530542,0.2777777777777778,2.777777777777778e-05,0.08195146009752764
TREND_ONLY,TREND_ONLY,equal,2026-05-29,2026-05-29,2026-06-30,36,0.0508245937822634,0.3333333333333333,3.3333333333333335e-05,0.050791260448930065
TREND_ONLY,TREND_ONLY,equal,2026-06-30,2026-06-30,2026-07-31,36,-0.10400947582789849,0.2222222222222222,2.2222222222222223e-05,-0.10403169805012072
TREND_ONLY,TREND_ONLY,equal,2026-07-31,2026-07-31,2026-08-31,37,0.05868824364753798,0.5135135135135135,5.135135135135135e-05,0.058636892296186634
TREND_ONLY,TREND_ONLY,equal,2026-08-31,2026-08-31,2026-09-02,37,-0.01574018350301618,0.4864864864864867,4.864864864864867e-05,-0.015788832151664826
TREND_ONLY,TREND_ONLY,equal,2026-09-02,2026-08-31,2026-09-02,37,0.000967065683596641,0.2432432432432433,2.4324324324324334e-05,0.0009427413592723167
RG_SY_EQUAL,RG_SY_EQUAL,equal,2014-01-31,2014-01-31,2014-02-28,8,0.049713763010792084,0.5,5e-05,0.04966376301079208
RG_SY_EQUAL,RG_SY_EQUAL,equal,2014-02-28,2014-02-28,2014-03-31,8,0.021424129360499936,0.25,2.5e-05,0.021399129360499935
RG_SY_EQUAL,RG_SY_EQUAL,equal,2014-03-31,2014-03-31,2014-04-30,8,-0.008199303629717464,0.125,1.25e-05,-0.008211803629717464
RG_SY_EQUAL,RG_SY_EQUAL,equal,2014-04-30,2014-04-30,2014-05-30,8,0.05843683502809112,0.125,1.25e-05,0.05842433502809112
RG_SY_EQUAL,RG_SY_EQUAL,equal,2014-05-30,2014-05-30,2014-06-30,8,0.02307906188222772,0.125,1.25e-05,0.02306656188222772
RG_SY_EQUAL,RG_SY_EQUAL,equal,2014-06-30,2014-06-30,2014-07-31,8,-0.0028548985065025567,0.0,0.0,-0.0028548985065025567
RG_SY_EQUAL,RG_SY_EQUAL,equal,2014-07-31,2014-07-31,2014-08-29,8,0.08340864553719533,0.0,0.0,0.08340864553719533
RG_SY_EQUAL,RG_SY_EQUAL,equal,2014-08-29,2014-08-29,2014-09-30,8,-0.05055356363264278,0.0,0.0,-0.05055356363264278
RG_SY_EQUAL,RG_SY_EQUAL,equal,2014-09-30,2014-09-30,2014-10-31,8,-0.0034405620622579985,0.0,0.0,-0.0034405620622579985
RG_SY_EQUAL,RG_SY_EQUAL,equal,2014-10-31,2014-10-31,2014-11-28,8,-0.004232826443854476,0.0,0.0,-0.004232826443854476
RG_SY_EQUAL,RG_SY_EQUAL,equal,2014-11-28,2014-11-28,2014-12-31,8,-0.01475899501556363,0.125,1.25e-05,-0.014771495015563631
RG_SY_EQUAL,RG_SY_EQUAL,equal,2014-12-31,2014-12-31,2015-01-30,8,0.009975601271626278,0.25,2.5e-05,0.009950601271626277
RG_SY_EQUAL,RG_SY_EQUAL,equal,2015-01-30,2015-01-30,2015-02-27,8,0.0699598228693492,0.0,0.0,0.0699598228693492
RG_SY_EQUAL,RG_SY_EQUAL,equal,2015-02-27,2015-02-27,2015-03-31,8,-0.02621931689565593,0.125,1.25e-05,-0.02623181689565593
RG_SY_EQUAL,RG_SY_EQUAL,equal,2015-03-31,2015-03-31,2015-04-30,8,0.11205751994184268,0.0,0.0,0.11205751994184268
RG_SY_EQUAL,RG_SY_EQUAL,equal,2015-04-30,2015-04-30,2015-05-29,8,-0.0062454331359804854,0.125,1.25e-05,-0.006257933135980486
RG_SY_EQUAL,RG_SY_EQUAL,equal,2015-05-29,2015-05-29,2015-06-30,8,-0.00025951165240276075,0.0,0.0,-0.00025951165240276075
RG_SY_EQUAL,RG_SY_EQUAL,equal,2015-06-30,2015-06-30,2015-07-31,8,-0.00020480863106821234,0.125,1.25e-05,-0.00021730863106821235
RG_SY_EQUAL,RG_SY_EQUAL,equal,2015-07-31,2015-07-31,2015-08-31,8,-0.03670116898785354,0.0,0.0,-0.03670116898785354
RG_SY_EQUAL,RG_SY_EQUAL,equal,2015-08-31,2015-08-31,2015-09-30,8,-0.07017413779110769,0.0,0.0,-0.07017413779110769
RG_SY_EQUAL,RG_SY_EQUAL,equal,2015-09-30,2015-09-30,2015-10-30,8,0.08863014676008626,0.0,0.0,0.08863014676008626
RG_SY_EQUAL,RG_SY_EQUAL,equal,2015-10-30,2015-10-30,2015-11-30,8,-0.014576375424005528,0.0,0.0,-0.014576375424005528
RG_SY_EQUAL,RG_SY_EQUAL,equal,2015-11-30,2015-11-30,2015-12-31,8,-0.044421513349649236,0.0,0.0,-0.044421513349649236
RG_SY_EQUAL,RG_SY_EQUAL,equal,2015-12-31,2015-12-31,2016-01-29,8,-0.07675681910890814,0.125,1.25e-05,-0.07676931910890814
RG_SY_EQUAL,RG_SY_EQUAL,equal,2016-01-29,2016-01-29,2016-02-29,8,0.028905900525153988,0.0,0.0,0.028905900525153988
RG_SY_EQUAL,RG_SY_EQUAL,equal,2016-02-29,2016-02-29,2016-03-31,8,0.1434901380057352,0.25,2.5e-05,0.1434651380057352
RG_SY_EQUAL,RG_SY_EQUAL,equal,2016-03-31,2016-03-31,2016-04-29,8,0.025213203624199168,0.0,0.0,0.025213203624199168
RG_SY_EQUAL,RG_SY_EQUAL,equal,2016-04-29,2016-04-29,2016-05-31,8,-0.01406623237989102,0.0,0.0,-0.01406623237989102
RG_SY_EQUAL,RG_SY_EQUAL,equal,2016-05-31,2016-05-31,2016-06-30,8,0.05078312240191503,0.0,0.0,0.05078312240191503
RG_SY_EQUAL,RG_SY_EQUAL,equal,2016-06-30,2016-06-30,2016-07-29,8,0.04983706748887633,0.0,0.0,0.04983706748887633
RG_SY_EQUAL,RG_SY_EQUAL,equal,2016-07-29,2016-07-29,2016-08-31,8,0.01542659918199342,0.0,0.0,0.01542659918199342
RG_SY_EQUAL,RG_SY_EQUAL,equal,2016-08-31,2016-08-31,2016-09-30,8,0.0001981563259686736,0.125,1.25e-05,0.0001856563259686736
RG_SY_EQUAL,RG_SY_EQUAL,equal,2016-09-30,2016-09-30,2016-10-31,8,0.08229535917731301,0.0,0.0,0.08229535917731301
RG_SY_EQUAL,RG_SY_EQUAL,equal,2016-10-31,2016-10-31,2016-11-30,8,0.03806615801356936,0.125,1.25e-05,0.03805365801356936
RG_SY_EQUAL,RG_SY_EQUAL,equal,2016-11-30,2016-11-30,2016-12-30,8,0.002520347664598868,0.0,0.0,0.002520347664598868
RG_SY_EQUAL,RG_SY_EQUAL,equal,2016-12-30,2016-12-30,2017-01-31,8,0.01600335528299214,0.0,0.0,0.01600335528299214
RG_SY_EQUAL,RG_SY_EQUAL,equal,2017-01-31,2017-01-31,2017-02-28,8,0.029897391520119762,0.0,0.0,0.029897391520119762
RG_SY_EQUAL,RG_SY_EQUAL,equal,2017-02-28,2017-02-28,2017-03-31,8,0.00501233800422142,0.125,1.25e-05,0.00499983800422142
RG_SY_EQUAL,RG_SY_EQUAL,equal,2017-03-31,2017-03-31,2017-04-28,8,0.008761374215615528,0.0,0.0,0.008761374215615528
RG_SY_EQUAL,RG_SY_EQUAL,equal,2017-04-28,2017-04-28,2017-05-31,8,0.022834732418820516,0.0,0.0,0.022834732418820516
RG_SY_EQUAL,RG_SY_EQUAL,equal,2017-05-31,2017-05-31,2017-06-30,8,-0.029861320704579683,0.0,0.0,-0.029861320704579683
RG_SY_EQUAL,RG_SY_EQUAL,equal,2017-06-30,2017-06-30,2017-07-31,8,0.07097040812707499,0.0,0.0,0.07097040812707499
RG_SY_EQUAL,RG_SY_EQUAL,equal,2017-07-31,2017-07-31,2017-08-31,8,0.008994785196463753,0.0,0.0,0.008994785196463753
RG_SY_EQUAL,RG_SY_EQUAL,equal,2017-08-31,2017-08-31,2017-09-29,8,0.021560408177022664,0.0,0.0,0.021560408177022664
RG_SY_EQUAL,RG_SY_EQUAL,equal,2017-09-29,2017-09-29,2017-10-31,8,0.01018324721646649,0.0,0.0,0.01018324721646649
RG_SY_EQUAL,RG_SY_EQUAL,equal,2017-10-31,2017-10-31,2017-11-30,8,0.014682665446339949,0.0,0.0,0.014682665446339949
RG_SY_EQUAL,RG_SY_EQUAL,equal,2017-11-30,2017-11-30,2017-12-29,8,0.026411283189751944,0.0,0.0,0.026411283189751944
RG_SY_EQUAL,RG_SY_EQUAL,equal,2017-12-29,2017-12-29,2018-01-31,8,0.1444601708531709,0.125,1.25e-05,0.1444476708531709
RG_SY_EQUAL,RG_SY_EQUAL,equal,2018-01-31,2018-01-31,2018-02-28,8,-0.017507103072654476,0.0,0.0,-0.017507103072654476
RG_SY_EQUAL,RG_SY_EQUAL,equal,2018-02-28,2018-02-28,2018-03-29,8,-0.02696153159051573,0.125,1.25e-05,-0.02697403159051573
RG_SY_EQUAL,RG_SY_EQUAL,equal,2018-03-29,2018-03-29,2018-04-30,8,0.017067493360904726,0.0,0.0,0.017067493360904726
RG_SY_EQUAL,RG_SY_EQUAL,equal,2018-04-30,2018-04-30,2018-05-31,8,0.015203796483421711,0.125,1.25e-05,0.01519129648342171
RG_SY_EQUAL,RG_SY_EQUAL,equal,2018-05-31,2018-05-31,2018-06-29,8,-1.0104991624862447e-05,0.125,1.25e-05,-2.2604991624862446e-05
RG_SY_EQUAL,RG_SY_EQUAL,equal,2018-06-29,2018-06-29,2018-07-31,8,0.028718725265361858,0.125,1.25e-05,0.02870622526536186
RG_SY_EQUAL,RG_SY_EQUAL,equal,2018-07-31,2018-07-31,2018-08-31,8,0.02178306217787783,0.0,0.0,0.02178306217787783
RG_SY_EQUAL,RG_SY_EQUAL,equal,2018-08-31,2018-08-31,2018-09-28,8,0.03736387151715974,0.125,1.25e-05,0.03735137151715974
RG_SY_EQUAL,RG_SY_EQUAL,equal,2018-09-28,2018-09-28,2018-10-31,8,-0.07843898214334159,0.0,0.0,-0.07843898214334159
RG_SY_EQUAL,RG_SY_EQUAL,equal,2018-10-31,2018-10-31,2018-11-30,8,0.024863936804317754,0.125,1.25e-05,0.024851436804317756
RG_SY_EQUAL,RG_SY_EQUAL,equal,2018-11-30,2018-11-30,2018-12-31,8,-0.08416714441880534,0.0,0.0,-0.08416714441880534
RG_SY_EQUAL,RG_SY_EQUAL,equal,2018-12-31,2018-12-31,2019-01-31,8,0.09309348502489746,0.125,1.25e-05,0.09308098502489746
RG_SY_EQUAL,RG_SY_EQUAL,equal,2019-01-31,2019-01-31,2019-02-28,8,0.03003181734500464,0.125,1.25e-05,0.03001931734500464
RG_SY_EQUAL,RG_SY_EQUAL,equal,2019-02-28,2019-02-28,2019-03-29,16,0.033763559528848325,0.625,6.25e-05,0.033701059528848325
RG_SY_EQUAL,RG_SY_EQUAL,equal,2019-03-29,2019-03-29,2019-04-30,18,0.0009869274668476659,0.16666666666666663,1.6666666666666664e-05,0.0009702608001809992
RG_SY_EQUAL,RG_SY_EQUAL,equal,2019-04-30,2019-04-30,2019-05-31,19,-0.09941979906885744,0.0526315789473683,5.26315789473683e-06,-0.09942506222675217
RG_SY_EQUAL,RG_SY_EQUAL,equal,2019-05-31,2019-05-31,2019-06-28,19,0.100687604168876,0.05263157894736843,5.263157894736843e-06,0.10068234101098127
RG_SY_EQUAL,RG_SY_EQUAL,equal,2019-06-28,2019-06-28,2019-07-31,19,0.0035815369726268256,0.05263157894736843,5.263157894736843e-06,0.0035762738147320887
RG_SY_EQUAL,RG_SY_EQUAL,equal,2019-07-31,2019-07-31,2019-08-30,20,-0.06291227053007854,0.050000000000000204,5.000000000000021e-06,-0.06291727053007855
RG_SY_EQUAL,RG_SY_EQUAL,equal,2019-08-30,2019-08-30,2019-09-30,20,0.017198763607806197,0.09999999999999998,9.999999999999997e-06,0.017188763607806197
RG_SY_EQUAL,RG_SY_EQUAL,equal,2019-09-30,2019-09-30,2019-10-31,21,0.03863137095385543,0.047619047619047665,4.761904761904767e-06,0.03862660904909353
RG_SY_EQUAL,RG_SY_EQUAL,equal,2019-10-31,2019-10-31,2019-11-29,21,0.02564944509399401,0.0476190476190476,4.761904761904761e-06,0.025644683189232107
RG_SY_EQUAL,RG_SY_EQUAL,equal,2019-11-29,2019-11-29,2019-12-31,22,0.0381225809800337,0.13636363636363613,1.3636363636363615e-05,0.03810894461639734
RG_SY_EQUAL,RG_SY_EQUAL,equal,2019-12-31,2019-12-31,2020-01-31,22,-0.03331210657341192,0.04545454545454546,4.545454545454546e-06,-0.033316652027957375
RG_SY_EQUAL,RG_SY_EQUAL,equal,2020-01-31,2020-01-31,2020-02-28,22,-0.09024513678959388,0.0,0.0,-0.09024513678959388
RG_SY_EQUAL,RG_SY_EQUAL,equal,2020-02-28,2020-02-28,2020-03-31,26,-0.1284989624389471,0.46153846153846156,4.615384615384616e-05,-0.12854511628510093
RG_SY_EQUAL,RG_SY_EQUAL,equal,2020-03-31,2020-03-31,2020-04-30,26,0.17100362746180206,0.07692307692307693,7.692307692307694e-06,0.17099593515410974
RG_SY_EQUAL,RG_SY_EQUAL,equal,2020-04-30,2020-04-30,2020-05-29,26,0.06088803270302966,0.038461538461538464,3.846153846153847e-06,0.060884186549183504
RG_SY_EQUAL,RG_SY_EQUAL,equal,2020-05-29,2020-05-29,2020-06-30,26,0.03064844480656761,0.0,0.0,0.03064844480656761
RG_SY_EQUAL,RG_SY_EQUAL,equal,2020-06-30,2020-06-30,2020-07-31,26,0.06514390084867266,0.038461538461538464,3.846153846153847e-06,0.0651400546948265
RG_SY_EQUAL,RG_SY_EQUAL,equal,2020-07-31,2020-07-31,2020-08-31,26,0.05201540284444492,0.07692307692307693,7.692307692307694e-06,0.05200771053675261
RG_SY_EQUAL,RG_SY_EQUAL,equal,2020-08-31,2020-08-31,2020-09-30,26,-0.050292278637665944,0.038461538461538464,3.846153846153847e-06,-0.050296124791512097
RG_SY_EQUAL,RG_SY_EQUAL,equal,2020-09-30,2020-09-30,2020-10-30,27,-0.04523535511738075,0.03703703703703701,3.7037037037037008e-06,-0.045239058821084456
RG_SY_EQUAL,RG_SY_EQUAL,equal,2020-10-30,2020-10-30,2020-11-30,27,0.1840910423850554,0.0,0.0,0.1840910423850554
RG_SY_EQUAL,RG_SY_EQUAL,equal,2020-11-30,2020-11-30,2020-12-31,27,0.049045950423053444,0.03703703703703704,3.703703703703704e-06,0.04904224671934974
RG_SY_EQUAL,RG_SY_EQUAL,equal,2020-12-31,2020-12-31,2021-01-29,27,-0.01635180902736769,0.0,0.0,-0.01635180902736769
RG_SY_EQUAL,RG_SY_EQUAL,equal,2021-01-29,2021-01-29,2021-02-26,27,0.05431561445244808,0.0,0.0,0.05431561445244808
RG_SY_EQUAL,RG_SY_EQUAL,equal,2021-02-26,2021-02-26,2021-03-31,27,0.058883432266923885,0.22222222222222227,2.2222222222222227e-05,0.05886121004470166
RG_SY_EQUAL,RG_SY_EQUAL,equal,2021-03-31,2021-03-31,2021-04-30,27,0.050231695460144554,0.11111111111111113,1.1111111111111113e-05,0.05022058434903344
RG_SY_EQUAL,RG_SY_EQUAL,equal,2021-04-30,2021-04-30,2021-05-28,27,0.028395979734873296,0.03703703703703704,3.703703703703704e-06,0.028392276031169592
RG_SY_EQUAL,RG_SY_EQUAL,equal,2021-05-28,2021-05-28,2021-06-30,27,0.04630733686018112,0.03703703703703704,3.703703703703704e-06,0.04630363315647741
RG_SY_EQUAL,RG_SY_EQUAL,equal,2021-06-30,2021-06-30,2021-07-30,27,0.02878510727444335,0.03703703703703704,3.703703703703704e-06,0.028781403570739647
RG_SY_EQUAL,RG_SY_EQUAL,equal,2021-07-30,2021-07-30,2021-08-31,27,0.023902843011324358,0.07407407407407408,7.407407407407408e-06,0.02389543560391695
RG_SY_EQUAL,RG_SY_EQUAL,equal,2021-08-31,2021-08-31,2021-09-30,27,-0.04188876720127164,0.03703703703703704,3.703703703703704e-06,-0.041892470904975346
RG_SY_EQUAL,RG_SY_EQUAL,equal,2021-09-30,2021-09-30,2021-10-29,27,0.06884855696964162,0.03703703703703704,3.703703703703704e-06,0.06884485326593792
RG_SY_EQUAL,RG_SY_EQUAL,equal,2021-10-29,2021-10-29,2021-11-30,27,0.033103829074481346,0.07407407407407408,7.407407407407408e-06,0.03309642166707394
RG_SY_EQUAL,RG_SY_EQUAL,equal,2021-11-30,2021-11-30,2021-12-31,27,0.05927368059080959,0.0,0.0,0.05927368059080959
RG_SY_EQUAL,RG_SY_EQUAL,equal,2021-12-31,2021-12-31,2022-01-31,27,-0.06834933143951326,0.03703703703703704,3.703703703703704e-06,-0.06835303514321696
RG_SY_EQUAL,RG_SY_EQUAL,equal,2022-01-31,2022-01-31,2022-02-28,27,-0.007535644915448371,0.03703703703703704,3.703703703703704e-06,-0.007539348619152075
RG_SY_EQUAL,RG_SY_EQUAL,equal,2022-02-28,2022-02-28,2022-03-31,28,0.07043977824975882,0.6071428571428572,6.071428571428572e-05,0.07037906396404453
RG_SY_EQUAL,RG_SY_EQUAL,equal,2022-03-31,2022-03-31,2022-04-29,28,-0.08322122634758332,0.07142857142857144,7.142857142857144e-06,-0.08322836920472618
RG_SY_EQUAL,RG_SY_EQUAL,equal,2022-04-29,2022-04-29,2022-05-31,28,0.04998975355006603,0.03571428571428572,3.571428571428572e-06,0.0499861821214946
RG_SY_EQUAL,RG_SY_EQUAL,equal,2022-05-31,2022-05-31,2022-06-30,28,-0.12768914416889945,0.07142857142857144,7.142857142857144e-06,-0.1276962870260423
RG_SY_EQUAL,RG_SY_EQUAL,equal,2022-06-30,2022-06-30,2022-07-29,28,0.1212111585341216,0.10714285714285715,1.0714285714285716e-05,0.12120044424840731
RG_SY_EQUAL,RG_SY_EQUAL,equal,2022-07-29,2022-07-29,2022-08-31,28,-0.021814735839704506,0.10714285714285715,1.0714285714285716e-05,-0.02182545012541879
RG_SY_EQUAL,RG_SY_EQUAL,equal,2022-08-31,2022-08-31,2022-09-30,28,-0.08732968583262299,0.03571428571428572,3.571428571428572e-06,-0.08733325726119441
RG_SY_EQUAL,RG_SY_EQUAL,equal,2022-09-30,2022-09-30,2022-10-31,28,0.14548861896214826,0.03571428571428572,3.571428571428572e-06,0.14548504753357683
RG_SY_EQUAL,RG_SY_EQUAL,equal,2022-10-31,2022-10-31,2022-11-30,28,0.07903580480254437,0.07142857142857144,7.142857142857144e-06,0.07902866194540151
RG_SY_EQUAL,RG_SY_EQUAL,equal,2022-11-30,2022-11-30,2022-12-30,28,-0.06506573434155273,0.10714285714285716,1.0714285714285717e-05,-0.06507644862726701
RG_SY_EQUAL,RG_SY_EQUAL,equal,2022-12-30,2022-12-30,2023-01-31,28,0.10555970674479674,0.0,0.0,0.10555970674479674
RG_SY_EQUAL,RG_SY_EQUAL,equal,2023-01-31,2023-01-31,2023-02-28,28,-0.03864959267119784,0.07142857142857144,7.142857142857144e-06,-0.038656735528340695
RG_SY_EQUAL,RG_SY_EQUAL,equal,2023-02-28,2023-02-28,2023-03-31,28,0.027904843433540917,0.2142857142857143,2.142857142857143e-05,0.027883414862112346
RG_SY_EQUAL,RG_SY_EQUAL,equal,2023-03-31,2023-03-31,2023-04-28,28,0.007437555464793609,0.03571428571428572,3.571428571428572e-06,0.007433984036222181
RG_SY_EQUAL,RG_SY_EQUAL,equal,2023-04-28,2023-04-28,2023-05-31,28,0.005512241024852574,0.03571428571428572,3.571428571428572e-06,0.005508669596281146
RG_SY_EQUAL,RG_SY_EQUAL,equal,2023-05-31,2023-05-31,2023-06-30,28,0.09032709561102249,0.03571428571428572,3.571428571428572e-06,0.09032352418245107
RG_SY_EQUAL,RG_SY_EQUAL,equal,2023-06-30,2023-06-30,2023-07-31,28,0.060391066774044294,0.07142857142857144,7.142857142857144e-06,0.060383923916901436
RG_SY_EQUAL,RG_SY_EQUAL,equal,2023-07-31,2023-07-31,2023-08-31,28,-0.005448246831805756,0.10714285714285716,1.0714285714285717e-05,-0.0054589611175200415
RG_SY_EQUAL,RG_SY_EQUAL,equal,2023-08-31,2023-08-31,2023-09-29,28,-0.020521059561668078,0.03571428571428572,3.571428571428572e-06,-0.020524630990239507
RG_SY_EQUAL,RG_SY_EQUAL,equal,2023-09-29,2023-09-29,2023-10-31,28,-0.01411591574363482,0.0,0.0,-0.01411591574363482
RG_SY_EQUAL,RG_SY_EQUAL,equal,2023-10-31,2023-10-31,2023-11-30,28,0.0712014507152017,0.07142857142857144,7.142857142857144e-06,0.07119430785805884
RG_SY_EQUAL,RG_SY_EQUAL,equal,2023-11-30,2023-11-30,2023-12-29,28,0.04025325228365481,0.07142857142857144,7.142857142857144e-06,0.04024610942651195
RG_SY_EQUAL,RG_SY_EQUAL,equal,2023-12-29,2023-12-29,2024-01-31,28,0.028666667464858096,0.03571428571428572,3.571428571428572e-06,0.028663096036286667
RG_SY_EQUAL,RG_SY_EQUAL,equal,2024-01-31,2024-01-31,2024-02-29,28,0.030742358281759922,0.10714285714285715,1.0714285714285716e-05,0.030731643996045638
RG_SY_EQUAL,RG_SY_EQUAL,equal,2024-02-29,2024-02-29,2024-03-28,28,0.039155087300161914,0.35714285714285715,3.571428571428572e-05,0.03911937301444763
RG_SY_EQUAL,RG_SY_EQUAL,equal,2024-03-28,2024-03-28,2024-04-30,28,-0.03524220521862327,0.03571428571428572,3.571428571428572e-06,-0.0352457766471947
RG_SY_EQUAL,RG_SY_EQUAL,equal,2024-04-30,2024-04-30,2024-05-31,28,0.019075611643793084,0.03571428571428572,3.571428571428572e-06,0.019072040215221655
RG_SY_EQUAL,RG_SY_EQUAL,equal,2024-05-31,2024-05-31,2024-06-28,28,0.01973682581039398,0.03571428571428572,3.571428571428572e-06,0.01973325438182255
RG_SY_EQUAL,RG_SY_EQUAL,equal,2024-06-28,2024-06-28,2024-07-31,28,0.030735413032718123,0.03571428571428572,3.571428571428572e-06,0.030731841604146694
RG_SY_EQUAL,RG_SY_EQUAL,equal,2024-07-31,2024-07-31,2024-08-30,28,0.04652165087047607,0.07142857142857144,7.142857142857144e-06,0.04651450801333321
RG_SY_EQUAL,RG_SY_EQUAL,equal,2024-08-30,2024-08-30,2024-09-30,28,0.02293430286739641,0.07142857142857144,7.142857142857144e-06,0.02292716001025355
RG_SY_EQUAL,RG_SY_EQUAL,equal,2024-09-30,2024-09-30,2024-10-31,28,-0.004027178606144517,0.03571428571428572,3.571428571428572e-06,-0.004030750034715945
RG_SY_EQUAL,RG_SY_EQUAL,equal,2024-10-31,2024-10-31,2024-11-29,28,0.08421977932494729,0.03571428571428572,3.571428571428572e-06,0.08421620789637586
RG_SY_EQUAL,RG_SY_EQUAL,equal,2024-11-29,2024-11-29,2024-12-31,28,-0.04142818106016825,0.07142857142857144,7.142857142857144e-06,-0.041435323917311105
RG_SY_EQUAL,RG_SY_EQUAL,equal,2024-12-31,2024-12-31,2025-01-31,28,0.05381608235302016,0.07142857142857144,7.142857142857144e-06,0.053808939495877305
RG_SY_EQUAL,RG_SY_EQUAL,equal,2025-01-31,2025-01-31,2025-02-28,29,-0.007809926181180303,0.0689655172413793,6.89655172413793e-06,-0.007816822732904441
RG_SY_EQUAL,RG_SY_EQUAL,equal,2025-02-28,2025-02-28,2025-03-31,29,-0.02045669468598238,0.24137931034482765,2.4137931034482765e-05,-0.020480832617016862
RG_SY_EQUAL,RG_SY_EQUAL,equal,2025-03-31,2025-03-31,2025-04-30,29,-0.010463319047171491,0.06896551724137932,6.8965517241379325e-06,-0.010470215598895629
RG_SY_EQUAL,RG_SY_EQUAL,equal,2025-04-30,2025-04-30,2025-05-30,29,0.04091156982959911,0.06896551724137932,6.8965517241379325e-06,0.040904673277874976
RG_SY_EQUAL,RG_SY_EQUAL,equal,2025-05-30,2025-05-30,2025-06-30,29,0.050336181552279695,0.06896551724137932,6.8965517241379325e-06,0.05032928500055556
RG_SY_EQUAL,RG_SY_EQUAL,equal,2025-06-30,2025-06-30,2025-07-31,29,-0.0013398696143579064,0.03448275862068966,3.4482758620689663e-06,-0.0013433178902199753
RG_SY_EQUAL,RG_SY_EQUAL,equal,2025-07-31,2025-07-31,2025-08-29,29,0.05680615425052313,0.06896551724137932,6.8965517241379325e-06,0.05679925769879899
RG_SY_EQUAL,RG_SY_EQUAL,equal,2025-08-29,2025-08-29,2025-09-30,29,0.02439239455352689,0.10344827586206898,1.0344827586206898e-05,0.024382049725940682
RG_SY_EQUAL,RG_SY_EQUAL,equal,2025-09-30,2025-09-30,2025-10-31,29,0.006359367844138786,0.06896551724137932,6.8965517241379325e-06,0.006352471292414648
RG_SY_EQUAL,RG_SY_EQUAL,equal,2025-10-31,2025-10-31,2025-11-28,29,0.005941204067801241,0.06896551724137932,6.8965517241379325e-06,0.005934307516077103
RG_SY_EQUAL,RG_SY_EQUAL,equal,2025-11-28,2025-11-28,2025-12-31,29,0.025287214330955675,0.10344827586206898,1.0344827586206898e-05,0.025276869503369468
RG_SY_EQUAL,RG_SY_EQUAL,equal,2025-12-31,2025-12-31,2026-01-30,29,0.07029359885188005,0.0,0.0,0.07029359885188005
RG_SY_EQUAL,RG_SY_EQUAL,equal,2026-01-30,2026-01-30,2026-02-27,29,0.020936695693791113,0.17241379310344832,1.724137931034483e-05,0.02091945431448077
RG_SY_EQUAL,RG_SY_EQUAL,equal,2026-02-27,2026-02-27,2026-03-31,29,-0.03767253117293805,0.3448275862068965,3.4482758620689657e-05,-0.03770701393155874
RG_SY_EQUAL,RG_SY_EQUAL,equal,2026-03-31,2026-03-31,2026-04-30,29,0.06837322788378944,0.10344827586206898,1.0344827586206898e-05,0.06836288305620324
RG_SY_EQUAL,RG_SY_EQUAL,equal,2026-04-30,2026-04-30,2026-05-29,29,0.009566393157388203,0.03448275862068966,3.4482758620689663e-06,0.009562944881526134
RG_SY_EQUAL,RG_SY_EQUAL,equal,2026-05-29,2026-05-29,2026-06-30,29,-0.02848694889528459,0.13793103448275862,1.3793103448275863e-05,-0.028500741998732867
RG_SY_EQUAL,RG_SY_EQUAL,equal,2026-06-30,2026-06-30,2026-07-31,29,0.08726969855587305,0.13793103448275865,1.3793103448275865e-05,0.08725590545242477
RG_SY_EQUAL,RG_SY_EQUAL,equal,2026-07-31,2026-07-31,2026-08-31,29,0.02824520890382888,0.10344827586206898,1.0344827586206898e-05,0.028234864076242674
RG_SY_EQUAL,RG_SY_EQUAL,equal,2026-08-31,2026-08-31,2026-09-02,29,0.002305521834198353,0.10344827586206898,1.0344827586206898e-05,0.002295177006612146
RG_SY_EQUAL,RG_SY_EQUAL,equal,2026-09-02,2026-08-31,2026-09-02,29,-0.00024094354039201968,0.03448275862068966,3.4482758620689663e-06,-0.0002443918162540886
FULL_ALPHA_EQUAL,FULL_ALPHA_EQUAL,equal,2014-01-31,2014-01-31,2014-02-28,8,0.052111174198976304,0.5,5e-05,0.0520611741989763
FULL_ALPHA_EQUAL,FULL_ALPHA_EQUAL,equal,2014-02-28,2014-02-28,2014-03-31,8,0.018936024503482446,0.25,2.5e-05,0.018911024503482445
FULL_ALPHA_EQUAL,FULL_ALPHA_EQUAL,equal,2014-03-31,2014-03-31,2014-04-30,8,-0.012304321476067692,0.125,1.25e-05,-0.012316821476067693
FULL_ALPHA_EQUAL,FULL_ALPHA_EQUAL,equal,2014-04-30,2014-04-30,2014-05-30,8,0.0565595823364875,0.25,2.5e-05,0.056534582336487504
FULL_ALPHA_EQUAL,FULL_ALPHA_EQUAL,equal,2014-05-30,2014-05-30,2014-06-30,8,0.051368661747564465,0.375,3.7500000000000003e-05,0.05133116174756446
FULL_ALPHA_EQUAL,FULL_ALPHA_EQUAL,equal,2014-06-30,2014-06-30,2014-07-31,8,-0.006657804006787629,0.125,1.25e-05,-0.00667030400678763
FULL_ALPHA_EQUAL,FULL_ALPHA_EQUAL,equal,2014-07-31,2014-07-31,2014-08-29,8,0.07649754902110935,0.25,2.5e-05,0.07647254902110935
FULL_ALPHA_EQUAL,FULL_ALPHA_EQUAL,equal,2014-08-29,2014-08-29,2014-09-30,8,-0.062442905950119434,0.125,1.25e-05,-0.06245540595011943
FULL_ALPHA_EQUAL,FULL_ALPHA_EQUAL,equal,2014-09-30,2014-09-30,2014-10-31,8,0.0035098636069462036,0.25,2.5e-05,0.0034848636069462037
FULL_ALPHA_EQUAL,FULL_ALPHA_EQUAL,equal,2014-10-31,2014-10-31,2014-11-28,8,-0.015004568748508043,0.25,2.5e-05,-0.015029568748508044
FULL_ALPHA_EQUAL,FULL_ALPHA_EQUAL,equal,2014-11-28,2014-11-28,2014-12-31,8,-0.03584873251642601,0.125,1.25e-05,-0.035861232516426006
FULL_ALPHA_EQUAL,FULL_ALPHA_EQUAL,equal,2014-12-31,2014-12-31,2015-01-30,8,-0.011938861803993978,0.25,2.5e-05,-0.011963861803993978
FULL_ALPHA_EQUAL,FULL_ALPHA_EQUAL,equal,2015-01-30,2015-01-30,2015-02-27,8,0.06333459696047304,0.25,2.5e-05,0.06330959696047304
FULL_ALPHA_EQUAL,FULL_ALPHA_EQUAL,equal,2015-02-27,2015-02-27,2015-03-31,8,-0.01529727053648891,0.25,2.5e-05,-0.015322270536488911
FULL_ALPHA_EQUAL,FULL_ALPHA_EQUAL,equal,2015-03-31,2015-03-31,2015-04-30,8,0.10361804201891991,0.0,0.0,0.10361804201891991
FULL_ALPHA_EQUAL,FULL_ALPHA_EQUAL,equal,2015-04-30,2015-04-30,2015-05-29,8,-0.002829555787477414,0.25,2.5e-05,-0.002854555787477414
FULL_ALPHA_EQUAL,FULL_ALPHA_EQUAL,equal,2015-05-29,2015-05-29,2015-06-30,8,0.014277522396160328,0.25,2.5e-05,0.014252522396160327
FULL_ALPHA_EQUAL,FULL_ALPHA_EQUAL,equal,2015-06-30,2015-06-30,2015-07-31,8,0.028149590085798343,0.25,2.5e-05,0.028124590085798342
FULL_ALPHA_EQUAL,FULL_ALPHA_EQUAL,equal,2015-07-31,2015-07-31,2015-08-31,8,-0.05282265551241712,0.125,1.25e-05,-0.05283515551241712
FULL_ALPHA_EQUAL,FULL_ALPHA_EQUAL,equal,2015-08-31,2015-08-31,2015-09-30,8,-0.05495474161449333,0.25,2.5e-05,-0.05497974161449333
FULL_ALPHA_EQUAL,FULL_ALPHA_EQUAL,equal,2015-09-30,2015-09-30,2015-10-30,8,0.07685919854581721,0.125,1.25e-05,0.07684669854581722
FULL_ALPHA_EQUAL,FULL_ALPHA_EQUAL,equal,2015-10-30,2015-10-30,2015-11-30,8,-0.007756287021233363,0.125,1.25e-05,-0.007768787021233363
FULL_ALPHA_EQUAL,FULL_ALPHA_EQUAL,equal,2015-11-30,2015-11-30,2015-12-31,8,-0.043091686760255224,0.125,1.25e-05,-0.04310418676025522
FULL_ALPHA_EQUAL,FULL_ALPHA_EQUAL,equal,2015-12-31,2015-12-31,2016-01-29,8,-0.06429611797776243,0.375,3.7500000000000003e-05,-0.06433361797776242
FULL_ALPHA_EQUAL,FULL_ALPHA_EQUAL,equal,2016-01-29,2016-01-29,2016-02-29,8,-0.004872609098043712,0.375,3.7500000000000003e-05,-0.004910109098043712
FULL_ALPHA_EQUAL,FULL_ALPHA_EQUAL,equal,2016-02-29,2016-02-29,2016-03-31,8,0.15680846826360492,0.25,2.5e-05,0.15678346826360492
FULL_ALPHA_EQUAL,FULL_ALPHA_EQUAL,equal,2016-03-31,2016-03-31,2016-04-29,8,0.0640027452266388,0.25,2.5e-05,0.06397774522663881
FULL_ALPHA_EQUAL,FULL_ALPHA_EQUAL,equal,2016-04-29,2016-04-29,2016-05-31,8,-0.053484461720145565,0.25,2.5e-05,-0.05350946172014556
FULL_ALPHA_EQUAL,FULL_ALPHA_EQUAL,equal,2016-05-31,2016-05-31,2016-06-30,8,0.02812338913517319,0.25,2.5e-05,0.02809838913517319
FULL_ALPHA_EQUAL,FULL_ALPHA_EQUAL,equal,2016-06-30,2016-06-30,2016-07-29,8,0.06784509595439174,0.25,2.5e-05,0.06782009595439174
FULL_ALPHA_EQUAL,FULL_ALPHA_EQUAL,equal,2016-07-29,2016-07-29,2016-08-31,8,-0.003808904345450753,0.125,1.25e-05,-0.003821404345450753
FULL_ALPHA_EQUAL,FULL_ALPHA_EQUAL,equal,2016-08-31,2016-08-31,2016-09-30,8,0.022589824769333577,0.25,2.5e-05,0.022564824769333577
FULL_ALPHA_EQUAL,FULL_ALPHA_EQUAL,equal,2016-09-30,2016-09-30,2016-10-31,8,0.07494060839794313,0.125,1.25e-05,0.07492810839794313
FULL_ALPHA_EQUAL,FULL_ALPHA_EQUAL,equal,2016-10-31,2016-10-31,2016-11-30,8,0.07870403657821283,0.25,2.5e-05,0.07867903657821283
FULL_ALPHA_EQUAL,FULL_ALPHA_EQUAL,equal,2016-11-30,2016-11-30,2016-12-30,8,-0.008809658490732133,0.25,2.5e-05,-0.008834658490732134
FULL_ALPHA_EQUAL,FULL_ALPHA_EQUAL,equal,2016-12-30,2016-12-30,2017-01-31,8,0.06032301255703611,0.25,2.5e-05,0.06029801255703611
FULL_ALPHA_EQUAL,FULL_ALPHA_EQUAL,equal,2017-01-31,2017-01-31,2017-02-28,8,0.02915275485339254,0.25,2.5e-05,0.02912775485339254
FULL_ALPHA_EQUAL,FULL_ALPHA_EQUAL,equal,2017-02-28,2017-02-28,2017-03-31,8,-0.00382977015155328,0.25,2.5e-05,-0.00385477015155328
FULL_ALPHA_EQUAL,FULL_ALPHA_EQUAL,equal,2017-03-31,2017-03-31,2017-04-28,8,0.0007135782432284438,0.125,1.25e-05,0.0007010782432284437
FULL_ALPHA_EQUAL,FULL_ALPHA_EQUAL,equal,2017-04-28,2017-04-28,2017-05-31,8,0.034205241393637856,0.25,2.5e-05,0.03418024139363786
FULL_ALPHA_EQUAL,FULL_ALPHA_EQUAL,equal,2017-05-31,2017-05-31,2017-06-30,8,-0.005563048811600774,0.25,2.5e-05,-0.0055880488116007735
FULL_ALPHA_EQUAL,FULL_ALPHA_EQUAL,equal,2017-06-30,2017-06-30,2017-07-31,8,0.08592464758957556,0.0,0.0,0.08592464758957556
FULL_ALPHA_EQUAL,FULL_ALPHA_EQUAL,equal,2017-07-31,2017-07-31,2017-08-31,8,0.00508489097030973,0.125,1.25e-05,0.00507239097030973
FULL_ALPHA_EQUAL,FULL_ALPHA_EQUAL,equal,2017-08-31,2017-08-31,2017-09-29,8,0.006521725684004984,0.25,2.5e-05,0.006496725684004984
FULL_ALPHA_EQUAL,FULL_ALPHA_EQUAL,equal,2017-09-29,2017-09-29,2017-10-31,8,0.03645135023159084,0.125,1.25e-05,0.03643885023159084
FULL_ALPHA_EQUAL,FULL_ALPHA_EQUAL,equal,2017-10-31,2017-10-31,2017-11-30,8,0.01110187837863734,0.25,2.5e-05,0.011076878378637339
FULL_ALPHA_EQUAL,FULL_ALPHA_EQUAL,equal,2017-11-30,2017-11-30,2017-12-29,8,0.033996051676046246,0.25,2.5e-05,0.03397105167604625
FULL_ALPHA_EQUAL,FULL_ALPHA_EQUAL,equal,2017-12-29,2017-12-29,2018-01-31,8,0.14866094484668815,0.125,1.25e-05,0.14864844484668815
FULL_ALPHA_EQUAL,FULL_ALPHA_EQUAL,equal,2018-01-31,2018-01-31,2018-02-28,8,0.011160487555170379,0.125,1.25e-05,0.011147987555170378
FULL_ALPHA_EQUAL,FULL_ALPHA_EQUAL,equal,2018-02-28,2018-02-28,2018-03-29,8,-0.029818839465425337,0.125,1.25e-05,-0.029831339465425336
FULL_ALPHA_EQUAL,FULL_ALPHA_EQUAL,equal,2018-03-29,2018-03-29,2018-04-30,8,0.022237873971096445,0.125,1.25e-05,0.022225373971096446
FULL_ALPHA_EQUAL,FULL_ALPHA_EQUAL,equal,2018-04-30,2018-04-30,2018-05-31,8,0.011198846292050035,0.25,2.5e-05,0.011173846292050035
FULL_ALPHA_EQUAL,FULL_ALPHA_EQUAL,equal,2018-05-31,2018-05-31,2018-06-29,8,0.0027785428457846872,0.25,2.5e-05,0.0027535428457846874
FULL_ALPHA_EQUAL,FULL_ALPHA_EQUAL,equal,2018-06-29,2018-06-29,2018-07-31,8,0.027464275026902865,0.375,3.7500000000000003e-05,0.027426775026902866
FULL_ALPHA_EQUAL,FULL_ALPHA_EQUAL,equal,2018-07-31,2018-07-31,2018-08-31,8,0.02220441232253087,0.125,1.25e-05,0.02219191232253087
FULL_ALPHA_EQUAL,FULL_ALPHA_EQUAL,equal,2018-08-31,2018-08-31,2018-09-28,8,0.02590316198324842,0.375,3.7500000000000003e-05,0.025865661983248422
FULL_ALPHA_EQUAL,FULL_ALPHA_EQUAL,equal,2018-09-28,2018-09-28,2018-10-31,8,-0.07843898214334159,0.25,2.5e-05,-0.07846398214334159
FULL_ALPHA_EQUAL,FULL_ALPHA_EQUAL,equal,2018-10-31,2018-10-31,2018-11-30,8,-0.009721934233883345,0.25,2.5e-05,-0.009746934233883345
FULL_ALPHA_EQUAL,FULL_ALPHA_EQUAL,equal,2018-11-30,2018-11-30,2018-12-31,8,-0.06299117203470984,0.5,5e-05,-0.06304117203470984
FULL_ALPHA_EQUAL,FULL_ALPHA_EQUAL,equal,2018-12-31,2018-12-31,2019-01-31,8,0.0801401494896586,0.25,2.5e-05,0.0801151494896586
FULL_ALPHA_EQUAL,FULL_ALPHA_EQUAL,equal,2019-01-31,2019-01-31,2019-02-28,8,0.04686499433792868,0.125,1.25e-05,0.04685249433792868
FULL_ALPHA_EQUAL,FULL_ALPHA_EQUAL,equal,2019-02-28,2019-02-28,2019-03-29,16,0.02855812532020202,0.6875,6.875e-05,0.028489375320202022
FULL_ALPHA_EQUAL,FULL_ALPHA_EQUAL,equal,2019-03-29,2019-03-29,2019-04-30,18,0.012573824291446926,0.2777777777777778,2.777777777777778e-05,0.012546046513669149
FULL_ALPHA_EQUAL,FULL_ALPHA_EQUAL,equal,2019-04-30,2019-04-30,2019-05-31,19,-0.1096047368324651,0.31578947368421045,3.1578947368421045e-05,-0.10963631577983353
FULL_ALPHA_EQUAL,FULL_ALPHA_EQUAL,equal,2019-05-31,2019-05-31,2019-06-28,19,0.07594737072818881,0.4210526315789475,4.210526315789475e-05,0.07590526546503092
FULL_ALPHA_EQUAL,FULL_ALPHA_EQUAL,equal,2019-06-28,2019-06-28,2019-07-31,19,0.02263190605481387,0.2105263157894737,2.1052631578947372e-05,0.022610853423234923
FULL_ALPHA_EQUAL,FULL_ALPHA_EQUAL,equal,2019-07-31,2019-07-31,2019-08-30,20,-0.006767259950686609,0.3500000000000001,3.500000000000001e-05,-0.006802259950686609
FULL_ALPHA_EQUAL,FULL_ALPHA_EQUAL,equal,2019-08-30,2019-08-30,2019-09-30,20,0.0061894211094692736,0.19999999999999996,1.9999999999999995e-05,0.0061694211094692735
FULL_ALPHA_EQUAL,FULL_ALPHA_EQUAL,equal,2019-09-30,2019-09-30,2019-10-31,21,0.021382174962713867,0.19047619047619047,1.9047619047619046e-05,0.021363127343666247
FULL_ALPHA_EQUAL,FULL_ALPHA_EQUAL,equal,2019-10-31,2019-10-31,2019-11-29,21,0.011179153220554084,0.238095238095238,2.38095238095238e-05,0.011155343696744561
FULL_ALPHA_EQUAL,FULL_ALPHA_EQUAL,equal,2019-11-29,2019-11-29,2019-12-31,22,0.0552884742381681,0.45454545454545425,4.5454545454545425e-05,0.05524301969271356
FULL_ALPHA_EQUAL,FULL_ALPHA_EQUAL,equal,2019-12-31,2019-12-31,2020-01-31,22,-0.036775443297168794,0.2272727272727273,2.272727272727273e-05,-0.036798170569896066
FULL_ALPHA_EQUAL,FULL_ALPHA_EQUAL,equal,2020-01-31,2020-01-31,2020-02-28,22,-0.07185461321788995,0.3181818181818182,3.181818181818182e-05,-0.07188643139970814
FULL_ALPHA_EQUAL,FULL_ALPHA_EQUAL,equal,2020-02-28,2020-02-28,2020-03-31,26,-0.09203352110076711,0.5000000000000001,5.0000000000000016e-05,-0.0920835211007671
FULL_ALPHA_EQUAL,FULL_ALPHA_EQUAL,equal,2020-03-31,2020-03-31,2020-04-30,26,0.14196640702563174,0.1923076923076923,1.923076923076923e-05,0.14194717625640096
FULL_ALPHA_EQUAL,FULL_ALPHA_EQUAL,equal,2020-04-30,2020-04-30,2020-05-29,26,0.08531279784809566,0.07692307692307693,7.692307692307694e-06,0.08530510554040335
FULL_ALPHA_EQUAL,FULL_ALPHA_EQUAL,equal,2020-05-29,2020-05-29,2020-06-30,26,0.02899996149030922,0.11538461538461539,1.153846153846154e-05,0.02898842302877076
FULL_ALPHA_EQUAL,FULL_ALPHA_EQUAL,equal,2020-06-30,2020-06-30,2020-07-31,26,0.0857440382239804,0.15384615384615385,1.5384615384615387e-05,0.08572865360859579
FULL_ALPHA_EQUAL,FULL_ALPHA_EQUAL,equal,2020-07-31,2020-07-31,2020-08-31,26,0.05715962722203665,0.15384615384615385,1.5384615384615387e-05,0.05714424260665203
FULL_ALPHA_EQUAL,FULL_ALPHA_EQUAL,equal,2020-08-31,2020-08-31,2020-09-30,26,-0.02576370605904454,0.23076923076923078,2.307692307692308e-05,-0.025786782982121465
FULL_ALPHA_EQUAL,FULL_ALPHA_EQUAL,equal,2020-09-30,2020-09-30,2020-10-30,27,-0.029237099157784698,0.1851851851851851,1.851851851851851e-05,-0.029255617676303216
FULL_ALPHA_EQUAL,FULL_ALPHA_EQUAL,equal,2020-10-30,2020-10-30,2020-11-30,27,0.15903456466380841,0.22222222222222227,2.2222222222222227e-05,0.15901234244158619
FULL_ALPHA_EQUAL,FULL_ALPHA_EQUAL,equal,2020-11-30,2020-11-30,2020-12-31,27,0.051266224804701305,0.2962962962962964,2.962962962962964e-05,0.051236595175071675
FULL_ALPHA_EQUAL,FULL_ALPHA_EQUAL,equal,2020-12-31,2020-12-31,2021-01-29,27,-0.00868056150944089,0.22222222222222224,2.2222222222222223e-05,-0.008702783731663112
FULL_ALPHA_EQUAL,FULL_ALPHA_EQUAL,equal,2021-01-29,2021-01-29,2021-02-26,27,0.08137463521852695,0.2962962962962964,2.962962962962964e-05,0.08134500558889732
FULL_ALPHA_EQUAL,FULL_ALPHA_EQUAL,equal,2021-02-26,2021-02-26,2021-03-31,27,0.0365664470674811,0.48148148148148157,4.814814814814816e-05,0.03651829891933295
FULL_ALPHA_EQUAL,FULL_ALPHA_EQUAL,equal,2021-03-31,2021-03-31,2021-04-30,27,0.03389684001214142,0.3333333333333334,3.333333333333334e-05,0.03386350667880808
FULL_ALPHA_EQUAL,FULL_ALPHA_EQUAL,equal,2021-04-30,2021-04-30,2021-05-28,27,0.04612930753931162,0.3333333333333334,3.333333333333334e-05,0.04609597420597828
FULL_ALPHA_EQUAL,FULL_ALPHA_EQUAL,equal,2021-05-28,2021-05-28,2021-06-30,27,0.01241213402325553,0.22222222222222224,2.2222222222222223e-05,0.012389911801033307
FULL_ALPHA_EQUAL,FULL_ALPHA_EQUAL,equal,2021-06-30,2021-06-30,2021-07-30,27,0.0046042881025799365,0.22222222222222227,2.2222222222222227e-05,0.004582065880357714
FULL_ALPHA_EQUAL,FULL_ALPHA_EQUAL,equal,2021-07-30,2021-07-30,2021-08-31,27,0.0228814195175228,0.25925925925925936,2.592592592592594e-05,0.022855493591596873
FULL_ALPHA_EQUAL,FULL_ALPHA_EQUAL,equal,2021-08-31,2021-08-31,2021-09-30,27,-0.03844745385884238,0.2592592592592593,2.592592592592593e-05,-0.03847337978476831
FULL_ALPHA_EQUAL,FULL_ALPHA_EQUAL,equal,2021-09-30,2021-09-30,2021-10-29,27,0.07075826790506222,0.2592592592592593,2.592592592592593e-05,0.07073234197913629
FULL_ALPHA_EQUAL,FULL_ALPHA_EQUAL,equal,2021-10-29,2021-10-29,2021-11-30,27,0.020487230765880583,0.22222222222222224,2.2222222222222223e-05,0.02046500854365836
FULL_ALPHA_EQUAL,FULL_ALPHA_EQUAL,equal,2021-11-30,2021-11-30,2021-12-31,27,0.04574079067527584,0.2592592592592593,2.592592592592593e-05,0.04571486474934991
FULL_ALPHA_EQUAL,FULL_ALPHA_EQUAL,equal,2021-12-31,2021-12-31,2022-01-31,27,-0.09472253251380315,0.22222222222222227,2.2222222222222227e-05,-0.09474475473602538
FULL_ALPHA_EQUAL,FULL_ALPHA_EQUAL,equal,2022-01-31,2022-01-31,2022-02-28,27,0.010259292660906149,0.3333333333333334,3.333333333333334e-05,0.010225959327572816
FULL_ALPHA_EQUAL,FULL_ALPHA_EQUAL,equal,2022-02-28,2022-02-28,2022-03-31,28,0.06551908820111867,0.6785714285714286,6.785714285714286e-05,0.06545123105826152
FULL_ALPHA_EQUAL,FULL_ALPHA_EQUAL,equal,2022-03-31,2022-03-31,2022-04-29,28,-0.06456498203785387,0.2857142857142857,2.857142857142857e-05,-0.0645935534664253
FULL_ALPHA_EQUAL,FULL_ALPHA_EQUAL,equal,2022-04-29,2022-04-29,2022-05-31,28,0.02960854888054757,0.25000000000000006,2.5000000000000008e-05,0.02958354888054757
FULL_ALPHA_EQUAL,FULL_ALPHA_EQUAL,equal,2022-05-31,2022-05-31,2022-06-30,28,-0.13191872033873903,0.25,2.5e-05,-0.13194372033873902
FULL_ALPHA_EQUAL,FULL_ALPHA_EQUAL,equal,2022-06-30,2022-06-30,2022-07-29,28,0.0914011587778704,0.1785714285714286,1.7857142857142862e-05,0.09138330163501326
FULL_ALPHA_EQUAL,FULL_ALPHA_EQUAL,equal,2022-07-29,2022-07-29,2022-08-31,28,-0.010908803637917441,0.10714285714285716,1.0714285714285717e-05,-0.010919517923631727
FULL_ALPHA_EQUAL,FULL_ALPHA_EQUAL,equal,2022-08-31,2022-08-31,2022-09-30,28,-0.08929000735244484,0.25000000000000006,2.5000000000000008e-05,-0.08931500735244484
FULL_ALPHA_EQUAL,FULL_ALPHA_EQUAL,equal,2022-09-30,2022-09-30,2022-10-31,28,0.1355681708254785,0.25,2.5e-05,0.1355431708254785
FULL_ALPHA_EQUAL,FULL_ALPHA_EQUAL,equal,2022-10-31,2022-10-31,2022-11-30,28,0.06399377064067226,0.10714285714285716,1.0714285714285717e-05,0.06398305635495798
FULL_ALPHA_EQUAL,FULL_ALPHA_EQUAL,equal,2022-11-30,2022-11-30,2022-12-30,28,-0.059461747716120755,0.25,2.5e-05,-0.05948674771612075
FULL_ALPHA_EQUAL,FULL_ALPHA_EQUAL,equal,2022-12-30,2022-12-30,2023-01-31,28,0.06965909987222939,0.25,2.5e-05,0.06963409987222939
FULL_ALPHA_EQUAL,FULL_ALPHA_EQUAL,equal,2023-01-31,2023-01-31,2023-02-28,28,-0.03557561958375186,0.25000000000000006,2.5000000000000008e-05,-0.03560061958375186
FULL_ALPHA_EQUAL,FULL_ALPHA_EQUAL,equal,2023-02-28,2023-02-28,2023-03-31,28,0.022489965226336135,0.39285714285714285,3.928571428571429e-05,0.02245067951205042
FULL_ALPHA_EQUAL,FULL_ALPHA_EQUAL,equal,2023-03-31,2023-03-31,2023-04-28,28,-0.017459274551444824,0.2857142857142857,2.857142857142857e-05,-0.017487845980016254
FULL_ALPHA_EQUAL,FULL_ALPHA_EQUAL,equal,2023-04-28,2023-04-28,2023-05-31,28,0.03317386223300696,0.25,2.5e-05,0.03314886223300696
FULL_ALPHA_EQUAL,FULL_ALPHA_EQUAL,equal,2023-05-31,2023-05-31,2023-06-30,28,0.06925237088278281,0.25,2.5e-05,0.06922737088278282
FULL_ALPHA_EQUAL,FULL_ALPHA_EQUAL,equal,2023-06-30,2023-06-30,2023-07-31,28,0.05216554049941948,0.1785714285714286,1.7857142857142862e-05,0.052147683356562335
FULL_ALPHA_EQUAL,FULL_ALPHA_EQUAL,equal,2023-07-31,2023-07-31,2023-08-31,28,0.002256676310995385,0.21428571428571427,2.1428571428571428e-05,0.0022352477395668133
FULL_ALPHA_EQUAL,FULL_ALPHA_EQUAL,equal,2023-08-31,2023-08-31,2023-09-29,28,-0.03480425239782329,0.1785714285714286,1.7857142857142862e-05,-0.034822109540680435
FULL_ALPHA_EQUAL,FULL_ALPHA_EQUAL,equal,2023-09-29,2023-09-29,2023-10-31,28,-0.03166281256599642,0.2142857142857143,2.142857142857143e-05,-0.03168424113742499
FULL_ALPHA_EQUAL,FULL_ALPHA_EQUAL,equal,2023-10-31,2023-10-31,2023-11-30,28,0.07710182166855242,0.32142857142857145,3.2142857142857144e-05,0.07706967881140957
FULL_ALPHA_EQUAL,FULL_ALPHA_EQUAL,equal,2023-11-30,2023-11-30,2023-12-29,28,0.035979711351031916,0.1785714285714286,1.7857142857142862e-05,0.03596185420817477
FULL_ALPHA_EQUAL,FULL_ALPHA_EQUAL,equal,2023-12-29,2023-12-29,2024-01-31,28,0.06332286784395505,0.35714285714285715,3.571428571428572e-05,0.06328715355824076
FULL_ALPHA_EQUAL,FULL_ALPHA_EQUAL,equal,2024-01-31,2024-01-31,2024-02-29,28,0.05547741679831554,0.25,2.5e-05,0.05545241679831554
FULL_ALPHA_EQUAL,FULL_ALPHA_EQUAL,equal,2024-02-29,2024-02-29,2024-03-28,28,0.04335157886375903,0.4285714285714286,4.285714285714286e-05,0.04330872172090189
FULL_ALPHA_EQUAL,FULL_ALPHA_EQUAL,equal,2024-03-28,2024-03-28,2024-04-30,28,-0.034604195641630184,0.14285714285714288,1.4285714285714289e-05,-0.0346184813559159
FULL_ALPHA_EQUAL,FULL_ALPHA_EQUAL,equal,2024-04-30,2024-04-30,2024-05-31,28,0.04818521004466338,0.2142857142857143,2.142857142857143e-05,0.048163781473234815
FULL_ALPHA_EQUAL,FULL_ALPHA_EQUAL,equal,2024-05-31,2024-05-31,2024-06-28,28,0.02342894618855372,0.14285714285714288,1.4285714285714289e-05,0.023414660474268007
FULL_ALPHA_EQUAL,FULL_ALPHA_EQUAL,equal,2024-06-28,2024-06-28,2024-07-31,28,-0.0009296596504454614,0.28571428571428575,2.8571428571428578e-05,-0.00095823107901689
FULL_ALPHA_EQUAL,FULL_ALPHA_EQUAL,equal,2024-07-31,2024-07-31,2024-08-30,28,0.03156715426301211,0.32142857142857145,3.2142857142857144e-05,0.03153501140586926
FULL_ALPHA_EQUAL,FULL_ALPHA_EQUAL,equal,2024-08-30,2024-08-30,2024-09-30,28,0.025533397828745835,0.3928571428571429,3.928571428571429e-05,0.02549411211446012
FULL_ALPHA_EQUAL,FULL_ALPHA_EQUAL,equal,2024-09-30,2024-09-30,2024-10-31,28,-0.009688123097804672,0.25000000000000006,2.5000000000000008e-05,-0.009713123097804673
FULL_ALPHA_EQUAL,FULL_ALPHA_EQUAL,equal,2024-10-31,2024-10-31,2024-11-29,28,0.11262797432770999,0.28571428571428575,2.8571428571428578e-05,0.11259940289913856
FULL_ALPHA_EQUAL,FULL_ALPHA_EQUAL,equal,2024-11-29,2024-11-29,2024-12-31,28,-0.04366929879221395,0.21428571428571433,2.1428571428571435e-05,-0.04369072736364252
FULL_ALPHA_EQUAL,FULL_ALPHA_EQUAL,equal,2024-12-31,2024-12-31,2025-01-31,28,0.04842001121048045,0.2142857142857143,2.142857142857143e-05,0.04839858263905188
FULL_ALPHA_EQUAL,FULL_ALPHA_EQUAL,equal,2025-01-31,2025-01-31,2025-02-28,29,-0.01615095595828514,0.20689655172413796,2.0689655172413797e-05,-0.016171645613457554
FULL_ALPHA_EQUAL,FULL_ALPHA_EQUAL,equal,2025-02-28,2025-02-28,2025-03-31,29,-0.021599163593320505,0.4137931034482759,4.137931034482759e-05,-0.021640542903665332
FULL_ALPHA_EQUAL,FULL_ALPHA_EQUAL,equal,2025-03-31,2025-03-31,2025-04-30,29,-0.000463368534205923,0.17241379310344832,1.724137931034483e-05,-0.00048060991351626785
FULL_ALPHA_EQUAL,FULL_ALPHA_EQUAL,equal,2025-04-30,2025-04-30,2025-05-30,29,0.03626563659905905,0.20689655172413796,2.0689655172413797e-05,0.036244946943886636
FULL_ALPHA_EQUAL,FULL_ALPHA_EQUAL,equal,2025-05-30,2025-05-30,2025-06-30,29,0.046867816933586465,0.20689655172413798,2.06896551724138e-05,0.04684712727841405
FULL_ALPHA_EQUAL,FULL_ALPHA_EQUAL,equal,2025-06-30,2025-06-30,2025-07-31,29,-0.004418927757964424,0.31034482758620685,3.1034482758620685e-05,-0.004449962240723045
FULL_ALPHA_EQUAL,FULL_ALPHA_EQUAL,equal,2025-07-31,2025-07-31,2025-08-29,29,0.021506819019299205,0.31034482758620685,3.1034482758620685e-05,0.021475784536540584
FULL_ALPHA_EQUAL,FULL_ALPHA_EQUAL,equal,2025-08-29,2025-08-29,2025-09-30,29,0.05221512922163868,0.27586206896551724,2.7586206896551727e-05,0.05218754301474213
FULL_ALPHA_EQUAL,FULL_ALPHA_EQUAL,equal,2025-09-30,2025-09-30,2025-10-31,29,0.04664589003211326,0.24137931034482762,2.4137931034482765e-05,0.04662175210107877
FULL_ALPHA_EQUAL,FULL_ALPHA_EQUAL,equal,2025-10-31,2025-10-31,2025-11-28,29,-0.01979951584264448,0.27586206896551724,2.7586206896551727e-05,-0.01982710204954103
FULL_ALPHA_EQUAL,FULL_ALPHA_EQUAL,equal,2025-11-28,2025-11-28,2025-12-31,29,0.022515106534573396,0.3448275862068966,3.4482758620689657e-05,0.022480623775952707
FULL_ALPHA_EQUAL,FULL_ALPHA_EQUAL,equal,2025-12-31,2025-12-31,2026-01-30,29,0.09698259993774479,0.1724137931034483,1.7241379310344828e-05,0.09696535855843444
FULL_ALPHA_EQUAL,FULL_ALPHA_EQUAL,equal,2026-01-30,2026-01-30,2026-02-27,29,0.06323470712162602,0.1724137931034483,1.7241379310344828e-05,0.06321746574231567
FULL_ALPHA_EQUAL,FULL_ALPHA_EQUAL,equal,2026-02-27,2026-02-27,2026-03-31,29,-0.030023848313557366,0.24137931034482762,2.4137931034482765e-05,-0.03004798624459185
FULL_ALPHA_EQUAL,FULL_ALPHA_EQUAL,equal,2026-03-31,2026-03-31,2026-04-30,29,0.08756484941877585,0.2758620689655173,2.758620689655173e-05,0.0875372632118793
FULL_ALPHA_EQUAL,FULL_ALPHA_EQUAL,equal,2026-04-30,2026-04-30,2026-05-29,29,0.06007273604135708,0.2413793103448276,2.413793103448276e-05,0.06004859811032259
FULL_ALPHA_EQUAL,FULL_ALPHA_EQUAL,equal,2026-05-29,2026-05-29,2026-06-30,29,0.03107910322735822,0.24137931034482762,2.4137931034482765e-05,0.031054965296323737
FULL_ALPHA_EQUAL,FULL_ALPHA_EQUAL,equal,2026-06-30,2026-06-30,2026-07-31,29,-0.01713076169650356,0.24137931034482765,2.4137931034482765e-05,-0.017154899627538044
FULL_ALPHA_EQUAL,FULL_ALPHA_EQUAL,equal,2026-07-31,2026-07-31,2026-08-31,29,0.03632348425856716,0.27586206896551724,2.7586206896551727e-05,0.036295898051670605
FULL_ALPHA_EQUAL,FULL_ALPHA_EQUAL,equal,2026-08-31,2026-08-31,2026-09-02,29,-0.0037809598104025306,0.37931034482758624,3.793103448275863e-05,-0.0038188908448852895
FULL_ALPHA_EQUAL,FULL_ALPHA_EQUAL,equal,2026-09-02,2026-08-31,2026-09-02,29,0.00720857921791023,0.20689655172413796,2.0689655172413797e-05,0.007187889562737817
FULL_ALPHA_CONVICTION,FULL_ALPHA_EQUAL,conviction,2014-01-31,2014-01-31,2014-02-28,8,0.05483240251343864,0.5,5e-05,0.05478240251343864
FULL_ALPHA_CONVICTION,FULL_ALPHA_EQUAL,conviction,2014-02-28,2014-02-28,2014-03-31,8,-0.06947535556854235,0.5298261464950975,5.298261464950975e-05,-0.06952833818319186
FULL_ALPHA_CONVICTION,FULL_ALPHA_EQUAL,conviction,2014-03-31,2014-03-31,2014-04-30,8,0.0373056246254169,0.6531595722464113,6.531595722464114e-05,0.03724030866819226
FULL_ALPHA_CONVICTION,FULL_ALPHA_EQUAL,conviction,2014-04-30,2014-04-30,2014-05-30,8,0.021140901642988312,0.6511153753897807,6.511153753897807e-05,0.021075790105449334
FULL_ALPHA_CONVICTION,FULL_ALPHA_EQUAL,conviction,2014-05-30,2014-05-30,2014-06-30,8,0.03576756180706899,0.20251434490185807,2.0251434490185807e-05,0.035747310372578806
FULL_ALPHA_CONVICTION,FULL_ALPHA_EQUAL,conviction,2014-06-30,2014-06-30,2014-07-31,8,-0.030975834843471255,0.9222186921505113,9.222186921505114e-05,-0.031068056712686306
FULL_ALPHA_CONVICTION,FULL_ALPHA_EQUAL,conviction,2014-07-31,2014-07-31,2014-08-29,8,0.1855489656044076,0.5903003970811026,5.903003970811026e-05,0.18548993556469948
FULL_ALPHA_CONVICTION,FULL_ALPHA_EQUAL,conviction,2014-08-29,2014-08-29,2014-09-30,8,-0.20383753861996934,0.07858175439851359,7.858175439851359e-06,-0.2038453967954092
FULL_ALPHA_CONVICTION,FULL_ALPHA_EQUAL,conviction,2014-09-30,2014-09-30,2014-10-31,8,0.03366138393573257,0.7122584628225317,7.122584628225317e-05,0.03359015808945032
FULL_ALPHA_CONVICTION,FULL_ALPHA_EQUAL,conviction,2014-10-31,2014-10-31,2014-11-28,8,0.035057574007325856,0.33862892260268246,3.386289226026825e-05,0.03502371111506559
FULL_ALPHA_CONVICTION,FULL_ALPHA_EQUAL,conviction,2014-11-28,2014-11-28,2014-12-31,8,0.02321730512830242,0.12548063549619604,1.2548063549619605e-05,0.023204757064752803
FULL_ALPHA_CONVICTION,FULL_ALPHA_EQUAL,conviction,2014-12-31,2014-12-31,2015-01-30,8,0.03552932138583506,0.1837454666357211,1.8374546663572114e-05,0.03551094683917149
FULL_ALPHA_CONVICTION,FULL_ALPHA_EQUAL,conviction,2015-01-30,2015-01-30,2015-02-27,8,0.07148815321132024,0.5086203923467323,5.086203923467323e-05,0.07143729117208557
FULL_ALPHA_CONVICTION,FULL_ALPHA_EQUAL,conviction,2015-02-27,2015-02-27,2015-03-31,8,-0.06484267212740243,0.18149852544423384,1.8149852544423385e-05,-0.06486082197994684
FULL_ALPHA_CONVICTION,FULL_ALPHA_EQUAL,conviction,2015-03-31,2015-03-31,2015-04-30,8,0.10725857406272007,0.29575882027793465,2.9575882027793465e-05,0.10722899818069229
FULL_ALPHA_CONVICTION,FULL_ALPHA_EQUAL,conviction,2015-04-30,2015-04-30,2015-05-29,8,0.061982432475711544,0.5793738715512642,5.7937387155126423e-05,0.061924495088556415
FULL_ALPHA_CONVICTION,FULL_ALPHA_EQUAL,conviction,2015-05-29,2015-05-29,2015-06-30,8,0.049189762135864915,0.23388286483565762,2.3388286483565762e-05,0.04916637384938135
FULL_ALPHA_CONVICTION,FULL_ALPHA_EQUAL,conviction,2015-06-30,2015-06-30,2015-07-31,8,0.004810821685050773,0.4038884358624524,4.038884358624524e-05,0.004770432841464528
FULL_ALPHA_CONVICTION,FULL_ALPHA_EQUAL,conviction,2015-07-31,2015-07-31,2015-08-31,8,0.0049861815006845365,0.47763585847037965,4.7763585847037965e-05,0.004938417914837499
FULL_ALPHA_CONVICTION,FULL_ALPHA_EQUAL,conviction,2015-08-31,2015-08-31,2015-09-30,8,-0.07510695301007024,0.08473609198072904,8.473609198072904e-06,-0.07511542661926832
FULL_ALPHA_CONVICTION,FULL_ALPHA_EQUAL,conviction,2015-09-30,2015-09-30,2015-10-30,8,0.04584528771677189,0.08757160224845324,8.757160224845325e-06,0.045836530556547045
FULL_ALPHA_CONVICTION,FULL_ALPHA_EQUAL,conviction,2015-10-30,2015-10-30,2015-11-30,8,0.1169049447834893,0.06734301931518503,6.734301931518504e-06,0.11689821048155778
FULL_ALPHA_CONVICTION,FULL_ALPHA_EQUAL,conviction,2015-11-30,2015-11-30,2015-12-31,8,-0.06970300411464433,0.07561418821871277,7.561418821871277e-06,-0.0697105655334662
FULL_ALPHA_CONVICTION,FULL_ALPHA_EQUAL,conviction,2015-12-31,2015-12-31,2016-01-29,8,-0.17367419772070736,0.10648008404264142,1.0648008404264142e-05,-0.1736848457291116
FULL_ALPHA_CONVICTION,FULL_ALPHA_EQUAL,conviction,2016-01-29,2016-01-29,2016-02-29,8,0.035937607999405166,0.862373886713559,8.62373886713559e-05,0.03585137061073381
FULL_ALPHA_CONVICTION,FULL_ALPHA_EQUAL,conviction,2016-02-29,2016-02-29,2016-03-31,8,0.07532676128971752,0.16222570588902263,1.6222570588902263e-05,0.07531053871912861
FULL_ALPHA_CONVICTION,FULL_ALPHA_EQUAL,conviction,2016-03-31,2016-03-31,2016-04-29,8,0.3005904181555563,0.9346179226557287,9.346179226557288e-05,0.30049695636329077
FULL_ALPHA_CONVICTION,FULL_ALPHA_EQUAL,conviction,2016-04-29,2016-04-29,2016-05-31,8,-0.20918765484993282,0.15541762617528168,1.5541762617528168e-05,-0.20920319661255035
FULL_ALPHA_CONVICTION,FULL_ALPHA_EQUAL,conviction,2016-05-31,2016-05-31,2016-06-30,8,0.06595885572782537,0.7624056088237292,7.624056088237292e-05,0.06588261516694299
FULL_ALPHA_CONVICTION,FULL_ALPHA_EQUAL,conviction,2016-06-30,2016-06-30,2016-07-29,8,0.1532193638861129,0.6551128003823384,6.551128003823384e-05,0.15315385260607467
FULL_ALPHA_CONVICTION,FULL_ALPHA_EQUAL,conviction,2016-07-29,2016-07-29,2016-08-31,8,0.029677394362884302,0.07105311160832793,7.105311160832794e-06,0.029670289051723468
FULL_ALPHA_CONVICTION,FULL_ALPHA_EQUAL,conviction,2016-08-31,2016-08-31,2016-09-30,8,0.018858537602903094,0.22855555817806011,2.2855555817806013e-05,0.018835682047085286
FULL_ALPHA_CONVICTION,FULL_ALPHA_EQUAL,conviction,2016-09-30,2016-09-30,2016-10-31,8,0.24909645227307722,0.11659525395497902,1.1659525395497904e-05,0.24908479274768172
FULL_ALPHA_CONVICTION,FULL_ALPHA_EQUAL,conviction,2016-10-31,2016-10-31,2016-11-30,8,-0.059501972005388544,0.4074293954226601,4.074293954226601e-05,-0.05954271494493081
FULL_ALPHA_CONVICTION,FULL_ALPHA_EQUAL,conviction,2016-11-30,2016-11-30,2016-12-30,8,-0.03731871172723879,0.1831073369958301,1.831073369958301e-05,-0.03733702246093837
FULL_ALPHA_CONVICTION,FULL_ALPHA_EQUAL,conviction,2016-12-30,2016-12-30,2017-01-31,8,0.0693397922559147,0.3780218998944832,3.780218998944832e-05,0.06930199006592526
FULL_ALPHA_CONVICTION,FULL_ALPHA_EQUAL,conviction,2017-01-31,2017-01-31,2017-02-28,8,0.012281346327232965,0.31797426870680834,3.179742687068083e-05,0.012249548900362284
FULL_ALPHA_CONVICTION,FULL_ALPHA_EQUAL,conviction,2017-02-28,2017-02-28,2017-03-31,8,0.03818194540058035,0.2758592854638395,2.758592854638395e-05,0.038154359472033966
FULL_ALPHA_CONVICTION,FULL_ALPHA_EQUAL,conviction,2017-03-31,2017-03-31,2017-04-28,8,0.02657819303721413,0.15872217722629395,1.5872217722629395e-05,0.026562320819491503
FULL_ALPHA_CONVICTION,FULL_ALPHA_EQUAL,conviction,2017-04-28,2017-04-28,2017-05-31,8,0.07373242628687757,0.25773981972415555,2.5773981972415557e-05,0.07370665230490515
FULL_ALPHA_CONVICTION,FULL_ALPHA_EQUAL,conviction,2017-05-31,2017-05-31,2017-06-30,8,-0.06224215941682952,0.28829384849973,2.8829384849973e-05,-0.06227098880167949
FULL_ALPHA_CONVICTION,FULL_ALPHA_EQUAL,conviction,2017-06-30,2017-06-30,2017-07-31,8,0.15956235280053999,0.16256433149646726,1.6256433149646726e-05,0.15954609636739034
FULL_ALPHA_CONVICTION,FULL_ALPHA_EQUAL,conviction,2017-07-31,2017-07-31,2017-08-31,8,-0.023330052998094968,0.12700816980153962,1.2700816980153962e-05,-0.023342753815075123
FULL_ALPHA_CONVICTION,FULL_ALPHA_EQUAL,conviction,2017-08-31,2017-08-31,2017-09-29,8,0.012680220623434695,0.14552766886147583,1.4552766886147585e-05,0.012665667856548548
FULL_ALPHA_CONVICTION,FULL_ALPHA_EQUAL,conviction,2017-09-29,2017-09-29,2017-10-31,8,0.07115134092053933,0.507546188378031,5.07546188378031e-05,0.07110058630170153
FULL_ALPHA_CONVICTION,FULL_ALPHA_EQUAL,conviction,2017-10-31,2017-10-31,2017-11-30,8,-0.06287162151054751,0.038971155012988444,3.897115501298845e-06,-0.06287551862604882
FULL_ALPHA_CONVICTION,FULL_ALPHA_EQUAL,conviction,2017-11-30,2017-11-30,2017-12-29,8,-0.01377617830705692,0.6268338891462673,6.268338891462672e-05,-0.013838861695971547
FULL_ALPHA_CONVICTION,FULL_ALPHA_EQUAL,conviction,2017-12-29,2017-12-29,2018-01-31,8,0.3083099769224082,0.6655934732026733,6.655934732026732e-05,0.30824341757508794
FULL_ALPHA_CONVICTION,FULL_ALPHA_EQUAL,conviction,2018-01-31,2018-01-31,2018-02-28,8,0.05779821829687831,0.24046769546033284,2.4046769546033284e-05,0.05777417152733228
FULL_ALPHA_CONVICTION,FULL_ALPHA_EQUAL,conviction,2018-02-28,2018-02-28,2018-03-29,8,0.005737908326751161,0.09040734394098743,9.040734394098743e-06,0.005728867592357062
FULL_ALPHA_CONVICTION,FULL_ALPHA_EQUAL,conviction,2018-03-29,2018-03-29,2018-04-30,8,0.02092556413411637,0.10077267312244167,1.0077267312244168e-05,0.02091548686680413
FULL_ALPHA_CONVICTION,FULL_ALPHA_EQUAL,conviction,2018-04-30,2018-04-30,2018-05-31,8,-0.028670656161541172,0.07059779971026957,7.059779971026957e-06,-0.028677715941512198
FULL_ALPHA_CONVICTION,FULL_ALPHA_EQUAL,conviction,2018-05-31,2018-05-31,2018-06-29,8,0.09857770644116798,0.5720121631974708,5.7201216319747085e-05,0.09852050522484823
FULL_ALPHA_CONVICTION,FULL_ALPHA_EQUAL,conviction,2018-06-29,2018-06-29,2018-07-31,8,-0.10411563315458842,0.20284673626464678,2.028467362646468e-05,-0.1041359178282149
FULL_ALPHA_CONVICTION,FULL_ALPHA_EQUAL,conviction,2018-07-31,2018-07-31,2018-08-31,8,0.11356992913983117,0.7885292103296947,7.885292103296948e-05,0.1134910762187982
FULL_ALPHA_CONVICTION,FULL_ALPHA_EQUAL,conviction,2018-08-31,2018-08-31,2018-09-28,8,0.019546706970111908,0.9378695417203924,9.378695417203925e-05,0.01945292001593987
FULL_ALPHA_CONVICTION,FULL_ALPHA_EQUAL,conviction,2018-09-28,2018-09-28,2018-10-31,8,-0.11913288845358937,0.3422615301284513,3.422615301284513e-05,-0.11916711460660222
FULL_ALPHA_CONVICTION,FULL_ALPHA_EQUAL,conviction,2018-10-31,2018-10-31,2018-11-30,8,0.010465601738532868,0.9260119861604906,9.260119861604907e-05,0.01037300053991682
FULL_ALPHA_CONVICTION,FULL_ALPHA_EQUAL,conviction,2018-11-30,2018-11-30,2018-12-31,8,-0.13146249294914247,0.4890953809249863,4.890953809249863e-05,-0.13151140248723497
FULL_ALPHA_CONVICTION,FULL_ALPHA_EQUAL,conviction,2018-12-31,2018-12-31,2019-01-31,8,0.08294602146141315,0.9913692764202524,9.913692764202524e-05,0.08284688453377113
FULL_ALPHA_CONVICTION,FULL_ALPHA_EQUAL,conviction,2019-01-31,2019-01-31,2019-02-28,8,0.030977475430168083,0.5286468470935352,5.286468470935352e-05,0.030924610745458728
FULL_ALPHA_CONVICTION,FULL_ALPHA_EQUAL,conviction,2019-02-28,2019-02-28,2019-03-29,16,0.027651148470344788,0.30805570062586163,3.0805570062586167e-05,0.027620342900282202
FULL_ALPHA_CONVICTION,FULL_ALPHA_EQUAL,conviction,2019-03-29,2019-03-29,2019-04-30,18,0.019427151255605582,0.5174940302307743,5.174940302307744e-05,0.019375401852582505
FULL_ALPHA_CONVICTION,FULL_ALPHA_EQUAL,conviction,2019-04-30,2019-04-30,2019-05-31,19,-0.13604241700232153,0.21018114122040413,2.1018114122040415e-05,-0.13606343511644356
FULL_ALPHA_CONVICTION,FULL_ALPHA_EQUAL,conviction,2019-05-31,2019-05-31,2019-06-28,19,0.07559771197132874,0.48110348543247106,4.8110348543247105e-05,0.07554960162278548
FULL_ALPHA_CONVICTION,FULL_ALPHA_EQUAL,conviction,2019-06-28,2019-06-28,2019-07-31,19,-0.016167320792518734,0.053478268107210326,5.347826810721033e-06,-0.016172668619329453
FULL_ALPHA_CONVICTION,FULL_ALPHA_EQUAL,conviction,2019-07-31,2019-07-31,2019-08-30,20,0.0059038283971066755,0.7194742167575752,7.194742167575752e-05,0.005831880975430918
FULL_ALPHA_CONVICTION,FULL_ALPHA_EQUAL,conviction,2019-08-30,2019-08-30,2019-09-30,20,0.011412142319471543,0.4464909043660295,4.4649090436602955e-05,0.01136749322903494
FULL_ALPHA_CONVICTION,FULL_ALPHA_EQUAL,conviction,2019-09-30,2019-09-30,2019-10-31,21,0.004604305747560903,0.4070600526519084,4.0706005265190844e-05,0.0045635997422957125
FULL_ALPHA_CONVICTION,FULL_ALPHA_EQUAL,conviction,2019-10-31,2019-10-31,2019-11-29,21,0.013352679621381432,0.5640129529407172,5.6401295294071724e-05,0.01329627832608736
FULL_ALPHA_CONVICTION,FULL_ALPHA_EQUAL,conviction,2019-11-29,2019-11-29,2019-12-31,22,0.05947296417236962,0.5323933239065858,5.323933239065858e-05,0.05941972483997896
FULL_ALPHA_CONVICTION,FULL_ALPHA_EQUAL,conviction,2019-12-31,2019-12-31,2020-01-31,22,-0.07081779459515639,0.3317428981866848,3.317428981866848e-05,-0.07085096888497505
FULL_ALPHA_CONVICTION,FULL_ALPHA_EQUAL,conviction,2020-01-31,2020-01-31,2020-02-28,22,0.03752716144769401,0.6074694418946401,6.074694418946402e-05,0.03746641450350455
FULL_ALPHA_CONVICTION,FULL_ALPHA_EQUAL,conviction,2020-02-28,2020-02-28,2020-03-31,26,-0.03317752524278836,0.44891612535308634,4.4891612535308636e-05,-0.033222416855323664
FULL_ALPHA_CONVICTION,FULL_ALPHA_EQUAL,conviction,2020-03-31,2020-03-31,2020-04-30,26,0.17388847612071445,0.35132111882880057,3.513211188288006e-05,0.17385334400883157
FULL_ALPHA_CONVICTION,FULL_ALPHA_EQUAL,conviction,2020-04-30,2020-04-30,2020-05-29,26,0.05040937983020024,0.2462402481191891,2.462402481191891e-05,0.05038475580538832
FULL_ALPHA_CONVICTION,FULL_ALPHA_EQUAL,conviction,2020-05-29,2020-05-29,2020-06-30,26,0.05193669489491705,0.23238079329556416,2.3238079329556416e-05,0.05191345681558749
FULL_ALPHA_CONVICTION,FULL_ALPHA_EQUAL,conviction,2020-06-30,2020-06-30,2020-07-31,26,0.09343180313820332,0.18514897502146557,1.851489750214656e-05,0.09341328824070116
FULL_ALPHA_CONVICTION,FULL_ALPHA_EQUAL,conviction,2020-07-31,2020-07-31,2020-08-31,26,0.06938230116301022,0.13515817580886474,1.3515817580886474e-05,0.06936878534542934
FULL_ALPHA_CONVICTION,FULL_ALPHA_EQUAL,conviction,2020-08-31,2020-08-31,2020-09-30,26,-0.058417689782671034,0.33520039053967765,3.352003905396777e-05,-0.058451209821725005
FULL_ALPHA_CONVICTION,FULL_ALPHA_EQUAL,conviction,2020-09-30,2020-09-30,2020-10-30,27,-0.0500303309696482,0.4118854977748207,4.118854977748207e-05,-0.050071519519425685
FULL_ALPHA_CONVICTION,FULL_ALPHA_EQUAL,conviction,2020-10-30,2020-10-30,2020-11-30,27,0.15379181272519704,0.6258631666280845,6.258631666280846e-05,0.15372922640853423
FULL_ALPHA_CONVICTION,FULL_ALPHA_EQUAL,conviction,2020-11-30,2020-11-30,2020-12-31,27,0.06009120031724545,0.554321556108233,5.54321556108233e-05,0.060035768161634626
FULL_ALPHA_CONVICTION,FULL_ALPHA_EQUAL,conviction,2020-12-31,2020-12-31,2021-01-29,27,0.0044990819250535965,0.28976788007396964,2.8976788007396967e-05,0.004470105137046199
FULL_ALPHA_CONVICTION,FULL_ALPHA_EQUAL,conviction,2021-01-29,2021-01-29,2021-02-26,27,0.07566580687596951,0.37257694570780847,3.725769457078085e-05,0.07562854918139873
FULL_ALPHA_CONVICTION,FULL_ALPHA_EQUAL,conviction,2021-02-26,2021-02-26,2021-03-31,27,0.026478290368775713,0.5899116353515174,5.899116353515174e-05,0.02641929920524056
FULL_ALPHA_CONVICTION,FULL_ALPHA_EQUAL,conviction,2021-03-31,2021-03-31,2021-04-30,27,0.01755707725206902,0.3414695029894457,3.414695029894457e-05,0.017522930301770073
FULL_ALPHA_CONVICTION,FULL_ALPHA_EQUAL,conviction,2021-04-30,2021-04-30,2021-05-28,27,0.05053810384118984,0.6063449059742022,6.063449059742022e-05,0.05047746935059242
FULL_ALPHA_CONVICTION,FULL_ALPHA_EQUAL,conviction,2021-05-28,2021-05-28,2021-06-30,27,0.11590437728194117,0.3626675499383726,3.626675499383726e-05,0.11586811052694733
FULL_ALPHA_CONVICTION,FULL_ALPHA_EQUAL,conviction,2021-06-30,2021-06-30,2021-07-30,27,-0.016140539761643053,0.2540905210815708,2.5409052108157084e-05,-0.01616594881375121
FULL_ALPHA_CONVICTION,FULL_ALPHA_EQUAL,conviction,2021-07-30,2021-07-30,2021-08-31,27,0.04726192193698622,0.4659496603992703,4.6594966039927036e-05,0.0472153269709463
FULL_ALPHA_CONVICTION,FULL_ALPHA_EQUAL,conviction,2021-08-31,2021-08-31,2021-09-30,27,-0.04851820027127224,0.545494623129849,5.45494623129849e-05,-0.048572749733585226
FULL_ALPHA_CONVICTION,FULL_ALPHA_EQUAL,conviction,2021-09-30,2021-09-30,2021-10-29,27,0.05898582022710385,0.6066102522841157,6.066102522841157e-05,0.05892515920187544
FULL_ALPHA_CONVICTION,FULL_ALPHA_EQUAL,conviction,2021-10-29,2021-10-29,2021-11-30,27,0.04393746678942427,0.35475731902198426,3.547573190219843e-05,0.04390199105752207
FULL_ALPHA_CONVICTION,FULL_ALPHA_EQUAL,conviction,2021-11-30,2021-11-30,2021-12-31,27,0.023328674014346303,0.5139266367243616,5.139266367243616e-05,0.023277281350673865
FULL_ALPHA_CONVICTION,FULL_ALPHA_EQUAL,conviction,2021-12-31,2021-12-31,2022-01-31,27,-0.12251226570035928,0.34998034340037143,3.499803434003715e-05,-0.12254726373469932
FULL_ALPHA_CONVICTION,FULL_ALPHA_EQUAL,conviction,2022-01-31,2022-01-31,2022-02-28,27,0.0621360999337384,0.7593827191488894,7.593827191488895e-05,0.06206016166182351
FULL_ALPHA_CONVICTION,FULL_ALPHA_EQUAL,conviction,2022-02-28,2022-02-28,2022-03-31,28,0.11364201186543894,0.900323850904804,9.003238509048041e-05,0.11355197948034847
FULL_ALPHA_CONVICTION,FULL_ALPHA_EQUAL,conviction,2022-03-31,2022-03-31,2022-04-29,28,0.0018320298624060418,0.2454711400985631,2.454711400985631e-05,0.0018074827483961855
FULL_ALPHA_CONVICTION,FULL_ALPHA_EQUAL,conviction,2022-04-29,2022-04-29,2022-05-31,28,0.06945475323270447,0.11009810362991287,1.1009810362991289e-05,0.06944374342234148
FULL_ALPHA_CONVICTION,FULL_ALPHA_EQUAL,conviction,2022-05-31,2022-05-31,2022-06-30,28,-0.19775889916412104,0.126676021813428,1.2667602181342799e-05,-0.1977715667663024
FULL_ALPHA_CONVICTION,FULL_ALPHA_EQUAL,conviction,2022-06-30,2022-06-30,2022-07-29,28,0.10871724928405171,0.35460850360828844,3.546085036082885e-05,0.10868178843369089
FULL_ALPHA_CONVICTION,FULL_ALPHA_EQUAL,conviction,2022-07-29,2022-07-29,2022-08-31,28,0.03521960126713296,0.34446900346696185,3.4446900346696186e-05,0.035185154366786264
FULL_ALPHA_CONVICTION,FULL_ALPHA_EQUAL,conviction,2022-08-31,2022-08-31,2022-09-30,28,-0.08280556241395762,0.14330506901501416,1.4330506901501417e-05,-0.08281989292085912
FULL_ALPHA_CONVICTION,FULL_ALPHA_EQUAL,conviction,2022-09-30,2022-09-30,2022-10-31,28,0.20208816344550706,0.20086958298022503,2.0086958298022503e-05,0.20206807648720904
FULL_ALPHA_CONVICTION,FULL_ALPHA_EQUAL,conviction,2022-10-31,2022-10-31,2022-11-30,28,0.0696881553783107,0.2173322173041236,2.173322173041236e-05,0.0696664221565803
FULL_ALPHA_CONVICTION,FULL_ALPHA_EQUAL,conviction,2022-11-30,2022-11-30,2022-12-30,28,-0.050066683262810684,0.14675565164080506,1.4675565164080507e-05,-0.050081358827974765
FULL_ALPHA_CONVICTION,FULL_ALPHA_EQUAL,conviction,2022-12-30,2022-12-30,2023-01-31,28,0.07632703740696523,0.22568688221751773,2.2568688221751776e-05,0.07630446871874347
FULL_ALPHA_CONVICTION,FULL_ALPHA_EQUAL,conviction,2023-01-31,2023-01-31,2023-02-28,28,0.0047765656373103885,0.4804179950751636,4.804179950751636e-05,0.004728523837802872
FULL_ALPHA_CONVICTION,FULL_ALPHA_EQUAL,conviction,2023-02-28,2023-02-28,2023-03-31,28,0.015119349290581775,0.40743722741609034,4.074372274160904e-05,0.015078605567840166
FULL_ALPHA_CONVICTION,FULL_ALPHA_EQUAL,conviction,2023-03-31,2023-03-31,2023-04-28,28,-0.03301782179046123,0.4842511474763216,4.8425114747632164e-05,-0.03306624690520886
FULL_ALPHA_CONVICTION,FULL_ALPHA_EQUAL,conviction,2023-04-28,2023-04-28,2023-05-31,28,0.1689034804752071,0.4789434967070622,4.789434967070622e-05,0.1688555861255364
FULL_ALPHA_CONVICTION,FULL_ALPHA_EQUAL,conviction,2023-05-31,2023-05-31,2023-06-30,28,0.11138373325060882,0.26175340010791154,2.6175340010791155e-05,0.11135755791059804
FULL_ALPHA_CONVICTION,FULL_ALPHA_EQUAL,conviction,2023-06-30,2023-06-30,2023-07-31,28,0.049347281693513274,0.3172247027802409,3.172247027802409e-05,0.04931555922323525
FULL_ALPHA_CONVICTION,FULL_ALPHA_EQUAL,conviction,2023-07-31,2023-07-31,2023-08-31,28,-0.018503001084842752,0.24867562587846725,2.4867562587846725e-05,-0.018527868647430598
FULL_ALPHA_CONVICTION,FULL_ALPHA_EQUAL,conviction,2023-08-31,2023-08-31,2023-09-29,28,0.019356497841361925,0.5062644806348882,5.062644806348882e-05,0.019305871393298438
FULL_ALPHA_CONVICTION,FULL_ALPHA_EQUAL,conviction,2023-09-29,2023-09-29,2023-10-31,28,-0.030915195087259255,0.4532394573340618,4.532394573340618e-05,-0.03096051903299266
FULL_ALPHA_CONVICTION,FULL_ALPHA_EQUAL,conviction,2023-10-31,2023-10-31,2023-11-30,28,0.05419642905254792,0.17269079588683087,1.7269079588683087e-05,0.05417915997295924
FULL_ALPHA_CONVICTION,FULL_ALPHA_EQUAL,conviction,2023-11-30,2023-11-30,2023-12-29,28,0.03290641134099993,0.1298642868519693,1.298642868519693e-05,0.032893424912314735
FULL_ALPHA_CONVICTION,FULL_ALPHA_EQUAL,conviction,2023-12-29,2023-12-29,2024-01-31,28,0.06682406049629461,0.4513567611754831,4.5135676117548315e-05,0.06677892482017705
FULL_ALPHA_CONVICTION,FULL_ALPHA_EQUAL,conviction,2024-01-31,2024-01-31,2024-02-29,28,0.01856086527439366,0.24247041501348426,2.4247041501348426e-05,0.01853661823289231
FULL_ALPHA_CONVICTION,FULL_ALPHA_EQUAL,conviction,2024-02-29,2024-02-29,2024-03-28,28,0.05974227705504638,0.6590242892235334,6.590242892235334e-05,0.059676374626124025
FULL_ALPHA_CONVICTION,FULL_ALPHA_EQUAL,conviction,2024-03-28,2024-03-28,2024-04-30,28,0.007908776989712507,0.3296421392318055,3.296421392318055e-05,0.007875812775789326
FULL_ALPHA_CONVICTION,FULL_ALPHA_EQUAL,conviction,2024-04-30,2024-04-30,2024-05-31,28,0.024274706860790248,0.3975933501452251,3.9759335014522515e-05,0.024234947525775725
FULL_ALPHA_CONVICTION,FULL_ALPHA_EQUAL,conviction,2024-05-31,2024-05-31,2024-06-28,28,0.0296274113421996,0.2898153199604519,2.898153199604519e-05,0.029598429810203556
FULL_ALPHA_CONVICTION,FULL_ALPHA_EQUAL,conviction,2024-06-28,2024-06-28,2024-07-31,28,-0.0441612396621065,0.27822298361053255,2.7822298361053256e-05,-0.044189061960467554
FULL_ALPHA_CONVICTION,FULL_ALPHA_EQUAL,conviction,2024-07-31,2024-07-31,2024-08-30,28,0.033429231769356416,0.49870470872624917,4.987047087262492e-05,0.03337936129848379
FULL_ALPHA_CONVICTION,FULL_ALPHA_EQUAL,conviction,2024-08-30,2024-08-30,2024-09-30,28,0.03186419117192163,0.6720016517767194,6.720016517767195e-05,0.031796991006743956
FULL_ALPHA_CONVICTION,FULL_ALPHA_EQUAL,conviction,2024-09-30,2024-09-30,2024-10-31,28,-0.007165611741400428,0.6623857448614487,6.623857448614488e-05,-0.007231850315886573
FULL_ALPHA_CONVICTION,FULL_ALPHA_EQUAL,conviction,2024-10-31,2024-10-31,2024-11-29,28,0.12797055118588663,0.5526678272917664,5.526678272917665e-05,0.12791528440315744
FULL_ALPHA_CONVICTION,FULL_ALPHA_EQUAL,conviction,2024-11-29,2024-11-29,2024-12-31,28,-0.023627252929421232,0.456542514225242,4.5654251422524205e-05,-0.023672907180843757
FULL_ALPHA_CONVICTION,FULL_ALPHA_EQUAL,conviction,2024-12-31,2024-12-31,2025-01-31,28,0.06161883133529576,0.42094249797647454,4.209424979764746e-05,0.061576737085498115
FULL_ALPHA_CONVICTION,FULL_ALPHA_EQUAL,conviction,2025-01-31,2025-01-31,2025-02-28,29,0.0383591883631952,0.38463363276155765,3.846336327615577e-05,0.038320724999919044
FULL_ALPHA_CONVICTION,FULL_ALPHA_EQUAL,conviction,2025-02-28,2025-02-28,2025-03-31,29,-0.02387068461071143,0.3585231870497177,3.585231870497177e-05,-0.0239065369294164
FULL_ALPHA_CONVICTION,FULL_ALPHA_EQUAL,conviction,2025-03-31,2025-03-31,2025-04-30,29,0.054622974055576555,0.17572721323580417,1.757272132358042e-05,0.05460540133425298
FULL_ALPHA_CONVICTION,FULL_ALPHA_EQUAL,conviction,2025-04-30,2025-04-30,2025-05-30,29,0.02488547177566275,0.26371561558180084,2.6371561558180086e-05,0.02485910021410457
FULL_ALPHA_CONVICTION,FULL_ALPHA_EQUAL,conviction,2025-05-30,2025-05-30,2025-06-30,29,0.046460059775911104,0.15524984983288595,1.5524984983288596e-05,0.04644453479092782
FULL_ALPHA_CONVICTION,FULL_ALPHA_EQUAL,conviction,2025-06-30,2025-06-30,2025-07-31,29,-0.03318554932860145,0.3940582459018722,3.940582459018722e-05,-0.03322495515319164
FULL_ALPHA_CONVICTION,FULL_ALPHA_EQUAL,conviction,2025-07-31,2025-07-31,2025-08-29,29,0.06196571483119306,0.5476858665381826,5.4768586653818265e-05,0.06191094624453924
FULL_ALPHA_CONVICTION,FULL_ALPHA_EQUAL,conviction,2025-08-29,2025-08-29,2025-09-30,29,0.11522242174392225,0.48392744341277527,4.839274434127753e-05,0.11517402899958097
FULL_ALPHA_CONVICTION,FULL_ALPHA_EQUAL,conviction,2025-09-30,2025-09-30,2025-10-31,29,0.04998717281916547,0.26211247841062313,2.6211247841062313e-05,0.0499609615713244
FULL_ALPHA_CONVICTION,FULL_ALPHA_EQUAL,conviction,2025-10-31,2025-10-31,2025-11-28,29,0.007920896001532899,0.24059762321820252,2.4059762321820254e-05,0.007896836239211079
FULL_ALPHA_CONVICTION,FULL_ALPHA_EQUAL,conviction,2025-11-28,2025-11-28,2025-12-31,29,0.0276769972625155,0.18763235076771842,1.8763235076771843e-05,0.02765823402743873
FULL_ALPHA_CONVICTION,FULL_ALPHA_EQUAL,conviction,2025-12-31,2025-12-31,2026-01-30,29,0.17268641681019575,0.2478129334696667,2.478129334696667e-05,0.1726616355168488
FULL_ALPHA_CONVICTION,FULL_ALPHA_EQUAL,conviction,2026-01-30,2026-01-30,2026-02-27,29,0.0804200422551975,0.405313650427475,4.0531365042747504e-05,0.08037951089015476
FULL_ALPHA_CONVICTION,FULL_ALPHA_EQUAL,conviction,2026-02-27,2026-02-27,2026-03-31,29,0.06979660258451119,0.2846151099871706,2.8461510998717062e-05,0.06976814107351247
FULL_ALPHA_CONVICTION,FULL_ALPHA_EQUAL,conviction,2026-03-31,2026-03-31,2026-04-30,29,0.10325274251095021,0.20523099029989791,2.0523099029989792e-05,0.10323221941192022
FULL_ALPHA_CONVICTION,FULL_ALPHA_EQUAL,conviction,2026-04-30,2026-04-30,2026-05-29,29,-0.06289680341381476,0.11696760757236921,1.1696760757236921e-05,-0.062908500174572
FULL_ALPHA_CONVICTION,FULL_ALPHA_EQUAL,conviction,2026-05-29,2026-05-29,2026-06-30,29,0.19236481377255632,0.3562706189885402,3.562706189885402e-05,0.19232918671065746
FULL_ALPHA_CONVICTION,FULL_ALPHA_EQUAL,conviction,2026-06-30,2026-06-30,2026-07-31,29,-0.14468615052256048,0.31161724206488506,3.116172420648851e-05,-0.14471731224676698
FULL_ALPHA_CONVICTION,FULL_ALPHA_EQUAL,conviction,2026-07-31,2026-07-31,2026-08-31,29,-0.019277593634461822,0.5167940030031795,5.167940030031795e-05,-0.019329273034762142
FULL_ALPHA_CONVICTION,FULL_ALPHA_EQUAL,conviction,2026-08-31,2026-08-31,2026-09-02,29,0.03382756978357811,0.4218682093898375,4.218682093898375e-05,0.033785382962639124
FULL_ALPHA_CONVICTION,FULL_ALPHA_EQUAL,conviction,2026-09-02,2026-08-31,2026-09-02,29,0.036105358017421256,0.11740396856397792,1.1740396856397792e-05,0.03609361762056486
FULL_ALPHA_RISK,FULL_ALPHA_EQUAL,alpha_risk,2014-01-31,2014-01-31,2014-02-28,8,0.05483240251343864,0.5,5e-05,0.05478240251343864
FULL_ALPHA_RISK,FULL_ALPHA_EQUAL,alpha_risk,2014-02-28,2014-02-28,2014-03-31,8,-0.06947535556854235,0.5298261464950975,5.298261464950975e-05,-0.06952833818319186
FULL_ALPHA_RISK,FULL_ALPHA_EQUAL,alpha_risk,2014-03-31,2014-03-31,2014-04-30,8,0.03252353931925209,0.8265094348279579,8.26509434827958e-05,0.03244088837576929
FULL_ALPHA_RISK,FULL_ALPHA_EQUAL,alpha_risk,2014-04-30,2014-04-30,2014-05-30,8,0.02562905558132348,0.8264612589354803,8.264612589354804e-05,0.025546409455429932
FULL_ALPHA_RISK,FULL_ALPHA_EQUAL,alpha_risk,2014-05-30,2014-05-30,2014-06-30,8,0.034360218299883186,0.3458675795079015,3.458675795079015e-05,0.0343256315419324
FULL_ALPHA_RISK,FULL_ALPHA_EQUAL,alpha_risk,2014-06-30,2014-06-30,2014-07-31,8,-0.023855947789636407,0.8692964711003093,8.692964711003093e-05,-0.02394287743674644
FULL_ALPHA_RISK,FULL_ALPHA_EQUAL,alpha_risk,2014-07-31,2014-07-31,2014-08-29,8,0.17575453319206294,0.5717123320959338,5.717123320959338e-05,0.17569736195885335
FULL_ALPHA_RISK,FULL_ALPHA_EQUAL,alpha_risk,2014-08-29,2014-08-29,2014-09-30,8,-0.2122858096520573,0.19085424525404152,1.9085424525404153e-05,-0.2123048950765827
FULL_ALPHA_RISK,FULL_ALPHA_EQUAL,alpha_risk,2014-09-30,2014-09-30,2014-10-31,8,0.056748375959686834,0.8160379452712414,8.160379452712414e-05,0.05666677216515971
FULL_ALPHA_RISK,FULL_ALPHA_EQUAL,alpha_risk,2014-10-31,2014-10-31,2014-11-28,8,0.037080016358445905,0.3009622573471332,3.0096225734713322e-05,0.03704992013271119
FULL_ALPHA_RISK,FULL_ALPHA_EQUAL,alpha_risk,2014-11-28,2014-11-28,2014-12-31,8,0.023948348699099464,0.17156866819509445,1.7156866819509447e-05,0.023931191832279954
FULL_ALPHA_RISK,FULL_ALPHA_EQUAL,alpha_risk,2014-12-31,2014-12-31,2015-01-30,8,0.035527749083175235,0.1790897418360606,1.7908974183606063e-05,0.03550984010899163
FULL_ALPHA_RISK,FULL_ALPHA_EQUAL,alpha_risk,2015-01-30,2015-01-30,2015-02-27,8,0.07003736017181271,0.316708773530616,3.16708773530616e-05,0.07000568929445965
FULL_ALPHA_RISK,FULL_ALPHA_EQUAL,alpha_risk,2015-02-27,2015-02-27,2015-03-31,8,-0.031769764188357044,0.222538982488435,2.2253898248843503e-05,-0.03179201808660589
FULL_ALPHA_RISK,FULL_ALPHA_EQUAL,alpha_risk,2015-03-31,2015-03-31,2015-04-30,8,0.03858063471379408,0.3323819358723322,3.323819358723322e-05,0.03854739652020685
FULL_ALPHA_RISK,FULL_ALPHA_EQUAL,alpha_risk,2015-04-30,2015-04-30,2015-05-29,8,0.08158487562068316,0.7537732887831791,7.537732887831791e-05,0.08150949829180484
FULL_ALPHA_RISK,FULL_ALPHA_EQUAL,alpha_risk,2015-05-29,2015-05-29,2015-06-30,8,0.04583197441480231,0.1851271930148412,1.851271930148412e-05,0.04581346169550082
FULL_ALPHA_RISK,FULL_ALPHA_EQUAL,alpha_risk,2015-06-30,2015-06-30,2015-07-31,8,0.04130492677345507,0.2963160328678547,2.963160328678547e-05,0.041275295170168286
FULL_ALPHA_RISK,FULL_ALPHA_EQUAL,alpha_risk,2015-07-31,2015-07-31,2015-08-31,8,0.004382538673329297,0.4279969144277661,4.279969144277661e-05,0.00433973898188652
FULL_ALPHA_RISK,FULL_ALPHA_EQUAL,alpha_risk,2015-08-31,2015-08-31,2015-09-30,8,-0.05037553715343466,0.1913667972590008,1.9136679725900082e-05,-0.05039467383316056
FULL_ALPHA_RISK,FULL_ALPHA_EQUAL,alpha_risk,2015-09-30,2015-09-30,2015-10-30,8,0.041438380068411614,0.12862521637078134,1.2862521637078135e-05,0.04142551754677454
FULL_ALPHA_RISK,FULL_ALPHA_EQUAL,alpha_risk,2015-10-30,2015-10-30,2015-11-30,8,0.09697731399360017,0.14220200775864766,1.4220200775864768e-05,0.0969630937928243
FULL_ALPHA_RISK,FULL_ALPHA_EQUAL,alpha_risk,2015-11-30,2015-11-30,2015-12-31,8,-0.06645554020353389,0.14783223749348218,1.4783223749348218e-05,-0.06647032342728323
FULL_ALPHA_RISK,FULL_ALPHA_EQUAL,alpha_risk,2015-12-31,2015-12-31,2016-01-29,8,-0.15114039080759814,0.18052272604820668,1.805227260482067e-05,-0.15115844308020296
FULL_ALPHA_RISK,FULL_ALPHA_EQUAL,alpha_risk,2016-01-29,2016-01-29,2016-02-29,8,0.03563964925333499,0.7489525564456596,7.489525564456596e-05,0.03556475399769042
FULL_ALPHA_RISK,FULL_ALPHA_EQUAL,alpha_risk,2016-02-29,2016-02-29,2016-03-31,8,0.07488566795175848,0.18172168430322758,1.8172168430322757e-05,0.07486749578332816
FULL_ALPHA_RISK,FULL_ALPHA_EQUAL,alpha_risk,2016-03-31,2016-03-31,2016-04-29,8,0.27383846613008195,0.8486498782979226,8.486498782979227e-05,0.27375360114225217
FULL_ALPHA_RISK,FULL_ALPHA_EQUAL,alpha_risk,2016-04-29,2016-04-29,2016-05-31,8,-0.15144691310360245,0.2821550228555749,2.8215502285557493e-05,-0.151475128605888
FULL_ALPHA_RISK,FULL_ALPHA_EQUAL,alpha_risk,2016-05-31,2016-05-31,2016-06-30,8,0.058562303842614474,0.6154641558778265,6.154641558778266e-05,0.05850075742702669
FULL_ALPHA_RISK,FULL_ALPHA_EQUAL,alpha_risk,2016-06-30,2016-06-30,2016-07-29,8,0.10314143096097365,0.4383984515044598,4.383984515044598e-05,0.10309759111582321
FULL_ALPHA_RISK,FULL_ALPHA_EQUAL,alpha_risk,2016-07-29,2016-07-29,2016-08-31,8,0.005866012819183593,0.09225814502890739,9.225814502890739e-06,0.0058567870046807025
FULL_ALPHA_RISK,FULL_ALPHA_EQUAL,alpha_risk,2016-08-31,2016-08-31,2016-09-30,8,0.017050956220635023,0.46069897355343303,4.606989735534331e-05,0.01700488632327968
FULL_ALPHA_RISK,FULL_ALPHA_EQUAL,alpha_risk,2016-09-30,2016-09-30,2016-10-31,8,0.24581295128990835,0.1893664516372669,1.8936645163726692e-05,0.24579401464474462
FULL_ALPHA_RISK,FULL_ALPHA_EQUAL,alpha_risk,2016-10-31,2016-10-31,2016-11-30,8,-0.04992884550299331,0.5495199907581632,5.4951999075816315e-05,-0.04998379750206913
FULL_ALPHA_RISK,FULL_ALPHA_EQUAL,alpha_risk,2016-11-30,2016-11-30,2016-12-30,8,-0.01370652665923229,0.201262833506884,2.0126283350688402e-05,-0.01372665294258298
FULL_ALPHA_RISK,FULL_ALPHA_EQUAL,alpha_risk,2016-12-30,2016-12-30,2017-01-31,8,0.06763686281864086,0.3108587964197063,3.108587964197063e-05,0.06760577693899888
FULL_ALPHA_RISK,FULL_ALPHA_EQUAL,alpha_risk,2017-01-31,2017-01-31,2017-02-28,8,0.014304022076515648,0.15739212327722532,1.5739212327722532e-05,0.014288282864187925
FULL_ALPHA_RISK,FULL_ALPHA_EQUAL,alpha_risk,2017-02-28,2017-02-28,2017-03-31,8,0.03848256970122699,0.4365829245268471,4.365829245268471e-05,0.038438911408774305
FULL_ALPHA_RISK,FULL_ALPHA_EQUAL,alpha_risk,2017-03-31,2017-03-31,2017-04-28,8,0.028903522909973077,0.15844104732969194,1.5844104732969194e-05,0.028887678805240107
FULL_ALPHA_RISK,FULL_ALPHA_EQUAL,alpha_risk,2017-04-28,2017-04-28,2017-05-31,8,0.07894616698353903,0.3622544024750467,3.622544024750467e-05,0.07890994154329152
FULL_ALPHA_RISK,FULL_ALPHA_EQUAL,alpha_risk,2017-05-31,2017-05-31,2017-06-30,8,-0.05238953715751482,0.37513023451280564,3.751302345128057e-05,-0.0524270501809661
FULL_ALPHA_RISK,FULL_ALPHA_EQUAL,alpha_risk,2017-06-30,2017-06-30,2017-07-31,8,0.12556330601099036,0.2831241388401361,2.8312413884013612e-05,0.12553499359710635
FULL_ALPHA_RISK,FULL_ALPHA_EQUAL,alpha_risk,2017-07-31,2017-07-31,2017-08-31,8,-0.008362972819901882,0.11220643664060793,1.1220643664060795e-05,-0.008374193463565943
FULL_ALPHA_RISK,FULL_ALPHA_EQUAL,alpha_risk,2017-08-31,2017-08-31,2017-09-29,8,0.0030307171568063514,0.13259819417081714,1.3259819417081715e-05,0.0030174573373892696
FULL_ALPHA_RISK,FULL_ALPHA_EQUAL,alpha_risk,2017-09-29,2017-09-29,2017-10-31,8,0.07382069180956029,0.3541095800587948,3.541095800587948e-05,0.0737852808515544
FULL_ALPHA_RISK,FULL_ALPHA_EQUAL,alpha_risk,2017-10-31,2017-10-31,2017-11-30,8,-0.045347928947839525,0.06075277623241727,6.075277623241727e-06,-0.04535400422546277
FULL_ALPHA_RISK,FULL_ALPHA_EQUAL,alpha_risk,2017-11-30,2017-11-30,2017-12-29,8,-0.025353589622599947,0.7336894981808005,7.336894981808006e-05,-0.025426958572418026
FULL_ALPHA_RISK,FULL_ALPHA_EQUAL,alpha_risk,2017-12-29,2017-12-29,2018-01-31,8,0.29671923140420187,0.8620446888668611,8.620446888668611e-05,0.2966330269353152
FULL_ALPHA_RISK,FULL_ALPHA_EQUAL,alpha_risk,2018-01-31,2018-01-31,2018-02-28,8,0.05884101879716701,0.1772557416950417,1.7725574169504172e-05,0.0588232932229975
FULL_ALPHA_RISK,FULL_ALPHA_EQUAL,alpha_risk,2018-02-28,2018-02-28,2018-03-29,8,0.002082629449804134,0.18698726941671068,1.869872694167107e-05,0.002063930722862463
FULL_ALPHA_RISK,FULL_ALPHA_EQUAL,alpha_risk,2018-03-29,2018-03-29,2018-04-30,8,0.02566158005741359,0.2177245082767823,2.1772450827678233e-05,0.025639807606585914
FULL_ALPHA_RISK,FULL_ALPHA_EQUAL,alpha_risk,2018-04-30,2018-04-30,2018-05-31,8,-0.026884766392221718,0.11824108954397244,1.1824108954397244e-05,-0.026896590501176116
FULL_ALPHA_RISK,FULL_ALPHA_EQUAL,alpha_risk,2018-05-31,2018-05-31,2018-06-29,8,0.08626926414884137,0.6132796236926941,6.13279623692694e-05,0.0862079361864721
FULL_ALPHA_RISK,FULL_ALPHA_EQUAL,alpha_risk,2018-06-29,2018-06-29,2018-07-31,8,-0.07450441456692372,0.37558802415535353,3.755880241553535e-05,-0.07454197336933925
FULL_ALPHA_RISK,FULL_ALPHA_EQUAL,alpha_risk,2018-07-31,2018-07-31,2018-08-31,8,0.11669849693213148,0.6031890928092054,6.0318909280920544e-05,0.11663817802285056
FULL_ALPHA_RISK,FULL_ALPHA_EQUAL,alpha_risk,2018-08-31,2018-08-31,2018-09-28,8,0.020255840328350913,0.8471056253846128,8.471056253846128e-05,0.02017112976581245
FULL_ALPHA_RISK,FULL_ALPHA_EQUAL,alpha_risk,2018-09-28,2018-09-28,2018-10-31,8,-0.0593838485937219,0.53531608710905,5.3531608710905004e-05,-0.059437380202432805
FULL_ALPHA_RISK,FULL_ALPHA_EQUAL,alpha_risk,2018-10-31,2018-10-31,2018-11-30,8,0.003723503674311422,0.8841053595728422,8.841053595728423e-05,0.003635093138354138
FULL_ALPHA_RISK,FULL_ALPHA_EQUAL,alpha_risk,2018-11-30,2018-11-30,2018-12-31,8,-0.1298308463248053,0.5798345115804349,5.798345115804349e-05,-0.12988882977596333
FULL_ALPHA_RISK,FULL_ALPHA_EQUAL,alpha_risk,2018-12-31,2018-12-31,2019-01-31,8,0.07887448776978294,0.9922442996739803,9.922442996739804e-05,0.07877526333981553
FULL_ALPHA_RISK,FULL_ALPHA_EQUAL,alpha_risk,2019-01-31,2019-01-31,2019-02-28,8,0.017530423186229632,0.29051104442679204,2.9051104442679206e-05,0.017501372081786953
FULL_ALPHA_RISK,FULL_ALPHA_EQUAL,alpha_risk,2019-02-28,2019-02-28,2019-03-29,16,0.03974805548156562,0.38950814949659196,3.89508149496592e-05,0.03970910466661596
FULL_ALPHA_RISK,FULL_ALPHA_EQUAL,alpha_risk,2019-03-29,2019-03-29,2019-04-30,18,0.016063944580930495,0.5317760644270391,5.317760644270391e-05,0.016010766974487792
FULL_ALPHA_RISK,FULL_ALPHA_EQUAL,alpha_risk,2019-04-30,2019-04-30,2019-05-31,19,-0.12657570356836187,0.16457655187658576,1.6457655187658578e-05,-0.12659216122354952
FULL_ALPHA_RISK,FULL_ALPHA_EQUAL,alpha_risk,2019-05-31,2019-05-31,2019-06-28,19,0.07559957429243455,0.4783113229718212,4.7831132297182124e-05,0.07555174316013737
FULL_ALPHA_RISK,FULL_ALPHA_EQUAL,alpha_risk,2019-06-28,2019-06-28,2019-07-31,19,-0.0103069481444324,0.08391883175973612,8.391883175973612e-06,-0.010315340027608373
FULL_ALPHA_RISK,FULL_ALPHA_EQUAL,alpha_risk,2019-07-31,2019-07-31,2019-08-30,20,0.030697083549750436,0.6772818214249058,6.772818214249058e-05,0.030629355367607945
FULL_ALPHA_RISK,FULL_ALPHA_EQUAL,alpha_risk,2019-08-30,2019-08-30,2019-09-30,20,0.0015058080338267144,0.45436303805065803,4.5436303805065804e-05,0.0014603717300216486
FULL_ALPHA_RISK,FULL_ALPHA_EQUAL,alpha_risk,2019-09-30,2019-09-30,2019-10-31,21,-0.001873679422145072,0.387037289908031,3.87037289908031e-05,-0.001912383151135875
FULL_ALPHA_RISK,FULL_ALPHA_EQUAL,alpha_risk,2019-10-31,2019-10-31,2019-11-29,21,-0.007158831403057585,0.45796331027572046,4.5796331027572046e-05,-0.007204627734085157
FULL_ALPHA_RISK,FULL_ALPHA_EQUAL,alpha_risk,2019-11-29,2019-11-29,2019-12-31,22,0.05357677381389831,0.6417705991759312,6.417705991759312e-05,0.05351259675398072
FULL_ALPHA_RISK,FULL_ALPHA_EQUAL,alpha_risk,2019-12-31,2019-12-31,2020-01-31,22,-0.0682354253891166,0.3745290891648046,3.7452908916480464e-05,-0.06827287829803308
FULL_ALPHA_RISK,FULL_ALPHA_EQUAL,alpha_risk,2020-01-31,2020-01-31,2020-02-28,22,0.01854600636712013,0.6270899563710579,6.27089956371058e-05,0.018483297371483024
FULL_ALPHA_RISK,FULL_ALPHA_EQUAL,alpha_risk,2020-02-28,2020-02-28,2020-03-31,26,-0.012331946755696155,0.46234369481488496,4.62343694814885e-05,-0.012378181125177643
FULL_ALPHA_RISK,FULL_ALPHA_EQUAL,alpha_risk,2020-03-31,2020-03-31,2020-04-30,26,0.18786816878501672,0.24603344242249908,2.460334424224991e-05,0.18784356544077446
FULL_ALPHA_RISK,FULL_ALPHA_EQUAL,alpha_risk,2020-04-30,2020-04-30,2020-05-29,26,0.028148849169445864,0.15184482010686112,1.5184482010686113e-05,0.028133664687435177
FULL_ALPHA_RISK,FULL_ALPHA_EQUAL,alpha_risk,2020-05-29,2020-05-29,2020-06-30,26,0.06433727228459529,0.21625826728068198,2.16258267280682e-05,0.06431564645786722
FULL_ALPHA_RISK,FULL_ALPHA_EQUAL,alpha_risk,2020-06-30,2020-06-30,2020-07-31,26,0.10533931041398595,0.1632780682903612,1.6327806829036122e-05,0.10532298260715692
FULL_ALPHA_RISK,FULL_ALPHA_EQUAL,alpha_risk,2020-07-31,2020-07-31,2020-08-31,26,0.07468907346924293,0.15128465412115055,1.5128465412115056e-05,0.07467394500383082
FULL_ALPHA_RISK,FULL_ALPHA_EQUAL,alpha_risk,2020-08-31,2020-08-31,2020-09-30,26,-0.06182448844814992,0.31045433784997695,3.1045433784997694e-05,-0.06185553388193491
FULL_ALPHA_RISK,FULL_ALPHA_EQUAL,alpha_risk,2020-09-30,2020-09-30,2020-10-30,27,-0.04860137085456871,0.44026102259940614,4.4026102259940616e-05,-0.04864539695682865
FULL_ALPHA_RISK,FULL_ALPHA_EQUAL,alpha_risk,2020-10-30,2020-10-30,2020-11-30,27,0.11768285408183408,0.6242707394428133,6.242707394428134e-05,0.1176204270078898
FULL_ALPHA_RISK,FULL_ALPHA_EQUAL,alpha_risk,2020-11-30,2020-11-30,2020-12-31,27,0.06454794968012076,0.6332094770406786,6.332094770406787e-05,0.06448462873241669
FULL_ALPHA_RISK,FULL_ALPHA_EQUAL,alpha_risk,2020-12-31,2020-12-31,2021-01-29,27,0.016208006392354878,0.2773284196933071,2.7732841969330714e-05,0.016180273550385548
FULL_ALPHA_RISK,FULL_ALPHA_EQUAL,alpha_risk,2021-01-29,2021-01-29,2021-02-26,27,0.04728173336025371,0.34068289140155666,3.4068289140155666e-05,0.047247665071113554
FULL_ALPHA_RISK,FULL_ALPHA_EQUAL,alpha_risk,2021-02-26,2021-02-26,2021-03-31,27,0.019034259225026027,0.5202754607534323,5.202754607534324e-05,0.018982231678950683
FULL_ALPHA_RISK,FULL_ALPHA_EQUAL,alpha_risk,2021-03-31,2021-03-31,2021-04-30,27,0.023651796327850548,0.43797696792708113,4.3797696792708115e-05,0.02360799863105784
FULL_ALPHA_RISK,FULL_ALPHA_EQUAL,alpha_risk,2021-04-30,2021-04-30,2021-05-28,27,0.04370014831576289,0.584145041084866,5.84145041084866e-05,0.043641733811654405
FULL_ALPHA_RISK,FULL_ALPHA_EQUAL,alpha_risk,2021-05-28,2021-05-28,2021-06-30,27,0.07866052930017076,0.3884064106638353,3.884064106638353e-05,0.07862168865910438
FULL_ALPHA_RISK,FULL_ALPHA_EQUAL,alpha_risk,2021-06-30,2021-06-30,2021-07-30,27,0.0013929415668124563,0.33530725775783315,3.3530725775783316e-05,0.001359410841036673
FULL_ALPHA_RISK,FULL_ALPHA_EQUAL,alpha_risk,2021-07-30,2021-07-30,2021-08-31,27,0.018478359786274944,0.5529401204394921,5.5294012043949215e-05,0.018423065774230994
FULL_ALPHA_RISK,FULL_ALPHA_EQUAL,alpha_risk,2021-08-31,2021-08-31,2021-09-30,27,-0.043001088672276436,0.6220453738343068,6.220453738343069e-05,-0.04306329320965987
FULL_ALPHA_RISK,FULL_ALPHA_EQUAL,alpha_risk,2021-09-30,2021-09-30,2021-10-29,27,0.06392394746536967,0.590554433700488,5.90554433700488e-05,0.06386489202199962
FULL_ALPHA_RISK,FULL_ALPHA_EQUAL,alpha_risk,2021-10-29,2021-10-29,2021-11-30,27,0.02505614918030373,0.3263195339492897,3.263195339492897e-05,0.0250235172269088
FULL_ALPHA_RISK,FULL_ALPHA_EQUAL,alpha_risk,2021-11-30,2021-11-30,2021-12-31,27,0.025836308690402203,0.47287210354990605,4.7287210354990604e-05,0.025789021480047213
FULL_ALPHA_RISK,FULL_ALPHA_EQUAL,alpha_risk,2021-12-31,2021-12-31,2022-01-31,27,-0.11672139185508454,0.34254733366856477,3.425473336685648e-05,-0.11675564658845139
FULL_ALPHA_RISK,FULL_ALPHA_EQUAL,alpha_risk,2022-01-31,2022-01-31,2022-02-28,27,0.05666588405123,0.7246900976358153,7.246900976358153e-05,0.056593415041466415
FULL_ALPHA_RISK,FULL_ALPHA_EQUAL,alpha_risk,2022-02-28,2022-02-28,2022-03-31,28,0.10220236375999181,0.9133687876037574,9.133687876037574e-05,0.10211102688123143
FULL_ALPHA_RISK,FULL_ALPHA_EQUAL,alpha_risk,2022-03-31,2022-03-31,2022-04-29,28,-0.0018130107129275901,0.22406385055007913,2.2406385055007914e-05,-0.001835417097982598
FULL_ALPHA_RISK,FULL_ALPHA_EQUAL,alpha_risk,2022-04-29,2022-04-29,2022-05-31,28,0.09413737562304555,0.13168597185780925,1.3168597185780925e-05,0.09412420702585977
FULL_ALPHA_RISK,FULL_ALPHA_EQUAL,alpha_risk,2022-05-31,2022-05-31,2022-06-30,28,-0.1962809836099371,0.12569460235919924,1.2569460235919926e-05,-0.19629355307017302
FULL_ALPHA_RISK,FULL_ALPHA_EQUAL,alpha_risk,2022-06-30,2022-06-30,2022-07-29,28,0.1053754145132185,0.29883500850855566,2.9883500850855566e-05,0.10534553101236764
FULL_ALPHA_RISK,FULL_ALPHA_EQUAL,alpha_risk,2022-07-29,2022-07-29,2022-08-31,28,0.0381929033823972,0.30596570502900416,3.059657050290042e-05,0.038162306811894295
FULL_ALPHA_RISK,FULL_ALPHA_EQUAL,alpha_risk,2022-08-31,2022-08-31,2022-09-30,28,-0.07482787492323495,0.1506309892483846,1.5063098924838462e-05,-0.07484293802215979
FULL_ALPHA_RISK,FULL_ALPHA_EQUAL,alpha_risk,2022-09-30,2022-09-30,2022-10-31,28,0.19408811075736956,0.1656934494240176,1.656934494240176e-05,0.19407154141242716
FULL_ALPHA_RISK,FULL_ALPHA_EQUAL,alpha_risk,2022-10-31,2022-10-31,2022-11-30,28,0.06714628349511473,0.22756262405899438,2.275626240589944e-05,0.06712352723270883
FULL_ALPHA_RISK,FULL_ALPHA_EQUAL,alpha_risk,2022-11-30,2022-11-30,2022-12-30,28,-0.048564538909205014,0.18443090368867598,1.84430903688676e-05,-0.04858298199957388
FULL_ALPHA_RISK,FULL_ALPHA_EQUAL,alpha_risk,2022-12-30,2022-12-30,2023-01-31,28,0.06927583307636459,0.2525406685516446,2.525406685516446e-05,0.06925057900950943
FULL_ALPHA_RISK,FULL_ALPHA_EQUAL,alpha_risk,2023-01-31,2023-01-31,2023-02-28,28,-0.006307103753397866,0.4602491610470648,4.6024916104706483e-05,-0.006353128669502573
FULL_ALPHA_RISK,FULL_ALPHA_EQUAL,alpha_risk,2023-02-28,2023-02-28,2023-03-31,28,0.01853044125952107,0.4051023529138431,4.0510235291384314e-05,0.018489931024229685
FULL_ALPHA_RISK,FULL_ALPHA_EQUAL,alpha_risk,2023-03-31,2023-03-31,2023-04-28,28,-0.04094503880548865,0.44148038802310635,4.414803880231064e-05,-0.04098918684429096
FULL_ALPHA_RISK,FULL_ALPHA_EQUAL,alpha_risk,2023-04-28,2023-04-28,2023-05-31,28,0.1478489762775759,0.533395925463781,5.3339592546378106e-05,0.1477956366850295
FULL_ALPHA_RISK,FULL_ALPHA_EQUAL,alpha_risk,2023-05-31,2023-05-31,2023-06-30,28,0.09606679792352102,0.28538111981533604,2.8538111981533604e-05,0.09603825981153949
FULL_ALPHA_RISK,FULL_ALPHA_EQUAL,alpha_risk,2023-06-30,2023-06-30,2023-07-31,28,0.044848974417359265,0.32312997888141026,3.231299788814103e-05,0.044816661419471125
FULL_ALPHA_RISK,FULL_ALPHA_EQUAL,alpha_risk,2023-07-31,2023-07-31,2023-08-31,28,-0.011052518318800832,0.25647916991582476,2.5647916991582477e-05,-0.011078166235792414
FULL_ALPHA_RISK,FULL_ALPHA_EQUAL,alpha_risk,2023-08-31,2023-08-31,2023-09-29,28,0.006780472682376335,0.5165588704392259,5.165588704392259e-05,0.006728816795332412
FULL_ALPHA_RISK,FULL_ALPHA_EQUAL,alpha_risk,2023-09-29,2023-09-29,2023-10-31,28,-0.04042412760207674,0.4793463520206301,4.793463520206301e-05,-0.040472062237278804
FULL_ALPHA_RISK,FULL_ALPHA_EQUAL,alpha_risk,2023-10-31,2023-10-31,2023-11-30,28,0.05323680876877143,0.2741065998981082,2.7410659989810823e-05,0.05320939810878162
FULL_ALPHA_RISK,FULL_ALPHA_EQUAL,alpha_risk,2023-11-30,2023-11-30,2023-12-29,28,0.027310878656543695,0.15177808635761525,1.5177808635761527e-05,0.027295700847907934
FULL_ALPHA_RISK,FULL_ALPHA_EQUAL,alpha_risk,2023-12-29,2023-12-29,2024-01-31,28,0.07129869100528216,0.4418361368453265,4.4183613684532655e-05,0.07125450739159762
FULL_ALPHA_RISK,FULL_ALPHA_EQUAL,alpha_risk,2024-01-31,2024-01-31,2024-02-29,28,0.015111863910238332,0.21845788535280566,2.1845788535280568e-05,0.015090018121703052
FULL_ALPHA_RISK,FULL_ALPHA_EQUAL,alpha_risk,2024-02-29,2024-02-29,2024-03-28,28,0.0587999281907986,0.771704519980819,7.71704519980819e-05,0.05872275773880052
FULL_ALPHA_RISK,FULL_ALPHA_EQUAL,alpha_risk,2024-03-28,2024-03-28,2024-04-30,28,0.020728900604575242,0.30659761712315836,3.065976171231584e-05,0.020698240842862925
FULL_ALPHA_RISK,FULL_ALPHA_EQUAL,alpha_risk,2024-04-30,2024-04-30,2024-05-31,28,0.015610172609851921,0.3365161708802884,3.365161708802884e-05,0.015576520992763892
FULL_ALPHA_RISK,FULL_ALPHA_EQUAL,alpha_risk,2024-05-31,2024-05-31,2024-06-28,28,0.014506253969682118,0.31789505886188424,3.1789505886188426e-05,0.01447446446379593
FULL_ALPHA_RISK,FULL_ALPHA_EQUAL,alpha_risk,2024-06-28,2024-06-28,2024-07-31,28,-0.04851837641624264,0.3208215453032518,3.2082154530325184e-05,-0.04855045857077296
FULL_ALPHA_RISK,FULL_ALPHA_EQUAL,alpha_risk,2024-07-31,2024-07-31,2024-08-30,28,0.04763129440369087,0.5663947556503186,5.6639475565031864e-05,0.04757465492812584
FULL_ALPHA_RISK,FULL_ALPHA_EQUAL,alpha_risk,2024-08-30,2024-08-30,2024-09-30,28,0.02431271784507316,0.7141725792609953,7.141725792609953e-05,0.02424130058714706
FULL_ALPHA_RISK,FULL_ALPHA_EQUAL,alpha_risk,2024-09-30,2024-09-30,2024-10-31,28,-0.012434923573131482,0.6764091188025709,6.764091188025709e-05,-0.01250256448501174
FULL_ALPHA_RISK,FULL_ALPHA_EQUAL,alpha_risk,2024-10-31,2024-10-31,2024-11-29,28,0.11913408697365745,0.5298545162636038,5.298545162636038e-05,0.11908110152203108
FULL_ALPHA_RISK,FULL_ALPHA_EQUAL,alpha_risk,2024-11-29,2024-11-29,2024-12-31,28,-0.026404192063640634,0.5371009491601031,5.371009491601031e-05,-0.026457902158556645
FULL_ALPHA_RISK,FULL_ALPHA_EQUAL,alpha_risk,2024-12-31,2024-12-31,2025-01-31,28,0.05662341199511888,0.45214830006888823,4.5214830006888826e-05,0.05657819716511199
FULL_ALPHA_RISK,FULL_ALPHA_EQUAL,alpha_risk,2025-01-31,2025-01-31,2025-02-28,29,0.04513117182147717,0.44276479803532826,4.427647980353283e-05,0.045086895341673636
FULL_ALPHA_RISK,FULL_ALPHA_EQUAL,alpha_risk,2025-02-28,2025-02-28,2025-03-31,29,-0.022399581481546683,0.47369625425328427,4.736962542532843e-05,-0.02244695110697201
FULL_ALPHA_RISK,FULL_ALPHA_EQUAL,alpha_risk,2025-03-31,2025-03-31,2025-04-30,29,0.027979479358438603,0.22270853340271773,2.2270853340271775e-05,0.027957208505098332
FULL_ALPHA_RISK,FULL_ALPHA_EQUAL,alpha_risk,2025-04-30,2025-04-30,2025-05-30,29,0.020846836674084494,0.2914381398922173,2.914381398922173e-05,0.02081769286009527
FULL_ALPHA_RISK,FULL_ALPHA_EQUAL,alpha_risk,2025-05-30,2025-05-30,2025-06-30,29,0.040226988716149596,0.19564349565300843,1.9564349565300843e-05,0.040207424366584296
FULL_ALPHA_RISK,FULL_ALPHA_EQUAL,alpha_risk,2025-06-30,2025-06-30,2025-07-31,29,-0.025649741790761477,0.43296465667799,4.3296465667799e-05,-0.025693038256429275
FULL_ALPHA_RISK,FULL_ALPHA_EQUAL,alpha_risk,2025-07-31,2025-07-31,2025-08-29,29,0.058745670696905214,0.5156045991165717,5.156045991165718e-05,0.05869411023699356
FULL_ALPHA_RISK,FULL_ALPHA_EQUAL,alpha_risk,2025-08-29,2025-08-29,2025-09-30,29,0.09472974271746214,0.4272247004128863,4.272247004128863e-05,0.09468702024742084
FULL_ALPHA_RISK,FULL_ALPHA_EQUAL,alpha_risk,2025-09-30,2025-09-30,2025-10-31,29,0.02487487703244456,0.25071004464046565,2.5071004464046565e-05,0.024849806027980516
FULL_ALPHA_RISK,FULL_ALPHA_EQUAL,alpha_risk,2025-10-31,2025-10-31,2025-11-28,29,0.0021212022326316674,0.33140528919908413,3.314052891990841e-05,0.002088061703711759
FULL_ALPHA_RISK,FULL_ALPHA_EQUAL,alpha_risk,2025-11-28,2025-11-28,2025-12-31,29,0.013459375808162253,0.2678551972652939,2.678551972652939e-05,0.013432590288435724
FULL_ALPHA_RISK,FULL_ALPHA_EQUAL,alpha_risk,2025-12-31,2025-12-31,2026-01-30,29,0.16097848181760824,0.2986159301545052,2.9861593015450524e-05,0.16094862022459278
FULL_ALPHA_RISK,FULL_ALPHA_EQUAL,alpha_risk,2026-01-30,2026-01-30,2026-02-27,29,0.07612420193058814,0.5053375385920973,5.053375385920973e-05,0.07607366817672892
FULL_ALPHA_RISK,FULL_ALPHA_EQUAL,alpha_risk,2026-02-27,2026-02-27,2026-03-31,29,0.08548045660802335,0.351517634614891,3.51517634614891e-05,0.08544530484456186
FULL_ALPHA_RISK,FULL_ALPHA_EQUAL,alpha_risk,2026-03-31,2026-03-31,2026-04-30,29,0.08386095303071876,0.26370283849569964,2.6370283849569964e-05,0.0838345827468692
FULL_ALPHA_RISK,FULL_ALPHA_EQUAL,alpha_risk,2026-04-30,2026-04-30,2026-05-29,29,-0.08628153647628636,0.1225487476881207,1.2254874768812071e-05,-0.08629379135105518
FULL_ALPHA_RISK,FULL_ALPHA_EQUAL,alpha_risk,2026-05-29,2026-05-29,2026-06-30,29,0.11106226109868803,0.363382004740593,3.6338200474059306e-05,0.11102592289821396
FULL_ALPHA_RISK,FULL_ALPHA_EQUAL,alpha_risk,2026-06-30,2026-06-30,2026-07-31,29,-0.10401380334768429,0.4147263229843787,4.147263229843788e-05,-0.10405527597998272
FULL_ALPHA_RISK,FULL_ALPHA_EQUAL,alpha_risk,2026-07-31,2026-07-31,2026-08-31,29,-0.022175827178087762,0.37429717761543563,3.7429717761543564e-05,-0.022213256895849305
FULL_ALPHA_RISK,FULL_ALPHA_EQUAL,alpha_risk,2026-08-31,2026-08-31,2026-09-02,29,0.024978380730495655,0.4611971021539639,4.611971021539639e-05,0.024932261020280257
FULL_ALPHA_RISK,FULL_ALPHA_EQUAL,alpha_risk,2026-09-02,2026-08-31,2026-09-02,29,0.026906467224166463,0.1365658835308888,1.365658835308888e-05,0.026892810635813374
FINAL_OPTIMIZER,FULL_ALPHA_EQUAL,optimizer,2014-01-31,2014-01-31,2014-02-28,8,0.05483240251343864,0.5,5e-05,0.05478240251343864
FINAL_OPTIMIZER,FULL_ALPHA_EQUAL,optimizer,2014-02-28,2014-02-28,2014-03-31,8,-0.06947535556854235,0.5298261464950975,5.298261464950975e-05,-0.06952833818319186
FINAL_OPTIMIZER,FULL_ALPHA_EQUAL,optimizer,2014-03-31,2014-03-31,2014-04-30,8,-0.0012699507793242368,0.6142733283387348,6.142733283387349e-05,-0.0013313781121581103
FINAL_OPTIMIZER,FULL_ALPHA_EQUAL,optimizer,2014-04-30,2014-04-30,2014-05-30,8,0.05933881690400653,0.20172481355124894,2.0172481355124894e-05,0.059318644422651404
FINAL_OPTIMIZER,FULL_ALPHA_EQUAL,optimizer,2014-05-30,2014-05-30,2014-06-30,8,0.045853614329220665,0.3370691828273962,3.370691828273962e-05,0.04581990741093792
FINAL_OPTIMIZER,FULL_ALPHA_EQUAL,optimizer,2014-06-30,2014-06-30,2014-07-31,8,0.00029868261468146695,0.1294888892694008,1.2948888926940082e-05,0.0002857337257545269
FINAL_OPTIMIZER,FULL_ALPHA_EQUAL,optimizer,2014-07-31,2014-07-31,2014-08-29,8,0.110094029890527,0.13535896065797773,1.3535896065797773e-05,0.1100804939944612
FINAL_OPTIMIZER,FULL_ALPHA_EQUAL,optimizer,2014-08-29,2014-08-29,2014-09-30,8,-0.09007072589595527,0.05758326539980508,5.758326539980509e-06,-0.09007648422249526
FINAL_OPTIMIZER,FULL_ALPHA_EQUAL,optimizer,2014-09-30,2014-09-30,2014-10-31,8,0.004886624194436317,0.28567585781041016,2.8567585781041017e-05,0.004858056608655276
FINAL_OPTIMIZER,FULL_ALPHA_EQUAL,optimizer,2014-10-31,2014-10-31,2014-11-28,8,0.0005279945677636021,0.3001397945264196,3.001397945264196e-05,0.0004979805883109601
FINAL_OPTIMIZER,FULL_ALPHA_EQUAL,optimizer,2014-11-28,2014-11-28,2014-12-31,8,-0.009961255988739374,0.07180871831658775,7.180871831658775e-06,-0.009968436860571032
FINAL_OPTIMIZER,FULL_ALPHA_EQUAL,optimizer,2014-12-31,2014-12-31,2015-01-30,8,0.023702056020067527,0.16181628355991204,1.6181628355991205e-05,0.023685874391711534
FINAL_OPTIMIZER,FULL_ALPHA_EQUAL,optimizer,2015-01-30,2015-01-30,2015-02-27,8,0.07244714898714502,0.11910037500877745,1.1910037500877745e-05,0.07243523894964414
FINAL_OPTIMIZER,FULL_ALPHA_EQUAL,optimizer,2015-02-27,2015-02-27,2015-03-31,8,-0.022745001989149284,0.05419034747432013,5.419034747432013e-06,-0.022750421023896718
FINAL_OPTIMIZER,FULL_ALPHA_EQUAL,optimizer,2015-03-31,2015-03-31,2015-04-30,8,0.0719584888941326,0.007399529020989372,7.399529020989372e-07,0.0719577489412305
FINAL_OPTIMIZER,FULL_ALPHA_EQUAL,optimizer,2015-04-30,2015-04-30,2015-05-29,8,0.030979689361026054,0.2717775709464333,2.717775709464333e-05,0.03095251160393141
FINAL_OPTIMIZER,FULL_ALPHA_EQUAL,optimizer,2015-05-29,2015-05-29,2015-06-30,8,0.019281349986312476,0.20678209798750555,2.0678209798750557e-05,0.019260671776513725
FINAL_OPTIMIZER,FULL_ALPHA_EQUAL,optimizer,2015-06-30,2015-06-30,2015-07-31,8,0.02417589209401215,0.18863007684864247,1.886300768486425e-05,0.024157029086327286
FINAL_OPTIMIZER,FULL_ALPHA_EQUAL,optimizer,2015-07-31,2015-07-31,2015-08-31,8,-0.039265597378110674,0.13298975655544407,1.3298975655544408e-05,-0.03927889635376622
FINAL_OPTIMIZER,FULL_ALPHA_EQUAL,optimizer,2015-08-31,2015-08-31,2015-09-30,8,-0.05091990462928851,0.1165564325863886,1.1655643258638861e-05,-0.05093156027254715
FINAL_OPTIMIZER,FULL_ALPHA_EQUAL,optimizer,2015-09-30,2015-09-30,2015-10-30,8,0.05624579729124862,0.02620564360131531,2.6205643601315313e-06,0.05624317672688849
FINAL_OPTIMIZER,FULL_ALPHA_EQUAL,optimizer,2015-10-30,2015-10-30,2015-11-30,8,0.013782520723364661,0.20605694952641346,2.0605694952641346e-05,0.01376191502841202
FINAL_OPTIMIZER,FULL_ALPHA_EQUAL,optimizer,2015-11-30,2015-11-30,2015-12-31,8,-0.03743717210669498,0.10797983415327647,1.0797983415327648e-05,-0.037447970090110305
FINAL_OPTIMIZER,FULL_ALPHA_EQUAL,optimizer,2015-12-31,2015-12-31,2016-01-29,8,-0.0795614883679092,0.2433768714062771,2.433768714062771e-05,-0.07958582605504982
FINAL_OPTIMIZER,FULL_ALPHA_EQUAL,optimizer,2016-01-29,2016-01-29,2016-02-29,8,0.015515096983760754,0.4083075029855019,4.083075029855019e-05,0.015474266233462205
FINAL_OPTIMIZER,FULL_ALPHA_EQUAL,optimizer,2016-02-29,2016-02-29,2016-03-31,8,0.09390897432516455,0.13182781820773876,1.3182781820773875e-05,0.09389579154334378
FINAL_OPTIMIZER,FULL_ALPHA_EQUAL,optimizer,2016-03-31,2016-03-31,2016-04-29,8,0.0573806373612124,0.22712816515033463,2.2712816515033465e-05,0.05735792454469737
FINAL_OPTIMIZER,FULL_ALPHA_EQUAL,optimizer,2016-04-29,2016-04-29,2016-05-31,8,-0.049654599070848376,0.2042614030302211,2.0426140303022114e-05,-0.0496750252111514
FINAL_OPTIMIZER,FULL_ALPHA_EQUAL,optimizer,2016-05-31,2016-05-31,2016-06-30,8,0.02274795003265651,0.3003641825516149,3.003641825516149e-05,0.02271791361440135
FINAL_OPTIMIZER,FULL_ALPHA_EQUAL,optimizer,2016-06-30,2016-06-30,2016-07-29,8,0.06821420729208652,0.19388309667474907,1.938830966747491e-05,0.06819481898241904
FINAL_OPTIMIZER,FULL_ALPHA_EQUAL,optimizer,2016-07-29,2016-07-29,2016-08-31,8,0.001098045246480387,0.17189388332000888,1.7189388332000888e-05,0.0010808558581483863
FINAL_OPTIMIZER,FULL_ALPHA_EQUAL,optimizer,2016-08-31,2016-08-31,2016-09-30,8,0.020731280821649885,0.2992935299957551,2.992935299957551e-05,0.02070135146865031
FINAL_OPTIMIZER,FULL_ALPHA_EQUAL,optimizer,2016-09-30,2016-09-30,2016-10-31,8,0.08666410631601545,0.07055541530934636,7.055541530934637e-06,0.08665705077448452
FINAL_OPTIMIZER,FULL_ALPHA_EQUAL,optimizer,2016-10-31,2016-10-31,2016-11-30,8,0.019869674976705852,0.2477119875685,2.4771198756850002e-05,0.019844903777949
FINAL_OPTIMIZER,FULL_ALPHA_EQUAL,optimizer,2016-11-30,2016-11-30,2016-12-30,8,-0.002936780774218214,0.1434300796283032,1.434300796283032e-05,-0.0029511237821810443
FINAL_OPTIMIZER,FULL_ALPHA_EQUAL,optimizer,2016-12-30,2016-12-30,2017-01-31,8,0.03637212849510087,0.20451324053713665,2.0451324053713667e-05,0.036351677171047155
FINAL_OPTIMIZER,FULL_ALPHA_EQUAL,optimizer,2017-01-31,2017-01-31,2017-02-28,8,0.02249018224727054,0.2345672070785285,2.345672070785285e-05,0.022466725526562686
FINAL_OPTIMIZER,FULL_ALPHA_EQUAL,optimizer,2017-02-28,2017-02-28,2017-03-31,8,0.009262520812411277,0.2220904317900515,2.220904317900515e-05,0.009240311769232271
FINAL_OPTIMIZER,FULL_ALPHA_EQUAL,optimizer,2017-03-31,2017-03-31,2017-04-28,8,0.022566472948725255,0.11796932184244094,1.1796932184244094e-05,0.02255467601654101
FINAL_OPTIMIZER,FULL_ALPHA_EQUAL,optimizer,2017-04-28,2017-04-28,2017-05-31,8,0.05353752861085099,0.13845146336319003,1.3845146336319004e-05,0.05352368346451467
FINAL_OPTIMIZER,FULL_ALPHA_EQUAL,optimizer,2017-05-31,2017-05-31,2017-06-30,8,-0.027515713706237073,0.10047205619474933,1.0047205619474933e-05,-0.02752576091185655
FINAL_OPTIMIZER,FULL_ALPHA_EQUAL,optimizer,2017-06-30,2017-06-30,2017-07-31,8,0.105114406056007,0.0055643135590327,5.5643135590327e-07,0.10511384962465109
FINAL_OPTIMIZER,FULL_ALPHA_EQUAL,optimizer,2017-07-31,2017-07-31,2017-08-31,8,-3.810452072942026e-05,0.03478240438959189,3.478240438959189e-06,-4.1582761168379455e-05
FINAL_OPTIMIZER,FULL_ALPHA_EQUAL,optimizer,2017-08-31,2017-08-31,2017-09-29,8,0.013217882114009327,0.10972795641210249,1.097279564121025e-05,0.013206909318368116
FINAL_OPTIMIZER,FULL_ALPHA_EQUAL,optimizer,2017-09-29,2017-09-29,2017-10-31,8,0.04482600571798501,0.14737283811444793,1.4737283811444794e-05,0.04481126843417356
FINAL_OPTIMIZER,FULL_ALPHA_EQUAL,optimizer,2017-10-31,2017-10-31,2017-11-30,8,-0.0012297048076113952,0.20462167367587303,2.0462167367587303e-05,-0.0012501669749789826
FINAL_OPTIMIZER,FULL_ALPHA_EQUAL,optimizer,2017-11-30,2017-11-30,2017-12-29,8,0.017041092003869253,0.19906219754888127,1.9906219754888127e-05,0.017021185784114365
FINAL_OPTIMIZER,FULL_ALPHA_EQUAL,optimizer,2017-12-29,2017-12-29,2018-01-31,8,0.18361650534185828,0.16305560240038164,1.6305560240038166e-05,0.18360019978161823
FINAL_OPTIMIZER,FULL_ALPHA_EQUAL,optimizer,2018-01-31,2018-01-31,2018-02-28,8,0.009136147171418628,0.05229239216087514,5.229239216087514e-06,0.009130917932202541
FINAL_OPTIMIZER,FULL_ALPHA_EQUAL,optimizer,2018-02-28,2018-02-28,2018-03-29,8,-0.017927210106704984,0.09625399696106508,9.62539969610651e-06,-0.01793683550640109
FINAL_OPTIMIZER,FULL_ALPHA_EQUAL,optimizer,2018-03-29,2018-03-29,2018-04-30,8,0.014444211157970392,0.002074817439882113,2.0748174398821132e-07,0.014444003676226403
FINAL_OPTIMIZER,FULL_ALPHA_EQUAL,optimizer,2018-04-30,2018-04-30,2018-05-31,8,0.0035610240663523363,0.15493142070325838,1.549314207032584e-05,0.0035455309242820106
FINAL_OPTIMIZER,FULL_ALPHA_EQUAL,optimizer,2018-05-31,2018-05-31,2018-06-29,8,0.03257418588436907,0.23972244883610017,2.3972244883610016e-05,0.03255021363948546
FINAL_OPTIMIZER,FULL_ALPHA_EQUAL,optimizer,2018-06-29,2018-06-29,2018-07-31,8,-0.004440938860017729,0.1928230036421286,1.928230036421286e-05,-0.0044602211603819416
FINAL_OPTIMIZER,FULL_ALPHA_EQUAL,optimizer,2018-07-31,2018-07-31,2018-08-31,8,0.05492222568710619,0.18736908435084315,1.8736908435084317e-05,0.05490348877867111
FINAL_OPTIMIZER,FULL_ALPHA_EQUAL,optimizer,2018-08-31,2018-08-31,2018-09-28,8,0.01693052438364642,0.22198780486915315,2.2198780486915315e-05,0.016908325603159503
FINAL_OPTIMIZER,FULL_ALPHA_EQUAL,optimizer,2018-09-28,2018-09-28,2018-10-31,8,-0.059749523224201545,0.06851142095189199,6.851142095189199e-06,-0.05975637436629674
FINAL_OPTIMIZER,FULL_ALPHA_EQUAL,optimizer,2018-10-31,2018-10-31,2018-11-30,8,0.007065556632316408,0.3171803333878841,3.171803333878841e-05,0.00703383859897762
FINAL_OPTIMIZER,FULL_ALPHA_EQUAL,optimizer,2018-11-30,2018-11-30,2018-12-31,8,-0.08413128386660498,0.2699763132360388,2.6997631323603884e-05,-0.08415828149792859
FINAL_OPTIMIZER,FULL_ALPHA_EQUAL,optimizer,2018-12-31,2018-12-31,2019-01-31,8,0.05496010586695099,0.3679684395919323,3.679684395919323e-05,0.0549233090229918
FINAL_OPTIMIZER,FULL_ALPHA_EQUAL,optimizer,2019-01-31,2019-01-31,2019-02-28,8,0.04273219038000999,0.21203175897555676,2.1203175897555676e-05,0.042710987204112434
FINAL_OPTIMIZER,FULL_ALPHA_EQUAL,optimizer,2019-02-28,2019-02-28,2019-03-29,16,0.032287330597174035,0.3791100948638335,3.7911009486383355e-05,0.03224941958768765
FINAL_OPTIMIZER,FULL_ALPHA_EQUAL,optimizer,2019-03-29,2019-03-29,2019-04-30,18,0.009950529517563965,0.20959341728551925,2.0959341728551927e-05,0.009929570175835413
FINAL_OPTIMIZER,FULL_ALPHA_EQUAL,optimizer,2019-04-30,2019-04-30,2019-05-31,19,-0.11059277490852432,0.11430082254155668,1.143008225415567e-05,-0.11060420499077847
FINAL_OPTIMIZER,FULL_ALPHA_EQUAL,optimizer,2019-05-31,2019-05-31,2019-06-28,19,0.09618205744332599,0.20415890713706705,2.0415890713706707e-05,0.09616164155261228
FINAL_OPTIMIZER,FULL_ALPHA_EQUAL,optimizer,2019-06-28,2019-06-28,2019-07-31,19,0.002886704555589326,0.16232137935485294,1.6232137935485296e-05,0.002870472417653841
FINAL_OPTIMIZER,FULL_ALPHA_EQUAL,optimizer,2019-07-31,2019-07-31,2019-08-30,20,-7.577903620709289e-05,0.2839937670718119,2.839937670718119e-05,-0.00010417841291427408
FINAL_OPTIMIZER,FULL_ALPHA_EQUAL,optimizer,2019-08-30,2019-08-30,2019-09-30,20,-0.007151172348396914,0.06665339825306442,6.6653398253064424e-06,-0.00715783768822222
FINAL_OPTIMIZER,FULL_ALPHA_EQUAL,optimizer,2019-09-30,2019-09-30,2019-10-31,21,-0.00023113217066867905,0.187620363568383,1.87620363568383e-05,-0.00024989420702551735
FINAL_OPTIMIZER,FULL_ALPHA_EQUAL,optimizer,2019-10-31,2019-10-31,2019-11-29,21,-0.0014526745838828467,0.19354824785746347,1.9354824785746348e-05,-0.001472029408668593
FINAL_OPTIMIZER,FULL_ALPHA_EQUAL,optimizer,2019-11-29,2019-11-29,2019-12-31,22,0.042882803288502795,0.40744910643602283,4.074491064360229e-05,0.04284205837785919
FINAL_OPTIMIZER,FULL_ALPHA_EQUAL,optimizer,2019-12-31,2019-12-31,2020-01-31,22,-0.05617902936773648,0.12122973849216942,1.2122973849216942e-05,-0.0561911523415857
FINAL_OPTIMIZER,FULL_ALPHA_EQUAL,optimizer,2020-01-31,2020-01-31,2020-02-28,22,-0.029347743974334164,0.2461548456536988,2.4615484565369882e-05,-0.029372359458899534
FINAL_OPTIMIZER,FULL_ALPHA_EQUAL,optimizer,2020-02-28,2020-02-28,2020-03-31,26,-0.06447093704534915,0.3096545201730975,3.096545201730975e-05,-0.06450190249736645
FINAL_OPTIMIZER,FULL_ALPHA_EQUAL,optimizer,2020-03-31,2020-03-31,2020-04-30,26,0.18619888195031006,0.12825105296160094,1.2825105296160095e-05,0.1861860568450139
FINAL_OPTIMIZER,FULL_ALPHA_EQUAL,optimizer,2020-04-30,2020-04-30,2020-05-29,26,0.04515259163757979,0.008205560952220026,8.205560952220026e-07,0.04515177108148457
FINAL_OPTIMIZER,FULL_ALPHA_EQUAL,optimizer,2020-05-29,2020-05-29,2020-06-30,26,0.06747537999369367,0.0070707134247903775,7.070713424790378e-07,0.0674746729223512
FINAL_OPTIMIZER,FULL_ALPHA_EQUAL,optimizer,2020-06-30,2020-06-30,2020-07-31,26,0.09853715005592553,0.02382831289047819,2.382831289047819e-06,0.09853476722463649
FINAL_OPTIMIZER,FULL_ALPHA_EQUAL,optimizer,2020-07-31,2020-07-31,2020-08-31,26,0.07074478802564135,7.980149914965304e-08,7.980149914965304e-12,0.07074478801766121
FINAL_OPTIMIZER,FULL_ALPHA_EQUAL,optimizer,2020-08-31,2020-08-31,2020-09-30,26,-0.05804094772148224,0.1715001231395776,1.7150012313957762e-05,-0.05805809773379619
FINAL_OPTIMIZER,FULL_ALPHA_EQUAL,optimizer,2020-09-30,2020-09-30,2020-10-30,27,-0.0345411825812185,0.13174378321227637,1.3174378321227637e-05,-0.03455435695953973
FINAL_OPTIMIZER,FULL_ALPHA_EQUAL,optimizer,2020-10-30,2020-10-30,2020-11-30,27,0.13368637318331789,0.12420670802687457,1.2420670802687458e-05,0.1336739525125152
FINAL_OPTIMIZER,FULL_ALPHA_EQUAL,optimizer,2020-11-30,2020-11-30,2020-12-31,27,0.07454283343499173,0.12663886481654923,1.2663886481654924e-05,0.07453016954851008
FINAL_OPTIMIZER,FULL_ALPHA_EQUAL,optimizer,2020-12-31,2020-12-31,2021-01-29,27,0.007068968287878375,0.10897457957640863,1.0897457957640864e-05,0.007058070829920734
FINAL_OPTIMIZER,FULL_ALPHA_EQUAL,optimizer,2021-01-29,2021-01-29,2021-02-26,27,0.013552296872810418,0.031253284736460454,3.1253284736460454e-06,0.013549171544336772
FINAL_OPTIMIZER,FULL_ALPHA_EQUAL,optimizer,2021-02-26,2021-02-26,2021-03-31,27,0.008565240272837778,0.14631268660852365,1.4631268660852365e-05,0.008550609004176927
FINAL_OPTIMIZER,FULL_ALPHA_EQUAL,optimizer,2021-03-31,2021-03-31,2021-04-30,27,0.02162893731044663,0.14805824807264556,1.4805824807264556e-05,0.021614131485639367
FINAL_OPTIMIZER,FULL_ALPHA_EQUAL,optimizer,2021-04-30,2021-04-30,2021-05-28,27,0.05116879604905768,0.5143375855386728,5.143375855386728e-05,0.05111736229050381
FINAL_OPTIMIZER,FULL_ALPHA_EQUAL,optimizer,2021-05-28,2021-05-28,2021-06-30,27,0.08242749818860956,0.050701539096895704,5.070153909689571e-06,0.08242242803469987
FINAL_OPTIMIZER,FULL_ALPHA_EQUAL,optimizer,2021-06-30,2021-06-30,2021-07-30,27,0.025441737702620957,0.02038978828116296,2.038978828116296e-06,0.025439698723792842
FINAL_OPTIMIZER,FULL_ALPHA_EQUAL,optimizer,2021-07-30,2021-07-30,2021-08-31,27,0.04033957824316744,0.09212394185477799,9.212394185477798e-06,0.04033036584898196
FINAL_OPTIMIZER,FULL_ALPHA_EQUAL,optimizer,2021-08-31,2021-08-31,2021-09-30,27,-0.04962780935974133,0.1270962220021818,1.270962220021818e-05,-0.04964051898194155
FINAL_OPTIMIZER,FULL_ALPHA_EQUAL,optimizer,2021-09-30,2021-09-30,2021-10-29,27,0.07070675149305679,0.12191981302675767,1.2191981302675768e-05,0.07069455951175412
FINAL_OPTIMIZER,FULL_ALPHA_EQUAL,optimizer,2021-10-29,2021-10-29,2021-11-30,27,0.037904689738459785,0.09340053640033093,9.340053640033093e-06,0.03789534968481975
FINAL_OPTIMIZER,FULL_ALPHA_EQUAL,optimizer,2021-11-30,2021-11-30,2021-12-31,27,0.013492677366955315,0.044527792346078454,4.452779234607846e-06,0.013488224587720707
FINAL_OPTIMIZER,FULL_ALPHA_EQUAL,optimizer,2021-12-31,2021-12-31,2022-01-31,27,-0.11515875801705747,0.09844153811259457,9.844153811259457e-06,-0.11516860217086873
FINAL_OPTIMIZER,FULL_ALPHA_EQUAL,optimizer,2022-01-31,2022-01-31,2022-02-28,27,0.03145731331670902,0.2786283011409625,2.786283011409625e-05,0.03142945048659492
FINAL_OPTIMIZER,FULL_ALPHA_EQUAL,optimizer,2022-02-28,2022-02-28,2022-03-31,28,0.0650792310686178,0.4166621085012846,4.1666210850128465e-05,0.06503756485776767
FINAL_OPTIMIZER,FULL_ALPHA_EQUAL,optimizer,2022-03-31,2022-03-31,2022-04-29,28,-0.04056020190449077,0.11530215127720546,1.1530215127720547e-05,-0.040571732119618495
FINAL_OPTIMIZER,FULL_ALPHA_EQUAL,optimizer,2022-04-29,2022-04-29,2022-05-31,28,0.04370562367791047,0.15041692339290047,1.5041692339290048e-05,0.04369058198557118
FINAL_OPTIMIZER,FULL_ALPHA_EQUAL,optimizer,2022-05-31,2022-05-31,2022-06-30,28,-0.18286300716154988,0.1226009429980637,1.2260094299806371e-05,-0.18287526725584968
FINAL_OPTIMIZER,FULL_ALPHA_EQUAL,optimizer,2022-06-30,2022-06-30,2022-07-29,28,0.14115762057505976,0.05734150790315578,5.734150790315578e-06,0.14115188642426946
FINAL_OPTIMIZER,FULL_ALPHA_EQUAL,optimizer,2022-07-29,2022-07-29,2022-08-31,28,0.024502406629329773,0.03685623501326957,3.6856235013269568e-06,0.024498721005828446
FINAL_OPTIMIZER,FULL_ALPHA_EQUAL,optimizer,2022-08-31,2022-08-31,2022-09-30,28,-0.09820237855826225,0.00892345893347497,8.92345893347497e-07,-0.09820327090415559
FINAL_OPTIMIZER,FULL_ALPHA_EQUAL,optimizer,2022-09-30,2022-09-30,2022-10-31,28,0.19016890242262396,0.062471806782871966,6.247180678287197e-06,0.19016265524194567
FINAL_OPTIMIZER,FULL_ALPHA_EQUAL,optimizer,2022-10-31,2022-10-31,2022-11-30,28,0.04127281449364735,0.02161306067984437,2.1613060679844374e-06,0.041270653187579366
FINAL_OPTIMIZER,FULL_ALPHA_EQUAL,optimizer,2022-11-30,2022-11-30,2022-12-30,28,-0.0555096266573044,0.14164279960766524,1.4164279960766524e-05,-0.055523790937265165
FINAL_OPTIMIZER,FULL_ALPHA_EQUAL,optimizer,2022-12-30,2022-12-30,2023-01-31,28,0.07792183612220656,0.12432223831207383,1.2432223831207384e-05,0.07790940389837535
FINAL_OPTIMIZER,FULL_ALPHA_EQUAL,optimizer,2023-01-31,2023-01-31,2023-02-28,28,-0.01664997911886497,0.1073121476694917,1.073121476694917e-05,-0.01666071033363192
FINAL_OPTIMIZER,FULL_ALPHA_EQUAL,optimizer,2023-02-28,2023-02-28,2023-03-31,28,-0.008963765903118205,0.07008051926081713,7.008051926081713e-06,-0.008970773955044288
FINAL_OPTIMIZER,FULL_ALPHA_EQUAL,optimizer,2023-03-31,2023-03-31,2023-04-28,28,-0.039707789137269286,0.07512307445080821,7.512307445080821e-06,-0.039715301444714364
FINAL_OPTIMIZER,FULL_ALPHA_EQUAL,optimizer,2023-04-28,2023-04-28,2023-05-31,28,0.005581126416670856,0.1955741665457111,1.955741665457111e-05,0.005561569000016285
FINAL_OPTIMIZER,FULL_ALPHA_EQUAL,optimizer,2023-05-31,2023-05-31,2023-06-30,28,0.09424321312764566,0.18822292311491817,1.882229231149182e-05,0.09422439083533417
FINAL_OPTIMIZER,FULL_ALPHA_EQUAL,optimizer,2023-06-30,2023-06-30,2023-07-31,28,0.05764130394609727,0.07456922525785381,7.456922525785382e-06,0.05763384702357148
FINAL_OPTIMIZER,FULL_ALPHA_EQUAL,optimizer,2023-07-31,2023-07-31,2023-08-31,28,-0.001381444366215281,0.04062647245024728,4.062647245024728e-06,-0.0013855070134603058
FINAL_OPTIMIZER,FULL_ALPHA_EQUAL,optimizer,2023-08-31,2023-08-31,2023-09-29,28,-0.01212318738900536,0.06116907561244943,6.116907561244943e-06,-0.012129304296566605
FINAL_OPTIMIZER,FULL_ALPHA_EQUAL,optimizer,2023-09-29,2023-09-29,2023-10-31,28,-0.027513987645090873,0.16823213973156348,1.682321397315635e-05,-0.02753081085906403
FINAL_OPTIMIZER,FULL_ALPHA_EQUAL,optimizer,2023-10-31,2023-10-31,2023-11-30,28,0.08971557139802493,0.1004124980969506,1.0041249809695061e-05,0.08970553014821524
FINAL_OPTIMIZER,FULL_ALPHA_EQUAL,optimizer,2023-11-30,2023-11-30,2023-12-29,28,0.06299612344583054,0.03554451428402264,3.554451428402264e-06,0.06299256899440214
FINAL_OPTIMIZER,FULL_ALPHA_EQUAL,optimizer,2023-12-29,2023-12-29,2024-01-31,28,0.07108333529690836,0.09699892587105605,9.699892587105605e-06,0.07107363540432125
FINAL_OPTIMIZER,FULL_ALPHA_EQUAL,optimizer,2024-01-31,2024-01-31,2024-02-29,28,0.04117520170141418,0.0037558830136720745,3.755883013672075e-07,0.04117482611311281
FINAL_OPTIMIZER,FULL_ALPHA_EQUAL,optimizer,2024-02-29,2024-02-29,2024-03-28,28,0.046038638484185004,0.4091418872546553,4.091418872546553e-05,0.045997724295459536
FINAL_OPTIMIZER,FULL_ALPHA_EQUAL,optimizer,2024-03-28,2024-03-28,2024-04-30,28,0.006515566113144821,0.10514455810752439,1.051445581075244e-05,0.006505051657334069
FINAL_OPTIMIZER,FULL_ALPHA_EQUAL,optimizer,2024-04-30,2024-04-30,2024-05-31,28,0.023843046654273427,0.03828076877585974,3.828076877585974e-06,0.023839218577395842
FINAL_OPTIMIZER,FULL_ALPHA_EQUAL,optimizer,2024-05-31,2024-05-31,2024-06-28,28,0.020577027783400172,0.10509737030793777,1.0509737030793778e-05,0.02056651804636938
FINAL_OPTIMIZER,FULL_ALPHA_EQUAL,optimizer,2024-06-28,2024-06-28,2024-07-31,28,-0.008402003804281643,0.032669749777194765,3.2669749777194765e-06,-0.008405270779259363
FINAL_OPTIMIZER,FULL_ALPHA_EQUAL,optimizer,2024-07-31,2024-07-31,2024-08-30,28,0.045077290272940544,0.23964756841046217,2.3964756841046218e-05,0.045053325516099495
FINAL_OPTIMIZER,FULL_ALPHA_EQUAL,optimizer,2024-08-30,2024-08-30,2024-09-30,28,0.0129347009710915,0.29973494303152703,2.9973494303152706e-05,0.012904727476788346
FINAL_OPTIMIZER,FULL_ALPHA_EQUAL,optimizer,2024-09-30,2024-09-30,2024-10-31,28,-0.0030258152284236917,0.059471644682907665,5.947164468290767e-06,-0.0030317623928919823
FINAL_OPTIMIZER,FULL_ALPHA_EQUAL,optimizer,2024-10-31,2024-10-31,2024-11-29,28,0.10268923138565793,0.11547612323678128,1.1547612323678129e-05,0.10267768377333425
FINAL_OPTIMIZER,FULL_ALPHA_EQUAL,optimizer,2024-11-29,2024-11-29,2024-12-31,28,-0.04623421407558448,0.04090755802310484,4.090755802310484e-06,-0.04623830483138679
FINAL_OPTIMIZER,FULL_ALPHA_EQUAL,optimizer,2024-12-31,2024-12-31,2025-01-31,28,0.07687073904822384,0.04254729983325813,4.254729983325814e-06,0.07686648431824052
FINAL_OPTIMIZER,FULL_ALPHA_EQUAL,optimizer,2025-01-31,2025-01-31,2025-02-28,29,0.01558254667984034,0.07798277627875777,7.798277627875778e-06,0.015574748402212464
FINAL_OPTIMIZER,FULL_ALPHA_EQUAL,optimizer,2025-02-28,2025-02-28,2025-03-31,29,-0.014474518039480053,0.1076279197207799,1.076279197207799e-05,-0.01448528083145213
FINAL_OPTIMIZER,FULL_ALPHA_EQUAL,optimizer,2025-03-31,2025-03-31,2025-04-30,29,0.022697444098473286,0.03219752554202748,3.2197525542027485e-06,0.022694224345919084
FINAL_OPTIMIZER,FULL_ALPHA_EQUAL,optimizer,2025-04-30,2025-04-30,2025-05-30,29,0.01939920076089476,0.07340810346614839,7.340810346614839e-06,0.019391859950548145
FINAL_OPTIMIZER,FULL_ALPHA_EQUAL,optimizer,2025-05-30,2025-05-30,2025-06-30,29,0.0427111331867284,0.16486328146650026,1.6486328146650028e-05,0.04269464685858175
FINAL_OPTIMIZER,FULL_ALPHA_EQUAL,optimizer,2025-06-30,2025-06-30,2025-07-31,29,0.0010126138322420558,0.05833807231525009,5.833807231525009e-06,0.0010067800250105308
FINAL_OPTIMIZER,FULL_ALPHA_EQUAL,optimizer,2025-07-31,2025-07-31,2025-08-29,29,0.06998132212975232,0.11618815254625703,1.1618815254625704e-05,0.06996970331449769
FINAL_OPTIMIZER,FULL_ALPHA_EQUAL,optimizer,2025-08-29,2025-08-29,2025-09-30,29,0.058142103743263326,0.11809244988169171,1.180924498816917e-05,0.058130294498275156
FINAL_OPTIMIZER,FULL_ALPHA_EQUAL,optimizer,2025-09-30,2025-09-30,2025-10-31,29,-0.011156743984283447,0.02182094001623721,2.182094001623721e-06,-0.01115892607828507
FINAL_OPTIMIZER,FULL_ALPHA_EQUAL,optimizer,2025-10-31,2025-10-31,2025-11-28,29,0.020859409410901843,0.06887457570410259,6.887457570410259e-06,0.020852521953331433
FINAL_OPTIMIZER,FULL_ALPHA_EQUAL,optimizer,2025-11-28,2025-11-28,2025-12-31,29,-0.008351998549941451,0.004373068256688505,4.373068256688505e-07,-0.008352435856767119
FINAL_OPTIMIZER,FULL_ALPHA_EQUAL,optimizer,2025-12-31,2025-12-31,2026-01-30,29,0.10024829346973255,0.12129301179422011,1.2129301179422012e-05,0.10023616416855312
FINAL_OPTIMIZER,FULL_ALPHA_EQUAL,optimizer,2026-01-30,2026-01-30,2026-02-27,29,0.06459241369924751,0.1331339581515835,1.331339581515835e-05,0.06457910030343235
FINAL_OPTIMIZER,FULL_ALPHA_EQUAL,optimizer,2026-02-27,2026-02-27,2026-03-31,29,0.010994763212762514,0.09549547450458595,9.549547450458595e-06,0.010985213665312054
FINAL_OPTIMIZER,FULL_ALPHA_EQUAL,optimizer,2026-03-31,2026-03-31,2026-04-30,29,0.03810473276716899,0.0878071376142508,8.78071376142508e-06,0.038095952053407565
FINAL_OPTIMIZER,FULL_ALPHA_EQUAL,optimizer,2026-04-30,2026-04-30,2026-05-29,29,-0.030334103548964524,0.22913143183706952,2.2913143183706952e-05,-0.03035701669214823
FINAL_OPTIMIZER,FULL_ALPHA_EQUAL,optimizer,2026-05-29,2026-05-29,2026-06-30,29,0.08924489124847487,0.1613279057283562,1.613279057283562e-05,0.08922875845790204
FINAL_OPTIMIZER,FULL_ALPHA_EQUAL,optimizer,2026-06-30,2026-06-30,2026-07-31,29,-0.00984083637503339,0.1458861552373064,1.458861552373064e-05,-0.00985542499055712
FINAL_OPTIMIZER,FULL_ALPHA_EQUAL,optimizer,2026-07-31,2026-07-31,2026-08-31,29,-0.0076261280612212835,0.16206950595476596,1.62069505954766e-05,-0.00764233501181676
FINAL_OPTIMIZER,FULL_ALPHA_EQUAL,optimizer,2026-08-31,2026-08-31,2026-09-02,29,0.023085895187262957,0.28209666671414296,2.82096666714143e-05,0.023057685520591543
FINAL_OPTIMIZER,FULL_ALPHA_EQUAL,optimizer,2026-09-02,2026-08-31,2026-09-02,29,0.025578767187123666,0.06439614051751932,6.439614051751933e-06,0.025572327573071915
