date,nav,net_return,gross_return,turnover,cost_fraction,execution_skipped,holdings,cash_weight
2019-01-02,1.0,0.0,0.0,0.0,0.0,0,0,1.0
2019-01-03,0.999,-0.0010000000000000009,0.0,0.5,0.001,0,15,0.0
2019-01-04,1.0437805227602617,0.04482534810837002,0.04482534810836992,0.0,0.0,0,15,0.0
2019-01-07,1.0776530684040742,0.03245178934191739,0.032451789341917406,0.0,0.0,0,15,0.0
2019-01-08,1.0918942927167055,0.0132150362024408,0.013215036202440735,0.0,0.0,0,15,0.0
2019-01-09,1.1040517467272215,0.011134277458551,0.011134277458550928,0.0,0.0,0,15,0.0
2019-01-10,1.0996941249752743,-0.003946936151194569,-0.003946936151194589,0.0,0.0,0,15,0.0
2019-01-11,1.10353705346528,0.003494543075868606,0.0034945430758686227,0.0,0.0,0,15,0.0
2019-01-14,1.093793729215119,-0.008829177252875575,-0.008829177252875567,0.0,0.0,0,15,0.0
2019-01-15,1.12051644233577,0.024431218068718286,0.024431218068718206,0.0,0.0,0,15,0.0
2019-01-16,1.1112408854905726,-0.008277930153226531,-0.008277930153226584,0.0,0.0,0,15,0.0
2019-01-17,1.122228468947718,0.009887670261785608,0.00988767026178552,0.0,0.0,0,15,0.0
2019-01-18,1.133178069319082,0.009757015326505858,0.00975701532650592,0.0,0.0,0,15,0.0
2019-01-22,1.1112496438781578,-0.019351261760740646,-0.01935126176074064,0.0,0.0,0,15,0.0
2019-01-23,1.1126572694537327,0.001266705085872788,0.0012667050858727613,0.0,0.0,0,15,0.0
2019-01-24,1.1267269384357952,0.012645105881499363,0.012645105881499277,0.0,0.0,0,15,0.0
2019-01-25,1.1453125363600758,0.016495210410148342,0.01649521041014834,0.0,0.0,0,15,0.0
2019-01-28,1.1319135987936237,-0.011698935566561874,-0.01169893556656179,0.0,0.0,0,15,0.0
2019-01-29,1.1206781779388637,-0.009926041057139456,-0.009926041057139519,0.0,0.0,0,15,0.0
2019-01-30,1.160683616695183,0.035697526322763684,0.035697526322763753,0.0,0.0,0,15,0.0
2019-01-31,1.1860258264894714,0.02183386534432641,0.021833865344326474,0.0,0.0,0,15,0.0
2019-02-01,1.1954053649142413,0.007908376205038037,0.007908376205038072,0.0,0.0,0,15,0.0
2019-02-04,1.2105700715784684,0.012685827844946207,0.012685827844946287,0.0,0.0,0,15,0.0
2019-02-05,1.2152541976760658,0.0038693556098654547,0.003869355609865452,0.0,0.0,0,15,0.0
2019-02-06,1.2099106984467913,-0.0043970218243170045,-0.004397021824316985,0.0,0.0,0,15,0.0
2019-02-07,1.2098956298333283,-1.2454318721544233e-05,-1.2454318721420661e-05,0.0,0.0,0,15,0.0
2019-02-08,1.21909313046565,0.007601895903689426,0.007601895903689462,0.0,0.0,0,15,0.0
2019-02-11,1.2279981033800367,0.007304587887379199,0.007304587887379208,0.0,0.0,0,15,0.0
2019-02-12,1.2465979916870065,0.015146512242790955,0.015146512242790997,0.0,0.0,0,15,0.0
2019-02-13,1.2416579877363223,-0.0039627883115702645,-0.0039627883115701725,0.0,0.0,0,15,0.0
2019-02-14,1.2525602403301204,0.008780399032163544,0.008780399032163527,0.0,0.0,0,15,0.0
2019-02-15,1.2661677940718323,0.010863791858925387,0.010863791858925288,0.0,0.0,0,15,0.0
2019-02-19,1.2678003648358802,0.0012893794737882658,0.0012893794737883202,0.0,0.0,0,15,0.0
2019-02-20,1.2656980972609997,-0.001658200796584186,-0.0016582007965840857,0.0,0.0,0,15,0.0
2019-02-21,1.2652485935238902,-0.0003551429350192592,-0.00035514293501921876,0.0,0.0,0,15,0.0
2019-02-22,1.2887419554451396,0.01856817865002891,0.018568178650028865,0.0,0.0,0,15,0.0
2019-02-25,1.2914554192488477,0.002105513669546699,0.0021055136695466593,0.0,0.0,0,15,0.0
2019-02-26,1.2836229420934997,-0.006064845165080213,-0.006064845165080254,0.0,0.0,0,15,0.0
2019-02-27,1.30591719475369,0.01736822545710348,0.017368225457103533,0.0,0.0,0,15,0.0
2019-02-28,1.305468377443222,-0.00034367976183402593,-0.00034367976183398717,0.0,0.0,0,15,0.0
2019-03-01,1.3112100011590901,0.004398133126068515,0.0043981331260685074,0.0,0.0,0,15,0.0
2019-03-04,1.2948913778771713,-0.012445468893230949,-0.0124454688932309,0.0,0.0,0,15,0.0
2019-03-05,1.2950925496493,0.00015535802891708528,0.0001553580289170449,0.0,0.0,0,15,0.0
2019-03-06,1.2802622304022755,-0.011451165595107837,-0.011451165595107688,0.0,0.0,0,15,0.0
2019-03-07,1.2736522051493833,-0.005163024492892521,-0.0051630244928925345,0.0,0.0,0,15,0.0
2019-03-08,1.271079014977041,-0.002020324042889321,-0.0020203240428891644,0.0,0.0,0,15,0.0
2019-03-11,1.302418893215625,0.02465612119255245,0.024656121192552456,0.0,0.0,0,15,0.0
2019-03-12,1.3073049355043487,0.003751513675189555,0.0037515136751895416,0.0,0.0,0,15,0.0
2019-03-13,1.320229619934071,0.009886510850459107,0.00988651085045914,0.0,0.0,0,15,0.0
2019-03-14,1.3420592373670261,0.01653471267675788,0.01653471267675788,0.0,0.0,0,15,0.0
2019-03-15,1.3482181771202066,0.0045891713135284284,0.00458917131352834,0.0,0.0,0,15,0.0
2019-03-18,1.357930297184017,0.007203670910709281,0.0072036709107093765,0.0,0.0,0,15,0.0
2019-03-19,1.3721141026227004,0.010445164577369548,0.010445164577369489,0.0,0.0,0,15,0.0
2019-03-20,1.3850161912971994,0.009403072710817195,0.009403072710817091,0.0,0.0,0,15,0.0
2019-03-21,1.4263979687010437,0.02987819035175776,0.029878190351757854,0.0,0.0,0,15,0.0
2019-03-22,1.3873275947856607,-0.027390934909254483,-0.02739093490925438,0.0,0.0,0,15,0.0
2019-03-25,1.3877770930346585,0.0003240029612956441,0.0003240029612955881,0.0,0.0,0,15,0.0
2019-03-26,1.3922165106821893,0.003198941436497682,0.0031989414364976,0.0,0.0,0,15,0.0
2019-03-27,1.3718008836575806,-0.014664117878191996,-0.01466411787819202,0.0,0.0,0,15,0.0
2019-03-28,1.3798961996816352,0.0059012325480287675,0.00590123254802872,0.0,0.0,0,15,0.0
2019-03-29,1.3974418403792632,0.012715188795850096,0.01271518879585006,0.0,0.0,0,15,0.0
2019-04-01,1.4184716939355864,0.015048822032275533,0.0150488220322755,0.0,0.0,0,15,0.0
2019-04-02,1.4176065421204977,-0.0006099182795028524,-0.0006099182795027614,0.0,0.0,0,15,0.0
2019-04-03,1.437920615917799,0.014329839199891836,0.014329839199891817,0.0,0.0,0,15,0.0
2019-04-04,1.4156753443304517,-0.015470444850078535,-0.01547044485007868,0.0,0.0,0,15,0.0
2019-04-05,1.4163198800066716,0.0004552849484884547,0.00045528494848849144,0.0,0.0,0,15,0.0
2019-04-08,1.4164017554589374,5.780858789150578e-05,5.7808587891559665e-05,0.0,0.0,0,15,0.0
2019-04-09,1.4151993109527596,-0.0008489431063916086,-0.0008489431063915512,0.0,0.0,0,15,0.0
2019-04-10,1.4382902919586396,0.016316416229975594,0.016316416229975705,0.0,0.0,0,15,0.0
2019-04-11,1.43918651339406,0.0006231158205205478,0.0006231158205204994,0.0,0.0,0,15,0.0
2019-04-12,1.4393783283921207,0.0001332801525553151,0.0001332801525553507,0.0,0.0,0,15,0.0
2019-04-15,1.4454483691392317,0.004217126677106275,0.0042171266771063405,0.0,0.0,0,15,0.0
2019-04-16,1.4359539367779668,-0.006568503285190874,-0.006568503285190857,0.0,0.0,0,15,0.0
2019-04-17,1.4081102200255702,-0.019390396891750705,-0.01939039689175075,0.0,0.0,0,15,0.0
2019-04-18,1.402335593176677,-0.004100976448270011,-0.0041009764482699785,0.0,0.0,0,15,0.0
2019-04-22,1.4115294919822396,0.006556133104156592,0.0065561331041565285,0.0,0.0,0,15,0.0
2019-04-23,1.4286226422872537,0.012109665722258356,0.012109665722258401,0.0,0.0,0,15,0.0
2019-04-24,1.430864364788983,0.0015691494978269382,0.001569149497826988,0.0,0.0,0,15,0.0
2019-04-25,1.4285389021025976,-0.00162521531992188,-0.001625215319921905,0.0,0.0,0,15,0.0
2019-04-26,1.4326217468365927,0.0028580563875340026,0.002858056387534051,0.0,0.0,0,15,0.0
2019-04-29,1.4278516615822623,-0.003329619465056499,-0.003329619465056545,0.0,0.0,0,15,0.0
2019-04-30,1.4348403834117283,0.0048945713462429374,0.004894571346242847,0.0,0.0,0,15,0.0
2019-05-01,1.4142867002336716,-0.014324717519578423,-0.014324717519578447,0.0,0.0,0,15,0.0
2019-05-02,1.422391456767268,0.005730631937822306,0.005730631937822307,0.0,0.0,0,15,0.0
2019-05-03,1.4429329099672625,0.014441490844355975,0.014441490844356083,0.0,0.0,0,15,0.0
2019-05-06,1.4340744136935215,-0.006139229490539466,-0.0061392294905394315,0.0,0.0,0,15,0.0
2019-05-07,1.3967084489820212,-0.026055805999120163,-0.026055805999120166,0.0,0.0,0,15,0.0
2019-05-08,1.395858889746262,-0.0006082581059621006,-0.000608258105962049,0.0,0.0,0,15,0.0
2019-05-09,1.396964402798289,0.000791994850015243,0.000791994850015204,0.0,0.0,0,15,0.0
2019-05-10,1.4066428911282907,0.006928228314633023,0.006928228314633012,0.0,0.0,0,15,0.0
2019-05-13,1.3480616014859712,-0.041646170475670985,-0.041646170475670964,0.0,0.0,0,15,0.0
2019-05-14,1.3798103803077972,0.023551430280952523,0.023551430280952586,0.0,0.0,0,15,0.0
2019-05-15,1.390636816262884,0.007846321574035198,0.007846321574035184,0.0,0.0,0,15,0.0
2019-05-16,1.4168494965511234,0.018849407682648422,0.018849407682648377,0.0,0.0,0,15,0.0
2019-05-17,1.400862802456769,-0.011283269065111678,-0.011283269065111562,0.0,0.0,0,15,0.0
2019-05-20,1.3839442598406344,-0.012077230251573368,-0.012077230251573309,0.0,0.0,0,15,0.0
2019-05-21,1.4032379074504144,0.013941058299560272,0.013941058299560253,0.0,0.0,0,15,0.0
2019-05-22,1.404117742861165,0.0006270037362012815,0.0006270037362012325,0.0,0.0,0,15,0.0
2019-05-23,1.3675396869921488,-0.026050561681872475,-0.026050561681872524,0.0,0.0,0,15,0.0
2019-05-24,1.3769593341231599,0.006888024691794614,0.0068880246917945795,0.0,0.0,0,15,0.0
2019-05-28,1.389588217519683,0.009171573250974063,0.009171573250974108,0.0,0.0,0,15,0.0
2019-05-29,1.3668160806728535,-0.016387687057016098,-0.0163876870570162,0.0,0.0,0,15,0.0
2019-05-30,1.371834342110704,0.003671497218104225,0.003671497218104254,0.0,0.0,0,15,0.0
2019-05-31,1.3489051173704008,-0.016714281044331036,-0.016714281044330873,0.0,0.0,0,15,0.0
2019-06-03,1.3222035951492181,-0.019794959539656487,-0.019794959539656366,0.0,0.0,0,15,0.0
2019-06-04,1.3622981086219799,0.030324008813662928,0.030324008813662966,0.0,0.0,0,15,0.0
2019-06-05,1.3894689059600724,0.019944824973424424,0.019944824973424456,0.0,0.0,0,15,0.0
2019-06-06,1.406491009738492,0.012250798636373794,0.012250798636373683,0.0,0.0,0,15,0.0
2019-06-07,1.4470080913177956,0.0288072097857468,0.02880720978574687,0.0,0.0,0,15,0.0
2019-06-10,1.4654868275527246,0.012770306085918559,0.01277030608591847,0.0,0.0,0,15,0.0
2019-06-11,1.4471847311853725,-0.012488748464505539,-0.012488748464505511,0.0,0.0,0,15,0.0
2019-06-12,1.4534944677200061,0.004360007674670152,0.004360007674670093,0.0,0.0,0,15,0.0
2019-06-13,1.4582360725059034,0.003262210411667521,0.003262210411667566,0.0,0.0,0,15,0.0
2019-06-14,1.440373489662692,-0.012249445189293273,-0.012249445189293252,0.0,0.0,0,15,0.0
2019-06-17,1.438048465848978,-0.0016141812039726089,-0.0016141812039726646,0.0,0.0,0,15,0.0
2019-06-18,1.4598864315701936,0.015185834302408718,0.015185834302408814,0.0,0.0,0,15,0.0
2019-06-19,1.4801378266402443,0.013871897588820792,0.013871897588820686,0.0,0.0,0,15,0.0
2019-06-20,1.4848611511628482,0.0031911383099541,0.003191138309954161,0.0,0.0,0,15,0.0
2019-06-21,1.4681025556322096,-0.011286304795242508,-0.011286304795242494,0.0,0.0,0,15,0.0
2019-06-24,1.456475536523648,-0.007919759463639653,-0.007919759463639639,0.0,0.0,0,15,0.0
2019-06-25,1.4330793680179943,-0.016063550618568012,-0.016063550618568043,0.0,0.0,0,15,0.0
2019-06-26,1.4284444750854213,-0.003234219287507667,-0.0032342192875076123,0.0,0.0,0,15,0.0
2019-06-27,1.4445617383143112,0.011283086959278599,0.011283086959278496,0.0,0.0,0,15,0.0
2019-06-28,1.4469329776953623,0.0016414939688338404,0.001641493968833855,0.0,0.0,0,15,0.0
2019-07-01,1.4626365871161087,0.010853031662709567,0.010853031662709626,0.0,0.0,0,15,0.0
2019-07-02,1.4762125506814567,0.009281843271892853,0.009281843271892841,0.0,0.0,0,15,0.0
2019-07-03,1.4915766319384953,0.01040777037828744,0.010407770378287412,0.0,0.0,0,15,0.0
2019-07-05,1.4965956061375858,0.0033648785396749314,0.0033648785396748395,0.0,0.0,0,15,0.0
2019-07-08,1.4942774466296227,-0.001548955174301092,-0.001548955174301111,0.0,0.0,0,15,0.0
2019-07-09,1.5097176492451592,0.010332888748580293,0.010332888748580356,0.0,0.0,0,15,0.0
2019-07-10,1.516709227024567,0.004631049907181994,0.004631049907181913,0.0,0.0,0,15,0.0
2019-07-11,1.5232380999881954,0.0043046306090168684,0.004304630609016807,0.0,0.0,0,15,0.0
2019-07-12,1.5283857260884353,0.003379396891582287,0.0033793968915822874,0.0,0.0,0,15,0.0
2019-07-15,1.5359392854197282,0.004942181284710578,0.0049421812847105775,0.0,0.0,0,15,0.0
2019-07-16,1.524155370478515,-0.007672122884722743,-0.007672122884722713,0.0,0.0,0,15,0.0
2019-07-17,1.5292656714220199,0.0033528740195958306,0.0033528740195957973,0.0,0.0,0,15,0.0
2019-07-18,1.530441002174413,0.0007685589066419585,0.0008903580664275406,0.060845405695024196,0.00012169081139004839,0,15,0.0
2019-07-19,1.511990288181144,-0.01205581526308741,-0.012055815263087398,0.0,0.0,0,15,0.0
2019-07-22,1.5163265749565187,0.002867932955171959,0.0028679329551719915,0.0,0.0,0,15,0.0
2019-07-23,1.5160997984871922,-0.0001495564827999063,-0.00014955648279995346,0.0,0.0,0,15,0.0
2019-07-24,1.5412206536674682,0.016569394181928043,0.01656939418192798,0.0,0.0,0,15,0.0
2019-07-25,1.5187704487628935,-0.01456650924781766,-0.014566509247817619,0.0,0.0,0,15,0.0
2019-07-26,1.5281816749497479,0.00619660870707639,0.0061966087070764895,0.0,0.0,0,15,0.0
2019-07-29,1.5116991236537556,-0.010785727617453778,-0.010785727617453798,0.0,0.0,0,15,0.0
2019-07-30,1.5006276980061741,-0.0073238288455323985,-0.007323828845532402,0.0,0.0,0,15,0.0
2019-07-31,1.4752305664640635,-0.01692433877893551,-0.01692433877893552,0.0,0.0,0,15,0.0
2019-08-01,1.4679863391787549,-0.004910572930082457,-0.0049105729300825025,0.0,0.0,0,15,0.0
2019-08-02,1.4517064297388127,-0.011089959766961921,-0.011089959766962015,0.0,0.0,0,15,0.0
2019-08-05,1.393683288708728,-0.039968921981370586,-0.03996892198137055,0.0,0.0,0,15,0.0
2019-08-06,1.4233520515923326,0.021288023702352943,0.021288023702353023,0.0,0.0,0,15,0.0
2019-08-07,1.4305494024579417,0.00505662029120435,0.005056620291204295,0.0,0.0,0,15,0.0
2019-08-08,1.502196243808718,0.05008344432402967,0.05008344432402958,0.0,0.0,0,15,0.0
2019-08-09,1.4964783999465474,-0.0038063228328100163,-0.003806322832809976,0.0,0.0,0,15,0.0
2019-08-12,1.4555852731332213,-0.02732623926599065,-0.027326239265990548,0.0,0.0,0,15,0.0
2019-08-13,1.478478621734645,0.015727933652519566,0.0157279336525195,0.0,0.0,0,15,0.0
2019-08-14,1.4281848005895825,-0.03401727992931991,-0.03401727992931992,0.0,0.0,0,15,0.0
2019-08-15,1.4283567191142708,0.00012037554566979303,0.00012037554566978023,0.0,0.0,0,15,0.0
2019-08-16,1.4464738269398398,0.012683881822464826,0.012683881822464823,0.0,0.0,0,15,0.0
2019-08-19,1.447009785301225,0.00037052752106747633,0.00037052752106750067,0.0,0.0,0,15,0.0
2019-08-20,1.4409617558901664,-0.004179674161498115,-0.0041796741614980775,0.0,0.0,0,15,0.0
2019-08-21,1.4701567222892484,0.020260750349371026,0.020260750349371064,0.0,0.0,0,15,0.0
2019-08-22,1.4600887761172825,-0.006848212860115166,-0.006848212860115044,0.0,0.0,0,15,0.0
2019-08-23,1.4231569285246397,-0.025294247991449637,-0.025294247991449803,0.0,0.0,0,15,0.0
2019-08-26,1.4466911811391368,0.016536653226917553,0.016536653226917556,0.0,0.0,0,15,0.0
2019-08-27,1.4488844264190723,0.0015160424757747482,0.0015160424757747083,0.0,0.0,0,15,0.0
2019-08-28,1.4400791112616929,-0.00607730678639562,-0.006077306786395473,0.0,0.0,0,15,0.0
2019-08-29,1.4640998118508788,0.01668012569680344,0.016680125696803466,0.0,0.0,0,15,0.0
2019-08-30,1.4619624604515298,-0.001459839952200448,-0.0014598399522004978,0.0,0.0,0,15,0.0
2019-09-03,1.441993988563308,-0.013658676216661947,-0.013658676216661943,0.0,0.0,0,15,0.0
2019-09-04,1.4640780092700376,0.015314918704156577,0.015314918704156478,0.0,0.0,0,15,0.0
2019-09-05,1.4870799460478932,0.01571086829541546,0.01571086829541552,0.0,0.0,0,15,0.0
2019-09-06,1.4717122720137645,-0.010334127680875715,-0.010334127680875738,0.0,0.0,0,15,0.0
2019-09-09,1.4412133214602563,-0.020723446514294586,-0.020723446514294582,0.0,0.0,0,15,0.0
2019-09-10,1.4161792983920987,-0.01737010246532611,-0.01737010246532614,0.0,0.0,0,15,0.0
2019-09-11,1.4326292754935839,0.011615744644878134,0.011615744644878134,0.0,0.0,0,15,0.0
2019-09-12,1.4339392721723787,0.0009144003275680657,0.0009144003275680517,0.0,0.0,0,15,0.0
2019-09-13,1.422911798924962,-0.007690334912656693,-0.007690334912656608,0.0,0.0,0,15,0.0
2019-09-16,1.4350016483286672,0.008496555733700006,0.008496555733700012,0.0,0.0,0,15,0.0
2019-09-17,1.4506108387547156,0.010877472122926335,0.0108774721229263,0.0,0.0,0,15,0.0
2019-09-18,1.4448136510705925,-0.00399637692566801,-0.003996376925668005,0.0,0.0,0,15,0.0
2019-09-19,1.44197594156866,-0.001964066092419503,-0.0019640660924194306,0.0,0.0,0,15,0.0
2019-09-20,1.4401576037159836,-0.001261004292969159,-0.001261004292969162,0.0,0.0,0,15,0.0
2019-09-23,1.4417247224619065,0.0010881578112558188,0.001088157811255839,0.0,0.0,0,15,0.0
2019-09-24,1.4137800452440348,-0.01938281058963398,-0.019382810589634022,0.0,0.0,0,15,0.0
2019-09-25,1.4235218785209678,0.006890628644607544,0.006890628644607451,0.0,0.0,0,15,0.0
2019-09-26,1.4239741941047261,0.0003177440337118753,0.00031774403371182506,0.0,0.0,0,15,0.0
2019-09-27,1.3899295253965032,-0.02390820623657952,-0.023908206236579577,0.0,0.0,0,15,0.0
2019-09-30,1.4054390269829176,0.011158480558206785,0.011158480558206773,0.0,0.0,0,15,0.0
2019-10-01,1.394931045769549,-0.00747665392210306,-0.007476653922103115,0.0,0.0,0,15,0.0
2019-10-02,1.3710523447986425,-0.01711819451099339,-0.0171181945109933,0.0,0.0,0,15,0.0
2019-10-03,1.396704484425238,0.018709817844601018,0.018709817844600962,0.0,0.0,0,15,0.0
2019-10-04,1.4148782200920538,0.013011868916776859,0.013011868916776791,0.0,0.0,0,15,0.0
2019-10-07,1.4166749112216108,0.0012698556695855956,0.0012698556695855082,0.0,0.0,0,15,0.0
2019-10-08,1.3771726277704441,-0.027883802514088063,-0.027883802514088053,0.0,0.0,0,15,0.0
2019-10-09,1.3968346533899347,0.014277095857853528,0.014277095857853446,0.0,0.0,0,15,0.0
2019-10-10,1.4017424504255338,0.0035135132305663674,0.003513513230566393,0.0,0.0,0,15,0.0
2019-10-11,1.4269817013820847,0.018005626460758872,0.01800562646075894,0.0,0.0,0,15,0.0
2019-10-14,1.43545327777085,0.005936709896532166,0.005936709896532192,0.0,0.0,0,15,0.0
2019-10-15,1.446317119738907,0.007568230980619539,0.00756823098061958,0.0,0.0,0,15,0.0
2019-10-16,1.415932281557759,-0.021008420467727773,-0.021008420467727836,0.0,0.0,0,15,0.0
2019-10-17,1.417146031658068,0.0008572091448988406,0.0008572091448989084,0.0,0.0,0,15,0.0
2019-10-18,1.4044651473038514,-0.00894818464077396,-0.008948184640774006,0.0,0.0,0,15,0.0
2019-10-21,1.4169236337761408,0.008870627011432708,0.008870627011432795,0.0,0.0,0,15,0.0
2019-10-22,1.3857044843245727,-0.02203305012872725,-0.022033050128727236,0.0,0.0,0,15,0.0
2019-10-23,1.3854100456157352,-0.00021248304538834528,-0.00021248304538839735,0.0,0.0,0,15,0.0
2019-10-24,1.4250746321279284,0.028630214309269375,0.028630214309269358,0.0,0.0,0,15,0.0
2019-10-25,1.4340183116309906,0.006275937625601635,0.00627593762560161,0.0,0.0,0,15,0.0
2019-10-28,1.4461649003959363,0.008470316359580288,0.008470316359580265,0.0,0.0,0,15,0.0
2019-10-29,1.4348555172183963,-0.007820258377480793,-0.00782025837748069,0.0,0.0,0,15,0.0
2019-10-30,1.4542773665025657,0.013535752590491112,0.013535752590491104,0.0,0.0,0,15,0.0
2019-10-31,1.440628575177819,-0.00938527384055432,-0.009385273840554311,0.0,0.0,0,15,0.0
2019-11-01,1.4563747477896247,0.010930071000335495,0.010930071000335592,0.0,0.0,0,15,0.0
2019-11-04,1.4595506962220277,0.002180721986029477,0.002180721986029401,0.0,0.0,0,15,0.0
2019-11-05,1.452317755295705,-0.004955594173635003,-0.004955594173635019,0.0,0.0,0,15,0.0
2019-11-06,1.454775137372783,0.0016920416128753946,0.001692041612875428,0.0,0.0,0,15,0.0
2019-11-07,1.4605568433903735,0.003974295318265986,0.00397429531826592,0.0,0.0,0,15,0.0
2019-11-08,1.4688647605698841,0.00568818476124866,0.0056881847612487435,0.0,0.0,0,15,0.0
2019-11-11,1.471901747723625,0.002067574384834847,0.0020675743848349,0.0,0.0,0,15,0.0
2019-11-12,1.4875274156783114,0.010615972145459063,0.010615972145459137,0.0,0.0,0,15,0.0
2019-11-13,1.497376281889647,0.006620964499564952,0.006620964499564969,0.0,0.0,0,15,0.0
2019-11-14,1.5083386275773183,0.00732103601496692,0.007321036014966822,0.0,0.0,0,15,0.0
2019-11-15,1.5271179464638502,0.012450333461720753,0.012450333461720642,0.0,0.0,0,15,0.0
2019-11-18,1.5412586901905272,0.009259758723562106,0.009259758723562083,0.0,0.0,0,15,0.0
2019-11-19,1.5606691226766842,0.01259388356393143,0.012593883563931471,0.0,0.0,0,15,0.0
2019-11-20,1.5641687554088606,0.0022423924977603704,0.002242392497760377,0.0,0.0,0,15,0.0
2019-11-21,1.556087838342756,-0.005166269328779838,-0.005166269328779854,0.0,0.0,0,15,0.0
2019-11-22,1.554273411546003,-0.001166018236274713,-0.0011660182362746854,0.0,0.0,0,15,0.0
2019-11-25,1.5730628562898634,0.01208889285777004,0.012088892857769942,0.0,0.0,0,15,0.0
2019-11-26,1.571667763913898,-0.0008868637196455254,-0.0008868637196453888,0.0,0.0,0,15,0.0
2019-11-27,1.5848590684636839,0.008393188975853061,0.008393188975853057,0.0,0.0,0,15,0.0
2019-11-29,1.5791869502929672,-0.0035789416760034776,-0.003578941676003466,0.0,0.0,0,15,0.0
2019-12-02,1.5538477672119295,-0.01604571458517734,-0.016045714585177315,0.0,0.0,0,15,0.0
2019-12-03,1.5505866838879356,-0.002098714811583635,-0.0020987148115836803,0.0,0.0,0,15,0.0
2019-12-04,1.5519028610594539,0.0008488252770351146,0.0008488252770350842,0.0,0.0,0,15,0.0
2019-12-05,1.5526420285969882,0.0004762975544936321,0.0004762975544935689,0.0,0.0,0,15,0.0
2019-12-06,1.5609346206355699,0.005340955536335068,0.005340955536335079,0.0,0.0,0,15,0.0
2019-12-09,1.5515698450854862,-0.005999466874705206,-0.005999466874705233,0.0,0.0,0,15,0.0
2019-12-10,1.5556244828109755,0.00261324860001122,0.0026132486000111452,0.0,0.0,0,15,0.0
2019-12-11,1.5595248942607125,0.0025072962612988636,0.0025072962612988285,0.0,0.0,0,15,0.0
2019-12-12,1.5699346566635788,0.006674957508646218,0.006674957508646324,0.0,0.0,0,15,0.0
2019-12-13,1.5750477192390437,0.0032568633055920504,0.0032568633055920734,0.0,0.0,0,15,0.0
2019-12-16,1.6015997785402007,0.01685793958927495,0.016857939589275037,0.0,0.0,0,15,0.0
2019-12-17,1.5990018436832747,-0.001622087422673113,-0.0016220874226731017,0.0,0.0,0,15,0.0
2019-12-18,1.600546479177791,0.0009659998208371157,0.0009659998208371197,0.0,0.0,0,15,0.0
2019-12-19,1.6078652890652534,0.0045726943782489204,0.004572694378248974,0.0,0.0,0,15,0.0
2019-12-20,1.6180733641066603,0.006348837250750972,0.0063488372507509135,0.0,0.0,0,15,0.0
2019-12-23,1.6219395794441511,0.002389394339746387,0.0023893943397464397,0.0,0.0,0,15,0.0
2019-12-24,1.6275245562505762,0.003443393870651512,0.0034433938706514367,0.0,0.0,0,15,0.0
2019-12-26,1.6355227489160609,0.004914329946523521,0.0049143299465235655,0.0,0.0,0,15,0.0
2019-12-27,1.632132914925073,-0.0020726302909784833,-0.0020726302909786012,0.0,0.0,0,15,0.0
2019-12-30,1.6127614089050633,-0.011868828722750857,-0.011868828722750755,0.0,0.0,0,15,0.0
2019-12-31,1.6129567083053806,0.00012109627576584181,0.00012109627576575114,0.0,0.0,0,15,0.0
2020-01-02,1.6579996923743432,0.027925724129500118,0.02792572412950021,0.0,0.0,0,15,0.0
2020-01-03,1.6531843450215218,-0.0029043113668649756,-0.002904311366864962,0.0,0.0,0,15,0.0
2020-01-06,1.6577897655704001,0.0027857876604913123,0.0027857876604913696,0.0,0.0,0,15,0.0
2020-01-07,1.6570371818782972,-0.00045396811328723974,-0.00045396811328724185,0.0,0.0,0,15,0.0
2020-01-08,1.667419960299869,0.006265869308860417,0.006265869308860309,0.0,0.0,0,15,0.0
2020-01-09,1.6946596315420932,0.01633641907304839,0.01633641907304829,0.0,0.0,0,15,0.0
2020-01-10,1.6931724502438266,-0.0008775693186916511,-0.0008775693186916058,0.0,0.0,0,15,0.0
2020-01-13,1.713645208912057,0.012091360608473378,0.012091360608473418,0.0,0.0,0,15,0.0
2020-01-14,1.6981423624687084,-0.009046707196287751,-0.009046707196287753,0.0,0.0,0,15,0.0
2020-01-15,1.703015598762093,0.0028697454354180696,0.00286974543541816,0.0,0.0,0,15,0.0
2020-01-16,1.7224466738594684,0.011409804532324763,0.011409804532324852,0.0,0.0,0,15,0.0
2020-01-17,1.7325534320375349,0.0058676755173037165,0.005867675517303671,0.0,0.0,0,15,0.0
2020-01-21,1.7320088877516022,-0.00031430158277556686,-0.0003143015827755522,0.0,0.0,0,15,0.0
2020-01-22,1.7394509700799674,0.004296792228373647,0.004296792228373668,0.0,0.0,0,15,0.0
2020-01-23,1.7449531516591046,0.003163171410852872,0.0031631714108529435,0.0,0.0,0,15,0.0
2020-01-24,1.7296785185375811,-0.008753606426052385,-0.008753606426052347,0.0,0.0,0,15,0.0
2020-01-27,1.697949981277056,-0.01834360369310195,-0.018343603693101996,0.0,0.0,0,15,0.0
2020-01-28,1.729622298743867,0.018653268833625836,0.018653268833625836,0.0,0.0,0,15,0.0
2020-01-29,1.7160103637735484,-0.00786988869200178,-0.00786988869200178,0.0,0.0,0,15,0.0
2020-01-30,1.7416750834044112,0.01495603999408579,0.014956039994085684,0.0,0.0,0,15,0.0
2020-01-31,1.7033191943329418,-0.0220224136160323,-0.02202241361603235,0.0,0.0,0,15,0.0
2020-02-03,1.721599587821962,0.010732218335729682,0.010732218335729663,0.0,0.0,0,15,0.0
2020-02-04,1.769297060010452,0.027705322727704207,0.02770532272770426,0.0,0.0,0,15,0.0
2020-02-05,1.7502176356474626,-0.010783618417857355,-0.010783618417857323,0.0,0.0,0,15,0.0
2020-02-06,1.75080782677765,0.00033721013785181775,0.00033721013785179227,0.0,0.0,0,15,0.0
2020-02-07,1.7396993120479798,-0.006344793848743091,-0.006344793848743042,0.0,0.0,0,15,0.0
2020-02-10,1.7669501565541406,0.01566411179072147,0.015664111790721514,0.0,0.0,0,15,0.0
2020-02-11,1.776071339252527,0.005162105260611449,0.005162105260611426,0.0,0.0,0,15,0.0
2020-02-12,1.8005730011288505,0.013795426644650055,0.01379542664465007,0.0,0.0,0,15,0.0
2020-02-13,1.8152615595352093,0.008157713348556195,0.008157713348556105,0.0,0.0,0,15,0.0
2020-02-14,1.8308545735072803,0.008589954373332098,0.008589954373332124,0.0,0.0,0,15,0.0
2020-02-18,1.8420234183540691,0.0061003451658059316,0.00610034516580588,0.0,0.0,0,15,0.0
2020-02-19,1.8647138046335514,0.012318185563437112,0.012318185563437166,0.0,0.0,0,15,0.0
2020-02-20,1.8422866468174905,-0.01202713132724842,-0.012027131327248383,0.0,0.0,0,15,0.0
2020-02-21,1.786078603685609,-0.030509933526891575,-0.03050993352689159,0.0,0.0,0,15,0.0
2020-02-24,1.701551823942989,-0.047325341431332935,-0.04732534143133298,0.0,0.0,0,15,0.0
2020-02-25,1.6383629356463907,-0.03713603512243979,-0.03713603512243984,0.0,0.0,0,15,0.0
2020-02-26,1.6390894720558573,0.00044345266464418387,0.0004434526646442581,0.0,0.0,0,15,0.0
2020-02-27,1.563723475747738,-0.045980404116433116,-0.045980404116432956,0.0,0.0,0,15,0.0
2020-02-28,1.58254923928914,0.01203906178641967,0.012039061786419732,0.0,0.0,0,15,0.0
2020-03-02,1.642653951409266,0.03797967900646437,0.03797967900646429,0.0,0.0,0,15,0.0
2020-03-03,1.5939416492821994,-0.02965463424921322,-0.02965463424921309,0.0,0.0,0,15,0.0
2020-03-04,1.6727427681391223,0.04943789434977708,0.049437894349777044,0.0,0.0,0,15,0.0
2020-03-05,1.6199917364172598,-0.03153565074476239,-0.03153565074476242,0.0,0.0,0,15,0.0
2020-03-06,1.5771161570062913,-0.026466542049029984,-0.026466542049029998,0.0,0.0,0,15,0.0
2020-03-09,1.4375133794149804,-0.08851775246301907,-0.08851775246301917,0.0,0.0,0,15,0.0
2020-03-10,1.522972489900823,0.05944926267094752,0.05944926267094754,0.0,0.0,0,15,0.0
2020-03-11,1.447110246900515,-0.0498119588524204,-0.049811958852420325,0.0,0.0,0,15,0.0
2020-03-12,1.299104152488015,-0.10227699978595695,-0.10227699978595696,0.0,0.0,0,15,0.0
2020-03-13,1.4148571470030946,0.08910216651481884,0.08910216651481875,0.0,0.0,0,15,0.0
2020-03-16,1.2398075213338926,-0.12372247335357256,-0.12372247335357242,0.0,0.0,0,15,0.0
2020-03-17,1.3266554836649702,0.07004955272221536,0.07004955272221536,0.0,0.0,0,15,0.0
2020-03-18,1.2229356038795418,-0.07818147293138655,-0.07818147293138654,0.0,0.0,0,15,0.0
2020-03-19,1.2754568297756448,0.042946845058307925,0.04294684505830788,0.0,0.0,0,15,0.0
2020-03-20,1.2350013120712517,-0.031718453153376625,-0.031718453153376625,0.0,0.0,0,15,0.0
2020-03-23,1.2429603442680415,0.006444553636498984,0.00664356212212156,0.09884754301861728,0.00019769508603723458,0,15,0.0
2020-03-24,1.4013894746825095,0.12746113031286144,0.1274611303128615,0.0,0.0,0,15,0.0
2020-03-25,1.4017197485409176,0.00023567599470020184,0.00023567599470015817,0.0,0.0,0,15,0.0
2020-03-26,1.4981154464598236,0.0687695939357682,0.06876959393576829,0.0,0.0,0,15,0.0
2020-03-27,1.4238510873365584,-0.0495718532899172,-0.049571853289917166,0.0,0.0,0,15,0.0
2020-03-30,1.4724860540696831,0.034157340725918806,0.03415734072591882,0.0,0.0,0,15,0.0
2020-03-31,1.444647507441945,-0.018905813437619656,-0.01890581343761964,0.0,0.0,0,15,0.0
2020-04-01,1.3675150665298674,-0.0533918762291411,-0.05339187622914107,0.0,0.0,0,15,0.0
2020-04-02,1.3815408867664831,0.01025642830554463,0.010256428305544667,0.0,0.0,0,15,0.0
2020-04-03,1.3562196221730372,-0.018328277386499003,-0.018328277386499125,0.0,0.0,0,15,0.0
2020-04-06,1.4957976876907726,0.10291700786196634,0.10291700786196636,0.0,0.0,0,15,0.0
2020-04-07,1.4978155915397502,0.0013490486484792896,0.0013490486484793224,0.0,0.0,0,15,0.0
2020-04-08,1.5430582797551489,0.030205779984496806,0.03020577998449672,0.0,0.0,0,15,0.0
2020-04-09,1.5478803302588957,0.0031249957095023095,0.003124995709502361,0.0,0.0,0,15,0.0
2020-04-13,1.5562599454467796,0.005413606610326527,0.00541360661032656,0.0,0.0,0,15,0.0
2020-04-14,1.6362373601040041,0.05139078139948161,0.051390781399481555,0.0,0.0,0,15,0.0
2020-04-15,1.6153488250014227,-0.012766201048760806,-0.01276620104876078,0.0,0.0,0,15,0.0
2020-04-16,1.65350949771993,0.02362379699534789,0.023623796995347973,0.0,0.0,0,15,0.0
2020-04-17,1.6820114316712778,0.017237236308983883,0.017237236308983914,0.0,0.0,0,15,0.0
2020-04-20,1.6712252525298927,-0.00641266696425935,-0.006412666964259325,0.0,0.0,0,15,0.0
2020-04-21,1.5835042554372456,-0.05248903279785622,-0.052489032797856224,0.0,0.0,0,15,0.0
2020-04-22,1.6708290305013527,0.05514653640131484,0.055146536401314825,0.0,0.0,0,15,0.0
2020-04-23,1.6545316717364584,-0.009754055302716447,-0.009754055302716495,0.0,0.0,0,15,0.0
2020-04-24,1.6780448022456822,0.014211351109735038,0.014211351109734979,0.0,0.0,0,15,0.0
2020-04-27,1.704956510569063,0.016037538620760072,0.016037538620760176,0.0,0.0,0,15,0.0
2020-04-28,1.678544749015236,-0.0154911643728739,-0.01549116437287387,0.0,0.0,0,15,0.0
2020-04-29,1.7244905760298714,0.027372417114045255,0.02737241711404535,0.0,0.0,0,15,0.0
2020-04-30,1.6962132316931782,-0.01639750586622135,-0.016397505866221386,0.0,0.0,0,15,0.0
2020-05-01,1.6412317702130517,-0.032414239231728814,-0.03241423923172879,0.0,0.0,0,15,0.0
2020-05-04,1.6704777511510358,0.017819531323225446,0.017819531323225342,0.0,0.0,0,15,0.0
2020-05-05,1.7038954271811406,0.020004861487726178,0.020004861487726285,0.0,0.0,0,15,0.0
2020-05-06,1.734756469731076,0.018112051982550836,0.01811205198255074,0.0,0.0,0,15,0.0
2020-05-07,1.7889995128813874,0.031268390749233044,0.03126839074923298,0.0,0.0,0,15,0.0
2020-05-08,1.8257983665203872,0.020569515739963018,0.02056951573996293,0.0,0.0,0,15,0.0
2020-05-11,1.8447824112653235,0.010397667723362147,0.010397667723362158,0.0,0.0,0,15,0.0
2020-05-12,1.8058765611504113,-0.0210896688288712,-0.021089668828871196,0.0,0.0,0,15,0.0
2020-05-13,1.776213552392298,-0.016425823002662376,-0.016425823002662397,0.0,0.0,0,15,0.0
2020-05-14,1.8181557332322142,0.023613253475870843,0.023613253475870895,0.0,0.0,0,15,0.0
2020-05-15,1.8213471381215731,0.0017552978719184154,0.001755297871918403,0.0,0.0,0,15,0.0
2020-05-18,1.8627358743559963,0.022724243702992863,0.02272424370299285,0.0,0.0,0,15,0.0
2020-05-19,1.8757333316122589,0.006977616867316794,0.006977616867316798,0.0,0.0,0,15,0.0
2020-05-20,1.9136272404417864,0.020202183429217202,0.02020218342921717,0.0,0.0,0,15,0.0
2020-05-21,1.8798709947611756,-0.017639927446276182,-0.01763992744627617,0.0,0.0,0,15,0.0
2020-05-22,1.901499620723922,0.011505377774869263,0.011505377774869261,0.0,0.0,0,15,0.0
2020-05-26,1.879868196767303,-0.011375981210232311,-0.01137598121023218,0.0,0.0,0,15,0.0
2020-05-27,1.8762719413869837,-0.0019130359173603617,-0.0019130359173603637,0.0,0.0,0,15,0.0
2020-05-28,1.8805980026614573,0.0023056685862261617,0.0023056685862261213,0.0,0.0,0,15,0.0
2020-05-29,1.926096161242092,0.02419345257000427,0.024193452570004333,0.0,0.0,0,15,0.0
2020-06-01,1.9444625961323723,0.00953557525312565,0.009535575253125704,0.0,0.0,0,15,0.0
2020-06-02,1.9562010610828824,0.006036868476595236,0.006036868476595269,0.0,0.0,0,15,0.0
2020-06-03,1.9687345602772168,0.006407060830135869,0.0064070608301359635,0.0,0.0,0,15,0.0
2020-06-04,1.9447586298006874,-0.012178345908223087,-0.012178345908223129,0.0,0.0,0,15,0.0
2020-06-05,1.9893903609310357,0.02294975347913608,0.022949753479136026,0.0,0.0,0,15,0.0
2020-06-08,1.9794693549107891,-0.004986957921925161,-0.004986957921925133,0.0,0.0,0,15,0.0
2020-06-09,1.9873199733019138,0.0039660216874024545,0.0039660216874025265,0.0,0.0,0,15,0.0
2020-06-10,2.0043072471417926,0.008547830278007318,0.00854783027800734,0.0,0.0,0,15,0.0
2020-06-11,1.8921000243625894,-0.0559830449843528,-0.05598304498435282,0.0,0.0,0,15,0.0
2020-06-12,1.919301538563441,0.014376361635540569,0.014376361635540673,0.0,0.0,0,15,0.0
2020-06-15,1.9636282740358793,0.02309524302555177,0.023095243025551784,0.0,0.0,0,15,0.0
2020-06-16,2.0011812267744276,0.01912426768095221,0.019124267680952177,0.0,0.0,0,15,0.0
2020-06-17,2.002297087009615,0.0005576007911018976,0.0005576007911020027,0.0,0.0,0,15,0.0
2020-06-18,2.0011768438779938,-0.0005594789798621935,-0.0005594789798622,0.0,0.0,0,15,0.0
2020-06-19,2.001662368492166,0.00024261954442339473,0.00024261954442345734,0.0,0.0,0,15,0.0
2020-06-22,2.0393943987441747,0.018850347014532698,0.01885034701453272,0.0,0.0,0,15,0.0
2020-06-23,2.024114163515052,-0.007492535646136833,-0.007492535646136917,0.0,0.0,0,15,0.0
2020-06-24,1.9693911988053947,-0.027035512964657227,-0.027035512964657223,0.0,0.0,0,15,0.0
2020-06-25,1.9956857588875274,0.013351618560133005,0.013351618560132925,0.0,0.0,0,15,0.0
2020-06-26,1.9720992599857035,-0.01181874390634119,-0.011818743906341238,0.0,0.0,0,15,0.0
2020-06-29,1.9837535267140216,0.005909574109572269,0.0059095741095723355,0.0,0.0,0,15,0.0
2020-06-30,2.0305923067920095,0.023611189317240378,0.02361118931724048,0.0,0.0,0,15,0.0
2020-07-01,2.0419186904020936,0.005577871822028957,0.00557787182202905,0.0,0.0,0,15,0.0
2020-07-02,2.048419188394401,0.0031835244091071857,0.003183524409107092,0.0,0.0,0,15,0.0
2020-07-06,2.0848029306481566,0.017761863616535534,0.017761863616535454,0.0,0.0,0,15,0.0
2020-07-07,2.0700235208462034,-0.007089115994938777,-0.007089115994938751,0.0,0.0,0,15,0.0
2020-07-08,2.1060092328024727,0.01738420437926158,0.017384204379261487,0.0,0.0,0,15,0.0
2020-07-09,2.1312989166429017,0.012008344240151292,0.012008344240151392,0.0,0.0,0,15,0.0
2020-07-10,2.1240183572152205,-0.00341601986039064,-0.0034160198603907913,0.0,0.0,0,15,0.0
2020-07-13,2.049793579942396,-0.03494544998666571,-0.034945449986665836,0.0,0.0,0,15,0.0
2020-07-14,2.0792411237998722,0.014366102101999845,0.014366102101999925,0.0,0.0,0,15,0.0
2020-07-15,2.0891470274542394,0.004764191868360079,0.004764191868360047,0.0,0.0,0,15,0.0
2020-07-16,2.0710064877069514,-0.008683227895833423,-0.008683227895833314,0.0,0.0,0,15,0.0
2020-07-17,2.0978300855246967,0.012951962235253411,0.012951962235253434,0.0,0.0,0,15,0.0
2020-07-20,2.1677866273322985,0.03334709626404497,0.033347096264045036,0.0,0.0,0,15,0.0
2020-07-21,2.151903237579301,-0.007327007904160632,-0.007327007904160678,0.0,0.0,0,15,0.0
2020-07-22,2.1863078978816795,0.015988014563833586,0.015988014563833565,0.0,0.0,0,15,0.0
2020-07-23,2.1427947727706127,-0.01990256045510641,-0.019902560455106404,0.0,0.0,0,15,0.0
2020-07-24,2.1659408134110647,0.010801800029838882,0.010801800029838833,0.0,0.0,0,15,0.0
2020-07-27,2.2172976141487135,0.023711082232560576,0.023711082232560514,0.0,0.0,0,15,0.0
2020-07-28,2.179347931730337,-0.017115285821902027,-0.017115285821902044,0.0,0.0,0,15,0.0
2020-07-29,2.2689797076878944,0.041127795453199,0.04112779545319908,0.0,0.0,0,15,0.0
2020-07-30,2.292597658794326,0.010409062287515258,0.010409062287515236,0.0,0.0,0,15,0.0
2020-07-31,2.2975263405303417,0.002149824116372656,0.0021498241163725534,0.0,0.0,0,15,0.0
2020-08-03,2.317860463461582,0.008850441700070544,0.008850441700070443,0.0,0.0,0,15,0.0
2020-08-04,2.3482778217549694,0.013123032543538304,0.013123032543538199,0.0,0.0,0,15,0.0
2020-08-05,2.3686489249191385,0.008674911876033864,0.008674911876033793,0.0,0.0,0,15,0.0
2020-08-06,2.373358398294124,0.0019882530186048353,0.0019882530186049155,0.0,0.0,0,15,0.0
2020-08-07,2.334566854850962,-0.01634457883438234,-0.016344578834382312,0.0,0.0,0,15,0.0
2020-08-10,2.2922103559913007,-0.018143193788453527,-0.018143193788453554,0.0,0.0,0,15,0.0
2020-08-11,2.2442588874651683,-0.020919314146190193,-0.02091931414619021,0.0,0.0,0,15,0.0
2020-08-12,2.3002599224992437,0.02495301916675352,0.024953019166753573,0.0,0.0,0,15,0.0
2020-08-13,2.3233882318145898,0.0100546503849952,0.010054650384995176,0.0,0.0,0,15,0.0
2020-08-14,2.310705746702272,-0.005458616402826744,-0.005458616402826724,0.0,0.0,0,15,0.0
2020-08-17,2.3484822263130276,0.016348459627396617,0.016348459627396516,0.0,0.0,0,15,0.0
2020-08-18,2.3498482639630156,0.0005816682939656648,0.0005816682939657148,0.0,0.0,0,15,0.0
2020-08-19,2.341275206363655,-0.00364834518502144,-0.003648345185021396,0.0,0.0,0,15,0.0
2020-08-20,2.364773982126615,0.01003674224161677,0.010036742241616829,0.0,0.0,0,15,0.0
2020-08-21,2.3612354836038496,-0.0014963368801882426,-0.0014963368801881988,0.0,0.0,0,15,0.0
2020-08-24,2.3625990226883467,0.0005774684879866765,0.0005774684879867283,0.0,0.0,0,15,0.0
2020-08-25,2.388829306637227,0.011102300346773841,0.011102300346773935,0.0,0.0,0,15,0.0
2020-08-26,2.4061895273982965,0.007267250411251647,0.007267250411251657,0.0,0.0,0,15,0.0
2020-08-27,2.3706168153887632,-0.014783836270784723,-0.014783836270784764,0.0,0.0,0,15,0.0
2020-08-28,2.393318829252166,0.009576416448256575,0.009576416448256582,0.0,0.0,0,15,0.0
2020-08-31,2.40368036713369,0.004329359613471029,0.0043293596134709785,0.0,0.0,0,15,0.0
2020-09-01,2.451914166848226,0.020066644622992458,0.020066644622992503,0.0,0.0,0,15,0.0
2020-09-02,2.4863141190504368,0.014029835410767966,0.014029835410768033,0.0,0.0,0,15,0.0
2020-09-03,2.330646431729248,-0.06260982316290775,-0.06260982316290781,0.0,0.0,0,15,0.0
2020-09-04,2.287759083150533,-0.01840148209305792,-0.018401482093057947,0.0,0.0,0,15,0.0
2020-09-08,2.205081930670796,-0.036138924368679715,-0.036138924368679666,0.0,0.0,0,15,0.0
2020-09-09,2.262688658165985,0.026124529294775378,0.02612452929477534,0.0,0.0,0,15,0.0
2020-09-10,2.224008942611469,-0.017094581446246315,-0.017094581446246326,0.0,0.0,0,15,0.0
2020-09-11,2.202243036494538,-0.009786788937715896,-0.009786788937715934,0.0,0.0,0,15,0.0
2020-09-14,2.2358285280918224,0.015250583628019898,0.015250583628019818,0.0,0.0,0,15,0.0
2020-09-15,2.2618731722686114,0.011648766374323438,0.011648766374323329,0.0,0.0,0,15,0.0
2020-09-16,2.214747712514635,-0.020834704762296985,-0.020834704762296877,0.0,0.0,0,15,0.0
2020-09-17,2.1889910080646255,-0.011629633616717872,-0.011629633616718035,0.0,0.0,0,15,0.0
2020-09-18,2.1763467637468032,-0.0057762888340969765,-0.005776288834096879,0.0,0.0,0,15,0.0
2020-09-21,2.2002202989445436,0.010969545660379776,0.011070976777528737,0.05016023576913123,0.00010032047153826246,0,15,0.0
2020-09-22,2.2331998678682874,0.014989212189145062,0.014989212189145146,0.0,0.0,0,15,0.0
2020-09-23,2.180256711368133,-0.023707307734480487,-0.023707307734480355,0.0,0.0,0,15,0.0
2020-09-24,2.197624651996177,0.007966007185064683,0.007966007185064669,0.0,0.0,0,15,0.0
2020-09-25,2.2509379949305304,0.024259530801097995,0.02425953080109805,0.0,0.0,0,15,0.0
2020-09-28,2.292612769744913,0.018514403732240003,0.018514403732239948,0.0,0.0,0,15,0.0
2020-09-29,2.302980192114133,0.00452209919879909,0.004522099198798989,0.0,0.0,0,15,0.0
2020-09-30,2.305540233597979,0.0011116211475079574,0.0011116211475078745,0.0,0.0,0,15,0.0
2020-10-01,2.3451742677858927,0.017190779675122725,0.017190779675122628,0.0,0.0,0,15,0.0
2020-10-02,2.2963169027063945,-0.020833149054472977,-0.020833149054473102,0.0,0.0,0,15,0.0
2020-10-05,2.347923645826448,0.022473702588362565,0.022473702588362558,0.0,0.0,0,15,0.0
2020-10-06,2.328895899769978,-0.008104073610014084,-0.008104073610014223,0.0,0.0,0,15,0.0
2020-10-07,2.385029622183538,0.024103147941951564,0.02410314794195167,0.0,0.0,0,15,0.0
2020-10-08,2.4013514959615554,0.006843467949498416,0.006843467949498481,0.0,0.0,0,15,0.0
2020-10-09,2.4322079094572358,0.012849603045440361,0.01284960304544034,0.0,0.0,0,15,0.0
2020-10-12,2.4630399643298286,0.01267657043327075,0.012676570433270796,0.0,0.0,0,15,0.0
2020-10-13,2.49919604211816,0.01467945234829715,0.014679452348297102,0.0,0.0,0,15,0.0
2020-10-14,2.482390122386303,-0.006724530388425798,-0.006724530388425789,0.0,0.0,0,15,0.0
2020-10-15,2.4940585059172924,0.00470046324538731,0.004700463245387232,0.0,0.0,0,15,0.0
2020-10-16,2.4902305721513924,-0.0015348211586929672,-0.0015348211586928495,0.0,0.0,0,15,0.0
2020-10-19,2.468979097366958,-0.00853393859271212,-0.008533938592712143,0.0,0.0,0,15,0.0
2020-10-20,2.4776688866650836,0.003519588038389143,0.003519588038389135,0.0,0.0,0,15,0.0
2020-10-21,2.442662209702167,-0.014128876199448581,-0.014128876199448432,0.0,0.0,0,15,0.0
2020-10-22,2.41920693574973,-0.009602340372431906,-0.009602340372431973,0.0,0.0,0,15,0.0
2020-10-23,2.452784837186409,0.013879714438844726,0.013879714438844684,0.0,0.0,0,15,0.0
2020-10-26,2.4044275635082917,-0.019715253023819157,-0.019715253023819147,0.0,0.0,0,15,0.0
2020-10-27,2.394043538976439,-0.004318709654409947,-0.004318709654410046,0.0,0.0,0,15,0.0
2020-10-28,2.3236307676577805,-0.029411650277990753,-0.029411650277990815,0.0,0.0,0,15,0.0
2020-10-29,2.367090691328422,0.018703455073651565,0.018703455073651655,0.0,0.0,0,15,0.0
2020-10-30,2.295659766888812,-0.030176674134746673,-0.030176674134746742,0.0,0.0,0,15,0.0
2020-11-02,2.2932087607215244,-0.0010676696096867389,-0.001067669609686854,0.0,0.0,0,15,0.0
2020-11-03,2.339360094371247,0.020125221235942625,0.02012522123594254,0.0,0.0,0,15,0.0
2020-11-04,2.4578959146169983,0.05067018990832639,0.050670189908326495,0.0,0.0,0,15,0.0
2020-11-05,2.5535339492696623,0.038910530785257746,0.03891053078525765,0.0,0.0,0,15,0.0
2020-11-06,2.5882503454257773,0.013595431604128239,0.013595431604128178,0.0,0.0,0,15,0.0
2020-11-09,2.4951385895007037,-0.03597478740401994,-0.03597478740401988,0.0,0.0,0,15,0.0
2020-11-10,2.3889987765132816,-0.04253864431981769,-0.042538644319817694,0.0,0.0,0,15,0.0
2020-11-11,2.47609258513923,0.03645619641256603,0.036456196412565985,0.0,0.0,0,15,0.0
2020-11-12,2.4595300267815445,-0.006688989925937694,-0.006688989925937781,0.0,0.0,0,15,0.0
2020-11-13,2.472052236248341,0.005091301724493569,0.005091301724493554,0.0,0.0,0,15,0.0
2020-11-16,2.4877044096903256,0.006331651577775155,0.00633165157777518,0.0,0.0,0,15,0.0
2020-11-17,2.4958168690518825,0.0032610222219153773,0.0032610222219154536,0.0,0.0,0,15,0.0
2020-11-18,2.481483058969628,-0.005743133745105045,-0.005743133745105089,0.0,0.0,0,15,0.0
2020-11-19,2.5334891269817033,0.020957655876026493,0.020957655876026403,0.0,0.0,0,15,0.0
2020-11-20,2.538008562969776,0.0017838781859929043,0.0017838781859928592,0.0,0.0,0,15,0.0
2020-11-23,2.552979944103972,0.005898869433552001,0.005898869433552055,0.0,0.0,0,15,0.0
2020-11-24,2.5394052540852123,-0.005317194148003357,-0.005317194148003347,0.0,0.0,0,15,0.0
2020-11-25,2.574572462670551,0.01384860038734037,0.013848600387340284,0.0,0.0,0,15,0.0
2020-11-27,2.620452712855279,0.01782053169990694,0.01782053169990688,0.0,0.0,0,15,0.0
2020-11-30,2.6554649061574165,0.013361123873892655,0.013361123873892712,0.0,0.0,0,15,0.0
2020-12-01,2.6598408499582997,0.0016479011982935,0.001647901198293417,0.0,0.0,0,15,0.0
2020-12-02,2.65805568599202,-0.0006711544287725246,-0.0006711544287724973,0.0,0.0,0,15,0.0
2020-12-03,2.679446609864184,0.008047583045341922,0.008047583045341962,0.0,0.0,0,15,0.0
2020-12-04,2.7146314173223596,0.0131313709810994,0.013131370981099347,0.0,0.0,0,15,0.0
2020-12-07,2.729353167864835,0.005423112120685802,0.0054231121206857694,0.0,0.0,0,15,0.0
2020-12-08,2.745131411256681,0.005780946041581414,0.005780946041581348,0.0,0.0,0,15,0.0
2020-12-09,2.6646821983655067,-0.029306142708244942,-0.029306142708244953,0.0,0.0,0,15,0.0
2020-12-10,2.7090134234943863,0.016636589967866433,0.016636589967866496,0.0,0.0,0,15,0.0
2020-12-11,2.7231641800723727,0.005223583041435553,0.005223583041435462,0.0,0.0,0,15,0.0
2020-12-14,2.7577135345606516,0.012687209512046715,0.01268720951204664,0.0,0.0,0,15,0.0
2020-12-15,2.79196905746737,0.01242171185564267,0.012421711855642753,0.0,0.0,0,15,0.0
2020-12-16,2.8210120753133223,0.010402342306865542,0.0104023423068655,0.0,0.0,0,15,0.0
2020-12-17,2.862124404402251,0.014573609751160843,0.014573609751160817,0.0,0.0,0,15,0.0
2020-12-18,2.9080792135587172,0.016056188572999508,0.01605618857299952,0.0,0.0,0,15,0.0
2020-12-21,2.8836961951623947,-0.008384578481438365,-0.008384578481438256,0.0,0.0,0,15,0.0
2020-12-22,2.9269959325692696,0.01501536031413897,0.015015360314138896,0.0,0.0,0,15,0.0
2020-12-23,2.8764273369208664,-0.01727661971980088,-0.01727661971980091,0.0,0.0,0,15,0.0
2020-12-24,2.8972974466522596,0.007255566467301744,0.007255566467301713,0.0,0.0,0,15,0.0
2020-12-28,2.8736252847783086,-0.008170428583818223,-0.008170428583818126,0.0,0.0,0,15,0.0
2020-12-29,2.860988573327616,-0.004397480603205217,-0.004397480603205193,0.0,0.0,0,15,0.0
2020-12-30,2.88986596022658,0.010093499557524144,0.010093499557524092,0.0,0.0,0,15,0.0
2020-12-31,2.886349292043165,-0.0012168966422024807,-0.0012168966422025649,0.0,0.0,0,15,0.0
2021-01-04,2.8455860626205784,-0.014122763843918307,-0.01412276384391832,0.0,0.0,0,15,0.0
2021-01-05,2.8655160168522813,0.00700381355303259,0.0070038135530326095,0.0,0.0,0,15,0.0
2021-01-06,2.798253670602193,-0.023473030984476728,-0.023473030984476766,0.0,0.0,0,15,0.0
2021-01-07,2.8899334942836097,0.03276322823930644,0.032763228239306504,0.0,0.0,0,15,0.0
2021-01-08,2.9393352664080425,0.01709443218058526,0.017094432180585185,0.0,0.0,0,15,0.0
2021-01-11,2.9617182195577896,0.00761497111457432,0.007614971114574244,0.0,0.0,0,15,0.0
2021-01-12,2.9772029432377503,0.005228290651591028,0.00522829065159102,0.0,0.0,0,15,0.0
2021-01-13,2.9500525163799405,-0.009119441091336333,-0.009119441091336306,0.0,0.0,0,15,0.0
2021-01-14,2.961540721603403,0.0038942375295609732,0.0038942375295610626,0.0,0.0,0,15,0.0
2021-01-15,2.9319109731044937,-0.010004842507405298,-0.010004842507405243,0.0,0.0,0,15,0.0
2021-01-19,2.995703225815845,0.021757909191834734,0.021757909191834783,0.0,0.0,0,15,0.0
2021-01-20,3.0339187539514554,0.01275678038007344,0.01275678038007353,0.0,0.0,0,15,0.0
2021-01-21,3.038371894384894,0.0014677849984079394,0.0014677849984080255,0.0,0.0,0,15,0.0
2021-01-22,3.0233315800784184,-0.004950122904398557,-0.004950122904398572,0.0,0.0,0,15,0.0
2021-01-25,2.993411204792952,-0.009896491500508975,-0.009896491500508973,0.0,0.0,0,15,0.0
2021-01-26,2.9563684962803176,-0.012374747730389601,-0.01237474773038964,0.0,0.0,0,15,0.0
2021-01-27,2.819041134609437,-0.04645136823899498,-0.04645136823899483,0.0,0.0,0,15,0.0
2021-01-28,2.904824557219408,0.03043000031351295,0.030430000313512975,0.0,0.0,0,15,0.0
2021-01-29,2.837356333632687,-0.02322626453258292,-0.023226264532582964,0.0,0.0,0,15,0.0
2021-02-01,2.926234569403962,0.03132431225424681,0.03132431225424688,0.0,0.0,0,15,0.0
2021-02-02,2.99874297885997,0.02477874132652902,0.02477874132652909,0.0,0.0,0,15,0.0
2021-02-03,2.954628000205343,-0.014711156963308047,-0.014711156963308184,0.0,0.0,0,15,0.0
2021-02-04,2.9954967243532282,0.013832104801364098,0.013832104801364143,0.0,0.0,0,15,0.0
2021-02-05,3.000353514576541,0.0016213638906119598,0.0016213638906118733,0.0,0.0,0,15,0.0
2021-02-08,3.0351988232075096,0.011613734335530923,0.01161373433553085,0.0,0.0,0,15,0.0
2021-02-09,3.044193806744597,0.002963556610628082,0.002963556610628177,0.0,0.0,0,15,0.0
2021-02-10,3.061502322813334,0.005685747086926263,0.0056857470869263,0.0,0.0,0,15,0.0
2021-02-11,3.1108630123668055,0.01612302861430215,0.016123028614302114,0.0,0.0,0,15,0.0
2021-02-12,3.1333135875460334,0.0072168318212595395,0.007216831821259441,0.0,0.0,0,15,0.0
2021-02-16,3.1182557737290186,-0.004805715545633582,-0.004805715545633457,0.0,0.0,0,15,0.0
2021-02-17,3.080442390049737,-0.012126453512202318,-0.012126453512202354,0.0,0.0,0,15,0.0
2021-02-18,3.0576973166268853,-0.007383703553853649,-0.007383703553853791,0.0,0.0,0,15,0.0
2021-02-19,3.100666689654121,0.014052853692738232,0.014165270009005563,0.055423075307308986,0.00011084615061461797,0,15,0.0
2021-02-22,2.976397993424797,-0.04007805696883404,-0.04007805696883395,0.0,0.0,0,15,0.0
2021-02-23,2.948560435555287,-0.009352767315058852,-0.009352767315058694,0.0,0.0,0,15,0.0
2021-02-24,3.003017987063087,0.01846919969864702,0.01846919969864705,0.0,0.0,0,15,0.0
2021-02-25,2.8690648390874767,-0.044606175704799855,-0.044606175704799834,0.0,0.0,0,15,0.0
2021-02-26,2.9080845061272664,0.013600134269604158,0.013600134269604248,0.0,0.0,0,15,0.0
2021-03-01,3.009117014959936,0.034741943922123486,0.034741943922123535,0.0,0.0,0,15,0.0
2021-03-02,2.9330906655030953,-0.02526533500653949,-0.025265335006539446,0.0,0.0,0,15,0.0
2021-03-03,2.803195493298281,-0.04428610875638728,-0.044286108756387166,0.0,0.0,0,15,0.0
2021-03-04,2.690083870552974,-0.04035095768943964,-0.04035095768943959,0.0,0.0,0,15,0.0
2021-03-05,2.7009745878473397,0.004048467563997127,0.004048467563997232,0.0,0.0,0,15,0.0
2021-03-08,2.5684651601753417,-0.04905985723383177,-0.04905985723383177,0.0,0.0,0,15,0.0
2021-03-09,2.7128874426854686,0.0562290214208192,0.056229021420819175,0.0,0.0,0,15,0.0
2021-03-10,2.6790355728264625,-0.012478169689744356,-0.012478169689744313,0.0,0.0,0,15,0.0
2021-03-11,2.8049393100175117,0.04699591840739048,0.046995918407390494,0.0,0.0,0,15,0.0
2021-03-12,2.7723489940255033,-0.011618902368267237,-0.011618902368267308,0.0,0.0,0,15,0.0
2021-03-15,2.817618153075418,0.016328809665547617,0.016328809665547627,0.0,0.0,0,15,0.0
2021-03-16,2.8153093844329433,-0.0008194043752716151,-0.00081940437527161,0.0,0.0,0,15,0.0
2021-03-17,2.7980809219883813,-0.0061195627520816975,-0.0061195627520818354,0.0,0.0,0,15,0.0
2021-03-18,2.681567799849195,-0.04164036901991719,-0.041640369019917245,0.0,0.0,0,15,0.0
2021-03-19,2.704100608097985,0.008402848605974844,0.008402848605974945,0.0,0.0,0,15,0.0
2021-03-22,2.752362507984249,0.017847671695991663,0.017847671695991735,0.0,0.0,0,15,0.0
2021-03-23,2.722306687671028,-0.010920007893594375,-0.010920007893594376,0.0,0.0,0,15,0.0
2021-03-24,2.6730955975856134,-0.01807698240183042,-0.018076982401830425,0.0,0.0,0,15,0.0
2021-03-25,2.666932429916806,-0.0023056293513685766,-0.0023056293513686326,0.0,0.0,0,15,0.0
2021-03-26,2.7501151992076758,0.031190430007806746,0.031190430007806642,0.0,0.0,0,15,0.0
2021-03-29,2.7215379416836223,-0.010391294710958565,-0.010391294710958515,0.0,0.0,0,15,0.0
2021-03-30,2.718365418958954,-0.0011657095335976253,-0.00116570953359748,0.0,0.0,0,15,0.0
2021-03-31,2.7876844810770294,0.025500273669837314,0.025500273669837346,0.0,0.0,0,15,0.0
2021-04-01,2.874823772493221,0.03125866359973606,0.031258663599736135,0.0,0.0,0,15,0.0
2021-04-05,2.9187095543611403,0.015265555505636685,0.015265555505636711,0.0,0.0,0,15,0.0
2021-04-06,2.9306480580065197,0.004090336302062347,0.004090336302062403,0.0,0.0,0,15,0.0
2021-04-07,2.92858188910944,-0.0007050211612529278,-0.0007050211612529716,0.0,0.0,0,15,0.0
2021-04-08,2.982314485203619,0.018347650203668575,0.018347650203668662,0.0,0.0,0,15,0.0
2021-04-09,2.991860197155184,0.0032007730904721754,0.003200773090472236,0.0,0.0,0,15,0.0
2021-04-12,2.9743085130317795,-0.005866478701141764,-0.00586647870114181,0.0,0.0,0,15,0.0
2021-04-13,2.9988530596289804,0.008252185840729176,0.008252185840729133,0.0,0.0,0,15,0.0
2021-04-14,2.960070167401996,-0.01293257503979972,-0.012932575039799738,0.0,0.0,0,15,0.0
2021-04-15,3.0368055579728996,0.025923503914183632,0.025923503914183636,0.0,0.0,0,15,0.0
2021-04-16,3.022390319938371,-0.004746842614497537,-0.004746842614497444,0.0,0.0,0,15,0.0
2021-04-19,2.972753081232595,-0.016423172870269176,-0.016423172870269273,0.0,0.0,0,15,0.0
2021-04-20,2.9349131735580847,-0.012728910420915507,-0.012728910420915528,0.0,0.0,0,15,0.0
2021-04-21,2.9886157868210854,0.018297854173960237,0.018297854173960175,0.0,0.0,0,15,0.0
2021-04-22,2.948622801400043,-0.013381775468562895,-0.013381775468562849,0.0,0.0,0,15,0.0
2021-04-23,2.9960248238825935,0.016075987223609367,0.016075987223609298,0.0,0.0,0,15,0.0
2021-04-26,3.040144080589451,0.014725931626188071,0.014725931626187983,0.0,0.0,0,15,0.0
2021-04-27,3.013417282736149,-0.008791293157434654,-0.008791293157434774,0.0,0.0,0,15,0.0
2021-04-28,3.0022130316775866,-0.0037181213245014444,-0.0037181213245015086,0.0,0.0,0,15,0.0
2021-04-29,2.96363516205678,-0.012849810860773525,-0.01262615971533751,0.11325555544975402,0.00022651111089950804,0,15,0.0
2021-04-30,2.9313537214973233,-0.0108925150344934,-0.010892515034493361,0.0,0.0,0,15,0.0
2021-05-03,2.8871265945026434,-0.015087611798718314,-0.015087611798718327,0.0,0.0,0,15,0.0
2021-05-04,2.8351584492323423,-0.01799995378424113,-0.01799995378424108,0.0,0.0,0,15,0.0
2021-05-05,2.8327280659289378,-0.0008572301502451918,-0.000857230150245226,0.0,0.0,0,15,0.0
2021-05-06,2.809101469804571,-0.008340580378518925,-0.008340580378519048,0.0,0.0,0,15,0.0
2021-05-07,2.856282902425253,0.01679591610621478,0.016795916106214743,0.0,0.0,0,15,0.0
2021-05-10,2.746070483586376,-0.03858596035613149,-0.03858596035613144,0.0,0.0,0,15,0.0
2021-05-11,2.7637560455389565,0.006440316101968158,0.006440316101968251,0.0,0.0,0,15,0.0
2021-05-12,2.661030390046349,-0.03716885781522561,-0.03716885781522555,0.0,0.0,0,15,0.0
2021-05-13,2.6707486999295775,0.0036520852672634607,0.00365208526726335,0.0,0.0,0,15,0.0
2021-05-14,2.7429537871991565,0.027035522762393516,0.027035522762393564,0.0,0.0,0,15,0.0
2021-05-17,2.720242511797527,-0.008279860749976442,-0.008279860749976426,0.0,0.0,0,15,0.0
2021-05-18,2.716232943845114,-0.0014739744471398142,-0.0014739744471398532,0.0,0.0,0,15,0.0
2021-05-19,2.7451940911979653,0.010662247293066862,0.010662247293066807,0.0,0.0,0,15,0.0
2021-05-20,2.826528918471209,0.02962807895224273,0.0296280789522428,0.0,0.0,0,15,0.0
2021-05-21,2.8096163833036294,-0.0059834997820320535,-0.005861983573876901,0.06111636721821015,0.0001222327344364203,0,15,0.0
2021-05-24,2.8532223066566558,0.015520240988114331,0.015520240988114383,0.0,0.0,0,15,0.0
2021-05-25,2.8638869177308623,0.0037377427792169016,0.003737742779216901,0.0,0.0,0,15,0.0
2021-05-26,2.8842498065037354,0.007110227937703328,0.007110227937703402,0.0,0.0,0,15,0.0
2021-05-27,2.893320617840059,0.0031449465007744593,0.003144946500774505,0.0,0.0,0,15,0.0
2021-05-28,2.8974937804516214,0.001442343646891775,0.0014423436468917767,0.0,0.0,0,15,0.0
2021-06-01,2.883021897695261,-0.004994620818169482,-0.004994620818169463,0.0,0.0,0,15,0.0
2021-06-02,2.8778633649983822,-0.0017892797487950585,-0.0017892797487951094,0.0,0.0,0,15,0.0
2021-06-03,2.8160639507250695,-0.021474061286209656,-0.02147406128620956,0.0,0.0,0,15,0.0
2021-06-04,2.8837664030410464,0.024041518055207822,0.024041518055207874,0.0,0.0,0,15,0.0
2021-06-07,2.8738304728168433,-0.0034454698597380373,-0.0034454698597379974,0.0,0.0,0,15,0.0
2021-06-08,2.868100169547921,-0.0019939600902434407,-0.001993960090243418,0.0,0.0,0,15,0.0
2021-06-09,2.8651802027401794,-0.0010180839702687017,-0.0010180839702687453,0.0,0.0,0,15,0.0
2021-06-10,2.915431456233208,0.017538601392320663,0.01753860139232068,0.0,0.0,0,15,0.0
2021-06-11,2.9413375516875235,0.008885853035209612,0.00888585303520956,0.0,0.0,0,15,0.0
2021-06-14,2.9858193375835573,0.01512297895578607,0.015122978955786065,0.0,0.0,0,15,0.0
2021-06-15,2.9425096866725675,-0.014505114346951897,-0.014505114346951887,0.0,0.0,0,15,0.0
2021-06-16,2.948716356086856,0.0021093114637482646,0.002109311463748319,0.0,0.0,0,15,0.0
2021-06-17,3.00016997822905,0.01744949867286527,0.01744949867286537,0.0,0.0,0,15,0.0
2021-06-18,2.9793448215333203,-0.006941325607165205,-0.006941325607165204,0.0,0.0,0,15,0.0
2021-06-21,3.0076345648714833,0.009495290083141095,0.009495290083141131,0.0,0.0,0,15,0.0
2021-06-22,3.034904323013046,0.009066845573617144,0.009066845573617234,0.0,0.0,0,15,0.0
2021-06-23,3.048194373896915,0.004379067499127753,0.004379067499127741,0.0,0.0,0,15,0.0
2021-06-24,3.081618799245688,0.010965319546221153,0.010965319546221161,0.0,0.0,0,15,0.0
2021-06-25,3.087358084400689,0.0018624254097898696,0.0018624254097897855,0.0,0.0,0,15,0.0
2021-06-28,3.1430693828175444,0.0180449746656679,0.01804497466566792,0.0,0.0,0,15,0.0
2021-06-29,3.1508804850474745,0.0024851828828951206,0.0024851828828951305,0.0,0.0,0,15,0.0
2021-06-30,3.1129360448174013,-0.012042487936352653,-0.01204248793635269,0.0,0.0,0,15,0.0
2021-07-01,3.087611969587873,-0.008135109383852979,-0.008135109383853003,0.0,0.0,0,15,0.0
2021-07-02,3.1137604362299474,0.008468831867355586,0.00846883186735552,0.0,0.0,0,15,0.0
2021-07-06,3.1266271780432193,0.004132219570767814,0.004132219570767742,0.0,0.0,0,15,0.0
2021-07-07,3.096367738888984,-0.009677981233814026,-0.009677981233813977,0.0,0.0,0,15,0.0
2021-07-08,3.074383676944816,-0.007099951878473121,-0.007099951878473004,0.0,0.0,0,15,0.0
2021-07-09,3.113600258006724,0.012755916366586906,0.012755916366586803,0.0,0.0,0,15,0.0
2021-07-12,3.117463427098928,0.0012407402274168255,0.0012407402274169132,0.0,0.0,0,15,0.0
2021-07-13,3.1161493268667257,-0.00042152867641664926,-0.00042152867641663647,0.0,0.0,0,15,0.0
2021-07-14,3.0894914967185603,-0.008554734498224414,-0.00855473449822445,0.0,0.0,0,15,0.0
2021-07-15,3.0590951532517594,-0.00983862344307651,-0.009838623443076486,0.0,0.0,0,15,0.0
2021-07-16,3.0373078702848586,-0.007122133139187081,-0.007122133139187062,0.0,0.0,0,15,0.0
2021-07-19,3.0250486615974435,-0.004036208777961403,-0.004036208777961544,0.0,0.0,0,15,0.0
2021-07-20,3.095951030972429,0.02343842275170016,0.023438422751700248,0.0,0.0,0,15,0.0
2021-07-21,3.16581671627377,0.0225667927568598,0.02256679275685984,0.0,0.0,0,15,0.0
2021-07-22,3.195273671820597,0.009304693918446016,0.009304693918446117,0.0,0.0,0,15,0.0
2021-07-23,3.237456648182738,0.01320167869630584,0.013201678696305797,0.0,0.0,0,15,0.0
2021-07-26,3.2229682909131228,-0.004475228194251835,-0.0044752281942517826,0.0,0.0,0,15,0.0
2021-07-27,3.193186632004484,-0.009240444280077309,-0.009240444280077337,0.0,0.0,0,15,0.0
2021-07-28,3.248370283388027,0.017281686836106314,0.017281686836106255,0.0,0.0,0,15,0.0
2021-07-29,3.265944895428144,0.005410285930145475,0.005410285930145531,0.0,0.0,0,15,0.0
2021-07-30,3.2727617532664532,0.0020872543954590927,0.002087254395459007,0.0,0.0,0,15,0.0
2021-08-02,3.328819945717711,0.017128711674568864,0.0171287116745688,0.0,0.0,0,15,0.0
2021-08-03,3.3600707031908374,0.009387938663768303,0.00938793866376839,0.0,0.0,0,15,0.0
2021-08-04,3.383884058985383,0.007087159139815613,0.007087159139815695,0.0,0.0,0,15,0.0
2021-08-05,3.4296806807727718,0.013533744356808874,0.013533744356808772,0.0,0.0,0,15,0.0
2021-08-06,3.417562757951367,-0.0035332510368498715,-0.0035332510368499092,0.0,0.0,0,15,0.0
2021-08-09,3.420351145569748,0.0008158994628242322,0.0008158994628241233,0.0,0.0,0,15,0.0
2021-08-10,3.3994036305367343,-0.006124375580602637,-0.006124375580602654,0.0,0.0,0,15,0.0
2021-08-11,3.385208620510401,-0.004175735384530421,-0.004175735384530474,0.0,0.0,0,15,0.0
2021-08-12,3.3984631913528998,0.003915436928227045,0.003915436928226964,0.0,0.0,0,15,0.0
2021-08-13,3.4133415876846698,0.004377977778198927,0.004377977778198934,0.0,0.0,0,15,0.0
2021-08-16,3.3828827450464214,-0.008923467474847513,-0.008923467474847542,0.0,0.0,0,15,0.0
2021-08-17,3.3453002365832694,-0.011109610144834137,-0.01110961014483415,0.0,0.0,0,15,0.0
2021-08-18,3.3428697618348333,-0.000726534115490507,-0.0007265341154903645,0.0,0.0,0,15,0.0
2021-08-19,3.353938500094511,0.003311148518571727,0.003311148518571646,0.0,0.0,0,15,0.0
2021-08-20,3.3798791877693204,0.007734395748186351,0.00773439574818645,0.0,0.0,0,15,0.0
2021-08-23,3.444187988789831,0.0190269525766551,0.019026952576655005,0.0,0.0,0,15,0.0
2021-08-24,3.491081887731376,0.013615371487902372,0.013615371487902407,0.0,0.0,0,15,0.0
2021-08-25,3.5004194761870813,0.002674697631275924,0.0026746976312758807,0.0,0.0,0,15,0.0
2021-08-26,3.485113812670988,-0.004372522670558765,-0.004372522670558778,0.0,0.0,0,15,0.0
2021-08-27,3.547327738429764,0.0178513325827645,0.01785133258276448,0.0,0.0,0,15,0.0
2021-08-30,3.5628248827057685,0.00436868127749146,0.004368681277491405,0.0,0.0,0,15,0.0
2021-08-31,3.5438579158883403,-0.005323575376801504,-0.005323575376801545,0.0,0.0,0,15,0.0
2021-09-01,3.544666886781796,0.00022827407662950883,0.00022827407662940583,0.0,0.0,0,15,0.0
2021-09-02,3.568407429997875,0.006697538576786677,0.006697538576786688,0.0,0.0,0,15,0.0
2021-09-03,3.6486987992243503,0.022500617096440356,0.022500617096440422,0.0,0.0,0,15,0.0
2021-09-07,3.6088165274785697,-0.01093054646063385,-0.010930546460633885,0.0,0.0,0,15,0.0
2021-09-08,3.5669086670184034,-0.011612632601593287,-0.01161263260159331,0.0,0.0,0,15,0.0
2021-09-09,3.5700552491609447,0.0008821594372843133,0.0008821594372842895,0.0,0.0,0,15,0.0
2021-09-10,3.575608398977606,0.001555480077784832,0.0015554800777848625,0.0,0.0,0,15,0.0
2021-09-13,3.554873868885924,-0.005798881694542124,-0.005798881694542051,0.0,0.0,0,15,0.0
2021-09-14,3.5798333934862083,0.00702121243140108,0.007021212431401131,0.0,0.0,0,15,0.0
2021-09-15,3.6231878758999176,0.012110754230237664,0.01211075423023777,0.0,0.0,0,15,0.0
2021-09-16,3.654102427777769,0.008532417566166961,0.00853241756616688,0.0,0.0,0,15,0.0
2021-09-17,3.6263271339542724,-0.00760112623345055,-0.007601126233450462,0.0,0.0,0,15,0.0
2021-09-20,3.545031609984726,-0.022418144024667463,-0.022418144024667467,0.0,0.0,0,15,0.0
2021-09-21,3.5549599077500704,0.0028006231982193874,0.002800623198219389,0.0,0.0,0,15,0.0
2021-09-22,3.6240115897857867,0.019424039603141097,0.019424039603140993,0.0,0.0,0,15,0.0
2021-09-23,3.6775200567212325,0.01476498228820744,0.014764982288207442,0.0,0.0,0,15,0.0
2021-09-24,3.674907100859739,-0.0007105211722008287,-0.0007105211722008604,0.0,0.0,0,15,0.0
2021-09-27,3.595977912235464,-0.021477873170129835,-0.02147787317012982,0.0,0.0,0,15,0.0
2021-09-28,3.451886324330645,-0.04007020938992467,-0.04007020938992452,0.0,0.0,0,15,0.0
2021-09-29,3.4224504998638325,-0.008527460553765631,-0.00852746055376566,0.0,0.0,0,15,0.0
2021-09-30,3.4281013328818486,0.0016511073040328395,0.001651107304032792,0.0,0.0,0,15,0.0
2021-10-01,3.44781277393525,0.0057499586912241885,0.005749958691224143,0.0,0.0,0,15,0.0
2021-10-04,3.3365112107062425,-0.032281788637255615,-0.03228178863725553,0.0,0.0,0,15,0.0
2021-10-05,3.3856669602126535,0.014732679257506875,0.014732679257506903,0.0,0.0,0,15,0.0
2021-10-06,3.3877824973098805,0.0006248509147792625,0.0006248509147791851,0.0,0.0,0,15,0.0
2021-10-07,3.430795681158421,0.01269656003084485,0.012696560030844826,0.0,0.0,0,15,0.0
2021-10-08,3.3735061734120957,-0.016698606699592555,-0.016698606699592552,0.0,0.0,0,15,0.0
2021-10-11,3.3416322410922903,-0.009448310061210496,-0.009448310061210514,0.0,0.0,0,15,0.0
2021-10-12,3.3527100626974526,0.0033150929862770795,0.003315092986277114,0.0,0.0,0,15,0.0
2021-10-13,3.3944314773915703,0.012444086698194967,0.012444086698194893,0.0,0.0,0,15,0.0
2021-10-14,3.449848161637595,0.016325763125614623,0.016325763125614727,0.0,0.0,0,15,0.0
2021-10-15,3.4653161423352548,0.004483669997324524,0.004483669997324454,0.0,0.0,0,15,0.0
2021-10-18,3.517454628224603,0.015045809313724678,0.015045809313724666,0.0,0.0,0,15,0.0
2021-10-19,3.5475420471598613,0.008553747557632274,0.008553747557632378,0.0,0.0,0,15,0.0
2021-10-20,3.5552721477561327,0.0021790018253511345,0.002179001825351231,0.0,0.0,0,15,0.0
2021-10-21,3.592575041740495,0.010492275256032357,0.010492275256032404,0.0,0.0,0,15,0.0
2021-10-22,3.559805642377065,-0.009121423765042436,-0.009121423765042417,0.0,0.0,0,15,0.0
2021-10-25,3.5848507434309025,0.007035524848798547,0.007035524848798489,0.0,0.0,0,15,0.0
2021-10-26,3.5570240843963497,-0.007762292219709366,-0.00776229221970935,0.0,0.0,0,15,0.0
2021-10-27,3.5244741904536667,-0.00915087814149751,-0.009150878141497598,0.0,0.0,0,15,0.0
2021-10-28,3.6040877027968525,0.02258876304409485,0.02258876304409486,0.0,0.0,0,15,0.0
2021-10-29,3.621233993647649,0.004757456606145016,0.004851289211399813,0.046689796919426034,9.337959383885208e-05,0,15,0.0
2021-11-01,3.660303177410462,0.010788914450529319,0.01078891445052937,0.0,0.0,0,15,0.0
2021-11-02,3.7031548059561508,0.011707125467132595,0.011707125467132703,0.0,0.0,0,15,0.0
2021-11-03,3.7134243182360365,0.0027731793073755284,0.0027731793073754356,0.0,0.0,0,15,0.0
2021-11-04,3.788958759440108,0.020340913057830257,0.020340913057830326,0.0,0.0,0,15,0.0
2021-11-05,3.8209686895196877,0.008448212849988757,0.008448212849988807,0.0,0.0,0,15,0.0
2021-11-08,3.856143503890434,0.009205732166093217,0.009205732166093286,0.0,0.0,0,15,0.0
2021-11-09,3.863456482744882,0.001896448834715292,0.001896448834715326,0.0,0.0,0,15,0.0
2021-11-10,3.7395334380747096,-0.032075693158093666,-0.032075693158093714,0.0,0.0,0,15,0.0
2021-11-11,3.7734996869131976,0.009083017815178396,0.009083017815178352,0.0,0.0,0,15,0.0
2021-11-12,3.8280659268593054,0.014460380144020624,0.014460380144020695,0.0,0.0,0,15,0.0
2021-11-15,3.83269551784014,0.0012093812043181273,0.0012093812043181165,0.0,0.0,0,15,0.0
2021-11-16,3.879655822776493,0.012252552992473742,0.012252552992473714,0.0,0.0,0,15,0.0
2021-11-17,3.8342499182107854,-0.011703590895651317,-0.01170359089565131,0.0,0.0,0,15,0.0
2021-11-18,3.8162424793824097,-0.004696469769184697,-0.004696469769184641,0.0,0.0,0,15,0.0
2021-11-19,3.8103403552911677,-0.0015465799469317476,-0.0015465799469317947,0.0,0.0,0,15,0.0
2021-11-22,3.7022821902783813,-0.02835918971457052,-0.028359189714570555,0.0,0.0,0,15,0.0
2021-11-23,3.6653449534518545,-0.009976883156966876,-0.009976883156966834,0.0,0.0,0,15,0.0
2021-11-24,3.6740354484316486,0.002370989658588618,0.002370989658588658,0.0,0.0,0,15,0.0
2021-11-26,3.604497835836555,-0.018926766921853577,-0.018926766921853525,0.0,0.0,0,15,0.0
2021-11-29,3.7153371472640577,0.03075027825665999,0.030750278256660053,0.0,0.0,0,15,0.0
2021-11-30,3.6197764309958185,-0.025720604209125253,-0.025720604209125253,0.0,0.0,0,15,0.0
2021-12-01,3.518046920990968,-0.028103810261249862,-0.027994778399682257,0.05608604724775029,0.00011217209449550059,0,15,0.0
2021-12-02,3.5664725786870224,0.013764926615138506,0.013764926615138536,0.0,0.0,0,15,0.0
2021-12-03,3.497295549529643,-0.019396484237892753,-0.01939648423789276,0.0,0.0,0,15,0.0
2021-12-06,3.4567443244066673,-0.0115950237972966,-0.01159502379729655,0.0,0.0,0,15,0.0
2021-12-07,3.6684744992946907,0.06125132639781383,0.06125132639781392,0.0,0.0,0,15,0.0
2021-12-08,3.703713575373646,0.00960592095862478,0.009605920958624831,0.0,0.0,0,15,0.0
2021-12-09,3.6165078576784473,-0.02354548102073506,-0.023545481020735084,0.0,0.0,0,15,0.0
2021-12-10,3.656989625569333,0.011193607060727473,0.011193607060727398,0.0,0.0,0,15,0.0
2021-12-13,3.6042463192015277,-0.014422602131280104,-0.01442260213128009,0.0,0.0,0,15,0.0
2021-12-14,3.5433931912498853,-0.016883731732609153,-0.016883731732609136,0.0,0.0,0,15,0.0
2021-12-15,3.668345919850413,0.03526357981075545,0.03526357981075551,0.0,0.0,0,15,0.0
2021-12-16,3.5314709577831844,-0.03731244682421064,-0.03731244682421064,0.0,0.0,0,15,0.0
2021-12-17,3.577991008875777,0.013172995516235186,0.013172995516235225,0.0,0.0,0,15,0.0
2021-12-20,3.5360311696720346,-0.011727206440612759,-0.011727206440612795,0.0,0.0,0,15,0.0
2021-12-21,3.672735105449906,0.038660274533312666,0.03866027453331275,0.0,0.0,0,15,0.0
2021-12-22,3.732347279606651,0.01623100290252011,0.01623100290252005,0.0,0.0,0,15,0.0
2021-12-23,3.768020843701049,0.00955794341253191,0.0095579434125319,0.0,0.0,0,15,0.0
2021-12-27,3.874711627464403,0.028314807212838966,0.028314807212838976,0.0,0.0,0,15,0.0
2021-12-28,3.8307767630117477,-0.011338873360598023,-0.011338873360597971,0.0,0.0,0,15,0.0
2021-12-29,3.8417954334133357,0.0028763540877607685,0.0028763540877607624,0.0,0.0,0,15,0.0
2021-12-30,3.8157130854012067,-0.006789103809453856,-0.006789103809453852,0.0,0.0,0,15,0.0
2021-12-31,3.8065527245150674,-0.0024006943606914577,-0.002400694360691421,0.0,0.0,0,15,0.0
2022-01-03,3.753672355265705,-0.013891931381588507,-0.013891931381588526,0.0,0.0,0,15,0.0
2022-01-04,3.6661402399820315,-0.023319061175086975,-0.02331906117508697,0.0,0.0,0,15,0.0
2022-01-05,3.486485709203843,-0.04900372572192413,-0.04900372572192418,0.0,0.0,0,15,0.0
2022-01-06,3.52654523335294,0.011489943596598051,0.011489943596598062,0.0,0.0,0,15,0.0
2022-01-07,3.4252102768630954,-0.028734909035463607,-0.028734909035463684,0.0,0.0,0,15,0.0
2022-01-10,3.4297294278550785,0.001319379140752197,0.0013193791407521737,0.0,0.0,0,15,0.0
2022-01-11,3.4949606150731944,0.01901933916078935,0.01901933916078933,0.0,0.0,0,15,0.0
2022-01-12,3.502550884066385,0.002171775258483555,0.002171775258483584,0.0,0.0,0,15,0.0
2022-01-13,3.3630241487006813,-0.039835748282896044,-0.039835748282896,0.0,0.0,0,15,0.0
2022-01-14,3.408848963003538,0.013626073520929483,0.013626073520929389,0.0,0.0,0,15,0.0
2022-01-18,3.2865521925500034,-0.03587626550217671,-0.035876265502176735,0.0,0.0,0,15,0.0
2022-01-19,3.214257966878906,-0.021996980858838833,-0.021888143072871034,0.05563667651965787,0.00011127335303931573,0,15,0.0
2022-01-20,3.154434193469129,-0.018612001284970647,-0.018612001284970675,0.0,0.0,0,15,0.0
2022-01-21,3.064241837394659,-0.028592245246771064,-0.028592245246771057,0.0,0.0,0,15,0.0
2022-01-24,3.1195833834691933,0.018060436809905323,0.018060436809905284,0.0,0.0,0,15,0.0
2022-01-25,2.9765837070785435,-0.04583935058393096,-0.04583935058393092,0.0,0.0,0,15,0.0
2022-01-26,2.976197881791048,-0.00012962017045847762,-0.0001296201704585287,0.0,0.0,0,15,0.0
2022-01-27,2.9407656830040785,-0.011905189168956332,-0.011905189168956375,0.0,0.0,0,15,0.0
2022-01-28,3.0329640575546604,0.03135182618711685,0.031351826187116794,0.0,0.0,0,15,0.0
2022-01-31,3.217395667394911,0.06080903246474656,0.0608090324647465,0.0,0.0,0,15,0.0
2022-02-01,3.241506798917012,0.007493990175483578,0.007493990175483478,0.0,0.0,0,15,0.0
2022-02-02,3.255396640372295,0.004284995317586082,0.00428499531758614,0.0,0.0,0,15,0.0
2022-02-03,3.1030992904409263,-0.0467830395972737,-0.04678303959727371,0.0,0.0,0,15,0.0
2022-02-04,3.169361165604449,0.02135344987756027,0.02153013743364256,0.0864818127275531,0.0001729636254551062,0,15,0.0
2022-02-07,3.195568799943603,0.008269058958497055,0.008269058958497128,0.0,0.0,0,15,0.0
2022-02-08,3.267205853362014,0.02241762199570707,0.02249615143180869,0.03840084678640822,7.680169357281643e-05,0,15,0.0
2022-02-09,3.3959760757732917,0.03941295045084803,0.03941295045084794,0.0,0.0,0,15,0.0
2022-02-10,3.319269386539398,-0.02258752344609105,-0.022587523446091072,0.0,0.0,0,15,0.0
2022-02-11,3.1983889351605397,-0.036417788766727965,-0.03641778876672799,0.0,0.0,0,15,0.0
2022-02-14,3.2007796694819013,0.0007474808004366285,0.0007474808004367105,0.0,0.0,0,15,0.0
2022-02-15,3.3458234912999867,0.04531515342996517,0.04531515342996507,0.0,0.0,0,15,0.0
2022-02-16,3.352442405100074,0.0019782615004342308,0.001978261500434181,0.0,0.0,0,15,0.0
2022-02-17,3.21469182783771,-0.041089617841846726,-0.041089617841846705,0.0,0.0,0,15,0.0
2022-02-18,3.1747380411591735,-0.01242849667036694,-0.01242849667036696,0.0,0.0,0,15,0.0
2022-02-22,3.095328853431456,-0.02501283151498168,-0.025012831514981643,0.0,0.0,0,15,0.0
2022-02-23,3.0109605498394507,-0.02725665271348321,-0.027256652713483244,0.0,0.0,0,15,0.0
2022-02-24,3.1801977996193194,0.056207063154279036,0.05620706315427905,0.0,0.0,0,15,0.0
2022-02-25,3.250864114244053,0.022220729362554925,0.02222072936255502,0.0,0.0,0,15,0.0
2022-02-28,3.281008099691185,0.009272607032404956,0.009272607032404994,0.0,0.0,0,15,0.0
2022-03-01,3.206774903278455,-0.0226251183042544,-0.022625118304254385,0.0,0.0,0,15,0.0
2022-03-02,3.2943925804298346,0.02732267770394592,0.02732267770394587,0.0,0.0,0,15,0.0
2022-03-03,3.1867666022985133,-0.03266944527821847,-0.032669445278218426,0.0,0.0,0,15,0.0
2022-03-04,3.0982498866178276,-0.02777634095224968,-0.027776340952249692,0.0,0.0,0,15,0.0
2022-03-07,2.899698783433023,-0.06408492227899376,-0.06408492227899379,0.0,0.0,0,15,0.0
2022-03-08,2.8981300318106578,-0.0005410050282904644,-0.0005410050282904815,0.0,0.0,0,15,0.0
2022-03-09,3.073750709009866,0.06059792875804337,0.06059792875804347,0.0,0.0,0,15,0.0
2022-03-10,3.036233676422257,-0.012205619823897229,-0.012205619823897269,0.0,0.0,0,15,0.0
2022-03-11,2.9572256985686374,-0.026021705268323925,-0.026021705268323887,0.0,0.0,0,15,0.0
2022-03-14,2.874327108304938,-0.02803255439847696,-0.028032554398476937,0.0,0.0,0,15,0.0
2022-03-15,2.9838250061864215,0.03809514149071824,0.038095141490718194,0.0,0.0,0,15,0.0
2022-03-16,3.1424057524724125,0.05314679847417403,0.053146798474174,0.0,0.0,0,15,0.0
2022-03-17,3.201066201728254,0.018667369485843244,0.018667369485843275,0.0,0.0,0,15,0.0
2022-03-18,3.2988655479585973,0.030552116097299464,0.03055211609729945,0.0,0.0,0,15,0.0
2022-03-21,3.2595320579652367,-0.011923338317834986,-0.01192333831783496,0.0,0.0,0,15,0.0
2022-03-22,3.328814454186683,0.02125531977884454,0.02125531977884452,0.0,0.0,0,15,0.0
2022-03-23,3.2792731380986524,-0.014882570587772426,-0.014882570587772466,0.0,0.0,0,15,0.0
2022-03-24,3.4102729668910747,0.039947824800094844,0.03994782480009482,0.0,0.0,0,15,0.0
2022-03-25,3.386451368778248,-0.006985246736581074,-0.006985246736581106,0.0,0.0,0,15,0.0
2022-03-28,3.448226814760403,0.01824194097446674,0.018241940974466832,0.0,0.0,0,15,0.0
2022-03-29,3.515599633898609,0.019538395458735813,0.019538395458735702,0.0,0.0,0,15,0.0
2022-03-30,3.4256850119652387,-0.025575899219690168,-0.025575899219690196,0.0,0.0,0,15,0.0
2022-03-31,3.392247685181687,-0.009760770960190901,-0.009760770960190929,0.0,0.0,0,15,0.0
2022-04-01,3.335006486002259,-0.016874121376653672,-0.016874121376653724,0.0,0.0,0,15,0.0
2022-04-04,3.39672386533538,0.018505924828680964,0.018505924828680992,0.0,0.0,0,15,0.0
2022-04-05,3.271653365000263,-0.03682092077354304,-0.036820920773543035,0.0,0.0,0,15,0.0
2022-04-06,3.186976173043805,-0.02588207933710951,-0.025882079337109433,0.0,0.0,0,15,0.0
2022-04-07,3.227537855060204,0.012727325155261315,0.012727325155261234,0.0,0.0,0,15,0.0
2022-04-08,3.1658483472764534,-0.01911348853338224,-0.01911348853338228,0.0,0.0,0,15,0.0
2022-04-11,3.103403248761109,-0.019724601959871246,-0.019724601959871222,0.0,0.0,0,15,0.0
2022-04-12,3.1116032760017873,0.002642269335753067,0.002642269335753033,0.0,0.0,0,15,0.0
2022-04-13,3.197706104013111,0.027671531481982647,0.02767153148198274,0.0,0.0,0,15,0.0
2022-04-14,3.1225355188046144,-0.023507659166725148,-0.023507659166725182,0.0,0.0,0,15,0.0
2022-04-18,3.1399781113783836,0.005586034960603614,0.005586034960603608,0.0,0.0,0,15,0.0
2022-04-19,3.217837976424009,0.0247963082173992,0.02479630821739917,0.0,0.0,0,15,0.0
2022-04-20,3.2045848914094974,-0.004118630307558213,-0.004118630307558187,0.0,0.0,0,15,0.0
2022-04-21,3.0820207512796305,-0.03824649503229682,-0.03824649503229689,0.0,0.0,0,15,0.0
2022-04-22,2.9786853531728736,-0.03352845631031287,-0.033528456310312815,0.0,0.0,0,15,0.0
2022-04-25,3.059206274400846,0.027032368874477575,0.02703236887447751,0.0,0.0,0,15,0.0
2022-04-26,2.9430275644521053,-0.037976749368263785,-0.037976749368263674,0.0,0.0,0,15,0.0
2022-04-27,2.9437365420874686,0.00024090077983873748,0.0002409007798387327,0.0,0.0,0,15,0.0
2022-04-28,3.0250875638183103,0.027635292957689073,0.027635292957688993,0.0,0.0,0,15,0.0
2022-04-29,2.883527040051127,-0.04679551278459648,-0.0467955127845965,0.0,0.0,0,15,0.0
2022-05-02,2.95605831069209,0.025153664118120034,0.02527604245055117,0.059680674942207766,0.00011936134988441553,0,15,0.0
2022-05-03,2.9766941573211274,0.006980865889687493,0.0069808658896875495,0.0,0.0,0,15,0.0
2022-05-04,3.065416204431242,0.02980556362900244,0.029805563629002364,0.0,0.0,0,15,0.0
2022-05-05,2.89430022475591,-0.05582145074720146,-0.05582145074720146,0.0,0.0,0,15,0.0
2022-05-06,2.8386302756749955,-0.019234338098291004,-0.019234338098290924,0.0,0.0,0,15,0.0
2022-05-09,2.648630561203243,-0.06693358980206499,-0.06693358980206489,0.0,0.0,0,15,0.0
2022-05-10,2.721554500350604,0.027532695656215855,0.027532695656215876,0.0,0.0,0,15,0.0
2022-05-11,2.641728541938607,-0.029331015932884452,-0.029331015932884456,0.0,0.0,0,15,0.0
2022-05-12,2.677540407328393,0.013556224578436638,0.013556224578436625,0.0,0.0,0,15,0.0
2022-05-13,2.8215236552364344,0.05377444445430646,0.05377444445430657,0.0,0.0,0,15,0.0
2022-05-16,2.7509298254570393,-0.025019754715995712,-0.025019754715995608,0.0,0.0,0,15,0.0
2022-05-17,2.844470026304731,0.03400312141083095,0.03400312141083089,0.0,0.0,0,15,0.0
2022-05-18,2.683367687722608,-0.056637031535682,-0.05663703153568202,0.0,0.0,0,15,0.0
2022-05-19,2.7190724113266516,0.01330593782112155,0.013305937821121548,0.0,0.0,0,15,0.0
2022-05-20,2.7433383982622668,0.008924362159143717,0.008924362159143754,0.0,0.0,0,15,0.0
2022-05-23,2.766078509765671,0.008289211246344408,0.008289211246344375,0.0,0.0,0,15,0.0
2022-05-24,2.7069668693424638,-0.021370196187314505,-0.02137019618731463,0.0,0.0,0,15,0.0
2022-05-25,2.7877198112487886,0.02983152207028672,0.02983152207028679,0.0,0.0,0,15,0.0
2022-05-26,2.882164644372895,0.03387888292898378,0.03387888292898384,0.0,0.0,0,15,0.0
2022-05-27,2.990279036620234,0.037511525394088974,0.03751152539408896,0.0,0.0,0,15,0.0
2022-05-31,2.9426873786116734,-0.01591545719504195,-0.015915457195041924,0.0,0.0,0,15,0.0
2022-06-01,2.9068806783103756,-0.012168027280625049,-0.01216802728062505,0.0,0.0,0,15,0.0
2022-06-02,3.0425597675434095,0.04667514915400561,0.046675149154005516,0.0,0.0,0,15,0.0
2022-06-03,2.984110396791272,-0.019210590824097373,-0.01921059082409752,0.0,0.0,0,15,0.0
2022-06-06,3.019968218858791,0.012016251847142057,0.012016251847141977,0.0,0.0,0,15,0.0
2022-06-07,3.070555035673189,0.01675077787193202,0.016750777871932007,0.0,0.0,0,15,0.0
2022-06-08,3.0145352984608307,-0.01824417297899905,-0.01824417297899901,0.0,0.0,0,15,0.0
2022-06-09,2.948663120792809,-0.02185151976878652,-0.02185151976878652,0.0,0.0,0,15,0.0
2022-06-10,2.830232401223896,-0.040164208225004105,-0.04016420822500407,0.0,0.0,0,15,0.0
2022-06-13,2.660998225861083,-0.05979515155350135,-0.05979515155350134,0.0,0.0,0,15,0.0
2022-06-14,2.686136375799898,0.009446887147277483,0.0094468871472775,0.0,0.0,0,15,0.0
2022-06-15,2.749846286801183,0.023718047815912913,0.023718047815912982,0.0,0.0,0,15,0.0
2022-06-16,2.601039596014686,-0.05411454869341059,-0.0541145486934106,0.0,0.0,0,15,0.0
2022-06-17,2.635601169300286,0.013287599826836693,0.01328759982683663,0.0,0.0,0,15,0.0
2022-06-21,2.7000847780822346,0.024466375843606114,0.024466375843606215,0.0,0.0,0,15,0.0
2022-06-22,2.668079669622158,-0.011853371686650793,-0.01185337168665083,0.0,0.0,0,15,0.0
2022-06-23,2.7083710598521185,0.015101269534303796,0.015101269534303713,0.0,0.0,0,15,0.0
2022-06-24,2.821217013055542,0.04166561771250987,0.04166561771250993,0.0,0.0,0,15,0.0
2022-06-27,2.8146504046771814,-0.0023275800294598747,-0.002327580029459867,0.0,0.0,0,15,0.0
2022-06-28,2.7273895162413666,-0.03100238960078705,-0.03100238960078704,0.0,0.0,0,15,0.0
2022-06-29,2.7054523748600054,-0.00804327407241523,-0.008043274072415086,0.0,0.0,0,15,0.0
2022-06-30,2.6801812164001113,-0.009340825473300618,-0.00934082547330076,0.0,0.0,0,15,0.0
2022-07-01,2.6373460737135845,-0.01598218151236086,-0.015982181512360808,0.0,0.0,0,15,0.0
2022-07-05,2.6823859731212094,0.017077735780122838,0.0170777357801228,0.0,0.0,0,15,0.0
2022-07-06,2.6966661702162353,0.005323692130111191,0.0053236921301110934,0.0,0.0,0,15,0.0
2022-07-07,2.7935038028313124,0.035910129954020986,0.03591012995402095,0.0,0.0,0,15,0.0
2022-07-08,2.8133890142265763,0.0071183763469766514,0.0071183763469766185,0.0,0.0,0,15,0.0
2022-07-11,2.7719167158735867,-0.014741046525480472,-0.014741046525480419,0.0,0.0,0,15,0.0
2022-07-12,2.7038433062726774,-0.024558244918067684,-0.024558244918067688,0.0,0.0,0,15,0.0
2022-07-13,2.7109477354052935,0.002627529900173675,0.002627529900173749,0.0,0.0,0,15,0.0
2022-07-14,2.716046459528389,0.001880790269950916,0.001880790269950905,0.0,0.0,0,15,0.0
2022-07-15,2.790435812006585,0.0273888365264241,0.02738883652642409,0.0,0.0,0,15,0.0
2022-07-18,2.7673771598107546,-0.008263459097182846,-0.008263459097182839,0.0,0.0,0,15,0.0
2022-07-19,2.859827817085762,0.033407321061119655,0.03340732106111955,0.0,0.0,0,15,0.0
2022-07-20,2.919847052606239,0.02098701018358451,0.020987010183584565,0.0,0.0,0,15,0.0
2022-07-21,2.9791929830792125,0.02032501340095938,0.020325013400959276,0.0,0.0,0,15,0.0
2022-07-22,2.906094539811317,-0.024536323656463188,-0.02453632365646317,0.0,0.0,0,15,0.0
2022-07-25,2.8915598829870772,-0.005001439776003758,-0.005001439776003732,0.0,0.0,0,15,0.0
2022-07-26,2.816060560078661,-0.02611024013461649,-0.02611024013461644,0.0,0.0,0,15,0.0
2022-07-27,2.9695081876036933,0.054490173151938937,0.05449017315193891,0.0,0.0,0,15,0.0
2022-07-28,3.0400624648363004,0.023759583330040357,0.02375958333004025,0.0,0.0,0,15,0.0
2022-07-29,3.106484473245891,0.02184889592825101,0.02184889592825103,0.0,0.0,0,15,0.0
2022-08-01,3.095830031348871,-0.003429742523672563,-0.003429742523672568,0.0,0.0,0,15,0.0
2022-08-02,3.130548228128766,0.011214503518711672,0.011214503518711725,0.0,0.0,0,15,0.0
2022-08-03,3.221536339120089,0.029064593279148898,0.029064593279148936,0.0,0.0,0,15,0.0
2022-08-04,3.1870310330611016,-0.010710823168430195,-0.010710823168430186,0.0,0.0,0,15,0.0
2022-08-05,3.2041880264012472,0.005383378185579435,0.005383378185579334,0.0,0.0,0,15,0.0
2022-08-08,3.1982446553176596,-0.001854875879510387,-0.0018548758795103603,0.0,0.0,0,15,0.0
2022-08-09,3.1152148077407293,-0.025961068187475345,-0.025961068187475313,0.0,0.0,0,15,0.0
2022-08-10,3.2264713874303,0.03571393517169952,0.035713935171699476,0.0,0.0,0,15,0.0
2022-08-11,3.195268331896572,-0.009670953740761212,-0.00967095374076111,0.0,0.0,0,15,0.0
2022-08-12,3.2857695406876593,0.028323508197312997,0.02832350819731296,0.0,0.0,0,15,0.0
2022-08-15,3.3007561511617096,0.004561065615975579,0.004561065615975577,0.0,0.0,0,15,0.0
2022-08-16,3.289195801615668,-0.003502333712829153,-0.0035023337128291697,0.0,0.0,0,15,0.0
2022-08-17,3.2308070303816225,-0.01775168605206312,-0.017751686052063134,0.0,0.0,0,15,0.0
2022-08-18,3.2812069261354804,0.015599785217721429,0.015599785217721387,0.0,0.0,0,15,0.0
2022-08-19,3.209049975731099,-0.02199097832862562,-0.02199097832862565,0.0,0.0,0,15,0.0
2022-08-22,3.117670045440522,-0.028475695605132634,-0.028475695605132474,0.0,0.0,0,15,0.0
2022-08-23,3.160202698559788,0.013642448527055873,0.013642448527055826,0.0,0.0,0,15,0.0
2022-08-24,3.1606515101220487,0.00014201986551842793,0.00014201986551849928,0.0,0.0,0,15,0.0
2022-08-25,3.26017426556536,0.031488050841602666,0.03148805084160264,0.0,0.0,0,15,0.0
2022-08-26,3.128260572872362,-0.04046215997908387,-0.040462159979084,0.0,0.0,0,15,0.0
2022-08-29,3.0759330857241647,-0.016727342856912464,-0.016727342856912415,0.0,0.0,0,15,0.0
2022-08-30,3.049845931472483,-0.008481053886625789,-0.00848105388662576,0.0,0.0,0,15,0.0
2022-08-31,3.0224629352756414,-0.008978485081579501,-0.008978485081579526,0.0,0.0,0,15,0.0
2022-09-01,2.9450851099351776,-0.025600917859860295,-0.025600917859860337,0.0,0.0,0,15,0.0
2022-09-02,2.936640424755168,-0.002867382389568851,-0.002867382389568818,0.0,0.0,0,15,0.0
2022-09-06,2.927383735296355,-0.003152135815056245,-0.0031521358150563925,0.0,0.0,0,15,0.0
2022-09-07,2.987589435940363,0.0205663848979174,0.020566384897917483,0.0,0.0,0,15,0.0
2022-09-08,3.055316117570176,0.02266934030997314,0.022669340309973113,0.0,0.0,0,15,0.0
2022-09-09,3.1267955251101167,0.023395093924613697,0.023395093924613624,0.0,0.0,0,15,0.0
2022-09-12,3.145108790553361,0.005856879765938405,0.0058568797659383325,0.0,0.0,0,15,0.0
2022-09-13,2.9846310912733403,-0.051024530458860795,-0.051024530458860816,0.0,0.0,0,15,0.0
2022-09-14,2.980012336374649,-0.0015475128273627625,-0.0015475128273628055,0.0,0.0,0,15,0.0
2022-09-15,2.9267366980933347,-0.017877656958335653,-0.017877656958335594,0.0,0.0,0,15,0.0
2022-09-16,2.9089621584328835,-0.006073159800138672,-0.006073159800138668,0.0,0.0,0,15,0.0
2022-09-19,2.9245899979397856,0.005372307598295212,0.005372307598295253,0.0,0.0,0,15,0.0
2022-09-20,2.8902826394238925,-0.011730655763734665,-0.011730655763734658,0.0,0.0,0,15,0.0
2022-09-21,2.847821000502145,-0.014691171839931516,-0.01469117183993167,0.0,0.0,0,15,0.0
2022-09-22,2.7559743493616695,-0.03225155342427799,-0.0322515534242779,0.0,0.0,0,15,0.0
2022-09-23,2.7053528077911566,-0.018367929143548678,-0.018367929143548737,0.0,0.0,0,15,0.0
2022-09-26,2.6814226428986685,-0.00884548766562776,-0.008845487665627724,0.0,0.0,0,15,0.0
2022-09-27,2.7159753028481215,0.012885943229039354,0.0128859432290394,0.0,0.0,0,15,0.0
2022-09-28,2.781841852995133,0.024251527647523252,0.024251527647523217,0.0,0.0,0,15,0.0
2022-09-29,2.7267327448413825,-0.019810295144713663,-0.0198102951447137,0.0,0.0,0,15,0.0
2022-09-30,2.6990795642446437,-0.010141507505293634,-0.010141507505293686,0.0,0.0,0,15,0.0
2022-10-03,2.7956896377371474,0.035793710853255556,0.03579371085325563,0.0,0.0,0,15,0.0
2022-10-04,2.8939359610344217,0.03514207084045129,0.03514207084045139,0.0,0.0,0,15,0.0
2022-10-05,2.9094283284484908,0.005353389854739987,0.00535338985474003,0.0,0.0,0,15,0.0
2022-10-06,2.9014943154531334,-0.002727000668061974,-0.0027270006680619363,0.0,0.0,0,15,0.0
2022-10-07,2.7649999243592256,-0.04704279114625498,-0.047042791146255036,0.0,0.0,0,15,0.0
2022-10-10,2.6951279702015833,-0.025270146860432496,-0.02527014686043247,0.0,0.0,0,15,0.0
2022-10-11,2.6227884981613037,-0.026840830135004268,-0.026840830135004386,0.0,0.0,0,15,0.0
2022-10-12,2.6065214246814783,-0.006202205588147658,-0.0062022055881476535,0.0,0.0,0,15,0.0
2022-10-13,2.6598012496693544,0.020440969517212748,0.020440969517212804,0.0,0.0,0,15,0.0
2022-10-14,2.556710809732749,-0.038758700466593354,-0.03875870046659334,0.0,0.0,0,15,0.0
2022-10-17,2.6252427359869497,0.026804723472563685,0.026804723472563685,0.0,0.0,0,15,0.0
2022-10-18,2.6661490951412716,0.015581934041212886,0.015581934041212817,0.0,0.0,0,15,0.0
2022-10-19,2.654230883077853,-0.004470197141314358,-0.004470197141314512,0.0,0.0,0,15,0.0
2022-10-20,2.6872855509268545,0.012453576687598167,0.012453576687598165,0.0,0.0,0,15,0.0
2022-10-21,2.795807313962698,0.0403834132916816,0.04038341329168161,0.0,0.0,0,15,0.0
2022-10-24,2.8212860100353834,0.009113180277281918,0.009113180277281871,0.0,0.0,0,15,0.0
2022-10-25,2.8713050507475066,0.017729163414912374,0.01772916341491227,0.0,0.0,0,15,0.0
2022-10-26,2.8448859397437207,-0.009201081228519481,-0.009201081228519474,0.0,0.0,0,15,0.0
2022-10-27,2.873053343820245,0.009901066219569321,0.009901066219569274,0.0,0.0,0,15,0.0
2022-10-28,2.9349832224844388,0.021555422490640908,0.02170179077902905,0.0716296524628478,0.0001432593049256956,0,15,0.0
2022-10-31,2.8794939233659433,-0.018906172510084862,-0.018906172510084737,0.0,0.0,0,15,0.0
2022-11-01,2.901369161131643,0.0075969036045504534,0.007596903604550524,0.0,0.0,0,15,0.0
2022-11-02,2.7918982261283127,-0.03773078464811164,-0.037730784648111665,0.0,0.0,0,15,0.0
2022-11-03,2.7268136213637932,-0.023311954624784526,-0.02331195462478444,0.0,0.0,0,15,0.0
2022-11-04,2.7959408521975946,0.025350918849828874,0.025350918849828787,0.0,0.0,0,15,0.0
2022-11-07,2.836259771723996,0.01442051948084333,0.014420519480843316,0.0,0.0,0,15,0.0
2022-11-08,2.884832608568334,0.017125665754802677,0.017125665754802677,0.0,0.0,0,15,0.0
2022-11-09,2.813394819237738,-0.02476323552306514,-0.02476323552306512,0.0,0.0,0,15,0.0
2022-11-10,3.0397382225984884,0.08045205806630307,0.08045205806630308,0.0,0.0,0,15,0.0
2022-11-11,3.0873391357358613,0.01565954356973598,0.015659543569736003,0.0,0.0,0,15,0.0
2022-11-14,3.0709040766957854,-0.005323373402630338,-0.005323373402630357,0.0,0.0,0,15,0.0
2022-11-15,3.112144341394314,0.013429356198876086,0.013429356198876124,0.0,0.0,0,15,0.0
2022-11-16,3.0261541158254537,-0.02763053899046808,-0.027630538990468065,0.0,0.0,0,15,0.0
2022-11-17,3.022955730984118,-0.0010569140628394758,-0.001056914062839423,0.0,0.0,0,15,0.0
2022-11-18,3.041773324365736,0.006224898760092579,0.006224898760092572,0.0,0.0,0,15,0.0
2022-11-21,3.031747692954975,-0.0032959824226388434,-0.0032959824226388725,0.0,0.0,0,15,0.0
2022-11-22,3.0834270874383662,0.017046073656947547,0.017046073656947557,0.0,0.0,0,15,0.0
2022-11-23,3.0920592921253993,0.0027995488274070723,0.0027995488274070615,0.0,0.0,0,15,0.0
2022-11-25,3.075016619841356,-0.0055117546831802144,-0.005511754683180251,0.0,0.0,0,15,0.0
2022-11-28,3.0213383900577515,-0.017456240541026458,-0.017456240541026367,0.0,0.0,0,15,0.0
2022-11-29,3.0234168671642676,0.0006879325776139034,0.0006879325776139372,0.0,0.0,0,15,0.0
2022-11-30,3.142557631661447,0.039405999811373826,0.03940599981137386,0.0,0.0,0,15,0.0
2022-12-01,3.158162486845843,0.004965654417018905,0.005027946598730724,0.030990273416101034,6.198054683220206e-05,0,15,0.0
2022-12-02,3.1374422312297336,-0.006560857999679204,-0.0065608579996791665,0.0,0.0,0,15,0.0
2022-12-05,3.074857849279788,-0.019947580652478036,-0.019947580652478012,0.0,0.0,0,15,0.0
2022-12-06,3.0172116829301086,-0.018747587425279377,-0.018747587425279426,0.0,0.0,0,15,0.0
2022-12-07,3.016078366382484,-0.0003756171812657749,-0.0003756171812657637,0.0,0.0,0,15,0.0
2022-12-08,3.0743416249770075,0.01931755462455209,0.01931755462455219,0.0,0.0,0,15,0.0
2022-12-09,3.0365728856757377,-0.012285147165956967,-0.012285147165956977,0.0,0.0,0,15,0.0
2022-12-12,3.0837214953899457,0.015526915206488079,0.015526915206488138,0.0,0.0,0,15,0.0
2022-12-13,3.0997799882996735,0.005207504287833675,0.005207504287833778,0.0,0.0,0,15,0.0
2022-12-14,3.047023806475424,-0.017019331056843168,-0.017019331056843046,0.0,0.0,0,15,0.0
2022-12-15,2.9241293100730776,-0.040332634139968127,-0.04033263413996808,0.0,0.0,0,15,0.0
2022-12-16,2.917222133302371,-0.0023621310955410646,-0.0023621310955409644,0.0,0.0,0,15,0.0
2022-12-19,2.8717638101433485,-0.015582743130898469,-0.015582743130898516,0.0,0.0,0,15,0.0
2022-12-20,2.883251811020434,0.0040003292877042185,0.004000329287704303,0.0,0.0,0,15,0.0
2022-12-21,2.9174910295842893,0.01187520924568064,0.011875209245680623,0.0,0.0,0,15,0.0
2022-12-22,2.829519021348758,-0.03015330890256962,-0.03015330890256958,0.0,0.0,0,15,0.0
2022-12-23,2.833558952040313,0.0014277800082180825,0.0014277800082181141,0.0,0.0,0,15,0.0
2022-12-27,2.81232515212992,-0.007493685598142674,-0.007493685598142645,0.0,0.0,0,15,0.0
2022-12-28,2.7818459690754906,-0.01083771662439037,-0.010837716624390367,0.0,0.0,0,15,0.0
2022-12-29,2.8429856009100387,0.021978079489018976,0.021978079489018892,0.0,0.0,0,15,0.0
2022-12-30,2.8300073359927573,-0.0045650125393272845,-0.0045650125393272315,0.0,0.0,0,15,0.0
2023-01-03,2.798192752263457,-0.011241873236395583,-0.011241873236395701,0.0,0.0,0,15,0.0
2023-01-04,2.821946543874289,0.008488976176361351,0.008488976176361396,0.0,0.0,0,15,0.0
2023-01-05,2.7774656894578,-0.015762472366120828,-0.015762472366120807,0.0,0.0,0,15,0.0
2023-01-06,2.8751402950690292,0.035166809074173244,0.035166809074173175,0.0,0.0,0,15,0.0
2023-01-09,2.9130774312905676,0.013194881754675425,0.013194881754675428,0.0,0.0,0,15,0.0
2023-01-10,2.936747421912819,0.008125424462804176,0.008125424462804186,0.0,0.0,0,15,0.0
2023-01-11,2.9742056447539937,0.012755003226248451,0.012755003226248559,0.0,0.0,0,15,0.0
2023-01-12,2.9813082301643403,0.0023880613039903853,0.0023880613039903367,0.0,0.0,0,15,0.0
2023-01-13,2.9992736853191433,0.006026030778378377,0.006026030778378416,0.0,0.0,0,15,0.0
2023-01-17,3.022168555300193,0.007633471427804572,0.007633471427804612,0.0,0.0,0,15,0.0
2023-01-18,2.993332347185394,-0.00954156182461341,-0.00954156182461336,0.0,0.0,0,15,0.0
2023-01-19,2.9389684374933482,-0.01816166846396583,-0.01816166846396586,0.0,0.0,0,15,0.0
2023-01-20,3.0156862738945027,0.026103661210661766,0.026103661210661853,0.0,0.0,0,15,0.0
2023-01-23,3.1080385567130318,0.030623968951274172,0.03062396895127412,0.0,0.0,0,15,0.0
2023-01-24,3.105385253395526,-0.0008536906055347515,-0.0008536906055347066,0.0,0.0,0,15,0.0
2023-01-25,3.1292034225897316,0.007669956301931347,0.0076699563019313,0.0,0.0,0,15,0.0
2023-01-26,3.224123989536563,0.0303337796007761,0.03033377960077611,0.0,0.0,0,15,0.0
2023-01-27,3.185418656484129,-0.012004914568436775,-0.012004914568436612,0.0,0.0,0,15,0.0
2023-01-30,3.1385849142531717,-0.014702539063624953,-0.01470253906362499,0.0,0.0,0,15,0.0
2023-01-31,3.2065139687403352,0.021643210664360035,0.02164321066435993,0.0,0.0,0,15,0.0
2023-02-01,3.3156330475878324,0.03403043925935689,0.03403043925935691,0.0,0.0,0,15,0.0
2023-02-02,3.36859329511031,0.015972891680823054,0.01597289168082313,0.0,0.0,0,15,0.0
2023-02-03,3.3261261605335046,-0.012606785935971754,-0.012606785935971745,0.0,0.0,0,15,0.0
2023-02-06,3.295969925266135,-0.009066473672944664,-0.00906647367294471,0.0,0.0,0,15,0.0
2023-02-07,3.374398279455965,0.023795227495438054,0.023795227495437977,0.0,0.0,0,15,0.0
2023-02-08,3.351381891444038,-0.006820886601340281,-0.006820886601340213,0.0,0.0,0,15,0.0
2023-02-09,3.3756237210654425,0.007233383245070613,0.007233383245070668,0.0,0.0,0,15,0.0
2023-02-10,3.353740662359926,-0.0064826712079774085,-0.006482671207977459,0.0,0.0,0,15,0.0
2023-02-13,3.3992818998166294,0.013579236453142185,0.0135792364531422,0.0,0.0,0,15,0.0
2023-02-14,3.478720856301012,0.02336933470821223,0.023550520396180847,0.08850842452717465,0.00017701684905434932,0,15,0.0
2023-02-15,3.501835294878407,0.006644522378255191,0.006644522378255135,0.0,0.0,0,15,0.0
2023-02-16,3.432106899575731,-0.019911957425484017,-0.019911957425484038,0.0,0.0,0,15,0.0
2023-02-17,3.3973837370919107,-0.010117156458067433,-0.010117156458067282,0.0,0.0,0,15,0.0
2023-02-21,3.318717416154395,-0.023154970714274525,-0.02315497071427452,0.0,0.0,0,15,0.0
2023-02-22,3.3280163844609025,0.0028019765290179244,0.0028019765290180176,0.0,0.0,0,15,0.0
2023-02-23,3.3413175613802606,0.003996728195649446,0.003996728195649389,0.0,0.0,0,15,0.0
2023-02-24,3.2922745674508707,-0.014677741049291648,-0.01467774104929152,0.0,0.0,0,15,0.0
2023-02-27,3.3322695724134577,0.012148137751935462,0.012148137751935467,0.0,0.0,0,15,0.0
2023-02-28,3.335343028968023,0.0009223313083699392,0.0009223313083699266,0.0,0.0,0,15,0.0
2023-03-01,3.3498980161276304,0.00436386513566811,0.004363865135668161,0.0,0.0,0,15,0.0
2023-03-02,3.3688573685503815,0.005659680483248719,0.00565968048324874,0.0,0.0,0,15,0.0
2023-03-03,3.418963529386645,0.014873339935381091,0.014873339935381,0.0,0.0,0,15,0.0
2023-03-06,3.3882580591523763,-0.008980929445531971,-0.008980929445532002,0.0,0.0,0,15,0.0
2023-03-07,3.3699062471439474,-0.0054162970139942646,-0.005416297013994281,0.0,0.0,0,15,0.0
2023-03-08,3.4371968230344194,0.01996808544673967,0.0199680854467396,0.0,0.0,0,15,0.0
2023-03-09,3.3833533995560656,-0.01566492297372135,-0.0156649229737214,0.0,0.0,0,15,0.0
2023-03-10,3.313817708801119,-0.02055229901909461,-0.020552299019094653,0.0,0.0,0,15,0.0
2023-03-13,3.3079545683776304,-0.0017693008302528401,-0.0017693008302529585,0.0,0.0,0,15,0.0
2023-03-14,3.376974710318965,0.020864900201814196,0.020864900201814154,0.0,0.0,0,15,0.0
2023-03-15,3.2852441342124066,-0.02716353658979409,-0.027163536589794052,0.0,0.0,0,15,0.0
2023-03-16,3.381271418701261,0.02922987777037034,0.029229877770370342,0.0,0.0,0,15,0.0
2023-03-17,3.3302784185402405,-0.015081013573470248,-0.015081013573470218,0.0,0.0,0,15,0.0
2023-03-20,3.375899426529894,0.013698857049210478,0.013698857049210481,0.0,0.0,0,15,0.0
2023-03-21,3.4112662106133196,0.010476255247858335,0.010476255247858383,0.0,0.0,0,15,0.0
2023-03-22,3.3518625659170276,-0.017413957465844287,-0.017413957465844336,0.0,0.0,0,15,0.0
2023-03-23,3.3935382738291318,0.012433596871147978,0.012433596871148006,0.0,0.0,0,15,0.0
2023-03-24,3.344206673812984,-0.014536921653894974,-0.014536921653894922,0.0,0.0,0,15,0.0
2023-03-27,3.3370959365595323,-0.0021262852290597767,-0.0021262852290598023,0.0,0.0,0,15,0.0
2023-03-28,3.3311900318740313,-0.0017697737187591933,-0.001769773718759139,0.0,0.0,0,15,0.0
2023-03-29,3.399089691810478,0.02038300405763649,0.02038300405763643,0.0,0.0,0,15,0.0
2023-03-30,3.445797396722221,0.013741239316007903,0.013741239316007969,0.0,0.0,0,15,0.0
2023-03-31,3.496751109428048,0.014787205061532749,0.014787205061532667,0.0,0.0,0,15,0.0
2023-04-03,3.490106310418325,-0.0019002779442343076,-0.0019002779442343488,0.0,0.0,0,15,0.0
2023-04-04,3.4187161649614906,-0.020455005981831476,-0.02045500598183151,0.0,0.0,0,15,0.0
2023-04-05,3.37255885576093,-0.01350135751941861,-0.013501357519418647,0.0,0.0,0,15,0.0
2023-04-06,3.35832513590395,-0.004220451136876635,-0.0042204511368766524,0.0,0.0,0,15,0.0
2023-04-10,3.4176704958604804,0.017671118058840474,0.017671118058840394,0.0,0.0,0,15,0.0
2023-04-11,3.418480971343738,0.00023714266317931276,0.00023714266317930712,0.0,0.0,0,15,0.0
2023-04-12,3.3961395022681384,-0.006535496105692151,-0.006535496105692193,0.0,0.0,0,15,0.0
2023-04-13,3.435837635376708,0.011689193886781357,0.011689193886781357,0.0,0.0,0,15,0.0
2023-04-14,3.4397048600261004,0.0011255551221553972,0.001125555122155291,0.0,0.0,0,15,0.0
2023-04-17,3.4504757736289937,0.003131348194452821,0.0031313481944528648,0.0,0.0,0,15,0.0
2023-04-18,3.463504126165355,0.003775813363459335,0.003775813363459379,0.0,0.0,0,15,0.0
2023-04-19,3.4231228399004547,-0.011659084208919035,-0.011659084208919002,0.0,0.0,0,15,0.0
2023-04-20,3.449953102519883,0.007837949110879316,0.007837949110879311,0.0,0.0,0,15,0.0
2023-04-21,3.4317084804359292,-0.0052883681435054175,-0.005288368143505427,0.0,0.0,0,15,0.0
2023-04-24,3.4430525118715236,0.0033056512522162684,0.0033056512522161895,0.0,0.0,0,15,0.0
2023-04-25,3.3400938000984035,-0.029903323117530745,-0.029903323117530765,0.0,0.0,0,15,0.0
2023-04-26,3.3677505739881886,0.00828023868340777,0.00828023868340769,0.0,0.0,0,15,0.0
2023-04-27,3.4154907855220995,0.014175696948178551,0.014175696948178577,0.0,0.0,0,15,0.0
2023-04-28,3.453488430346936,0.011125090714899422,0.011125090714899324,0.0,0.0,0,15,0.0
2023-05-01,3.509233554524727,0.016141685516575244,0.01614168551657517,0.0,0.0,0,15,0.0
2023-05-02,3.4721088831125715,-0.010579139528712145,-0.010579139528712122,0.0,0.0,0,15,0.0
2023-05-03,3.453349602879408,-0.005402849065132664,-0.005402849065132649,0.0,0.0,0,15,0.0
2023-05-04,3.416616668828401,-0.010636899901585117,-0.010636899901585166,0.0,0.0,0,15,0.0
2023-05-05,3.450381738565568,0.00988260405248953,0.00988260405248947,0.0,0.0,0,15,0.0
2023-05-08,3.455536627751669,0.0014940054685785853,0.0014940054685785675,0.0,0.0,0,15,0.0
2023-05-09,3.412146675487195,-0.012556646604757749,-0.012556646604757759,0.0,0.0,0,15,0.0
2023-05-10,3.4493571704462664,0.010905303463766947,0.010905303463766912,0.0,0.0,0,15,0.0
2023-05-11,3.4318193206941285,-0.005084382070491333,-0.005084382070491363,0.0,0.0,0,15,0.0
2023-05-12,3.4416463470903977,0.0028635034300936724,0.002863503430093603,0.0,0.0,0,15,0.0
2023-05-15,3.4728345377254777,0.009061997512163522,0.009061997512163505,0.0,0.0,0,15,0.0
2023-05-16,3.4556821491854057,-0.004939016919391137,-0.004939016919391169,0.0,0.0,0,15,0.0
2023-05-17,3.502227685021461,0.01346927576861412,0.013469275768614097,0.0,0.0,0,15,0.0
2023-05-18,3.5616145201781584,0.01695687445184868,0.01695687445184878,0.0,0.0,0,15,0.0
2023-05-19,3.5470394061437216,-0.004092277238837094,-0.004092277238837108,0.0,0.0,0,15,0.0
2023-05-22,3.5439436025928814,-0.0008727852150381965,-0.000872785215038213,0.0,0.0,0,15,0.0
2023-05-23,3.448860846165974,-0.026829647164063553,-0.026829647164063615,0.0,0.0,0,15,0.0
2023-05-24,3.4228199147902982,-0.0075505891763145705,-0.007550589176314603,0.0,0.0,0,15,0.0
2023-05-25,3.5621739663711898,0.040713229164856424,0.04071322916485633,0.0,0.0,0,15,0.0
2023-05-26,3.6648933173196374,0.0288361410526754,0.028836141052675297,0.0,0.0,0,15,0.0
2023-05-30,3.643458123516583,-0.005848790659677694,-0.005848790659677647,0.0,0.0,0,15,0.0
2023-05-31,3.5807016444844435,-0.017224427152621846,-0.01722442715262182,0.0,0.0,0,15,0.0
2023-06-01,3.632112769778801,0.014357835530237173,0.01435783553023724,0.0,0.0,0,15,0.0
2023-06-02,3.6476850659720124,0.0042873933658618135,0.004287393365861921,0.0,0.0,0,15,0.0
2023-06-05,3.6411426488800105,-0.0017935805788262815,-0.0017935805788261562,0.0,0.0,0,15,0.0
2023-06-06,3.6584901276849147,0.004764295298960608,0.004764295298960708,0.0,0.0,0,15,0.0
2023-06-07,3.642432802197428,-0.004389058034071525,-0.004389058034071475,0.0,0.0,0,15,0.0
2023-06-08,3.68761259628451,0.012403741274190638,0.012403741274190664,0.0,0.0,0,15,0.0
2023-06-09,3.6684932056654436,-0.0051847611753822465,-0.005184761175382212,0.0,0.0,0,15,0.0
2023-06-12,3.7529528434383344,0.023022977838000447,0.023022977838000537,0.0,0.0,0,15,0.0
2023-06-13,3.8063576069735987,0.014230065168188144,0.014230065168188135,0.0,0.0,0,15,0.0
2023-06-14,3.803740124641836,-0.0006876606462218326,-0.0006876606462217839,0.0,0.0,0,15,0.0
2023-06-15,3.795481137776487,-0.0021712805277742664,-0.0021712805277742998,0.0,0.0,0,15,0.0
2023-06-16,3.764465076319236,-0.00817183917700115,-0.00817183917700128,0.0,0.0,0,15,0.0
2023-06-20,3.7305218342934023,-0.009016750411461438,-0.00901675041146142,0.0,0.0,0,15,0.0
2023-06-21,3.7119263770423756,-0.004984679912629186,-0.0049846799126291785,0.0,0.0,0,15,0.0
2023-06-22,3.744680470688043,0.008824014896482213,0.008824014896482251,0.0,0.0,0,15,0.0
2023-06-23,3.701760388517361,-0.011461614016641586,-0.01146161401664148,0.0,0.0,0,15,0.0
2023-06-26,3.726715985852456,0.00674154853796205,0.006741548537962099,0.0,0.0,0,15,0.0
2023-06-27,3.827273685439208,0.026982925441191075,0.026982925441191095,0.0,0.0,0,15,0.0
2023-06-28,3.823692502143665,-0.0009357008643430254,-0.000935700864343013,0.0,0.0,0,15,0.0
2023-06-29,3.8502329263221493,0.00694104564203446,0.006941045642034452,0.0,0.0,0,15,0.0
2023-06-30,3.908048290105051,0.015016069128609422,0.015016069128609425,0.0,0.0,0,15,0.0
2023-07-03,3.923138834839616,0.0038614018083587,0.0038614018083585906,0.0,0.0,0,15,0.0
2023-07-05,3.8395659162318445,-0.021302564636662358,-0.021302564636662455,0.0,0.0,0,15,0.0
2023-07-06,3.8069227848737643,-0.008501776521163684,-0.008501776521163662,0.0,0.0,0,15,0.0
2023-07-07,3.7897679398228994,-0.004506223535456821,-0.004506223535456811,0.0,0.0,0,15,0.0
2023-07-10,3.8639853566569182,0.019583630980182676,0.019583630980182655,0.0,0.0,0,15,0.0
2023-07-11,3.8703426456480963,0.0016452673611264679,0.0016452673611264998,0.0,0.0,0,15,0.0
2023-07-12,3.9035273811452647,0.008574107911216045,0.008574107911216126,0.0,0.0,0,15,0.0
2023-07-13,3.9675880222496134,0.01641096240640527,0.016410962406405282,0.0,0.0,0,15,0.0
2023-07-14,3.945596502447772,-0.005542793172707561,-0.005542793172707509,0.0,0.0,0,15,0.0
2023-07-17,4.047344783550919,0.02578780699953076,0.025787806999530708,0.0,0.0,0,15,0.0
2023-07-18,4.056391846997663,0.0022353083146047226,0.0022353083146047295,0.0,0.0,0,15,0.0
2023-07-19,3.997142766769549,-0.014606350289350645,-0.014606350289350617,0.0,0.0,0,15,0.0
2023-07-20,3.8887605199864193,-0.02711493011562438,-0.02711493011562437,0.0,0.0,0,15,0.0
2023-07-21,3.9134211581500375,0.006341516284398052,0.00634151628439811,0.0,0.0,0,15,0.0
2023-07-24,3.9155172750762333,0.0005356226282546839,0.0005356226282546638,0.0,0.0,0,15,0.0
2023-07-25,3.97139533830144,0.014270927517263665,0.014270927517263698,0.0,0.0,0,15,0.0
2023-07-26,3.917527925743468,-0.01356385047805675,-0.013563850478056798,0.0,0.0,0,15,0.0
2023-07-27,3.9353641778911177,0.004552935546532133,0.00455293554653216,0.0,0.0,0,15,0.0
2023-07-28,3.9907427612945763,0.014072035242526093,0.014072035242526147,0.0,0.0,0,15,0.0
2023-07-31,4.03746497928986,0.011707649625636973,0.01170764962563694,0.0,0.0,0,15,0.0
2023-08-01,4.064839123619154,0.006780032636743538,0.006780032636743617,0.0,0.0,0,15,0.0
2023-08-02,3.9549005345836448,-0.02704623373572157,-0.02704623373572153,0.0,0.0,0,15,0.0
2023-08-03,3.9372117481925635,-0.0044726248451514294,-0.004472624845151474,0.0,0.0,0,15,0.0
2023-08-04,3.908414355847206,-0.007314158899017098,-0.0073141588990170885,0.0,0.0,0,15,0.0
2023-08-07,3.9498869898106403,0.010611114940100697,0.010611114940100662,0.0,0.0,0,15,0.0
2023-08-08,3.902956278552086,-0.011881532656407567,-0.011881532656407554,0.0,0.0,0,15,0.0
2023-08-09,3.870385527951016,-0.008345148722279094,-0.008345148722279112,0.0,0.0,0,15,0.0
2023-08-10,3.8554765070356942,-0.00385207644242469,-0.0038520764424246554,0.0,0.0,0,15,0.0
2023-08-11,3.8076326798828593,-0.012409316219545552,-0.012409316219545519,0.0,0.0,0,15,0.0
2023-08-14,3.8808552547744606,0.019230472329556214,0.01923047232955617,0.0,0.0,0,15,0.0
2023-08-15,3.8282469423063454,-0.013555855350027124,-0.013555855350027138,0.0,0.0,0,15,0.0
2023-08-16,3.788661667655549,-0.010340313790454747,-0.010340313790454789,0.0,0.0,0,15,0.0
2023-08-17,3.747553024423177,-0.010850439241731014,-0.01085043924173096,0.0,0.0,0,15,0.0
2023-08-18,3.755466198526857,0.0021115576089540955,0.0021115576089542013,0.0,0.0,0,15,0.0
2023-08-21,3.837987891141023,0.02197375458912032,0.02197375458912038,0.0,0.0,0,15,0.0
2023-08-22,3.8310120995899344,-0.0018175647628253522,-0.0018175647628253936,0.0,0.0,0,15,0.0
2023-08-23,3.8718857443446346,0.010669150525281612,0.010669150525281603,0.0,0.0,0,15,0.0
2023-08-24,3.7705903121031934,-0.026161782379398923,-0.026161782379398958,0.0,0.0,0,15,0.0
2023-08-25,3.808393054796792,0.010025682867814023,0.010025682867813978,0.0,0.0,0,15,0.0
2023-08-28,3.840482785349587,0.008426055318102366,0.008426055318102466,0.0,0.0,0,15,0.0
2023-08-29,3.9300235963838386,0.023314988255077163,0.02331498825507709,0.0,0.0,0,15,0.0
2023-08-30,3.95888033680593,0.007342637954806053,0.007342637954806055,0.0,0.0,0,15,0.0
2023-08-31,3.9782576552056006,0.004894646150205295,0.0048946461502052075,0.0,0.0,0,15,0.0
2023-09-01,4.004657568874228,0.006636049234790553,0.006636049234790505,0.0,0.0,0,15,0.0
2023-09-05,4.002828013054472,-0.00045685699420983106,-0.000456856994209693,0.0,0.0,0,15,0.0
2023-09-06,3.994920516407591,-0.0019754774926857843,-0.0019754774926857657,0.0,0.0,0,15,0.0
2023-09-07,3.9548667286137396,-0.010026178901268779,-0.010026178901268805,0.0,0.0,0,15,0.0
2023-09-08,3.9458113354208444,-0.0022896835252067538,-0.0021762847243113194,0.056823063613064474,0.00011364612722612895,0,15,0.0
2023-09-11,3.9464707479915058,0.0001671171058641452,0.00016711710586412952,0.0,0.0,0,15,0.0
2023-09-12,3.885958452791578,-0.01533326839701643,-0.015333268397016445,0.0,0.0,0,15,0.0
2023-09-13,3.884621147096124,-0.00034413792934240295,-0.0003441379293424555,0.0,0.0,0,15,0.0
2023-09-14,3.904980115878176,0.005240914882335801,0.00524091488233573,0.0,0.0,0,15,0.0
2023-09-15,3.7941435782607242,-0.028383380792843305,-0.028383380792843332,0.0,0.0,0,15,0.0
2023-09-18,3.8144813723207527,0.005360312186538652,0.005360312186538617,0.0,0.0,0,15,0.0
2023-09-19,3.8032379941128913,-0.002947550953963818,-0.002947550953963772,0.0,0.0,0,15,0.0
2023-09-20,3.769187234024827,-0.008953097371443008,-0.008953097371442977,0.0,0.0,0,15,0.0
2023-09-21,3.6877152359561416,-0.02161526955552373,-0.021615269555523783,0.0,0.0,0,15,0.0
2023-09-22,3.7327106925412927,0.012201445530944044,0.012201445530944108,0.0,0.0,0,15,0.0
2023-09-25,3.7506845357623186,0.004815225368775877,0.004815225368775939,0.0,0.0,0,15,0.0
2023-09-26,3.6773496130239307,-0.019552410243823037,-0.01955241024382302,0.0,0.0,0,15,0.0
2023-09-27,3.708241032944459,0.008400457713109821,0.008400457713109814,0.0,0.0,0,15,0.0
2023-09-28,3.7719662923579005,0.017184767345838292,0.01718476734583834,0.0,0.0,0,15,0.0
2023-09-29,3.76327685328054,-0.0023036894828476484,-0.0023036894828477,0.0,0.0,0,15,0.0
2023-10-02,3.7744036965917376,0.0029566900722433065,0.0029566900722432375,0.0,0.0,0,15,0.0
2023-10-03,3.699475894322611,-0.019851560217786446,-0.01985156021778632,0.0,0.0,0,15,0.0
2023-10-04,3.7482762782152332,0.013191161474389812,0.013191161474389822,0.0,0.0,0,15,0.0
2023-10-05,3.7282162262799146,-0.0053518071898559505,-0.005351807189855916,0.0,0.0,0,15,0.0
2023-10-06,3.80250019389315,0.01992480132713692,0.019924801327136834,0.0,0.0,0,15,0.0
2023-10-09,3.819821269438972,0.0045551807133736855,0.004555180713373608,0.0,0.0,0,15,0.0
2023-10-10,3.8672633116508517,0.01241996388455302,0.012419963884553057,0.0,0.0,0,15,0.0
2023-10-11,3.9055374533132543,0.00989695776522237,0.009896957765222337,0.0,0.0,0,15,0.0
2023-10-12,3.877199689349893,-0.007255791117640187,-0.0072557911176401825,0.0,0.0,0,15,0.0
2023-10-13,3.8119994881341492,-0.016816312400632638,-0.016816312400632607,0.0,0.0,0,15,0.0
2023-10-16,3.8715432171294664,0.015620077909417995,0.015620077909418061,0.0,0.0,0,15,0.0
2023-10-17,3.872680537989406,0.00029376421652926865,0.0002937642165293112,0.0,0.0,0,15,0.0
2023-10-18,3.8044233158898813,-0.01762531699424963,-0.01762531699424964,0.0,0.0,0,15,0.0
2023-10-19,3.707180052974457,-0.025560579052617438,-0.025560579052617417,0.0,0.0,0,15,0.0
2023-10-20,3.6448519416623273,-0.016812809310980392,-0.016812809310980437,0.0,0.0,0,15,0.0
2023-10-23,3.6276437865392954,-0.004721221986093482,-0.004721221986093531,0.0,0.0,0,15,0.0
2023-10-24,3.6792383899318066,0.01422262119118689,0.01422262119118687,0.0,0.0,0,15,0.0
2023-10-25,3.5773556927283776,-0.02769124650423027,-0.027691246504230244,0.0,0.0,0,15,0.0
2023-10-26,3.5788953381053243,0.000430386438809105,0.00043038643880908515,0.0,0.0,0,15,0.0
2023-10-27,3.608662786849655,0.008317496303227978,0.00831749630322796,0.0,0.0,0,15,0.0
2023-10-30,3.498041986572179,-0.030654235879448155,-0.030654235879448113,0.0,0.0,0,15,0.0
2023-10-31,3.5633419002848914,0.018667561442480496,0.018667561442480513,0.0,0.0,0,15,0.0
2023-11-01,3.6363011221653037,0.020474942882853675,0.02047494288285369,0.0,0.0,0,15,0.0
2023-11-02,3.7016343598338266,0.017966949235936447,0.017966949235936436,0.0,0.0,0,15,0.0
2023-11-03,3.7501295516844078,0.01310102163973803,0.01327558580702717,0.08613854401222118,0.00017227708802444237,0,15,0.0
2023-11-06,3.744595492759817,-0.0014756980654455631,-0.0014756980654455677,0.0,0.0,0,15,0.0
2023-11-07,3.7759232219897756,0.008366118393970945,0.008484818663792325,0.0588507965734963,0.00011770159314699261,0,15,0.0
2023-11-08,3.782403372101392,0.0017161763443382938,0.0017161763443383758,0.0,0.0,0,15,0.0
2023-11-09,3.7527296867518802,-0.00784519323570343,-0.007845193235703395,0.0,0.0,0,15,0.0
2023-11-10,3.8669930201868135,0.030448058606062922,0.030448058606062974,0.0,0.0,0,15,0.0
2023-11-13,3.872057478028227,0.0013096630417939181,0.0013096630417938756,0.0,0.0,0,15,0.0
2023-11-14,3.9778829724797813,0.027330558766768043,0.027330558766768084,0.0,0.0,0,15,0.0
2023-11-15,3.9629170432791083,-0.003762284940057814,-0.003762284940057825,0.0,0.0,0,15,0.0
2023-11-16,3.926098478978446,-0.00929077341225315,-0.009290773412253117,0.0,0.0,0,15,0.0
2023-11-17,3.956892742932333,0.007843477212497119,0.007843477212497096,0.0,0.0,0,15,0.0
2023-11-20,4.032044643733828,0.01899265552136309,0.018992655521363144,0.0,0.0,0,15,0.0
2023-11-21,3.9886528658263143,-0.010761730521746227,-0.010761730521746182,0.0,0.0,0,15,0.0
2023-11-22,4.004160716686105,0.003887992106973659,0.0038879921069736,0.0,0.0,0,15,0.0
2023-11-24,4.010563516151189,0.0015990365817242225,0.001599036581724254,0.0,0.0,0,15,0.0
2023-11-27,4.015699578279554,0.0012806335338366726,0.0012806335338367278,0.0,0.0,0,15,0.0
2023-11-28,4.013660934518747,-0.0005076683952738303,-0.0005076683952739773,0.0,0.0,0,15,0.0
2023-11-29,4.074327291736914,0.015114968156980435,0.015114968156980418,0.0,0.0,0,15,0.0
2023-11-30,4.097423022959232,0.005668599886208936,0.0056685998862089975,0.0,0.0,0,15,0.0
2023-12-01,4.142080056542451,0.010898809650111918,0.010898809650111868,0.0,0.0,0,15,0.0
2023-12-04,4.070006462281419,-0.017400338302778873,-0.017400338302778758,0.0,0.0,0,15,0.0
2023-12-05,4.059554513113163,-0.0025680424011899072,-0.002568042401190066,0.0,0.0,0,15,0.0
2023-12-06,4.00285525008898,-0.01396686824651161,-0.013966868246511445,0.0,0.0,0,15,0.0
2023-12-07,4.058613110773476,0.013929522103817371,0.013929522103817408,0.0,0.0,0,15,0.0
2023-12-08,4.082441068186104,0.005870960538066017,0.005870960538066091,0.0,0.0,0,15,0.0
2023-12-11,4.186460194215182,0.025479639336299265,0.025479639336299202,0.0,0.0,0,15,0.0
2023-12-12,4.201480972198883,0.003587942387331733,0.003587942387331758,0.0,0.0,0,15,0.0
2023-12-13,4.294976224009951,0.022252927581898785,0.022252927581898823,0.0,0.0,0,15,0.0
2023-12-14,4.345614284727707,0.01179006776211633,0.011790067762116324,0.0,0.0,0,15,0.0
2023-12-15,4.382830122825392,0.008563999393245147,0.008563999393245217,0.0,0.0,0,15,0.0
2023-12-18,4.363254894703587,-0.004466344250911858,-0.004466344250911966,0.0,0.0,0,15,0.0
2023-12-19,4.390173495320572,0.0061693853021651535,0.006169385302165045,0.0,0.0,0,15,0.0
2023-12-20,4.283858394847265,-0.024216605696022575,-0.024216605696022582,0.0,0.0,0,15,0.0
2023-12-21,4.345315409976159,0.014346182684940478,0.014346182684940503,0.0,0.0,0,15,0.0
2023-12-22,4.353979653065542,0.0019939273152624892,0.0019939273152625877,0.0,0.0,0,15,0.0
2023-12-26,4.401270825373961,0.01086159699325262,0.010861596993252665,0.0,0.0,0,15,0.0
2023-12-27,4.390338117422963,-0.002483988917012292,-0.002483988917012364,0.0,0.0,0,15,0.0
2023-12-28,4.370113621780502,-0.004606591816288752,-0.0046065918162886245,0.0,0.0,0,15,0.0
2023-12-29,4.3408502313439685,-0.006696253912183314,-0.0066962539121833585,0.0,0.0,0,15,0.0
2024-01-02,4.232273079542204,-0.025012876744228918,-0.025012876744229064,0.0,0.0,0,15,0.0
2024-01-03,4.162975572418269,-0.016373590697373208,-0.016373590697373246,0.0,0.0,0,15,0.0
2024-01-04,4.115183768846421,-0.011480202739716061,-0.011480202739716023,0.0,0.0,0,15,0.0
2024-01-05,4.10716866599967,-0.001947690138998981,-0.0019476901389990744,0.0,0.0,0,15,0.0
2024-01-08,4.221644163278965,0.027872119844250864,0.027872119844250868,0.0,0.0,0,15,0.0
2024-01-09,4.206894564262406,-0.0034938044150796266,-0.0034938044150796153,0.0,0.0,0,15,0.0
2024-01-10,4.239432418698411,0.007734411675637043,0.007734411675637122,0.0,0.0,0,15,0.0
2024-01-11,4.267569842065133,0.006637073218249467,0.006637073218249379,0.0,0.0,0,15,0.0
2024-01-12,4.260880560553704,-0.0015674685497805152,-0.0015674685497804799,0.0,0.0,0,15,0.0
2024-01-16,4.301762618914449,0.00959474403934757,0.009594744039347469,0.0,0.0,0,15,0.0
2024-01-17,4.264750224761546,-0.008604006643733175,-0.008604006643733127,0.0,0.0,0,15,0.0
2024-01-18,4.341315607334594,0.0179530754529309,0.017953075452930827,0.0,0.0,0,15,0.0
2024-01-19,4.429813001722852,0.020384925306684343,0.02038492530668435,0.0,0.0,0,15,0.0
2024-01-22,4.48890941370732,0.013340610983236578,0.013340610983236523,0.0,0.0,0,15,0.0
2024-01-23,4.4898953337422585,0.00021963464709884306,0.00021963464709886025,0.0,0.0,0,15,0.0
2024-01-24,4.481802670358025,-0.0018024169346255725,-0.0018024169346255174,0.0,0.0,0,15,0.0
2024-01-25,4.45848171649424,-0.005203476274853958,-0.005203476274854035,0.0,0.0,0,15,0.0
2024-01-26,4.414662558968205,-0.0098282689741499,-0.009828268974149847,0.0,0.0,0,15,0.0
2024-01-29,4.499572012268529,0.01923350928098322,0.01923350928098315,0.0,0.0,0,15,0.0
2024-01-30,4.515420101961957,0.0035221326940020337,0.0035221326940020645,0.0,0.0,0,15,0.0
2024-01-31,4.422651356545627,-0.02054487585241993,-0.02054487585242004,0.0,0.0,0,15,0.0
2024-02-01,4.450604368501336,0.006320419518110576,0.006320419518110619,0.0,0.0,0,15,0.0
2024-02-02,4.520144799491797,0.01562494107151502,0.015624941071515065,0.0,0.0,0,15,0.0
2024-02-05,4.586875553050663,0.014762968116943664,0.014762968116943605,0.0,0.0,0,15,0.0
2024-02-06,4.5829413779806725,-0.0008577025961330476,-0.0006025442832648752,0.1276560748721799,0.0002553121497443598,0,15,0.0
2024-02-07,4.70254888605636,0.02609841545221525,0.026098415452215352,0.0,0.0,0,15,0.0
2024-02-08,4.8160531957889265,0.024136763377223147,0.024245547914405214,0.053104715663008895,0.00010620943132601779,0,15,1.1102230246251565e-16
2024-02-09,4.92584627563042,0.022797314601403107,0.02279731460140306,0.0,0.0,0,15,1.085477062537874e-16
2024-02-12,4.864420271896095,-0.012470142245042615,-0.012470142245042615,0.0,0.0,0,15,1.0991840439190253e-16
2024-02-13,4.754877648996011,-0.022519152700057554,-0.022519152700057717,0.0,0.0,0,15,1.1245069885054617e-16
2024-02-14,4.8530945745671525,0.020656036352876495,0.020656036352876526,0.0,0.0,0,15,1.1017492166348978e-16
2024-02-15,4.8358363430234395,-0.0035561292446587567,-0.003556129244658709,0.0,0.0,0,15,1.1056811617494634e-16
2024-02-16,4.789994268513107,-0.009479657965776211,-0.009479657965776276,0.0,0.0,0,15,1.1162629527413185e-16
2024-02-20,4.7195300798382425,-0.014710704173084066,-0.014710704173084057,0.0,0.0,0,15,1.1329291381415865e-16
2024-02-21,4.571940856873634,-0.03127201659231016,-0.031123687512240986,0.07654696381635095,0.00015309392763270191,0,15,1.1102230246251565e-16
2024-02-22,4.723443411318659,0.033137470319033024,0.03313747031903309,0.0,0.0,0,15,1.0746130660446566e-16
2024-02-23,4.704975408189618,-0.003909860142451649,-0.003909860142451627,0.0,0.0,0,15,1.0788311449386879e-16
2024-02-26,4.777246848685897,0.015360641496761307,0.01536064149676133,0.0,0.0,0,15,1.0625103050561065e-16
2024-02-27,4.768447183366915,-0.0018419951067429885,-0.0018419951067429855,0.0,0.0,0,15,1.0644710555316654e-16
2024-02-28,4.7605740483510175,-0.0016510899068694629,-0.0016510899068694215,0.0,0.0,0,15,1.0662314995990395e-16
2024-02-29,4.796116747781941,0.007466053267932038,0.007466053267932044,0.0,0.0,0,15,1.0583299518038244e-16
2024-03-01,4.861943132502915,0.013724933770933978,0.013724933770933902,0.0,0.0,0,15,1.0440011057703446e-16
2024-03-04,4.840334949833555,-0.004444351174102801,-0.004444351174102713,0.0,0.0,0,15,1.0486617267468483e-16
2024-03-05,4.6985871758317765,-0.029284703532067136,-0.029284703532067094,0.0,0.0,0,15,1.0802979313940278e-16
2024-03-06,4.757527177197872,0.012544196619202141,0.012544196619202209,0.0,0.0,0,15,1.0669143480364112e-16
2024-03-07,4.838327499050775,0.016983680564173653,0.016983680564173757,0.0,0.0,0,15,1.0490968227184712e-16
2024-03-08,4.747482393886431,-0.01877613807295342,-0.018776138072953405,0.0,0.0,0,15,1.0691717389119821e-16
2024-03-11,4.712661369922327,-0.007334629404617599,-0.007334629404617611,0.0,0.0,0,15,1.0770716603831084e-16
2024-03-12,4.795751750227608,0.017631307192065515,0.01763130719206544,0.0,0.0,0,15,1.0584104997271124e-16
2024-03-13,4.748670147192499,-0.009817356170046754,-0.009817356170046589,0.0,0.0,0,15,1.0689043140902354e-16
2024-03-14,4.723208171488307,-0.0053619171083604256,-0.005361917108360405,0.0,0.0,0,15,1.0746665872501956e-16
2024-03-15,4.617710458282521,-0.022336028685465026,-0.02233602868546508,0.0,0.0,0,15,1.0992187692108916e-16
2024-03-18,4.671033115998051,0.011547423381621513,0.011547423381621404,0.0,0.0,0,15,1.0866705245871552e-16
2024-03-19,4.665763574262323,-0.0011281319581485372,-0.001128131958148567,0.0,0.0,0,15,1.0878978168815792e-16
2024-03-20,4.7540345825741985,0.018918877244188614,0.018918877244188673,0.0,0.0,0,15,1.0676981663387706e-16
2024-03-21,4.81495502041605,0.012814470905439634,0.01281447090543957,0.0,0.0,0,15,1.0541892883740749e-16
2024-03-22,4.786484926923721,-0.005912847237744101,-0.005912847237743991,0.0,0.0,0,15,1.060459624133371e-16
2024-03-25,4.771170531822979,-0.0031995076417349333,-0.0031995076417348817,0.0,0.0,0,15,1.0638634634143277e-16
2024-03-26,4.772559580701648,0.00029113377302358856,0.0002911337730235807,0.0,0.0,0,15,1.0635538269758668e-16
2024-03-27,4.738906355395516,-0.007051399723161711,-0.007051399723161604,0.0,0.0,0,15,1.07110662795571e-16
2024-03-28,4.734678743804585,-0.0008921070124370267,-0.0008921070124371485,0.0,0.0,0,15,1.0720630228962104e-16
2024-04-01,4.741086208083198,0.0013533049706904166,0.001353304970690509,0.0,0.0,0,15,1.0706141554379646e-16
2024-04-02,4.684190014452473,-0.01200066633121355,-0.01200066633121344,0.0,0.0,0,15,1.0836182970512746e-16
2024-04-03,4.689563623034155,0.0011471798891808938,0.0011471798891809835,0.0,0.0,0,15,1.0823766163644616e-16
2024-04-04,4.608382020697461,-0.01731112079127073,-0.017311120791270562,0.0,0.0,0,15,1.1014438437890958e-16
2024-04-05,4.698558593939139,0.01956794658877481,0.01956794658877479,0.0,0.0,0,15,1.0803045029752632e-16
2024-04-08,4.721485232544175,0.004879504670775026,0.004879504670774943,0.0,0.0,0,15,1.0750587487891887e-16
2024-04-09,4.7440633167013395,0.004781987668104559,0.004781987668104499,0.0,0.0,0,15,1.0699422979149758e-16
2024-04-10,4.69705851767685,-0.00990813062275342,-0.009908130622753315,0.0,0.0,0,15,1.080649514461677e-16
2024-04-11,4.784082710159954,0.01852738094609596,0.018527380946095903,0.0,0.0,0,15,1.0609921094687478e-16
2024-04-12,4.660781010152975,-0.025773321131159044,-0.02577332113115904,0.0,0.0,0,15,1.0890608238122248e-16
2024-04-15,4.548318009452712,-0.024129647038828028,-0.02412964703882816,0.0,0.0,0,15,1.115989250526557e-16
2024-04-16,4.582264101347145,0.0074634385335159426,0.0074634385335159625,0.0,0.0,0,15,1.107721836686216e-16
2024-04-17,4.501350384885217,-0.017658021159919546,-0.017658021159919643,0.0,0.0,0,15,1.1276336149190942e-16
2024-04-18,4.457792942629788,-0.009676527826335879,-0.009676527826335721,0.0,0.0,0,15,1.1386518108513043e-16
2024-04-19,4.366720346564791,-0.02042997448223116,-0.020429974482231317,0.0,0.0,0,15,1.1623996051221047e-16
2024-04-22,4.41705900586106,0.011527795531002916,0.011527795531002841,0.0,0.0,0,15,1.1491524110930648e-16
2024-04-23,4.526232668213841,0.024716369468444244,0.02471636946844417,0.0,0.0,0,15,1.1214346187220273e-16
2024-04-24,4.537674259082059,0.002527839752597849,0.002527839752597903,0.0,0.0,0,15,1.1186069595820632e-16
2024-04-25,4.571343856715738,0.007420012039491386,0.007420012039491317,0.0,0.0,0,15,1.1103680155385015e-16
2024-04-26,4.6055980909607,0.0074932526011228795,0.007493252601122945,0.0,0.0,0,15,1.102109629689111e-16
2024-04-29,4.609315465984992,0.0008071427317091207,0.0008071427317090984,0.0,0.0,0,15,1.101220787334607e-16
2024-04-30,4.492923758997697,-0.02525140833735995,-0.025251408337359962,0.0,0.0,0,15,1.1297485287526723e-16
2024-05-01,4.459389501455569,-0.007463794032776638,-0.007463794032776583,0.0,0.0,0,15,1.1382441486371127e-16
2024-05-02,4.567264878909818,0.024190615647957436,0.024190615647957377,0.0,0.0,0,15,1.111359673918706e-16
2024-05-03,4.640762385262146,0.01609223644805824,0.01609223644805816,0.0,0.0,0,15,1.093758651088284e-16
2024-05-06,4.725763862434272,0.018316274378121333,0.01831627437812141,0.0,0.0,0,15,1.0740854080489237e-16
2024-05-07,4.667087380145206,-0.012416295861816695,-0.012416295861816813,0.0,0.0,0,15,1.087589237801596e-16
2024-05-08,4.6389785338949965,-0.006022781225350715,-0.006022781225350694,0.0,0.0,0,15,1.0941792399853482e-16
2024-05-09,4.643583086582047,0.0009925790027711656,0.001090267322994558,0.04879096491708315,9.75819298341663e-05,0,15,1.1102230246251565e-16
2024-05-10,4.6777115343349145,0.007349593431736912,0.007349593431736869,0.0,0.0,0,15,1.1021228696216187e-16
2024-05-13,4.674607777985337,-0.0006635202548928021,-0.0006635202548928183,0.0,0.0,0,15,1.1028546360108142e-16
2024-05-14,4.703457402241853,0.006171560401790455,0.006171560401790511,0.0,0.0,0,15,1.0960900500610608e-16
2024-05-15,4.836535560293905,0.02829368838093904,0.02829368838093909,0.0,0.0,0,15,1.0659309324234674e-16
2024-05-16,4.803978030967174,-0.006731580678123517,-0.006731580678123505,0.0,0.0,0,15,1.0731549616277932e-16
2024-05-17,4.803804106195557,-3.620432285400543e-05,-3.6204322853954455e-05,0.0,0.0,0,15,1.0731938158831884e-16
2024-05-20,4.855806647239963,0.010825283440958344,0.010825283440958242,0.0,0.0,0,15,1.0617006058949387e-16
2024-05-21,4.836400696633766,-0.0039964422012617185,-0.0039964422012616725,0.0,0.0,0,15,1.0659606560456439e-16
2024-05-22,4.825816965730503,-0.002188348643368032,-0.0021883486433681544,0.0,0.0,0,15,1.0682984655434283e-16
2024-05-23,4.777223586935934,-0.01006946163512723,-0.010069461635127206,0.0,0.0,0,15,1.0791650768830714e-16
2024-05-24,4.805135046048228,0.0058426110070759485,0.00584261100707603,0.0,0.0,0,15,1.0728965596342981e-16
2024-05-28,4.7634993762732964,-0.008664828225623644,-0.00866482822562361,0.0,0.0,0,15,1.0822742803666857e-16
2024-05-29,4.71825352392283,-0.009498448257563186,-0.009498448257563226,0.0,0.0,0,15,1.0926527863210385e-16
2024-05-30,4.607777199670359,-0.023414664704286547,-0.023414664704286544,0.0,0.0,0,15,1.1188502907328416e-16
2024-05-31,4.55692940016151,-0.01103521227382398,-0.011035212273823886,0.0,0.0,0,15,1.1313348105196928e-16
2024-06-03,4.556955921738168,5.820054323590895e-06,5.820054323688751e-06,0.0,0.0,0,15,1.1313282261279588e-16
2024-06-04,4.548988654274015,-0.001748374924178342,-0.0017483749241783805,0.0,0.0,0,15,1.1333096763474135e-16
2024-06-05,4.695421765437291,0.03219025640472739,0.03219025640472747,0.0,0.0,0,15,1.0979658733603048e-16
2024-06-06,4.713144588090369,0.0037744900327238984,0.003774490032723978,0.0,0.0,0,15,1.0938371957674579e-16
2024-06-07,4.701868217572085,-0.0023925365130487153,-0.002392536513048723,0.0,0.0,0,15,1.0964605175909103e-16
2024-06-10,4.771466266366392,0.014802211711123947,0.014802211711123909,0.0,0.0,0,15,1.0804672131548641e-16
2024-06-11,4.807511467467294,0.007554323784070505,0.007554323784070586,0.0,0.0,0,15,1.0723662115775103e-16
2024-06-12,4.902968604708501,0.019855831418639447,0.019855831418639544,0.0,0.0,0,15,1.0514880422714532e-16
2024-06-13,4.904337923918681,0.0002792836994438552,0.00027928369944380394,0.0,0.0,0,15,1.0511944607936078e-16
2024-06-14,4.92204159134729,0.003609797632880829,0.003609797632880749,0.0,0.0,0,15,1.047413509984618e-16
2024-06-17,5.008311517201314,0.017527264703671275,0.017527264703671185,0.0,0.0,0,15,1.0293714442036602e-16
2024-06-18,5.047192161562795,0.0077632240382699,0.007763224038269824,0.0,0.0,0,15,1.0214417629557891e-16
2024-06-20,4.964699921827367,-0.01634418446827779,-0.01634418446827783,0.0,0.0,0,15,1.0384137894855442e-16
2024-06-21,4.96850600769448,0.000766629590316148,0.0007666295903162261,0.0,0.0,0,15,1.0376183205775353e-16
2024-06-24,4.913674656704853,-0.011035782366915381,-0.01103578236691542,0.0,0.0,0,15,1.0491970306680013e-16
2024-06-25,5.002425777578153,0.018062067001566096,0.018062067001566155,0.0,0.0,0,15,1.0305825790741177e-16
2024-06-26,5.006870597147706,0.0008885328373038348,0.0008885328373038858,0.0,0.0,0,15,1.029667685524019e-16
2024-06-27,5.041503247677892,0.006917025287195511,0.0069170252871955185,0.0,0.0,0,15,1.0225943743779032e-16
2024-06-28,5.0722655392448335,0.006101809332585528,0.006101809332585455,0.0,0.0,0,15,1.0163925408863525e-16
2024-07-01,5.097452348791286,0.004965593648750932,0.004965593648750959,0.0,0.0,0,15,1.0113704860244156e-16
2024-07-02,5.12708508194708,0.005813243779085209,0.005813243779085159,0.0,0.0,0,15,1.0055251233563504e-16
2024-07-03,5.152096642404914,0.004878319758316874,0.004878319758316926,0.0,0.0,0,15,1.0006436636011703e-16
2024-07-05,5.21653349361127,0.012506918188607052,0.01250691818860703,0.0,0.0,0,15,9.882832854034614e-17
2024-07-08,5.179757690072958,-0.007049854771056574,-0.007049854771056611,0.0,0.0,0,15,9.953000058986788e-17
2024-07-09,5.134460103039453,-0.008745117000418468,-0.008745117000418514,0.0,0.0,0,15,1.0040808100605331e-16
2024-07-10,5.161399374028851,0.005246758266453488,0.0052467582664534294,0.0,0.0,0,15,9.988401373132197e-17
2024-07-11,5.071083207353929,-0.01749838757476796,-0.017498387574767984,0.0,0.0,0,15,1.0166295145792758e-16
2024-07-12,5.125974306700254,0.010824334190912666,0.010824334190912756,0.0,0.0,0,15,1.005743016063231e-16
2024-07-15,5.142675688822922,0.0032581868584158347,0.0032581868584158776,0.0,0.0,0,15,1.0024767594596921e-16
2024-07-16,5.162319142461099,0.0038196951989155625,0.003819695198915457,0.0,0.0,0,15,9.986621743470005e-17
2024-07-17,4.915073565356703,-0.047894283611943256,-0.04789428361194335,0.0,0.0,0,15,1.0488984123901303e-16
2024-07-18,4.856624085955936,-0.01189188292373522,-0.011891882923735098,0.0,0.0,0,15,1.0615219066246913e-16
2024-07-19,4.802100702737503,-0.011226601493844246,-0.011226601493844121,0.0,0.0,0,15,1.0735744997068532e-16
2024-07-22,4.88249171390499,0.016740800775306264,0.016740800775306222,0.0,0.0,0,15,1.0558979229398576e-16
2024-07-23,4.870381385513566,-0.0024803582066376118,-0.002480358206637486,0.0,0.0,0,15,1.0585234402417792e-16
2024-07-24,4.649798166780445,-0.04529074856216031,-0.0452907485621603,0.0,0.0,0,15,1.108739062335041e-16
2024-07-25,4.6786337829340505,0.006201476950035367,0.006201476950035258,0.0,0.0,0,15,1.1019056200313026e-16
2024-07-26,4.728097915463936,0.010572345437745545,0.010771967759300045,0.09874745636108821,0.00019749491272217642,0,15,0.0
2024-07-29,4.7174991277431,-0.00224165994662906,-0.002241659946629127,0.0,0.0,0,15,0.0
2024-07-30,4.632093307742858,-0.018104045742791786,-0.01810404574279177,0.0,0.0,0,15,0.0
2024-07-31,4.827697167900349,0.04222796199517953,0.04222796199517946,0.0,0.0,0,15,0.0
2024-08-01,4.660191979089621,-0.03469670590037843,-0.03469670590037846,0.0,0.0,0,15,0.0
2024-08-02,4.494238592528182,-0.03561084764449085,-0.03561084764449099,0.0,0.0,0,15,0.0
2024-08-05,4.419795051088481,-0.016564216586868907,-0.016564216586868866,0.0,0.0,0,15,0.0
2024-08-06,4.527912883742256,0.024462182387201103,0.024462182387201117,0.0,0.0,0,15,0.0
2024-08-07,4.456890207712845,-0.01568552175206872,-0.0156855217520686,0.0,0.0,0,15,0.0
2024-08-08,4.677800650914678,0.049566050072209045,0.04956605007220901,0.0,0.0,0,15,0.0
2024-08-09,4.724348429565314,0.009950782883732856,0.009950782883732835,0.0,0.0,0,15,0.0
2024-08-12,4.716910297083923,-0.001574425043428751,-0.0015744250434287514,0.0,0.0,0,15,0.0
2024-08-13,4.797329451470801,0.017049116756914895,0.017049116756914912,0.0,0.0,0,15,0.0
2024-08-14,4.83320666661992,0.007478580637842125,0.007478580637842155,0.0,0.0,0,15,0.0
2024-08-15,4.963247822885942,0.02690577193070154,0.026905771930701452,0.0,0.0,0,15,0.0
2024-08-16,4.934297127551622,-0.005833014261513614,-0.005833014261513566,0.0,0.0,0,15,0.0
2024-08-19,4.987471464715379,0.01077647652526803,0.010776476525268095,0.0,0.0,0,15,0.0
2024-08-20,5.003608199505011,0.003235454057991749,0.0032354540579918488,0.0,0.0,0,15,0.0
2024-08-21,5.0563601591638,0.010542783838272562,0.010542783838272647,0.0,0.0,0,15,0.0
2024-08-22,4.942920178948874,-0.0224351068049089,-0.02243510680490886,0.0,0.0,0,15,0.0
2024-08-23,4.982644053978415,0.008036519626337224,0.008036519626337146,0.0,0.0,0,15,0.0
2024-08-26,4.921165506575453,-0.012338538883562067,-0.012338538883562176,0.0,0.0,0,15,0.0
2024-08-27,4.969930448060283,0.009909226060304643,0.0099092260603046,0.0,0.0,0,15,0.0
2024-08-28,4.915105037628125,-0.011031424082313945,-0.011031424082314063,0.0,0.0,0,15,0.0
2024-08-29,4.958239925002485,0.008775984855692087,0.008775984855692195,0.0,0.0,0,15,0.0
2024-08-30,5.055632072310507,0.019642483780768938,0.019642483780769018,0.0,0.0,0,15,0.0
2024-09-03,4.805986976537118,-0.04937960124524987,-0.04930503439722676,0.03921702055913312,7.843404111826624e-05,0,15,1.1102230246251565e-16
2024-09-04,4.7976800961685635,-0.0017284442111700216,-0.001728444211170045,0.0,0.0,0,15,1.112145305740844e-16
2024-09-05,4.768319408666662,-0.006119767661322162,-0.006119767661322117,0.0,0.0,0,15,1.1189932846575278e-16
2024-09-06,4.669265048123445,-0.020773432325691288,-0.02077343232569125,0.0,0.0,0,15,1.1427317452335562e-16
2024-09-09,4.786506275893455,0.025109139567291994,0.025109139567292073,0.0,0.0,0,15,1.1147415442183197e-16
2024-09-10,4.805765030023942,0.004023551421520333,0.004023551421520249,0.0,0.0,0,15,1.1102742984863674e-16
2024-09-11,4.918454124259479,0.023448731582071503,0.02344873158207152,0.0,0.0,0,15,1.0848362641185543e-16
2024-09-12,4.951771898135874,0.006774033676975932,0.006774033676975864,0.0,0.0,0,15,1.0775369922449002e-16
2024-09-13,5.0005421007375475,0.009849040627261774,0.00984904062726185,0.0,0.0,0,15,1.0670277921694063e-16
2024-09-16,5.0120867656671635,0.0023086826782066083,0.0023086826782066443,0.0,0.0,0,15,1.064570037763484e-16
2024-09-17,5.009167486931184,-0.0005824477652655036,-0.0005824477652654202,0.0,0.0,0,15,1.0651904555639091e-16
2024-09-18,4.955631547373594,-0.010687592239082444,-0.010687592239082506,0.0,0.0,0,15,1.0766977622111546e-16
2024-09-19,5.102960890951147,0.029729680701470862,0.029729680701470765,0.0,0.0,0,15,1.0456120498320379e-16
2024-09-20,5.098695835945543,-0.0008358000574072433,-0.0008358000574072036,0.0,0.0,0,15,1.0464867034788814e-16
2024-09-23,5.11135501238955,0.0024828263640990222,0.0024828263640990643,0.0,0.0,0,15,1.0438948937154165e-16
2024-09-24,5.128079769061555,0.0032720788580455906,0.003272078858045664,0.0,0.0,0,15,1.0404903273134134e-16
2024-09-25,5.122370139904322,-0.001113404902880144,-0.0011134049028801937,0.0,0.0,0,15,1.0416501056481275e-16
2024-09-26,5.1602123277124745,0.00738763243861551,0.007387632438615543,0.0,0.0,0,15,1.0340112108847035e-16
2024-09-27,5.105533387451876,-0.010596257825855271,-0.010596257825855255,0.0,0.0,0,15,1.0450852031472378e-16
2024-09-30,5.1136333380076024,0.0015865042770328852,0.001586504277032839,0.0,0.0,0,15,1.0434297973110205e-16
2024-10-01,5.0210291503225335,-0.018109274084393,-0.018109274084392925,0.0,0.0,0,15,1.0626740529991547e-16
2024-10-02,5.085793193774533,0.012898559540893917,0.012898559540893898,0.0,0.0,0,15,1.0491416371258562e-16
2024-10-03,5.091285027479287,0.0010798381875765095,0.0010798381875765384,0.0,0.0,0,15,1.0480099559544562e-16
2024-10-04,5.161250636970257,0.013742229930821637,0.01374222993082155,0.0,0.0,0,15,1.0338031947489975e-16
2024-10-07,5.095186628732782,-0.012800000016324642,-0.012800000016324652,0.0,0.0,0,15,1.0472074501277276e-16
2024-10-08,5.207779770966821,0.022097942713050767,0.022097942713050746,0.0,0.0,0,15,1.0245666353148374e-16
2024-10-09,5.301085593038323,0.017916622087531087,0.017916622087531087,0.0,0.0,0,15,1.0065329645699945e-16
2024-10-10,5.328609436756644,0.005192114565074624,0.005192114565074727,0.0,0.0,0,15,1.0013339241180775e-16
2024-10-11,5.3629947464767955,0.006452961157738857,0.006452961157738965,0.0,0.0,0,15,9.949137841138915e-17
2024-10-14,5.3867811234069105,0.004435278804951537,0.004435278804951613,0.0,0.0,0,15,9.905205493156426e-17
2024-10-15,5.197250815163078,-0.03518433437369051,-0.0351843343736904,0.0,0.0,0,15,1.0266422743795797e-16
2024-10-16,5.178018523973754,-0.0037004739377236584,-0.0037004739377236306,0.0,0.0,0,15,1.0304554479085506e-16
2024-10-17,5.17757336045501,-8.597178953362317e-05,-8.597178953360658e-05,0.0,0.0,0,15,1.0305440456243461e-16
2024-10-18,5.223145556953201,0.00880184467230527,0.008801844672305319,0.0,0.0,0,15,1.0215524992017669e-16
2024-10-21,5.20884699766059,-0.002737537971457815,-0.0026228738005103724,0.05748285575006691,0.00011496571150013383,0,15,1.1102230246251565e-16
2024-10-22,5.173700538234846,-0.006747454751796056,-0.0067474547517960524,0.0,0.0,0,15,1.117765094020195e-16
2024-10-23,5.109086648284269,-0.012488911848118178,-0.012488911848118331,0.0,0.0,0,15,1.1319013096977802e-16
2024-10-24,5.19424634796267,0.016668282521103528,0.01666828252110364,0.0,0.0,0,15,1.113343781012746e-16
2024-10-25,5.211516883264519,0.0033249357355995546,0.0033249357355995828,0.0,0.0,0,15,1.1096542519363229e-16
2024-10-28,5.189053377867378,-0.004310358365963829,-0.00431035836596391,0.0,0.0,0,15,1.114457965149922e-16
2024-10-29,5.26777378558135,0.015170475611165468,0.015170475611165373,0.0,0.0,0,15,1.0978037599832502e-16
2024-10-30,5.181335529105169,-0.01640887782857625,-0.01640887782857626,0.0,0.0,0,15,1.1161180039523793e-16
2024-10-31,5.032648908204093,-0.028696582196975462,-0.028696582196975455,0.0,0.0,0,15,1.149093047028403e-16
2024-11-01,5.086604553340004,0.010721122438712927,0.010721122438712889,0.0,0.0,0,15,1.1369041583456968e-16
2024-11-04,5.068615240978588,-0.0035366052487025845,-0.003536605248702581,0.0,0.0,0,15,1.1409392099440355e-16
2024-11-05,5.224698464221253,0.030794056329383146,0.030794056329383056,0.0,0.0,0,15,1.1068546650403427e-16
2024-11-06,5.370186131775505,0.0278461366814855,0.02798638233013788,0.06821376774195032,0.00013642753548390063,0,15,2.220446049250313e-16
2024-11-07,5.424727929701226,0.010156407354858121,0.010156407354858222,0.0,0.0,0,15,2.1981210365874475e-16
2024-11-08,5.411678342008995,-0.002405574594954829,-0.0024055745949548165,0.0,0.0,0,15,2.2034215314454694e-16
2024-11-11,5.39465301706498,-0.0031460341631640576,-0.003146034163164076,0.0,0.0,0,15,2.21037544811867e-16
2024-11-12,5.405648189720633,0.002038161234999336,0.002038161234999245,0.0,0.0,0,15,2.2058795100122835e-16
2024-11-13,5.3722529981255756,-0.006177832967110608,-0.006177832967110646,0.0,0.0,0,15,2.219591777267414e-16
2024-11-14,5.327040479797706,-0.00841593244838712,-0.008415932448387122,0.0,0.0,0,15,2.238430255084632e-16
2024-11-15,5.247181022951061,-0.014991336587267257,-0.014991336587267153,0.0,0.0,0,15,2.2724980380672016e-16
2024-11-18,5.2475309058019635,6.668015633004565e-05,6.66801563300734e-05,0.0,0.0,0,15,2.272346517646169e-16
2024-11-19,5.299883687884071,0.009976650547064647,0.009976650547064706,0.0,0.0,0,15,2.249900051070813e-16
2024-11-20,5.308322541505937,0.0015922714759115664,0.001592271475911594,0.0,0.0,0,15,2.246323294563204e-16
2024-11-21,5.418111649746448,0.020682448623282834,0.02068244862328288,0.0,0.0,0,15,2.2008052529884196e-16
2024-11-22,5.466862506018375,0.008997757784154903,0.008997757784154835,0.0,0.0,0,15,2.181179527912506e-16
2024-11-25,5.4653122609631595,-0.00028357125380573667,-0.0002835712538056911,0.0,0.0,0,15,2.1817982231702012e-16
2024-11-26,5.498018241235072,0.005984283918326172,0.005984283918326244,0.0,0.0,0,15,2.1688193921599444e-16
2024-11-27,5.406437451495302,-0.01665705454611177,-0.016657054546111782,0.0,0.0,0,15,2.205557483466633e-16
2024-11-29,5.451229140879654,0.008284880716036724,0.008284880716036652,0.0,0.0,0,15,2.1874348466877231e-16
2024-12-02,5.508684679338549,0.010539923561096787,0.010724161604809029,0.09114160455995836,0.0001822832091199167,0,15,3.3306690738754696e-16
2024-12-03,5.5753589662275385,0.012103485817415827,0.0121034858174159,0.0,0.0,0,15,3.2908384572803703e-16
2024-12-04,5.687578701260053,0.020127804453897946,0.020127804453897898,0.0,0.0,0,15,3.2259080116359004e-16
2024-12-05,5.705921448366988,0.0032250537654752165,0.00322505376547523,0.0,0.0,0,15,3.2155377295731128e-16
2024-12-06,5.789643690451849,0.014672869727083704,0.01467286972708366,0.0,0.0,0,15,3.169038835578599e-16
2024-12-09,5.680357595181357,-0.018876134890774776,-0.0188761348907748,0.0,0.0,0,15,3.2300089196442084e-16
2024-12-10,5.656498787098858,-0.00420022994727276,-0.004200229947272882,0.0,0.0,0,15,3.2436329237886657e-16
2024-12-11,5.77392994469876,0.020760396496103617,0.020760396496103704,0.0,0.0,0,15,3.1776633722496177e-16
2024-12-12,5.768030523423229,-0.0010217341277144465,-0.0010217341277144192,0.0,0.0,0,15,3.1809134200481856e-16
2024-12-13,5.76004686818167,-0.0013841215314548405,-0.0013841215314549442,0.0,0.0,0,15,3.185322293218853e-16
2024-12-16,5.825015589541772,0.011279200125781541,0.011279200125781562,0.0,0.0,0,15,3.149795123663838e-16
2024-12-17,5.765432393024596,-0.010228847562940846,-0.010228847562940893,0.0,0.0,0,15,3.182346864634588e-16
2024-12-18,5.512294249846064,-0.04390618533395607,-0.04390618533395612,0.0,0.0,0,15,3.328488079118216e-16
2024-12-19,5.551147036634248,0.0070483876634976905,0.007048387663497683,0.0,0.0,0,15,3.305191805967541e-16
2024-12-20,5.653833757434281,0.018498288754083214,0.018498288754083124,0.0,0.0,0,15,3.2451618647398447e-16
2024-12-23,5.686279789359568,0.005738766528574191,0.005738766528574107,0.0,0.0,0,15,3.2266449029710797e-16
2024-12-24,5.763363713184415,0.013556125741313263,0.013556125741313273,0.0,0.0,0,15,3.183489124108561e-16
2024-12-26,5.737002694529277,-0.004573894684944735,-0.0045738946849447504,0.0,0.0,0,15,3.1981169743393226e-16
2024-12-27,5.6470724647540695,-0.015675472814569824,-0.0156754728145698,0.0,0.0,0,15,3.2490473273931244e-16
2024-12-30,5.577355267010089,-0.012345723944418352,-0.012345723944418317,0.0,0.0,0,15,3.289660568644447e-16
2024-12-31,5.525089368080392,-0.009371090136367832,-0.009371090136367864,0.0,0.0,0,15,3.320779896376429e-16
