feature,family,horizon_sessions,development_rows,validation_rows,development_ic_dates,validation_ic_dates,development_coverage,validation_coverage,development_mean_spearman_ic,development_hac_se,development_hac_t,development_pvalue,validation_mean_spearman_ic,validation_hac_se,validation_hac_t,validation_pvalue,development_fdr_q,direction,validation_aligned_ic,validation_aligned_hac_t,research_status,validation_top_bottom_return_spread_mean,validation_top_bottom_return_spread_median,validation_winner_top_decile_lift,validation_rich_dates
size_log_market_cap,SIZE,1,530437,107931,2012,500,0.5739399777918961,0.7590775588107217,-0.013342569807814278,0.003515257229470525,-3.7956169170083642,0.00014727676669842578,-0.00842331351457847,0.005677266879755456,-1.4836916588535112,0.1378907401414669,0.0005610543493273363,-1,0.00842331351457847,1.4836916588535112,DISCOVERY_ONLY,0.0007205350533156629,0.0005975722071940488,1.6383280863176877,500.0
quality_profit_assets_reported,QUALITY,1,530437,107931,2012,500,0.5700620431832621,0.7441698863162576,0.008856710602258032,0.00338913406098113,2.613266528528552,0.008968133392940053,0.001013981156733839,0.005752396711116817,0.176271075806414,0.8600809843769284,0.019888525974460485,1,0.001013981156733839,0.176271075806414,DISCOVERY_ONLY,-0.0005262455544977188,-0.0004232434301464699,1.015652430791004,500.0
drawdown_high_20d,MARKET_TREND_RISK,1,530437,107931,2012,500,0.9967913248887238,0.9983507981951432,0.010393962807239712,0.0040582800344264106,2.561174369207564,0.010431898352169995,0.011078994896421853,0.007586540362876494,1.460348771178378,0.1441942444775957,0.021961891267726307,1,0.011078994896421853,1.460348771178378,DISCOVERY_ONLY,-0.002654893916148473,-0.0007180284044099948,0.7618319987736212,493.0
distance_low_20d,MARKET_TREND_RISK,1,530437,107931,2012,500,0.9967913248887238,0.9983507981951432,-0.008655342512739458,0.003397927998569672,-2.5472412942189617,0.0108578327305672,-0.008520552885588437,0.007475359574630017,-1.1398184663257687,0.2543619387084455,0.022272477396035283,-1,0.008520552885588437,1.1398184663257687,DISCOVERY_ONLY,-0.0013886576002693526,0.0004995304790480796,0.9312441736552395,488.0
mom_skip_60_5,MARKET_TREND_RISK,1,530437,107931,2012,500,0.9876648876303877,0.9941073463601745,0.00976772709660106,0.003969826841094211,2.460491978009994,0.013874667373549192,0.009530041584316468,0.00800764270393752,1.1901182328764937,0.23399992494755506,0.027749334747098387,1,0.009530041584316468,1.1901182328764937,DISCOVERY_ONLY,-0.002652294662261011,-0.0007598138249385663,1.218828391956659,500.0
mom_60d,MARKET_TREND_RISK,1,530437,107931,2012,500,0.9876648876303877,0.9941073463601745,0.00815537561609934,0.004013033065248329,2.0322223822979337,0.04213114799458684,0.00974492324876919,0.008113820454335653,1.2010277160572305,0.22974045027811696,0.07489981865704326,1,0.00974492324876919,1.2010277160572305,DISCOVERY_ONLY,-0.002726923294830973,-0.0002950180584384717,1.2498841537324938,500.0
rel_mom_60d,MARKET_TREND_RISK,1,530437,107931,2012,500,0.9876648876303877,0.9941073463601745,0.008155489404756092,0.0040130303884592915,2.032252092635461,0.04212814169604136,0.009744782330452758,0.008113826974942577,1.2010093831858821,0.2297475615532132,0.07489981865704326,1,0.009744782330452758,1.2010093831858821,DISCOVERY_ONLY,-0.002726923294830973,-0.0002950180584384717,1.2498841537324938,500.0
fund_current_ratio,BALANCE_SHEET_OR_FRESHNESS,1,530437,107931,2012,500,0.5143947349072557,0.6743567649702125,0.0073223272065323815,0.003905600180351052,1.8748276496326408,0.060816438041769415,-0.002802657874290699,0.008819802364662037,-0.31776878419861204,0.7506603309110338,0.10351734134769262,1,-0.002802657874290699,-0.31776878419861204,NO_EVIDENCE,0.0005059249683464643,0.0006210000401514057,1.4993450418375343,500.0
value_earnings_yield_reported,VALUATION,1,530437,107931,2012,500,0.5447055918044933,0.6919420741028991,0.004534903172439019,0.0027721109905744193,1.6359024540714096,0.10186000431201525,-0.002058187690268435,0.006205128446828624,-0.33169139171008666,0.7401223014655045,0.1629760068992244,1,-0.002058187690268435,-0.33169139171008666,NO_EVIDENCE,-3.319335463949638e-05,-0.00019254119168918933,1.2389457170068316,500.0
value_eps_yield_reported,VALUATION,1,530437,107931,2012,500,0.5447791160873016,0.7112599716485533,0.0042926150638829905,0.0028711017048288967,1.4951107641583212,0.13488553708446074,-0.0045868069787392066,0.006674300803088271,-0.6872340810016895,0.4919352309660302,0.1998304253103122,1,-0.0045868069787392066,-0.6872340810016895,NO_EVIDENCE,-0.0005895181406055341,-0.0008670749960256116,1.1176920870680251,500.0
delta_operating_margin_252s,FUNDAMENTAL_CHANGE,1,530437,107931,1639,500,0.2284550285896346,0.5955564203055655,0.006671372027777431,0.004522510851675816,1.4751478208847977,0.14017280619645386,0.010255191501971794,0.005299317410244977,1.9351910270831874,0.05296685843512781,0.2038877181039329,1,0.010255191501971794,1.9351910270831874,NO_EVIDENCE,,,,
delta_ocf_assets_126s,FUNDAMENTAL_CHANGE,1,530437,107931,2012,500,0.5586959431563032,0.7418628568251939,0.003440694138590995,0.0024145112452144944,1.425006466799594,0.15415533178761245,0.0009163204773012171,0.004427266092796173,0.20697208121106797,0.8360316623569992,0.22022190255373206,1,0.0009163204773012171,0.20697208121106797,NO_EVIDENCE,,,,
value_book_to_market_snapshot,VALUATION,1,530437,107931,2012,500,0.5407013462484705,0.6898203481854147,-0.005436603767299237,0.0040261486663172716,-1.3503236511810461,0.17691218904691064,-0.005150648685477984,0.007291570157071478,-0.7063840262831189,0.4799493518558078,0.24829780918864652,-1,0.005150648685477984,0.7063840262831189,NO_EVIDENCE,,,,
trend_sma_60d,MARKET_TREND_RISK,1,530437,107931,2012,500,0.9902061884823269,0.9953674106605146,0.00531652873518722,0.00398766300734736,1.333244239894744,0.18245166563060222,0.01196354040525133,0.008254440490018708,1.4493460119698818,0.14724097754662896,0.2516574698353134,1,0.01196354040525133,1.4493460119698818,NO_EVIDENCE,,,,
quality_profit_margin_reported,QUALITY,1,530437,107931,2012,500,0.34325094214770085,0.7160593342042602,0.004315967164490806,0.003648019871509221,1.1830985895110404,0.2367700767983013,0.004651910797942274,0.004411326013738563,1.054537974172491,0.29163668427900247,0.3210441719299001,1,0.004651910797942274,1.054537974172491,NO_EVIDENCE,,,,
fund_equity_assets,BALANCE_SHEET_OR_FRESHNESS,1,530437,107931,2012,500,0.5659107490616228,0.7420481603987733,0.003844410470383038,0.003302442035877362,1.164111414710021,0.2443788633573738,-0.0010492385935537234,0.00726347087559862,-0.1444541613126865,0.8851418507013095,0.3258384844764984,1,-0.0010492385935537234,-0.1444541613126865,NO_EVIDENCE,,,,
mom_accel_60_120,MARKET_TREND_RISK,1,530437,107931,2012,500,0.9762723942711387,0.988233223077707,-0.00388434243940404,0.0035344390983835733,-1.0989982657164725,0.2717688223663216,-0.008692058125067802,0.007245912554534575,-1.1995808753761752,0.2303021576941432,0.3564181276935365,-1,0.008692058125067802,1.1995808753761752,NO_EVIDENCE,,,,
distance_low_252d,MARKET_TREND_RISK,1,530437,107931,2012,500,0.9613224567667791,0.9822664480084499,0.00384663950623133,0.0036581884687381105,1.0515148519830706,0.29302219179545974,0.015508640482542073,0.009264444682770923,1.6739956914399277,0.09413144612607496,0.378093150703819,1,0.015508640482542073,1.6739956914399277,NO_EVIDENCE,,,,
growth_shares_252s,FUNDAMENTAL_CHANGE,1,530437,107931,2012,500,0.5627473196628441,0.7521657355162095,0.0033892862341914818,0.0032850154027159813,1.031741352381268,0.302193299883997,0.004577790627557226,0.005934625353422447,0.7713697756703805,0.44048778473210426,0.38373752366221847,1,0.004577790627557226,0.7713697756703805,NO_EVIDENCE,,,,
fund_ocf_age_days,BALANCE_SHEET_OR_FRESHNESS,1,530437,107931,2012,500,0.5638011677164301,0.7441698863162576,-0.0019179824755147664,0.0024243464104409594,-0.7911338360122836,0.42886589614100434,-0.0041504326035314435,0.005076935192823905,-0.8175075012574428,0.4136384642762829,0.5360823701762554,-1,0.0041504326035314435,0.8175075012574428,NO_EVIDENCE,,,,
mom_20d,MARKET_TREND_RISK,1,530437,107931,2012,500,0.9957337063590964,0.9978875392611947,0.002896394087459336,0.00377837682433882,0.766570996519432,0.4433366252335006,0.0033815000114010498,0.007869079456861692,0.42971989670944855,0.6673994082118704,0.5373777275557583,1,0.0033815000114010498,0.42971989670944855,NO_EVIDENCE,,,,
rel_mom_20d,MARKET_TREND_RISK,1,530437,107931,2012,500,0.9957337063590964,0.9978875392611947,0.002896462421260393,0.003778373869453449,0.7665896815233304,0.4433255123266645,0.0033815000114010498,0.007869079456861692,0.42971989670944855,0.6673994082118704,0.5373777275557583,1,0.0033815000114010498,0.42971989670944855,NO_EVIDENCE,,,,
mom_1d,MARKET_TREND_RISK,1,530437,107931,2012,500,0.999786968103658,0.9998702874984944,-0.002692444296421269,0.0036905336009885542,-0.7295542020536177,0.4656627250806271,-0.004245707329988464,0.007373363459087079,-0.5758169054796791,0.5647389455152527,0.5560151941261219,-1,0.004245707329988464,0.5758169054796791,NO_EVIDENCE,,,,
mom_accel_120_252,MARKET_TREND_RISK,1,530437,107931,2012,500,0.9518547914266916,0.978727149753083,-0.0027512506540598885,0.0038883648957399987,-0.707559791282473,0.47921866992005846,-0.00826455596494418,0.006393591445412156,-1.292631228552236,0.1961386334859001,0.5637866704941864,-1,0.00826455596494418,1.292631228552236,NO_EVIDENCE,,,,
distance_low_120d,MARKET_TREND_RISK,1,530437,107931,2012,500,0.9809647517047265,0.9905495177474498,-0.002377300259811352,0.0034550455116551916,-0.6880662647689612,0.4914110533742221,0.002712038232722845,0.008597547273108855,0.31544324754171166,0.7524251348342268,0.5697519459411271,-1,-0.002712038232722845,-0.31544324754171166,NO_EVIDENCE,,,,
mom_5d,MARKET_TREND_RISK,1,530437,107931,2012,500,0.9989216438521445,0.99936996784983,-0.0022565234733331555,0.003819512590202158,-0.5907883322918234,0.5546622536742817,-0.0016847779461133196,0.006907928545842088,-0.24389047091799967,0.8073156494819377,0.6162913929714241,-1,0.0016847779461133196,0.24389047091799967,NO_EVIDENCE,,,,
mom_accel_20_60,MARKET_TREND_RISK,1,530437,107931,2012,500,0.9876648876303877,0.9941073463601745,-0.002173416732583088,0.003614464818357507,-0.6013108003000944,0.5476329973685767,-0.0038695419073161252,0.007256734621322799,-0.5332345895557585,0.5938712003444782,0.6162913929714241,-1,0.0038695419073161252,0.5332345895557585,NO_EVIDENCE,,,,
quality_ocf_margin_reported,QUALITY,1,530437,107931,2012,500,0.34086423081346134,0.7160593342042602,0.002059821737891769,0.003367160352715252,0.6117385339937091,0.5407107626373022,0.012149074407740755,0.00486099441690059,2.499298161195401,0.012443956330214943,0.6162913929714241,1,0.012149074407740755,2.499298161195401,NO_EVIDENCE,,,,
fund_revenue_age_days,BALANCE_SHEET_OR_FRESHNESS,1,530437,107931,2012,500,0.34520781921321475,0.7160593342042602,-0.0018104363810580826,0.0034144824793164263,-0.5302227766652734,0.5959574809514478,0.0015269841607109386,0.004427787291786893,0.344863937692613,0.7301966628410507,0.6531040887139155,-1,-0.0015269841607109386,-0.344863937692613,NO_EVIDENCE,,,,
mom_10d,MARKET_TREND_RISK,1,530437,107931,2012,500,0.9978564843704342,0.9988325874864497,0.0015402996650936667,0.003844828399224228,0.40061597167885393,0.6887028847420433,0.0021752316404007876,0.007607422089678273,0.2859354476139999,0.7749275633907129,0.7445436591805874,1,0.0021752316404007876,0.2859354476139999,NO_EVIDENCE,,,,
fund_net_income_age_days,BALANCE_SHEET_OR_FRESHNESS,1,530437,107931,2012,500,0.5700620431832621,0.7441698863162576,0.000926616685727474,0.0024449696510889453,0.37898903379629917,0.7046960072478237,-0.0013793437261251818,0.00474352734553217,-0.2907843943230046,0.7712162213951256,0.7516757410643453,1,-0.0013793437261251818,-0.2907843943230046,NO_EVIDENCE,,,,
fund_latest_update_age_days,BALANCE_SHEET_OR_FRESHNESS,1,530437,107931,2012,500,0.599296429170665,0.8113053710240802,-0.0006002234631750906,0.0024209815613262732,-0.24792566484739084,0.804191922034662,-0.004491337545156626,0.005028709716289454,-0.8931391546837307,0.37178265709169356,0.8465178126680654,-1,0.004491337545156626,0.8931391546837307,NO_EVIDENCE,,,,
value_sales_yield_reported,VALUATION,1,530437,107931,2012,500,0.3302673078989588,0.668464111330387,0.0009032813495697471,0.004199797207551064,0.2150773727706862,0.8297069949991832,-0.002405004006841521,0.007148995317301926,-0.33641146763950935,0.736560602993293,0.8620332415575929,1,-0.002405004006841521,-0.33641146763950935,NO_EVIDENCE,,,,
fund_debt_assets,BALANCE_SHEET_OR_FRESHNESS,1,530437,107931,2012,500,0.4550116224923978,0.6702708211727864,-0.0005623718272797273,0.0028332421059316937,-0.19849056531467682,0.8426612656925989,-0.007271421566471772,0.005733635961829924,-1.2682042625097278,0.2047250152369018,0.864267964812922,-1,0.007271421566471772,1.2682042625097278,NO_EVIDENCE,,,,
trend_sma_20d,MARKET_TREND_RISK,1,530437,107931,2012,500,0.9967913248887238,0.9983507981951432,0.0005128329502433691,0.0038386359414283484,0.13359770451493896,0.8937206994487954,0.001508333214957163,0.00767390668323676,0.19655349969944727,0.8441769625104081,0.9050336196949827,1,0.001508333214957163,0.19655349969944727,NO_EVIDENCE,,,,
delta_cash_assets_126s,FUNDAMENTAL_CHANGE,1,530437,107931,2012,500,0.5586431564917229,0.7418628568251939,5.7284999263888224e-05,0.0019394317538265183,0.029537001831007638,0.9764363086125712,0.005023414918174458,0.0037433229689899875,1.3419667391215941,0.17960678038360456,0.9764363086125712,1,0.005023414918174458,1.3419667391215941,NO_EVIDENCE,,,,
liq_amihud_20d,LIQUIDITY,1,530437,107931,0,0,0.0036479355701054036,0.01853035735794165,,,,,,,,,,-1,,,NO_EVIDENCE,,,,
liq_amihud_60d,LIQUIDITY,1,530437,107931,0,0,0.0034066251034524362,0.01853035735794165,,,,,,,,,,-1,,,NO_EVIDENCE,,,,
liq_dollar_volume_trend_20_60,LIQUIDITY,1,530437,107931,0,0,0.0034141660555353417,0.01853035735794165,,,,,,,,,,-1,,,NO_EVIDENCE,,,,
liq_log_dollar_volume_20d,LIQUIDITY,1,530437,107931,0,0,0.003655476522188309,0.01853035735794165,,,,,,,,,,-1,,,NO_EVIDENCE,,,,
liq_log_dollar_volume_60d,LIQUIDITY,1,530437,107931,0,0,0.0034141660555353417,0.01853035735794165,,,,,,,,,,-1,,,NO_EVIDENCE,,,,
fund_update_count_60d,BALANCE_SHEET_OR_FRESHNESS,1,530437,107931,2012,500,1.0,1.0,0.02518229733983707,0.0027811373432691387,9.054675922705808,1.3697391869457894e-19,0.030182953688847804,0.005373508805921725,5.616991574590056,1.9431089394829465e-08,5.478956747783157e-18,1,0.030182953688847804,5.616991574590056,VALIDATED,-0.0014755811766609408,0.0005223979694034086,0.6921797166704423,417.0
skew_60d,MARKET_TREND_RISK,1,530437,107931,2012,500,0.9900063532521298,0.9952747588737249,-0.011954723392442064,0.002177198604629611,-5.4908740833387695,3.9994942270028224e-08,-0.010398643179782206,0.004733503681046577,-2.196817385274129,0.028033490926770776,1.0665317938674194e-06,-1,0.010398643179782206,2.196817385274129,VALIDATED,-0.001337709145908413,-0.00011015706968161367,0.7829529996256601,500.0
fund_update_count_20d,BALANCE_SHEET_OR_FRESHNESS,1,530437,107931,2012,500,1.0,1.0,0.009525018664015315,0.001843435198679359,5.1669940287779355,2.3788886002248045e-07,0.00891404204166049,0.0037318039985067214,2.38866833446436,0.016909559865109093,3.8062217603596873e-06,1,0.00891404204166049,2.38866833446436,VALIDATED,,,0.7043865486783952,0.0
size_log_shares,SIZE,1,530437,107931,2012,500,0.5739399777918961,0.7590775588107217,-0.016701274968894717,0.0032128731093416037,-5.19823671851056,2.0118782231074593e-07,-0.012418822853733701,0.006059293290438173,-2.049549717841046,0.04040839144729053,3.8062217603596873e-06,-1,0.012418822853733701,2.049549717841046,VALIDATED,0.00027156522935908807,0.00020965291560803932,1.1711185959380435,500.0
drawdown_high_252d,MARKET_TREND_RISK,1,530437,107931,2012,500,0.9613224567667791,0.9822664480084499,0.02313545573933187,0.004675523049055812,4.948206969914073,7.490024294830041e-07,0.021445609344047774,0.008560476483533863,2.5051887456613606,0.012238606378394417,9.986699059773388e-06,1,0.021445609344047774,2.5051887456613606,VALIDATED,-0.0026249996465903553,0.0013323479290667582,0.6281341933235628,500.0
mom_252d,MARKET_TREND_RISK,1,530437,107931,2012,500,0.9518547914266916,0.978727149753083,0.022492268541674937,0.004728854996029131,4.75638786990972,1.9708762856383193e-06,0.029218099365372105,0.009404284433753225,3.1068923500978416,0.0018906523324936013,1.7518900316785063e-05,1,0.029218099365372105,3.1068923500978416,VALIDATED,-0.001989385579571333,0.0007343441119046848,1.3057446507436725,500.0
mom_skip_252_20,MARKET_TREND_RISK,1,530437,107931,2012,500,0.9518547914266916,0.978727149753083,0.02263476187484838,0.00470890726885781,4.806797115021264,1.5336748935527048e-06,0.03090865773223853,0.009306660825121063,3.3211329297408305,0.0008965282626693605,1.7518900316785063e-05,1,0.03090865773223853,3.3211329297408305,VALIDATED,-0.0017721775120318425,0.0007201560275544245,1.3115400567162419,500.0
rel_mom_252d,MARKET_TREND_RISK,1,530437,107931,2012,500,0.9518547914266916,0.978727149753083,0.022492410255893477,0.004728858051829378,4.756414764277434,1.9706138622075103e-06,0.029218002213267126,0.009404285669876273,3.1068816110997117,0.001890721013478202,1.7518900316785063e-05,1,0.029218002213267126,3.1068816110997117,VALIDATED,-0.001989385579571333,0.0007343441119046848,1.3057446507436725,500.0
vol_60d,MARKET_TREND_RISK,1,530437,107931,2012,500,0.9900063532521298,0.9952747588737249,-0.020707823534558998,0.004527048662029156,-4.574243636532315,4.779434208097773e-06,-0.020114334762458712,0.010209917449882843,-1.9700780991808626,0.04882942049103023,3.8235473664782184e-05,-1,0.020114334762458712,1.9700780991808626,VALIDATED,-0.0023939298028383977,-6.714206144353674e-05,0.3671305143113102,500.0
vol_20d,MARKET_TREND_RISK,1,530437,107931,2012,500,0.9965782929923818,0.9982581464083535,-0.019870590011997098,0.004409158472211863,-4.506662697026849,6.5855194112774745e-06,-0.019228686057780713,0.009309043686868627,-2.065591988240937,0.03886702157004679,4.789468662747254e-05,-1,0.019228686057780713,2.065591988240937,VALIDATED,-0.0025621679654684775,0.00026314153383710705,0.38057113967932976,500.0
downside_vol_60d,MARKET_TREND_RISK,1,530437,107931,2012,500,0.9900063532521298,0.9952747588737249,-0.020639030715646597,0.0046108507965186415,-4.4761870696900035,7.598790969099416e-06,-0.01952315896755193,0.009718919057749114,-2.0087788417154964,0.04456059308158384,5.065860646066277e-05,-1,0.01952315896755193,2.0087788417154964,VALIDATED,-0.0023863525922852226,7.979080179616347e-05,0.36192772809709106,500.0
worst_day_60d,MARKET_TREND_RISK,1,530437,107931,2012,500,0.9900063532521298,0.9952747588737249,0.01701705443823885,0.0038586385679567257,4.410118786339176,1.033139310896865e-05,0.019829604741555117,0.008113228601662961,2.4441077301199994,0.01452108973233895,6.357780374749939e-05,1,0.019829604741555117,2.4441077301199994,VALIDATED,-0.002223564180242203,0.0005767799717562723,0.39712574674893597,500.0
vol_120d,MARKET_TREND_RISK,1,530437,107931,2012,500,0.9807762279026538,0.9904568659606601,-0.01984634926004539,0.004544643801284113,-4.366975747238475,1.2597870972876983e-05,-0.01705237043557733,0.010411394403993104,-1.6378565419668663,0.10145162334437895,7.19878341307256e-05,-1,0.01705237043557733,1.6378565419668663,VALIDATED,-0.002722137634467109,-0.0005118065649733597,0.354470054839665,500.0
size_log_assets,SIZE,1,530437,107931,2012,500,0.5743698120606218,0.7441698863162576,-0.019099781766872388,0.004415104206166509,-4.326009279734783,1.5183502863633595e-05,-0.01474451021029198,0.00838614988030083,-1.7581977928783528,0.07871386066112947,8.097868193937918e-05,-1,0.01474451021029198,1.7581977928783528,VALIDATED,0.0005480957626002684,0.0006381434202093802,1.4013742656503927,500.0
trend_sma_252d,MARKET_TREND_RISK,1,530437,107931,2012,500,0.9613224567667791,0.9822664480084499,0.020138360676764427,0.004674165841712592,4.308439486046526,1.644104453250196e-05,0.02096691762962643,0.008847385662145024,2.369843299511266,0.017795625701213496,8.220522266250981e-05,1,0.02096691762962643,2.369843299511266,VALIDATED,-0.0024455310171026937,0.00034287879787591764,1.2581725062060012,500.0
downside_vol_20d,MARKET_TREND_RISK,1,530437,107931,2012,500,0.9965782929923818,0.9982581464083535,-0.01906832820973549,0.004497497508937073,-4.23976404030117,2.2375486298162056e-05,-0.020063551715343107,0.008817007112823011,-2.2755512679766,0.02287288087112508,9.421257388699813e-05,-1,0.020063551715343107,2.2755512679766,VALIDATED,-0.002495977612947661,-9.277376225098411e-05,0.41475754333537806,500.0
drawdown_high_120d,MARKET_TREND_RISK,1,530437,107931,2012,500,0.9809647517047265,0.9905495177474498,0.019223555111721625,0.004519701423827109,4.253279876050719,2.1066201260849527e-05,0.01957169191246832,0.00824502147686732,2.3737587545865977,0.017608050772267757,9.421257388699813e-05,1,0.01957169191246832,2.3737587545865977,VALIDATED,-0.0027258193347712255,0.0004057892769939557,0.6561371784311709,500.0
worst_day_20d,MARKET_TREND_RISK,1,530437,107931,2012,500,0.9965782929923818,0.9982581464083535,0.017161989495252904,0.004040710648835398,4.247270093491917,2.1639103294318673e-05,0.020033880390517515,0.007990188592557755,2.507310078910719,0.01216539384405015,9.421257388699813e-05,1,0.020033880390517515,2.507310078910719,VALIDATED,-0.002399010229608102,0.0002104464210665579,0.43861240188545203,500.0
value_fcf_yield_reported,VALUATION,1,530437,107931,2012,500,0.4227306918635012,0.5648979440568511,0.009725029924819092,0.0024741695858087735,3.930623826515153,8.472574427402235e-05,0.013768436325491287,0.0049702143936709246,2.7701896205974585,0.005602366675888413,0.0003389029770960894,1,0.013768436325491287,2.7701896205974585,VALIDATED,0.0005633949563005928,0.0005282859853870188,1.1016526898773742,500.0
vol_10d,MARKET_TREND_RISK,1,530437,107931,2012,500,0.9982825481631183,0.999036421417387,-0.016207450322614943,0.004288164359271615,-3.7795776851631526,0.00015709457616833126,-0.017895768388001294,0.008934332385176541,-2.0030336477847164,0.0451736769976168,0.0005712530042484773,-1,0.017895768388001294,2.0030336477847164,VALIDATED,-0.0024276043012650774,-0.00012053665096731898,0.41750420175423786,500.0
quality_fcf_assets_reported,QUALITY,1,530437,107931,2012,500,0.44460133814194713,0.6171257562702097,0.012937980012880304,0.0035291816960165297,3.6659999759954855,0.00024637394716676476,0.01814069025157134,0.006461298515264395,2.807592035674431,0.004991341480005693,0.0008569528597104861,1,0.01814069025157134,2.807592035674431,VALIDATED,0.00018521322450486234,0.0003148342101692114,1.0500485096982763,500.0
mom_skip_120_20,MARKET_TREND_RISK,1,530437,107931,2012,500,0.9762723942711387,0.988233223077707,0.015540008869052322,0.004308035598626355,3.6072145908003534,0.0003095016840018606,0.02178906961694302,0.007996449194983303,2.7248431254478214,0.006433204552391197,0.001031672280006202,1,0.02178906961694302,2.7248431254478214,VALIDATED,-0.002049158471508919,0.0008485799458316005,1.2858569781963305,500.0
drawdown_high_60d,MARKET_TREND_RISK,1,530437,107931,2012,500,0.9902061884823269,0.9953674106605146,0.015025446477355158,0.004307900538130777,3.4878814736690247,0.0004868638534027798,0.02031900208775839,0.007837361326825132,2.5925820235200887,0.009525846314807148,0.00148310978025462,1,0.02031900208775839,2.5925820235200887,VALIDATED,-0.0026739936840697244,8.830618335421204e-06,0.7002732493925716,499.0
mom_120d,MARKET_TREND_RISK,1,530437,107931,2012,500,0.9762723942711387,0.988233223077707,0.015328855500417193,0.004404218693474728,3.480493719153493,0.0005004905586665285,0.01923942481441253,0.00805547296713828,2.3883668771403457,0.016923438199526724,0.00148310978025462,1,0.01923942481441253,2.3883668771403457,VALIDATED,-0.0022397239783992274,0.0006495731200120264,1.270352148094797,500.0
rel_mom_120d,MARKET_TREND_RISK,1,530437,107931,2012,500,0.9762723942711387,0.988233223077707,0.015328703165420987,0.00440421487778843,3.480462146097257,0.0005005495508359342,0.01923942481441253,0.00805547296713828,2.3883668771403457,0.016923438199526724,0.00148310978025462,1,0.01923942481441253,2.3883668771403457,VALIDATED,-0.0022397239783992274,0.0006495731200120264,1.270352148094797,500.0
fund_cash_assets,BALANCE_SHEET_OR_FRESHNESS,1,530437,107931,2012,500,0.5644610010236842,0.7441698863162576,0.013410219320329425,0.0041616982538494225,3.222294962861724,0.001271681464299191,0.013140552285417289,0.00790397635569188,1.662524240214155,0.09640770719323162,0.003633375612283403,1,0.013140552285417289,1.662524240214155,VALIDATED,0.0007337094353174034,0.0008250284993548298,1.289322105748126,500.0
quality_ocf_assets_reported,QUALITY,1,530437,107931,2012,500,0.5638011677164301,0.7441698863162576,0.010699667848665067,0.0033965720223423017,3.1501371907569604,0.0016319380984450025,0.010328935181534028,0.006326643336085199,1.632609052358145,0.10255124614228257,0.0045018982026069024,1,0.010328935181534028,1.632609052358145,VALIDATED,-4.888011828112189e-05,0.00045555366293689064,1.057687027995563,500.0
growth_revenue_126s,FUNDAMENTAL_CHANGE,1,530437,107931,2012,500,0.31510810897429853,0.7114174796860957,0.01223808261374429,0.0039889975703889914,3.0679594052875996,0.002155258939903561,0.009035347229599132,0.0052619681147383635,1.717104139094235,0.0859601460703457,0.005747357173076163,1,0.009035347229599132,1.717104139094235,VALIDATED,0.000289800486093858,0.0005286497133375609,1.156452155422967,500.0
quality_operating_margin_reported,QUALITY,1,530437,107931,1891,500,0.2805780893866755,0.6048771900566102,0.011687972986213244,0.0038562399025932046,3.030924756095552,0.0024380599669143275,0.008288572886672082,0.004839028196600068,1.7128589770350349,0.0867384868957777,0.006291767656553103,1,0.008288572886672082,1.7128589770350349,VALIDATED,-0.00039309377192648645,-0.00031268346757320597,0.7780987696765144,500.0
delta_operating_margin_126s,FUNDAMENTAL_CHANGE,1,530437,107931,1765,500,0.25442418232513947,0.6002353355384459,0.011843154611647963,0.004099973084344323,2.888593258543781,0.003869692619382449,0.009685816298649893,0.0045980432644355,2.1065082996427646,0.035160222935404085,0.009674231548456123,1,0.009685816298649893,2.1065082996427646,VALIDATED,0.00041525298861458924,0.0005922284577232595,1.1809650591558984,500.0
quality_accruals_assets_reported,QUALITY,1,530437,107931,2012,500,0.5603738049947496,0.7441698863162576,-0.008115566665566844,0.0028426380214958465,-2.8549419954976503,0.004304468970215893,-0.010846820726945382,0.00540295728666862,-2.0075710673688048,0.044688891644373896,0.010435076291432468,-1,0.010846820726945382,2.0075710673688048,VALIDATED,0.0005858424743124224,0.0005213992366982893,1.2399401611234913,500.0
trend_sma_120d,MARKET_TREND_RISK,1,530437,107931,2012,500,0.9809647517047265,0.9905495177474498,0.011725604129364228,0.00430192654635617,2.7256634912318725,0.006417238634009932,0.012928513008587677,0.008279401968808511,1.5615273974248431,0.11839936471252607,0.01509938502119984,1,0.012928513008587677,1.5615273974248431,VALIDATED,-0.0027327929069305246,-0.0003641173367485986,1.2044934808448133,500.0
delta_profit_assets_252s,FUNDAMENTAL_CHANGE,1,530437,107931,2012,500,0.5600118392947702,0.7395280317980932,0.006972446516927539,0.0026405086555727026,2.6405694608167374,0.008276682439188119,0.008210019953394687,0.005441749480858245,1.5087096497687071,0.1313729984377124,0.018918131289572843,1,0.008210019953394687,1.5087096497687071,VALIDATED,0.0003390496480862194,0.0005762976727683179,1.2371572630692853,500.0
growth_revenue_252s,FUNDAMENTAL_CHANGE,1,530437,107931,2012,500,0.2851780701572477,0.70750757428357,0.012811858048719045,0.004918955086596924,2.6045893534642253,0.009198443263187975,0.01836447149262195,0.007374369715201284,2.490310657298078,0.012763148120288463,0.019888525974460485,1,0.01836447149262195,2.490310657298078,VALIDATED,0.000706182675659401,0.0009559086909709555,1.3833417077220298,500.0
growth_assets_252s,FUNDAMENTAL_CHANGE,1,530437,107931,2012,500,0.5659390276319337,0.7395280317980932,0.010290008842251838,0.0042283239954454925,2.433590437567141,0.014949900240846902,0.01723684540847302,0.007131970296252581,2.4168420075347115,0.015655810870643556,0.02917053705531103,1,0.01723684540847302,2.4168420075347115,VALIDATED,0.000985806560288791,0.0013245069101709532,1.459470039123753,500.0
fund_net_debt_assets,BALANCE_SHEET_OR_FRESHNESS,1,530437,107931,2012,500,0.4476365713553165,0.6702708211727864,-0.00680050358638642,0.003227248614695611,-2.1072140384287787,0.03509903060242969,-0.012923215793412652,0.007206499780972688,-1.7932722106692907,0.07292940860729895,0.06530052205103198,-1,0.012923215793412652,1.7932722106692907,VALIDATED,0.0007719899095370444,0.0011540462393939228,1.3716024837334788,500.0
liq_zero_volume_20d,LIQUIDITY,1,530437,107931,1096,338,0.9967913248887238,0.9983507981951432,6.758957563266677e-08,3.08384001944055e-09,21.91734175786733,1.7752556659552043e-106,9.75497269143179e-08,2.831296762947511e-09,34.4540806145535,3.911923724291514e-260,1.4202045327641634e-104,1,9.75497269143179e-08,34.4540806145535,WATCH,,,,0.0
delta_profit_assets_126s,FUNDAMENTAL_CHANGE,1,530437,107931,2012,500,0.5651943586137468,0.7418628568251939,0.00481385234690985,0.002240891132461683,2.1481866196782597,0.031698933218125544,0.008204640415897628,0.004735343607906139,1.7326388738082585,0.08315987529709878,0.06037892041547723,1,0.008204640415897628,1.7326388738082585,WATCH,0.0002283021701325975,0.00046852003662274633,1.1289472439996255,500.0
value_ocf_yield_reported,VALUATION,1,530437,107931,2012,500,0.5398831529474754,0.6919420741028991,0.004838881693251434,0.002490452889766457,1.9429725866869147,0.05201947060546873,0.003382738396951812,0.00564689130162552,0.5990443619798478,0.5491433022268435,0.09046864453124996,1,0.003382738396951812,0.5990443619798478,WATCH,-5.5127741107505235e-05,8.487151853104691e-05,1.1519844433607715,500.0
distance_low_60d,MARKET_TREND_RISK,1,530437,107931,2012,500,0.9902061884823269,0.9953674106605146,-0.00610653174576443,0.0033590608791581795,-1.8179282738378948,0.06907509623353987,-0.0024825206257096336,0.008278608053575552,-0.2998717428876738,0.7642749889037612,0.11512516038923311,-1,0.0024825206257096336,0.2998717428876738,WATCH,-0.0015562639174603113,-0.00020162056012752358,0.8997790925991793,500.0
mom_40d,MARKET_TREND_RISK,1,530437,107931,2012,500,0.9916050350937058,0.9960159731680426,0.006427458766807359,0.0038543928503485822,1.6675671153307778,0.0954016908171841,0.011578709503771097,0.008122794451384557,1.425458882786018,0.15402459753614253,0.15575786255866791,1,0.011578709503771097,1.425458882786018,WATCH,-0.002290705521660624,5.317903670252425e-05,1.212007323066522,500.0
delta_ocf_assets_252s,FUNDAMENTAL_CHANGE,1,530437,107931,2012,500,0.5534700633628499,0.7395280317980932,0.0038441385206872307,0.002375392687648595,1.618317064237724,0.10559428504480572,0.007446680725081136,0.004390944352976307,1.695917808667642,0.08990144654752909,0.16563809418793055,1,0.007446680725081136,1.695917808667642,WATCH,0.00042866484557490403,0.0003654413245958144,1.1822511275618657,500.0
mom_skip_20_5,MARKET_TREND_RISK,1,530437,107931,2012,500,0.9957337063590964,0.9978875392611947,0.005569609052587302,0.003566605857665337,1.5615992556668739,0.11838242494520193,0.004496376533872453,0.007831205388337054,0.5741614873961635,0.5658585280492009,0.18079108167936028,1,0.004496376533872453,0.5741614873961635,WATCH,-0.002132602091972024,5.617982384488723e-06,1.2210041633108495,500.0
quality_operating_income_assets_reported,QUALITY,1,530437,107931,2012,500,0.4725990079877535,0.623722563489637,0.004409797108682351,0.002834565342991765,1.555722509479353,0.1197740916125762,0.0007791137940369624,0.005006996997428316,0.15560500524308868,0.8763443793915161,0.18079108167936028,1,0.0007791137940369624,0.15560500524308868,WATCH,-0.0008172740691817179,-0.0010277672633166321,0.8862729665706688,500.0
size_log_assets,SIZE,5,529549,107087,2008,496,0.5741243964203502,0.7439838635875503,-0.03774915094279206,0.008348059955516025,-4.521907023181968,6.128497965108313e-06,-0.021852469551538772,0.01568301662818674,-1.3933843258358733,0.16350360295893218,8.171330620144416e-05,-1,0.021852469551538772,1.3933843258358733,DISCOVERY_ONLY,0.0029001806107511185,0.0028420003309106365,1.4164017812539773,496.0
drawdown_high_252d,MARKET_TREND_RISK,5,529549,107087,2008,496,0.9612878128369613,0.9823134460765546,0.029849608085154456,0.008573940579849152,3.481433980929178,0.0004987367098170225,0.02321432307390005,0.015536600235070946,1.494170070843304,0.13513117311179113,0.00332491139878015,1,0.02321432307390005,1.494170070843304,DISCOVERY_ONLY,-0.0031963089794084347,-0.0010270876198291735,0.6130293265015919,496.0
vol_60d,MARKET_TREND_RISK,5,529549,107087,2008,496,0.9899971485169455,0.995274869965542,-0.02743055801799802,0.008389072599238268,-3.269796237129803,0.0010762497979183744,-0.022903605241198225,0.01895441957000431,-1.2083517069255747,0.22691200727271954,0.006308679906046942,-1,0.022903605241198225,1.2083517069255747,DISCOVERY_ONLY,-0.002918953640553655,-0.0004659847348101203,0.34019428028247295,496.0
downside_vol_60d,MARKET_TREND_RISK,5,529549,107087,2008,496,0.9899971485169455,0.995274869965542,-0.027299221224335462,0.008621209474327823,-3.166518724040622,0.0015427541373905676,-0.020630409192527007,0.018345015201274892,-1.1245784735623054,0.2607676998435752,0.007247510005159746,-1,0.020630409192527007,1.1245784735623054,DISCOVERY_ONLY,-0.002645476158582368,-0.0002443522808652076,0.33762330561836573,496.0
vol_20d,MARKET_TREND_RISK,5,529549,107087,2008,496,0.9965725551365407,0.9982444180899642,-0.025632182916052654,0.00813626914670864,-3.15036074321873,0.001630689751160943,-0.021520522275138912,0.0175987898895118,-1.2228410254482505,0.22138974677268097,0.007247510005159746,-1,0.021520522275138912,1.2228410254482505,DISCOVERY_ONLY,-0.0034507558644695704,-0.0003823449803605295,0.37972914507464484,496.0
vol_120d,MARKET_TREND_RISK,5,529549,107087,2008,496,0.9807590987802829,0.9904190051079963,-0.025993615099963972,0.008464198125717921,-3.0710074024595486,0.0021333786174895547,-0.016367536917734276,0.01949094713049763,-0.8397507216118743,0.40104816846025426,0.008507826850519056,-1,0.016367536917734276,0.8397507216118743,DISCOVERY_ONLY,-0.004273923221254781,-0.0014854899736641688,0.3407528709640606,496.0
downside_vol_20d,MARKET_TREND_RISK,5,529549,107087,2008,496,0.9965725551365407,0.9982444180899642,-0.024531559329891057,0.008463560856393505,-2.8984915151120507,0.003749624542601527,-0.02312878713311109,0.016835347395168846,-1.373822980317486,0.16949664503410644,0.013042172322092267,-1,0.02312878713311109,1.373822980317486,DISCOVERY_ONLY,-0.0026352995084441663,-0.00046571149799839556,0.4287441934266538,496.0
distance_low_20d,MARKET_TREND_RISK,5,529549,107087,2008,496,0.9967859442657809,0.9983378001064555,-0.015594824252854593,0.0054809948446441735,-2.8452543187653756,0.004437597714972614,-0.013445119695860536,0.013542493906034623,-0.9928097283373561,0.32080268813041535,0.014791992383242046,-1,0.013445119695860536,0.9928097283373561,DISCOVERY_ONLY,-0.0005614021493026763,0.001743969924604005,0.9229839999802669,484.0
drawdown_high_120d,MARKET_TREND_RISK,5,529549,107087,2008,496,0.9809479387176635,0.9905123871244875,0.02273924155387337,0.008275066247654237,2.7479225994498044,0.005997416513428445,0.019917857895368266,0.015049624757951276,1.3234787056630712,0.18567623320491755,0.018453589272087522,1,0.019917857895368266,1.3234787056630712,DISCOVERY_ONLY,-0.003527407293168816,0.0005553019797422244,0.634375379059558,496.0
vol_10d,MARKET_TREND_RISK,5,529549,107087,2008,496,0.998279668170462,0.9990288270284908,-0.02154959540981122,0.00784008539936933,-2.74864294355068,0.005984253528628315,-0.023258014403100127,0.016716681496825224,-1.3913057090617662,0.16413274335158046,0.018453589272087522,-1,0.023258014403100127,1.3913057090617662,DISCOVERY_ONLY,-0.002542925487404159,0.0002615300019476465,0.431832641740636,496.0
fund_current_ratio,BALANCE_SHEET_OR_FRESHNESS,5,529549,107087,2008,496,0.5141620511038638,0.6742181590669268,0.01750890626595321,0.00723404797513327,2.420346993293288,0.01550570314800148,0.0012232638062666642,0.017523719465912392,0.06980617377755845,0.9443479332038724,0.0387642578700037,1,0.0012232638062666642,0.06980617377755845,DISCOVERY_ONLY,0.0023897571565823,0.003106161301785001,1.52587638985471,496.0
distance_low_60d,MARKET_TREND_RISK,5,529549,107087,2008,496,0.990197318850569,0.9953682519820333,-0.013538601985039927,0.005864776061096966,-2.308460177166189,0.020973555304086296,-0.01039222274283989,0.013157978407889199,-0.7898039060931252,0.4296422975213098,0.05084498255536071,-1,0.01039222274283989,0.7898039060931252,DISCOVERY_ONLY,0.0005472829438555261,0.0018021571489879457,0.8930216970313413,496.0
quality_operating_margin_reported,QUALITY,5,529549,107087,1887,496,0.2800741763274031,0.6046765713858825,0.013989299789468867,0.006928390850866042,2.0191268204391526,0.043474039877831105,0.012126715774949615,0.008192072330315135,1.4802989141189775,0.1387934929177559,0.09399792406017536,1,0.012126715774949615,1.4802989141189775,DISCOVERY_ONLY,-0.0018988131942471,-0.0011006893051193358,0.7648294047400782,496.0
trend_sma_120d,MARKET_TREND_RISK,5,529549,107087,2008,496,0.9809479387176635,0.9905123871244875,0.01210592016375786,0.007778099525143523,1.5564110647625686,0.11961037575285197,0.009483217642842219,0.014226608421800634,0.6665831631599759,0.5050384266361166,0.22253093163321294,1,0.009483217642842219,0.6665831631599759,NO_EVIDENCE,,,,
delta_profit_assets_252s,FUNDAMENTAL_CHANGE,5,529549,107087,2008,496,0.5597499003869331,0.7393427773679345,0.007312700889911878,0.0048023732257979545,1.5227264825292315,0.12782714956547528,0.012995949632919323,0.009502774576442804,1.367595277397828,0.17143879552903007,0.23241299920995503,1,0.012995949632919323,1.367595277397828,NO_EVIDENCE,,,,
mom_5d,MARKET_TREND_RISK,5,529549,107087,2008,496,0.9989198355581825,0.9993650022878594,-0.008588838559280304,0.006016483004809568,-1.4275513705289948,0.15342102915440053,0.00015597131779694404,0.012266132404752527,0.01271560689631173,0.9898546869705588,0.26889682316322777,-1,-0.00015597131779694404,-0.01271560689631173,NO_EVIDENCE,,,,
quality_ocf_assets_reported,QUALITY,5,529549,107087,2008,496,0.5635380295307894,0.7439838635875503,0.009141053164157312,0.006421913802324702,1.4234157364193047,0.15461567331885598,0.011762663732787745,0.012650486143388666,0.9298191073024564,0.35246475156947976,0.26889682316322777,1,0.011762663732787745,0.9298191073024564,NO_EVIDENCE,,,,
distance_low_120d,MARKET_TREND_RISK,5,529549,107087,2008,496,0.9809479387176635,0.9905123871244875,-0.00853427670947234,0.0062024344424494,-1.3759559715881615,0.1688352648057062,-0.0010477103996923034,0.014180523745997525,-0.07388375905283621,0.941102878923301,0.2873791741373723,-1,0.0010477103996923034,0.07388375905283621,NO_EVIDENCE,,,,
mom_accel_20_60,MARKET_TREND_RISK,5,529549,107087,2008,496,0.9876593100921728,0.9940982565577521,-0.008408068154265882,0.006336252006642648,-1.3269781797585123,0.18451590080084201,-0.0022550406759253975,0.013432112610219897,-0.1678842890439764,0.8666743102226697,0.3075265013347367,-1,0.0022550406759253975,0.1678842890439764,NO_EVIDENCE,,,,
fund_equity_assets,BALANCE_SHEET_OR_FRESHNESS,5,529549,107087,2008,496,0.5656662556250697,0.7418454154099003,0.0077278160320914495,0.005889839366117533,1.312058878302733,0.18950026932840403,0.004307051899077645,0.014556362795048896,0.29588791923643293,0.7673156772588057,0.3093881948218841,1,0.004307051899077645,0.29588791923643293,NO_EVIDENCE,,,,
quality_profit_assets_reported,QUALITY,5,529549,107087,2008,496,0.5698094038512017,0.7439838635875503,0.0075702461584892375,0.00644854782806789,1.1739458805809044,0.24041670357314915,-0.00538124433355725,0.010846215782864188,-0.4961402613858205,0.6197954551159404,0.3846667257170387,1,-0.00538124433355725,-0.4961402613858205,NO_EVIDENCE,,,,
drawdown_high_20d,MARKET_TREND_RISK,5,529549,107087,2008,496,0.9967859442657809,0.9983378001064555,0.008437238527090132,0.007367447502623145,1.1452051099225466,0.2521242021161759,0.007468460750319195,0.012808893182664502,0.5830683919221824,0.5598472607602374,0.3954889444959623,1,0.007468460750319195,0.5830683919221824,NO_EVIDENCE,,,,
mom_skip_60_5,MARKET_TREND_RISK,5,529549,107087,2008,496,0.9876593100921728,0.9940982565577521,0.007739686682337447,0.007077470795618137,1.0935667423918312,0.2741450420681333,-0.0012228246805240696,0.012955492875249998,-0.09438658122070659,0.9248020748508999,0.4217616031817435,1,-0.0012228246805240696,-0.09438658122070659,NO_EVIDENCE,,,,
mom_accel_120_252,MARKET_TREND_RISK,5,529549,107087,2008,496,0.9518193783766942,0.9787462530465882,-0.0074437799115583455,0.007093203773257753,-1.0494242305038954,0.29398291102066076,-0.01965726658868155,0.01106413053285539,-1.776666185409553,0.07562317899471944,0.44255030435500714,-1,0.01965726658868155,1.776666185409553,NO_EVIDENCE,,,,
quality_ocf_margin_reported,QUALITY,5,529549,107087,2008,496,0.3402801251631105,0.7158385238170833,-0.0062052445583829436,0.005971294693160371,-1.0391790854821723,0.2987214554396298,0.017327254080973308,0.009234784033447602,1.8763031185369867,0.06061366907417566,0.44255030435500714,-1,-0.017327254080973308,-1.8763031185369867,NO_EVIDENCE,,,,
value_earnings_yield_reported,VALUATION,5,529549,107087,2008,496,0.5444935218459481,0.6917553017639863,0.005006042112715881,0.005270457342639773,0.9498306858904475,0.34219829110178324,-0.0016604214461452848,0.0101962049236799,-0.1628470061727657,0.8706388966514088,0.4888547015739761,1,-0.0016604214461452848,-0.1628470061727657,NO_EVIDENCE,,,,
value_ocf_yield_reported,VALUATION,5,529549,107087,2008,496,0.5396629962477505,0.6917553017639863,0.004764473612164298,0.004988112283702576,0.9551656701335771,0.3394939235467338,0.0035461844268301354,0.01008481611409137,0.35163600275022394,0.7251112611664705,0.4888547015739761,1,0.0035461844268301354,0.35163600275022394,NO_EVIDENCE,,,,
value_sales_yield_reported,VALUATION,5,529549,107087,2008,496,0.32974096825789495,0.668241710011486,0.007593409912413571,0.008144244899648316,0.9323651248185658,0.35114786179207147,0.0008773654001425303,0.012844436304268738,0.0683070381104187,0.9455412216151668,0.492839104269574,1,0.0008773654001425303,0.0683070381104187,NO_EVIDENCE,,,,
fund_net_income_age_days,BALANCE_SHEET_OR_FRESHNESS,5,529549,107087,2008,496,0.5698094038512017,0.7439838635875503,0.004072576612140321,0.004449514287446749,0.9152856579492579,0.3600416863263072,-0.005577213452216411,0.009089722966763471,-0.6135735349261431,0.5394971763605791,0.4966092225190444,1,-0.005577213452216411,-0.6135735349261431,NO_EVIDENCE,,,,
fund_ocf_age_days,BALANCE_SHEET_OR_FRESHNESS,5,529549,107087,2008,496,0.5635380295307894,0.7439838635875503,-0.00406674403186857,0.004561493450777085,-0.8915378429789852,0.37264069906237385,-0.010499718172999589,0.009712354372759037,-1.0810682734609571,0.2796667449365382,0.5052755241523713,-1,0.010499718172999589,1.0810682734609571,NO_EVIDENCE,,,,
value_eps_yield_reported,VALUATION,5,529549,107087,2008,496,0.5445445086290409,0.7110760409760288,0.004445121149893035,0.005330043485323695,0.8339746499503619,0.4042952690166175,-0.00665735594669013,0.012003514214042083,-0.554617241915884,0.5791564930781405,0.5390603586888233,1,-0.00665735594669013,-0.554617241915884,NO_EVIDENCE,,,,
delta_ocf_assets_126s,FUNDAMENTAL_CHANGE,5,529549,107087,2008,496,0.558431797624016,0.7416960041835143,0.00326785565937146,0.004500663739137917,0.7260830510295807,0.4677878587016018,0.00030783988742956827,0.007761166623864136,0.03966412555594647,0.9683609028158711,0.6035972370343249,1,0.00030783988742956827,0.03966412555594647,NO_EVIDENCE,,,,
trend_sma_20d,MARKET_TREND_RISK,5,529549,107087,2008,496,0.9967859442657809,0.9983378001064555,-0.004731249741753133,0.0064682429637599945,-0.7314582597254284,0.46449929090704734,-0.007112066902365199,0.013476595768663304,-0.5277346760598592,0.5976835020653466,0.6035972370343249,-1,0.007112066902365199,0.5277346760598592,NO_EVIDENCE,,,,
mom_10d,MARKET_TREND_RISK,5,529549,107087,2008,496,0.9978528899119817,0.99882338659221,-0.004305623818259836,0.006350930776222513,-0.6779516215764503,0.49780236787795673,-0.00669488104283138,0.013152958257458365,-0.5090019227450264,0.610750876384873,0.6321299909561355,-1,0.00669488104283138,0.5090019227450264,NO_EVIDENCE,,,,
mom_60d,MARKET_TREND_RISK,5,529549,107087,2008,496,0.9876593100921728,0.9940982565577521,0.004316375380157047,0.007188071606942093,0.6004914274905637,0.5481787723322356,0.0011837418313130862,0.012848531535560266,0.09213051530728633,0.9265943438400881,0.6746815659473668,1,0.0011837418313130862,0.09213051530728633,NO_EVIDENCE,,,,
rel_mom_60d,MARKET_TREND_RISK,5,529549,107087,2008,496,0.9876593100921728,0.9940982565577521,0.00431660018954186,0.007188071149038844,0.6005227410859805,0.548157909762538,0.0011838162442228666,0.012848534994311734,0.09213628205448811,0.9265897621289279,0.6746815659473668,1,0.0011838162442228666,0.09213628205448811,NO_EVIDENCE,,,,
delta_cash_assets_126s,FUNDAMENTAL_CHANGE,5,529549,107087,2008,496,0.5583789224415493,0.7416960041835143,0.0020837953391945334,0.003663454002916066,0.5688061969758204,0.5694876687098199,0.011202106544918804,0.006765605523078098,1.6557433782840865,0.09777379867435608,0.6860074340105373,1,0.011202106544918804,1.6557433782840865,NO_EVIDENCE,,,,
distance_low_252d,MARKET_TREND_RISK,5,529549,107087,2008,496,0.9612878128369613,0.9823134460765546,0.003604826357168713,0.006421243511412992,0.5613906949271688,0.574531225983825,0.02562323455036002,0.015214497277880153,1.6841328426679454,0.09215599844793602,0.6860074340105373,1,0.02562323455036002,1.6841328426679454,NO_EVIDENCE,,,,
mom_40d,MARKET_TREND_RISK,5,529549,107087,2008,496,0.9915985111859337,0.9960219260974722,0.0036552397060574567,0.006761891336972737,0.5405646917263075,0.5888076600764629,0.007995912918281672,0.013341188814384886,0.5993403608575144,0.5489459384587211,0.6927148942076035,1,0.007995912918281672,0.5993403608575144,NO_EVIDENCE,,,,
fund_revenue_age_days,BALANCE_SHEET_OR_FRESHNESS,5,529549,107087,2008,496,0.3446309973203613,0.7158385238170833,-0.0032272226622096904,0.006572340217726654,-0.4910309806399483,0.6234045358011993,0.0015329784468313171,0.007469423805134875,0.20523382885002014,0.8373894403447564,0.7026300207905205,-1,-0.0015329784468313171,-0.20523382885002014,NO_EVIDENCE,,,,
mom_20d,MARKET_TREND_RISK,5,529549,107087,2008,496,0.9957265522170753,0.9978708900239992,-0.003082139142764574,0.006442292251497346,-0.4784227449551376,0.6323493481684092,-0.0014238902129627606,0.013762371711719883,-0.10346256029040339,0.9175958625457021,0.7026300207905205,-1,0.0014238902129627606,0.10346256029040339,NO_EVIDENCE,,,,
rel_mom_20d,MARKET_TREND_RISK,5,529549,107087,2008,496,0.9957265522170753,0.9978708900239992,-0.0030819819964522017,0.006442298162812503,-0.4783979130681381,0.6323670187114685,-0.0014238902129627606,0.013762371711719883,-0.10346256029040339,0.9175958625457021,0.7026300207905205,-1,0.0014238902129627606,0.10346256029040339,NO_EVIDENCE,,,,
value_book_to_market_snapshot,VALUATION,5,529549,107087,2008,496,0.540497668770973,0.6896168535863364,-0.0038926836420719235,0.007851137811239738,-0.49581140156515063,0.6200274799047396,0.00030576452400673723,0.013756382742819633,0.02222710211856645,0.9822667985640597,0.7026300207905205,-1,-0.00030576452400673723,-0.02222710211856645,NO_EVIDENCE,,,,
delta_operating_margin_252s,FUNDAMENTAL_CHANGE,5,529549,107087,1635,496,0.22787881763538406,0.5953570461400544,0.0037014757814275295,0.008234904475100694,0.44948618318760386,0.6530809730239614,0.021956323268340225,0.009519281512510731,2.306510553289562,0.021082121135057717,0.71570517591667,1,0.021956323268340225,2.306510553289562,NO_EVIDENCE,,,,
fund_debt_assets,BALANCE_SHEET_OR_FRESHNESS,5,529549,107087,2008,496,0.4547095736183054,0.6700626593330656,-0.002297503472581842,0.005381047502125872,-0.4269621243213659,0.6694069151562303,-0.02063518814589447,0.010717414107080056,-1.925388712213948,0.05418074668780956,0.723683151520249,-1,0.02063518814589447,1.925388712213948,NO_EVIDENCE,,,,
mom_skip_20_5,MARKET_TREND_RISK,5,529549,107087,2008,496,0.9957265522170753,0.9978708900239992,0.0021707961345606925,0.006017089580996421,0.36077178265995036,0.7182700583496218,0.00011440215180231714,0.01456053394513844,0.007857002513325717,0.9937310834997971,0.7661547289062631,1,0.00011440215180231714,0.007857002513325717,NO_EVIDENCE,,,,
delta_ocf_assets_252s,FUNDAMENTAL_CHANGE,5,529549,107087,2008,496,0.5531971545598235,0.7393427773679345,-0.0003533173445948188,0.004397166403935263,-0.08035114256276858,0.9359579837858695,0.012857372459450185,0.00791145761440523,1.6251584835693746,0.10412879404857048,0.9631792861382888,-1,-0.012857372459450185,-1.6251584835693746,NO_EVIDENCE,,,,
quality_profit_margin_reported,QUALITY,5,529549,107087,2008,496,0.3426708387703499,0.7158385238170833,0.0006828419524019861,0.006671241399083364,0.10235605512578352,0.9184740633386776,0.006541589670896348,0.007951765989204666,0.8226587250904043,0.41070209331213436,0.9631792861382888,1,0.006541589670896348,0.8226587250904043,NO_EVIDENCE,,,,
trend_sma_60d,MARKET_TREND_RISK,5,529549,107087,2008,496,0.990197318850569,0.9953682519820333,0.0005278571578174029,0.006909003971992045,0.07640133946329285,0.9390998039848317,0.007685872635636684,0.013511374520591013,0.5688446148779014,0.5694615943870781,0.9631792861382888,1,0.007685872635636684,0.5688446148779014,NO_EVIDENCE,,,,
fund_latest_update_age_days,BALANCE_SHEET_OR_FRESHNESS,5,529549,107087,2008,496,0.5989946161733852,0.8110881806381727,0.00019026201333089497,0.004375385118428533,0.04348463236516872,0.9653152145347113,-0.01029346370077194,0.009644829542962896,-1.0672520084382728,0.28585805303912637,0.9775343944655304,1,-0.01029346370077194,-1.0672520084382728,NO_EVIDENCE,,,,
quality_operating_income_assets_reported,QUALITY,5,529549,107087,2008,496,0.4723793265590153,0.6235584151204161,1.681445614986468e-05,0.005367407057616693,0.0031326962850719317,0.9975004740887593,-0.003054913039969255,0.00839254675697982,-0.3640031004210467,0.7158556941763656,0.9975004740887593,1,-0.003054913039969255,-0.3640031004210467,NO_EVIDENCE,,,,
liq_amihud_20d,LIQUIDITY,5,529549,107087,0,0,0.003623838398335187,0.0185269920718668,,,,,,,,,,-1,,,NO_EVIDENCE,,,,
liq_amihud_60d,LIQUIDITY,5,529549,107087,0,0,0.003382123278487921,0.0185269920718668,,,,,,,,,,-1,,,NO_EVIDENCE,,,,
liq_dollar_volume_trend_20_60,LIQUIDITY,5,529549,107087,0,0,0.003389676875983148,0.0185269920718668,,,,,,,,,,-1,,,NO_EVIDENCE,,,,
liq_log_dollar_volume_20d,LIQUIDITY,5,529549,107087,0,0,0.003631391995830414,0.0185269920718668,,,,,,,,,,-1,,,NO_EVIDENCE,,,,
liq_log_dollar_volume_60d,LIQUIDITY,5,529549,107087,0,0,0.003389676875983148,0.0185269920718668,,,,,,,,,,-1,,,NO_EVIDENCE,,,,
fund_update_count_60d,BALANCE_SHEET_OR_FRESHNESS,5,529549,107087,2008,496,1.0,1.0,0.045273506857787846,0.005007925945332923,9.040370674805995,1.5614143910222958e-19,0.04784797899985942,0.009238719712039269,5.179070313985951,2.2299441332749537e-07,6.245657564089184e-18,1,0.04784797899985942,5.179070313985951,VALIDATED,-0.0004595821659436393,0.002003038553623337,0.6876895800767886,413.0
size_log_shares,SIZE,5,529549,107087,2008,496,0.5736787341681318,0.7588596188146087,-0.03113862033957848,0.0060748597991586595,-5.125817116617413,2.9625006913349754e-07,-0.01821975520202557,0.01090479901622171,-1.6708015594714138,0.09476088042360661,7.900001843559934e-06,-1,0.01821975520202557,1.6708015594714138,VALIDATED,0.0013172652085628256,0.0013846802027111516,1.1874172563869096,496.0
size_log_market_cap,SIZE,5,529549,107087,2008,496,0.5736787341681318,0.7588596188146087,-0.03348331965710141,0.006737406273676322,-4.969764074926561,6.703441646323969e-07,-0.020839273890516197,0.010328465652342553,-2.01765437306651,0.04362726983778747,1.3406883292647937e-05,-1,0.020839273890516197,2.01765437306651,VALIDATED,0.0035326296270435913,0.003423659625306375,1.6838525729630514,496.0
fund_update_count_20d,BALANCE_SHEET_OR_FRESHNESS,5,529549,107087,2008,496,1.0,1.0,0.01538399868051539,0.0032510557848591127,4.73200083251788,2.223175012031472e-06,0.01953878074783986,0.006429068487813478,3.039130907514253,0.0023726173263504706,3.557080019250355e-05,1,0.01953878074783986,3.039130907514253,VALIDATED,,,0.6724895741059386,0.0
skew_60d,MARKET_TREND_RISK,5,529549,107087,2008,496,0.9899971485169455,0.995274869965542,-0.01769987059506677,0.004107216153257837,-4.309456803491401,1.6365601931719475e-05,-0.018523162358147875,0.008206634711571077,-2.257095997221717,0.024002076954107807,0.00018703545064822257,-1,0.018523162358147875,2.257095997221717,VALIDATED,-0.0008807227681714647,0.0004924506559565965,0.8122769481815657,496.0
mom_skip_252_20,MARKET_TREND_RISK,5,529549,107087,2008,496,0.9518193783766942,0.9787462530465882,0.03383964921191617,0.008359482119288728,4.048055696397069,5.164485856076231e-05,0.04767319951117039,0.016761787434721582,2.844159651638146,0.0044528729927238555,0.0005164485856076231,1,0.04767319951117039,2.844159651638146,VALIDATED,0.0008302294013717407,0.0037182247662595003,1.3751093487859916,496.0
fund_cash_assets,BALANCE_SHEET_OR_FRESHNESS,5,529549,107087,2008,496,0.5641989693116217,0.7439838635875503,0.028894401561188044,0.007765092361316986,3.721063474419183,0.00019838556127624695,0.0289280945300481,0.015153053166839283,1.9090604521439887,0.0562542937038167,0.0014428040820090686,1,0.0289280945300481,1.9090604521439887,VALIDATED,0.003770296765297254,0.004538610906841895,1.2947621360881922,496.0
mom_252d,MARKET_TREND_RISK,5,529549,107087,2008,496,0.9518193783766942,0.9787462530465882,0.031658558858717385,0.008455637873247815,3.744076949993285,0.00018105816194058827,0.04349526569832133,0.01644317618678091,2.6451863803106535,0.008164593226419034,0.0014428040820090686,1,0.04349526569832133,2.6451863803106535,VALIDATED,-0.0003148985863544111,0.0038118499333272987,1.347281575233049,496.0
rel_mom_252d,MARKET_TREND_RISK,5,529549,107087,2008,496,0.9518193783766942,0.9787462530465882,0.03165844481147712,0.008455644929013706,3.744060338064582,0.00018107013980069722,0.04349550257588944,0.01644319513671979,2.6451977376804545,0.008164319176502541,0.0014428040820090686,1,0.04349550257588944,2.6451977376804545,VALIDATED,-0.0003148985863544111,0.0038118499333272987,1.347281575233049,496.0
growth_revenue_252s,FUNDAMENTAL_CHANGE,5,529549,107087,2008,496,0.2845081380571014,0.7072940693081327,0.028504868163820325,0.00874182489692185,3.2607457252841328,0.001111196388952584,0.033806671820353386,0.012067872647174667,2.8013779071714193,0.005088489178469952,0.006308679906046942,1,0.033806671820353386,2.8013779071714193,VALIDATED,0.003923802018507089,0.0035274391571630446,1.4191510255175652,496.0
worst_day_60d,MARKET_TREND_RISK,5,529549,107087,2008,496,0.9899971485169455,0.995274869965542,0.02354487606337678,0.007260266065056776,3.24297702761843,0.0011828774823838015,0.02438809890279517,0.015271920899528968,1.5969241239029317,0.11028262164282154,0.006308679906046942,1,0.02438809890279517,1.5969241239029317,VALIDATED,-0.0017715301797547082,-0.0003054877862990941,0.3709416454937245,496.0
trend_sma_252d,MARKET_TREND_RISK,5,529549,107087,2008,496,0.9612878128369613,0.9823134460765546,0.0266181879057285,0.00836905334283443,3.1805494379503445,0.0014699605527672317,0.02494589919478385,0.015166906299343252,1.6447585751791742,0.10001960798355758,0.007247510005159746,1,0.02494589919478385,1.6447585751791742,VALIDATED,-0.0019899803172021948,0.0020206017410005052,1.2230343957004715,496.0
mom_skip_120_20,MARKET_TREND_RISK,5,529549,107087,2008,496,0.9762552662737537,0.9881778367122059,0.023184107935379377,0.007583163057597696,3.05731365121456,0.002233304548261252,0.0291336520004802,0.014134928215006686,2.0611107150547645,0.0392924788107895,0.008507826850519056,1,0.0291336520004802,2.0611107150547645,VALIDATED,0.0005622930932572026,0.004110078564966953,1.3162796533492884,496.0
worst_day_20d,MARKET_TREND_RISK,5,529549,107087,2008,496,0.9965725551365407,0.9982444180899642,0.023284473186096725,0.007610347931162938,3.059580638981196,0.002216471094178966,0.02378580510324821,0.015216893974308409,1.5631182778435078,0.11802477724298996,0.008507826850519056,1,0.02378580510324821,1.5631182778435078,VALIDATED,-0.002682030241021051,0.0003193064085565498,0.4641741145337153,496.0
growth_revenue_126s,FUNDAMENTAL_CHANGE,5,529549,107087,2008,496,0.31448836651565765,0.7111974375974675,0.021188091008755194,0.007194774390102453,2.9449277850745057,0.003230300487077954,0.014715624828619994,0.008723989420046282,1.686799939808034,0.09164182705382261,0.011746547225738015,1,0.014715624828619994,1.686799939808034,VALIDATED,0.002073264015283958,0.002171531498070134,1.2041458997341667,496.0
delta_operating_margin_126s,FUNDAMENTAL_CHANGE,5,529549,107087,1761,496,0.2538839654120771,0.6000354851662667,0.019709904109158485,0.007674486570792478,2.5682374875956313,0.010221710025431312,0.02055561506594709,0.008522784891696306,2.411842528839874,0.015872135092097943,0.030286548223500184,1,0.02055561506594709,2.411842528839874,VALIDATED,0.0023663057605367533,0.002776590088750096,1.2085599528676705,496.0
growth_assets_252s,FUNDAMENTAL_CHANGE,5,529549,107087,2008,496,0.5656870280181815,0.7393427773679345,0.020431626563297407,0.008085587046932997,2.526919374524262,0.01150679154574167,0.03776394039519872,0.013122086929276413,2.8778913444739023,0.004003430042786512,0.03068477745531112,1,0.03776394039519872,2.8778913444739023,VALIDATED,0.005511527876023529,0.00412008675309854,1.5631582467859608,496.0
mom_120d,MARKET_TREND_RISK,5,529549,107087,2008,496,0.9762552662737537,0.9881778367122059,0.020058636820013298,0.007910431290928098,2.535719745523496,0.01122164994595302,0.025831290035988403,0.014199191285510216,1.8192085391756319,0.06887962056562413,0.03068477745531112,1,0.025831290035988403,1.8192085391756319,VALIDATED,-0.0004330071348785327,0.0022333901258737897,1.277206473390022,496.0
rel_mom_120d,MARKET_TREND_RISK,5,529549,107087,2008,496,0.9762552662737537,0.9881778367122059,0.020058579177843677,0.007910424207607045,2.5357147292498396,0.0112218106750517,0.025831290035988403,0.014199191285510216,1.8192085391756319,0.06887962056562413,0.03068477745531112,1,0.025831290035988403,1.8192085391756319,VALIDATED,-0.0004330071348785327,0.0022333901258737897,1.277206473390022,496.0
fund_net_debt_assets,BALANCE_SHEET_OR_FRESHNESS,5,529549,107087,2008,496,0.4473221552679733,0.6700626593330656,-0.014914122571498087,0.00605695430575421,-2.462313865787202,0.013804380458049792,-0.03083033254295267,0.01380574755744012,-2.2331519835981464,0.025538923528051646,0.03562420763367688,-1,0.03083033254295267,2.2331519835981464,VALIDATED,0.004108468466331693,0.003476011456238927,1.435069896577058,496.0
mom_accel_60_120,MARKET_TREND_RISK,5,529549,107087,2008,496,0.9762552662737537,0.9881778367122059,-0.0143040846931011,0.006312494140344174,-2.265995718187107,0.023451645410097442,-0.02457593019195,0.011758991150845872,-2.0899692734424886,0.03662055994461609,0.05518034214140575,-1,0.02457593019195,2.0899692734424886,VALIDATED,0.004674335182849872,0.001794172097321755,1.3676804598759698,496.0
value_fcf_yield_reported,VALUATION,5,529549,107087,2008,496,0.42252558309051663,0.5647184065292706,0.010201503652697147,0.004793402477860153,2.128238490261567,0.0333173150481912,0.018667982492388928,0.00883840964212603,2.1121427098618217,0.03467421063913409,0.07615386296729416,1,0.018667982492388928,2.1121427098618217,VALIDATED,0.0025551692824736945,0.0022543735767996793,1.2027545944989018,496.0
growth_shares_252s,FUNDAMENTAL_CHANGE,5,529549,107087,2008,496,0.5624748606833362,0.7519680259975534,0.013224552965905387,0.0063201658120523585,2.0924376605257065,0.036399382842615506,0.01600632799378711,0.010569506997038042,1.5143873785478037,0.1299276185173688,0.08088751742803446,1,0.01600632799378711,1.5143873785478037,VALIDATED,0.0032108781340643155,0.0038367339419869556,1.585346738620331,496.0
liq_zero_volume_20d,LIQUIDITY,5,529549,107087,1094,337,0.9967859442657809,0.9983378001064555,6.816297506112167e-08,4.942099767714229e-09,13.792310609837756,2.8353090310400395e-43,9.864205693884687e-08,4.675623727005583e-09,21.097090505616958,8.458311300830557e-99,2.2682472248320316e-41,1,9.864205693884687e-08,21.097090505616958,WATCH,,,,0.0
drawdown_high_60d,MARKET_TREND_RISK,5,529549,107087,2008,496,0.990197318850569,0.9953682519820333,0.015321470218595246,0.007858428235914946,1.9496863442198742,0.05121351492574397,0.022900620470748683,0.014184541165919006,1.6144773526951774,0.10642392531209476,0.107817926159461,1,0.022900620470748683,1.6144773526951774,WATCH,-0.0029461497665583605,0.0015172060548323384,0.6876587975439461,495.0
quality_fcf_assets_reported,QUALITY,5,529549,107087,2008,496,0.44434981465360146,0.6169469683528346,0.011934361078675527,0.006722732810557104,1.7752246616040275,0.07586079924007183,0.025630737078017968,0.012494599621571826,2.0513452094748765,0.040233340714897425,0.15561189587707042,1,0.025630737078017968,2.0513452094748765,WATCH,0.0012465023533360902,0.0012391716209143849,1.0853963916201086,496.0
quality_accruals_assets_reported,QUALITY,5,529549,107087,2008,496,0.5601049194692087,0.7439838635875503,-0.00880827049106552,0.005291019836611715,-1.664758546191011,0.09596093733370438,-0.013530705232030966,0.010642270393100187,-1.2714115251951752,0.2035822846002432,0.19192187466740876,-1,0.013530705232030966,1.2714115251951752,WATCH,0.0028448111546807583,0.002115128381753588,1.279752790468345,496.0
delta_profit_assets_126s,FUNDAMENTAL_CHANGE,5,529549,107087,2008,496,0.5649411102655278,0.7416960041835143,0.006754459766031996,0.004117085811262973,1.6405924179559357,0.10088204993403074,0.012282672000508999,0.008274452598823749,1.48440901120819,0.1377004455936,0.19541367935994888,1,0.012282672000508999,1.48440901120819,WATCH,0.0015693347703983783,0.0006324447038501138,1.1446802962352782,496.0
mom_1d,MARKET_TREND_RISK,5,529549,107087,2008,496,0.9997866108707598,0.9998692651769122,-0.0058678571953368714,0.003594587612743223,-1.6324145708772402,0.10259218166397316,-0.007713629135797864,0.006970877295524197,-1.1065506978225779,0.2684882332109916,0.19541367935994888,-1,0.007713629135797864,1.1065506978225779,WATCH,0.001082719520991424,0.0014901118431244042,1.415920398641284,496.0
size_log_assets,SIZE,10,528439,106032,2003,491,0.5738164669905136,0.7437471706654595,-0.04889578479977241,0.011394203432598414,-4.291285923497144,1.7764140699632715e-05,-0.026568698966741893,0.01952422503662461,-1.3608068395494763,0.17357473991722994,0.00020301875085294532,-1,0.026568698966741893,1.3608068395494763,DISCOVERY_ONLY,0.0057757701403847615,0.004751239527836723,1.4175134905291067,491.0
drawdown_high_252d,MARKET_TREND_RISK,10,528439,106032,2003,491,0.9612443441910987,0.9823732458125849,0.03186647053564102,0.011677782303799322,2.7288118331571725,0.006356296189054054,0.031000126326224616,0.02130119152035993,1.4553235811524594,0.14557970132979456,0.03911566885571725,1,0.031000126326224616,1.4553235811524594,DISCOVERY_ONLY,-0.0027665113038870637,0.007346389936139211,0.6159694025017162,491.0
distance_low_20d,MARKET_TREND_RISK,10,528439,106032,2003,491,0.9967791930572876,0.9983212615059605,-0.017420056620151735,0.0067911042266559415,-2.5651287388250963,0.010313752982734936,-0.012507457818784795,0.018746883337608277,-0.6671753162134145,0.5046601560345119,0.04206519177061797,-1,0.012507457818784795,0.6671753162134145,DISCOVERY_ONLY,-0.0014989901749849301,0.004135011140055031,0.9281717471607751,481.0
downside_vol_60d,MARKET_TREND_RISK,10,528439,106032,2003,491,0.9899950609247236,0.9952750113173382,-0.029925211971835692,0.01169054981802284,-2.559777977739013,0.010473905367958208,-0.022711943817700395,0.023953466113399845,-0.9481694093947879,0.34304321760898016,0.04206519177061797,-1,0.022711943817700395,0.9481694093947879,DISCOVERY_ONLY,-0.0018274906069696462,0.005246292246548021,0.3479561902835313,491.0
vol_10d,MARKET_TREND_RISK,10,528439,106032,2003,491,0.9982760545682662,0.9990191640259545,-0.02657122428922082,0.010523016460925788,-2.525057752012976,0.01156792773691994,-0.023296613873473624,0.02184271800202988,-1.0665620400954052,0.286169649534744,0.04206519177061797,-1,0.023296613873473624,1.0665620400954052,DISCOVERY_ONLY,-0.0021212205276951294,0.003709277086666622,0.4227947518834502,491.0
vol_120d,MARKET_TREND_RISK,10,528439,106032,2003,491,0.9807376064219333,0.9903708314471104,-0.029205474817007835,0.011511215921609915,-2.537132047204555,0.011176478869279206,-0.017570356188754896,0.02535319459257901,-0.6930233633712501,0.48829488970526924,0.04206519177061797,-1,0.017570356188754896,0.6930233633712501,DISCOVERY_ONLY,-0.0044082248312253556,0.005366981732548881,0.34726388416028625,491.0
vol_20d,MARKET_TREND_RISK,10,528439,106032,2003,491,0.9965653556985764,0.99822695035461,-0.028883815895925563,0.010961790521326344,-2.6349541929059512,0.008414863840815415,-0.023061093804130333,0.022657705622169382,-1.0178035759086859,0.3087713123133181,0.04206519177061797,-1,0.023061093804130333,1.0178035759086859,DISCOVERY_ONLY,-0.003250292807902348,0.0029540229332990116,0.3924917049288996,491.0
vol_60d,MARKET_TREND_RISK,10,528439,106032,2003,491,0.9899950609247236,0.9952750113173382,-0.030408721334960198,0.011368176096726785,-2.6748988647102077,0.007475179659144163,-0.02617829873503715,0.024505374550740717,-1.068267643933884,0.2853997993533821,0.04206519177061797,-1,0.02617829873503715,1.068267643933884,DISCOVERY_ONLY,-0.0022387168537301356,0.0062629884568804455,0.35192205490188017,491.0
worst_day_60d,MARKET_TREND_RISK,10,528439,106032,2003,491,0.9899950609247236,0.9952750113173382,0.025666267769094468,0.00991877553176428,2.587644784066319,0.00966345752096026,0.028181698451681836,0.019704528360538202,1.4302143109459378,0.15265551930623755,0.04206519177061797,1,0.028181698451681836,1.4302143109459378,DISCOVERY_ONLY,-0.00048632608306518286,0.006164019630242996,0.3773392982355254,491.0
worst_day_20d,MARKET_TREND_RISK,10,528439,106032,2003,491,0.9965653556985764,0.99822695035461,0.025132299803127027,0.010339563789595696,2.4306924658095044,0.015069999759862075,0.02625841373416095,0.019033253522171514,1.3796072071216288,0.1677076171920986,0.05241739046908547,1,0.02625841373416095,1.3796072071216288,DISCOVERY_ONLY,-0.0029397517619905713,0.003994662309571876,0.45281799488027735,491.0
downside_vol_20d,MARKET_TREND_RISK,10,528439,106032,2003,491,0.9965653556985764,0.99822695035461,-0.026538024683435066,0.011494563187939944,-2.3087458174381665,0.02095769026337169,-0.0257904926389716,0.021484553687971964,-1.2004202188016733,0.22997618032679223,0.0698589675445723,-1,0.0257904926389716,1.2004202188016733,DISCOVERY_ONLY,-0.002750171985043439,0.0033545226269949043,0.4360037629405093,491.0
fund_current_ratio,BALANCE_SHEET_OR_FRESHNESS,10,528439,106032,2003,491,0.513870096643132,0.6740417987022785,0.021234578712953093,0.009910763567153542,2.1425774683324272,0.032147042002262205,0.001107153367553647,0.022052042550763772,0.05020638632475797,0.9599579224229076,0.09184869143503487,1,0.001107153367553647,0.05020638632475797,DISCOVERY_ONLY,0.004360170998315185,0.004840171183372169,1.5286702738583495,491.0
quality_accruals_assets_reported,QUALITY,10,528439,106032,2003,491,0.5597675417597868,0.7437471706654595,-0.011446741465727783,0.007225298317272137,-1.5842586649141184,0.11313486807331365,-0.0213391207970133,0.013404013666925257,-1.5919948552177412,0.11138586054972598,0.25141081794069703,-1,0.0213391207970133,1.5919948552177412,NO_EVIDENCE,,,,
quality_fcf_assets_reported,QUALITY,10,528439,106032,2003,491,0.44403422154685784,0.6167194809114229,0.014625759254815887,0.009330968585959179,1.567442770820606,0.1170112332224382,0.03313025946784957,0.015759305635124718,2.1022664471972705,0.035529942009983315,0.252997261021488,1,0.03313025946784957,2.1022664471972705,NO_EVIDENCE,,,,
quality_operating_margin_reported,QUALITY,10,528439,106032,1882,491,0.27944190341742375,0.6044213067753131,0.01410965575621784,0.009527198392213054,1.4809868730927451,0.13861007152714308,0.01427064384592971,0.011698031386911525,1.2199184096818703,0.22249580620819964,0.2918106768992486,1,0.01427064384592971,1.2199184096818703,NO_EVIDENCE,,,,
delta_operating_margin_126s,FUNDAMENTAL_CHANGE,10,528439,106032,1756,491,0.25320614110616363,0.5997811981288668,0.015700743662648117,0.010754650380916596,1.4599027496521906,0.14431680344178194,0.02722497021821717,0.010713951601637154,2.541076460907014,0.01105117489539425,0.29603446859852706,1,0.02722497021821717,2.541076460907014,NO_EVIDENCE,,,,
drawdown_high_60d,MARKET_TREND_RISK,10,528439,106032,2003,491,0.9901937593553845,0.9953693224686887,0.014653270211353906,0.010388730281982866,1.410496741528367,0.15839305791498193,0.031856354375530506,0.018304578019134717,1.740349017728211,0.081797751793711,0.31678611582996385,1,0.031856354375530506,1.740349017728211,NO_EVIDENCE,,,,
distance_low_120d,MARKET_TREND_RISK,10,528439,106032,2003,491,0.9809268430225627,0.9904651425984609,-0.010329093661943086,0.008024125895187454,-1.2872546862877687,0.1980055319828279,0.00300201138523562,0.017848499389238964,0.16819404924570647,0.8664306222716334,0.3771533942530055,-1,-0.00300201138523562,-0.16819404924570647,NO_EVIDENCE,,,,
mom_accel_120_252,MARKET_TREND_RISK,10,528439,106032,2003,491,0.9517749446956034,0.9787705598309944,-0.01226872251157945,0.00948700675348423,-1.2932132157567608,0.19593732606784753,-0.025463999877101625,0.013018131857273633,-1.9560410169662017,0.05046032246212741,0.3771533942530055,-1,0.025463999877101625,1.9560410169662017,NO_EVIDENCE,,,,
mom_accel_20_60,MARKET_TREND_RISK,10,528439,106032,2003,491,0.9876523118089315,0.9940866908103214,-0.010034538028139629,0.008028549185748288,-1.2498569537261142,0.21135180654775898,0.007703980328122482,0.016768571394172038,0.4594297359642707,0.6459255986219912,0.3932126633446678,-1,-0.007703980328122482,-0.4594297359642707,NO_EVIDENCE,,,,
quality_ocf_assets_reported,QUALITY,10,528439,106032,2003,491,0.5632078631592293,0.7437471706654595,0.01065850018776199,0.008982707340007908,1.1865576584344788,0.23540214568441875,0.015242016232240795,0.01647357761507104,0.9252401990868373,0.35484097749953014,0.4184927034389667,1,0.015242016232240795,0.9252401990868373,NO_EVIDENCE,,,,
trend_sma_120d,MARKET_TREND_RISK,10,528439,106032,2003,491,0.9809268430225627,0.9904651425984609,0.012209532563619263,0.01023432602261962,1.1929982039495417,0.2328700764525462,0.01132593660946302,0.018707150477799597,0.6054335545600004,0.5448909615214115,0.4184927034389667,1,0.01132593660946302,0.6054335545600004,NO_EVIDENCE,,,,
quality_ocf_margin_reported,QUALITY,10,528439,106032,2003,491,0.3395472325093341,0.7155575675267843,-0.009447240078478861,0.008237365203455726,-1.1468764398737075,0.25143269121094536,0.02356329937761702,0.011824207693900442,1.9928015464217723,0.04628318237072213,0.43727424558425276,-1,-0.02356329937761702,-1.9928015464217723,NO_EVIDENCE,,,,
mom_1d,MARKET_TREND_RISK,10,528439,106032,2003,491,0.9997861626412887,0.9998679643881092,-0.004139156380958874,0.0036862056014949933,-1.122877242463139,0.2614896340251912,-0.0025356723391971475,0.006700771112171877,-0.37841500578808407,0.7051223225487961,0.44508873876628285,-1,0.0025356723391971475,0.37841500578808407,NO_EVIDENCE,,,,
value_sales_yield_reported,VALUATION,10,528439,106032,2003,491,0.32908055612852194,0.667958729440169,0.012894833906638953,0.011666913281749373,1.105248114495753,0.26905209358721394,0.0041624324705079215,0.01634724406921333,0.2546259450757823,0.799012018256439,0.44842015597868984,1,0.0041624324705079215,0.2546259450757823,NO_EVIDENCE,,,,
delta_ocf_assets_126s,FUNDAMENTAL_CHANGE,10,528439,106032,2003,491,0.5581003673082419,0.7414837030330467,0.006673644496263452,0.006192632307723524,1.0776749150664096,0.2811788568852086,0.005254693860745457,0.010798853768571136,0.48659737166167205,0.6265436865299723,0.4498861710163338,1,0.005254693860745457,0.48659737166167205,NO_EVIDENCE,,,,
value_ocf_yield_reported,VALUATION,10,528439,106032,2003,491,0.5393867598720004,0.6915176550475328,0.007866782683917911,0.0072841813734046855,1.0799817138876258,0.28015032319174293,0.009583395235360514,0.013126687981944623,0.7300695536103391,0.4653476707015691,0.4498861710163338,1,0.009583395235360514,0.7300695536103391,NO_EVIDENCE,,,,
delta_profit_assets_126s,FUNDAMENTAL_CHANGE,10,528439,106032,2003,491,0.5646233529319372,0.7414837030330467,0.0058369572996051135,0.005538270883089088,1.0539313483975756,0.29191434928527826,0.01235074195021382,0.010675697729270791,1.1569025522660095,0.247312175864548,0.4578439779254002,1,0.01235074195021382,1.1569025522660095,NO_EVIDENCE,,,,
delta_profit_assets_252s,FUNDAMENTAL_CHANGE,10,528439,106032,2003,491,0.559421238780635,0.7391070620190131,0.006782145039674574,0.006571020410865342,1.0321296565233815,0.30201138259839244,0.010302947704137437,0.012157208801460396,0.8474764127518963,0.39672962885090857,0.4578439779254002,1,0.010302947704137437,0.8474764127518963,NO_EVIDENCE,,,,
drawdown_high_20d,MARKET_TREND_RISK,10,528439,106032,2003,491,0.9967791930572876,0.9983212615059605,0.009750201895190401,0.009472318400117348,1.0293363760945378,0.30332163537557766,0.014521897218272128,0.01638412617105864,0.8863394401786284,0.37543464212315203,0.4578439779254002,1,0.014521897218272128,0.8863394401786284,NO_EVIDENCE,,,,
fund_net_income_age_days,BALANCE_SHEET_OR_FRESHNESS,10,528439,106032,2003,491,0.5694924106661318,0.7437471706654595,0.006217971723255041,0.00626199426887865,0.9929698840763244,0.3207246310566486,-0.009654696951082743,0.011260517010742184,-0.8573937539344296,0.39122731006469214,0.4751476015654053,1,-0.009654696951082743,-0.8573937539344296,NO_EVIDENCE,,,,
mom_5d,MARKET_TREND_RISK,10,528439,106032,2003,491,0.9989175666443998,0.9993586841708163,-0.006438621418817576,0.006618023232277886,-0.9728919335632854,0.33060701444643636,-0.0020030592078531724,0.014147535811144557,-0.14158361106782183,0.8874089129833602,0.4808829301039074,-1,0.0020030592078531724,0.14158361106782183,NO_EVIDENCE,,,,
fund_equity_assets,BALANCE_SHEET_OR_FRESHNESS,10,528439,106032,2003,491,0.5653594833083856,0.7415874452995322,0.007661785347739017,0.008063877709693275,0.9501365997315512,0.3420428483227419,0.004263189810204663,0.018641232886666567,0.22869677322973503,0.819104602922926,0.48863264046105986,1,0.004263189810204663,0.22869677322973503,NO_EVIDENCE,,,,
fund_ocf_age_days,BALANCE_SHEET_OR_FRESHNESS,10,528439,106032,2003,491,0.5632078631592293,0.7437471706654595,-0.004764934468882258,0.0061998080635811605,-0.7685616102976445,0.4421536027540319,-0.015793660371137094,0.012780750230252066,-1.2357381285609872,0.21655591984221945,0.6205664600056588,-1,0.015793660371137094,1.2357381285609872,NO_EVIDENCE,,,,
value_earnings_yield_reported,VALUATION,10,528439,106032,2003,491,0.5442274321161005,0.6915176550475328,0.0052568674152175705,0.007214230923592336,0.7286802253621106,0.46619729171173574,-0.00029381919817320876,0.012179370018046653,-0.02412433465260069,0.9807534327233234,0.6430307471886011,1,-0.00029381919817320876,-0.02412433465260069,NO_EVIDENCE,,,,
mom_20d,MARKET_TREND_RISK,10,528439,106032,2003,491,0.9957175757277567,0.9978497057492078,-0.004973267119839984,0.008019906890662608,-0.6201153189983095,0.5351818673229773,0.002870928018459666,0.017235866512734125,0.1665670836066513,0.8677106952900651,0.7018858151028837,-1,-0.002870928018459666,-0.1665670836066513,NO_EVIDENCE,,,,
mom_skip_60_5,MARKET_TREND_RISK,10,528439,106032,2003,491,0.9876523118089315,0.9940866908103214,0.005858727852848264,0.00941449186333226,0.6223095136623302,0.533738366666928,-0.0062256746971356075,0.016885543506450763,-0.3686985079726466,0.7123524609868925,0.7018858151028837,1,-0.0062256746971356075,-0.3686985079726466,NO_EVIDENCE,,,,
rel_mom_20d,MARKET_TREND_RISK,10,528439,106032,2003,491,0.9957175757277567,0.9978497057492078,-0.004973195756852594,0.008019910992361328,-0.6201061036200254,0.5351879340159489,0.002870928018459666,0.017235866512734125,0.1665670836066513,0.8677106952900651,0.7018858151028837,-1,-0.002870928018459666,-0.1665670836066513,NO_EVIDENCE,,,,
quality_profit_assets_reported,QUALITY,10,528439,106032,2003,491,0.5694924106661318,0.7437471706654595,0.005505356587943891,0.009097577754767163,0.6051453184952517,0.5450824448614853,-0.011285434134579182,0.015253901347296076,-0.7398391977000461,0.4593975715238001,0.7033321869180456,1,-0.011285434134579182,-0.7398391977000461,NO_EVIDENCE,,,,
trend_sma_20d,MARKET_TREND_RISK,10,528439,106032,2003,491,0.9967791930572876,0.9983212615059605,-0.004503760773203275,0.007902533758507444,-0.5699135126572243,0.5687363594599404,-0.004782375142071189,0.01779695443559335,-0.2687187383312388,0.7881461308985389,0.7222049009015116,-1,0.004782375142071189,0.2687187383312388,NO_EVIDENCE,,,,
delta_ocf_assets_252s,FUNDAMENTAL_CHANGE,10,528439,106032,2003,491,0.5528547287387948,0.7391070620190131,-0.003231404032462093,0.006215035613831297,-0.5199333090337794,0.6031100585046925,0.014016112155347043,0.010770788780164308,1.3013078653217474,0.1931530960717982,0.7422893027750062,-1,-0.014016112155347043,-1.3013078653217474,NO_EVIDENCE,,,,
value_eps_yield_reported,VALUATION,10,528439,106032,2003,491,0.544250140508176,0.7108420099592576,0.0037852189199228583,0.007167314333652045,0.528122354303684,0.5974144163128371,-0.005665063110078845,0.01454300974145433,-0.3895385625666457,0.6968777900073523,0.7422893027750062,1,-0.005665063110078845,-0.3895385625666457,NO_EVIDENCE,,,,
distance_low_252d,MARKET_TREND_RISK,10,528439,106032,2003,491,0.9612443441910987,0.9823732458125849,0.0041722650161514305,0.008247959000601747,0.5058542381026669,0.6129589795724274,0.03416068692091971,0.01876800277536555,1.8201556835742931,0.06873529973637754,0.7429805812999121,1,0.03416068692091971,1.8201556835742931,NO_EVIDENCE,,,,
quality_operating_income_assets_reported,QUALITY,10,528439,106032,2003,491,0.4721036865182169,0.6233495548513657,-0.003384757120927929,0.007353300297825154,-0.4603044869429609,0.6452976809940374,-0.005168654180097287,0.010975388881040191,-0.4709313024002324,0.6376897936545776,0.7705046937242237,-1,0.005168654180097287,0.4709313024002324,NO_EVIDENCE,,,,
delta_operating_margin_252s,FUNDAMENTAL_CHANGE,10,528439,106032,1630,491,0.2271558306635203,0.5951033650218802,-0.004445750808022288,0.010831986097611287,-0.41042803858497223,0.6814919816973188,0.02313797164750611,0.01283642587167137,1.8025244627142794,0.071462929472084,0.7926954565398574,-1,-0.02313797164750611,-1.8025244627142794,NO_EVIDENCE,,,,
mom_60d,MARKET_TREND_RISK,10,528439,106032,2003,491,0.9876523118089315,0.9940866908103214,0.0037612278540241364,0.00954716566577429,0.39396277237628674,0.6936085244723753,-0.005664693820816605,0.0161319854742554,-0.351146722135148,0.7254782776912383,0.7926954565398574,1,-0.005664693820816605,-0.351146722135148,NO_EVIDENCE,,,,
rel_mom_60d,MARKET_TREND_RISK,10,528439,106032,2003,491,0.9876523118089315,0.9940866908103214,0.0037614111416316583,0.00954717684822492,0.39398150902913326,0.6935946911094981,-0.0056647845037320005,0.01613198256815462,-0.35115240670508674,0.7254740132501981,0.7926954565398574,1,-0.0056647845037320005,-0.35115240670508674,NO_EVIDENCE,,,,
fund_revenue_age_days,BALANCE_SHEET_OR_FRESHNESS,10,528439,106032,2003,491,0.3439072437878355,0.7155575675267843,-0.003433608713553182,0.009135327509275674,-0.3758604943355148,0.7070206115711989,0.002371557335604278,0.009197397855784883,0.2578509022649967,0.7965219780610442,0.7966429426154354,-1,-0.002371557335604278,-0.2578509022649967,NO_EVIDENCE,,,,
delta_cash_assets_126s,FUNDAMENTAL_CHANGE,10,528439,106032,2003,491,0.5580473810600656,0.7414837030330467,0.0018852301798617688,0.005218250958039968,0.36127625808358627,0.7178929401780418,0.013780265611411862,0.009547951616813318,1.4432693172790818,0.1489446195400763,0.7976588224200465,1,0.013780265611411862,1.4432693172790818,NO_EVIDENCE,,,,
fund_debt_assets,BALANCE_SHEET_OR_FRESHNESS,10,528439,106032,2003,491,0.45433058498710355,0.6697977968915044,-0.0021357026800408866,0.007536508313360801,-0.28338092273509347,0.7768848507324173,-0.030082391514109692,0.01306819303630036,-2.3019549397952646,0.021337713432109655,0.8469893116370654,-1,0.030082391514109692,2.3019549397952646,NO_EVIDENCE,,,,
mom_10d,MARKET_TREND_RISK,10,528439,106032,2003,491,0.9978483798508437,0.9988116794929832,-0.002012844530925305,0.007508163217838818,-0.26808747659386806,0.788631985347918,-0.007099482427058625,0.01733762257593447,-0.409484195192545,0.6821843630296469,0.8469893116370654,-1,0.007099482427058625,0.409484195192545,NO_EVIDENCE,,,,
value_book_to_market_snapshot,VALUATION,10,528439,106032,2003,491,0.5402421093068452,0.6893579296816056,-0.002880557274829373,0.011034423470704578,-0.2610519056547901,0.7940524796597488,0.002325925839727165,0.018340863574253907,0.1268165934668527,0.8990855620898224,0.8469893116370654,-1,-0.002325925839727165,-0.1268165934668527,NO_EVIDENCE,,,,
mom_skip_20_5,MARKET_TREND_RISK,10,528439,106032,2003,491,0.9957175757277567,0.9978497057492078,-0.0012898908688268194,0.00761454119696202,-0.16939837023161006,0.8654833053475159,0.005751600824401818,0.01770181232022648,0.3249159306603828,0.745244699573328,0.8992034341272892,-1,-0.005751600824401818,-0.3249159306603828,NO_EVIDENCE,,,,
quality_profit_margin_reported,QUALITY,10,528439,106032,2003,491,0.3419429678733023,0.7155575675267843,-0.001530585903307696,0.008814914142300003,-0.17363594002157037,0.8621515849846092,0.00667432021987194,0.010716102583208787,0.6228309376517193,0.533395625582066,0.8992034341272892,-1,-0.00667432021987194,-0.6228309376517193,NO_EVIDENCE,,,,
fund_latest_update_age_days,BALANCE_SHEET_OR_FRESHNESS,10,528439,106032,2003,491,0.5986159235029965,0.8108118303908254,-0.0006451787403683219,0.006133530765625146,-0.10518879989714433,0.9162259978046747,-0.013561100819406622,0.011804690035968051,-1.1487892336085836,0.25064289991676114,0.9290582920252228,-1,0.013561100819406622,1.1487892336085836,NO_EVIDENCE,,,,
mom_40d,MARKET_TREND_RISK,10,528439,106032,2003,491,0.9915903254680294,0.9960295005281424,0.0007552865687920612,0.00848353316588232,0.08902971839958718,0.9290582920252229,0.008448131567629172,0.017113051710419172,0.49366598725846084,0.6215420899323989,0.9290582920252228,1,0.008448131567629172,0.49366598725846084,NO_EVIDENCE,,,,
trend_sma_60d,MARKET_TREND_RISK,10,528439,106032,2003,491,0.9901937593553845,0.9953693224686887,-0.0008175111068461666,0.008727304283104647,-0.09367280895989862,0.9253690705869706,0.007645785453542834,0.01716790292074127,0.44535348835795413,0.6560643191115301,0.9290582920252228,-1,-0.007645785453542834,-0.44535348835795413,NO_EVIDENCE,,,,
liq_amihud_20d,LIQUIDITY,10,528439,106032,0,0,0.003593603045952324,0.018522710125245208,,,,,,,,,,-1,,,NO_EVIDENCE,,,,
liq_amihud_60d,LIQUIDITY,10,528439,106032,0,0,0.0033513801971466906,0.018522710125245208,,,,,,,,,,-1,,,NO_EVIDENCE,,,,
liq_dollar_volume_trend_20_60,LIQUIDITY,10,528439,106032,0,0,0.003358949661171867,0.018522710125245208,,,,,,,,,,-1,,,NO_EVIDENCE,,,,
liq_log_dollar_volume_20d,LIQUIDITY,10,528439,106032,0,0,0.0036011725099774996,0.018522710125245208,,,,,,,,,,-1,,,NO_EVIDENCE,,,,
liq_log_dollar_volume_60d,LIQUIDITY,10,528439,106032,0,0,0.003358949661171867,0.018522710125245208,,,,,,,,,,-1,,,NO_EVIDENCE,,,,
fund_update_count_60d,BALANCE_SHEET_OR_FRESHNESS,10,528439,106032,2003,491,1.0,1.0,0.05745899138271982,0.007015714956296063,8.19004075003857,2.611377464773478e-16,0.058918318977776364,0.010918985432206057,5.395951789073189,6.816124849949458e-08,1.0445509859093911e-14,1,0.058918318977776364,5.395951789073189,VALIDATED,0.0011898659437753396,0.00288465739927587,0.7402628970733994,408.0
size_log_market_cap,SIZE,10,528439,106032,2003,491,0.5733509449529652,0.7585823147728987,-0.04669765406336281,0.009331581434329033,-5.004259395044384,5.607720413042334e-07,-0.032708460950232894,0.014892520022881885,-2.196301290847847,0.028070385407731557,1.4953921101446224e-05,-1,0.032708460950232894,2.196301290847847,VALIDATED,0.0071297147792637105,0.004541113349840099,1.6415589703998452,491.0
size_log_shares,SIZE,10,528439,106032,2003,491,0.5733509449529652,0.7585823147728987,-0.04111733039884044,0.008612995061692686,-4.773871354195317,1.8071784574933776e-06,-0.02468367004538233,0.013784124771520965,-1.790731762409801,0.0733363501342378,3.614356914986755e-05,-1,0.02468367004538233,1.790731762409801,VALIDATED,0.002544375924360493,0.0033431365890836326,1.1911809241600002,491.0
skew_60d,MARKET_TREND_RISK,10,528439,106032,2003,491,0.9899950609247236,0.9952750113173382,-0.02453198071026388,0.005410220410869845,-4.534377316860493,5.7773670497387145e-06,-0.025928362271634208,0.011035764769252731,-2.349484862514871,0.01879940850202188,9.243787279581943e-05,-1,0.025928362271634208,2.349484862514871,VALIDATED,-0.0013964180031541895,0.002193924512006085,0.8516306536701427,491.0
fund_update_count_20d,BALANCE_SHEET_OR_FRESHNESS,10,528439,106032,2003,491,1.0,1.0,0.01840338898094829,0.00424832608465944,4.331915350707729,1.4781777602312066e-05,0.02557093734461754,0.007914108832026394,3.2310570763366857,0.0012333330911767212,0.00019709036803082755,1,0.02557093734461754,3.2310570763366857,VALIDATED,,,0.6755809704560659,0.0
fund_cash_assets,BALANCE_SHEET_OR_FRESHNESS,10,528439,106032,2003,491,0.5638701912614322,0.7437471706654595,0.036502401087264935,0.010595086187194503,3.44521983515176,0.0005705951288949671,0.03488517712088929,0.01906578966177953,1.8297263181719814,0.0672908734234171,0.005071956701288596,1,0.03488517712088929,1.8297263181719814,VALIDATED,0.007108485727495407,0.007432230485803474,1.2794370534634922,491.0
mom_skip_252_20,MARKET_TREND_RISK,10,528439,106032,2003,491,0.9517749446956034,0.9787705598309944,0.03846937759476733,0.011141008231266002,3.4529529820117446,0.0005544856407149995,0.06109658732011326,0.021869417230018614,2.793699835597369,0.005210882186435127,0.005071956701288596,1,0.06109658732011326,2.793699835597369,VALIDATED,0.004407396575058455,0.0065689839262205625,1.3942065064979174,491.0
mom_252d,MARKET_TREND_RISK,10,528439,106032,2003,491,0.9517749446956034,0.9787705598309944,0.03544528085898106,0.011421179169895967,3.1034694694579357,0.001912659680389695,0.05727947518891298,0.021561782006446373,2.6565278867854247,0.00789499209043424,0.013911448383406204,1,0.05727947518891298,2.6565278867854247,VALIDATED,0.0025180889752304146,0.005969240310675052,1.3633218864911048,491.0
rel_mom_252d,MARKET_TREND_RISK,10,528439,106032,2003,491,0.9517749446956034,0.9787705598309944,0.03544508329236789,0.011421209149422486,3.103444024940229,0.001912824152718353,0.057279384020086394,0.021561765500811562,2.6565256921067273,0.00789504347985304,0.013911448383406204,1,0.057279384020086394,2.6565256921067273,VALIDATED,0.0025180889752304146,0.005969240310675052,1.3633218864911048,491.0
growth_revenue_252s,FUNDAMENTAL_CHANGE,10,528439,106032,2003,491,0.2836675567094783,0.7070224083295609,0.03529991886081526,0.011980385350424274,2.946476079716847,0.003214172778048646,0.0400740421990964,0.015528756452824623,2.580634342539842,0.00986189768141187,0.02142781852032431,1,0.0400740421990964,2.580634342539842,VALIDATED,0.007797060087578461,0.0065474986526747395,1.4072479287187556,491.0
growth_revenue_126s,FUNDAMENTAL_CHANGE,10,528439,106032,2003,491,0.313710759425402,0.710917458880338,0.02485209234329176,0.009825107170371994,2.5294474566378518,0.01142422780350888,0.018832270492040327,0.01074055427373065,1.7533797616106714,0.07953684257094548,0.04206519177061797,1,0.018832270492040327,1.7533797616106714,VALIDATED,0.004270352146058567,0.004086001142402727,1.197312026796425,491.0
trend_sma_252d,MARKET_TREND_RISK,10,528439,106032,2003,491,0.9612443441910987,0.9823732458125849,0.02846301938636801,0.011219286474009549,2.536972333517382,0.01118157904248923,0.03298075843827279,0.02022711225198691,1.630522341864845,0.10299114719229441,0.04206519177061797,1,0.03298075843827279,1.630522341864845,VALIDATED,0.00018887878875689329,0.008380152903128948,1.207999525031574,491.0
mom_skip_120_20,MARKET_TREND_RISK,10,528439,106032,2003,491,0.9762337753269535,0.9881356571601027,0.02195157449203215,0.009866570056978162,2.224843523662697,0.026091744446556247,0.03629683374794579,0.019000666575863974,1.910292652261614,0.05609554331105997,0.08349358222898,1,0.03629683374794579,1.910292652261614,VALIDATED,0.004796467795275587,0.00962401756898315,1.3336308776025774,491.0
fund_net_debt_assets,BALANCE_SHEET_OR_FRESHNESS,10,528439,106032,2003,491,0.44692764917048133,0.6697977968915044,-0.018346574241835962,0.008372571836223591,-2.1912710455896307,0.02843218404707628,-0.04191770230132759,0.016854932244424973,-2.4869694931697226,0.012883644645683588,0.08561209377034533,-1,0.04191770230132759,2.4869694931697226,VALIDATED,0.008143059651293569,0.00672224813357847,1.500292462626949,491.0
growth_assets_252s,FUNDAMENTAL_CHANGE,10,528439,106032,2003,491,0.5653708375044234,0.7391070620190131,0.0245418828458102,0.011232350004557851,2.184928606734265,0.02889408164749155,0.048975155435322125,0.016607942227381003,2.948899674914469,0.0031890748334654335,0.08561209377034533,1,0.048975155435322125,2.948899674914469,VALIDATED,0.011291955005535793,0.0095515707641552,1.618400277805366,491.0
liq_zero_volume_20d,LIQUIDITY,10,528439,106032,1090,337,0.9967791930572876,0.9983212615059605,6.829156185619775e-08,5.5958453105642185e-09,12.203975997562384,2.9600904527383335e-34,9.643275965583695e-08,5.839969834923869e-09,16.512544136641772,2.9804895414308213e-61,2.3680723621906667e-32,1,9.643275965583695e-08,16.512544136641772,WATCH,,,,0.0
drawdown_high_120d,MARKET_TREND_RISK,10,528439,106032,2003,491,0.9809268430225627,0.9904651425984609,0.022984740393606935,0.011080012261583292,2.0744327579221022,0.03803913764893922,0.02655960861786023,0.020180285436525017,1.3161165981224947,0.18813491080422218,0.10304354916392464,1,0.02655960861786023,1.3161165981224947,WATCH,-0.0032176815478973126,0.0028352365330335232,0.6417604510893377,491.0
value_fcf_yield_reported,VALUATION,10,528439,106032,2003,491,0.42226822774246414,0.5644899652934963,0.01362039225190834,0.006586307473079054,2.0679860919916786,0.03864133093647174,0.02902671275593445,0.011220813227066742,2.5868635515576073,0.009685393749465527,0.10304354916392464,1,0.02902671275593445,2.5868635515576073,WATCH,0.004901125018647951,0.0038543576039247254,1.1987543821206816,491.0
mom_accel_60_120,MARKET_TREND_RISK,10,528439,106032,2003,491,0.9762337753269535,0.9881356571601027,-0.016480952690717626,0.008406736258534254,-1.9604460261241907,0.04994368070309266,-0.04138739833392672,0.015584680756807235,-2.6556462066667046,0.007915661172353561,0.12888691794346493,-1,0.04138739833392672,2.6556462066667046,WATCH,0.008485106501747976,0.006407300458962234,1.3800744702825711,491.0
growth_shares_252s,FUNDAMENTAL_CHANGE,10,528439,106032,2003,491,0.5621329992676544,0.7517164629545797,0.016146214515094345,0.008664377182304379,1.863517039409415,0.06238955748792607,0.02364169576182119,0.01411721435812161,1.6746714445275928,0.09399871307351812,0.15597389371981518,1,0.02364169576182119,1.6746714445275928,WATCH,0.006698035239130882,0.007630807134173065,1.604839879569476,491.0
distance_low_60d,MARKET_TREND_RISK,10,528439,106032,2003,491,0.9901937593553845,0.9953693224686887,-0.013391982501589307,0.007526955760923231,-1.7792030306747402,0.07520648169506891,-0.01312850676910424,0.01662258886101993,-0.7897991629866192,0.4296450679656457,0.17190052958872895,-1,0.01312850676910424,0.7897991629866192,WATCH,0.0006487731001217665,0.004333938660043307,0.8756702174907273,491.0
mom_120d,MARKET_TREND_RISK,10,528439,106032,2003,491,0.9762337753269535,0.9881356571601027,0.018414640454716594,0.010346241979866716,1.7798385626926752,0.07510238460494413,0.034798515384092794,0.019151552237944763,1.8170075695037853,0.06921595431418427,0.17190052958872895,1,0.034798515384092794,1.8170075695037853,WATCH,0.0034343996969405793,0.011345897797362808,1.2870538548957153,491.0
rel_mom_120d,MARKET_TREND_RISK,10,528439,106032,2003,491,0.9762337753269535,0.9881356571601027,0.018414654997716617,0.010346248876857542,1.7798387818513104,0.07510234872811615,0.034798515384092794,0.019151552237944763,1.8170075695037853,0.06921595431418427,0.17190052958872895,1,0.034798515384092794,1.8170075695037853,WATCH,0.0034343996969405793,0.011345897797362808,1.2870538548957153,491.0
fund_current_ratio,BALANCE_SHEET_OR_FRESHNESS,20,526219,103922,1993,481,0.5132824926503984,0.673678335674833,0.027443400992974994,0.013474944316794883,2.03662444517638,0.041687691183675185,-0.007921997711180353,0.025800808180085247,-0.307044556739702,0.7588094577855443,0.15881025212828642,1,-0.007921997711180353,-0.307044556739702,NO_EVIDENCE,0.0077978845582494455,0.0006469981008319012,1.5351628435460896,481.0
fund_net_debt_assets,BALANCE_SHEET_OR_FRESHNESS,20,526219,103922,1993,481,0.4461336439771274,0.6692519389542156,-0.02182653215466857,0.01179280726556844,-1.8508342978177623,0.06419339522042242,-0.05358050042232921,0.020030935817340372,-2.674887529515504,0.007475432396183858,0.20397376029244188,-1,0.05358050042232921,2.674887529515504,NO_EVIDENCE,,,,
growth_assets_252s,FUNDAMENTAL_CHANGE,20,526219,103922,1993,481,0.5647344546662131,0.7386212736475434,0.029344804589303164,0.015697832725630387,1.8693538848449378,0.06157359590798037,0.06561403917195496,0.019062811174981903,3.441991769716895,0.0005774478183803833,0.20397376029244188,1,0.06561403917195496,3.441991769716895,NO_EVIDENCE,,,,
value_fcf_yield_reported,VALUATION,20,526219,103922,1993,481,0.42175025987279063,0.5640191682223206,0.017244074972626356,0.009389908071629259,1.8364476884206926,0.06629147209504362,0.03933069711970719,0.014966980139788597,2.627831182534243,0.008593114927020399,0.20397376029244188,1,0.03933069711970719,2.627831182534243,NO_EVIDENCE,,,,
worst_day_20d,MARKET_TREND_RISK,20,526219,103922,1993,481,0.996550865704203,0.9981909509054868,0.025657699080614226,0.014192366910900249,1.807852012401694,0.07062953613629645,0.04680843237427598,0.022651846859224996,2.0664289611870292,0.03878799367836355,0.2092726996631006,1,0.04680843237427598,2.0664289611870292,NO_EVIDENCE,,,,
downside_vol_20d,MARKET_TREND_RISK,20,526219,103922,1993,481,0.996550865704203,0.9981909509054868,-0.027617809192259344,0.015606462801110907,-1.7696392542129047,0.07678725524648637,-0.04474549901893353,0.026058728138744724,-1.7171021847534025,0.0859605030915795,0.21182691102479,-1,0.04474549901893353,1.7171021847534025,NO_EVIDENCE,,,,
mom_skip_120_20,MARKET_TREND_RISK,20,526219,103922,1993,481,0.9761905214368922,0.9880872192605993,0.022397284393119166,0.01255166480673197,1.7844074661001612,0.07435747876485424,0.045504493748736885,0.022501331669983828,2.02230225375677,0.04314513594766366,0.21182691102479,1,0.045504493748736885,2.02230225375677,NO_EVIDENCE,,,,
growth_shares_252s,FUNDAMENTAL_CHANGE,20,526219,103922,1993,481,0.5614449497262547,0.7511980138950367,0.019711586606564857,0.011690558100525104,1.686111684067459,0.09177428994846334,0.0364538016890162,0.01984924385292459,1.8365335203257676,0.0662787892465359,0.24473143986256893,1,0.0364538016890162,1.8365335203257676,NO_EVIDENCE,,,,
drawdown_high_120d,MARKET_TREND_RISK,20,526219,103922,1993,481,0.9808995874341291,0.9903677758318739,0.02311339671581626,0.014360594352622819,1.609501400030482,0.10750674911841461,0.04522261959901059,0.026936259348809926,1.6788752667325568,0.09317635576916952,0.2774367719184893,1,0.04522261959901059,1.6788752667325568,NO_EVIDENCE,,,,
mom_accel_20_60,MARKET_TREND_RISK,20,526219,103922,1993,481,0.9876382266698845,0.9940628548334328,-0.014068256151267243,0.009422072708551863,-1.4931169166735798,0.13540658511567485,0.022729952593698567,0.020500715639021266,1.1087394700716764,0.2675425894487916,0.32825838815921177,-1,-0.022729952593698567,-1.1087394700716764,NO_EVIDENCE,,,,
mom_accel_60_120,MARKET_TREND_RISK,20,526219,103922,1993,481,0.9761905214368922,0.9880872192605993,-0.01737802979941728,0.011530439457297436,-1.5071437531740384,0.13177381390973048,-0.046676995570048466,0.02013607677253336,-2.31807795020519,0.02044508502819435,0.32825838815921177,-1,0.046676995570048466,2.31807795020519,NO_EVIDENCE,,,,
mom_120d,MARKET_TREND_RISK,20,526219,103922,1993,481,0.9761905214368922,0.9880872192605993,0.01893784466433021,0.013253147339927468,1.4289318739614838,0.1530238151529416,0.04977428347211082,0.023680205547367356,2.1019362932702443,0.03555885678089488,0.34976872034958084,1,0.04977428347211082,2.1019362932702443,NO_EVIDENCE,,,,
rel_mom_120d,MARKET_TREND_RISK,20,526219,103922,1993,481,0.9761905214368922,0.9880872192605993,0.018937977995475905,0.01325315312963107,1.42894131005963,0.15302110278693787,0.04977428347211082,0.023680205547367356,2.1019362932702443,0.03555885678089488,0.34976872034958084,1,0.04977428347211082,2.1019362932702443,NO_EVIDENCE,,,,
quality_ocf_margin_reported,QUALITY,20,526219,103922,1993,481,0.33807217147233376,0.7149785415985066,-0.015942968585090377,0.012064599146311446,-1.3214669125550416,0.18634572794268678,0.030255420477860145,0.014720001615360119,2.0553951873408107,0.039840849970999896,0.4141016176504151,-1,-0.030255420477860145,-2.0553951873408107,NO_EVIDENCE,,,,
distance_low_120d,MARKET_TREND_RISK,20,526219,103922,1993,481,0.9808995874341291,0.9903677758318739,-0.013342662821438927,0.010563950342734642,-1.2630372529737746,0.20657579206945353,0.009528194447983503,0.022532625723221067,0.4228621450967515,0.6723958432283708,0.42423781161138424,-1,-0.009528194447983503,-0.4228621450967515,NO_EVIDENCE,,,,
distance_low_60d,MARKET_TREND_RISK,20,526219,103922,1993,481,0.990190396013827,0.9953715286464848,-0.012483371811924373,0.009888843049199148,-1.2623692933356188,0.2068159331605498,-0.01025102997422109,0.020280208906292778,-0.505469643906887,0.613229014249659,0.42423781161138424,-1,0.01025102997422109,0.505469643906887,NO_EVIDENCE,,,,
quality_accruals_assets_reported,QUALITY,20,526219,103922,1993,481,0.5590885163781619,0.743259367602625,-0.012827499552148344,0.010143730169981768,-1.264574208618899,0.20602400339956017,-0.030335610307380984,0.015633445398553245,-1.940430246437443,0.05232742370334261,0.42423781161138424,-1,0.030335610307380984,1.940430246437443,NO_EVIDENCE,,,,
value_sales_yield_reported,VALUATION,20,526219,103922,1993,481,0.32775137347758254,0.6673755316487365,0.020085533351899044,0.01747944892286927,1.1490941985945622,0.2505171403246804,0.0013424049955236233,0.021425451400526336,0.06265468906249723,0.9500414793500441,0.5010342806493608,1,0.0013424049955236233,0.06265468906249723,NO_EVIDENCE,,,,
value_ocf_yield_reported,VALUATION,20,526219,103922,1993,481,0.5388307909824617,0.6910278862993399,0.012449858667769834,0.011238880856768396,1.107748967751727,0.2679702450667033,0.009941822426981075,0.017369215700794954,0.5723817700373228,0.5670633634287582,0.5228687708618601,1,0.009941822426981075,0.5723817700373228,NO_EVIDENCE,,,,
delta_ocf_assets_126s,FUNDAMENTAL_CHANGE,20,526219,103922,1993,481,0.5574333119860743,0.7410461692423164,0.009311551231820984,0.00860191162434667,1.0824978956381934,0.2790313499589544,0.005818506307581617,0.01637237802739333,0.35538553396741895,0.7223007847097678,0.5314882856361036,1,0.005818506307581617,0.35538553396741895,NO_EVIDENCE,,,,
quality_fcf_assets_reported,QUALITY,20,526219,103922,1993,481,0.4433990410836553,0.6162506495256057,0.013736991436867681,0.012981176549481725,1.0582239124862787,0.2899533719308309,0.04352351076811787,0.01840892419646023,2.3642615018473925,0.018066055422601004,0.5394481338248017,1,0.04352351076811787,2.3642615018473925,NO_EVIDENCE,,,,
mom_accel_120_252,MARKET_TREND_RISK,20,526219,103922,1993,481,0.9516855149662022,0.9788206539520025,-0.012998122125464395,0.01263148067832976,-1.0290260070431518,0.30346745403089415,-0.02736919692475955,0.016158519681433767,-1.6937935816117435,0.09030451417683968,0.5517590073288985,-1,0.02736919692475955,1.6937935816117435,NO_EVIDENCE,,,,
delta_profit_assets_126s,FUNDAMENTAL_CHANGE,20,526219,103922,1993,481,0.5639838166238771,0.7410461692423164,0.0070454217267148745,0.0074157986911046435,0.9500556878878007,0.3420839573409815,0.022244180539224848,0.01586166738102789,1.4023860168591777,0.1608000066754124,0.5896221553111497,1,0.022244180539224848,1.4023860168591777,NO_EVIDENCE,,,,
drawdown_high_60d,MARKET_TREND_RISK,20,526219,103922,1993,481,0.990190396013827,0.9953715286464848,0.013265555575329335,0.013669478502236414,0.9704507434690361,0.33182186577062334,0.04844042862555592,0.02332755713026514,2.07653241850641,0.03784473602373931,0.5896221553111497,1,0.04844042862555592,2.07653241850641,NO_EVIDENCE,,,,
fund_equity_assets,BALANCE_SHEET_OR_FRESHNESS,20,526219,103922,1993,481,0.5647420560641102,0.7410557918438829,0.010410409726389146,0.011109305711962034,0.937089139169125,0.34871270764224316,0.002542173912506402,0.020879530883927046,0.12175435964719658,0.9030935606657136,0.5896221553111497,1,0.002542173912506402,0.12175435964719658,NO_EVIDENCE,,,,
trend_sma_120d,MARKET_TREND_RISK,20,526219,103922,1993,481,0.9808995874341291,0.9903677758318739,0.012328404955770084,0.013295016672041231,0.9272951858493051,0.3537732931866898,0.022185532708405155,0.024832145623322185,0.8934198858582986,0.3716323572815886,0.5896221553111497,1,0.022185532708405155,0.8934198858582986,NO_EVIDENCE,,,,
delta_ocf_assets_252s,FUNDAMENTAL_CHANGE,20,526219,103922,1993,481,0.5521655432434025,0.7386212736475434,-0.00656908063692234,0.008646615385962774,-0.759728557787689,0.447416854784499,0.019621048998235947,0.016742540300384773,1.1719278344986288,0.24122603079441363,0.6233237925448079,-1,-0.019621048998235947,-1.1719278344986288,NO_EVIDENCE,,,,
delta_operating_margin_126s,FUNDAMENTAL_CHANGE,20,526219,103922,1746,481,0.2518419137279346,0.5992571351590616,0.0117548479785787,0.015624767424052412,0.752321468829261,0.4518577601490342,0.04017725241184534,0.017043328872820552,2.3573594519974947,0.018405421160077245,0.6233237925448079,1,0.04017725241184534,2.3573594519974947,NO_EVIDENCE,,,,
delta_operating_margin_252s,FUNDAMENTAL_CHANGE,20,526219,103922,1620,481,0.22570070635989958,0.5945805507977137,-0.012879092777941803,0.015509651374461223,-0.8303921517635788,0.40631710146161415,0.026992253168231478,0.019728023034292042,1.3682188590976632,0.1712435801262513,0.6233237925448079,-1,-0.026992253168231478,-1.3682188590976632,NO_EVIDENCE,,,,
delta_profit_assets_252s,FUNDAMENTAL_CHANGE,20,526219,103922,1993,481,0.5587597559191135,0.7386212736475434,0.007529908556057739,0.009144351689969243,0.8234491423068906,0.4102526271023208,0.012214547665018194,0.016470205268371247,0.741614780507596,0.45832076572706526,0.6233237925448079,1,0.012214547665018194,0.741614780507596,NO_EVIDENCE,,,,
drawdown_high_20d,MARKET_TREND_RISK,20,526219,103922,1993,481,0.9967656051947953,0.9982871769211524,0.009519271898004462,0.012027834426202998,0.7914368921862146,0.42868908881906254,0.04186225838136618,0.019120060382335047,2.1894417456988036,0.02856474826693848,0.6233237925448079,1,0.04186225838136618,2.1894417456988036,NO_EVIDENCE,,,,
fund_ocf_age_days,BALANCE_SHEET_OR_FRESHNESS,20,526219,103922,1993,481,0.5625433517223818,0.743259367602625,-0.007125605594135377,0.00841477280320613,-0.846797146016876,0.397108199293685,-0.03877896475464799,0.018004197620501688,-2.153884642461918,0.031249219623188787,0.6233237925448079,-1,0.03877896475464799,2.153884642461918,NO_EVIDENCE,,,,
mom_5d,MARKET_TREND_RISK,20,526219,103922,1993,481,0.9989130001007185,0.999345663093474,-0.005196608243841802,0.006908224490267244,-0.7522349991901859,0.45190974959498564,0.007876586537568404,0.014083829359722909,0.5592645534384245,0.5759811828728056,0.6233237925448079,-1,-0.007876586537568404,-0.5592645534384245,NO_EVIDENCE,,,,
quality_ocf_assets_reported,QUALITY,20,526219,103922,1993,481,0.5625433517223818,0.743259367602625,0.010038934864790522,0.012879298000576725,0.7794628918704254,0.43570708863770813,0.016326806940791177,0.020274143624422744,0.805301927580482,0.42064546972970585,0.6233237925448079,1,0.016326806940791177,0.805301927580482,NO_EVIDENCE,,,,
quality_operating_income_assets_reported,QUALITY,20,526219,103922,1993,481,0.4715489178459919,0.6229191124112315,-0.008913914790134916,0.01061769767031653,-0.8395336792320983,0.4011698980086329,-0.016776280348461185,0.014732881292034278,-1.138696499070533,0.2548297634577148,0.6233237925448079,-1,0.016776280348461185,1.138696499070533,NO_EVIDENCE,,,,
trend_sma_20d,MARKET_TREND_RISK,20,526219,103922,1993,481,0.9967656051947953,0.9982871769211524,-0.007199642672463989,0.009491908018217265,-0.7585032070102381,0.448149793866251,0.017538188055229095,0.019629648921271465,0.8934539851206417,0.37161410354834545,0.6233237925448079,-1,-0.017538188055229095,-0.8934539851206417,NO_EVIDENCE,,,,
value_earnings_yield_reported,VALUATION,20,526219,103922,1993,481,0.54369188493764,0.6910278862993399,0.007745561630142176,0.010486055604672058,0.738653495857026,0.4601174311223726,-0.0068458543233433896,0.015574037299494102,-0.4395683785581897,0.6602497473579663,0.6238880421998273,1,-0.0068458543233433896,-0.4395683785581897,NO_EVIDENCE,,,,
fund_revenue_age_days,BALANCE_SHEET_OR_FRESHNESS,20,526219,103922,1993,481,0.34245057666104795,0.7149785415985066,-0.008632790278967082,0.012224044364607705,-0.7062139191805956,0.4800551156002776,-0.007540875435615627,0.011321597263131717,-0.6660610919425791,0.5053720524551187,0.6400734874670367,-1,0.007540875435615627,0.6660610919425791,NO_EVIDENCE,,,,
mom_skip_60_5,MARKET_TREND_RISK,20,526219,103922,1993,481,0.9876382266698845,0.9940628548334328,0.008538357899348816,0.012410956052863773,0.6879693927671775,0.4914720558785973,-0.0024884928376776474,0.022493030482448793,-0.11063395124189276,0.9119066235425788,0.6445535159063571,1,-0.0024884928376776474,-0.11063395124189276,NO_EVIDENCE,,,,
mom_1d,MARKET_TREND_RISK,20,526219,103922,1993,481,0.9997852605094076,0.9998652835780681,-0.0022810225502819526,0.0034559406961943095,-0.6600294249243976,0.5092349467396942,0.0019334021020437496,0.0060125260274350644,0.32156236716841896,0.7477842573531587,0.6570773506318633,-1,-0.0019334021020437496,-0.32156236716841896,NO_EVIDENCE,,,,
fund_latest_update_age_days,BALANCE_SHEET_OR_FRESHNESS,20,526219,103922,1993,481,0.5978537453037613,0.810242297107446,-0.0050330734122580574,0.008624821612932052,-0.5835568128981903,0.5595185232686167,-0.03212523542592178,0.015345840095353221,-2.0934165367492277,0.03631198749369735,0.6737064416867656,-1,0.03212523542592178,2.0934165367492277,NO_EVIDENCE,,,,
fund_net_income_age_days,BALANCE_SHEET_OR_FRESHNESS,20,526219,103922,1993,481,0.5688544123264269,0.743259367602625,0.0048654685566571106,0.009134669677082275,0.532637602524802,0.594284467225365,-0.029881360567442915,0.014637116931564113,-2.0414785717128114,0.04120328165871195,0.6737064416867656,1,-0.029881360567442915,-2.0414785717128114,NO_EVIDENCE,,,,
mom_10d,MARKET_TREND_RISK,20,526219,103922,1993,481,0.9978393026477569,0.9987875522026135,-0.005143967431295019,0.008692130629498727,-0.5917959186942949,0.5539872565163249,0.01041472319294493,0.017903230913228325,0.581723111511102,0.5607532015460613,0.6737064416867656,-1,-0.01041472319294493,-0.581723111511102,NO_EVIDENCE,,,,
mom_20d,MARKET_TREND_RISK,20,526219,103922,1993,481,0.9957052101881536,0.9978060468428245,-0.005553082568130892,0.01030197414663965,-0.5390309167046614,0.5898655219537239,0.021674627705455463,0.02025573373669557,1.0700490037637789,0.28459725172235106,0.6737064416867656,-1,-0.021674627705455463,-1.0700490037637789,NO_EVIDENCE,,,,
mom_60d,MARKET_TREND_RISK,20,526219,103922,1993,481,0.9876382266698845,0.9940628548334328,0.00657027647117107,0.012457815267065787,0.5274019826366055,0.5979144669970046,-0.0008957135434784157,0.02188878797025204,-0.040921111972747656,0.9673587866223182,0.6737064416867656,1,-0.0008957135434784157,-0.040921111972747656,NO_EVIDENCE,,,,
quality_profit_margin_reported,QUALITY,20,526219,103922,1993,481,0.34047801390675747,0.7149785415985066,-0.006769236534913783,0.0117585167398064,-0.5756879617305571,0.5648261137052224,0.00632054223388769,0.014530883916584296,0.43497300440711445,0.6635820224618137,0.6737064416867656,-1,-0.00632054223388769,-0.43497300440711445,NO_EVIDENCE,,,,
rel_mom_20d,MARKET_TREND_RISK,20,526219,103922,1993,481,0.9957052101881536,0.9978060468428245,-0.005552842543289013,0.010301959025537795,-0.5390084089369728,0.5898810523325356,0.021674627705455463,0.02025573373669557,1.0700490037637789,0.28459725172235106,0.6737064416867656,-1,-0.021674627705455463,-1.0700490037637789,NO_EVIDENCE,,,,
rel_mom_60d,MARKET_TREND_RISK,20,526219,103922,1993,481,0.9876382266698845,0.9940628548334328,0.006570580316967526,0.012457818310574548,0.5274262437581252,0.5978976228884403,-0.0008957135434784157,0.02188878797025204,-0.040921111972747656,0.9673587866223182,0.6737064416867656,1,-0.0008957135434784157,-0.040921111972747656,NO_EVIDENCE,,,,
value_eps_yield_reported,VALUATION,20,526219,103922,1993,481,0.5436576786471032,0.710359692846558,0.006265636653525675,0.010514849411046566,0.5958845827067382,0.5512523333461512,-0.014597041046654647,0.018186423511001356,-0.8026339559190725,0.4221863360796244,0.6737064416867656,1,-0.014597041046654647,-0.8026339559190725,NO_EVIDENCE,,,,
quality_operating_margin_reported,QUALITY,20,526219,103922,1872,481,0.27816935534444787,0.6038952291141433,0.006350560859048849,0.013453504789363933,0.4720376555014477,0.636899911161416,0.015766187861178747,0.014912987526469797,1.0572118989031918,0.2904148905233084,0.7076665679571289,1,0.015766187861178747,1.0572118989031918,NO_EVIDENCE,,,,
distance_low_252d,MARKET_TREND_RISK,20,526219,103922,1993,481,0.9611568567459556,0.9824964877504282,0.00447556024519975,0.011130871452614266,0.4020853411390886,0.6876212205568767,0.04922942506853048,0.024505799249852505,2.008888776350634,0.044548930471842704,0.7510622985206808,1,0.04922942506853048,2.008888776350634,NO_EVIDENCE,,,,
mom_40d,MARKET_TREND_RISK,20,526219,103922,1993,481,0.9915871528774142,0.996045110756144,-0.004353151112496546,0.011190068869681474,-0.38901915289288647,0.6972619782113924,0.018021247373581604,0.021547770516053145,0.8363393029527453,0.4029640483997975,0.7510622985206808,-1,-0.018021247373581604,-0.8363393029527453,NO_EVIDENCE,,,,
mom_skip_20_5,MARKET_TREND_RISK,20,526219,103922,1993,481,0.9957052101881536,0.9978060468428245,-0.0038017798232255337,0.010010911595944947,-0.3797635996271803,0.7041209048631383,0.022203129300839036,0.019182298566500097,1.1574801228260783,0.2470762557209707,0.7510622985206808,-1,-0.022203129300839036,-1.1574801228260783,NO_EVIDENCE,,,,
trend_sma_60d,MARKET_TREND_RISK,20,526219,103922,1993,481,0.990190396013827,0.9953715286464848,-0.0039005627500045283,0.011809542056755499,-0.33028907736293306,0.7411815452933233,0.016459329047120518,0.020904866140723302,0.7873443884463461,0.43108029170036266,0.7801911003087614,-1,-0.016459329047120518,-0.7873443884463461,NO_EVIDENCE,,,,
fund_debt_assets,BALANCE_SHEET_OR_FRESHNESS,20,526219,103922,1993,481,0.45356781112046507,0.6692519389542156,-0.002405166844993236,0.010722638510638849,-0.22430737011294968,0.8225181417933562,-0.040163988248675654,0.015873264818649133,-2.5302915756491324,0.011396777357479723,0.8545643031619286,-1,0.040163988248675654,2.5302915756491324,NO_EVIDENCE,,,,
quality_profit_assets_reported,QUALITY,20,526219,103922,1993,481,0.5688544123264269,0.743259367602625,0.00173912392557756,0.012881320977674068,0.1350113026910682,0.8926029379008003,-0.024156780121554266,0.020850942506482728,-1.158546195887487,0.2466412111163604,0.9141567508254625,1,-0.024156780121554266,-1.158546195887487,NO_EVIDENCE,,,,
value_book_to_market_snapshot,VALUATION,20,526219,103922,1993,481,0.5397277559343163,0.6888243105405978,0.0018788538405478227,0.015373514798784437,0.12221368146055846,0.9027297914401443,-0.0026937955687440034,0.0242448866587999,-0.11110778147384187,0.9115308782273727,0.9141567508254625,1,-0.0026937955687440034,-0.11110778147384187,NO_EVIDENCE,,,,
delta_cash_assets_126s,FUNDAMENTAL_CHANGE,20,526219,103922,1993,481,0.5573801022007947,0.7410461692423164,0.0005356534891680788,0.007368748364004409,0.07269260160717281,0.9420507360367403,0.01478817067452468,0.014315694714012603,1.0330040539387588,0.30160200151143624,0.9420507360367403,1,0.01478817067452468,1.0330040539387588,NO_EVIDENCE,,,,
liq_amihud_20d,LIQUIDITY,20,526219,103922,0,0,0.003532749672664803,0.018513885414060547,,,,,,,,,,-1,,,NO_EVIDENCE,,,,
liq_amihud_60d,LIQUIDITY,20,526219,103922,0,0,0.0032895049399584582,0.018513885414060547,,,,,,,,,,-1,,,NO_EVIDENCE,,,,
liq_dollar_volume_trend_20_60,LIQUIDITY,20,526219,103922,0,0,0.0032971063378555315,0.018513885414060547,,,,,,,,,,-1,,,NO_EVIDENCE,,,,
liq_log_dollar_volume_20d,LIQUIDITY,20,526219,103922,0,0,0.0035403510705618764,0.018513885414060547,,,,,,,,,,-1,,,NO_EVIDENCE,,,,
liq_log_dollar_volume_60d,LIQUIDITY,20,526219,103922,0,0,0.0032971063378555315,0.018513885414060547,,,,,,,,,,-1,,,NO_EVIDENCE,,,,
fund_update_count_60d,BALANCE_SHEET_OR_FRESHNESS,20,526219,103922,1993,481,1.0,1.0,0.06948681804554953,0.009673415209908992,7.183276695739318,6.806015975827587e-13,0.0849863978572184,0.013614151231830632,6.242504318485572,4.3061988494321055e-10,2.722406390331035e-11,1,0.0849863978572184,6.242504318485572,VALIDATED,0.009331887957193318,0.005931848874245561,0.7142308957775355,398.0
size_log_market_cap,SIZE,20,526219,103922,1993,481,0.5726912179149746,0.7580108158041609,-0.06451236560818968,0.01289134277291587,-5.0043169857935395,5.606044327859031e-07,-0.04419253592063998,0.021085844380445452,-2.0958390436393035,0.03609647155378897,1.4949451540957416e-05,-1,0.04419253592063998,2.0958390436393035,VALIDATED,0.0144732357587452,0.006162519765600387,1.7526170995448465,481.0
size_log_shares,SIZE,20,526219,103922,1993,481,0.5726912179149746,0.7580108158041609,-0.053431860348542894,0.012094797006691999,-4.4177558597287145,9.973097903957162e-06,-0.036575442793531324,0.016696542141797457,-2.190599854922644,0.02848076166533543,0.00019946195807914326,-1,0.036575442793531324,2.190599854922644,VALIDATED,0.0057511876488660525,0.003555194474193524,1.2533405498050167,481.0
size_log_assets,SIZE,20,526219,103922,1993,481,0.5731967108751299,0.743259367602625,-0.06172670428999988,0.01542848985054034,-4.000826061912862,6.312174447608883e-05,-0.037991063465365994,0.022823531926279138,-1.6645567210227825,0.09600122590953498,0.0010099479116174213,-1,0.037991063465365994,1.6645567210227825,VALIDATED,0.011214190369884433,0.008355497067906902,1.500081085969281,481.0
skew_60d,MARKET_TREND_RISK,20,526219,103922,1993,481,0.9899908593190287,0.9952753026308193,-0.028638030488227054,0.007554610630472311,-3.7908016559731834,0.00015016183557060473,-0.03470970454602181,0.014243439910131559,-2.4368905801562946,0.014814161275074116,0.002002157807608063,-1,0.03470970454602181,2.4368905801562946,VALIDATED,0.0027862164016011887,0.004009415995993578,0.8949548313407911,481.0
fund_update_count_20d,BALANCE_SHEET_OR_FRESHNESS,20,526219,103922,1993,481,1.0,1.0,0.021623421701823548,0.00578068196997554,3.7406350693800654,0.00018355587142598144,0.03367122638275615,0.009765171626591258,3.4480936608494424,0.0005645582300808164,0.0020977813877255023,1,0.03367122638275615,3.4480936608494424,VALIDATED,,,0.6042352788135074,0.0
fund_cash_assets,BALANCE_SHEET_OR_FRESHNESS,20,526219,103922,1993,481,0.5632084740383757,0.743259367602625,0.04423838118229487,0.014565846669166077,3.0371307749615077,0.0023884181054469517,0.04048625946933942,0.021893269432011593,1.8492559823039398,0.06442085849967676,0.023884181054469517,1,0.04048625946933942,1.8492559823039398,VALIDATED,0.012690317105264151,0.011382228023372565,1.3645983142873637,481.0
mom_skip_252_20,MARKET_TREND_RISK,20,526219,103922,1993,481,0.9516855149662022,0.9788206539520025,0.04130552544925998,0.014588222717800489,2.8314295886680663,0.004634043525154241,0.07478832663476144,0.026564554579500934,2.8153427685353827,0.004872523334716332,0.041191498001371035,1,0.07478832663476144,2.8153427685353827,VALIDATED,0.013480058115585102,0.017248452338721767,1.4195930691005014,481.0
growth_revenue_252s,FUNDAMENTAL_CHANGE,20,526219,103922,1993,481,0.2819757553414073,0.7064625392121013,0.043805949251844556,0.016389734088821446,2.67276753939054,0.007522836066879205,0.0521957015800998,0.01975844750505606,2.6416904246522024,0.008249341930568928,0.060182688535033634,1,0.0521957015800998,2.6416904246522024,VALIDATED,0.014150725285522261,0.011933433706659294,1.5561291481818535,481.0
mom_252d,MARKET_TREND_RISK,20,526219,103922,1993,481,0.9516855149662022,0.9788206539520025,0.03736286547717646,0.015020271765928093,2.487495969409168,0.012864591131069178,0.07550392654100554,0.02764184691576116,2.73150802010823,0.006304520650805123,0.08576480619632605,1,0.07550392654100554,2.73150802010823,VALIDATED,0.011410454511069288,0.013679858281692207,1.414113225125301,481.0
rel_mom_252d,MARKET_TREND_RISK,20,526219,103922,1993,481,0.9516855149662022,0.9788206539520025,0.0373628785675932,0.015020298699048008,2.4874923805584017,0.01286472092944891,0.07550387004604843,0.027641841291205137,2.7315065320945773,0.006304549120495855,0.08576480619632605,1,0.07550387004604843,2.7315065320945773,VALIDATED,0.011410454511069288,0.013679858281692207,1.414113225125301,481.0
liq_zero_volume_20d,LIQUIDITY,20,526219,103922,1088,337,0.9967656051947953,0.9982871769211524,6.917395196782976e-08,6.373163702935134e-09,10.853942436151764,1.910049605137692e-27,9.714475406274609e-08,7.715681250835998e-09,12.590560820824527,2.379765538036009e-36,1.5280396841101535e-25,1,9.714475406274609e-08,12.590560820824527,WATCH,,,,0.0
distance_low_20d,MARKET_TREND_RISK,20,526219,103922,1993,481,0.9967656051947953,0.9982871769211524,-0.019606310975470432,0.00859909499890885,-2.2800435369022325,0.0226051064677365,-0.007282696404110648,0.021009297842954598,-0.3466415897641661,0.7288605968381456,0.12996990621900872,-1,0.007282696404110648,0.3466415897641661,WATCH,0.002551210276990296,0.0005078570233312328,0.9179206522282959,471.0
growth_revenue_126s,FUNDAMENTAL_CHANGE,20,526219,103922,1993,481,0.3121457035948911,0.7103404476434249,0.02933015614361574,0.012877119779355477,2.277695373358076,0.022744733588326526,0.026966714190324027,0.014219193270086096,1.8965009953873948,0.05789382849507486,0.12996990621900872,1,0.026966714190324027,1.8965009953873948,WATCH,0.007129112632772993,0.007222188576954704,1.2562041292758361,481.0
drawdown_high_252d,MARKET_TREND_RISK,20,526219,103922,1993,481,0.9611568567459556,0.9824964877504282,0.03232911285610719,0.015657082848876173,2.0648235158586834,0.038939701975582525,0.04998449420058853,0.02794724548919664,1.7885302585512646,0.07369049834260911,0.15881025212828642,1,0.04998449420058853,1.7885302585512646,WATCH,0.0026238155815144384,0.017903374178118013,0.6136872872566015,481.0
trend_sma_252d,MARKET_TREND_RISK,20,526219,103922,1993,481,0.9611568567459556,0.9824964877504282,0.03091161965046919,0.014783112438403523,2.09100889811046,0.036527266343543786,0.04800505088343353,0.025667122893634535,1.8702934131872964,0.061443083737102444,0.15881025212828642,1,0.04800505088343353,1.8702934131872964,WATCH,0.007933817151467584,0.01815650249794515,1.2117310275369155,481.0
vol_10d,MARKET_TREND_RISK,20,526219,103922,1993,481,0.9982687816289416,0.9989992494370779,-0.02926341258608488,0.014186593439586202,-2.0627511960995792,0.03913627304071921,-0.032920265228283056,0.026931164719103,-1.222385499166021,0.22156188029562185,0.15881025212828642,-1,0.032920265228283056,1.222385499166021,WATCH,-6.254693672758128e-05,0.01819857433438709,0.4150921355023623,481.0
vol_20d,MARKET_TREND_RISK,20,526219,103922,1993,481,0.996550865704203,0.9981909509054868,-0.030724829212007667,0.015042460156756424,-2.042540175730989,0.041097978446601076,-0.0397578069632904,0.027503703221044718,-1.4455437743696034,0.14830520664232236,0.15881025212828642,-1,0.0397578069632904,1.4455437743696034,WATCH,-0.00018712106490349555,0.01747682108437177,0.3703209670167636,481.0
vol_60d,MARKET_TREND_RISK,20,526219,103922,1993,481,0.9899908593190287,0.9952753026308193,-0.032294565068466445,0.015752128393227583,-2.050171523636835,0.04034769578492676,-0.037504754664561046,0.030046755911577506,-1.248213110757486,0.21195302389253434,0.15881025212828642,-1,0.037504754664561046,1.248213110757486,WATCH,0.001034835319821143,0.02099560570050015,0.3030599963757554,481.0
worst_day_60d,MARKET_TREND_RISK,20,526219,103922,1993,481,0.9899908593190287,0.9952753026308193,0.028065266874134825,0.013560181138667358,2.0696822990148473,0.03848210543419233,0.04037172037127123,0.023631294882695164,1.7084006852639642,0.08756202020215997,0.15881025212828642,1,0.04037172037127123,1.7084006852639642,WATCH,0.004606181841910524,0.022634811752892912,0.3541193415814245,481.0
downside_vol_60d,MARKET_TREND_RISK,20,526219,103922,1993,481,0.9899908593190287,0.9952753026308193,-0.031683636299617186,0.015958554398621597,-1.9853700722638026,0.04710331313505603,-0.033211878643443424,0.029744834200655035,-1.1165595484378943,0.2641826956556168,0.1712847750365674,-1,0.033211878643443424,1.1165595484378943,WATCH,0.0022473591852959244,0.02436683523839765,0.3160462818306239,481.0
vol_120d,MARKET_TREND_RISK,20,526219,103922,1993,481,0.9807114528361766,0.9902715498162084,-0.031219814478906944,0.016088388991642014,-1.9405183760242104,0.05231672313688341,-0.02503473027917091,0.031481053797571656,-0.7952316475855077,0.4264787656206809,0.18197121091089882,-1,0.02503473027917091,0.7952316475855077,WATCH,-0.0012792619510960874,0.01837289192245538,0.2952293402928965,481.0
trend_sma_252d,MARKET_TREND_RISK,40,521782,99702,1973,461,0.9610028709307719,0.9827586206896551,0.040194066428879655,0.019072328965413606,2.107454548512083,0.035078197529710475,0.04862466910600766,0.028828498919740295,1.6866875115967954,0.09166345467694377,0.200446843026917,1,0.04862466910600766,1.6866875115967954,NO_EVIDENCE,,,,
drawdown_high_252d,MARKET_TREND_RISK,40,521782,99702,1973,461,0.9610028709307719,0.9827586206896551,0.03965078780142419,0.020957858721103815,1.8919293392076006,0.05850039608934824,0.042311583819632015,0.0337134181994143,1.2550368986425438,0.20946536541787453,0.2838453268622133,1,0.042311583819632015,1.2550368986425438,NO_EVIDENCE,,,,
fund_latest_update_age_days,BALANCE_SHEET_OR_FRESHNESS,40,521782,99702,1973,461,0.5963122530098777,0.8090710316743897,-0.019660575108835593,0.010466280044546765,-1.8784682833973396,0.060317131958220326,-0.03937447041012495,0.01853062645439234,-2.124832126265864,0.03360062311080047,0.2838453268622133,-1,0.03937447041012495,2.124832126265864,NO_EVIDENCE,,,,
mom_skip_120_20,MARKET_TREND_RISK,40,521782,99702,1973,461,0.9761202954490573,0.9882449700106317,0.031072027112871645,0.016202293948142335,1.917754807579836,0.05514210857517187,0.056465154375346424,0.02157343607177848,2.617346360008544,0.008861637144200792,0.2838453268622133,1,0.056465154375346424,2.617346360008544,NO_EVIDENCE,,,,
delta_operating_margin_252s,FUNDAMENTAL_CHANGE,40,521782,99702,1600,461,0.2227558635598775,0.5935387454614752,-0.03585833703238593,0.019880703755454414,-1.8036754369194772,0.07128220239085943,0.022003634867232974,0.02433202911754872,0.9043074361341914,0.36583240483752644,0.3168097884038197,-1,-0.022003634867232974,-0.9043074361341914,NO_EVIDENCE,,,,
distance_low_20d,MARKET_TREND_RISK,40,521782,99702,1973,461,0.9967706820089616,0.998355098192614,-0.019040946022149487,0.011486744472181478,-1.657645128979993,0.09738911508711555,-0.011018636259540157,0.018948686013500103,-0.5814986987324537,0.5609043949958591,0.31759539322709257,-1,0.011018636259540157,0.5814986987324537,NO_EVIDENCE,,,,
drawdown_high_120d,MARKET_TREND_RISK,40,521782,99702,1973,461,0.980846407120215,0.9902409179354477,0.03144046422801895,0.01883078135175773,1.6696314210607195,0.09499230974223578,0.04101729223285364,0.03300952403651784,1.2425896292075267,0.21401909347970394,0.31759539322709257,1,0.04101729223285364,1.2425896292075267,NO_EVIDENCE,,,,
fund_current_ratio,BALANCE_SHEET_OR_FRESHNESS,40,521782,99702,1973,461,0.5120950895201444,0.6729052576678501,0.03107953399468363,0.018116276130370153,1.7155586374940406,0.08624285445423475,-0.015354041127008432,0.035563290780119244,-0.43173848061304043,0.6659314963044265,0.31759539322709257,1,-0.015354041127008432,-0.43173848061304043,NO_EVIDENCE,,,,
fund_net_debt_assets,BALANCE_SHEET_OR_FRESHNESS,40,521782,99702,1973,461,0.44452855790349227,0.668131030470803,-0.030293542025864758,0.017432315721281788,-1.7377807119958066,0.0822494605438427,-0.05937083941431143,0.029292190634622267,-2.026848730942551,0.042677885071534326,0.31759539322709257,-1,0.05937083941431143,2.026848730942551,NO_EVIDENCE,,,,
mom_120d,MARKET_TREND_RISK,40,521782,99702,1973,461,0.9761202954490573,0.9882449700106317,0.026979292340531383,0.016706436569384402,1.6149040657762193,0.10633147165983245,0.05627173289980702,0.023442618564610506,2.4004030413546067,0.01637702873398202,0.31759539322709257,1,0.05627173289980702,2.4004030413546067,NO_EVIDENCE,,,,
mom_accel_20_60,MARKET_TREND_RISK,40,521782,99702,1973,461,0.987604018536477,0.9940121562255522,-0.015520607310411548,0.009634384152440582,-1.6109599809220674,0.10718844521414375,0.003387189129957839,0.020662584880092226,0.16392862507833145,0.869787332364943,0.31759539322709257,-1,-0.003387189129957839,-0.16392862507833145,NO_EVIDENCE,,,,
rel_mom_120d,MARKET_TREND_RISK,40,521782,99702,1973,461,0.9761202954490573,0.9882449700106317,0.02697944169531183,0.016706435435889226,1.6149131152989014,0.10632951163766428,0.05627173289980702,0.023442618564610506,2.4004030413546067,0.01637702873398202,0.31759539322709257,1,0.05627173289980702,2.4004030413546067,NO_EVIDENCE,,,,
vol_10d,MARKET_TREND_RISK,40,521782,99702,1973,461,0.9982693921982744,0.9990271007602656,-0.03379961424074239,0.020820187565626876,-1.6234058475315525,0.10450267551828181,-0.042427686259431836,0.03581896725014702,-1.1845033376627487,0.2362138758571487,0.31759539322709257,-1,0.042427686259431836,1.1845033376627487,NO_EVIDENCE,,,,
vol_20d,MARKET_TREND_RISK,40,521782,99702,1973,461,0.9965579494884836,0.9982648291909891,-0.03636581988225877,0.02244501548409514,-1.620218079512046,0.10518543905410445,-0.04608210423923718,0.037115862172729455,-1.2415743981584129,0.2143936326183158,0.31759539322709257,-1,0.04608210423923718,1.2415743981584129,NO_EVIDENCE,,,,
delta_ocf_assets_126s,FUNDAMENTAL_CHANGE,40,521782,99702,1973,461,0.5560789755108455,0.7401155443220798,0.015915277038372373,0.010578848337211302,1.5044432561141916,0.1324672736079363,0.01162768622903938,0.024959429007389494,0.4658634708989891,0.6413132297397145,0.3193162638816909,1,0.01162768622903938,0.4658634708989891,NO_EVIDENCE,,,,
delta_profit_assets_126s,FUNDAMENTAL_CHANGE,40,521782,99702,1973,461,0.5626851827008215,0.7401155443220798,0.01307881803679205,0.00903382104880978,1.447761469496366,0.14768377204528202,0.026355091628954587,0.02212622948342332,1.1911243914693859,0.2336047557206441,0.3193162638816909,1,0.026355091628954587,1.1911243914693859,NO_EVIDENCE,,,,
downside_vol_20d,MARKET_TREND_RISK,40,521782,99702,1973,461,0.9965579494884836,0.9982648291909891,-0.03249597607478071,0.022067177537845338,-1.4725932221757823,0.14086075349789273,-0.04554710151316961,0.03607177259154183,-1.2626798807178545,0.20670424733847992,0.3193162638816909,-1,0.04554710151316961,1.2626798807178545,NO_EVIDENCE,,,,
fund_ocf_age_days,BALANCE_SHEET_OR_FRESHNESS,40,521782,99702,1973,461,0.5611998880758631,0.7422619405829372,-0.018850356854704986,0.011999445191366202,-1.5709357019496308,0.11619758469464697,-0.05054178849266111,0.021592441878393355,-2.3407166626779783,0.019246767351621775,0.3193162638816909,-1,0.05054178849266111,2.3407166626779783,NO_EVIDENCE,,,,
quality_ocf_margin_reported,QUALITY,40,521782,99702,1973,461,0.33508821691817653,0.7137870855148342,-0.026263727100864866,0.016546038494139298,-1.58731209951963,0.1124419762189136,0.04681486769733061,0.017838596933232986,2.624358175284254,0.008681243880269422,0.3193162638816909,-1,-0.04681486769733061,-2.624358175284254,NO_EVIDENCE,,,,
value_fcf_yield_reported,VALUATION,40,521782,99702,1973,461,0.4206986825915804,0.5630579125794869,0.022023629473811084,0.01420256506851973,1.5506797094439582,0.12097845942359232,0.05709320208171907,0.02398490388306027,2.380380691124724,0.017294760532331352,0.3193162638816909,1,0.05709320208171907,2.380380691124724,NO_EVIDENCE,,,,
value_sales_yield_reported,VALUATION,40,521782,99702,1973,461,0.3250572077994258,0.6661752021022648,0.03710220147167209,0.025307248346908486,1.4660701536208092,0.14262917581003054,-0.0002890838399276416,0.02876844369145199,-0.010048643681532814,0.9919824772782694,0.3193162638816909,1,-0.0002890838399276416,-0.010048643681532814,NO_EVIDENCE,,,,
vol_60d,MARKET_TREND_RISK,40,521782,99702,1973,461,0.9899766569180233,0.9952759222483,-0.03394475840455822,0.023087093875768933,-1.470291522493654,0.1414828160776543,-0.030337082279539324,0.04177971523790914,-0.7261198911191415,0.4677652760131138,0.3193162638816909,-1,0.030337082279539324,0.7261198911191415,NO_EVIDENCE,,,,
worst_day_20d,MARKET_TREND_RISK,40,521782,99702,1973,461,0.9965579494884836,0.9982648291909891,0.02988009389114435,0.020446814987628043,1.4613568865969686,0.1439175258662943,0.05493965005520976,0.031212551929412403,1.7601780905148834,0.0783776155752245,0.3193162638816909,1,0.05493965005520976,1.7601780905148834,NO_EVIDENCE,,,,
worst_day_60d,MARKET_TREND_RISK,40,521782,99702,1973,461,0.9899766569180233,0.9952759222483,0.028842382450736028,0.019684096726191237,1.4652631945442014,0.14284912404766983,0.03365478232337727,0.03348693878337338,1.005012209120985,0.3148909709392752,0.3193162638816909,1,0.03365478232337727,1.005012209120985,NO_EVIDENCE,,,,
downside_vol_60d,MARKET_TREND_RISK,40,521782,99702,1973,461,0.9899766569180233,0.9952759222483,-0.032784304768826426,0.02301942323610503,-1.4242018330592046,0.154388054431779,-0.02364287723653762,0.041604802595115176,-0.5682727897214811,0.5698497523637831,0.3250274830142716,-1,0.02364287723653762,0.5682727897214811,NO_EVIDENCE,,,,
vol_120d,MARKET_TREND_RISK,40,521782,99702,1973,461,0.980656672710059,0.9901506489338228,-0.03219341135135811,0.02340708812384407,-1.3753701947472776,0.16901670445730976,-0.022037753848318273,0.044095447274510716,-0.499773904347199,0.6172342873293799,0.3467009322201226,-1,0.022037753848318273,0.499773904347199,NO_EVIDENCE,,,,
mom_accel_60_120,MARKET_TREND_RISK,40,521782,99702,1973,461,0.9761202954490573,0.9882449700106317,-0.02067138877479809,0.015573335398021963,-1.327357836101292,0.18439034030591472,-0.06133605721147696,0.028267850422515957,-2.169816816443229,0.03002072590776795,0.36878068061182945,-1,0.06133605721147696,2.169816816443229,NO_EVIDENCE,,,,
growth_assets_252s,FUNDAMENTAL_CHANGE,40,521782,99702,1973,461,0.5634422038322517,0.7376582215000702,0.030148888555202227,0.023031537202509396,1.3090263272534566,0.19052543287877488,0.08723208580731849,0.0189897648704852,4.593636961924619,4.35586902618791e-06,0.37175694220248756,1,0.08723208580731849,4.593636961924619,NO_EVIDENCE,,,,
drawdown_high_60d,MARKET_TREND_RISK,40,521782,99702,1973,461,0.9901778903833401,0.9953762211389942,0.021931555682263897,0.017144234085149687,1.2792379976461579,0.20081325893193447,0.03580706601476809,0.03131648676515834,1.1433934554435978,0.25287526850544073,0.38250144558463706,1,0.03580706601476809,1.1433934554435978,NO_EVIDENCE,,,,
distance_low_120d,MARKET_TREND_RISK,40,521782,99702,1973,461,0.980846407120215,0.9902409179354477,-0.016235213247713362,0.013540024905279271,-1.1990534257720038,0.23050717228720585,0.016269071580010862,0.031055160826656217,0.5238765843404132,0.6003643820853066,0.4274991328914321,-1,-0.016269071580010862,-0.5238765843404132,NO_EVIDENCE,,,,
growth_shares_252s,FUNDAMENTAL_CHANGE,40,521782,99702,1973,461,0.5600480660505729,0.7500952839461595,0.020489685668736123,0.01725793951287412,1.1872614139973763,0.23512452309028764,0.06024256892629295,0.0288922148085689,2.0850796425764533,0.0370620718136057,0.4274991328914321,1,0.06024256892629295,2.0850796425764533,NO_EVIDENCE,,,,
value_ocf_yield_reported,VALUATION,40,521782,99702,1973,461,0.5377015688544258,0.6900262783093619,0.02032190184394386,0.017515064132128017,1.1602527795868722,0.24594590380838532,0.020135397744347208,0.02431522044683467,0.8280985067922102,0.4076147150983812,0.43723716232601834,1,0.020135397744347208,0.8280985067922102,NO_EVIDENCE,,,,
drawdown_high_20d,MARKET_TREND_RISK,40,521782,99702,1973,461,0.9967706820089616,0.998355098192614,0.016373736632313188,0.014921241716209517,1.0973441047152108,0.27249099766560325,0.04079625951894673,0.026593252128282372,1.5340831321476178,0.1250092024652355,0.4536203810116945,1,0.04079625951894673,1.5340831321476178,NO_EVIDENCE,,,,
quality_operating_income_assets_reported,QUALITY,40,521782,99702,1973,461,0.4704282631443783,0.6220436901967864,-0.01663996995599762,0.01499569077911263,-1.1096501122292608,0.26714982811616483,-0.03449215952499648,0.02050930562100599,-1.6817809516509912,0.09261132373604158,0.4536203810116945,-1,0.03449215952499648,1.6817809516509912,NO_EVIDENCE,,,,
quality_profit_margin_reported,QUALITY,40,521782,99702,1973,461,0.33751451755714074,0.7137870855148342,-0.016917312296188425,0.015425895855363046,-1.0966826468173558,0.2727801448401028,0.00493598035738702,0.021734171006441084,0.22710690717967597,0.8203406132207316,0.4536203810116945,-1,-0.00493598035738702,-0.22710690717967597,NO_EVIDENCE,,,,
trend_sma_120d,MARKET_TREND_RISK,40,521782,99702,1973,461,0.980846407120215,0.9902409179354477,0.01799012606486718,0.016578029810789232,1.0851787739673948,0.2778424833696629,0.026017986142395946,0.02636079153959317,0.9869956333943031,0.3236447792539675,0.4536203810116945,1,0.026017986142395946,0.9869956333943031,NO_EVIDENCE,,,,
delta_ocf_assets_252s,FUNDAMENTAL_CHANGE,40,521782,99702,1973,461,0.5507664120264785,0.7376582215000702,-0.012362599978961887,0.011550196942894712,-1.070336725865695,0.28446776901292226,0.04098345734636105,0.020534196032548014,1.995863742675859,0.045948756203410546,0.4551484304206756,-1,-0.04098345734636105,-1.995863742675859,NO_EVIDENCE,,,,
fund_revenue_age_days,BALANCE_SHEET_OR_FRESHNESS,40,521782,99702,1973,461,0.3395038540999881,0.7137870855148342,-0.012997985261263079,0.01374722591803965,-0.945498774716913,0.34440429606638623,-0.010341105928150879,0.01704401456359167,-0.606729470311583,0.5440304611291273,0.5402420330453117,-1,0.010341105928150879,0.606729470311583,NO_EVIDENCE,,,,
quality_accruals_assets_reported,QUALITY,40,521782,99702,1973,461,0.5577156743620899,0.7422619405829372,-0.012087232685497174,0.014402345765857147,-0.8392544438248188,0.40132654152556935,-0.04313436796802537,0.021045998302720963,-2.0495282451129286,0.04041048882383543,0.6174254485008759,-1,0.04313436796802537,2.0495282451129286,NO_EVIDENCE,,,,
quality_fcf_assets_reported,QUALITY,40,521782,99702,1973,461,0.44211567282888253,0.6152935748530621,0.013808305176735945,0.01743533885206793,0.7919722865092582,0.4283768357142457,0.05221002533247768,0.019450518286712203,2.6842485409833747,0.007269304380635653,0.6466065444743331,1,0.05221002533247768,2.6842485409833747,NO_EVIDENCE,,,,
distance_low_60d,MARKET_TREND_RISK,40,521782,99702,1973,461,0.9901778903833401,0.9953762211389942,-0.009061210564712988,0.013308680619752385,-0.6808496517126261,0.4959666289440873,-0.015907823627907193,0.024579892677214048,-0.6471884900723752,0.5175099596445687,0.7128012009804146,-1,0.015907823627907193,0.6471884900723752,NO_EVIDENCE,,,,
fund_equity_assets,BALANCE_SHEET_OR_FRESHNESS,40,521782,99702,1973,461,0.5634939495804762,0.7399650959860384,0.010146706944947147,0.015007130983444352,0.6761257002514901,0.4989608406862902,0.0011363321583099332,0.029502274649675482,0.0385167642767651,0.9692756654415856,0.7128012009804146,1,0.0011363321583099332,0.0385167642767651,NO_EVIDENCE,,,,
value_earnings_yield_reported,VALUATION,40,521782,99702,1973,461,0.542603999371385,0.6900262783093619,0.010597862376936464,0.015500150928110124,0.6837263989292408,0.4941479503221766,-0.01127074984950071,0.022797777870521476,-0.49437931685764347,0.6210383183148955,0.7128012009804146,1,-0.01127074984950071,-0.49437931685764347,NO_EVIDENCE,,,,
delta_operating_margin_126s,FUNDAMENTAL_CHANGE,40,521782,99702,1726,461,0.24907720082333235,0.5981424645443422,0.012857383418373142,0.020419536228873488,0.6296608930908351,0.5289164740336778,0.039140730728608755,0.025437565895112844,1.5386979591521615,0.12387805080508396,0.726090165667519,1,0.039140730728608755,1.5386979591521615,NO_EVIDENCE,,,,
distance_low_252d,MARKET_TREND_RISK,40,521782,99702,1973,461,0.9610028709307719,0.9827586206896551,0.009101042420812184,0.014707560067672739,0.618800289030694,0.5360479317924295,0.07048940321865793,0.03424547732876953,2.058356569012983,0.0395559175997282,0.726090165667519,1,0.07048940321865793,2.058356569012983,NO_EVIDENCE,,,,
mom_skip_60_5,MARKET_TREND_RISK,40,521782,99702,1973,461,0.987604018536477,0.9940121562255522,0.009320031281345877,0.015087963128852952,0.6177130207538108,0.5367645273695354,-0.0009188816810272148,0.026001871079507476,-0.03533905995524304,0.9718093774297273,0.726090165667519,1,-0.0009188816810272148,-0.03533905995524304,NO_EVIDENCE,,,,
quality_operating_margin_reported,QUALITY,40,521782,99702,1852,461,0.27559593853371717,0.6028163928506951,-0.010562532242512121,0.017432211487275164,-0.6059203819447899,0.5445676242506392,0.012379552861179898,0.0220189201137231,0.5622234331766547,0.5739637976794612,0.726090165667519,-1,-0.012379552861179898,-0.5622234331766547,NO_EVIDENCE,,,,
mom_60d,MARKET_TREND_RISK,40,521782,99702,1973,461,0.987604018536477,0.9940121562255522,0.008088788367050083,0.015373464761184353,0.5261525942722447,0.5987821885281908,0.00048262700779867876,0.026989818646535938,0.0178818173667359,0.9857331343354191,0.7726221787460525,1,0.00048262700779867876,0.0178818173667359,NO_EVIDENCE,,,,
rel_mom_60d,MARKET_TREND_RISK,40,521782,99702,1973,461,0.987604018536477,0.9940121562255522,0.008088919944155342,0.015373469234287368,0.5261609998941986,0.5987763487727347,0.00048262700779867876,0.026989818646535938,0.0178818173667359,0.9857331343354191,0.7726221787460525,1,0.00048262700779867876,0.0178818173667359,NO_EVIDENCE,,,,
mom_accel_120_252,MARKET_TREND_RISK,40,521782,99702,1973,461,0.9514989018402321,0.9789272030651341,-0.00829045211654938,0.01683548421635128,-0.4924391844041747,0.6224089043759022,-0.026303797544565397,0.025145374077350124,-1.046069048869658,0.29552915397802415,0.7903605134932092,-1,0.026303797544565397,1.046069048869658,NO_EVIDENCE,,,,
delta_profit_assets_252s,FUNDAMENTAL_CHANGE,40,521782,99702,1973,461,0.5574166989279048,0.7376582215000702,0.0050987186944241305,0.011287056930934694,0.45173145892885114,0.6514624521953145,0.01158768819437618,0.022878331171750234,0.5064918462533866,0.612511412248346,0.801799941163464,1,0.01158768819437618,0.5064918462533866,NO_EVIDENCE,,,,
quality_ocf_assets_reported,QUALITY,40,521782,99702,1973,461,0.5611998880758631,0.7422619405829372,0.008108095323303414,0.017646981395394945,0.45946075091455907,0.6459033310146451,0.0171810066696141,0.02351065239839742,0.7307754110126363,0.46491634505138346,0.801799941163464,1,0.0171810066696141,0.7307754110126363,NO_EVIDENCE,,,,
fund_net_income_age_days,BALANCE_SHEET_OR_FRESHNESS,40,521782,99702,1973,461,0.5675646151074587,0.7422619405829372,-0.004637548742272547,0.011883480994508566,-0.390251706921195,0.6963504300312012,-0.0385602246462558,0.016979934954708772,-2.270928878650534,0.023151283720360433,0.8030247648826284,-1,0.0385602246462558,2.270928878650534,NO_EVIDENCE,,,,
mom_20d,MARKET_TREND_RISK,40,521782,99702,1973,461,0.9957146854433461,0.9979037531844898,-0.004916593800449408,0.011659008336634618,-0.4216991409981774,0.6732446315316931,0.00682791829678499,0.021715869741279755,0.31442066922172507,0.7532015598107602,0.8030247648826284,-1,-0.00682791829678499,-0.31442066922172507,NO_EVIDENCE,,,,
rel_mom_20d,MARKET_TREND_RISK,40,521782,99702,1973,461,0.9957146854433461,0.9979037531844898,-0.004916639090943986,0.011659013920585761,-0.4217028236206934,0.6732419432077588,0.00682791829678499,0.021715869741279755,0.31442066922172507,0.7532015598107602,0.8030247648826284,-1,-0.00682791829678499,-0.31442066922172507,NO_EVIDENCE,,,,
trend_sma_20d,MARKET_TREND_RISK,40,521782,99702,1973,461,0.9967706820089616,0.998355098192614,-0.004091346762804256,0.010511673197501549,-0.3892193645990346,0.6971138797866732,0.014880880691888625,0.018976307417559454,0.784182104792359,0.4329332639846615,0.8030247648826284,-1,-0.014880880691888625,-0.784182104792359,NO_EVIDENCE,,,,
value_eps_yield_reported,VALUATION,40,521782,99702,1973,461,0.5424602611818728,0.7093739343242864,0.006146442264772737,0.01610069215587433,0.3817501884557311,0.7026466692722999,-0.02137178289945454,0.027188867755945097,-0.7860490216545116,0.43183876829342915,0.8030247648826284,1,-0.02137178289945454,-0.7860490216545116,NO_EVIDENCE,,,,
mom_skip_20_5,MARKET_TREND_RISK,40,521782,99702,1973,461,0.9957146854433461,0.9979037531844898,-0.0034237667201046243,0.010308022620686579,-0.3321458291363916,0.7397791459007284,0.003488523421238223,0.020730172803136396,0.16828240914182938,0.8663611119816381,0.821976828778587,-1,-0.003488523421238223,-0.16828240914182938,NO_EVIDENCE,,,,
value_book_to_market_snapshot,VALUATION,40,521782,99702,1973,461,0.538682821561495,0.6877294337124631,0.007174935419077078,0.021364058241388616,0.3358414088750735,0.7369904621425296,0.00042789978642205506,0.03124638522710442,0.013694377231542192,0.9890738093471659,0.821976828778587,1,0.00042789978642205506,0.013694377231542192,NO_EVIDENCE,,,,
fund_debt_assets,BALANCE_SHEET_OR_FRESHNESS,40,521782,99702,1973,461,0.45202594186844314,0.668131030470803,-0.004766773792154356,0.01579819386598891,-0.30172903514094035,0.7628586324041428,-0.04550720353930049,0.022904361389202828,-1.9868357281837465,0.04694060391300302,0.8360094601689236,-1,0.04550720353930049,1.9868357281837465,NO_EVIDENCE,,,,
mom_10d,MARKET_TREND_RISK,40,521782,99702,1973,461,0.9978400941389316,0.9988265029788771,-0.0024441828628859468,0.00923774454521568,-0.2645865395955134,0.7913279905387554,0.011831131130303107,0.016447440469864686,0.7193296216502701,0.4719378487959135,0.8554897195013571,-1,-0.011831131130303107,-0.7193296216502701,NO_EVIDENCE,,,,
mom_1d,MARKET_TREND_RISK,40,521782,99702,1973,461,0.9997853509703286,0.999859581553028,-0.0007961016839393587,0.0033201886480839415,-0.23977603935209635,0.8105038830056961,0.007061428426518169,0.004945253015377862,1.4279205542284295,0.15331472673823993,0.8645374752060758,-1,-0.007061428426518169,-1.4279205542284295,NO_EVIDENCE,,,,
delta_cash_assets_126s,FUNDAMENTAL_CHANGE,40,521782,99702,1973,461,0.5560253132534276,0.7401155443220798,-0.0019002728275402353,0.0095888802800971,-0.1981746327028908,0.8429084340393962,0.024863438478444258,0.01764461526352612,1.4091232994941212,0.15879871244241006,0.8757490223785934,-1,-0.024863438478444258,-1.4091232994941212,NO_EVIDENCE,,,,
mom_5d,MARKET_TREND_RISK,40,521782,99702,1973,461,0.9989133392872885,0.9993580870995566,-0.0014399117890531252,0.007118782169423374,-0.20226939872354024,0.8397061217900165,0.011747458372932148,0.011703299039504272,1.0037732380655076,0.3154879265737237,0.8757490223785934,-1,-0.011747458372932148,-1.0037732380655076,NO_EVIDENCE,,,,
mom_40d,MARKET_TREND_RISK,40,521782,99702,1973,461,0.9915865246405587,0.9960783133738541,0.001745497007111939,0.014028602586395256,0.1244241538928972,0.9009794499045246,-0.008205766308323054,0.023640229442024888,-0.3471102650863356,0.7285084819755088,0.9240814870815637,1,-0.008205766308323054,-0.3471102650863356,NO_EVIDENCE,,,,
trend_sma_60d,MARKET_TREND_RISK,40,521782,99702,1973,461,0.9901778903833401,0.9953762211389942,0.000875950667764037,0.014959461970683667,0.05855495802460367,0.953306587376318,0.0018411871049638178,0.024398382431660755,0.0754634906687333,0.9398459449034163,0.9653737593684233,1,0.0018411871049638178,0.0754634906687333,NO_EVIDENCE,,,,
quality_profit_assets_reported,QUALITY,40,521782,99702,1973,461,0.5675646151074587,0.7422619405829372,-0.0005559946064575987,0.017753983200897827,-0.03131661217464044,0.9750170423061092,-0.04272052956653745,0.024628874511451303,-1.7345709218939076,0.08281683363904303,0.9750170423061093,-1,0.04272052956653745,1.7345709218939076,NO_EVIDENCE,,,,
liq_amihud_20d,LIQUIDITY,40,521782,99702,0,0,0.0034094698552268954,0.01849511544402319,,,,,,,,,,-1,,,NO_EVIDENCE,,,,
liq_amihud_60d,LIQUIDITY,40,521782,99702,0,0,0.0031641566784595867,0.01849511544402319,,,,,,,,,,-1,,,NO_EVIDENCE,,,,
liq_dollar_volume_trend_20_60,LIQUIDITY,40,521782,99702,0,0,0.003171822715233565,0.01849511544402319,,,,,,,,,,-1,,,NO_EVIDENCE,,,,
liq_log_dollar_volume_20d,LIQUIDITY,40,521782,99702,0,0,0.0034171358920008737,0.01849511544402319,,,,,,,,,,-1,,,NO_EVIDENCE,,,,
liq_log_dollar_volume_60d,LIQUIDITY,40,521782,99702,0,0,0.003171822715233565,0.01849511544402319,,,,,,,,,,-1,,,NO_EVIDENCE,,,,
fund_update_count_60d,BALANCE_SHEET_OR_FRESHNESS,40,521782,99702,1973,461,1.0,1.0,0.08768333199775108,0.012145344189996417,7.2195016152750915,5.217844885498843e-13,0.10830031492935495,0.01595181835172097,6.789214404367318,1.1274578216777826e-11,2.0871379541995374e-11,1,0.10830031492935495,6.789214404367318,VALIDATED,0.025496766050815873,0.022966017845498742,0.7413997402229965,382.0
size_log_market_cap,SIZE,40,521782,99702,1973,461,0.571351637273804,0.7568353694008144,-0.09004919708421319,0.016591525252800488,-5.42742127153221,5.717407235780051e-08,-0.06676085263845111,0.027021882163505654,-2.4706218550762107,0.013487835806903176,1.524641929541347e-06,-1,0.06676085263845111,2.4706218550762107,VALIDATED,0.02941376921021257,0.015250217881036355,1.8320074258767833,461.0
fund_update_count_20d,BALANCE_SHEET_OR_FRESHNESS,40,521782,99702,1973,461,1.0,1.0,0.035174767471243484,0.007122875928332894,4.938281647070065,7.881395975844558e-07,0.03706257753132148,0.012209988662509986,3.0354309537665527,0.002401922123007845,1.5762791951689116e-05,1,0.03706257753132148,3.0354309537665527,VALIDATED,,,0.7005613032556753,0.0
size_log_shares,SIZE,40,521782,99702,1973,461,0.571351637273804,0.7568353694008144,-0.0699998855474901,0.016058212627459423,-4.359133059914204,1.3057870338655567e-05,-0.05712577595912387,0.02227887337010917,-2.564123194657035,0.01034368233986145,0.00020892592541848907,-1,0.05712577595912387,2.564123194657035,VALIDATED,0.011653563343913586,0.006993986692554097,1.2686330456708683,461.0
size_log_assets,SIZE,40,521782,99702,1973,461,0.5719438386145939,0.7422619405829372,-0.07790713847201299,0.02164140276503509,-3.5999116747590674,0.000318325290272733,-0.04716946497680913,0.030285271632268143,-1.5575050985031065,0.11935061103022906,0.004244337203636439,-1,0.04716946497680913,1.5575050985031065,VALIDATED,0.02011277964241937,0.014815468717490982,1.4595821940546934,461.0
skew_60d,MARKET_TREND_RISK,40,521782,99702,1973,461,0.9899766569180233,0.9952759222483,-0.03139592146819852,0.010137981408945037,-3.0968612193840666,0.001955814145569866,-0.03832942420281631,0.019695398079202488,-1.94611066243391,0.051641448076105156,0.02235216166365561,-1,0.03832942420281631,1.94611066243391,VALIDATED,0.007091620475686191,0.008451160549109252,0.905518340373078,461.0
liq_zero_volume_20d,LIQUIDITY,40,521782,99702,1079,323,0.9967706820089616,0.998355098192614,6.922165636427276e-08,6.699018544430483e-09,10.33310415625333,4.991850116020256e-25,9.929236700144172e-08,9.076845986011878e-09,10.939082491259514,7.495459787059421e-28,3.993480092816205e-23,1,9.929236700144172e-08,10.939082491259514,WATCH,,,,0.0
fund_cash_assets,BALANCE_SHEET_OR_FRESHNESS,40,521782,99702,1973,461,0.5618706662935862,0.7422619405829372,0.0511282922068591,0.021209176829783082,2.4106683921396685,0.015923318781213263,0.050945658348775034,0.025791354206421452,1.9752998598301885,0.048234129146338095,0.14726675669682998,1,0.050945658348775034,1.9752998598301885,WATCH,0.02151923698876299,0.0209090182584452,1.4022733864269432,461.0
mom_skip_252_20,MARKET_TREND_RISK,40,521782,99702,1973,461,0.9514989018402321,0.9789272030651341,0.048897810565623645,0.020406673281052706,2.396167660067579,0.016567510128393373,0.08039843050559126,0.03415348594767225,2.354032927378848,0.018570965960529477,0.14726675669682998,1,0.08039843050559126,2.354032927378848,WATCH,0.02354646318034873,0.03676864878755175,1.4340107327251335,461.0
growth_revenue_126s,FUNDAMENTAL_CHANGE,40,521782,99702,1973,461,0.3089738626476191,0.7091131572084812,0.0394615156157391,0.017138409801095492,2.302519082792425,0.0213059165309661,0.01614338535541862,0.015147950400914401,1.0657141678021425,0.28655287114932404,0.1704473322477288,1,0.01614338535541862,1.0657141678021425,WATCH,0.006123811832069616,0.005454132161019698,1.108242196209149,461.0
growth_revenue_252s,FUNDAMENTAL_CHANGE,40,521782,99702,1973,461,0.2785511957100858,0.7053419189183767,0.051594353593548796,0.023056868608051756,2.237699944021513,0.025240628917184177,0.06221259368408304,0.02592258689287553,2.399937704565331,0.016397862211775322,0.17065596372083455,1,0.06221259368408304,2.399937704565331,WATCH,0.027013758079738125,0.022357509139023457,1.4927030842534996,461.0
mom_252d,MARKET_TREND_RISK,40,521782,99702,1973,461,0.9514989018402321,0.9789272030651341,0.0450619203695821,0.02047280292569139,2.201062577173238,0.027731594104635618,0.07547893789137301,0.035701951095775966,2.1141404201941,0.034503275777719986,0.17065596372083455,1,0.07547893789137301,2.1141404201941,WATCH,0.018086363696100793,0.02742383116982691,1.368394404728901,461.0
rel_mom_252d,MARKET_TREND_RISK,40,521782,99702,1973,461,0.9514989018402321,0.9789272030651341,0.04506210298602969,0.020472845802391264,2.2010668873775407,0.027731289014806922,0.07547902746076116,0.035701964475791104,2.1141421366866857,0.03450312921546773,0.17065596372083455,1,0.07547902746076116,2.1141421366866857,WATCH,0.018086363696100793,0.02742383116982691,1.368394404728901,461.0
size_log_assets,SIZE,60,517369,95501,1953,441,0.570675861909005,0.7411964272625418,-0.09319583971528297,0.02652827371899421,-3.513075924294119,0.00044295088311172096,-0.05637114483791683,0.0379140155101451,-1.4868154712558193,0.1370635541902091,0.0059060117748229455,-1,0.05637114483791683,1.4868154712558193,DISCOVERY_ONLY,0.028270580281886268,0.019265434532255953,1.4877704452438705,441.0
trend_sma_252d,MARKET_TREND_RISK,60,517369,95501,1953,441,0.9608306643807418,0.9828483471377263,0.05007306059301718,0.02197788499809912,2.278338456923768,0.02270642006724639,0.04954579551955837,0.03163143344234346,1.5663468305939567,0.11726744311214547,0.20183484504219015,1,0.04954579551955837,1.5663468305939567,NO_EVIDENCE,,,,
fund_cash_assets,BALANCE_SHEET_OR_FRESHNESS,60,517369,95501,1953,441,0.5605167684959864,0.7411964272625418,0.05802113938612091,0.026889911947873994,2.1577288723962615,0.03094891778673816,0.06463502130079336,0.02671214157121702,2.419686984979114,0.015533872090855737,0.20632611857825442,1,0.06463502130079336,2.419686984979114,NO_EVIDENCE,,,,
mom_skip_120_20,MARKET_TREND_RISK,60,517369,95501,1953,441,0.9760190502330058,0.9884817960021361,0.04040593486621509,0.018565651777958183,2.1763811661159393,0.02952677089797464,0.07414332773390855,0.02846282705940853,2.6049179014844244,0.009189627680188193,0.20632611857825442,1,0.07414332773390855,2.6049179014844244,NO_EVIDENCE,,,,
mom_skip_252_20,MARKET_TREND_RISK,60,517369,95501,1953,441,0.9512958835956542,0.9790473398184312,0.05560850922779105,0.02569876029158276,2.163859602441787,0.03047512614966429,0.07766213233572757,0.04376824639467255,1.7743944236518594,0.0759979316015876,0.20632611857825442,1,0.07766213233572757,1.7743944236518594,NO_EVIDENCE,,,,
mom_252d,MARKET_TREND_RISK,60,517369,95501,1953,441,0.9512958835956542,0.9790473398184312,0.05210232005770001,0.025152743894293332,2.0714368291851057,0.03831799214032999,0.06472604108987183,0.04340285266994616,1.4912854134744624,0.1358865769006955,0.21895995508759997,1,0.06472604108987183,1.4912854134744624,NO_EVIDENCE,,,,
rel_mom_252d,MARKET_TREND_RISK,60,517369,95501,1953,441,0.9512958835956542,0.9790473398184312,0.05210248598061362,0.025152696732092788,2.0714473098280193,0.0383170136040861,0.06472605769247397,0.04340286099951585,1.4912855098007474,0.13588655162145027,0.21895995508759997,1,0.06472605769247397,1.4912855098007474,NO_EVIDENCE,,,,
delta_operating_margin_252s,FUNDAMENTAL_CHANGE,60,517369,95501,1580,441,0.2197851050217543,0.5925801824064669,-0.05175756899607989,0.02565018459978102,-2.017824425190365,0.04360955012900534,0.022483474031316147,0.02516935395397916,0.8932876891646085,0.3717031289721263,0.23258426735469512,-1,-0.022483474031316147,-0.8932876891646085,NO_EVIDENCE,,,,
delta_profit_assets_126s,FUNDAMENTAL_CHANGE,60,517369,95501,1953,441,0.5613382324801061,0.73895561303023,0.01818432537635369,0.009968576248205302,1.824164747661685,0.06812716931128211,0.027125300268599682,0.0273302077669354,0.9925025268712513,0.3209524474287123,0.23634899578607496,1,0.027125300268599682,0.9925025268712513,NO_EVIDENCE,,,,
drawdown_high_120d,MARKET_TREND_RISK,60,517369,95501,1953,441,0.9807603470637012,0.9901990555072722,0.039571655563006215,0.021589612920348365,1.8329025031157296,0.066817071451456,0.02043171356918276,0.026533240034647493,0.7700421638104781,0.4412748819612329,0.23634899578607496,1,0.02043171356918276,0.7700421638104781,NO_EVIDENCE,,,,
drawdown_high_252d,MARKET_TREND_RISK,60,517369,95501,1953,441,0.9608306643807418,0.9828483471377263,0.04604941857142694,0.02530232342109183,1.8199679849574797,0.06876388049411208,0.02351273984008511,0.030169012392548145,0.7793672372879147,0.4357634175717714,0.23634899578607496,1,0.02351273984008511,0.7793672372879147,NO_EVIDENCE,,,,
fund_latest_update_age_days,BALANCE_SHEET_OR_FRESHNESS,60,517369,95501,1953,441,0.5947495887847938,0.8078030596538256,-0.02078939042528157,0.01100840246193713,-1.888502032621298,0.05895858529742271,-0.03645467657831002,0.01590118117670296,-2.292576644037002,0.02187239031109137,0.23634899578607496,-1,0.03645467657831002,2.292576644037002,NO_EVIDENCE,,,,
growth_revenue_126s,FUNDAMENTAL_CHANGE,60,517369,95501,1953,441,0.3057334320378685,0.7077936356687364,0.04026106055764237,0.021021207168291024,1.9152592063491616,0.055459455235001585,0.01233387728436907,0.01436341691405938,0.8587007783848611,0.3905056209234795,0.23634899578607496,1,0.01233387728436907,0.8587007783848611,NO_EVIDENCE,,,,
mom_120d,MARKET_TREND_RISK,60,517369,95501,1953,441,0.9760190502330058,0.9884817960021361,0.03675730984497506,0.019086369068477316,1.92584088220754,0.05412424498940541,0.060584152011761844,0.02817333207030081,2.1504077636463603,0.03152297477906902,0.23634899578607496,1,0.060584152011761844,2.1504077636463603,NO_EVIDENCE,,,,
quality_ocf_margin_reported,QUALITY,60,517369,95501,1953,441,0.33207053379696116,0.7125160993078606,-0.03558808911583055,0.019603695801187572,-1.8153765227103076,0.06946606646492519,0.06002442773919692,0.017581818548661997,3.414005642992196,0.0006401524987781115,0.23634899578607496,-1,-0.06002442773919692,-3.414005642992196,NO_EVIDENCE,,,,
rel_mom_120d,MARKET_TREND_RISK,60,517369,95501,1953,441,0.9760190502330058,0.9884817960021361,0.03675754470873943,0.019086369872087238,1.9258531064356723,0.054122718172339324,0.060584152011761844,0.02817333207030081,2.1504077636463603,0.03152297477906902,0.23634899578607496,1,0.060584152011761844,2.1504077636463603,NO_EVIDENCE,,,,
value_sales_yield_reported,VALUATION,60,517369,95501,1953,441,0.3223018773834536,0.6649040324185087,0.05423376996774805,0.030028320837487094,1.8060873353944948,0.07090469873582249,-0.00048727419376198757,0.029516603164034153,-0.01650847799301408,0.9868287385500457,0.23634899578607496,1,-0.00048727419376198757,-0.01650847799301408,NO_EVIDENCE,,,,
growth_revenue_252s,FUNDAMENTAL_CHANGE,60,517369,95501,1953,441,0.27508992614555566,0.7042753479021162,0.050157214119139565,0.03006265422372613,1.6684226797098425,0.09523184916312387,0.0697472595306974,0.028788336368116032,2.4227610320666058,0.015403055280004626,0.3047419173219964,1,0.0697472595306974,2.4227610320666058,NO_EVIDENCE,,,,
fund_net_debt_assets,BALANCE_SHEET_OR_FRESHNESS,60,517369,95501,1953,441,0.4429082531036842,0.6669458958544937,-0.036826653915159525,0.022337251612923804,-1.6486654022311544,0.09921620183350427,-0.06714720040703478,0.03654039158267701,-1.837615786221289,0.0661190409713728,0.305280621026167,-1,0.06714720040703478,1.837615786221289,NO_EVIDENCE,,,,
fund_current_ratio,BALANCE_SHEET_OR_FRESHNESS,60,517369,95501,1953,441,0.510896478142293,0.6719301368572057,0.03538082140572832,0.022178243792501717,1.5952940970777085,0.11064648500671424,-0.011603791258044826,0.04455818482420603,-0.26041885018038524,0.7945407041000329,0.3278414370569311,1,-0.011603791258044826,-0.26041885018038524,NO_EVIDENCE,,,,
fund_ocf_age_days,BALANCE_SHEET_OR_FRESHNESS,60,517369,95501,1953,441,0.5598402687443584,0.7411964272625418,-0.02140375338955207,0.01412995227193853,-1.5147788879697062,0.1298284086773463,-0.053628440879278524,0.01715990279473103,-3.1252182206850967,0.0017767320094394475,0.3709383105067037,-1,0.053628440879278524,3.1252182206850967,NO_EVIDENCE,,,,
drawdown_high_60d,MARKET_TREND_RISK,60,517369,95501,1953,441,0.9901192379133655,0.9951832965099842,0.027896875515105855,0.018852023083269408,1.4797815275254715,0.1389315599752699,0.005381033488814857,0.026243579473445796,0.20504190345907583,0.8375393862476236,0.383259475793848,1,0.005381033488814857,0.20504190345907583,NO_EVIDENCE,,,,
quality_profit_margin_reported,QUALITY,60,517369,95501,1953,441,0.3345175300414211,0.7125160993078606,-0.025107972434537027,0.017599382756223324,-1.426639376068947,0.15368386823828667,0.0038081100861451257,0.025361593588079906,0.150152634254614,0.880644194521245,0.39660353093751394,-1,-0.0038081100861451257,-0.150152634254614,NO_EVIDENCE,,,,
trend_sma_120d,MARKET_TREND_RISK,60,517369,95501,1953,441,0.9807603470637012,0.9901990555072722,0.026427616682604158,0.018444523213680244,1.4328164722090988,0.15191029264230865,0.025926767953026286,0.022193183758792742,1.1682311215376808,0.24271355019526253,0.39660353093751394,1,0.025926767953026286,1.1682311215376808,NO_EVIDENCE,,,,
quality_operating_income_assets_reported,QUALITY,60,517369,95501,1953,441,0.46929947484290707,0.6211348572266259,-0.023548812318969773,0.017071757698606273,-1.3794017426156582,0.16777092227658308,-0.04168475667410081,0.025987973855752473,-1.6040017935016444,0.10871365727053904,0.4194273056914577,-1,0.04168475667410081,1.6040017935016444,NO_EVIDENCE,,,,
mom_accel_20_60,MARKET_TREND_RISK,60,517369,95501,1953,441,0.9875485388571793,0.9937592276520665,-0.0127510081381254,0.009445439551038187,-1.3499645060693743,0.17702736841696742,-0.03270112854534423,0.015085585728331697,-2.1677069179971857,0.030180992785486114,0.4291572567684059,-1,0.03270112854534423,2.1677069179971857,NO_EVIDENCE,,,,
downside_vol_20d,MARKET_TREND_RISK,60,517369,95501,1953,441,0.996553716979564,0.9981989717385158,-0.03356603971027815,0.025645243977124053,-1.3088602214203757,0.19058170321644674,-0.008439995683616159,0.03582044130744804,-0.2356195338626734,0.8137279143409375,0.4334393611824244,-1,0.008439995683616159,0.2356195338626734,NO_EVIDENCE,,,,
vol_10d,MARKET_TREND_RISK,60,517369,95501,1953,441,0.9982700934922657,0.9989947749238228,-0.033011093736348786,0.025027097949321665,-1.3190140464225706,0.18716441658345806,-0.024500258834687278,0.03657790994203578,-0.6698102454052817,0.5029787615526795,0.4334393611824244,-1,0.024500258834687278,0.6698102454052817,NO_EVIDENCE,,,,
worst_day_20d,MARKET_TREND_RISK,60,517369,95501,1953,441,0.996553716979564,0.9981989717385158,0.030915984094380605,0.0238587849712574,1.2957903821013934,0.19504771253209097,0.019963863049379593,0.031399063115585865,0.6358107875986252,0.5248997554000308,0.4334393611824244,1,0.019963863049379593,0.6358107875986252,NO_EVIDENCE,,,,
vol_20d,MARKET_TREND_RISK,60,517369,95501,1953,441,0.996553716979564,0.9981989717385158,-0.0337037260130677,0.026793911311768073,-1.2578874961889117,0.208432446335709,-0.02155901212573627,0.03796415025526263,-0.5678781687665388,0.5701176967552202,0.44240117504871096,-1,0.02155901212573627,0.5678781687665388,NO_EVIDENCE,,,,
vol_60d,MARKET_TREND_RISK,60,517369,95501,1953,441,0.9899182208443104,0.9950785855645491,-0.03422786887131307,0.02731283234985646,-1.253179034414311,0.2101405581481377,-0.007480548923012806,0.045054806754987235,-0.16603220525820508,0.8681316057744259,0.44240117504871096,-1,0.007480548923012806,0.16603220525820508,NO_EVIDENCE,,,,
distance_low_252d,MARKET_TREND_RISK,60,517369,95501,1953,441,0.9608306643807418,0.9828483471377263,0.018899436011440025,0.016437949364141426,1.149744143431188,0.25024926707217676,0.08409178653722534,0.03829289162474653,2.1960155780683217,0.028090828392173386,0.444887585906092,1,0.08409178653722534,2.1960155780683217,NO_EVIDENCE,,,,
downside_vol_60d,MARKET_TREND_RISK,60,517369,95501,1953,441,0.9899182208443104,0.9950785855645491,-0.03207911161703577,0.027290526198087653,-1.1754669508455162,0.23980795179830872,0.0017473602671800828,0.04316956732790215,0.04047666852687441,0.9677131076128807,0.444887585906092,-1,-0.0017473602671800828,-0.04047666852687441,NO_EVIDENCE,,,,
drawdown_high_20d,MARKET_TREND_RISK,60,517369,95501,1953,441,0.9967682640436516,0.9982932115894074,0.01871031964939002,0.016138293427456235,1.159374114338383,0.24630372343942375,0.005875800541303021,0.021674101906186134,0.27109776297701976,0.7863158420633849,0.444887585906092,1,0.005875800541303021,0.27109776297701976,NO_EVIDENCE,,,,
mom_accel_60_120,MARKET_TREND_RISK,60,517369,95501,1953,441,0.9760190502330058,0.9884817960021361,-0.020255851801954015,0.017285948357534994,-1.1718102694159926,0.24127323873848927,-0.06939464979989754,0.03471922656703826,-1.9987383551273987,0.0456366707369459,0.444887585906092,-1,0.06939464979989754,1.9987383551273987,NO_EVIDENCE,,,,
value_fcf_yield_reported,VALUATION,60,517369,95501,1953,441,0.4196096016576177,0.5620674129066712,0.02096840158646194,0.017572578141872113,1.19324560216342,0.23277319985764633,0.06918649180868881,0.030076528456168632,2.300348323428225,0.021428494004708018,0.444887585906092,1,0.06918649180868881,2.300348323428225,NO_EVIDENCE,,,,
vol_120d,MARKET_TREND_RISK,60,517369,95501,1953,441,0.9805709271332453,0.9901257578454676,-0.031835639024586436,0.027432621903078245,-1.1605029638459066,0.24584408774062616,-0.0036623669005319045,0.046618262347421294,-0.07856077674534966,0.9373819866952944,0.444887585906092,-1,0.0036623669005319045,0.07856077674534966,NO_EVIDENCE,,,,
worst_day_60d,MARKET_TREND_RISK,60,517369,95501,1953,441,0.9899182208443104,0.9950785855645491,0.027327042891706232,0.023744319147077128,1.1508876174733411,0.24977847258520003,0.00920628808993865,0.036213970029505514,0.254219244187748,0.7993261841623044,0.444887585906092,1,0.00920628808993865,0.254219244187748,NO_EVIDENCE,,,,
quality_operating_margin_reported,QUALITY,60,517369,95501,1832,441,0.2729985754848087,0.6016900346593229,-0.021865623240376216,0.020182140192260608,-1.083414495790748,0.2786244843503213,0.009334406219070631,0.029655545051717833,0.31476090568532394,0.752943196747337,0.4845643206092544,-1,-0.009334406219070631,-0.31476090568532394,NO_EVIDENCE,,,,
value_ocf_yield_reported,VALUATION,60,517369,95501,1953,441,0.5365280873032594,0.6889666076795007,0.023320637836739783,0.02240697188214825,1.0407759673818064,0.29797953632865093,0.026650321309044153,0.029325581389478,0.9087738433927953,0.3634695161902318,0.5071992107721718,1,0.026650321309044153,0.9087738433927953,NO_EVIDENCE,,,,
growth_assets_252s,FUNDAMENTAL_CHANGE,60,517369,95501,1953,441,0.5621017107712291,0.7365996167579397,0.02908966759946364,0.02969002741555514,0.9797790750514107,0.3271951832086909,0.10848265868472774,0.013852306117588855,7.831378960574857,4.825477719191529e-15,0.5453253053478182,1,0.10848265868472774,7.831378960574857,NO_EVIDENCE,,,,
distance_low_20d,MARKET_TREND_RISK,60,517369,95501,1953,441,0.9967682640436516,0.9982932115894074,-0.0120899511207951,0.013101024496942466,-0.922824861797386,0.35609848236845154,-0.02264889070404013,0.017406319968929836,-1.301187772284334,0.1931941896745657,0.5642014585580595,-1,0.02264889070404013,1.301187772284334,NO_EVIDENCE,,,,
growth_shares_252s,FUNDAMENTAL_CHANGE,60,517369,95501,1953,441,0.5586013077706627,0.7489450372247412,0.0196475698226452,0.021449827021742498,0.9159780077820464,0.3596784298307629,0.07525122518409565,0.032097481803004174,2.344458847143968,0.019054713199817375,0.5642014585580595,1,0.07525122518409565,2.344458847143968,NO_EVIDENCE,,,,
mom_skip_60_5,MARKET_TREND_RISK,60,517369,95501,1953,441,0.9875485388571793,0.9937592276520665,0.015310348241843292,0.016710857811824166,0.9161916410425136,0.35956638895654947,0.007318932179789671,0.024796075505606103,0.29516494165114743,0.767867882014231,0.5642014585580595,1,0.007318932179789671,0.29516494165114743,NO_EVIDENCE,,,,
quality_accruals_assets_reported,QUALITY,60,517369,95501,1953,441,0.5563263357487596,0.7411964272625418,-0.015160307240387418,0.017272704431055337,-0.8777031588133963,0.38010482982300675,-0.04328525152245714,0.025297630985670165,-1.711039723323344,0.08707378006203433,0.5847766612661642,-1,0.04328525152245714,1.711039723323344,NO_EVIDENCE,,,,
delta_ocf_assets_252s,FUNDAMENTAL_CHANGE,60,517369,95501,1953,441,0.5493177983218941,0.7365996167579397,-0.011739609594647937,0.014412215807129494,-0.8145596590942343,0.41532440981501495,0.05673346600213947,0.01800066567464404,3.151742664831275,0.0016229924003467598,0.626904769532098,-1,-0.05673346600213947,-3.151742664831275,NO_EVIDENCE,,,,
fund_revenue_age_days,BALANCE_SHEET_OR_FRESHNESS,60,517369,95501,1953,441,0.33652383501910627,0.7125160993078606,-0.014248756352663872,0.01864393617737595,-0.7642568724277471,0.44471418074949054,-0.007670332132096641,0.017047616817839523,-0.44993574257663993,0.6527567743130136,0.6469063250985809,-1,0.007670332132096641,0.44993574257663993,NO_EVIDENCE,,,,
quality_fcf_assets_reported,QUALITY,60,517369,95501,1953,441,0.4408227010122369,0.6142972324897121,0.01623907392794826,0.021249771089729898,0.7641999464077367,0.4447480985052744,0.05660483386803198,0.015253969162289478,3.7108265570622225,0.00020658361443758857,0.6469063250985809,1,0.05660483386803198,3.7108265570622225,NO_EVIDENCE,,,,
mom_60d,MARKET_TREND_RISK,60,517369,95501,1953,441,0.9875485388571793,0.9937592276520665,0.012578803803841061,0.017143417548760084,0.7337395690248959,0.46310747751635417,0.005553980943168266,0.025564280061910326,0.2172555194090311,0.8280092195378335,0.6499754070404972,1,0.005553980943168266,0.2172555194090311,NO_EVIDENCE,,,,
rel_mom_60d,MARKET_TREND_RISK,60,517369,95501,1953,441,0.9875485388571793,0.9937592276520665,0.012579065289323293,0.017143399188616997,0.7337556076787639,0.4630977006642537,0.005553980943168266,0.025564280061910326,0.2172555194090311,0.8280092195378335,0.6499754070404972,1,0.005553980943168266,0.2172555194090311,NO_EVIDENCE,,,,
fund_equity_assets,BALANCE_SHEET_OR_FRESHNESS,60,517369,95501,1953,441,0.562231212152255,0.7387985466120773,0.012468461757209011,0.01859806411176888,0.6704171833303312,0.5025918837203416,-0.002620293714141136,0.03824160748589659,-0.06851944482478918,0.945372141719191,0.6885486564082359,1,-0.002620293714141136,-0.06851944482478918,NO_EVIDENCE,,,,
mom_skip_20_5,MARKET_TREND_RISK,60,517369,95501,1953,441,0.995703260148946,0.9978220123349494,0.006654081781738592,0.010047537526453128,0.6622599581459382,0.507804634101074,-0.022221341488824084,0.015699384380406505,-1.4154275703037922,0.15694317078455217,0.6885486564082359,1,-0.022221341488824084,-1.4154275703037922,NO_EVIDENCE,,,,
distance_low_120d,MARKET_TREND_RISK,60,517369,95501,1953,441,0.9807603470637012,0.9901990555072722,-0.010265996865360696,0.016137154321092386,-0.6361714501262669,0.5246646793715845,0.028033719216255408,0.035208318901902756,0.7962243041016193,0.42590167354779396,0.6995529058287793,-1,-0.028033719216255408,-0.7962243041016193,NO_EVIDENCE,,,,
value_earnings_yield_reported,VALUATION,60,517369,95501,1953,441,0.5414723340594431,0.6889666076795007,0.010813348185048524,0.018472224750126436,0.5853841825400328,0.5582894219671932,-0.012479800541399678,0.028284554751480485,-0.44122315698628606,0.6590514502661071,0.7321828484815648,1,-0.012479800541399678,-0.44122315698628606,NO_EVIDENCE,,,,
delta_operating_margin_126s,FUNDAMENTAL_CHANGE,60,517369,95501,1706,441,0.2462884324341041,0.5969675710201987,0.012612440878881618,0.025617484981922727,0.49233720202360737,0.6224809850265098,0.03369602777049245,0.023243019767814767,1.4497267612856504,0.14713472997198754,0.7904520444781077,1,0.03369602777049245,1.4497267612856504,NO_EVIDENCE,,,,
quality_ocf_assets_reported,QUALITY,60,517369,95501,1953,441,0.5598402687443584,0.7411964272625418,0.01028827161149431,0.020833097022607116,0.49384263896673414,0.6214173174385671,0.017289599386327584,0.020887678026367425,0.8277415691922372,0.40781687193752547,0.7904520444781077,1,0.017289599386327584,0.8277415691922372,NO_EVIDENCE,,,,
mom_40d,MARKET_TREND_RISK,60,517369,95501,1953,441,0.9915398873917842,0.9959162731280301,0.006974130000756137,0.015088283238327924,0.46222157223561017,0.6439224349016056,-0.01762042437190071,0.02257671263729369,-0.7804690016204636,0.43511486659780385,0.804903043627007,1,-0.01762042437190071,-0.7804690016204636,NO_EVIDENCE,,,,
fund_net_income_age_days,BALANCE_SHEET_OR_FRESHNESS,60,517369,95501,1953,441,0.5662592849590911,0.7411964272625418,-0.005491555766838415,0.01336387802363567,-0.41092531352994394,0.6811273003121611,-0.03566300634119695,0.012835188307860979,-2.778533940117961,0.005460480845663869,0.8256088488632255,-1,0.03566300634119695,2.778533940117961,NO_EVIDENCE,,,,
trend_sma_60d,MARKET_TREND_RISK,60,517369,95501,1953,441,0.9901192379133655,0.9951832965099842,0.006630008730212681,0.015841105028958104,0.4185319596134732,0.6755582247103897,-0.013776115874395737,0.022982684367435703,-0.5994128298570377,0.5488976234924513,0.8256088488632255,1,-0.013776115874395737,-0.5994128298570377,NO_EVIDENCE,,,,
delta_profit_assets_252s,FUNDAMENTAL_CHANGE,60,517369,95501,1953,441,0.5560248101451768,0.7365996167579397,0.005272857801120279,0.014188025864906676,0.3716414003841374,0.7101598603393029,0.010103418842635502,0.024903832385907324,0.40569735155914655,0.6849649884883612,0.8277824363639726,1,0.010103418842635502,0.40569735155914655,NO_EVIDENCE,,,,
fund_debt_assets,BALANCE_SHEET_OR_FRESHNESS,60,517369,95501,1953,441,0.45046958747045146,0.6669458958544937,-0.007759730593813448,0.020317580429844,-0.3819219823249903,0.7025192345091827,-0.05280666140373759,0.02731735635773675,-1.9330809582085282,0.05322622542413823,0.8277824363639726,-1,0.05280666140373759,1.9330809582085282,NO_EVIDENCE,,,,
value_book_to_market_snapshot,VALUATION,60,517369,95501,1953,441,0.5375950240543983,0.6865687270290364,0.009759785290472084,0.02662681220259642,0.36653975760269164,0.7139623513639264,0.004291450871807792,0.03894416213570402,0.11019497240315226,0.9122547494340031,0.8277824363639726,1,0.004291450871807792,0.11019497240315226,NO_EVIDENCE,,,,
distance_low_60d,MARKET_TREND_RISK,60,517369,95501,1953,441,0.9901192379133655,0.9951832965099842,-0.005426453133472638,0.015596631685307909,-0.34792468290344886,0.7278967477299975,-0.017783987795882746,0.027121124648134872,-0.6557245699287679,0.5120013571305964,0.8318819974057113,-1,0.017783987795882746,0.6557245699287679,NO_EVIDENCE,,,,
value_eps_yield_reported,VALUATION,60,517369,95501,1953,441,0.5412500555696225,0.7083276614904556,0.004431557450854133,0.0196099808194461,0.22598479272654923,0.821213248051119,-0.02610993141047058,0.03352379554476651,-0.7788477105942341,0.43606942904871093,0.9253107020294299,1,-0.02610993141047058,-0.7788477105942341,NO_EVIDENCE,,,,
delta_cash_assets_126s,FUNDAMENTAL_CHANGE,60,517369,95501,1953,441,0.5546215563746572,0.73895561303023,-0.0020855503094400992,0.01056267215360867,-0.1974453319302904,0.8434790580177054,0.03218224097314827,0.021620990430982777,1.4884720973296057,0.13662643535205726,0.928839810776664,-1,-0.03218224097314827,-1.4884720973296057,NO_EVIDENCE,,,,
mom_1d,MARKET_TREND_RISK,60,517369,95501,1953,441,0.9997854529359123,0.9998638757709344,-0.00047132104683631805,0.0031277117999732097,-0.15069196811559016,0.880218709396285,0.004413998839810645,0.0034511544799328392,1.2789919621032273,0.2008998864124365,0.928839810776664,-1,-0.004413998839810645,-1.2789919621032273,NO_EVIDENCE,,,,
mom_20d,MARKET_TREND_RISK,60,517369,95501,1953,441,0.995703260148946,0.9978220123349494,0.001753118952949797,0.011666878597346957,0.15026460919448117,0.8805558536890139,-0.02270364982823889,0.015969751154627378,-1.4216658486666716,0.15512327880726012,0.928839810776664,1,-0.02270364982823889,-1.4216658486666716,NO_EVIDENCE,,,,
mom_5d,MARKET_TREND_RISK,60,517369,95501,1953,441,0.9989137346845288,0.9993403210437587,-0.0009871508316674248,0.006673083278740851,-0.14793024310250943,0.8823978202378309,-0.0005911806308794016,0.006698409972743798,-0.08825685995407097,0.9296725258726248,0.928839810776664,-1,0.0005911806308794016,0.08825685995407097,NO_EVIDENCE,,,,
rel_mom_20d,MARKET_TREND_RISK,60,517369,95501,1953,441,0.995703260148946,0.9978220123349494,0.0017531756019545546,0.011666860504719538,0.15026969776876573,0.880551839175276,-0.02270364982823889,0.015969751154627378,-1.4216658486666716,0.15512327880726012,0.928839810776664,1,-0.02270364982823889,-1.4216658486666716,NO_EVIDENCE,,,,
mom_accel_120_252,MARKET_TREND_RISK,60,517369,95501,1953,441,0.9512958835956542,0.9790473398184312,-0.0019263008761597237,0.019510160012206207,-0.09873321771602928,0.9213500937895244,-0.009585134877777242,0.025710819655868994,-0.3728054961324132,0.7092932119603803,0.9547862713443434,-1,0.009585134877777242,0.3728054961324132,NO_EVIDENCE,,,,
quality_profit_assets_reported,QUALITY,60,517369,95501,1953,441,0.5662592849590911,0.7411964272625418,-0.0018003350614195725,0.020767110583598595,-0.08669164899817297,0.9309166145607347,-0.05406640020695169,0.024363217517479815,-2.219181443015924,0.02647438302255851,0.9547862713443434,-1,0.05406640020695169,2.219181443015924,NO_EVIDENCE,,,,
mom_10d,MARKET_TREND_RISK,60,517369,95501,1953,441,0.9978409993640902,0.9987853530329526,0.00016906618101736592,0.008923100413149355,0.018947022132377308,0.9848833680251947,-0.011903014906655043,0.00966148076125554,-1.2320073082780956,0.21794635412525254,0.9854317537997377,1,-0.011903014906655043,-1.2320073082780956,NO_EVIDENCE,,,,
trend_sma_20d,MARKET_TREND_RISK,60,517369,95501,1953,441,0.9967682640436516,0.9982932115894074,-0.00019073832779805178,0.01044591836024997,-0.01825960353317249,0.9854317537997377,-0.01343016429206427,0.012315264861509153,-1.0905298784145268,0.2754797992135798,0.9854317537997377,-1,0.01343016429206427,1.0905298784145268,NO_EVIDENCE,,,,
liq_amihud_20d,LIQUIDITY,60,517369,95501,0,0,0.0032839230800453833,0.018471010774756286,,,,,,,,,,-1,,,NO_EVIDENCE,,,,
liq_amihud_60d,LIQUIDITY,60,517369,95501,0,0,0.0030365174565928767,0.018471010774756286,,,,,,,,,,-1,,,NO_EVIDENCE,,,,
liq_dollar_volume_trend_20_60,LIQUIDITY,60,517369,95501,0,0,0.0030442488823257674,0.018471010774756286,,,,,,,,,,-1,,,NO_EVIDENCE,,,,
liq_log_dollar_volume_20d,LIQUIDITY,60,517369,95501,0,0,0.0032916545057782745,0.018471010774756286,,,,,,,,,,-1,,,NO_EVIDENCE,,,,
liq_log_dollar_volume_60d,LIQUIDITY,60,517369,95501,0,0,0.0030442488823257674,0.018471010774756286,,,,,,,,,,-1,,,NO_EVIDENCE,,,,
fund_update_count_60d,BALANCE_SHEET_OR_FRESHNESS,60,517369,95501,1953,441,1.0,1.0,0.10138740188726279,0.013368676741653734,7.583951938291908,3.351853654439711e-14,0.11902376820557216,0.014427039246418038,8.250048133411955,1.5833074161073085e-16,1.3407414617758844e-12,1,0.11902376820557216,8.250048133411955,VALIDATED,0.0379562073792545,0.03341231265350077,0.7005956797768864,371.0
fund_update_count_20d,BALANCE_SHEET_OR_FRESHNESS,60,517369,95501,1953,441,1.0,1.0,0.0465333794228126,0.007184648616439339,6.476778741320576,9.370143686656302e-11,0.049778920020521054,0.010221379321902454,4.870078533711628,1.1155390271491131e-06,2.498704983108347e-09,1,0.049778920020521054,4.870078533711628,VALIDATED,,,0.8907985932441721,0.0
size_log_market_cap,SIZE,60,517369,95501,1953,441,0.5699626378851458,0.7555732400707846,-0.11077104515173852,0.01888839801818987,-5.864501851616214,4.504830705288487e-09,-0.08775870000580037,0.03218176723602249,-2.7269695713779236,0.006391893319888434,9.009661410576974e-08,-1,0.08775870000580037,2.7269695713779236,VALIDATED,0.045165160597263505,0.033565523820277686,1.8438366484506816,441.0
size_log_shares,SIZE,60,517369,95501,1953,441,0.5699626378851458,0.7555732400707846,-0.08465292796627075,0.019368176460343858,-4.370722671780523,1.2383599567834832e-05,-0.07288279364330195,0.029403421990841675,-2.478718077984354,0.013185547915959356,0.0001981375930853573,-1,0.07288279364330195,2.478718077984354,VALIDATED,0.017962085303347225,0.00926164359720616,1.175742883427051,441.0
skew_60d,MARKET_TREND_RISK,60,517369,95501,1953,441,0.9899182208443104,0.9950785855645491,-0.032624745864619005,0.011234865242264896,-2.9038840396488825,0.0036856464128367603,-0.04790390339440235,0.023590057938441784,-2.030681888082153,0.042287274815415506,0.04212167328956297,-1,0.04790390339440235,2.030681888082153,VALIDATED,0.015015032214879664,0.017321474917111654,0.9469243379712868,441.0
liq_zero_volume_20d,LIQUIDITY,60,517369,95501,1059,304,0.9967682640436516,0.9982932115894074,6.956924020308012e-08,6.815563051845922e-09,10.207409083280073,1.8370467993821224e-24,1.0522724052891919e-07,1.0009870161939736e-08,10.512348194986778,7.578272826844584e-26,1.469637439505698e-22,1,1.0522724052891919e-07,10.512348194986778,WATCH,,,,0.0
delta_ocf_assets_126s,FUNDAMENTAL_CHANGE,60,517369,95501,1953,441,0.5546756763547874,0.73895561303023,0.029098618120544636,0.011883485501275357,2.448660211469246,0.014338864511268666,0.01289558798353517,0.03190900158765489,0.4041363672288724,0.6861124433594872,0.14338864511268667,1,0.01289558798353517,0.4041363672288724,WATCH,0.006906120215299347,-0.0010167800286613043,1.0512819208610973,441.0
size_log_assets,SIZE,120,504182,82901,1893,381,0.5666802860871669,0.737325243362565,-0.12564109838933354,0.028205756405060855,-4.45444882190042,8.410898836807585e-06,-0.07101135391659853,0.05186268792036355,-1.3692185415772942,0.17093097183173722,0.00011214531782410113,-1,0.07101135391659853,1.3692185415772942,DISCOVERY_ONLY,0.045232069545396415,0.035233337906316775,1.447320093406606,381.0
value_sales_yield_reported,VALUATION,120,504182,82901,1893,381,0.31371409530685346,0.6602936032134715,0.07624751384431842,0.03015348667271528,2.5286466759849646,0.01145032313237592,0.0255007385081252,0.01867072598520317,1.365813976828481,0.1719973583124964,0.058504733460068604,1,0.0255007385081252,1.365813976828481,DISCOVERY_ONLY,0.008200964564352488,0.012356044078439599,1.2089882026567473,381.0
drawdown_high_60d,MARKET_TREND_RISK,120,504182,82901,1893,381,0.9899917093430547,0.9954162193459669,0.048992007147824194,0.0212785824541813,2.3024093476770644,0.021312098317654963,0.028712850097767296,0.02145908958676309,1.3380274117257354,0.1808875012262512,0.07440049709477285,1,0.028712850097767296,1.3380274117257354,DISCOVERY_ONLY,0.00506050804388196,0.006436769663306578,0.7082732399380437,380.0
quality_ocf_margin_reported,QUALITY,120,504182,82901,1893,381,0.3226672114434867,0.7079046091120734,-0.04073266761462633,0.017758209435299283,-2.293737314171948,0.021805592037162435,0.08904158277848238,0.025847899766771803,3.4448285385626503,0.0005714217397085713,0.07440049709477285,-1,-0.08904158277848238,-3.4448285385626503,DISCOVERY_ONLY,-0.043973515929574394,-0.05231048269505393,0.9204218855225581,381.0
drawdown_high_252d,MARKET_TREND_RISK,120,504182,82901,1893,381,0.9603060006108906,0.9835587025488233,0.06521496522669934,0.02881361029981486,2.263338906444444,0.023614805674314544,0.035731758023470554,0.027521077943316905,1.2983415147133615,0.19417000669831308,0.07556737815780654,1,0.035731758023470554,1.2983415147133615,DISCOVERY_ONLY,-0.003794553320172475,0.003169270046859886,0.6609464607998978,381.0
delta_operating_margin_252s,FUNDAMENTAL_CHANGE,120,504182,82901,1520,381,0.2105390513743053,0.5892811908179636,-0.06702252129839195,0.030035669116002126,-2.2314309376475423,0.02565259745410562,0.05041473981035077,0.020863919969879536,2.4163599114228127,0.01567655725724868,0.07893106908955574,-1,-0.05041473981035077,-2.4163599114228127,DISCOVERY_ONLY,-0.05937546697119738,-0.0609781611545893,1.3084955412384778,381.0
quality_profit_margin_reported,QUALITY,120,504182,82901,1893,381,0.3251782094561091,0.7079046091120734,-0.04406717431096427,0.020899333579791065,-2.1085444730915106,0.034983920117603214,0.0069318876010960335,0.033628470369586855,0.20613151668549104,0.836688180623035,0.0932904536469419,-1,-0.0069318876010960335,-0.20613151668549104,DISCOVERY_ONLY,0.03012254985501619,0.020513439276919815,1.8910378914033035,381.0
drawdown_high_20d,MARKET_TREND_RISK,120,504182,82901,1893,381,0.9967134883831632,0.9981302999963813,0.03559033259950547,0.01744015004803037,2.0407125226267717,0.04127940991168498,0.007505314233331629,0.01966516607965876,0.38165526814924644,0.7027170836746497,0.09522595146275459,1,0.007505314233331629,0.38165526814924644,DISCOVERY_ONLY,-0.0038279119153578024,-0.003644004713843442,0.7675987624875182,375.0
quality_operating_income_assets_reported,QUALITY,120,504182,82901,1893,381,0.4657464963049058,0.6178333192603226,-0.04081676558157282,0.020115894743022705,-2.0290802921272153,0.042450112880914936,-0.03666519332363164,0.03637710719053277,-1.0079194349234524,0.3134931406788124,0.09522595146275459,-1,0.03666519332363164,1.0079194349234524,DISCOVERY_ONLY,0.05463221771890051,0.0799020467337616,1.956482645353918,381.0
quality_operating_margin_reported,QUALITY,120,504182,82901,1772,381,0.264906323510161,0.5976043714792343,-0.046934686323016055,0.02254689402812042,-2.0816475326703205,0.037374676325634834,0.020213101410952533,0.038578188558725725,0.5239515427268727,0.600312243838326,0.09522595146275459,-1,-0.020213101410952533,-0.5239515427268727,DISCOVERY_ONLY,0.029046987798104974,0.04076823129464077,1.8605118021644815,381.0
delta_operating_margin_126s,FUNDAMENTAL_CHANGE,120,504182,82901,1646,381,0.23761657496697622,0.5928879024378475,-0.04578823239122505,0.026041160611217213,-1.758302292083779,0.07869608790891211,0.02480455425322503,0.013440354268718629,1.8455283065682047,0.06496072471958643,0.16142787263366587,-1,-0.02480455425322503,-1.8455283065682047,NO_EVIDENCE,-0.041321074576646535,-0.0359073037205514,0.919128226752207,381.0
downside_vol_20d,MARKET_TREND_RISK,120,504182,82901,1893,381,0.996495313200392,0.9980337993510332,-0.040859162583896595,0.027298114448394077,-1.4967760011827593,0.1344515528368545,0.02045151865192281,0.04270989361567953,0.4788473330313965,0.6320472408365106,0.22124414399146364,-1,-0.02045151865192281,-0.4788473330313965,NO_EVIDENCE,,,,
downside_vol_60d,MARKET_TREND_RISK,120,504182,82901,1893,381,0.9897874180355507,0.9953317812812873,-0.04086800002688749,0.028750665181393555,-1.421462765088853,0.15518227091793074,0.026918696556005442,0.046638404330650654,0.5771787637750405,0.5638187012331636,0.22124414399146364,-1,-0.026918696556005442,-0.5771787637750405,NO_EVIDENCE,,,,
fund_equity_assets,BALANCE_SHEET_OR_FRESHNESS,120,504182,82901,1893,381,0.5582527737999373,0.7345629123894766,0.027364543365211803,0.018262159217455935,1.498428692870848,0.1340219062594458,-0.0063031255703756605,0.053702023434588485,-0.11737221741845827,0.9065650991635028,0.22124414399146364,1,-0.0063031255703756605,-0.11737221741845827,NO_EVIDENCE,,,,
fund_ocf_age_days,BALANCE_SHEET_OR_FRESHNESS,120,504182,82901,1893,381,0.5555612854088404,0.737325243362565,-0.024154167392959173,0.01690557727780816,-1.4287691568312304,0.15307059324836628,-0.06695125776830524,0.012854783474541874,-5.208275806504107,1.9060346590072453e-07,0.22124414399146364,-1,0.06695125776830524,5.208275806504107,NO_EVIDENCE,,,,
mom_10d,MARKET_TREND_RISK,120,504182,82901,1893,381,0.9978043642970197,0.9986369283844586,0.014934350976188072,0.010639117775099988,1.4037208057928203,0.16040200439381114,0.021079217019538066,0.013072096620319515,1.6125352827313204,0.10684550855735234,0.22124414399146364,1,0.021079217019538066,1.6125352827313204,NO_EVIDENCE,,,,
mom_1d,MARKET_TREND_RISK,120,504182,82901,1893,381,0.9997818248172287,0.9998431864513094,0.005584737648248735,0.0037876508656720254,1.4744594595198681,0.140357925355696,0.014010814364331568,0.004620388256151368,3.032388965511335,0.002426263401222095,0.22124414399146364,1,0.014010814364331568,3.032388965511335,NO_EVIDENCE,,,,
quality_fcf_assets_reported,QUALITY,120,504182,82901,1893,381,0.4367629149791147,0.6106802089238972,0.03171387912862407,0.022016397887191078,1.4404662965813717,0.14973551875866165,0.0916966365246618,0.014121921438756303,6.4932124797840105,8.4025047499409e-11,0.22124414399146364,1,0.0916966365246618,6.4932124797840105,NO_EVIDENCE,,,,
trend_sma_20d,MARKET_TREND_RISK,120,504182,82901,1893,381,0.9967134883831632,0.9981302999963813,0.01825904364171235,0.012594046207171486,1.4498155192820412,0.1471099706022509,0.02232546393892173,0.015480747737597457,1.4421437722094514,0.14926181885213186,0.22124414399146364,1,0.02232546393892173,1.4421437722094514,NO_EVIDENCE,,,,
value_ocf_yield_reported,VALUATION,120,504182,82901,1893,381,0.5328294147748234,0.6851183942292615,0.03587039785965265,0.02386396617487816,1.5031197076290606,0.13280817764513292,0.05802728099841135,0.023035415590817558,2.519046412235877,0.011767314464539049,0.22124414399146364,1,0.05802728099841135,2.519046412235877,NO_EVIDENCE,,,,
vol_10d,MARKET_TREND_RISK,120,504182,82901,1893,381,0.9982407146625624,0.9988540548364917,-0.038022704976440065,0.0265149552550845,-1.4340097733768133,0.15156947384305333,0.021239810809979706,0.04894388569519889,0.4339624961992588,0.664315675457708,0.22124414399146364,-1,-0.021239810809979706,-0.4339624961992588,NO_EVIDENCE,,,,
vol_120d,MARKET_TREND_RISK,120,504182,82901,1893,381,0.980274980066722,0.9913631922413482,-0.04179928340252107,0.029491561606917766,-1.4173302844945421,0.1563863848578551,0.0373501120802383,0.05359592595908932,0.6968834181304803,0.48587575579351583,0.22124414399146364,-1,-0.0373501120802383,-0.6968834181304803,NO_EVIDENCE,,,,
vol_20d,MARKET_TREND_RISK,120,504182,82901,1893,381,0.996495313200392,0.9980337993510332,-0.04105083959907386,0.027803148726890086,-1.4764816748748726,0.1398146311163504,0.024378389518394914,0.05162494657139644,0.4722211089299629,0.6367689741460019,0.22124414399146364,-1,-0.024378389518394914,-0.4722211089299629,NO_EVIDENCE,,,,
vol_60d,MARKET_TREND_RISK,120,504182,82901,1893,381,0.9897874180355507,0.9953317812812873,-0.0419478987969061,0.028432796528984672,-1.4753349623609482,0.14012251123234076,0.0324745201498777,0.05656910434851212,0.5740681335488008,0.5659216963005482,0.22124414399146364,-1,-0.0324745201498777,-0.5740681335488008,NO_EVIDENCE,,,,
worst_day_20d,MARKET_TREND_RISK,120,504182,82901,1893,381,0.996495313200392,0.9980337993510332,0.03643569915474464,0.025807786759344625,1.411810299523333,0.15800582500346905,-0.012693283158315218,0.0392141686060961,-0.3236912475645847,0.7461717978489875,0.22124414399146364,1,-0.012693283158315218,-0.3236912475645847,NO_EVIDENCE,,,,
mom_20d,MARKET_TREND_RISK,120,504182,82901,1893,381,0.9956305461123166,0.9976477967696409,0.019412637836060773,0.014097258904680563,1.3770505292780997,0.16849662611925487,0.021428569619749715,0.017240416769093086,1.2429264272871139,0.21389494621593963,0.2246621681590065,1,0.021428569619749715,1.2429264272871139,NO_EVIDENCE,,,,
rel_mom_20d,MARKET_TREND_RISK,120,504182,82901,1893,381,0.9956305461123166,0.9976477967696409,0.019412748952873655,0.014097232693480255,1.3770609718212101,0.1684933978197708,0.021428569619749715,0.017240416769093086,1.2429264272871139,0.21389494621593963,0.2246621681590065,1,0.021428569619749715,1.2429264272871139,NO_EVIDENCE,,,,
mom_accel_120_252,MARKET_TREND_RISK,120,504182,82901,1893,381,0.9506844750506761,0.9806636831883814,0.02228725601409408,0.017937646841157947,1.242484937486669,0.2140576945204019,0.004801509834555937,0.027506342706170733,0.17456009640564732,0.861425305535398,0.2807314026497075,1,0.004801509834555937,0.17456009640564732,NO_EVIDENCE,,,,
quality_ocf_assets_reported,QUALITY,120,504182,82901,1893,381,0.5555612854088404,0.737325243362565,0.02497771067308359,0.02073876335278602,1.2043973041299068,0.22843605353133556,0.03984189462622358,0.015231670995913011,2.615727101571064,0.008903768852483255,0.2900775282937595,1,0.03984189462622358,2.615727101571064,NO_EVIDENCE,,,,
worst_day_60d,MARKET_TREND_RISK,120,504182,82901,1893,381,0.9897874180355507,0.9953317812812873,0.0314582416086,0.025934359754704428,1.2129947261525729,0.22513183686006555,-0.01711677508767148,0.03759066030827197,-0.4553464862628355,0.6488599878223708,0.2900775282937595,1,-0.01711677508767148,-0.4553464862628355,NO_EVIDENCE,,,,
mom_accel_20_60,MARKET_TREND_RISK,120,504182,82901,1893,381,0.9873795573820565,0.9943788374084752,-0.011894677923875918,0.01065012280619358,-1.116858287958761,0.26405492188663837,-0.03550778857346848,0.01796645126722344,-1.9763384569019513,0.0481164567787811,0.33006865235829796,-1,0.03550778857346848,1.9763384569019513,NO_EVIDENCE,,,,
mom_accel_60_120,MARKET_TREND_RISK,120,504182,82901,1893,381,0.9756318154951982,0.9896261806250829,-0.015703489878729854,0.01630113817069325,-0.9633370206604426,0.3353784205903281,-0.028336768669515525,0.03735524312393682,-0.758575404676128,0.4481065901971304,0.41277344072655764,-1,0.028336768669515525,0.758575404676128,NO_EVIDENCE,,,,
growth_assets_252s,FUNDAMENTAL_CHANGE,120,504182,82901,1893,381,0.5578818759892261,0.7327535252892003,0.03232695060733454,0.035093513374637154,0.921165979086549,0.3569637773271187,0.1590019013248609,0.016221877448052084,9.801695385385479,1.1071158225913143e-22,0.4326833664571135,1,0.1590019013248609,9.801695385385479,NO_EVIDENCE,,,,
distance_low_120d,MARKET_TREND_RISK,120,504182,82901,1893,381,0.9804693543204637,0.9914355677253591,0.013834264606326746,0.016111017195422128,0.858683498286979,0.390515157055751,0.11021229419144206,0.045729700286793275,2.410081271039324,0.015948967314916945,0.46628675469343406,1,0.11021229419144206,2.410081271039324,NO_EVIDENCE,,,,
fund_revenue_age_days,BALANCE_SHEET_OR_FRESHNESS,120,504182,82901,1893,381,0.3272369898171692,0.7079046091120734,-0.017659110030115686,0.021586654674836076,-0.8180568177940608,0.41332474465606706,-0.0007954726253023368,0.018197170538359623,-0.04371408311118924,0.965132313248929,0.48626440547772587,-1,0.0007954726253023368,0.04371408311118924,NO_EVIDENCE,,,,
growth_shares_252s,FUNDAMENTAL_CHANGE,120,504182,82901,1893,381,0.5540519098262136,0.7448040433770401,0.018467470745236317,0.023042832059743033,0.8014410163366985,0.42287637799246836,0.08387503574097643,0.025010882133299786,3.3535416821346025,0.0007978439587595034,0.4902914527448909,1,0.08387503574097643,3.3535416821346025,NO_EVIDENCE,,,,
delta_ocf_assets_252s,FUNDAMENTAL_CHANGE,120,504182,82901,1893,381,0.5447635972724135,0.7327535252892003,-0.009486629198699295,0.015190370340184622,-0.6245159917927318,0.5322887713416844,0.10114830833489885,0.009667078981403662,10.463171815341068,1.2751420756442128e-25,0.6083300243904964,-1,-0.10114830833489885,-10.463171815341068,NO_EVIDENCE,,,,
fund_net_income_age_days,BALANCE_SHEET_OR_FRESHNESS,120,504182,82901,1893,381,0.5621481925177813,0.737325243362565,-0.007067811809906568,0.014184504008081385,-0.4982769792923179,0.6182888313041657,-0.02568207201199252,0.009260778618370456,-2.7732087193022203,0.00555065070416772,0.6966634718920177,-1,0.02568207201199252,2.7732087193022203,NO_EVIDENCE,,,,
value_earnings_yield_reported,VALUATION,120,504182,82901,1893,381,0.5379029794796324,0.6851183942292615,0.008749490209972944,0.019579947746323257,0.44685973238186666,0.654976339761556,0.00045099317775143766,0.026514644112808447,0.017009211054564977,0.9864292674767596,0.7277514886239511,1,0.00045099317775143766,0.017009211054564977,NO_EVIDENCE,,,,
delta_profit_assets_252s,FUNDAMENTAL_CHANGE,120,504182,82901,1893,381,0.5516460325834719,0.7327535252892003,0.006959170394986195,0.01642773343709049,0.42362328446806913,0.6718405713231114,0.03020935449564319,0.019239818999701595,1.5701475412066885,0.1163807905201481,0.7362636398061495,1,0.03020935449564319,1.5701475412066885,NO_EVIDENCE,,,,
fund_debt_assets,BALANCE_SHEET_OR_FRESHNESS,120,504182,82901,1893,381,0.4456327278641443,0.6626458064438306,-0.00852663833628317,0.02544844841278263,-0.3350553321749974,0.7375833469879687,-0.06296997173767614,0.031225781038739513,-2.016601975769764,0.04373706667607484,0.7973874021491554,-1,0.06296997173767614,2.016601975769764,NO_EVIDENCE,,,,
distance_low_20d,MARKET_TREND_RISK,120,504182,82901,1893,381,0.9967134883831632,0.9981302999963813,-0.0032035359323613313,0.013751345405306646,-0.23296163669375117,0.8157911956874127,0.025217799268343062,0.02690388425403256,0.9373293101557716,0.3485891905931717,0.8587275744078028,-1,-0.025217799268343062,-0.9373293101557716,NO_EVIDENCE,,,,
value_book_to_market_snapshot,VALUATION,120,504182,82901,1893,381,0.5341622668004807,0.682356063256173,0.007796351031479157,0.03184142692018292,0.2448492980864932,0.8065731210744382,0.02832911805417839,0.04224135413948483,0.6706489086650264,0.5024442175483597,0.8587275744078028,1,0.02832911805417839,0.6706489086650264,NO_EVIDENCE,,,,
distance_low_60d,MARKET_TREND_RISK,120,504182,82901,1893,381,0.9899917093430547,0.9954162193459669,0.0019223531140460806,0.016451223963363668,0.11685167731757208,0.9069775916372753,0.05465919287468475,0.041465277120117765,1.3181919107002826,0.18743941277656484,0.9423143809218445,1,0.05465919287468475,1.3181919107002826,NO_EVIDENCE,,,,
value_eps_yield_reported,VALUATION,120,504182,82901,1893,381,0.5374368779528027,0.7045270865248912,0.0013143488324385444,0.021987312329307934,0.05977760322650197,0.9523327637068358,-0.0025004586464251414,0.03947249883453032,-0.06334685465207371,0.9494903060399168,0.9767515525198317,1,-0.0025004586464251414,-0.06334685465207371,NO_EVIDENCE,,,,
delta_cash_assets_126s,FUNDAMENTAL_CHANGE,120,504182,82901,1893,381,0.5502060763771812,0.7347438510995042,0.000356644288549672,0.01043348860112553,0.034182649944257223,0.9727315017944858,0.04158444851178303,0.026483794709226138,1.5701846721118213,0.11637215445124272,0.985044558779226,1,0.04158444851178303,1.5701846721118213,NO_EVIDENCE,,,,
quality_profit_assets_reported,QUALITY,120,504182,82901,1893,381,0.5621481925177813,0.737325243362565,0.00042626107755712624,0.02327728009378585,0.018312323254250043,0.9853896965803047,-0.06501158167412928,0.018844887438094236,-3.4498259481619824,0.0005609480917034256,0.9853896965803047,1,-0.06501158167412928,-3.4498259481619824,NO_EVIDENCE,,,,
liq_amihud_20d,LIQUIDITY,120,504182,82901,0,0,0.0028937962878484358,0.018383372938806528,,,,,,,,,,-1,,,NO_EVIDENCE,,,,
liq_amihud_60d,LIQUIDITY,120,504182,82901,0,0,0.00263991971153274,0.018383372938806528,,,,,,,,,,-1,,,NO_EVIDENCE,,,,
liq_dollar_volume_trend_20_60,LIQUIDITY,120,504182,82901,0,0,0.0026478533545426057,0.018383372938806528,,,,,,,,,,-1,,,NO_EVIDENCE,,,,
liq_log_dollar_volume_20d,LIQUIDITY,120,504182,82901,0,0,0.002901729930858301,0.018383372938806528,,,,,,,,,,-1,,,NO_EVIDENCE,,,,
liq_log_dollar_volume_60d,LIQUIDITY,120,504182,82901,0,0,0.0026478533545426057,0.018383372938806528,,,,,,,,,,-1,,,NO_EVIDENCE,,,,
fund_update_count_60d,BALANCE_SHEET_OR_FRESHNESS,120,504182,82901,1893,381,1.0,1.0,0.13022535556358236,0.015284119432243554,8.52030476082629,1.5913401618407377e-17,0.13896813025007607,0.019629203699040653,7.079662139166039,1.4450633637570862e-12,6.36536064736295e-16,1,0.13896813025007607,7.079662139166039,VALIDATED,0.08150917841174415,0.07980659991395007,0.6971982386363954,317.0
fund_update_count_20d,BALANCE_SHEET_OR_FRESHNESS,120,504182,82901,1893,381,1.0,1.0,0.06154000327012547,0.007658714278629845,8.035291699266141,9.335653428958928e-16,0.05374891068007395,0.010924192556326463,4.920172397450708,8.646801609477394e-07,2.489507581055714e-14,1,0.05374891068007395,4.920172397450708,VALIDATED,,,1.0771007729566657,0.0
size_log_market_cap,SIZE,120,504182,82901,1893,381,0.5655913935840629,0.7509921472599848,-0.14238689868770432,0.019504628234770026,-7.300159581297612,2.8742661905284927e-13,-0.13126535214726376,0.046803424044623336,-2.8046100221665986,0.005037749102665942,5.748532381056985e-12,-1,0.13126535214726376,2.8046100221665986,VALIDATED,0.08630772474232737,0.09321468813490076,2.0788403454781843,381.0
size_log_shares,SIZE,120,504182,82901,1893,381,0.5655913935840629,0.7509921472599848,-0.1156023533372398,0.020829346900908048,-5.549974940990596,2.857105481015171e-08,-0.1157378518529366,0.04556045841414619,-2.5403135938816814,0.011075311436144103,4.571368769624273e-07,-1,0.1157378518529366,2.5403135938816814,VALIDATED,0.032581944037753524,0.046544846636171325,1.2324955750659201,381.0
delta_ocf_assets_126s,FUNDAMENTAL_CHANGE,120,504182,82901,1893,381,0.5502616118782503,0.7347438510995042,0.04947081853602298,0.012469845388787789,3.967235919420819,7.271100865842706e-05,0.06592888302344811,0.021568963274315706,3.0566551662664354,0.0022382160199192844,0.0008309829560963092,1,0.06592888302344811,3.0566551662664354,VALIDATED,0.0466128137337852,0.04114923036387558,1.430553262605974,381.0
mom_skip_120_20,MARKET_TREND_RISK,120,504182,82901,1893,381,0.9756318154951982,0.9896261806250829,0.06837401006817544,0.018139707780395135,3.769300525451246,0.00016370568155875493,0.11123306880337926,0.04876371699669271,2.281062143210358,0.02254476987235746,0.0016370568155875493,1,0.11123306880337926,2.281062143210358,VALIDATED,0.07164887847263265,0.04999414429196261,1.5335360351012122,381.0
mom_120d,MARKET_TREND_RISK,120,504182,82901,1893,381,0.9756318154951982,0.9896261806250829,0.06759995012469008,0.01921832013080953,3.5174744548207597,0.0004356742827751503,0.10662785622749972,0.04670175752888629,2.283165813653748,0.022420603019803375,0.0034853942622012023,1,0.10662785622749972,2.283165813653748,VALIDATED,0.06177945707420508,0.06283116092881633,1.4709680288461884,381.0
rel_mom_120d,MARKET_TREND_RISK,120,504182,82901,1893,381,0.9756318154951982,0.9896261806250829,0.06760034131483238,0.019218330636113792,3.517492887119049,0.0004356440259220866,0.10662785622749972,0.04670175752888629,2.283165813653748,0.022420603019803375,0.0034853942622012023,1,0.10662785622749972,2.283165813653748,VALIDATED,0.06177945707420508,0.06283116092881633,1.4709680288461884,381.0
skew_60d,MARKET_TREND_RISK,120,504182,82901,1893,381,0.9897874180355507,0.9953317812812873,-0.03492229700998605,0.010481535164766447,-3.331792190840224,0.000862886639161637,-0.05248149593698311,0.022235734088063872,-2.3602322158167537,0.018263498654638124,0.006275539193902815,-1,0.05248149593698311,2.3602322158167537,VALIDATED,0.03251657343256813,0.041841842549806496,0.951352571436714,381.0
trend_sma_252d,MARKET_TREND_RISK,120,504182,82901,1893,381,0.9603060006108906,0.9835587025488233,0.07482840548896806,0.0259130868628796,2.8876685315387673,0.0038810862837048827,0.1048539471739754,0.04717983174743705,2.222431562182741,0.026254154321131602,0.025873908558032552,1,0.1048539471739754,2.222431562182741,VALIDATED,0.05806364906927812,0.04661346377691539,1.5591595056636602,381.0
trend_sma_120d,MARKET_TREND_RISK,120,504182,82901,1893,381,0.9804693543204637,0.9914355677253591,0.05485490953890356,0.019410506607396356,2.826042135242423,0.004712706447355711,0.08365489999904141,0.035598566176187396,2.349951388070227,0.01877586302239768,0.029001270445265917,1,0.08365489999904141,2.349951388070227,VALIDATED,0.05055708979297832,0.06854551786826737,1.3033826574507241,381.0
distance_low_252d,MARKET_TREND_RISK,120,504182,82901,1893,381,0.9603060006108906,0.9835587025488233,0.04777047954001241,0.01800003395583166,2.653910523570746,0.007956492174635094,0.13982840680340164,0.0488896624670082,2.860081247191282,0.004235324854313759,0.04546566956934339,1,0.13982840680340164,2.860081247191282,VALIDATED,0.12320905674823675,0.1318102712341091,1.9912718113281325,381.0
drawdown_high_120d,MARKET_TREND_RISK,120,504182,82901,1893,381,0.9804693543204637,0.9914355677253591,0.05839571775641862,0.023625181897048174,2.4717573820549004,0.013445072861036276,0.03605085098040775,0.021961729218970275,1.6415306199690078,0.10068731631926425,0.058504733460068604,1,0.03605085098040775,1.6415306199690078,VALIDATED,0.005223223407766758,0.007855777692779453,0.7148002447664288,381.0
fund_cash_assets,BALANCE_SHEET_OR_FRESHNESS,120,504182,82901,1893,381,0.5562554791722036,0.737325243362565,0.07784620955389358,0.03161503148980647,2.462316369319236,0.01380428409058854,0.08099762132902126,0.03262458619092256,2.4827172015306043,0.013038455277723538,0.058504733460068604,1,0.08099762132902126,2.4827172015306043,VALIDATED,0.05188641525204219,0.05523443633789085,1.6423106469824227,381.0
mom_252d,MARKET_TREND_RISK,120,504182,82901,1893,381,0.9506844750506761,0.9806636831883814,0.07090206077531652,0.029091533163494287,2.4372060550005137,0.014801242452496064,0.10215447133016967,0.05265114538998128,1.9402136567689585,0.05235372948236288,0.058504733460068604,1,0.10215447133016967,1.9402136567689585,VALIDATED,0.04485523372812706,0.021271104252006345,1.5840035183004955,381.0
mom_skip_252_20,MARKET_TREND_RISK,120,504182,82901,1893,381,0.9506844750506761,0.9806636831883814,0.07232303213939424,0.02910946107570431,2.4845197907067185,0.012972629713858486,0.10736935315064716,0.05618538562896682,1.9109836472367654,0.056006682414917346,0.058504733460068604,1,0.10736935315064716,1.9109836472367654,VALIDATED,0.04968573143065002,0.02103739103330743,1.6549030185543099,381.0
quality_accruals_assets_reported,QUALITY,120,504182,82901,1893,381,0.5519554446608566,0.737325243362565,-0.03842252583971564,0.01585194228114937,-2.423837101993899,0.015357492533268007,-0.08179959699068401,0.025229509629790536,-3.2422190597829363,0.0011860281954264398,0.058504733460068604,-1,0.08179959699068401,3.2422190597829363,VALIDATED,0.04800644043238779,0.04506951273122725,1.6334791716893169,381.0
rel_mom_252d,MARKET_TREND_RISK,120,504182,82901,1893,381,0.9506844750506761,0.9806636831883814,0.070902240967143,0.029091478076167982,2.4372168640419405,0.014800799993838779,0.10215443064985347,0.05265112422918932,1.940213663912991,0.05235372861450603,0.058504733460068604,1,0.10215443064985347,1.940213663912991,VALIDATED,0.04485523372812706,0.021271104252006345,1.5840035183004955,381.0
mom_skip_60_5,MARKET_TREND_RISK,120,504182,82901,1893,381,0.9873795573820565,0.9943788374084752,0.04196233031055551,0.018365261745462675,2.284875156811894,0.022320149128431853,0.07620138084128053,0.03644632255132697,2.090783802233186,0.03654744875113365,0.07440049709477285,1,0.07620138084128053,2.090783802233186,VALIDATED,0.05595776177168544,0.06341457352837496,1.4183022061825623,381.0
growth_revenue_126s,FUNDAMENTAL_CHANGE,120,504182,82901,1893,381,0.2956412565303799,0.7031881400706868,0.05292311784322188,0.02400679603499876,2.2045056643988192,0.0274888020327025,0.04536233855062821,0.014491065832264576,3.1303659148127174,0.0017458868174645517,0.08099884357243091,1,0.04536233855062821,3.1303659148127174,VALIDATED,0.02421088241727462,0.022699402544089357,1.3774460433121285,381.0
mom_60d,MARKET_TREND_RISK,120,504182,82901,1893,381,0.9873795573820565,0.9943788374084752,0.040769439978544965,0.01871367496759368,2.1785907925164394,0.02936208079500621,0.07586517218744189,0.03726940529148768,2.0355884832101,0.04179169522230015,0.08099884357243091,1,0.07586517218744189,2.0355884832101,VALIDATED,0.05547224250993942,0.056852326043489415,1.4050625180952485,381.0
rel_mom_60d,MARKET_TREND_RISK,120,504182,82901,1893,381,0.9873795573820565,0.9943788374084752,0.040769688003317144,0.018713661691491582,2.178605591756189,0.029360980432785448,0.07586517218744189,0.03726940529148768,2.0355884832101,0.04179169522230015,0.08099884357243091,1,0.07586517218744189,2.0355884832101,VALIDATED,0.05547224250993942,0.056852326043489415,1.4050625180952485,381.0
delta_profit_assets_126s,FUNDAMENTAL_CHANGE,120,504182,82901,1893,381,0.5570984287420019,0.7347438510995042,0.027379310118594537,0.013421462804583098,2.0399646832270157,0.04135384341564201,0.043699438534318756,0.023541069817006773,1.856306398732524,0.06340989756491254,0.09522595146275459,1,0.043699438534318756,1.856306398732524,VALIDATED,0.039988294339190655,0.030440885661893815,1.4751676386946229,381.0
fund_latest_update_age_days,BALANCE_SHEET_OR_FRESHNESS,120,504182,82901,1893,381,0.5898366066222118,0.8031989963932884,-0.024723735158722553,0.01220833081929696,-2.0251527849854183,0.042851678158239564,-0.045988229232558187,0.008112644299597339,-5.668710168254358,1.438765088116058e-08,0.09522595146275459,-1,0.045988229232558187,5.668710168254358,VALIDATED,0.027244169583663085,0.025018154946393707,1.0510256294876068,381.0
value_fcf_yield_reported,VALUATION,120,504182,82901,1893,381,0.41618502842227606,0.5584733597905936,0.03641500905664742,0.0178932057607135,2.0351305151031447,0.0418377422896042,0.12487912661143931,0.030769448904059377,4.05854284231149,4.937987510485612e-05,0.09522595146275459,1,0.12487912661143931,4.05854284231149,VALIDATED,0.07897531977612084,0.08025043777151017,1.5134802738818487,381.0
liq_zero_volume_20d,LIQUIDITY,120,504182,82901,999,250,0.9967134883831632,0.9981302999963813,6.912617458209748e-08,7.210066523736422e-09,9.58745309138628,9.028615639033378e-22,1.0131304811582648e-07,1.1778879607434324e-08,8.601246594954755,7.88548487726087e-18,7.222892511226702e-20,1,1.0131304811582648e-07,8.601246594954755,WATCH,,,,0.0
fund_current_ratio,BALANCE_SHEET_OR_FRESHNESS,120,504182,82901,1893,381,0.5071224280121067,0.6683875948420405,0.05289906244491381,0.026585152640372183,1.9897972060006666,0.046613279350291796,0.012194612496468395,0.05846717883831984,0.2085719328136276,0.8347824230415825,0.10078546886549578,1,0.012194612496468395,0.2085719328136276,WATCH,0.05823921316318557,0.08981168467327036,1.7501730814973828,381.0
fund_net_debt_assets,BALANCE_SHEET_OR_FRESHNESS,120,504182,82901,1893,381,0.43787362500049587,0.6626458064438306,-0.050803694651662755,0.026503833958512465,-1.9168432284622616,0.05525785124547237,-0.07760418263320083,0.045180325200946496,-1.717654361451455,0.08585967845806548,0.11633231841152077,-1,0.07760418263320083,1.717654361451455,WATCH,0.06320950715697372,0.07456093399033638,1.7123480445104813,381.0
trend_sma_60d,MARKET_TREND_RISK,120,504182,82901,1893,381,0.9899917093430547,0.9954162193459669,0.03154844724143435,0.01835953872114587,1.7183681856395423,0.08572947946218398,0.05338793067548206,0.03205468658137415,1.6655265226178786,0.09580775669050191,0.17145895892436797,1,0.05338793067548206,1.6655265226178786,WATCH,0.043235912121077365,0.04506794657504766,1.2192166322033844,381.0
mom_40d,MARKET_TREND_RISK,120,504182,82901,1893,381,0.991421748495583,0.9960072857987238,0.029484058036578203,0.017387441870875108,1.6957099414356962,0.08994082488557287,0.04955202349716573,0.030676748440352373,1.6152958190309608,0.10624664864264399,0.17549429245965437,1,0.04955202349716573,1.6152958190309608,WATCH,0.0408521343744054,0.0416837699878341,1.2493553831895852,381.0
growth_revenue_252s,FUNDAMENTAL_CHANGE,120,504182,82901,1893,381,0.264315267105926,0.7005826226462889,0.05775547565958809,0.035424555755579595,1.6303796738648229,0.10302127786431882,0.09427773218453175,0.029071936063493505,3.242912064013484,0.0011831472191257577,0.18925282523881537,1,0.09427773218453175,3.242912064013484,WATCH,0.054093206373344964,0.04723727668295487,1.4441021971703742,381.0
mom_5d,MARKET_TREND_RISK,120,504182,82901,1893,381,0.9988952402108763,0.999240057417884,0.012259589453875867,0.007523704841538515,1.6294617760907424,0.10321530032864705,0.02171665646699613,0.010437170399430427,2.080703450830049,0.037461058031431835,0.18925282523881537,1,0.02171665646699613,2.080703450830049,WATCH,0.027885273221391043,0.01900149898971497,1.305588265748815,381.0
mom_skip_20_5,MARKET_TREND_RISK,120,504182,82901,1893,381,0.9956305461123166,0.9976477967696409,0.02033784958234366,0.012512942637435999,1.625345066435232,0.10408905388134845,0.016787283382324873,0.015701172806825803,1.0691738501869683,0.2849913395262108,0.18925282523881537,1,0.016787283382324873,1.0691738501869683,WATCH,0.01720446884557566,0.021234580963540556,1.2541490614938846,381.0
value_sales_yield_reported,VALUATION,252,475405,55599,1761,249,0.2929986011926673,0.6412345545783198,0.1234738942406597,0.028388359217092998,4.349455116318046,1.3647621231229377e-05,0.017603766183013278,0.01577071739685677,1.1162311605762367,0.26432319948861227,0.00015597281407119288,1,0.017603766183013278,1.1162311605762367,DISCOVERY_ONLY,0.03763360485380263,0.03436785052713204,1.410576445204613,249.0
quality_profit_margin_reported,QUALITY,252,475405,55599,1761,249,0.30265773393212103,0.6866130685803702,-0.07336175068561396,0.018101648778965144,-4.0527662193326455,5.061557536414429e-05,0.001163991394337348,0.03890914056597679,0.0299156284977205,0.9761343416892854,0.0005061557536414429,-1,-0.001163991394337348,-0.0299156284977205,DISCOVERY_ONLY,0.10718625282155245,0.02917317029822164,1.7771154353232668,249.0
skew_60d,MARKET_TREND_RISK,252,475405,55599,1761,249,0.9894384787707323,0.9951258116153168,-0.032631530439980086,0.011368788037772607,-2.8702734479315097,0.004101169658396826,-0.02519917796591621,0.025700569901990686,-0.98049101876003,0.32684380079123754,0.027341131055978837,-1,0.02519917796591621,0.98049101876003,DISCOVERY_ONLY,-0.031210420905496774,-0.03136452096314779,0.7804541448349673,249.0
fund_current_ratio,BALANCE_SHEET_OR_FRESHNESS,252,475405,55599,1761,249,0.49783658144108706,0.6499757189877515,0.08779352084800406,0.03262624138252468,2.6908867564201913,0.007126238019440293,0.059864036265596346,0.04703672519436911,1.2727084213074176,0.20312152820086193,0.029530506987786795,1,0.059864036265596346,1.2727084213074176,DISCOVERY_ONLY,0.21193299917749156,0.2031520873834735,2.4150559894450168,249.0
fund_equity_assets,BALANCE_SHEET_OR_FRESHNESS,252,475405,55599,1761,249,0.548452372187924,0.7130344070936527,0.04424806704508187,0.01708638877686022,2.589667578265936,0.00960686514312709,-0.013761673485257796,0.05164558486217704,-0.2664636971772633,0.789882114454155,0.029530506987786795,1,-0.013761673485257796,-0.2664636971772633,DISCOVERY_ONLY,0.062493822408707364,0.04084217452858063,1.7421208535745898,249.0
delta_operating_margin_126s,FUNDAMENTAL_CHANGE,252,475405,55599,1514,249,0.21692241352110306,0.5761434558175507,-0.05642823881314214,0.026770394822239297,-2.1078597901837752,0.035043119222594635,0.028114727287606858,0.025946170206194937,1.083579081775011,0.27855146977112444,0.0849530162971991,-1,-0.028114727287606858,-1.083579081775011,DISCOVERY_ONLY,-0.08738863984631416,-0.11910169529094478,0.922454693900477,249.0
quality_ocf_margin_reported,QUALITY,252,475405,55599,1761,249,0.29999474132581694,0.6866130685803702,-0.05004257310919443,0.024062541823893027,-2.079687735212761,0.03755418377138572,0.09078711757527208,0.04244793021113519,2.1387878542887417,0.032452853569919275,0.08583813433459593,-1,-0.09078711757527208,-2.1387878542887417,DISCOVERY_ONLY,-0.06890452345602982,-0.1167269368272131,0.8497942279719388,249.0
delta_operating_margin_252s,FUNDAMENTAL_CHANGE,252,475405,55599,1388,249,0.18909561321399648,0.5723843954027951,-0.08334915908097251,0.026948647506724394,-3.0928883930139617,0.0019821866589549235,0.06518630758092624,0.023584509552741644,2.76394586180184,0.005710701339058796,0.014415902974217626,-1,-0.06518630758092624,-2.76394586180184,NO_EVIDENCE,,,,
delta_ocf_assets_252s,FUNDAMENTAL_CHANGE,252,475405,55599,1761,249,0.534304435165806,0.7127106602636738,-0.01858186142717703,0.01149826698106761,-1.616057572656198,0.1060818661676951,0.1443046645006042,0.018039554293318487,7.999347553395593,1.2508020240565992e-15,0.1928761203049002,-1,-0.1443046645006042,-7.999347553395593,NO_EVIDENCE,-0.10992724584596775,-0.15852377957494293,0.9643829409846989,249.0
quality_operating_margin_reported,QUALITY,252,475405,55599,1640,249,0.24557798087946067,0.5791291210273566,-0.04858706917899702,0.03095575902539011,-1.5695647824091665,0.11651639709454169,0.00733836862095894,0.03822744521954726,0.19196597049092182,0.8477688612573636,0.195600576423697,-1,-0.00733836862095894,-0.19196597049092182,NO_EVIDENCE,0.11524130074013055,0.05423570207774142,1.7545013488725258,249.0
growth_revenue_126s,FUNDAMENTAL_CHANGE,252,475405,55599,1761,249,0.27151796888968355,0.6836274033705643,0.0426694267614675,0.031368158897653924,1.3602783287564517,0.17374186354468613,0.03452938092757446,0.013990918691336899,2.467985247384424,0.013587591937592682,0.2779869816714978,1,0.03452938092757446,2.467985247384424,NO_EVIDENCE,,,,
distance_low_60d,MARKET_TREND_RISK,252,475405,55599,1761,249,0.9896488257380549,0.995215741290311,0.024407466523076654,0.01829388605296011,1.3341870859159153,0.1821425507701122,0.10939351470422716,0.056976483167897614,1.9199766047663502,0.05486085459906733,0.28567880061596307,1,0.10939351470422716,1.9199766047663502,NO_EVIDENCE,,,,
fund_ocf_age_days,BALANCE_SHEET_OR_FRESHNESS,252,475405,55599,1761,249,0.5450426478476247,0.7171531862083851,-0.019778411214637477,0.014944770213394612,-1.3234336113719967,0.185691220400376,-0.10881235514243516,0.017077410899714804,-6.371712654888005,1.869288689336579e-10,0.28567880061596307,-1,0.10881235514243516,6.371712654888005,NO_EVIDENCE,,,,
delta_cash_assets_126s,FUNDAMENTAL_CHANGE,252,475405,55599,1761,249,0.5393632797299145,0.7149768880735266,-0.012715622122633774,0.010768301182051486,-1.1808382685124061,0.23766697840567141,0.08024473800537317,0.0314681911298838,2.5500270312381788,0.010771456706954678,0.3520992272676614,-1,-0.08024473800537317,-2.5500270312381788,NO_EVIDENCE,,,,
growth_assets_252s,FUNDAMENTAL_CHANGE,252,475405,55599,1761,249,0.5481326447975936,0.7127106602636738,0.03979482949743836,0.03343442548785891,1.190235181755676,0.23395396890883569,0.1976687469217136,0.014181591263184119,13.938403896526635,3.7012500923313543e-44,0.3520992272676614,1,0.1976687469217136,13.938403896526635,NO_EVIDENCE,,,,
growth_revenue_252s,FUNDAMENTAL_CHANGE,252,475405,55599,1761,249,0.2391855365425269,0.6813611755607115,0.039758691045615024,0.03733821113167873,1.0648258135720567,0.28695476144154963,0.13276239665726505,0.02855550615405308,4.649274852318497,3.3310407778391767e-06,0.41738874391498126,1,0.13276239665726505,4.649274852318497,NO_EVIDENCE,,,,
distance_low_20d,MARKET_TREND_RISK,252,475405,55599,1761,249,0.9966092068867597,0.9981474486951204,0.014086771995455697,0.015568362781401132,0.9048332309088127,0.3655537438692591,0.07108249139866353,0.03926572558455218,1.810293591687215,0.0702502703025906,0.5222196340989416,1,0.07108249139866353,1.810293591687215,NO_EVIDENCE,,,,
growth_shares_252s,FUNDAMENTAL_CHANGE,252,475405,55599,1761,249,0.5431200765662961,0.7244374898829116,0.0200964248675817,0.022553087187892645,0.8910720160018812,0.37289053655530857,0.07915975196029101,0.02796626331792404,2.8305444692554342,0.0046468850964096154,0.5233551390249945,1,0.07915975196029101,2.8305444692554342,NO_EVIDENCE,,,,
quality_fcf_assets_reported,QUALITY,252,475405,55599,1761,249,0.4271473796026546,0.5924207269914926,0.017847129326005122,0.02278339757257719,0.7833392394243466,0.43342792636988603,0.06573820828241281,0.028353945429395455,2.318485391957476,0.020422955967513166,0.5876988832134048,1,0.06573820828241281,2.318485391957476,NO_EVIDENCE,,,,
value_fcf_yield_reported,VALUATION,252,475405,55599,1761,249,0.4079258737287155,0.5425637151747333,0.0140162208969663,0.017693576747626512,0.7921643598062496,0.4282648468335516,0.13452384691716987,0.04831644409436652,2.7842249039360647,0.005365581492122379,0.5876988832134048,1,0.13452384691716987,2.7842249039360647,NO_EVIDENCE,,,,
mom_accel_120_252,MARKET_TREND_RISK,252,475405,55599,1761,249,0.9495482798876748,0.980323387111279,0.01375990541040182,0.01862539036730349,0.7387713835279967,0.46004583128211185,0.031653071987225875,0.05185445261534743,0.6104214853452619,0.5415826391960832,0.6133944417094824,1,0.031653071987225875,0.6104214853452619,NO_EVIDENCE,,,,
downside_vol_20d,MARKET_TREND_RISK,252,475405,55599,1761,249,0.9963841356317246,0.9980575190201263,-0.022016952829957165,0.03141966065479734,-0.7007380847251603,0.4834664838246956,0.01754223937872971,0.03658180848553169,0.47953450375936885,0.6315584281129372,0.6277935525073058,-1,-0.01754223937872971,-0.47953450375936885,NO_EVIDENCE,,,,
downside_vol_60d,MARKET_TREND_RISK,252,475405,55599,1761,249,0.9894384787707323,0.9951258116153168,-0.023200061453473326,0.03417848050382981,-0.6787914825784512,0.49726999132009253,0.037123807097942864,0.04338757677593735,0.8556321845227282,0.3922012618313896,0.6277935525073058,-1,-0.037123807097942864,-0.8556321845227282,NO_EVIDENCE,,,,
fund_net_income_age_days,BALANCE_SHEET_OR_FRESHNESS,252,475405,55599,1761,249,0.5520282706324081,0.7171531862083851,0.006521050279086731,0.00982266203518259,0.6638781071495465,0.5067683293925194,-0.045792824598847266,0.013902056485667374,-3.2939604759956462,0.0009878638798232816,0.6277935525073058,1,-0.045792824598847266,-3.2939604759956462,NO_EVIDENCE,,,,
value_earnings_yield_reported,VALUATION,252,475405,55599,1761,249,0.529092037315552,0.6672961743916257,-0.011596741752531784,0.017450126389719142,-0.6645649145191339,0.5063288163520046,-0.020986272290852096,0.031217125816191734,-0.6722679216024081,0.5014131475963977,0.6277935525073058,-1,0.020986272290852096,0.6722679216024081,NO_EVIDENCE,,,,
worst_day_20d,MARKET_TREND_RISK,252,475405,55599,1761,249,0.9963841356317246,0.9980575190201263,0.019781196469532858,0.030030223032410683,0.6587096089224389,0.510082261412186,-0.010329152063385832,0.03316031744716871,-0.3114913504625618,0.7554271173938778,0.6277935525073058,1,-0.010329152063385832,-0.3114913504625618,NO_EVIDENCE,,,,
delta_profit_assets_252s,FUNDAMENTAL_CHANGE,252,475405,55599,1761,249,0.5415193361449712,0.7127106602636738,-0.009949309874383793,0.016229603332089903,-0.613034691655807,0.5398534013137226,0.057008081501160685,0.030554923889006953,1.8657576012379153,0.0620752867217575,0.6543677591681486,-1,-0.057008081501160685,-1.8657576012379153,NO_EVIDENCE,,,,
worst_day_60d,MARKET_TREND_RISK,252,475405,55599,1761,249,0.9894384787707323,0.9951258116153168,0.018972281588977135,0.03164243803705565,0.5995834318063349,0.5487838917313212,-0.032307491457374035,0.03553786720890802,-0.9091004608536484,0.36329709937063503,0.655264348335906,1,-0.032307491457374035,-0.9091004608536484,NO_EVIDENCE,,,,
quality_profit_assets_reported,QUALITY,252,475405,55599,1761,249,0.5520282706324081,0.7171531862083851,-0.012294465882922146,0.022169908040739674,-0.5545564672767112,0.5791980721907605,-0.13396920433320758,0.02232166557422527,-6.001756629124542,1.9519412530338426e-09,0.6692010778398806,-1,0.13396920433320758,6.001756629124542,NO_EVIDENCE,,,,
vol_20d,MARKET_TREND_RISK,252,475405,55599,1761,249,0.9963841356317246,0.9980575190201263,-0.017726576832531392,0.03250825892148521,-0.5452945626939012,0.5855509431098955,0.05143320982530986,0.049367091180556766,1.0418521447252465,0.29748023403350565,0.6692010778398806,-1,-0.05143320982530986,-1.0418521447252465,NO_EVIDENCE,,,,
vol_60d,MARKET_TREND_RISK,252,475405,55599,1761,249,0.9894384787707323,0.9951258116153168,-0.01924896108477301,0.03432086069148448,-0.56085309916336,0.5748976849877656,0.06718624184724928,0.04986651130775387,1.3473218816653476,0.1778765877096512,0.6692010778398806,-1,-0.06718624184724928,-1.3473218816653476,NO_EVIDENCE,,,,
vol_10d,MARKET_TREND_RISK,252,475405,55599,1761,249,0.998184705672006,0.9988489001600748,-0.01585214070267389,0.030443461265683355,-0.5207075688381999,0.6025705009657043,0.045345379026741545,0.04817543242465342,0.9412552569748472,0.3465740658017684,0.6789526771444556,-1,-0.045345379026741545,-0.9412552569748472,NO_EVIDENCE,,,,
mom_accel_60_120,MARKET_TREND_RISK,252,475405,55599,1761,249,0.9749497796615517,0.9896940592456699,-0.007971661966799454,0.01628662272328558,-0.48946071277270253,0.624515562226017,-0.038798983847133636,0.054467480342006165,-0.7123330031701735,0.4762585917906137,0.6794432309267127,-1,0.038798983847133636,0.7123330031701735,NO_EVIDENCE,,,,
quality_ocf_assets_reported,QUALITY,252,475405,55599,1761,249,0.5450426478476247,0.7171531862083851,0.011493512275446682,0.023069177443237072,0.4982194230256833,0.6183293938868043,-0.011302246420521979,0.016729883964237555,-0.6755723138715185,0.4993122245152356,0.6794432309267127,1,-0.011302246420521979,-0.6755723138715185,NO_EVIDENCE,,,,
vol_120d,MARKET_TREND_RISK,252,475405,55599,1761,249,0.979672069077944,0.9909890465655857,-0.01737085400908759,0.03590055347924115,-0.48386033990066407,0.6284849886072092,0.05892447415529602,0.04874756448987728,1.2087675511980098,0.22675216119990815,0.6794432309267127,-1,-0.05892447415529602,-1.2087675511980098,NO_EVIDENCE,,,,
mom_accel_20_60,MARKET_TREND_RISK,252,475405,55599,1761,249,0.9869605914956721,0.9939387399053939,-0.004041162380692843,0.009251930320250854,-0.43679126850398414,0.6622627318585791,-0.015572105443666587,0.02709175727989996,-0.5747912652096553,0.5654324748739545,0.706413580649151,-1,0.015572105443666587,0.5747912652096553,NO_EVIDENCE,,,,
delta_profit_assets_126s,FUNDAMENTAL_CHANGE,252,475405,55599,1761,249,0.5466728368443748,0.7149768880735266,0.004332856165588738,0.014945296891134807,0.2899143588213952,0.7718817564131026,0.01517873914548759,0.0412798401168942,0.3677034383492085,0.7130943764765858,0.8125071120137922,1,0.01517873914548759,0.3677034383492085,NO_EVIDENCE,,,,
value_book_to_market_snapshot,VALUATION,252,475405,55599,1761,249,0.5256802095055795,0.6631773952768935,0.008305584294104601,0.03277483476340939,0.25341346048148977,0.7999487271009245,0.08261709275306692,0.026397298061922706,3.1297556499632644,0.0017495176485655584,0.8311155606243371,1,0.08261709275306692,3.1297556499632644,NO_EVIDENCE,,,,
delta_ocf_assets_126s,FUNDAMENTAL_CHANGE,252,475405,55599,1761,249,0.5394221768807648,0.7149768880735266,-0.002259787185859194,0.014006405060616393,-0.1613395568726859,0.8718259694652195,0.014259371643866507,0.04082911267641711,0.34924520052336866,0.7269052348604518,0.8941804815027893,-1,-0.014259371643866507,-0.34924520052336866,NO_EVIDENCE,,,,
fund_debt_assets,BALANCE_SHEET_OR_FRESHNESS,252,475405,55599,1761,249,0.4344190742629968,0.64184607636828,-0.003052945243639201,0.025370229596604347,-0.1203357357100079,0.9042171967789698,-0.1055784930679843,0.03021890911005608,-3.4937890273759242,0.0004762171890127262,0.9156629840799695,-1,0.1055784930679843,3.4937890273759242,NO_EVIDENCE,,,,
fund_revenue_age_days,BALANCE_SHEET_OR_FRESHNESS,252,475405,55599,1761,249,0.3048411354529296,0.6866130685803702,-0.001267347285616492,0.027690101327542557,-0.045768965256761183,0.9634943950149288,-0.02430999235767827,0.030202823286676356,-0.804891388031342,0.42088235847428346,0.9634943950149288,-1,0.02430999235767827,0.804891388031342,NO_EVIDENCE,,,,
liq_amihud_20d,LIQUIDITY,252,475405,55599,0,0,0.001994089250218235,0.01791399125883559,,,,,,,,,,-1,,,NO_EVIDENCE,,,,
liq_amihud_60d,LIQUIDITY,252,475405,55599,0,0,0.0017921561615885403,0.01791399125883559,,,,,,,,,,-1,,,NO_EVIDENCE,,,,
liq_dollar_volume_trend_20_60,LIQUIDITY,252,475405,55599,0,0,0.0017984665706082183,0.01791399125883559,,,,,,,,,,-1,,,NO_EVIDENCE,,,,
liq_log_dollar_volume_20d,LIQUIDITY,252,475405,55599,0,0,0.002000399659237913,0.01791399125883559,,,,,,,,,,-1,,,NO_EVIDENCE,,,,
liq_log_dollar_volume_60d,LIQUIDITY,252,475405,55599,0,0,0.0017984665706082183,0.01791399125883559,,,,,,,,,,-1,,,NO_EVIDENCE,,,,
fund_update_count_60d,BALANCE_SHEET_OR_FRESHNESS,252,475405,55599,1761,249,1.0,1.0,0.16486566696116273,0.015769551526288263,10.454683298147526,1.3946392682865223e-25,0.19100269195499545,0.009345571980352593,20.43777441943037,7.717927927216842e-93,1.1157114146292178e-23,1,0.19100269195499545,20.43777441943037,VALIDATED,0.18154656415533793,0.17442234593451164,0.39243094403446027,207.0
fund_update_count_20d,BALANCE_SHEET_OR_FRESHNESS,252,475405,55599,1761,249,1.0,1.0,0.0766093062151211,0.007379591204596661,10.381239839871084,3.018295722947246e-25,0.08730377154074229,0.01198152329794231,7.286533554188031,3.1803161140871606e-13,1.2073182891788984e-23,1,0.08730377154074229,7.286533554188031,VALIDATED,,,1.0310425299901358,0.0
size_log_market_cap,SIZE,252,475405,55599,1761,249,0.5549752316445977,0.7299052141225562,-0.2047453932831157,0.021152249843195914,-9.679603578858849,3.6814065492716164e-22,-0.1993711068632466,0.03903225277809901,-5.10785549572772,3.2583567937322305e-07,9.817084131390977e-21,-1,0.1993711068632466,5.10785549572772,VALIDATED,0.23359800954644322,0.22738510175692517,2.589403772640119,249.0
size_log_shares,SIZE,252,475405,55599,1761,249,0.5549752316445977,0.7299052141225562,-0.15451582244820172,0.017898918601149425,-8.632690381545123,5.9925485661627045e-18,-0.1654954280188729,0.04218355079026519,-3.9232218463947977,8.737262778261443e-05,1.1985097132325408e-16,-1,0.1654954280188729,3.9232218463947977,VALIDATED,0.0858152992394264,0.0819129021955145,1.271553277387183,249.0
size_log_assets,SIZE,252,475405,55599,1761,249,0.5568346988357296,0.7171531862083851,-0.18096733943227417,0.02648725746881869,-6.8322414899055675,8.359796429333286e-12,-0.10145230734147533,0.0516708476503423,-1.9634341597800988,0.04959574784684185,1.1146395239111049e-10,-1,0.10145230734147533,1.9634341597800988,VALIDATED,0.095044587478386,0.06050971453929366,1.4518776852970243,249.0
quality_operating_income_assets_reported,QUALITY,252,475405,55599,1761,249,0.45718703000599487,0.6007122430259537,-0.0655816324870428,0.01858003809342493,-3.529682348189087,0.00041605887876694286,-0.09241637995633933,0.020550533983612267,-4.497030589571807,6.890907725453084e-06,0.0036983011445950475,-1,0.09241637995633933,4.497030589571807,VALIDATED,0.18990907357925946,0.15090548696820238,2.131776176524173,249.0
fund_cash_assets,BALANCE_SHEET_OR_FRESHNESS,252,475405,55599,1761,249,0.5457788622332538,0.7171531862083851,0.1161423766996399,0.03733505669610696,3.110812918940884,0.001865731007047725,0.08680786855643559,0.024965423747995773,3.477123778578144,0.0005068237808153609,0.014415902974217626,1,0.08680786855643559,3.477123778578144,VALIDATED,0.10703498350223663,0.06084262584168071,2.0331279211473787,249.0
trend_sma_20d,MARKET_TREND_RISK,252,475405,55599,1761,249,0.9966092068867597,0.9981474486951204,0.027433637490561838,0.009698417332281899,2.8286715812122196,0.004674163786368646,0.06028691398344127,0.02684814035522631,2.245478203919837,0.02473744993630589,0.028764084839191666,1,0.06028691398344127,2.245478203919837,VALIDATED,0.08836636492483235,0.0701612368366406,1.473830091567841,249.0
mom_10d,MARKET_TREND_RISK,252,475405,55599,1761,249,0.9977345631619357,0.9986330689400889,0.02236620446508173,0.008203648984478985,2.726372679693853,0.006403465184561198,0.05204207533931252,0.02240137225938269,2.3231646140568456,0.020170310937880104,0.029530506987786795,1,0.05204207533931252,2.3231646140568456,VALIDATED,0.07327260463627398,0.0665522259513825,1.4537987659505347,249.0
mom_120d,MARKET_TREND_RISK,252,475405,55599,1761,249,0.9749497796615517,0.9896940592456699,0.054930652735954634,0.020834186491338634,2.6365633598792484,0.008375055795258296,0.17817715000521858,0.04498326303259393,3.9609654345465146,7.464733904320031e-05,0.029530506987786795,1,0.17817715000521858,3.9609654345465146,VALIDATED,0.23256918275800945,0.25814091570735564,2.0306718206261043,249.0
mom_1d,MARKET_TREND_RISK,252,475405,55599,1761,249,0.9997749287449649,0.9998381265850105,0.007985190956091981,0.003096294010049965,2.5789511364791626,0.009910080362780033,0.026009086164514895,0.006518762327805362,3.989881032105559,6.610644400641422e-05,0.029530506987786795,1,0.026009086164514895,3.989881032105559,VALIDATED,0.03455392439168821,0.025970077053803303,1.3593293494539624,249.0
mom_20d,MARKET_TREND_RISK,252,475405,55599,1761,249,0.9954922644902767,0.9976978003201497,0.02856065357125227,0.011082960228289912,2.5769878248186355,0.009966546108378044,0.06249377853230795,0.030626397171512266,2.040520084106979,0.04129855273585572,0.029530506987786795,1,0.06249377853230795,2.040520084106979,VALIDATED,0.09945820623057962,0.08786674500885985,1.5309844829643393,249.0
mom_5d,MARKET_TREND_RISK,252,475405,55599,1761,249,0.9988599194371115,0.9992266047950503,0.015644942395911375,0.006011276694122309,2.6025989472766486,0.00925201128931394,0.045346118292358614,0.01637998354247307,2.768386071620692,0.005633467789326096,0.029530506987786795,1,0.045346118292358614,2.768386071620692,VALIDATED,0.0661528002114555,0.05789165657189746,1.431720385182455,249.0
mom_60d,MARKET_TREND_RISK,252,475405,55599,1761,249,0.9869605914956721,0.9939387399053939,0.04413427965422643,0.0169503235782626,2.603742604113176,0.0092211979997177,0.1291810993704652,0.05839539961895159,2.2121793876471885,0.0269542724850827,0.029530506987786795,1,0.1291810993704652,2.2121793876471885,VALIDATED,0.19969808889759152,0.1972272721100316,1.7871061842154874,249.0
mom_skip_120_20,MARKET_TREND_RISK,252,475405,55599,1761,249,0.9749497796615517,0.9896940592456699,0.053415979621420244,0.019969766611866283,2.674842458583357,0.007476437403477038,0.1688086591742692,0.051164457528821296,3.2993344858426013,0.0009691435921810128,0.029530506987786795,1,0.1688086591742692,3.2993344858426013,VALIDATED,0.2178702589678138,0.2694444606843945,1.9958544921098509,249.0
mom_skip_60_5,MARKET_TREND_RISK,252,475405,55599,1761,249,0.9869605914956721,0.9939387399053939,0.04344668826197028,0.016543322905262198,2.626237093404645,0.008633465793340596,0.12064672932529415,0.05703612438606467,2.1152687112585635,0.03440705160844191,0.029530506987786795,1,0.12064672932529415,2.1152687112585635,VALIDATED,0.18993369340403715,0.2020337713667958,1.7355460111086902,249.0
rel_mom_120d,MARKET_TREND_RISK,252,475405,55599,1761,249,0.9749497796615517,0.9896940592456699,0.05493081045312326,0.020834219255932235,2.636566783633254,0.008374971277315797,0.17817715000521858,0.04498326303259393,3.9609654345465146,7.464733904320031e-05,0.029530506987786795,1,0.17817715000521858,3.9609654345465146,VALIDATED,0.23256918275800945,0.25814091570735564,2.0306718206261043,249.0
rel_mom_20d,MARKET_TREND_RISK,252,475405,55599,1761,249,0.9954922644902767,0.9976978003201497,0.028560645624574225,0.011082924152284672,2.576995496146803,0.00996632492089497,0.06249377853230795,0.030626397171512266,2.040520084106979,0.04129855273585572,0.029530506987786795,1,0.06249377853230795,2.040520084106979,VALIDATED,0.09945820623057962,0.08786674500885985,1.5309844829643393,249.0
rel_mom_60d,MARKET_TREND_RISK,252,475405,55599,1761,249,0.9869605914956721,0.9939387399053939,0.044134327367059696,0.016950315970307085,2.6037465876372172,0.009221090832774956,0.1291810993704652,0.05839539961895159,2.2121793876471885,0.0269542724850827,0.029530506987786795,1,0.1291810993704652,2.2121793876471885,VALIDATED,0.19969808889759152,0.1972272721100316,1.7871061842154874,249.0
trend_sma_120d,MARKET_TREND_RISK,252,475405,55599,1761,249,0.9798697952272273,0.9910430043705822,0.050901585181932184,0.018593586276348537,2.737588350380806,0.006189149303639227,0.15440331201388843,0.05226135942002261,2.9544449996593993,0.0031323198084440857,0.029530506987786795,1,0.15440331201388843,2.9544449996593993,VALIDATED,0.21992309119172201,0.23761303983779267,1.817587679788344,249.0
mom_skip_20_5,MARKET_TREND_RISK,252,475405,55599,1761,249,0.9954922644902767,0.9976978003201497,0.024890031101332172,0.009822797375604243,2.53390456400421,0.011279944799524502,0.051503024395399,0.026176898785171952,1.9674990845200184,0.049125701356809305,0.03155275092133088,1,0.051503024395399,1.9674990845200184,VALIDATED,0.08522673461720373,0.068050207311882,1.513480459948149,249.0
trend_sma_60d,MARKET_TREND_RISK,252,475405,55599,1761,249,0.9896488257380549,0.995215741290311,0.03952038144383504,0.015626704337847533,2.5290285519844096,0.011437872208982444,0.11063639671903101,0.051641967092460134,2.1423737891499535,0.032163415333459455,0.03155275092133088,1,0.11063639671903101,2.1423737891499535,VALIDATED,0.17525907168577137,0.18866316498361077,1.6544859260502145,249.0
mom_40d,MARKET_TREND_RISK,252,475405,55599,1761,249,0.991129668388006,0.9958632349502688,0.03687707157131395,0.015002567333607672,2.458050729004534,0.013969344002617356,0.10174638112686143,0.05078314557694858,2.0035462547843044,0.04511868801578728,0.037251584006979616,1,0.10174638112686143,2.0035462547843044,VALIDATED,0.1680097705168069,0.1619267933737518,1.6857207591144812,249.0
trend_sma_252d,MARKET_TREND_RISK,252,475405,55599,1761,249,0.9593125861107897,0.9843882084210148,0.057710310439518055,0.024578542370828172,2.3479956446893846,0.018874742006846974,0.19165286686094407,0.046755432700664214,4.099050223488177,4.148490161431817e-05,0.048709011630572834,1,0.19165286686094407,4.099050223488177,VALIDATED,0.23897180364347786,0.29111046219737474,2.221160584829896,249.0
fund_net_debt_assets,BALANCE_SHEET_OR_FRESHNESS,252,475405,55599,1761,249,0.42619030090133675,0.64184607636828,-0.060717858487416176,0.026452663244199322,-2.2953400921070095,0.02171364168454466,-0.12007761703722107,0.03749904151622446,-3.2021516332695565,0.0013640517548352818,0.05428410421136165,-1,0.12007761703722107,3.2021516332695565,VALIDATED,0.15830744575711275,0.1495456125589433,1.5840478117694123,249.0
quality_accruals_assets_reported,QUALITY,252,475405,55599,1761,249,0.5412185399816998,0.7171531862083851,-0.03707432703137748,0.017799997953603985,-2.0828276007678417,0.03726694077444194,-0.07106599515002386,0.014919161456431743,-4.763404120101326,1.9035407848010753e-06,0.08583813433459593,-1,0.07106599515002386,4.763404120101326,VALIDATED,0.08114309533504006,0.0739348054924382,1.5421475460322023,249.0
liq_zero_volume_20d,LIQUIDITY,252,475405,55599,892,187,0.9966092068867597,0.9981474486951204,6.729023083794397e-08,8.025672673536954e-09,8.384372696860664,5.0996977087860765e-17,9.67193522178664e-08,1.4263195972406105e-08,6.78104349158364,1.1931094997069832e-11,8.159516334057722e-16,1,9.67193522178664e-08,6.78104349158364,WATCH,,,,0.0
distance_low_252d,MARKET_TREND_RISK,252,475405,55599,1761,249,0.9593125861107897,0.9843882084210148,0.04394797735519314,0.022481095034027256,1.95488597368917,0.050596530465662336,0.20402579275852153,0.036391084224535644,5.606477441003612,2.064858743157449e-08,0.11243673436813853,1,0.20402579275852153,5.606477441003612,WATCH,0.34388301674026023,0.3335072348300998,2.657382581300332,249.0
distance_low_120d,MARKET_TREND_RISK,252,475405,55599,1761,249,0.9798697952272273,0.9910430043705822,0.03604381220762,0.01926905534853949,1.8705541893807454,0.061406899318554135,0.1561618686361636,0.04844858050701801,3.2232496185010584,0.0012674505036404339,0.1327716742022792,1,0.1561618686361636,3.2232496185010584,WATCH,0.28776483019008825,0.26421960018077917,2.3317759274294305,249.0
drawdown_high_120d,MARKET_TREND_RISK,252,475405,55599,1761,249,0.9798697952272273,0.9910430043705822,0.0456990495346161,0.024984041825021945,1.8291295641703464,0.06738020100969996,0.07554949096269395,0.04193756701409752,1.8014752962969365,0.07162799758712814,0.1418530547572631,1,0.07554949096269395,1.8014752962969365,WATCH,0.057259144533828785,0.07169309396402473,0.9446028204944442,249.0
drawdown_high_60d,MARKET_TREND_RISK,252,475405,55599,1761,249,0.9896488257380549,0.995215741290311,0.04008656304372825,0.0221692956181207,1.8082019264050215,0.07057507892293491,0.05708544474932355,0.03399356777296723,1.6793013646163883,0.09309332518953044,0.14476939266243058,1,0.05708544474932355,1.6793013646163883,WATCH,0.038952658722330384,0.057930187412981074,0.8833187576874156,248.0
drawdown_high_252d,MARKET_TREND_RISK,252,475405,55599,1761,249,0.9593125861107897,0.9843882084210148,0.04890722401275047,0.027722257433107547,1.7641862005921132,0.0777006352530438,0.0807439625234312,0.05124125786381612,1.5757607422133237,0.11508095288194477,0.1554012705060876,1,0.0807439625234312,1.5757607422133237,WATCH,0.034570522395121886,0.08899334227754538,0.9623978769043946,249.0
drawdown_high_20d,MARKET_TREND_RISK,252,475405,55599,1761,249,0.9966092068867597,0.9981474486951204,0.0303056584245824,0.017936660468295156,1.6895931368133263,0.09110581986572826,0.0261136937973378,0.018816913181518388,1.3877777691500521,0.16520472625465132,0.17353489498233954,1,0.0261136937973378,1.3877777691500521,WATCH,0.002151876331026963,0.00460847536841294,0.8860304821273032,243.0
value_ocf_yield_reported,VALUATION,252,475405,55599,1761,249,0.52371136189144,0.6672961743916257,0.03693153096781771,0.021828930226287936,1.6918616984419217,0.09067234634519843,0.04802883151821725,0.0332905267352397,1.442717680624029,0.1491000165408979,0.17353489498233954,1,0.04802883151821725,1.442717680624029,WATCH,0.05965296560671449,0.06274500607021286,1.529869601988076,249.0
value_eps_yield_reported,VALUATION,252,475405,55599,1761,249,0.5280424059486122,0.6848684328854836,-0.030142082936703132,0.01845452064072192,-1.6333170350787292,0.10240233582630634,-0.026186585120360862,0.03689276191984834,-0.7098027840055112,0.4778264424366969,0.19051597363033737,-1,0.026186585120360862,0.7098027840055112,WATCH,0.09362937807617135,0.045162495505496,2.211087105665419,249.0
mom_skip_252_20,MARKET_TREND_RISK,252,475405,55599,1761,249,0.9495482798876748,0.980323387111279,0.04451882820489983,0.02780742763898087,1.6009689491196468,0.10938379667945398,0.16250538193104855,0.07243692209975255,2.2434053963151985,0.02487068422813268,0.19446008298569598,1,0.16250538193104855,2.2434053963151985,WATCH,0.17234781966515694,0.3126704127448628,2.1564189390391246,249.0
fund_latest_update_age_days,BALANCE_SHEET_OR_FRESHNESS,252,475405,55599,1761,249,0.577911464961454,0.7797622259393154,-0.018203514629720082,0.011477215593700024,-1.5860566947711778,0.11272644922503358,-0.06662821123747269,0.018694789287250425,-3.5639990488104707,0.0003652472772872694,0.195600576423697,-1,0.06662821123747269,3.5639990488104707,WATCH,0.05563586447629456,0.063726523439953,1.0370981302573166,249.0
mom_252d,MARKET_TREND_RISK,252,475405,55599,1761,249,0.9495482798876748,0.980323387111279,0.04378906152453242,0.028149467509759572,1.5555911140894767,0.1198053530595144,0.1638030509969644,0.06583332711271798,2.488147845186457,0.012841033876182135,0.195600576423697,1,0.1638030509969644,2.488147845186457,WATCH,0.18505128154684064,0.33146774513543176,2.2074152532557525,249.0
rel_mom_252d,MARKET_TREND_RISK,252,475405,55599,1761,249,0.9495482798876748,0.980323387111279,0.043789225133852853,0.028149457529250865,1.5555974777968735,0.1198038388659869,0.1638028899130771,0.06583330667046296,2.4881461709498116,0.012841094330226961,0.195600576423697,1,0.1638028899130771,2.4881461709498116,WATCH,0.18505128154684064,0.33146774513543176,2.2074152532557525,249.0
