ensemble,top_n,policy,hold_floor,score_edge,fold,cost_bps,days,total_return,cagr,max_drawdown,annual_turnover,trade_days,execution_skips,positive_month_share,total_cost_fraction_sum,execution_skip_rate,benchmark_total_return,benchmark_cagr,benchmark_max_drawdown
H20,5,MONTHLY,,,WF_2019_2020,20.0,505,1.7038993787271575,0.6427351487250745,-0.32002428272510264,5.775590985431326,24,0,0.7083333333333334,0.023148201965419203,0.0,,,
H20,5,MONTHLY,,,WF_2019_2020,40.0,505,1.6419247281179135,0.6238371648678156,-0.32112609222461796,5.775590985431326,24,0,0.6666666666666666,0.046296403930838406,0.0,,,
H20,5,MONTHLY,,,WF_2021_2022,20.0,503,0.1545257406072149,0.07464207793109967,-0.3120952752224332,6.118744887231326,24,0,0.5416666666666666,0.02442641808156633,0.0,,,
H20,5,MONTHLY,,,WF_2021_2022,40.0,503,0.12661988148812675,0.06154931418693188,-0.3186115963903553,6.118744887231326,24,0,0.5416666666666666,0.04885283616313266,0.0,,,
H20,5,WEEKLY,,,WF_2019_2020,20.0,505,1.7301042200298071,0.6506604760368491,-0.31752516701970845,13.7196718895566,105,0,0.75,0.05498757384306416,0.0,,,
H20,5,WEEKLY,,,WF_2019_2020,40.0,505,1.5838690642035753,0.60593166920042,-0.31874825665328455,13.7196718895566,105,0,0.7083333333333334,0.10997514768612832,0.0,,,
H20,5,WEEKLY,,,WF_2021_2022,20.0,503,0.4591208899097816,0.20839452861171748,-0.27303113142356006,14.184922642831237,104,0,0.7083333333333334,0.05662711182019137,0.0,,,
H20,5,WEEKLY,,,WF_2021_2022,40.0,503,0.3787000779686691,0.17455548702252877,-0.28819420398137796,14.184922642831237,104,0,0.6666666666666666,0.11325422364038273,0.0,,,
H20,5,DAILY,,,WF_2019_2020,20.0,505,1.4285355683227672,0.5570075019659859,-0.3366049139087508,24.39674534819384,504,0,0.75,0.09778060635585628,0.0,,,
H20,5,DAILY,,,WF_2019_2020,40.0,505,1.2021512488277288,0.4828052649146364,-0.340858424363648,24.39674534819384,504,0,0.7083333333333334,0.19556121271171256,0.0,,,
H20,5,DAILY,,,WF_2021_2022,20.0,503,0.22792769481286346,0.1083451833207476,-0.32802796211505947,29.827935028632037,502,0,0.5833333333333334,0.1190750104714438,0.0,,,
H20,5,DAILY,,,WF_2021_2022,40.0,503,0.08998972877694911,0.044115161027987515,-0.3598492974193611,29.827935028632037,502,0,0.5833333333333334,0.2381500209428876,0.0,,,
H20,5,EVENT_LOOSE,0.7,0.03,WF_2019_2020,20.0,505,1.5809858007543478,0.6050371874295717,-0.3876851419362276,3.875966401581771,36,0,0.6666666666666666,0.015534627244434877,0.0,,,
H20,5,EVENT_LOOSE,0.7,0.03,WF_2019_2020,40.0,505,1.541173622071264,0.5926345951103,-0.387889644495621,3.875966401581771,36,0,0.6666666666666666,0.031069254488869755,0.0,,,
H20,5,EVENT_LOOSE,0.7,0.03,WF_2021_2022,20.0,503,-0.03175881740857289,-0.016039096724369317,-0.3427541847905823,3.8020381330173945,36,0,0.5416666666666666,0.015177977626251981,0.0,,,
H20,5,EVENT_LOOSE,0.7,0.03,WF_2021_2022,40.0,503,-0.04635402679631495,-0.02349808397742159,-0.34615608051695834,3.8020381330173945,36,0,0.5416666666666666,0.030355955252503963,0.0,,,
H20,5,EVENT_BALANCED,0.8,0.05,WF_2019_2020,20.0,505,1.7851884368180233,0.6671966986826483,-0.37499456334052916,1.586987370838059,14,0,0.6666666666666666,0.006360544621216031,0.0,,,
H20,5,EVENT_BALANCED,0.8,0.05,WF_2019_2020,40.0,505,1.767515646801261,0.6619093435581209,-0.3752213480129186,1.586987370838059,14,0,0.6666666666666666,0.012721089242432062,0.0,,,
H20,5,EVENT_BALANCED,0.8,0.05,WF_2021_2022,20.0,503,0.03619447490293659,0.017972357921386184,-0.2942234949034481,1.7813827323264182,17,0,0.5,0.007111392971112606,0.0,,,
H20,5,EVENT_BALANCED,0.8,0.05,WF_2021_2022,40.0,503,0.028846444977605357,0.014349355366719552,-0.294806602374562,1.7813827323264182,17,0,0.5,0.014222785942225213,0.0,,,
H20,5,EVENT_STRICT,0.85,0.1,WF_2019_2020,20.0,505,1.854276502997835,0.6877069350676408,-0.34924196173962285,0.33466446179397563,2,0,0.7083333333333334,0.0013413139143329976,0.0,,,
H20,5,EVENT_STRICT,0.85,0.1,WF_2019_2020,40.0,505,1.8504458079647854,0.6865762704247445,-0.34924196173962296,0.33466446179397563,2,0,0.7083333333333334,0.002682627828665995,0.0,,,
H20,5,EVENT_STRICT,0.85,0.1,WF_2021_2022,20.0,503,0.013221961154025408,0.006602414422548719,-0.313832298342165,1.0979829904587013,10,0,0.5,0.004383217811116879,0.0,,,
H20,5,EVENT_STRICT,0.85,0.1,WF_2021_2022,40.0,503,0.008787038359491461,0.004392644487672959,-0.3146509807713389,1.0979829904587013,10,0,0.5,0.008766435622233759,0.0,,,
H20,10,MONTHLY,,,WF_2019_2020,20.0,505,2.4778164339514466,0.8625904869253664,-0.32662623194619167,4.740534891332357,24,0,0.7083333333333334,0.018999762858117778,0.0,,,
H20,10,MONTHLY,,,WF_2019_2020,40.0,505,2.412279025330065,0.8449920597846738,-0.327318212692444,4.740534891332357,24,0,0.7083333333333334,0.037999525716235556,0.0,,,
H20,10,MONTHLY,,,WF_2021_2022,20.0,503,0.18109723741088923,0.08696280060583472,-0.24845348632120867,4.3691120689943395,24,0,0.5416666666666666,0.01744177278336629,0.0,,,
H20,10,MONTHLY,,,WF_2021_2022,40.0,503,0.1606504733191061,0.07749445030849533,-0.25113032667057966,4.3691120689943395,24,0,0.5,0.03488354556673258,0.0,,,
H20,10,WEEKLY,,,WF_2019_2020,20.0,505,2.3459366468533425,0.8270041436750979,-0.34456842900830864,9.534154563747377,105,0,0.75,0.03821228614835258,0.0,,,
H20,10,WEEKLY,,,WF_2019_2020,40.0,505,2.2203984990448333,0.7924701288470486,-0.34569707172110975,9.534154563747377,105,0,0.75,0.07642457229670516,0.0,,,
H20,10,WEEKLY,,,WF_2021_2022,20.0,503,0.22642994579198383,0.10766768835538887,-0.3011547446480879,9.61437357134125,104,0,0.5833333333333334,0.0383811897332115,0.0,,,
H20,10,WEEKLY,,,WF_2021_2022,40.0,503,0.1802139015172488,0.08655544985204489,-0.30935667974039305,9.61437357134125,104,0,0.5833333333333334,0.076762379466423,0.0,,,
H20,10,DAILY,,,WF_2019_2020,20.0,505,2.170363674365085,0.7785185286003682,-0.3511999299711741,18.838619319470197,504,0,0.75,0.07550399012962261,0.0,,,
H20,10,DAILY,,,WF_2019_2020,40.0,505,1.9397038941281521,0.7127269320884879,-0.35338766836444846,18.838619319470197,504,0,0.75,0.15100798025924522,0.0,,,
H20,10,DAILY,,,WF_2021_2022,20.0,503,0.16684751220030147,0.08037286238434804,-0.26840089078155893,19.42802441134582,502,0,0.5833333333333334,0.07755790697545198,0.0,,,
H20,10,DAILY,,,WF_2021_2022,40.0,503,0.0797333388020256,0.03918142057405927,-0.29283834720423785,19.42802441134582,502,0,0.5833333333333334,0.15511581395090396,0.0,,,
H20,10,EVENT_LOOSE,0.7,0.03,WF_2019_2020,20.0,505,2.213061569869507,0.7904311446375425,-0.33881513406788,4.686211648480374,82,0,0.75,0.018782038749861823,0.0,,,
H20,10,EVENT_LOOSE,0.7,0.03,WF_2019_2020,40.0,505,2.153252704593151,0.7737220618349443,-0.339153227178724,4.686211648480374,82,0,0.7083333333333334,0.037564077499723646,0.0,,,
H20,10,EVENT_LOOSE,0.7,0.03,WF_2021_2022,20.0,503,0.057235853489131516,0.028276638327814352,-0.2895672233407717,4.3238610931494375,75,0,0.5833333333333334,0.017261128014715618,0.0,,,
H20,10,EVENT_LOOSE,0.7,0.03,WF_2021_2022,40.0,503,0.03913573317232277,0.01941897364471723,-0.2924234555328664,4.3238610931494375,75,0,0.5833333333333334,0.034522256029431236,0.0,,,
H20,10,EVENT_BALANCED,0.8,0.05,WF_2019_2020,20.0,505,2.0576222701091758,0.7466719197351537,-0.3276360993418056,2.4737770281463294,42,0,0.6666666666666666,0.009914741263602351,0.0,,,
H20,10,EVENT_BALANCED,0.8,0.05,WF_2019_2020,40.0,505,2.027442702118969,0.7380475481999049,-0.3277676500703012,2.4737770281463294,42,0,0.6666666666666666,0.019829482527204702,0.0,,,
H20,10,EVENT_BALANCED,0.8,0.05,WF_2021_2022,20.0,503,0.1496394483366419,0.07236104503310314,-0.2355013857371212,2.1482833819260194,37,0,0.625,0.008576083659593555,0.0,,,
H20,10,EVENT_BALANCED,0.8,0.05,WF_2021_2022,40.0,503,0.13981771809234478,0.06776135418554396,-0.23565572410425029,2.1482833819260194,37,0,0.5833333333333334,0.01715216731918711,0.0,,,
H20,10,EVENT_STRICT,0.85,0.1,WF_2019_2020,20.0,505,2.085316084594115,0.7545484953371391,-0.3691794642373176,0.9803859119415979,14,0,0.7083333333333334,0.003929324488337357,0.0,,,
H20,10,EVENT_STRICT,0.85,0.1,WF_2019_2020,40.0,505,2.073208863304729,0.751109378835364,-0.36935559847878296,0.9803859119415979,14,0,0.7083333333333334,0.007858648976674714,0.0,,,
H20,10,EVENT_STRICT,0.85,0.1,WF_2021_2022,20.0,503,0.09930287329298126,0.048575131776192215,-0.3007823089509255,1.1497321919453272,19,0,0.5833333333333334,0.004589803909115075,0.0,,,
H20,10,EVENT_STRICT,0.85,0.1,WF_2021_2022,40.0,503,0.09426599828154236,0.04616537473540139,-0.3015888580484225,1.1497321919453272,19,0,0.5416666666666666,0.00917960781823015,0.0,,,
H20,15,MONTHLY,,,WF_2019_2020,20.0,505,2.601605484010134,0.8953834457896428,-0.33572000886153486,4.112561648815182,24,0,0.7083333333333334,0.016482885973425933,0.0,,,
H20,15,MONTHLY,,,WF_2019_2020,40.0,505,2.542659678668822,0.8798397411268273,-0.3362703985424723,4.112561648815182,24,0,0.7083333333333334,0.032965771946851866,0.0,,,
H20,15,MONTHLY,,,WF_2021_2022,20.0,503,0.13727231921748562,0.06656607493193367,-0.2435275585595228,3.9104648566672275,24,0,0.5416666666666666,0.015610823991298536,0.0,,,
H20,15,MONTHLY,,,WF_2021_2022,40.0,503,0.1196372759509603,0.05824800669892949,-0.2456041602393616,3.9104648566672275,24,0,0.5416666666666666,0.03122164798259707,0.0,,,
H20,15,WEEKLY,,,WF_2019_2020,20.0,505,2.618239424205504,0.8997466312442726,-0.3515742526355323,8.121118349191143,105,0,0.75,0.032548926716996246,0.0,,,
H20,15,WEEKLY,,,WF_2019_2020,40.0,505,2.5022924522973584,0.8691202442835673,-0.352464279260731,8.121118349191143,105,0,0.75,0.06509785343399249,0.0,,,
H20,15,WEEKLY,,,WF_2021_2022,20.0,503,0.20206183157233326,0.09658639602310304,-0.2736746432374254,7.9733457956738105,104,0,0.5833333333333334,0.03183010266050735,0.0,,,
H20,15,WEEKLY,,,WF_2021_2022,40.0,503,0.16437874765205596,0.07922708240140786,-0.2800584385905033,7.9733457956738105,104,0,0.5833333333333334,0.0636602053210147,0.0,,,
H20,15,DAILY,,,WF_2019_2020,20.0,505,2.2567138556135373,0.8025283266126819,-0.3566795749961652,14.603164874780552,504,0,0.75,0.05852855763304903,0.0,,,
H20,15,DAILY,,,WF_2019_2020,40.0,505,2.0715150193638547,0.7506276931641505,-0.35797777857002455,14.603164874780552,504,0,0.7083333333333334,0.11705711526609806,0.0,,,
H20,15,DAILY,,,WF_2021_2022,20.0,503,0.13156771343723017,0.06388242389586463,-0.25775471635162583,14.857506640066596,502,0,0.5416666666666666,0.05931210984090078,0.0,,,
H20,15,DAILY,,,WF_2021_2022,40.0,503,0.06638342703972167,0.0327244053427731,-0.2763418038572605,14.857506640066596,502,0,0.5416666666666666,0.11862421968180156,0.0,,,
H20,15,EVENT_LOOSE,0.7,0.03,WF_2019_2020,20.0,505,2.58059508308848,0.8898578327059383,-0.3489124763010307,5.082878686441357,125,0,0.75,0.020371855052800675,0.0,,,
H20,15,EVENT_LOOSE,0.7,0.03,WF_2019_2020,40.0,505,2.508366987595279,0.8707372758222505,-0.34965091339812715,5.082878686441357,125,0,0.75,0.04074371010560135,0.0,,,
H20,15,EVENT_LOOSE,0.7,0.03,WF_2021_2022,20.0,503,0.0524541314736342,0.025944008169202837,-0.29193301570973984,4.064515496355795,100,0,0.5416666666666666,0.016225803925928296,0.0,,,
H20,15,EVENT_LOOSE,0.7,0.03,WF_2021_2022,40.0,503,0.035509545096840345,0.01763519098687838,-0.2955203281268648,4.064515496355795,100,0,0.5416666666666666,0.03245160785185659,0.0,,,
H20,15,EVENT_BALANCED,0.8,0.05,WF_2019_2020,20.0,505,1.8647928914636007,0.6908070407845379,-0.3553108062122332,2.4337095913587694,62,0,0.7083333333333334,0.00975415352092205,0.0,,,
H20,15,EVENT_BALANCED,0.8,0.05,WF_2019_2020,40.0,505,1.8369751343541916,0.6825942204929827,-0.35558588050233597,2.4337095913587694,62,0,0.7083333333333334,0.0195083070418441,0.0,,,
H20,15,EVENT_BALANCED,0.8,0.05,WF_2021_2022,20.0,503,0.2004857917059064,0.0958658562801642,-0.2550124095829369,2.0122262424628974,49,0,0.5833333333333334,0.008032934920308234,0.0,,,
H20,15,EVENT_BALANCED,0.8,0.05,WF_2021_2022,40.0,503,0.19087722818018116,0.09146272847438452,-0.2553541354001039,2.0122262424628974,49,0,0.5833333333333334,0.01606586984061647,0.0,,,
H20,15,EVENT_STRICT,0.85,0.1,WF_2019_2020,20.0,505,2.0893550811423793,0.7556942879351334,-0.35429879706260736,1.6377240503360357,39,0,0.7083333333333334,0.006563894011267446,0.0,,,
H20,15,EVENT_STRICT,0.85,0.1,WF_2019_2020,40.0,505,2.0691347207086057,0.7499505724555919,-0.3545986798135593,1.6377240503360357,39,0,0.7083333333333334,0.013127788022534892,0.0,,,
H20,15,EVENT_STRICT,0.85,0.1,WF_2021_2022,20.0,503,0.1923225542239022,0.09212617947436108,-0.25378565953334753,1.3815899924244366,34,0,0.625,0.00551539496975787,0.0,,,
H20,15,EVENT_STRICT,0.85,0.1,WF_2021_2022,40.0,503,0.1857615693391017,0.08911124314559049,-0.25478956189101043,1.3815899924244366,34,0,0.625,0.01103078993951574,0.0,,,
H20,20,MONTHLY,,,WF_2019_2020,20.0,505,2.224284496560639,0.7935491321616497,-0.35456398351318963,3.485234022043527,24,0,0.7083333333333334,0.013968596675650646,0.0,,,
H20,20,MONTHLY,,,WF_2019_2020,40.0,505,2.1795172156920612,0.7810790821504938,-0.35509245242194065,3.485234022043527,24,0,0.7083333333333334,0.027937193351301293,0.0,,,
H20,20,MONTHLY,,,WF_2021_2022,20.0,503,0.14227936319092427,0.06891603768818122,-0.26686392071894527,3.0576440496493134,24,0,0.5416666666666666,0.012206309182330198,0.0,,,
H20,20,MONTHLY,,,WF_2021_2022,40.0,503,0.12840915121014107,0.06239361876270633,-0.2688633711809164,3.0576440496493134,24,0,0.5416666666666666,0.024412618364660396,0.0,,,
H20,20,WEEKLY,,,WF_2019_2020,20.0,505,2.327505228398741,0.8219750438611433,-0.3475953036874633,6.962628973277017,105,0,0.75,0.02790577485321344,0.0,,,
H20,20,WEEKLY,,,WF_2019_2020,40.0,505,2.235884111246889,0.7967660635665303,-0.34841030176566246,6.962628973277017,105,0,0.75,0.05581154970642688,0.0,,,
H20,20,WEEKLY,,,WF_2021_2022,20.0,503,0.09690386329262979,0.047428078822289166,-0.28381938681899144,7.413669904864002,104,0,0.5833333333333334,0.029595840969417406,0.0,,,
H20,20,WEEKLY,,,WF_2021_2022,40.0,503,0.0648971614122984,0.03200304685672717,-0.2921936260535476,7.413669904864002,104,0,0.5416666666666666,0.05919168193883481,0.0,,,
H20,20,DAILY,,,WF_2019_2020,20.0,505,2.122301621146056,0.7650127550490322,-0.35606319573600764,13.09752889939982,504,0,0.75,0.052494064239658,0.0,,,
H20,20,DAILY,,,WF_2019_2020,40.0,505,1.96258518582265,0.7193663490074051,-0.35806582303573087,13.09752889939982,504,0,0.7083333333333334,0.104988128479316,0.0,,,
H20,20,DAILY,,,WF_2021_2022,20.0,503,-0.014307927671096121,-0.007193960522712373,-0.30739386760914955,13.454566407211955,502,0,0.5416666666666666,0.053711483355774706,0.0,,,
H20,20,DAILY,,,WF_2021_2022,40.0,503,-0.06586765079075785,-0.03356023530549945,-0.32359811664627214,13.454566407211955,502,0,0.5416666666666666,0.10742296671154941,0.0,,,
H20,20,EVENT_LOOSE,0.7,0.03,WF_2019_2020,20.0,505,2.276014674324031,0.8078511748825468,-0.3448865913990684,4.232013972981296,134,0,0.7083333333333334,0.016961643304409163,0.0,,,
H20,20,EVENT_LOOSE,0.7,0.03,WF_2019_2020,40.0,505,2.220901280360197,0.7926097700625272,-0.3454586507643371,4.232013972981296,134,0,0.7083333333333334,0.033923286608818326,0.0,,,
H20,20,EVENT_LOOSE,0.7,0.03,WF_2021_2022,20.0,503,0.052904536597958574,0.026163951093850057,-0.2880120040906605,4.026404680142442,126,0,0.5416666666666666,0.016073663127870227,0.0,,,
H20,20,EVENT_LOOSE,0.7,0.03,WF_2021_2022,40.0,503,0.03611113843733649,0.01793134024434062,-0.29206880223131826,4.026404680142442,126,0,0.5,0.032147326255740453,0.0,,,
H20,20,EVENT_BALANCED,0.8,0.05,WF_2019_2020,20.0,505,2.157173858723603,0.7748223707930737,-0.3534925520290456,2.30595690268102,73,0,0.7083333333333334,0.009242128855983451,0.0,,,
H20,20,EVENT_BALANCED,0.8,0.05,WF_2019_2020,40.0,505,2.1281198001642787,0.7666532188748558,-0.35379281162664067,2.30595690268102,73,0,0.7083333333333334,0.018484257711966903,0.0,,,
H20,20,EVENT_BALANCED,0.8,0.05,WF_2021_2022,20.0,503,0.2248755939146534,0.10696415282642446,-0.24776012760811295,2.1041243334464745,67,0,0.5416666666666666,0.008399797934314102,0.0,,,
H20,20,EVENT_BALANCED,0.8,0.05,WF_2021_2022,40.0,503,0.21462653800118825,0.1023139967750033,-0.24938108152345495,2.1041243334464745,67,0,0.5416666666666666,0.016799595868628205,0.0,,,
H20,20,EVENT_STRICT,0.85,0.1,WF_2019_2020,20.0,505,2.1558666629466443,0.774455636734632,-0.35655868237260646,1.9248890925386766,62,0,0.7083333333333334,0.007714833267714537,0.0,,,
H20,20,EVENT_STRICT,0.85,0.1,WF_2019_2020,40.0,505,2.1316048867255883,0.7676351239650556,-0.35682075537057434,1.9248890925386766,62,0,0.7083333333333334,0.015429666535429074,0.0,,,
H20,20,EVENT_STRICT,0.85,0.1,WF_2021_2022,20.0,503,0.2362313070111166,0.11209379937604957,-0.24208456016779956,1.9003827646631293,58,0,0.5416666666666666,0.007586448655758365,0.0,,,
H20,20,EVENT_STRICT,0.85,0.1,WF_2021_2022,40.0,503,0.22688481175479835,0.10787348702081268,-0.24334281327289786,1.9003827646631293,58,0,0.5416666666666666,0.01517289731151673,0.0,,,
H60,5,MONTHLY,,,WF_2019_2020,20.0,505,1.818431799546465,0.6770971198126283,-0.32736705102168795,4.604212543095171,24,0,0.7083333333333334,0.018453391541770333,0.0,,,
H60,5,MONTHLY,,,WF_2019_2020,40.0,505,1.766828778070137,0.6617035047985542,-0.32790558821062143,4.604212543095171,24,0,0.7083333333333334,0.036906783083540666,0.0,,,
H60,5,MONTHLY,,,WF_2021_2022,20.0,503,-0.41318469188059936,-0.23436707841954096,-0.5978802291668925,2.643303565778118,24,0,0.375,0.010552235663384075,0.0,,,
H60,5,MONTHLY,,,WF_2021_2022,40.0,503,-0.41935055544929956,-0.2384080769648097,-0.5999224919093413,2.643303565778118,24,0,0.375,0.02110447132676815,0.0,,,
H60,5,WEEKLY,,,WF_2019_2020,20.0,505,1.629918318973433,0.6201504497418104,-0.42793927566762635,11.950842768053198,105,0,0.75,0.04789821903068941,0.0,,,
H60,5,WEEKLY,,,WF_2019_2020,40.0,505,1.5067910147314252,0.5818448984292821,-0.43009547875236986,11.950842768053198,105,0,0.75,0.09579643806137882,0.0,,,
H60,5,WEEKLY,,,WF_2021_2022,20.0,503,-0.3865660036922176,-0.21716009777857892,-0.5689466388715089,5.319440895731375,104,0,0.375,0.021235545798038744,0.0,,,
H60,5,WEEKLY,,,WF_2021_2022,40.0,503,-0.3994641271722108,-0.2254502157995696,-0.5734716854251376,5.319440895731375,104,0,0.375,0.04247109159607749,0.0,,,
H60,5,DAILY,,,WF_2019_2020,20.0,505,1.4338940583880948,0.5587208989129584,-0.4482549987560709,30.826558270332296,504,0,0.7083333333333334,0.12355088830569691,0.0,,,
H60,5,DAILY,,,WF_2019_2020,40.0,505,1.150789508943236,0.46544542647793263,-0.45479213883992087,30.826558270332296,504,0,0.7083333333333334,0.24710177661139382,0.0,,,
H60,5,DAILY,,,WF_2021_2022,20.0,503,-0.4323408388184127,-0.24699236464884378,-0.622748189385125,11.977683379444665,502,0,0.4166666666666667,0.04781567253857672,0.0,,,
H60,5,DAILY,,,WF_2021_2022,40.0,503,-0.4588597030507461,-0.26482650987341494,-0.6334666645130174,11.977683379444665,502,0,0.4166666666666667,0.09563134507715344,0.0,,,
H60,5,EVENT_LOOSE,0.7,0.03,WF_2019_2020,20.0,505,1.4749557393029566,0.5717882852812795,-0.35520372956297397,5.347648862005924,46,0,0.75,0.021433037105658664,0.0,,,
H60,5,EVENT_LOOSE,0.7,0.03,WF_2019_2020,40.0,505,1.4224313578242516,0.5550533487895544,-0.3568360555033714,5.347648862005924,46,0,0.75,0.04286607421131733,0.0,,,
H60,5,EVENT_LOOSE,0.7,0.03,WF_2021_2022,20.0,503,-0.20344351713810105,-0.10770164157971163,-0.44233378586189753,2.0890966917781326,16,0,0.5,0.008339806634638099,0.0,,,
H60,5,EVENT_LOOSE,0.7,0.03,WF_2021_2022,40.0,503,-0.21006461413261723,-0.11142521163582708,-0.44509200079136046,2.0890966917781326,16,0,0.5,0.016679613269276198,0.0,,,
H60,5,EVENT_BALANCED,0.8,0.05,WF_2019_2020,20.0,505,1.1954595584017471,0.4805551073334966,-0.32589564581740316,3.5465118172929904,30,0,0.625,0.014214194188356826,0.0,,,
H60,5,EVENT_BALANCED,0.8,0.05,WF_2019_2020,40.0,505,1.1644473714443269,0.47008175768845284,-0.32696103692775624,3.5465118172929904,30,0,0.625,0.028428388376713652,0.0,,,
H60,5,EVENT_BALANCED,0.8,0.05,WF_2021_2022,20.0,503,-0.44390415125182503,-0.25471651753119595,-0.5914916813199542,0.6922193266287817,6,0,0.375,0.002763383502335533,0.0,,,
H60,5,EVENT_BALANCED,0.8,0.05,WF_2021_2022,40.0,503,-0.44544009545227736,-0.25574851690378053,-0.5918855869103697,0.6922193266287817,6,0,0.375,0.005526767004671066,0.0,,,
H60,5,EVENT_STRICT,0.85,0.1,WF_2019_2020,20.0,505,1.4169526783746038,0.5532973463408664,-0.34065179077637375,2.836500892654975,25,0,0.625,0.011368515482466368,0.0,,,
H60,5,EVENT_STRICT,0.85,0.1,WF_2019_2020,40.0,505,1.3896091651127276,0.5445033569939919,-0.34187888883661965,2.836500892654975,25,0,0.625,0.022737030964932736,0.0,,,
H60,5,EVENT_STRICT,0.85,0.1,WF_2021_2022,20.0,503,-0.38183480131189973,-0.21414100906033362,-0.5735341902255602,0.5981024358945325,4,0,0.4166666666666667,0.0023876628988488083,0.0,,,
H60,5,EVENT_STRICT,0.85,0.1,WF_2021_2022,40.0,503,-0.3833105994314302,-0.21508150842504203,-0.5739279398857351,0.5981024358945325,4,0,0.4166666666666667,0.004775325797697617,0.0,,,
H60,10,MONTHLY,,,WF_2019_2020,20.0,505,1.4292598502620457,0.5572392044094145,-0.3393915239436809,4.747077154179865,24,0,0.7083333333333334,0.019025983832228824,0.0,,,
H60,10,MONTHLY,,,WF_2019_2020,40.0,505,1.3834153912278744,0.542504375650182,-0.33995259202805617,4.747077154179865,24,0,0.7083333333333334,0.03805196766445765,0.0,,,
H60,10,MONTHLY,,,WF_2021_2022,20.0,503,-0.07045576948207688,-0.03594127576732009,-0.39971824363257935,3.8271221749630855,24,0,0.5416666666666666,0.015278114714336764,0.0,,,
H60,10,MONTHLY,,,WF_2021_2022,40.0,503,-0.08456514153973338,-0.043300429105905924,-0.40333925999906517,3.8271221749630855,24,0,0.5416666666666666,0.030556229428673528,0.0,,,
H60,10,WEEKLY,,,WF_2019_2020,20.0,505,1.8783310587961588,0.6947895488456091,-0.3974943806490415,10.471041833318179,105,0,0.6666666666666666,0.04196727083988637,0.0,,,
H60,10,WEEKLY,,,WF_2019_2020,40.0,505,1.7599409206824106,0.6596379551565756,-0.39942536593852673,10.471041833318179,105,0,0.6666666666666666,0.08393454167977274,0.0,,,
H60,10,WEEKLY,,,WF_2021_2022,20.0,503,-0.13652288855227734,-0.07090088572195419,-0.42616787949100143,8.795593048789458,104,0,0.4583333333333333,0.035112565901119816,0.0,,,
H60,10,WEEKLY,,,WF_2021_2022,40.0,503,-0.16633565591806987,-0.08711288764445613,-0.4343347941512733,8.795593048789458,104,0,0.4583333333333333,0.07022513180223963,0.0,,,
H60,10,DAILY,,,WF_2019_2020,20.0,505,1.7817840673917185,0.6661794874738629,-0.4173272959728357,26.206778613651846,504,0,0.6666666666666666,0.10503510476106495,0.0,,,
H60,10,DAILY,,,WF_2019_2020,40.0,505,1.5042781900016138,0.5810534434412769,-0.4216864319638022,26.206778613651846,504,0,0.6666666666666666,0.2100702095221299,0.0,,,
H60,10,DAILY,,,WF_2021_2022,20.0,503,-0.1743815720348646,-0.09153758427152281,-0.43776256046200046,21.17485365961781,502,0,0.5,0.08453136024434729,0.0,,,
H60,10,DAILY,,,WF_2021_2022,40.0,503,-0.24133211315257186,-0.12922366481813963,-0.457633852351203,21.17485365961781,502,0,0.5,0.16906272048869458,0.0,,,
H60,10,EVENT_LOOSE,0.7,0.03,WF_2019_2020,20.0,505,1.1267418238132274,0.45724614749533354,-0.3796287832478702,6.755317601063876,107,0,0.7083333333333334,0.02707488403600998,0.0,,,
H60,10,EVENT_LOOSE,0.7,0.03,WF_2019_2020,40.0,505,1.0699077074873586,0.43768144632427286,-0.38105453844421666,6.755317601063876,107,0,0.7083333333333334,0.05414976807201996,0.0,,,
H60,10,EVENT_LOOSE,0.7,0.03,WF_2021_2022,20.0,503,-0.08545340617972019,-0.0437656168274948,-0.37484923554388805,4.598806176259858,70,0,0.5416666666666666,0.018358726243323083,0.0,,,
H60,10,EVENT_LOOSE,0.7,0.03,WF_2021_2022,40.0,503,-0.10209797701012047,-0.05252451264678759,-0.3800397867657177,4.598806176259858,70,0,0.5416666666666666,0.036717452486646165,0.0,,,
H60,10,EVENT_BALANCED,0.8,0.05,WF_2019_2020,20.0,505,1.6390657882688866,0.6229600550132821,-0.35669812028881,4.292875867845399,65,0,0.7083333333333334,0.017205573914777193,0.0,,,
H60,10,EVENT_BALANCED,0.8,0.05,WF_2019_2020,40.0,505,1.5940253061818264,0.6090784883432234,-0.3578988837996314,4.292875867845399,65,0,0.7083333333333334,0.03441114782955439,0.0,,,
H60,10,EVENT_BALANCED,0.8,0.05,WF_2021_2022,20.0,503,-0.17560614795034768,-0.09221289968817037,-0.4280380074801897,2.144296601642845,35,0,0.5416666666666666,0.008560168179574215,0.0,,,
H60,10,EVENT_BALANCED,0.8,0.05,WF_2021_2022,40.0,503,-0.1826364125968688,-0.09609959515700273,-0.42937610018463324,2.144296601642845,35,0,0.5416666666666666,0.01712033635914843,0.0,,,
H60,10,EVENT_STRICT,0.85,0.1,WF_2019_2020,20.0,505,1.3416151259814297,0.5289451317961724,-0.3978107237442168,3.9287884550515684,60,0,0.7083333333333334,0.01574633468096065,0.0,,,
H60,10,EVENT_STRICT,0.85,0.1,WF_2019_2020,40.0,505,1.3050144838451723,0.516972634943643,-0.3987759095813611,3.9287884550515684,60,0,0.7083333333333334,0.0314926693619213,0.0,,,
H60,10,EVENT_STRICT,0.85,0.1,WF_2021_2022,20.0,503,-0.2205749458004923,-0.11736813833167292,-0.44354173062962843,1.463656388618246,22,0,0.5416666666666666,0.0058430092339283955,0.0,,,
H60,10,EVENT_STRICT,0.85,0.1,WF_2021_2022,40.0,503,-0.22511846233972155,-0.11994958373803566,-0.4444614269452273,1.463656388618246,22,0,0.5416666666666666,0.011686018467856791,0.0,,,
H60,15,MONTHLY,,,WF_2019_2020,20.0,505,1.6178377652471765,0.6164324472715974,-0.3499822621376113,4.2877862253279195,24,0,0.75,0.01718517495071904,0.0,,,
H60,15,MONTHLY,,,WF_2019_2020,40.0,505,1.5731831945014565,0.6026140525362094,-0.3503657454048743,4.2877862253279195,24,0,0.75,0.03437034990143808,0.0,,,
H60,15,MONTHLY,,,WF_2021_2022,20.0,503,-0.030170148408601882,-0.015230591953667494,-0.37283904434105486,3.9331983037245024,24,0,0.5833333333333334,0.015701577355344644,0.0,,,
H60,15,MONTHLY,,,WF_2021_2022,40.0,503,-0.04529549629003149,-0.022955206743296985,-0.3772386845427571,3.9331983037245024,24,0,0.5833333333333334,0.03140315471068929,0.0,,,
H60,15,WEEKLY,,,WF_2019_2020,20.0,505,1.6744120436584011,0.633770918822268,-0.4096594827374098,10.594600007633131,105,0,0.6666666666666666,0.04246248415757724,0.0,,,
H60,15,WEEKLY,,,WF_2019_2020,40.0,505,1.563143963621601,0.5994909020960919,-0.4114119049147812,10.594600007633131,105,0,0.6666666666666666,0.08492496831515448,0.0,,,
H60,15,WEEKLY,,,WF_2021_2022,20.0,503,-0.012201282998259066,-0.006131493173744507,-0.3536887193910644,9.312995942609813,104,0,0.5416666666666666,0.03717807110422807,0.0,,,
H60,15,WEEKLY,,,WF_2021_2022,40.0,503,-0.04827455531777314,-0.024483813177722302,-0.3638289302722145,9.312995942609813,104,0,0.5416666666666666,0.07435614220845614,0.0,,,
H60,15,DAILY,,,WF_2019_2020,20.0,505,1.4898872330187407,0.5765130934900353,-0.4043482675764226,24.7693851905571,504,0,0.7083333333333334,0.09927412318437567,0.0,,,
H60,15,DAILY,,,WF_2019_2020,40.0,505,1.254475752411552,0.5002831591161356,-0.40957007804582213,24.7693851905571,504,0,0.6666666666666666,0.19854824636875135,0.0,,,
H60,15,DAILY,,,WF_2021_2022,20.0,503,-0.09862469906982241,-0.05069011881210994,-0.38712129889707914,20.243459389338,502,0,0.5416666666666666,0.08081317518124614,0.0,,,
H60,15,DAILY,,,WF_2021_2022,40.0,503,-0.16862657709935547,-0.08837055743199695,-0.4090644880722928,20.243459389338,502,0,0.5416666666666666,0.1616263503624923,0.0,,,
H60,15,EVENT_LOOSE,0.7,0.03,WF_2019_2020,20.0,505,1.8445047102571963,0.6848211942254925,-0.36398268679484125,8.513714435137633,193,0,0.75,0.034122426902734156,0.0,,,
H60,15,EVENT_LOOSE,0.7,0.03,WF_2019_2020,40.0,505,1.7490494433906512,0.6563665112957926,-0.3653775819934988,8.513714435137633,193,0,0.75,0.06824485380546831,0.0,,,
H60,15,EVENT_LOOSE,0.7,0.03,WF_2021_2022,20.0,503,-0.11682193112984962,-0.06034050162736948,-0.3794552331659867,6.349312650512068,151,0,0.5416666666666666,0.025346859231806112,0.0,,,
H60,15,EVENT_LOOSE,0.7,0.03,WF_2021_2022,40.0,503,-0.13893322273538888,-0.07220112661799394,-0.3864490043083967,6.349312650512068,151,0,0.5416666666666666,0.050693718463612224,0.0,,,
H60,15,EVENT_BALANCED,0.8,0.05,WF_2019_2020,20.0,505,1.6532469102689413,0.6273060974736653,-0.3705681738274681,5.326431588108384,124,0,0.7083333333333334,0.021347999619005825,0.0,,,
H60,15,EVENT_BALANCED,0.8,0.05,WF_2019_2020,40.0,505,1.5971869107723458,0.610056822474651,-0.3716101259249167,5.326431588108384,124,0,0.7083333333333334,0.04269599923801165,0.0,,,
H60,15,EVENT_BALANCED,0.8,0.05,WF_2021_2022,20.0,503,-0.0980514051476511,-0.0503876759496934,-0.39371820332737695,2.980824039811098,69,0,0.5833333333333334,0.011899638825595098,0.0,,,
H60,15,EVENT_BALANCED,0.8,0.05,WF_2021_2022,40.0,503,-0.1087246617847698,-0.056034211252324106,-0.3962923892907143,2.980824039811098,69,0,0.5833333333333334,0.023799277651190196,0.0,,,
H60,15,EVENT_STRICT,0.85,0.1,WF_2019_2020,20.0,505,1.5424479026538944,0.593033070489412,-0.37920108975132816,4.553513913675093,103,0,0.75,0.018250194654015253,0.0,,,
H60,15,EVENT_STRICT,0.85,0.1,WF_2019_2020,40.0,505,1.496452290828731,0.5785859968840819,-0.380300058458215,4.553513913675093,103,0,0.75,0.036500389308030505,0.0,,,
H60,15,EVENT_STRICT,0.85,0.1,WF_2021_2022,20.0,503,-0.08132619603739089,-0.04160608564267365,-0.40717178759551964,2.0433929540092484,42,0,0.5416666666666666,0.008157354411640092,0.0,,,
H60,15,EVENT_STRICT,0.85,0.1,WF_2021_2022,40.0,503,-0.08879287122881929,-0.04551652829891539,-0.40878071711276864,2.0433929540092484,42,0,0.5416666666666666,0.016314708823280184,0.0,,,
H60,20,MONTHLY,,,WF_2019_2020,20.0,505,1.7724335076733082,0.6633823663185121,-0.34477011943327496,3.989330238834824,24,0,0.7083333333333334,0.015988982306441163,0.0,,,
H60,20,MONTHLY,,,WF_2019_2020,40.0,505,1.7284098642978631,0.6501491948447351,-0.3449926363964736,3.989330238834824,24,0,0.7083333333333334,0.031977964612882326,0.0,,,
H60,20,MONTHLY,,,WF_2021_2022,20.0,503,-0.021219970019673684,-0.010687968913450918,-0.3456580933965613,3.651815690029978,24,0,0.625,0.014578280095913327,0.0,,,
H60,20,MONTHLY,,,WF_2021_2022,40.0,503,-0.03539923746722062,-0.017894277897026023,-0.3498324891497946,3.651815690029978,24,0,0.625,0.029156560191826653,0.0,,,
H60,20,WEEKLY,,,WF_2019_2020,20.0,505,1.7577217043317113,0.6589719004827226,-0.3937355112918005,9.925137248339645,105,0,0.7083333333333334,0.03977931992390096,0.0,,,
H60,20,WEEKLY,,,WF_2019_2020,40.0,505,1.650098156398827,0.6263421161398481,-0.3953535475417166,9.925137248339645,105,0,0.7083333333333334,0.07955863984780193,0.0,,,
H60,20,WEEKLY,,,WF_2021_2022,20.0,503,-0.05036236003567074,-0.02555652515734641,-0.35768032638274805,8.846109549065137,104,0,0.625,0.03531423097761717,0.0,,,
H60,20,WEEKLY,,,WF_2021_2022,40.0,503,-0.08333253083132908,-0.042655278962632326,-0.3675458454059112,8.846109549065137,104,0,0.625,0.07062846195523434,0.0,,,
H60,20,DAILY,,,WF_2019_2020,20.0,505,1.59899361465405,0.6106156251549202,-0.40300633819127574,23.048368542610838,504,0,0.7083333333333334,0.09237639773030534,0.0,,,
H60,20,DAILY,,,WF_2019_2020,40.0,505,1.3695692581395833,0.5380262352663487,-0.4079432997070639,23.048368542610838,504,0,0.7083333333333334,0.18475279546061069,0.0,,,
H60,20,DAILY,,,WF_2021_2022,20.0,503,-0.13413700519035887,-0.0696156171576997,-0.39816554524332015,19.920752100603153,502,0,0.5833333333333334,0.07952490719526498,0.0,,,
H60,20,DAILY,,,WF_2021_2022,40.0,503,-0.20034934962969675,-0.10596684084230756,-0.42027268983223065,19.920752100603153,502,0,0.5833333333333334,0.15904981439052995,0.0,,,
H60,20,EVENT_LOOSE,0.7,0.03,WF_2019_2020,20.0,505,1.4877494062973455,0.5758374882583488,-0.39552232254072717,9.466469077344872,255,0,0.75,0.03794100701634254,0.0,,,
H60,20,EVENT_LOOSE,0.7,0.03,WF_2019_2020,40.0,505,1.395104540280586,0.5462747646837935,-0.3970839343572331,9.466469077344872,255,0,0.75,0.07588201403268507,0.0,,,
H60,20,EVENT_LOOSE,0.7,0.03,WF_2021_2022,20.0,503,-0.09615997784666275,-0.04939052774352837,-0.3973818859285465,6.683337950142749,202,0,0.5833333333333334,0.02668030943588732,0.0,,,
H60,20,EVENT_LOOSE,0.7,0.03,WF_2021_2022,40.0,503,-0.1199619103970525,-0.062015704191718646,-0.40454831271926917,6.683337950142749,202,0,0.5416666666666666,0.05336061887177464,0.0,,,
H60,20,EVENT_BALANCED,0.8,0.05,WF_2019_2020,20.0,505,1.5039372472875945,0.5809460273444265,-0.3926337255419565,6.859634494997803,193,0,0.75,0.027492979523602308,0.0,,,
H60,20,EVENT_BALANCED,0.8,0.05,WF_2019_2020,40.0,505,1.4360155319940078,0.559398725641358,-0.3938685439386582,6.859634494997803,193,0,0.75,0.054985959047204616,0.0,,,
H60,20,EVENT_BALANCED,0.8,0.05,WF_2021_2022,20.0,503,-0.060525640429588634,-0.030795297792024612,-0.3830196306804522,3.7068916819081292,113,0,0.625,0.01479814695237928,0.0,,,
H60,20,EVENT_BALANCED,0.8,0.05,WF_2021_2022,40.0,503,-0.07432968104274562,-0.03795624295993816,-0.38700409973398364,3.7068916819081292,113,0,0.625,0.02959629390475856,0.0,,,
H60,20,EVENT_STRICT,0.85,0.1,WF_2019_2020,20.0,505,1.621869157032903,0.6176741326461341,-0.3994262150021862,6.102696889991171,171,0,0.75,0.024459221662266203,0.0,,,
H60,20,EVENT_STRICT,0.85,0.1,WF_2019_2020,40.0,505,1.5585001507796639,0.5980441641299419,-0.40075474708232284,6.102696889991171,171,0,0.75,0.04891844332453241,0.0,,,
H60,20,EVENT_STRICT,0.85,0.1,WF_2021_2022,20.0,503,0.014828286407164937,0.007401600172755263,-0.3602411070672513,3.1717616498781775,92,0,0.625,0.01266187388800574,0.0,,,
H60,20,EVENT_STRICT,0.85,0.1,WF_2021_2022,40.0,503,0.002055692431471856,0.0010293619576280388,-0.3635120810535558,3.1717616498781775,92,0,0.625,0.02532374777601148,0.0,,,
H120,5,MONTHLY,,,WF_2019_2020,20.0,505,2.1807102863133316,0.7814125519595083,-0.4004036660619268,4.71264398086742,24,0,0.5833333333333334,0.01888797785982577,0.0,,,
H120,5,MONTHLY,,,WF_2019_2020,40.0,505,2.121108072780146,0.7646760390355709,-0.4006599066703358,4.71264398086742,24,0,0.5833333333333334,0.03777595571965154,0.0,,,
H120,5,MONTHLY,,,WF_2021_2022,20.0,503,-0.5111697879884967,-0.30133332025295745,-0.6687512472457787,3.3913237787760675,24,0,0.375,0.013538379847018746,0.0,,,
H120,5,MONTHLY,,,WF_2021_2022,40.0,503,-0.5177508622748173,-0.30606164797627633,-0.6716604562388434,3.3913237787760675,24,0,0.375,0.027076759694037493,0.0,,,
H120,5,WEEKLY,,,WF_2019_2020,20.0,505,2.698080201733325,0.9205508484568432,-0.37668944075028654,12.80646682370431,105,0,0.6666666666666666,0.0513275059204022,0.0,,,
H120,5,WEEKLY,,,WF_2019_2020,40.0,505,2.512870757661842,0.8719352668618321,-0.37726095472232957,12.80646682370431,105,0,0.6666666666666666,0.1026550118408044,0.0,,,
H120,5,WEEKLY,,,WF_2021_2022,20.0,503,-0.3341939621589586,-0.18436046958841978,-0.5751025283913497,8.828615857008796,104,0,0.375,0.035244395048217664,0.0,,,
H120,5,WEEKLY,,,WF_2021_2022,40.0,503,-0.3572707659491404,-0.19864823101126783,-0.5843678180384598,8.828615857008796,104,0,0.375,0.07048879009643533,0.0,,,
H120,5,DAILY,,,WF_2019_2020,20.0,505,2.2664674224716785,0.80522016931087,-0.3674335849841823,32.79060432034875,504,0,0.625,0.13142266017282633,0.0,,,
H120,5,DAILY,,,WF_2019_2020,40.0,505,1.8638952925657852,0.6905426621347361,-0.3701921601665189,32.79060432034875,504,0,0.625,0.26284532034565267,0.0,,,
H120,5,DAILY,,,WF_2021_2022,20.0,503,-0.4774347785377777,-0.2775794809291072,-0.6291187590878424,21.88918464803696,502,0,0.375,0.08738301490446498,0.0,,,
H120,5,DAILY,,,WF_2021_2022,40.0,503,-0.5211862455952351,-0.30854267310927075,-0.6508106400857001,21.88918464803696,502,0,0.375,0.17476602980892997,0.0,,,
H120,5,EVENT_LOOSE,0.7,0.03,WF_2019_2020,20.0,505,2.264578780896928,0.8046992463882954,-0.3844377779586433,3.6243209249686443,33,0,0.75,0.014526048151660044,0.0,,,
H120,5,EVENT_LOOSE,0.7,0.03,WF_2019_2020,40.0,505,2.2174623388037724,0.791654428873396,-0.3850257720514694,3.6243209249686443,33,0,0.75,0.029052096303320087,0.0,,,
H120,5,EVENT_LOOSE,0.7,0.03,WF_2021_2022,20.0,503,-0.4409410715014722,-0.25272963807183824,-0.6098388624632206,2.7178067875044567,19,0,0.4583333333333333,0.010849657254878901,0.0,,,
H120,5,EVENT_LOOSE,0.7,0.03,WF_2021_2022,40.0,503,-0.4469793704989299,-0.25678418621159904,-0.6133535578706641,2.7178067875044567,19,0,0.4583333333333333,0.021699314509757803,0.0,,,
H120,5,EVENT_BALANCED,0.8,0.05,WF_2019_2020,20.0,505,1.7729541676436242,0.6635382403891341,-0.4268745409433009,3.2812981995645334,28,0,0.625,0.013151234847461026,0.0,,,
H120,5,EVENT_BALANCED,0.8,0.05,WF_2019_2020,40.0,505,1.736695149415517,0.6526478150176924,-0.4275300732271208,3.2812981995645334,28,0,0.625,0.026302469694922052,0.0,,,
H120,5,EVENT_BALANCED,0.8,0.05,WF_2021_2022,20.0,503,-0.4758345089340106,-0.2764719806744875,-0.6092725786846471,0.5992929079759354,4,0,0.375,0.0023924153389832973,0.0,,,
H120,5,EVENT_BALANCED,0.8,0.05,WF_2021_2022,40.0,503,-0.4770883291682466,-0.27733956997362963,-0.6096580091082578,0.5992929079759354,4,0,0.375,0.004784830677966595,0.0,,,
H120,5,EVENT_STRICT,0.85,0.1,WF_2019_2020,20.0,505,1.9471148516240029,0.7148801799697628,-0.4517843657659585,2.8546521817179467,23,0,0.6666666666666666,0.011441264696567963,0.0,,,
H120,5,EVENT_STRICT,0.85,0.1,WF_2019_2020,40.0,505,1.913558770945186,0.7051086827684305,-0.4522919824634618,2.8546521817179467,23,0,0.6666666666666666,0.022882529393135925,0.0,,,
H120,5,EVENT_STRICT,0.85,0.1,WF_2021_2022,20.0,503,-0.41422173953238695,-0.23504525385502606,-0.5583373003007657,0.47715340783071575,3,0,0.4583333333333333,0.0019048266995146828,0.0,,,
H120,5,EVENT_STRICT,0.85,0.1,WF_2021_2022,40.0,503,-0.4153377249361314,-0.23577572009213077,-0.5585576276325215,0.47715340783071575,3,0,0.4583333333333333,0.0038096533990293656,0.0,,,
H120,10,MONTHLY,,,WF_2019_2020,20.0,505,2.1093738586272663,0.761362218861936,-0.38817584991675147,4.843177867517914,24,0,0.6666666666666666,0.01941114938965513,0.0,,,
H120,10,MONTHLY,,,WF_2019_2020,40.0,505,2.0495192129850746,0.7443605247946279,-0.3884642508411127,4.843177867517914,24,0,0.6666666666666666,0.03882229877931026,0.0,,,
H120,10,MONTHLY,,,WF_2021_2022,20.0,503,-0.32729326676585935,-0.18013614556346447,-0.5726535042826717,3.4120194919767264,24,0,0.4583333333333333,0.013620998448129314,0.0,,,
H120,10,MONTHLY,,,WF_2021_2022,40.0,503,-0.3364029912406269,-0.18571735910197107,-0.5756553091390206,3.4120194919767264,24,0,0.4583333333333333,0.027241996896258627,0.0,,,
H120,10,WEEKLY,,,WF_2019_2020,20.0,505,2.444859570052894,0.8537617136421431,-0.3429608971102013,9.882441198509456,105,0,0.7083333333333334,0.03960819686704187,0.0,,,
H120,10,WEEKLY,,,WF_2019_2020,40.0,505,2.310986543588513,0.8174559706953644,-0.34367619764679536,9.882441198509456,105,0,0.7083333333333334,0.07921639373408373,0.0,,,
H120,10,WEEKLY,,,WF_2021_2022,20.0,503,-0.23510258402798778,-0.12564883247623648,-0.5131513490579411,8.800801323155035,104,0,0.5,0.035133357663071296,0.0,,,
H120,10,WEEKLY,,,WF_2021_2022,40.0,503,-0.26152644506213674,-0.1409140941776218,-0.5220797270247033,8.800801323155035,104,0,0.4583333333333333,0.07026671532614259,0.0,,,
H120,10,DAILY,,,WF_2019_2020,20.0,505,2.3210776693548163,0.8202179732760426,-0.3674161297566957,26.846534141812185,504,0,0.7083333333333334,0.10759920429853298,0.0,,,
H120,10,DAILY,,,WF_2019_2020,40.0,505,1.9821238896203415,0.7250155467679884,-0.37056458030098627,26.846534141812185,504,0,0.6666666666666666,0.21519840859706596,0.0,,,
H120,10,DAILY,,,WF_2021_2022,20.0,503,-0.27710241257795576,-0.1500403579557653,-0.5052321970333409,20.385373895997947,502,0,0.5416666666666666,0.08137970690227751,0.0,,,
H120,10,DAILY,,,WF_2021_2022,40.0,503,-0.33362401467133573,-0.18401074577230048,-0.5256268278738442,20.385373895997947,502,0,0.5416666666666666,0.16275941380455503,0.0,,,
H120,10,EVENT_LOOSE,0.7,0.03,WF_2019_2020,20.0,505,2.7326813141065416,0.9294969614726205,-0.35382436193116584,6.792260222593322,113,0,0.7083333333333334,0.027222947717536722,0.0,,,
H120,10,EVENT_LOOSE,0.7,0.03,WF_2019_2020,40.0,505,2.6323920184538676,0.9034510382837715,-0.3545692882542937,6.792260222593322,113,0,0.7083333333333334,0.054445895435073444,0.0,,,
H120,10,EVENT_LOOSE,0.7,0.03,WF_2021_2022,20.0,503,-0.25401304907515554,-0.13654619901383547,-0.502849153995438,3.1529259107611187,47,0,0.5,0.012586680421530497,0.0,,,
H120,10,EVENT_LOOSE,0.7,0.03,WF_2021_2022,40.0,503,-0.2633482778529851,-0.14197654854392916,-0.506147439783405,3.1529259107611187,47,0,0.5,0.025173360843060995,0.0,,,
H120,10,EVENT_BALANCED,0.8,0.05,WF_2019_2020,20.0,505,2.4524128324539007,0.855788872506402,-0.34310696513430283,4.0698469206862,63,0,0.7083333333333334,0.0163116880551312,0.0,,,
H120,10,EVENT_BALANCED,0.8,0.05,WF_2019_2020,40.0,505,2.396527485543497,0.8407372005505871,-0.34361849441406644,4.0698469206862,63,0,0.7083333333333334,0.0326233761102624,0.0,,,
H120,10,EVENT_BALANCED,0.8,0.05,WF_2021_2022,20.0,503,-0.35953053317834904,-0.20006100563518248,-0.5649348581732994,1.3034164297433517,19,0,0.4166666666666667,0.005203321144134174,0.0,,,
H120,10,EVENT_BALANCED,0.8,0.05,WF_2021_2022,40.0,503,-0.36285640608647385,-0.20214482672297096,-0.5656888595535323,1.3034164297433517,19,0,0.4166666666666667,0.010406642288268347,0.0,,,
H120,10,EVENT_STRICT,0.85,0.1,WF_2019_2020,20.0,505,2.5130385494412146,0.8719798841633724,-0.3558806838609073,3.7684962639686748,54,0,0.7083333333333334,0.015103893756382386,0.0,,,
H120,10,EVENT_STRICT,0.85,0.1,WF_2019_2020,40.0,505,2.4603490566614306,0.8579164190670665,-0.3565221263818422,3.7684962639686748,54,0,0.7083333333333334,0.03020778751276477,0.0,,,
H120,10,EVENT_STRICT,0.85,0.1,WF_2021_2022,20.0,503,-0.23943498680647846,-0.12813344763837853,-0.4924418281201568,0.8853420283584141,12,0,0.5,0.0035343415893990663,0.0,,,
H120,10,EVENT_STRICT,0.85,0.1,WF_2021_2022,40.0,503,-0.24212016517074453,-0.12967693271009684,-0.4930606004995227,0.8853420283584141,12,0,0.5,0.007068683178798133,0.0,,,
H120,15,MONTHLY,,,WF_2019_2020,20.0,505,2.090047654083162,0.7558906833590548,-0.3721671642931208,4.526822085365832,24,0,0.75,0.018143215500870995,0.0,,,
H120,15,MONTHLY,,,WF_2019_2020,40.0,505,2.034421268457167,0.7400456174793695,-0.3725459660082515,4.526822085365832,24,0,0.7083333333333334,0.03628643100174199,0.0,,,
H120,15,MONTHLY,,,WF_2021_2022,20.0,503,-0.18975506557426436,-0.10005219171114454,-0.5039961431519095,3.3238919358312606,24,0,0.5416666666666666,0.013269187648596222,0.0,,,
H120,15,MONTHLY,,,WF_2021_2022,40.0,503,-0.20044517208619717,-0.10602051511559496,-0.5067400876381671,3.3238919358312606,24,0,0.5416666666666666,0.026538375297192444,0.0,,,
H120,15,WEEKLY,,,WF_2019_2020,20.0,505,2.345647798770562,0.8269254373087926,-0.3558169025986938,10.784583476313301,105,0,0.75,0.04322392583760489,0.0,,,
H120,15,WEEKLY,,,WF_2019_2020,40.0,505,2.204016615930809,0.7879142753084567,-0.35735469088787963,10.784583476313301,105,0,0.7083333333333334,0.08644785167520978,0.0,,,
H120,15,WEEKLY,,,WF_2021_2022,20.0,503,-0.12834031257040734,-0.06650029867686724,-0.4602231532430695,7.381504023033218,104,0,0.5416666666666666,0.0294674327268707,0.0,,,
H120,15,WEEKLY,,,WF_2021_2022,40.0,503,-0.15366548052936446,-0.08018814724991474,-0.4669211121083804,7.381504023033218,104,0,0.5416666666666666,0.0589348654537414,0.0,,,
H120,15,DAILY,,,WF_2019_2020,20.0,505,2.0065229155114768,0.7320440300937598,-0.3838952307704443,28.719139956042326,504,0,0.7083333333333334,0.11510448950636012,0.0,,,
H120,15,DAILY,,,WF_2019_2020,40.0,505,1.6794910910012617,0.635318479938938,-0.3872967471872034,28.719139956042326,504,0,0.7083333333333334,0.23020897901272025,0.0,,,
H120,15,DAILY,,,WF_2021_2022,20.0,503,-0.238025635807933,-0.12732441741564493,-0.500872868607817,18.78993826941131,502,0,0.5416666666666666,0.07501062658344355,0.0,,,
H120,15,DAILY,,,WF_2021_2022,40.0,503,-0.2931090591005092,-0.1595217892231815,-0.5165637379357944,18.78993826941131,502,0,0.5416666666666666,0.1500212531668871,0.0,,,
H120,15,EVENT_LOOSE,0.7,0.03,WF_2019_2020,20.0,505,2.1182828177485367,0.7638787394994,-0.364432066515467,8.497928825824456,192,0,0.7083333333333334,0.034059159182867865,0.0,,,
H120,15,EVENT_LOOSE,0.7,0.03,WF_2019_2020,40.0,505,2.0138317767241,0.734143883915473,-0.3653119304972079,8.497928825824456,192,0,0.7083333333333334,0.06811831836573573,0.0,,,
H120,15,EVENT_LOOSE,0.7,0.03,WF_2021_2022,20.0,503,-0.2591858605881824,-0.13955103255427748,-0.47441794328402465,3.464963403570261,81,0,0.5,0.013832353904728898,0.0,,,
H120,15,EVENT_LOOSE,0.7,0.03,WF_2021_2022,40.0,503,-0.2693659957082126,-0.14549530514185904,-0.47811761767181604,3.464963403570261,81,0,0.5,0.027664707809457796,0.0,,,
H120,15,EVENT_BALANCED,0.8,0.05,WF_2019_2020,20.0,505,1.912351941755539,0.7047562077677012,-0.3522701744993786,4.7085736284456345,105,0,0.75,0.018871664145754332,0.0,,,
H120,15,EVENT_BALANCED,0.8,0.05,WF_2019_2020,40.0,505,1.8578874520403166,0.6887720438156797,-0.35289810440921343,4.7085736284456345,105,0,0.75,0.037743328291508664,0.0,,,
H120,15,EVENT_BALANCED,0.8,0.05,WF_2021_2022,20.0,503,-0.23767477017627525,-0.1271231210364242,-0.4987428469809667,1.641813768603691,37,0,0.5416666666666666,0.006554224806409973,0.0,,,
H120,15,EVENT_BALANCED,0.8,0.05,WF_2021_2022,40.0,503,-0.24265702247048315,-0.12998585435484333,-0.5000857057385699,1.641813768603691,37,0,0.5416666666666666,0.013108449612819945,0.0,,,
H120,15,EVENT_STRICT,0.85,0.1,WF_2019_2020,20.0,505,2.20918661607678,0.7893533264064223,-0.3927053300280705,4.62195756468651,96,0,0.75,0.01852451246164038,0.0,,,
H120,15,EVENT_STRICT,0.85,0.1,WF_2019_2020,40.0,505,2.1502633293597415,0.7728827573241117,-0.39330450168880604,4.62195756468651,96,0,0.75,0.03704902492328076,0.0,,,
H120,15,EVENT_STRICT,0.85,0.1,WF_2021_2022,20.0,503,-0.14688095595306272,-0.07650140406229267,-0.49000352158894256,1.4945026135879624,31,0,0.625,0.0059661493224979776,0.0,,,
H120,15,EVENT_STRICT,0.85,0.1,WF_2021_2022,40.0,503,-0.15195803187017431,-0.07925892689682468,-0.49131398552906724,1.4945026135879624,31,0,0.625,0.011932298644995955,0.0,,,
H120,20,MONTHLY,,,WF_2019_2020,20.0,505,1.6265286693017864,0.619108090679257,-0.3415027754221841,4.320998340187737,24,0,0.75,0.01731828699837148,0.0,,,
H120,20,MONTHLY,,,WF_2019_2020,40.0,505,1.5813812230625626,0.6051598898549679,-0.34193536940342717,4.320998340187737,24,0,0.75,0.03463657399674296,0.0,,,
H120,20,MONTHLY,,,WF_2021_2022,20.0,503,-0.14355392329548944,-0.07469882525731764,-0.46162158788463004,3.098336766763587,24,0,0.5416666666666666,0.012368757092714955,0.0,,,
H120,20,MONTHLY,,,WF_2021_2022,40.0,503,-0.15409081761493848,-0.08041976787025062,-0.46448798123568136,3.098336766763587,24,0,0.5416666666666666,0.02473751418542991,0.0,,,
H120,20,WEEKLY,,,WF_2019_2020,20.0,505,1.7106690549282586,0.6447862257374593,-0.3684954056797872,10.211725049030512,105,0,0.75,0.04092794563301912,0.0,,,
H120,20,WEEKLY,,,WF_2019_2020,40.0,505,1.6018949558137825,0.6115125855427781,-0.36978052743486134,10.211725049030512,105,0,0.75,0.08185589126603823,0.0,,,
H120,20,WEEKLY,,,WF_2021_2022,20.0,503,-0.15193452871481483,-0.07924614262796059,-0.45068606939229394,7.0426870036585525,104,0,0.5416666666666666,0.02811485367333533,0.0,,,
H120,20,WEEKLY,,,WF_2021_2022,40.0,503,-0.17545755692644338,-0.09213092970150616,-0.4578806266812927,7.0426870036585525,104,0,0.5416666666666666,0.05622970734667066,0.0,,,
H120,20,DAILY,,,WF_2019_2020,20.0,505,1.7114358961086844,0.6450184014459057,-0.36823434103222874,28.48160501304168,504,0,0.75,0.11415246453639721,0.0,,,
H120,20,DAILY,,,WF_2019_2020,40.0,505,1.418812589706341,0.5538937003788988,-0.372235651368517,28.48160501304168,504,0,0.7083333333333334,0.22830492907279443,0.0,,,
H120,20,DAILY,,,WF_2021_2022,20.0,503,-0.20419010303775198,-0.10812073172858472,-0.4675185256617683,18.163934782848738,502,0,0.5416666666666666,0.07251158091883267,0.0,,,
H120,20,DAILY,,,WF_2021_2022,40.0,503,-0.2598697051465463,-0.1399490534434813,-0.48585001841065245,18.163934782848738,502,0,0.5416666666666666,0.14502316183766534,0.0,,,
H120,20,EVENT_LOOSE,0.7,0.03,WF_2019_2020,20.0,505,1.7282945091967559,0.6501143800236839,-0.3742977709831009,10.294558899217883,290,0,0.75,0.041259938445278026,0.0,,,
H120,20,EVENT_LOOSE,0.7,0.03,WF_2019_2020,40.0,505,1.6179872221587188,0.6164784977118389,-0.3757151946598969,10.294558899217883,290,0,0.75,0.08251987689055605,0.0,,,
H120,20,EVENT_LOOSE,0.7,0.03,WF_2021_2022,20.0,503,-0.14331023604168247,-0.07456693350731924,-0.4232058967451702,4.455409016569125,132,0,0.5416666666666666,0.017786275677256113,0.0,,,
H120,20,EVENT_LOOSE,0.7,0.03,WF_2021_2022,40.0,503,-0.15841707823503282,-0.0827789765913104,-0.4281971868403508,4.455409016569125,132,0,0.5416666666666666,0.035572551354512226,0.0,,,
H120,20,EVENT_BALANCED,0.8,0.05,WF_2019_2020,20.0,505,1.9809211211445823,0.7246683286209579,-0.35295038924157185,7.0165377784165015,191,0,0.75,0.028121837921431216,0.0,,,
H120,20,EVENT_BALANCED,0.8,0.05,WF_2019_2020,40.0,505,1.8982356581596593,0.7006278604627638,-0.35381510200956945,7.0165377784165015,191,0,0.75,0.05624367584286243,0.0,,,
H120,20,EVENT_BALANCED,0.8,0.05,WF_2021_2022,20.0,503,-0.14374819452778065,-0.0748039848078822,-0.4491233384814435,2.0961676374291343,61,0,0.5416666666666666,0.00836803429862583,0.0,,,
H120,20,EVENT_BALANCED,0.8,0.05,WF_2021_2022,40.0,503,-0.15088592072646223,-0.07867594426776237,-0.45106457014657464,2.0961676374291343,61,0,0.5416666666666666,0.01673606859725166,0.0,,,
H120,20,EVENT_STRICT,0.85,0.1,WF_2019_2020,20.0,505,1.9971964461137084,0.729360795119987,-0.3715286874317273,6.484032268252375,181,0,0.75,0.025987589646567062,0.0,,,
H120,20,EVENT_STRICT,0.85,0.1,WF_2019_2020,40.0,505,1.9202883436559763,0.7070728292765167,-0.3725018178125553,6.484032268252375,181,0,0.75,0.051975179293134124,0.0,,,
H120,20,EVENT_STRICT,0.85,0.1,WF_2021_2022,20.0,503,-0.13317901402112242,-0.06910004737365683,-0.45704089817287763,1.8968290265715273,55,0,0.5833333333333334,0.007572261907662526,0.0,,,
H120,20,EVENT_STRICT,0.85,0.1,WF_2021_2022,40.0,503,-0.13972041382158162,-0.07262616566219726,-0.45881223740711485,1.8968290265715273,55,0,0.5833333333333334,0.015144523815325052,0.0,,,
H252,5,MONTHLY,,,WF_2019_2020,20.0,505,2.367294914205606,0.8328145194628227,-0.4517818269689817,4.307221335034632,24,0,0.7916666666666666,0.017263069636448327,0.0,,,
H252,5,MONTHLY,,,WF_2019_2020,40.0,505,2.3095898912032458,0.8170733663749972,-0.45245817837136393,4.307221335034632,24,0,0.7916666666666666,0.034526139272896654,0.0,,,
H252,5,MONTHLY,,,WF_2021_2022,20.0,503,-0.26069858138044066,-0.1404317338188229,-0.5297506112697036,3.6167177491661895,24,0,0.4583333333333333,0.01443816688754439,0.0,,,
H252,5,MONTHLY,,,WF_2021_2022,40.0,503,-0.2713076532281402,-0.14663373952794634,-0.5331976054693829,3.6167177491661895,24,0,0.4583333333333333,0.02887633377508878,0.0,,,
H252,5,WEEKLY,,,WF_2019_2020,20.0,505,2.5073262436441577,0.8704603310844559,-0.43520325685285954,11.756276309320503,105,0,0.75,0.04711840901751471,0.0,,,
H252,5,WEEKLY,,,WF_2019_2020,40.0,505,2.345737605862075,0.8269499086333274,-0.4361700788585512,11.756276309320503,105,0,0.75,0.09423681803502942,0.0,,,
H252,5,WEEKLY,,,WF_2021_2022,20.0,503,-0.23763863640542848,-0.12710239322722472,-0.5049357952472149,7.346743721923641,104,0,0.3333333333333333,0.029328667397838033,0.0,,,
H252,5,WEEKLY,,,WF_2021_2022,40.0,503,-0.25968997935127014,-0.13984442912144968,-0.5124886349641101,7.346743721923641,104,0,0.3333333333333333,0.058657334795676065,0.0,,,
H252,5,DAILY,,,WF_2019_2020,20.0,505,2.391458848830449,0.8393659417756723,-0.49198618282262496,36.888760887435076,504,0,0.7083333333333334,0.1478478114932914,0.0,,,
H252,5,DAILY,,,WF_2019_2020,40.0,505,1.9250013435428097,0.7084470529987379,-0.4964274721766765,36.888760887435076,504,0,0.6666666666666666,0.2956956229865828,0.0,,,
H252,5,DAILY,,,WF_2021_2022,20.0,503,-0.3521278696436161,-0.19544217564537625,-0.5585615584582793,18.975579445676523,502,0,0.2916666666666667,0.07575171794583566,0.0,,,
H252,5,DAILY,,,WF_2021_2022,40.0,503,-0.3994205066171641,-0.22542203026636964,-0.5782241671046382,18.975579445676523,502,0,0.2916666666666667,0.1515034358916713,0.0,,,
H252,5,EVENT_LOOSE,0.7,0.03,WF_2019_2020,20.0,505,2.8308806303382004,0.9546625237986506,-0.38567544606958337,2.538728049556891,22,0,0.75,0.01017506083354151,0.0,,,
H252,5,EVENT_LOOSE,0.7,0.03,WF_2019_2020,40.0,505,2.79206955596351,0.9447554737729484,-0.38591273449448205,2.538728049556891,22,0,0.75,0.02035012166708302,0.0,,,
H252,5,EVENT_LOOSE,0.7,0.03,WF_2021_2022,20.0,503,-0.3828785527112364,-0.2148060567292398,-0.61260392882431,0.35798894204505216,2,0,0.4166666666666667,0.0014291145861004858,0.0,,,
H252,5,EVENT_LOOSE,0.7,0.03,WF_2021_2022,40.0,503,-0.3837609562025569,-0.21536873623205344,-0.6126039288243101,0.35798894204505216,2,0,0.4166666666666667,0.0028582291722009717,0.0,,,
H252,5,EVENT_BALANCED,0.8,0.05,WF_2019_2020,20.0,505,2.462862053430078,0.8585895946765585,-0.31203084959971006,0.7996351931009217,6,0,0.7916666666666666,0.0032048870834600427,0.0,,,
H252,5,EVENT_BALANCED,0.8,0.05,WF_2019_2020,40.0,505,2.4517712774460843,0.855616777161315,-0.3120308495997097,0.7996351931009217,6,0,0.7916666666666666,0.006409774166920085,0.0,,,
H252,5,EVENT_BALANCED,0.8,0.05,WF_2021_2022,20.0,503,-0.3640396008989918,-0.2028874643007953,-0.6124701332000919,0.3478912908301923,2,0,0.4166666666666667,0.0013888041213300534,0.0,,,
H252,5,EVENT_BALANCED,0.8,0.05,WF_2021_2022,40.0,503,-0.36492331048612203,-0.20344257850099634,-0.6124701332000924,0.3478912908301923,2,0,0.4166666666666667,0.002777608242660107,0.0,,,
H252,5,EVENT_STRICT,0.85,0.1,WF_2019_2020,20.0,505,2.9646030132830883,0.9884174987430541,-0.3462665997837875,0.8265394214942023,5,0,0.7916666666666666,0.0033127175226553346,0.0,,,
H252,5,EVENT_STRICT,0.85,0.1,WF_2019_2020,40.0,505,2.9514766167636504,0.9851295640122804,-0.3462665997837874,0.8265394214942023,5,0,0.7916666666666666,0.006625435045310669,0.0,,,
H252,5,EVENT_STRICT,0.85,0.1,WF_2021_2022,20.0,503,-0.2893585481452776,-0.1572906674749034,-0.5329716727974106,0.5140150086917862,3,0,0.4583333333333333,0.002051980550571178,0.0,,,
H252,5,EVENT_STRICT,0.85,0.1,WF_2021_2022,40.0,503,-0.29081694147149584,-0.15815754358889478,-0.5332517150920089,0.5140150086917862,3,0,0.4583333333333333,0.004103961101142356,0.0,,,
H252,10,MONTHLY,,,WF_2019_2020,20.0,505,1.6216477493347945,0.6176059629916415,-0.41067983256701246,3.545005297617297,24,0,0.7083333333333334,0.014208156153148693,0.0,,,
H252,10,MONTHLY,,,WF_2019_2020,40.0,505,1.5846238656362588,0.6061657504692153,-0.41101189700074403,3.545005297617297,24,0,0.7083333333333334,0.028416312306297386,0.0,,,
H252,10,MONTHLY,,,WF_2021_2022,20.0,503,-0.31561257236360374,-0.17303468270349887,-0.5111715266650063,2.4540193605316594,24,0,0.5,0.009796601097995435,0.0,,,
H252,10,MONTHLY,,,WF_2021_2022,40.0,503,-0.3222895065358271,-0.177086556942481,-0.5133627432352088,2.4540193605316594,24,0,0.5,0.01959320219599087,0.0,,,
H252,10,WEEKLY,,,WF_2019_2020,20.0,505,1.5231182816589484,0.5869777840371375,-0.42737153774534675,9.638272981359416,105,0,0.7083333333333334,0.038629586155448446,0.0,,,
H252,10,WEEKLY,,,WF_2019_2020,40.0,505,1.427444059668178,0.556658255929386,-0.42918968994587736,9.638272981359416,105,0,0.7083333333333334,0.07725917231089689,0.0,,,
H252,10,WEEKLY,,,WF_2021_2022,20.0,503,-0.25874776124705323,-0.13929614012009817,-0.49067259096726334,5.830646831540107,104,0,0.4583333333333333,0.023276312351306935,0.0,,,
H252,10,WEEKLY,,,WF_2021_2022,40.0,503,-0.27581068649106333,-0.14927980225883775,-0.49581756536172583,5.830646831540107,104,0,0.4583333333333333,0.04655262470261387,0.0,,,
H252,10,DAILY,,,WF_2019_2020,20.0,505,1.2308708971839657,0.4924238981534663,-0.45708712755700165,28.768138342579338,504,0,0.7083333333333334,0.11530087192859179,0.0,,,
H252,10,DAILY,,,WF_2019_2020,40.0,505,0.987806384613827,0.40893715068719505,-0.46220203014061034,28.768138342579338,504,0,0.7083333333333334,0.23060174385718357,0.0,,,
H252,10,DAILY,,,WF_2021_2022,20.0,503,-0.35190959612663775,-0.19530638649706433,-0.5357767890288889,12.832998812467638,502,0,0.5,0.0512301460529462,0.0,,,
H252,10,DAILY,,,WF_2021_2022,40.0,503,-0.384286146716618,-0.215703823714272,-0.5476856308479412,12.832998812467638,502,0,0.5,0.1024602921058924,0.0,,,
H252,10,EVENT_LOOSE,0.7,0.03,WF_2019_2020,20.0,505,1.518671980347412,0.5855816306753887,-0.4482421888578091,3.1272938235607173,47,0,0.6666666666666666,0.012533995086493352,0.0,,,
H252,10,EVENT_LOOSE,0.7,0.03,WF_2019_2020,40.0,505,1.487284151023676,0.5756904177441784,-0.4486261366649591,3.1272938235607173,47,0,0.6666666666666666,0.025067990172986703,0.0,,,
H252,10,EVENT_LOOSE,0.7,0.03,WF_2021_2022,20.0,503,-0.31319132740198363,-0.17157023551376482,-0.4932476607712216,1.3723150616293667,20,0,0.4166666666666667,0.005478368857139457,0.0,,,
H252,10,EVENT_LOOSE,0.7,0.03,WF_2021_2022,40.0,503,-0.316945769081882,-0.17384214695000877,-0.4942857884486699,1.3723150616293667,20,0,0.4166666666666667,0.010956737714278913,0.0,,,
H252,10,EVENT_BALANCED,0.8,0.05,WF_2019_2020,20.0,505,2.0189642910480963,0.7356169434735373,-0.4020657456246839,1.5835613206012429,21,0,0.6666666666666666,0.00634681322939387,0.0,,,
H252,10,EVENT_BALANCED,0.8,0.05,WF_2019_2020,40.0,505,1.9998527272426703,0.7301254354795412,-0.4022437608566416,1.5835613206012429,21,0,0.6666666666666666,0.01269362645878774,0.0,,,
H252,10,EVENT_BALANCED,0.8,0.05,WF_2021_2022,20.0,503,-0.3045447606387679,-0.16636142685361588,-0.4985117168595917,0.618483017345583,7,0,0.4583333333333333,0.0024690234740065735,0.0,,,
H252,10,EVENT_BALANCED,0.8,0.05,WF_2021_2022,40.0,503,-0.30626116273425286,-0.16739282866007332,-0.4989119467607728,0.618483017345583,7,0,0.4583333333333333,0.004938046948013147,0.0,,,
H252,10,EVENT_STRICT,0.85,0.1,WF_2019_2020,20.0,505,2.2774377732206808,0.8082430194517054,-0.3909266973041712,1.2656607354201859,15,0,0.6666666666666666,0.005072687868152332,0.0,,,
H252,10,EVENT_STRICT,0.85,0.1,WF_2019_2020,40.0,505,2.2608430787877376,0.8036684245146322,-0.3911310810169909,1.2656607354201859,15,0,0.6666666666666666,0.010145375736304665,0.0,,,
H252,10,EVENT_STRICT,0.85,0.1,WF_2021_2022,20.0,503,-0.2996289633780753,-0.163414487241185,-0.5007311796352879,0.5393471959137842,6,0,0.4166666666666667,0.002153108250354234,0.0,,,
H252,10,EVENT_STRICT,0.85,0.1,WF_2021_2022,40.0,503,-0.30113665547754265,-0.1643172233771285,-0.501085561046251,0.5393471959137842,6,0,0.4166666666666667,0.004306216500708468,0.0,,,
H252,15,MONTHLY,,,WF_2019_2020,20.0,505,1.2316777163449895,0.4926932151632586,-0.440596237358139,3.0417770554690557,24,0,0.7083333333333334,0.012191249309618037,0.0,,,
H252,15,MONTHLY,,,WF_2019_2020,40.0,505,1.2046128105435878,0.48363213125645865,-0.4408556054255838,3.0417770554690557,24,0,0.7083333333333334,0.024382498619236075,0.0,,,
H252,15,MONTHLY,,,WF_2021_2022,20.0,503,-0.22336193853043984,-0.11895070351210557,-0.43394763973034567,2.7601046497483788,24,0,0.4583333333333333,0.011018513006535197,0.0,,,
H252,15,MONTHLY,,,WF_2021_2022,40.0,503,-0.23187909854103506,-0.12380473002023284,-0.4368447932582823,2.7601046497483788,24,0,0.4583333333333333,0.022037026013070393,0.0,,,
H252,15,WEEKLY,,,WF_2019_2020,20.0,505,1.552185402982614,0.5960747490535909,-0.45667566581460695,6.922084915864505,105,0,0.7083333333333334,0.027743276845329956,0.0,,,
H252,15,WEEKLY,,,WF_2019_2020,40.0,505,1.482315081900572,0.5741187990286953,-0.45762871170679276,6.922084915864505,105,0,0.7083333333333334,0.05548655369065991,0.0,,,
H252,15,WEEKLY,,,WF_2021_2022,20.0,503,-0.11082142521426419,-0.05714743252223353,-0.39242700320917356,6.773739278930949,104,0,0.5,0.02704119728017673,0.0,,,
H252,15,WEEKLY,,,WF_2021_2022,40.0,503,-0.13455647234687906,-0.06984145475978265,-0.40043783845378444,6.773739278930949,104,0,0.4583333333333333,0.05408239456035346,0.0,,,
H252,15,DAILY,,,WF_2019_2020,20.0,505,1.4144256338285488,0.5524867170323715,-0.45525957300575914,19.598347365203924,504,0,0.6666666666666666,0.07854893190022207,0.0,,,
H252,15,DAILY,,,WF_2019_2020,40.0,505,1.2319686107962027,0.492790304045686,-0.4580399875203981,19.598347365203924,504,0,0.6666666666666666,0.15709786380044413,0.0,,,
H252,15,DAILY,,,WF_2021_2022,20.0,503,-0.19221666424292838,-0.10142301154563149,-0.441136272195485,16.758389514483184,502,0,0.4583333333333333,0.06690055496654794,0.0,,,
H252,15,DAILY,,,WF_2021_2022,40.0,503,-0.24450684738604356,-0.13105112951470632,-0.45976381150481194,16.758389514483184,502,0,0.4583333333333333,0.13380110993309588,0.0,,,
H252,15,EVENT_LOOSE,0.7,0.03,WF_2019_2020,20.0,505,1.7166318184283358,0.6465906996181536,-0.4173251671036362,3.393741765562093,75,0,0.6666666666666666,0.013601901520705215,0.0,,,
H252,15,EVENT_LOOSE,0.7,0.03,WF_2019_2020,40.0,505,1.6799165287321758,0.6354480420218964,-0.41757391119362475,3.393741765562093,75,0,0.6666666666666666,0.02720380304141043,0.0,,,
H252,15,EVENT_LOOSE,0.7,0.03,WF_2021_2022,20.0,503,-0.24053669196436045,-0.1287663965497834,-0.4412260473865529,2.5792459521953455,62,0,0.4583333333333333,0.010296513602811579,0.0,,,
H252,15,EVENT_LOOSE,0.7,0.03,WF_2021_2022,40.0,503,-0.24831922419037822,-0.13325071020374957,-0.4442281258863504,2.5792459521953455,62,0,0.4583333333333333,0.020593027205623157,0.0,,,
H252,15,EVENT_BALANCED,0.8,0.05,WF_2019_2020,20.0,505,1.5684501769648262,0.6011423983966324,-0.39806269594629407,1.5760918917659839,34,0,0.6666666666666666,0.006316876232871601,0.0,,,
H252,15,EVENT_BALANCED,0.8,0.05,WF_2019_2020,40.0,505,1.5522693159223295,0.5961009354373554,-0.39827806727981285,1.5760918917659839,34,0,0.6666666666666666,0.012633752465743203,0.0,,,
H252,15,EVENT_BALANCED,0.8,0.05,WF_2021_2022,20.0,503,-0.20090556344066612,-0.10627844485828875,-0.4441552919908872,0.8538708047465638,16,0,0.4583333333333333,0.003408706466567632,0.0,,,
H252,15,EVENT_BALANCED,0.8,0.05,WF_2021_2022,40.0,503,-0.20362647917179266,-0.10780432774672077,-0.4449696832282697,0.8538708047465638,16,0,0.4583333333333333,0.006817412933135264,0.0,,,
H252,15,EVENT_STRICT,0.85,0.1,WF_2019_2020,20.0,505,1.6385835804541742,0.6228120689216996,-0.38680024012393743,1.4940095260913213,29,0,0.6666666666666666,0.005987895322826327,0.0,,,
H252,15,EVENT_STRICT,0.85,0.1,WF_2019_2020,40.0,505,1.6228228335775263,0.6179677290454912,-0.38701100852495607,1.4940095260913213,29,0,0.6666666666666666,0.011975790645652655,0.0,,,
H252,15,EVENT_STRICT,0.85,0.1,WF_2021_2022,20.0,503,-0.2424349680810498,-0.12985806523994292,-0.4567899569246596,0.6386429294504523,11,0,0.4583333333333333,0.002549503123123631,0.0,,,
H252,15,EVENT_STRICT,0.85,0.1,WF_2021_2022,40.0,503,-0.24436534435080914,-0.1309695949591949,-0.45724421736485,0.6386429294504523,11,0,0.4583333333333333,0.005099006246247262,0.0,,,
H252,20,MONTHLY,,,WF_2019_2020,20.0,505,1.4441482813633884,0.5619944640985259,-0.4300474167723314,2.7641672052890174,24,0,0.7083333333333334,0.01107860665611868,0.0,,,
H252,20,MONTHLY,,,WF_2019_2020,40.0,505,1.4171982181790757,0.5533760883459988,-0.43036588467201253,2.7641672052890174,24,0,0.7083333333333334,0.02215721331223736,0.0,,,
H252,20,MONTHLY,,,WF_2021_2022,20.0,503,-0.13952490450006727,-0.07252058348302737,-0.40363481315505945,2.7224127480454463,24,0,0.4583333333333333,0.010868044541800473,0.0,,,
H252,20,MONTHLY,,,WF_2021_2022,40.0,503,-0.14883332027691654,-0.07756082416983723,-0.4065781662809066,2.7224127480454463,24,0,0.4583333333333333,0.021736089083600946,0.0,,,
H252,20,WEEKLY,,,WF_2019_2020,20.0,505,1.3962704237382075,0.546650319685986,-0.4514000550644641,6.326775161483198,105,0,0.7083333333333334,0.025357313147214407,0.0,,,
H252,20,WEEKLY,,,WF_2019_2020,40.0,505,1.3362432458899796,0.527193827373603,-0.45280962759709875,6.326775161483198,105,0,0.7083333333333334,0.05071462629442881,0.0,,,
H252,20,WEEKLY,,,WF_2021_2022,20.0,503,-0.10237400985832379,-0.052670449732853286,-0.38180878528688234,7.068418949282823,104,0,0.5416666666666666,0.02821757723404175,0.0,,,
H252,20,WEEKLY,,,WF_2021_2022,40.0,503,-0.1273616529666417,-0.06597535847709479,-0.3907140623366594,7.068418949282823,104,0,0.5416666666666666,0.0564351544680835,0.0,,,
H252,20,DAILY,,,WF_2019_2020,20.0,505,1.4375196467539353,0.5598791224368866,-0.4542220610237714,18.737420316928905,504,0,0.7083333333333334,0.0750983909527706,0.0,,,
H252,20,DAILY,,,WF_2019_2020,40.0,505,1.2611162287921887,0.5024866739833802,-0.4571802160902255,18.737420316928905,504,0,0.6666666666666666,0.1501967819055412,0.0,,,
H252,20,DAILY,,,WF_2021_2022,20.0,503,-0.19616743518149993,-0.10362748944090039,-0.4266963145533561,16.147965425153576,502,0,0.5416666666666666,0.06446370324485912,0.0,,,
H252,20,DAILY,,,WF_2021_2022,40.0,503,-0.24636450387278697,-0.1321222253678349,-0.445387409044124,16.147965425153576,502,0,0.4583333333333333,0.12892740648971823,0.0,,,
H252,20,EVENT_LOOSE,0.7,0.03,WF_2019_2020,20.0,505,1.898368636513895,0.7006667973042531,-0.40716516202647046,4.693011221434577,132,0,0.6666666666666666,0.018809291006543345,0.0,,,
H252,20,EVENT_LOOSE,0.7,0.03,WF_2019_2020,40.0,505,1.8443460751398808,0.6847743062238321,-0.40773438224280634,4.693011221434577,132,0,0.6666666666666666,0.03761858201308669,0.0,,,
H252,20,EVENT_LOOSE,0.7,0.03,WF_2021_2022,20.0,503,-0.20436780747907757,-0.10822051362856033,-0.4348189951697371,3.468942851480002,101,0,0.4583333333333333,0.013848240113447943,0.0,,,
H252,20,EVENT_LOOSE,0.7,0.03,WF_2021_2022,40.0,503,-0.21531325650109234,-0.11438802112848256,-0.4388897383770738,3.468942851480002,101,0,0.4583333333333333,0.027696480226895887,0.0,,,
H252,20,EVENT_BALANCED,0.8,0.05,WF_2019_2020,20.0,505,1.7422003129362031,0.6543059298418246,-0.3976737546595591,2.4002746701675393,68,0,0.7083333333333334,0.00962014847963974,0.0,,,
H252,20,EVENT_BALANCED,0.8,0.05,WF_2019_2020,40.0,505,1.7159373824102544,0.6463806489402493,-0.39792592841594165,2.4002746701675393,68,0,0.7083333333333334,0.01924029695927948,0.0,,,
H252,20,EVENT_BALANCED,0.8,0.05,WF_2021_2022,20.0,503,-0.1565232815864962,-0.08174550306445094,-0.3841143091288822,1.557470123287372,46,0,0.5,0.006217519619155143,0.0,,,
H252,20,EVENT_BALANCED,0.8,0.05,WF_2021_2022,40.0,503,-0.1617534965979449,-0.084602537882285,-0.38637096315424546,1.557470123287372,46,0,0.4583333333333333,0.012435039238310287,0.0,,,
H252,20,EVENT_STRICT,0.85,0.1,WF_2019_2020,20.0,505,1.6787938116773873,0.6351061093898773,-0.40833338228086236,2.201885652102926,61,0,0.7083333333333334,0.008825017891364903,0.0,,,
H252,20,EVENT_STRICT,0.85,0.1,WF_2019_2020,40.0,505,1.6552487048698024,0.6279186427657255,-0.40859400169845794,2.201885652102926,61,0,0.7083333333333334,0.017650035782729806,0.0,,,
H252,20,EVENT_STRICT,0.85,0.1,WF_2021_2022,20.0,503,-0.20953535595998118,-0.11112699630582823,-0.4107648426453534,1.6034947925122616,47,0,0.5,0.006401253020902123,0.0,,,
H252,20,EVENT_STRICT,0.85,0.1,WF_2021_2022,40.0,503,-0.21458115264834754,-0.11397416312970032,-0.4129682560084448,1.6034947925122616,47,0,0.4583333333333333,0.012802506041804246,0.0,,,
SHORT_20_60,5,MONTHLY,,,WF_2019_2020,20.0,505,2.082923262419423,0.7538693390954125,-0.31043207878424794,5.086339101027481,24,0,0.6666666666666666,0.020385724174753,0.0,,,
SHORT_20_60,5,MONTHLY,,,WF_2019_2020,40.0,505,2.020622352234466,0.7360925478963605,-0.3110188650585296,5.086339101027481,24,0,0.6666666666666666,0.040771448349506,0.0,,,
SHORT_20_60,5,MONTHLY,,,WF_2021_2022,20.0,503,0.05381899146721625,0.026610355539152586,-0.34533482748475663,4.943035307291903,24,0,0.5,0.019732910790220853,0.0,,,
SHORT_20_60,5,MONTHLY,,,WF_2021_2022,40.0,503,0.03319865196505689,0.016496797382860473,-0.3514021558214785,4.943035307291903,24,0,0.5,0.03946582158044171,0.0,,,
SHORT_20_60,5,WEEKLY,,,WF_2019_2020,20.0,505,2.2942568099818654,0.8128676326999216,-0.29007386603312624,12.789272681356136,105,0,0.625,0.051258592889562304,0.0,,,
SHORT_20_60,5,WEEKLY,,,WF_2019_2020,40.0,505,2.129480949559202,0.7670367808612284,-0.29102191861546756,12.789272681356136,105,0,0.5833333333333334,0.10251718577912461,0.0,,,
SHORT_20_60,5,WEEKLY,,,WF_2021_2022,20.0,503,-0.17903506044540285,-0.09410650567953904,-0.4187931907125221,14.015646302668276,104,0,0.5,0.055951349922556695,0.0,,,
SHORT_20_60,5,WEEKLY,,,WF_2021_2022,40.0,503,-0.22375924707177453,-0.11917654173057224,-0.4316165482603319,14.015646302668276,104,0,0.4583333333333333,0.11190269984511339,0.0,,,
SHORT_20_60,5,DAILY,,,WF_2019_2020,20.0,505,1.9907503279109422,0.7275037947501346,-0.3084111159899525,29.489690150294706,504,0,0.6666666666666666,0.11819280576110179,0.0,,,
SHORT_20_60,5,DAILY,,,WF_2019_2020,40.0,505,1.6571038028732867,0.6284860926687035,-0.31254577876731593,29.489690150294706,504,0,0.625,0.23638561152220358,0.0,,,
SHORT_20_60,5,DAILY,,,WF_2021_2022,20.0,503,-0.3033040725726066,-0.16561667670522406,-0.4678039188559816,28.75259491912999,502,0,0.5,0.11478218447874908,0.0,,,
SHORT_20_60,5,DAILY,,,WF_2021_2022,40.0,503,-0.37890475019177905,-0.2122770553129677,-0.4987116918400132,28.75259491912999,502,0,0.4583333333333333,0.22956436895749815,0.0,,,
SHORT_20_60,5,EVENT_LOOSE,0.7,0.03,WF_2019_2020,20.0,505,1.849407929733435,0.6862698001348075,-0.3292115838014881,4.41456051767293,40,0,0.6666666666666666,0.01769327826527643,0.0,,,
SHORT_20_60,5,EVENT_LOOSE,0.7,0.03,WF_2019_2020,40.0,505,1.799399527961294,0.6714362004833683,-0.3298990225676237,4.41456051767293,40,0,0.6666666666666666,0.03538655653055286,0.0,,,
SHORT_20_60,5,EVENT_LOOSE,0.7,0.03,WF_2021_2022,20.0,503,-0.09700841436166219,-0.04983768906202557,-0.431649827448107,2.6581263795856116,25,0,0.5416666666666666,0.010611409277234626,0.0,,,
SHORT_20_60,5,EVENT_LOOSE,0.7,0.03,WF_2021_2022,40.0,503,-0.1065465636774815,-0.05487919047631484,-0.4339134735421375,2.6581263795856116,25,0,0.5416666666666666,0.021222818554469253,0.0,,,
SHORT_20_60,5,EVENT_BALANCED,0.8,0.05,WF_2019_2020,20.0,505,2.5142197431707496,0.8722939436989332,-0.27808637222055266,3.2547721286956297,26,0,0.7916666666666666,0.013044920039613439,0.0,,,
SHORT_20_60,5,EVENT_BALANCED,0.8,0.05,WF_2019_2020,40.0,505,2.468632227283982,0.8601343695961718,-0.2787906845045661,3.2547721286956297,26,0,0.7916666666666666,0.026089840079226878,0.0,,,
SHORT_20_60,5,EVENT_BALANCED,0.8,0.05,WF_2021_2022,20.0,503,0.09535722095392041,0.04668790970211667,-0.3345151730502651,0.9030101586866199,8,0,0.5833333333333334,0.003604873887455316,0.0,,,
SHORT_20_60,5,EVENT_BALANCED,0.8,0.05,WF_2021_2022,40.0,503,0.09141235228366607,0.04479766813227748,-0.33484506146867365,0.9030101586866199,8,0,0.5833333333333334,0.007209747774910632,0.0,,,
SHORT_20_60,5,EVENT_STRICT,0.85,0.1,WF_2019_2020,20.0,505,2.5569283096660076,0.8836141188347446,-0.3244786012540838,2.0382234446995215,19,0,0.6666666666666666,0.008169070155343322,0.0,,,
SHORT_20_60,5,EVENT_STRICT,0.85,0.1,WF_2019_2020,40.0,505,2.527967749610259,0.8759454246390608,-0.3246192895363226,2.0382234446995215,19,0,0.6666666666666666,0.016338140310686644,0.0,,,
SHORT_20_60,5,EVENT_STRICT,0.85,0.1,WF_2021_2022,20.0,503,-0.20863646371108568,-0.11062073551949048,-0.42192985543694084,0.6590250779390321,6,0,0.5416666666666666,0.0026308699539947075,0.0,,,
SHORT_20_60,5,EVENT_STRICT,0.85,0.1,WF_2021_2022,40.0,503,-0.21071754815677013,-0.11179325065651369,-0.42243659182421256,0.6590250779390321,6,0,0.5416666666666666,0.005261739907989415,0.0,,,
SHORT_20_60,10,MONTHLY,,,WF_2019_2020,20.0,505,2.519372441866614,0.8736633414358443,-0.3093184106774446,4.0921758487021815,24,0,0.7916666666666666,0.016401180980909535,0.0,,,
SHORT_20_60,10,MONTHLY,,,WF_2019_2020,40.0,505,2.462056220895051,0.85837375683532,-0.3096193404634372,4.0921758487021815,24,0,0.75,0.03280236196181907,0.0,,,
SHORT_20_60,10,MONTHLY,,,WF_2021_2022,20.0,503,-0.0018238710665950952,-0.0009141647173448453,-0.376409849068466,4.007462417664255,24,0,0.5416666666666666,0.01599804441337397,0.0,,,
SHORT_20_60,10,MONTHLY,,,WF_2021_2022,40.0,503,-0.017683638602931318,-0.008898835450927622,-0.3803061197290758,4.007462417664255,24,0,0.5416666666666666,0.03199608882674794,0.0,,,
SHORT_20_60,10,WEEKLY,,,WF_2019_2020,20.0,505,2.5419724200021596,0.8796577534897507,-0.33839330087967756,9.398964824235186,105,0,0.7916666666666666,0.03767045425586325,0.0,,,
SHORT_20_60,10,WEEKLY,,,WF_2019_2020,40.0,505,2.410936234126251,0.8446297246639949,-0.33998189777452825,9.398964824235186,105,0,0.7916666666666666,0.0753409085117265,0.0,,,
SHORT_20_60,10,WEEKLY,,,WF_2021_2022,20.0,503,0.09550653391040909,0.046759388413204706,-0.3523526366928994,9.356156989405466,104,0,0.625,0.03735037274342025,0.0,,,
SHORT_20_60,10,WEEKLY,,,WF_2021_2022,40.0,503,0.055314602516453704,0.027340043427400706,-0.36095412773274715,9.356156989405466,104,0,0.625,0.0747007454868405,0.0,,,
SHORT_20_60,10,DAILY,,,WF_2019_2020,20.0,505,2.203993722937643,0.7879079005394733,-0.3502209761399383,23.272262655062953,504,0,0.75,0.09327375111751421,0.0,,,
SHORT_20_60,10,DAILY,,,WF_2019_2020,40.0,505,1.9185258046718272,0.7065586200281928,-0.3530139437029266,23.272262655062953,504,0,0.75,0.18654750223502842,0.0,,,
SHORT_20_60,10,DAILY,,,WF_2021_2022,20.0,503,-0.13534836957659135,-0.07026795453708345,-0.3962990817725067,23.457177590507342,502,0,0.5416666666666666,0.09364254228591423,0.0,,,
SHORT_20_60,10,DAILY,,,WF_2021_2022,40.0,503,-0.2126743937531338,-0.1128971758255114,-0.42066776983952014,23.457177590507342,502,0,0.5,0.18728508457182846,0.0,,,
SHORT_20_60,10,EVENT_LOOSE,0.7,0.03,WF_2019_2020,20.0,505,2.3841472285131795,0.837386060679792,-0.3717135623369894,5.086694767714899,88,0,0.7916666666666666,0.020387149664254166,0.0,,,
SHORT_20_60,10,EVENT_LOOSE,0.7,0.03,WF_2019_2020,40.0,505,2.3158244439125033,0.8187806589651092,-0.3725832690618135,5.086694767714899,88,0,0.75,0.04077429932850833,0.0,,,
SHORT_20_60,10,EVENT_LOOSE,0.7,0.03,WF_2021_2022,20.0,503,-0.022875434574877396,-0.011526625227118337,-0.35028750797562713,3.4136559786299685,61,0,0.5833333333333334,0.01362753140675297,0.0,,,
SHORT_20_60,10,EVENT_LOOSE,0.7,0.03,WF_2021_2022,40.0,503,-0.036106462692428676,-0.01825508942626186,-0.35324069020421367,3.4136559786299685,61,0,0.5833333333333334,0.02725506281350594,0.0,,,
SHORT_20_60,10,EVENT_BALANCED,0.8,0.05,WF_2019_2020,20.0,505,2.354952549565582,0.8294591202586734,-0.33471262059764095,3.5450542924094286,59,0,0.75,0.014208352521164773,0.0,,,
SHORT_20_60,10,EVENT_BALANCED,0.8,0.05,WF_2019_2020,40.0,505,2.3075998463797456,0.816528066081355,-0.33543211999576283,3.5450542924094286,59,0,0.75,0.028416705042329547,0.0,,,
SHORT_20_60,10,EVENT_BALANCED,0.8,0.05,WF_2021_2022,20.0,503,0.10997111522004377,0.053660938410383,-0.30839597246523487,1.6225799262645808,26,0,0.5416666666666666,0.006477442086595907,0.0,,,
SHORT_20_60,10,EVENT_BALANCED,0.8,0.05,WF_2021_2022,40.0,503,0.10280062693375713,0.050245297637157016,-0.3093104557272245,1.6225799262645808,26,0,0.5416666666666666,0.012954884173191813,0.0,,,
SHORT_20_60,10,EVENT_STRICT,0.85,0.1,WF_2019_2020,20.0,505,2.288722716154896,0.8113472700392679,-0.3305606434183732,2.9182707529194505,46,0,0.75,0.011696243890669224,0.0,,,
SHORT_20_60,10,EVENT_STRICT,0.85,0.1,WF_2019_2020,40.0,505,2.250462919117619,0.8008010348361745,-0.33076491474990555,2.9182707529194505,46,0,0.75,0.02339248778133845,0.0,,,
SHORT_20_60,10,EVENT_STRICT,0.85,0.1,WF_2021_2022,20.0,503,0.1312641560170289,0.06373943063601817,-0.2723380554650492,0.8535232802957552,14,0,0.5833333333333334,0.0034073191268949596,0.0,,,
SHORT_20_60,10,EVENT_STRICT,0.85,0.1,WF_2021_2022,40.0,503,0.12741361721898592,0.06192393761085779,-0.27260848954948336,0.8535232802957552,14,0,0.5833333333333334,0.006814638253789919,0.0,,,
SHORT_20_60,15,MONTHLY,,,WF_2019_2020,20.0,505,2.3363771701657443,0.8243975325355353,-0.3248792951922923,3.4363222737214962,24,0,0.75,0.013772561493883773,0.0,,,
SHORT_20_60,15,MONTHLY,,,WF_2019_2020,40.0,505,2.290697062076716,0.8118898222996338,-0.32517033697342357,3.4363222737214962,24,0,0.75,0.027545122987767547,0.0,,,
SHORT_20_60,15,MONTHLY,,,WF_2021_2022,20.0,503,-0.0713819433407068,-0.03642263189997652,-0.37476239762459407,3.4377129156568045,24,0,0.625,0.013723568226788671,0.0,,,
SHORT_20_60,15,MONTHLY,,,WF_2021_2022,40.0,503,-0.08405067082326201,-0.04303110175137603,-0.3784266405543818,3.4377129156568045,24,0,0.625,0.027447136453577343,0.0,,,
SHORT_20_60,15,WEEKLY,,,WF_2019_2020,20.0,505,2.39667033174226,0.8407758310151938,-0.34805275516641143,8.335415326001366,105,0,0.7916666666666666,0.033407815393894355,0.0,,,
SHORT_20_60,15,WEEKLY,,,WF_2019_2020,40.0,505,2.2850014420088818,0.8103242163155457,-0.34928395762143816,8.335415326001366,105,0,0.7916666666666666,0.06681563078778871,0.0,,,
SHORT_20_60,15,WEEKLY,,,WF_2021_2022,20.0,503,0.0015544783803074225,0.0007784825824870278,-0.36588047619515096,8.056837804565527,104,0,0.5833333333333334,0.032163408061083025,0.0,,,
SHORT_20_60,15,WEEKLY,,,WF_2021_2022,40.0,503,-0.030165210497026473,-0.01522807998444653,-0.37410364920092054,8.056837804565527,104,0,0.5833333333333334,0.06432681612216605,0.0,,,
SHORT_20_60,15,DAILY,,,WF_2019_2020,20.0,505,2.09264601759377,0.7566273142365685,-0.34410051316282697,20.33241300409695,504,0,0.75,0.08149102037356318,0.0,,,
SHORT_20_60,15,DAILY,,,WF_2019_2020,40.0,505,1.8505288422649748,0.6866007868259794,-0.34724597715584626,20.33241300409695,504,0,0.75,0.16298204074712636,0.0,,,
SHORT_20_60,15,DAILY,,,WF_2021_2022,20.0,503,-0.06459940359622351,-0.03290309848036066,-0.3752306124605579,17.53472301201007,502,0,0.5833333333333334,0.06999972757969097,0.0,,,
SHORT_20_60,15,DAILY,,,WF_2021_2022,40.0,503,-0.12786004202266987,-0.06624265111239236,-0.39388616642909857,17.53472301201007,502,0,0.5833333333333334,0.13999945515938195,0.0,,,
SHORT_20_60,15,EVENT_LOOSE,0.7,0.03,WF_2019_2020,20.0,505,1.9865524458192807,0.7262933888601681,-0.3802957048753659,6.113026542288754,142,0,0.75,0.024500622252823973,0.0,,,
SHORT_20_60,15,EVENT_LOOSE,0.7,0.03,WF_2019_2020,40.0,505,1.914245799617046,0.7053093085109465,-0.38111905572339577,6.113026542288754,142,0,0.7083333333333334,0.049001244505647946,0.0,,,
SHORT_20_60,15,EVENT_LOOSE,0.7,0.03,WF_2021_2022,20.0,503,-0.03379377916715476,-0.017075696274481134,-0.35421837001541057,3.736571050575956,93,0,0.5833333333333334,0.014916628876505604,0.0,,,
SHORT_20_60,15,EVENT_LOOSE,0.7,0.03,WF_2021_2022,40.0,503,-0.0481041591817859,-0.02439631566681888,-0.3572470780910232,3.736571050575956,93,0,0.5833333333333334,0.029833257753011207,0.0,,,
SHORT_20_60,15,EVENT_BALANCED,0.8,0.05,WF_2019_2020,20.0,505,2.0139009380977044,0.734163741956211,-0.3473997850110738,3.896421761625529,89,0,0.7083333333333334,0.01561661102873724,0.0,,,
SHORT_20_60,15,EVENT_BALANCED,0.8,0.05,WF_2019_2020,40.0,505,1.9671833287385532,0.7206974789557228,-0.34818589359006424,3.896421761625529,89,0,0.7083333333333334,0.03123322205747448,0.0,,,
SHORT_20_60,15,EVENT_BALANCED,0.8,0.05,WF_2021_2022,20.0,503,0.08627174174550722,0.04232934585784065,-0.33732356684825526,1.4381379134205683,35,0,0.625,0.005741137860718618,0.0,,,
SHORT_20_60,15,EVENT_BALANCED,0.8,0.05,WF_2021_2022,40.0,503,0.08005040602684299,0.03933429222409468,-0.3379668301622861,1.4381379134205683,35,0,0.625,0.011482275721437236,0.0,,,
SHORT_20_60,15,EVENT_STRICT,0.85,0.1,WF_2019_2020,20.0,505,2.0070722843013944,0.7322019539275015,-0.3489210063272712,3.29717568099988,75,0,0.7083333333333334,0.013214870784959835,0.0,,,
SHORT_20_60,15,EVENT_STRICT,0.85,0.1,WF_2019_2020,40.0,505,1.967581357393085,0.720812656827853,-0.34966693333258925,3.29717568099988,75,0,0.7083333333333334,0.02642974156991967,0.0,,,
SHORT_20_60,15,EVENT_STRICT,0.85,0.1,WF_2021_2022,20.0,503,0.17813364249287167,0.08559553600160141,-0.29892807908240593,1.1524759235516837,28,0,0.6666666666666666,0.0046007570598928325,0.0,,,
SHORT_20_60,15,EVENT_STRICT,0.85,0.1,WF_2021_2022,40.0,503,0.17272310195051,0.08309493045028549,-0.29947478581695364,1.1524759235516837,28,0,0.6666666666666666,0.009201514119785665,0.0,,,
SHORT_20_60,20,MONTHLY,,,WF_2019_2020,20.0,505,2.209198576623949,0.7893566542349317,-0.3549524723995039,3.2454218182367582,24,0,0.7083333333333334,0.013007444588964785,0.0,,,
SHORT_20_60,20,MONTHLY,,,WF_2019_2020,40.0,505,2.1676883026206952,0.7777694378373496,-0.35523225915388157,3.2454218182367582,24,0,0.7083333333333334,0.02601488917792957,0.0,,,
SHORT_20_60,20,MONTHLY,,,WF_2021_2022,20.0,503,-0.006808296497235022,-0.003416729823832232,-0.32743875913500553,2.84591343202674,24,0,0.5833333333333334,0.011361067113567068,0.0,,,
SHORT_20_60,20,MONTHLY,,,WF_2021_2022,40.0,503,-0.01803715096485803,-0.0090775429472012,-0.33067303647881974,2.84591343202674,24,0,0.5833333333333334,0.022722134227134136,0.0,,,
SHORT_20_60,20,WEEKLY,,,WF_2019_2020,20.0,505,2.6453293380749807,0.9068310290749444,-0.3609397748547909,7.721196275202596,105,0,0.75,0.030946064436327865,0.0,,,
SHORT_20_60,20,WEEKLY,,,WF_2019_2020,40.0,505,2.534185223978129,0.877594449349737,-0.362122561099005,7.721196275202596,105,0,0.75,0.06189212887265573,0.0,,,
SHORT_20_60,20,WEEKLY,,,WF_2021_2022,20.0,503,-0.04058887372967457,-0.02054500042733942,-0.3524482532847921,7.293904875156686,104,0,0.5833333333333334,0.029117731366696938,0.0,,,
SHORT_20_60,20,WEEKLY,,,WF_2021_2022,40.0,503,-0.06813623967188576,-0.03473680626872799,-0.3605267431050392,7.293904875156686,104,0,0.5833333333333334,0.058235462733393875,0.0,,,
SHORT_20_60,20,DAILY,,,WF_2019_2020,20.0,505,2.1393376092327165,0.7698118254358759,-0.3744607327929649,17.243951411154622,504,0,0.7083333333333334,0.06911266240184988,0.0,,,
SHORT_20_60,20,DAILY,,,WF_2019_2020,40.0,505,1.9296313373385714,0.7097959939093048,-0.37670469874538104,17.243951411154622,504,0,0.7083333333333334,0.13822532480369976,0.0,,,
SHORT_20_60,20,DAILY,,,WF_2021_2022,20.0,503,-0.044956512514041314,-0.022781419256391655,-0.35868692126070334,16.5122995811075,502,0,0.5833333333333334,0.06591814832775453,0.0,,,
SHORT_20_60,20,DAILY,,,WF_2021_2022,40.0,503,-0.10589854779506658,-0.0545358262560901,-0.37781154651142157,16.5122995811075,502,0,0.5833333333333334,0.13183629665550906,0.0,,,
SHORT_20_60,20,EVENT_LOOSE,0.7,0.03,WF_2019_2020,20.0,505,2.129557036072221,0.7670582190196649,-0.36862070506611777,6.787049507354339,198,0,0.75,0.027202063501697946,0.0,,,
SHORT_20_60,20,EVENT_LOOSE,0.7,0.03,WF_2019_2020,40.0,505,2.045551204075223,0.7432275289909778,-0.36975271950176136,6.787049507354339,198,0,0.75,0.05440412700339589,0.0,,,
SHORT_20_60,20,EVENT_LOOSE,0.7,0.03,WF_2021_2022,20.0,503,0.05487190511694928,0.027124111302848863,-0.3207537796983073,4.025290983175937,137,0,0.625,0.016069217178869014,0.0,,,
SHORT_20_60,20,EVENT_LOOSE,0.7,0.03,WF_2021_2022,40.0,503,0.038051984119696236,0.018886185228573993,-0.3232889437268114,4.025290983175937,137,0,0.625,0.03213843435773803,0.0,,,
SHORT_20_60,20,EVENT_BALANCED,0.8,0.05,WF_2019_2020,20.0,505,2.0699586265753105,0.750184977733733,-0.35857683867772594,4.238050576220248,129,0,0.7083333333333334,0.01698583762691449,0.0,,,
SHORT_20_60,20,EVENT_BALANCED,0.8,0.05,WF_2019_2020,40.0,505,2.018238746725341,0.7354087844877149,-0.359200492690539,4.238050576220248,129,0,0.7083333333333334,0.03397167525382898,0.0,,,
SHORT_20_60,20,EVENT_BALANCED,0.8,0.05,WF_2021_2022,20.0,503,0.05887655363520694,0.029075794758780527,-0.32371291188266904,1.7527400665060848,58,0,0.625,0.006997049630575879,0.0,,,
SHORT_20_60,20,EVENT_BALANCED,0.8,0.05,WF_2021_2022,40.0,503,0.051490777212711336,0.02547342295362398,-0.3246802259438707,1.7527400665060848,58,0,0.625,0.013994099261151758,0.0,,,
SHORT_20_60,20,EVENT_STRICT,0.85,0.1,WF_2019_2020,20.0,505,2.062999279678871,0.7482040168418309,-0.37519674913873435,3.900596037325002,116,0,0.75,0.01563334126070735,0.0,,,
SHORT_20_60,20,EVENT_STRICT,0.85,0.1,WF_2019_2020,40.0,505,2.0154727366659255,0.7346149849330441,-0.37584669505178847,3.900596037325002,116,0,0.7083333333333334,0.0312666825214147,0.0,,,
SHORT_20_60,20,EVENT_STRICT,0.85,0.1,WF_2021_2022,20.0,503,0.051797847044601664,0.025623445664196387,-0.3227588189329895,1.4936928862480416,50,0,0.6666666666666666,0.0059629168395457545,0.0,,,
SHORT_20_60,20,EVENT_STRICT,0.85,0.1,WF_2021_2022,40.0,503,0.04554230894218203,0.02256290052828036,-0.32353869000523905,1.4936928862480416,50,0,0.6666666666666666,0.011925833679091509,0.0,,,
MEDIUM_60_120,5,MONTHLY,,,WF_2019_2020,20.0,505,2.445258224164669,0.8538687608163111,-0.3268333779050726,5.543925817226681,24,0,0.625,0.02221970268015455,0.0,,,
MEDIUM_60_120,5,MONTHLY,,,WF_2019_2020,40.0,505,2.369427969062866,0.833393787615698,-0.32766090649121116,5.543925817226681,24,0,0.625,0.0444394053603091,0.0,,,
MEDIUM_60_120,5,MONTHLY,,,WF_2021_2022,20.0,503,-0.331854094309032,-0.1829256605046896,-0.5500539732486927,3.1492083092006538,24,0,0.4583333333333333,0.012571839520062926,0.0,,,
MEDIUM_60_120,5,MONTHLY,,,WF_2021_2022,40.0,503,-0.3402095345353293,-0.1880608161178079,-0.5534051022052295,3.1492083092006538,24,0,0.4583333333333333,0.025143679040125853,0.0,,,
MEDIUM_60_120,5,WEEKLY,,,WF_2019_2020,20.0,505,2.102915192019805,0.7595355748779218,-0.32545755050110226,12.743357971470918,105,0,0.6666666666666666,0.05107456964756201,0.0,,,
MEDIUM_60_120,5,WEEKLY,,,WF_2019_2020,40.0,505,1.9482614220608743,0.7152130726949442,-0.3274267792252682,12.743357971470918,105,0,0.625,0.10214913929512402,0.0,,,
MEDIUM_60_120,5,WEEKLY,,,WF_2021_2022,20.0,503,-0.1976615688635902,-0.10446260484922931,-0.4895762642636686,7.477504270593927,104,0,0.4583333333333333,0.029850671810386874,0.0,,,
MEDIUM_60_120,5,WEEKLY,,,WF_2021_2022,40.0,503,-0.2212764939484161,-0.11776623893991123,-0.49895458227312506,7.477504270593927,104,0,0.4583333333333333,0.05970134362077375,0.0,,,
MEDIUM_60_120,5,DAILY,,,WF_2019_2020,20.0,505,1.8986051183393653,0.7007360383577954,-0.40471571286989494,33.836968186906674,504,0,0.5833333333333334,0.13561642011418945,0.0,,,
MEDIUM_60_120,5,DAILY,,,WF_2019_2020,40.0,505,1.5307254083731698,0.5893635916815976,-0.4080687690892504,33.836968186906674,504,0,0.5833333333333334,0.2712328402283789,0.0,,,
MEDIUM_60_120,5,DAILY,,,WF_2021_2022,20.0,503,-0.331266400871999,-0.1825656805003858,-0.5431696800313748,16.9922426600618,502,0,0.4583333333333333,0.06783411157151657,0.0,,,
MEDIUM_60_120,5,DAILY,,,WF_2021_2022,40.0,503,-0.3751508114443347,-0.20989538532706675,-0.5617850306374496,16.9922426600618,502,0,0.4583333333333333,0.13566822314303315,0.0,,,
MEDIUM_60_120,5,EVENT_LOOSE,0.7,0.03,WF_2019_2020,20.0,505,3.0260240422473768,1.0037304337294777,-0.3182168646343907,5.309382738301389,46,0,0.7083333333333334,0.02127966891144605,0.0,,,
MEDIUM_60_120,5,EVENT_LOOSE,0.7,0.03,WF_2019_2020,40.0,505,2.9411856921478767,0.982548037447639,-0.3192690709363727,5.309382738301389,46,0,0.7083333333333334,0.0425593378228921,0.0,,,
MEDIUM_60_120,5,EVENT_LOOSE,0.7,0.03,WF_2021_2022,20.0,503,-0.4256885256061018,-0.24258425196257682,-0.5800011979651973,0.955701297883857,9,0,0.4166666666666667,0.0038152202605998414,0.0,,,
MEDIUM_60_120,5,EVENT_LOOSE,0.7,0.03,WF_2021_2022,40.0,503,-0.4278772083031278,-0.24403174251182969,-0.5808451010611472,0.955701297883857,9,0,0.4166666666666667,0.007630440521199683,0.0,,,
MEDIUM_60_120,5,EVENT_BALANCED,0.8,0.05,WF_2019_2020,20.0,505,2.3916043323397935,0.8394053148977572,-0.2923090489952461,3.9019111435534293,35,0,0.7083333333333334,0.01563861212297208,0.0,,,
MEDIUM_60_120,5,EVENT_BALANCED,0.8,0.05,WF_2019_2020,40.0,505,2.3389370116814954,0.8250958986070571,-0.2928305564277063,3.9019111435534293,35,0,0.7083333333333334,0.03127722424594416,0.0,,,
MEDIUM_60_120,5,EVENT_BALANCED,0.8,0.05,WF_2021_2022,20.0,503,-0.3718221072287844,-0.20778946927678021,-0.5562548604249418,0.7339204906149714,6,0,0.4166666666666667,0.002929857196661355,0.0,,,
MEDIUM_60_120,5,EVENT_BALANCED,0.8,0.05,WF_2021_2022,40.0,503,-0.37366155688809666,-0.20895251307758367,-0.5567466855673966,0.7339204906149714,6,0,0.4166666666666667,0.00585971439332271,0.0,,,
MEDIUM_60_120,5,EVENT_STRICT,0.85,0.1,WF_2019_2020,20.0,505,3.0335403396192433,1.005596268099048,-0.29715565333345084,2.980262867107929,26,0,0.7916666666666666,0.011944704348329399,0.0,,,
MEDIUM_60_120,5,EVENT_STRICT,0.85,0.1,WF_2019_2020,40.0,505,2.985609389361518,0.9936679048510935,-0.2976697811210386,2.980262867107929,26,0,0.7916666666666666,0.023889408696658797,0.0,,,
MEDIUM_60_120,5,EVENT_STRICT,0.85,0.1,WF_2021_2022,20.0,503,-0.37484676465123323,-0.20970279713573814,-0.5581735494345996,0.7347646374652231,6,0,0.4166666666666667,0.0029332270844841845,0.0,,,
MEDIUM_60_120,5,EVENT_STRICT,0.85,0.1,WF_2021_2022,40.0,503,-0.37667946111395434,-0.21086436628786398,-0.5586647374970636,0.7347646374652231,6,0,0.4166666666666667,0.005866454168968369,0.0,,,
MEDIUM_60_120,10,MONTHLY,,,WF_2019_2020,20.0,505,2.0672848331790754,0.7494241554588119,-0.33398727401254713,4.502728527261145,24,0,0.7083333333333334,0.01804665004973713,0.0,,,
MEDIUM_60_120,10,MONTHLY,,,WF_2019_2020,40.0,505,2.0123595231291627,0.7337211072004928,-0.3345545759181874,4.502728527261145,24,0,0.7083333333333334,0.03609330009947426,0.0,,,
MEDIUM_60_120,10,MONTHLY,,,WF_2021_2022,20.0,503,-0.0684050373900208,-0.03487630900193783,-0.42244034523329466,3.402932377365256,24,0,0.5833333333333334,0.013584722109640663,0.0,,,
MEDIUM_60_120,10,MONTHLY,,,WF_2021_2022,40.0,503,-0.08098729473230981,-0.0414289734157155,-0.4259520610719847,3.402932377365256,24,0,0.5833333333333334,0.027169444219281327,0.0,,,
MEDIUM_60_120,10,WEEKLY,,,WF_2019_2020,20.0,505,2.794928260812177,0.945486924709064,-0.33224002238600714,10.905932215182359,105,0,0.7083333333333334,0.043710283878310247,0.0,,,
MEDIUM_60_120,10,WEEKLY,,,WF_2019_2020,40.0,505,2.6325008555978697,0.9034794980964593,-0.3339241893185054,10.905932215182359,105,0,0.7083333333333334,0.08742056775662049,0.0,,,
MEDIUM_60_120,10,WEEKLY,,,WF_2021_2022,20.0,503,-0.2007281778292086,-0.10617905752934997,-0.4692937216433969,8.190661395415288,104,0,0.4583333333333333,0.03269764033249119,0.0,,,
MEDIUM_60_120,10,WEEKLY,,,WF_2021_2022,40.0,503,-0.22645631921507292,-0.1207111394046948,-0.4772244060166171,8.190661395415288,104,0,0.4583333333333333,0.06539528066498237,0.0,,,
MEDIUM_60_120,10,DAILY,,,WF_2019_2020,20.0,505,1.889096457191675,0.6979497009445979,-0.3560486324333674,29.30538813253583,504,0,0.7083333333333334,0.11745413497563964,0.0,,,
MEDIUM_60_120,10,DAILY,,,WF_2019_2020,40.0,505,1.5687726886529019,0.6012427212264115,-0.3600634952573014,29.30538813253583,504,0,0.7083333333333334,0.23490826995127928,0.0,,,
MEDIUM_60_120,10,DAILY,,,WF_2021_2022,20.0,503,-0.28175102084336445,-0.15278304034711965,-0.5033556874832446,20.128586127252376,502,0,0.5,0.0803545938254599,0.0,,,
MEDIUM_60_120,10,DAILY,,,WF_2021_2022,40.0,503,-0.3372295601163722,-0.18622565592205687,-0.522426650228486,20.128586127252376,502,0,0.4166666666666667,0.1607091876509198,0.0,,,
MEDIUM_60_120,10,EVENT_LOOSE,0.7,0.03,WF_2019_2020,20.0,505,1.8910569406305249,0.6985245599202936,-0.3593221147987319,6.464510636428946,105,0,0.7083333333333334,0.02590934818568744,0.0,,,
MEDIUM_60_120,10,EVENT_LOOSE,0.7,0.03,WF_2019_2020,40.0,505,1.817081103183129,0.676696004057187,-0.36052506677377616,6.464510636428946,105,0,0.7083333333333334,0.05181869637137488,0.0,,,
MEDIUM_60_120,10,EVENT_LOOSE,0.7,0.03,WF_2021_2022,20.0,503,-0.21609790159959585,-0.11483179464518944,-0.44767361128238115,2.1994167544977095,36,0,0.5,0.008780211329463081,0.0,,,
MEDIUM_60_120,10,EVENT_LOOSE,0.7,0.03,WF_2021_2022,40.0,503,-0.2229539944747967,-0.1187188798312302,-0.4496927786382312,2.1994167544977095,36,0,0.5,0.017560422658926163,0.0,,,
MEDIUM_60_120,10,EVENT_BALANCED,0.8,0.05,WF_2019_2020,20.0,505,2.1982096706895553,0.7862965449788313,-0.3610297092759207,4.022454313649359,68,0,0.7083333333333334,0.016121741495181953,0.0,,,
MEDIUM_60_120,10,EVENT_BALANCED,0.8,0.05,WF_2019_2020,40.0,505,2.1470403334946413,0.7719774137729973,-0.3618330270601785,4.022454313649359,68,0,0.7083333333333334,0.032243482990363906,0.0,,,
MEDIUM_60_120,10,EVENT_BALANCED,0.8,0.05,WF_2021_2022,20.0,503,-0.19658956068660605,-0.10386334927916996,-0.44831162747894515,1.4081321470688708,20,0,0.5,0.005621352936314619,0.0,,,
MEDIUM_60_120,10,EVENT_BALANCED,0.8,0.05,WF_2021_2022,40.0,503,-0.20109583326531322,-0.10638506331753372,-0.44965145192351375,1.4081321470688708,20,0,0.5,0.011242705872629238,0.0,,,
MEDIUM_60_120,10,EVENT_STRICT,0.85,0.1,WF_2019_2020,20.0,505,2.2607449264747683,0.8036413325950258,-0.3527048457132713,3.692478406167087,60,0,0.7083333333333334,0.014799219008844278,0.0,,,
MEDIUM_60_120,10,EVENT_STRICT,0.85,0.1,WF_2019_2020,40.0,505,2.212822109414232,0.7903645576065936,-0.3536145375989742,3.692478406167087,60,0,0.7083333333333334,0.029598438017688557,0.0,,,
MEDIUM_60_120,10,EVENT_STRICT,0.85,0.1,WF_2021_2022,20.0,503,-0.17899065373090806,-0.09408195701521449,-0.4443186517505455,0.8530204882584267,13,0,0.5,0.00340531194915864,0.0,,,
MEDIUM_60_120,10,EVENT_STRICT,0.85,0.1,WF_2021_2022,40.0,503,-0.18178355355300602,-0.09562720364004917,-0.4450569790838873,0.8530204882584267,13,0,0.5,0.00681062389831728,0.0,,,
MEDIUM_60_120,15,MONTHLY,,,WF_2019_2020,20.0,505,1.6623316024860086,0.6300841403977218,-0.3685360906191304,4.30939301593943,24,0,0.75,0.017271773595630258,0.0,,,
MEDIUM_60_120,15,MONTHLY,,,WF_2019_2020,40.0,505,1.6166925548013706,0.6160795430177359,-0.3689786185246795,4.30939301593943,24,0,0.75,0.034543547191260515,0.0,,,
MEDIUM_60_120,15,MONTHLY,,,WF_2021_2022,20.0,503,-0.08063251925562476,-0.041243600147787385,-0.4378733115587774,3.288403067741933,24,0,0.5,0.013127513833922161,0.0,,,
MEDIUM_60_120,15,MONTHLY,,,WF_2021_2022,40.0,503,-0.09263351052093349,-0.047534173597020946,-0.44108905674665233,3.288403067741933,24,0,0.5,0.026255027667844322,0.0,,,
MEDIUM_60_120,15,WEEKLY,,,WF_2019_2020,20.0,505,1.886460900555695,0.6971765868861557,-0.39474517595115954,10.115737746338036,105,0,0.75,0.04054323461825958,0.0,,,
MEDIUM_60_120,15,WEEKLY,,,WF_2019_2020,40.0,505,1.7716947934624487,0.663161186468058,-0.39645038094780993,10.115737746338036,105,0,0.75,0.08108646923651916,0.0,,,
MEDIUM_60_120,15,WEEKLY,,,WF_2021_2022,20.0,503,-0.11309122747320188,-0.058354001757315754,-0.4334691448793031,7.752066737842053,104,0,0.5833333333333334,0.030946742612178994,0.0,,,
MEDIUM_60_120,15,WEEKLY,,,WF_2021_2022,40.0,503,-0.14013333644395787,-0.07284919832670977,-0.44139969887694896,7.752066737842053,104,0,0.5833333333333334,0.06189348522435799,0.0,,,
MEDIUM_60_120,15,DAILY,,,WF_2019_2020,20.0,505,1.8026743601578588,0.6724116300698386,-0.39141998473715955,26.586153292959597,504,0,0.75,0.10655561438844918,0.0,,,
MEDIUM_60_120,15,DAILY,,,WF_2019_2020,40.0,505,1.5192687653928987,0.585769094863348,-0.395096369943267,26.586153292959597,504,0,0.75,0.21311122877689836,0.0,,,
MEDIUM_60_120,15,DAILY,,,WF_2021_2022,20.0,503,-0.13017752039969732,-0.06748654780677521,-0.4385425998672158,19.656475665289488,502,0,0.5833333333333334,0.0784698988860366,0.0,,,
MEDIUM_60_120,15,DAILY,,,WF_2021_2022,40.0,503,-0.19584600571891742,-0.10344793429825383,-0.45891012289500954,19.656475665289488,502,0,0.5833333333333334,0.1569397977720732,0.0,,,
MEDIUM_60_120,15,EVENT_LOOSE,0.7,0.03,WF_2019_2020,20.0,505,2.044546747027301,0.7429406065035067,-0.3733184391700489,8.057036756637116,188,0,0.7916666666666666,0.03229209176271224,0.0,,,
MEDIUM_60_120,15,EVENT_LOOSE,0.7,0.03,WF_2019_2020,40.0,505,1.9477709635247038,0.7150706819876633,-0.37446323743039744,8.057036756637116,188,0,0.75,0.06458418352542449,0.0,,,
MEDIUM_60_120,15,EVENT_LOOSE,0.7,0.03,WF_2021_2022,20.0,503,-0.15523980454334463,-0.08104574834492329,-0.4299770800366649,3.4811151537309017,78,0,0.6666666666666666,0.013896832716878126,0.0,,,
MEDIUM_60_120,15,EVENT_LOOSE,0.7,0.03,WF_2021_2022,40.0,503,-0.16690224059513192,-0.08742377058554929,-0.4330627659223615,3.4811151537309017,78,0,0.625,0.027793665433756252,0.0,,,
MEDIUM_60_120,15,EVENT_BALANCED,0.8,0.05,WF_2019_2020,20.0,505,1.6523485442310144,0.6270311239290034,-0.40023220111854696,5.133536465911197,120,0,0.75,0.020574888216548848,0.0,,,
MEDIUM_60_120,15,EVENT_BALANCED,0.8,0.05,WF_2019_2020,40.0,505,1.5983160490153416,0.6104060809782719,-0.4013224756785706,5.133536465911197,120,0,0.75,0.041149776433097696,0.0,,,
MEDIUM_60_120,15,EVENT_BALANCED,0.8,0.05,WF_2021_2022,20.0,503,-0.10871747195062664,-0.056030396249015846,-0.4323083340274474,1.877655126743292,41,0,0.625,0.007495718482157746,0.0,,,
MEDIUM_60_120,15,EVENT_BALANCED,0.8,0.05,WF_2021_2022,40.0,503,-0.11537611471017073,-0.05957014706176711,-0.4336468705349381,1.877655126743292,41,0,0.625,0.014991436964315492,0.0,,,
MEDIUM_60_120,15,EVENT_STRICT,0.85,0.1,WF_2019_2020,20.0,505,1.9861524047008547,0.726177997622955,-0.3544752047786712,4.678407635063276,105,0,0.7083333333333334,0.018750760759579006,0.0,,,
MEDIUM_60_120,15,EVENT_STRICT,0.85,0.1,WF_2019_2020,40.0,505,1.9306619153574078,0.7100961057262722,-0.35550983536624214,4.678407635063276,105,0,0.7083333333333334,0.03750152151915801,0.0,,,
MEDIUM_60_120,15,EVENT_STRICT,0.85,0.1,WF_2021_2022,20.0,503,-0.07619142296064851,-0.03892610199871249,-0.43008921421231794,1.7209071395029192,37,0,0.625,0.006869970564841018,0.0,,,
MEDIUM_60_120,15,EVENT_STRICT,0.85,0.1,WF_2021_2022,40.0,503,-0.08251903177076836,-0.04222972953709059,-0.4313424696389506,1.7209071395029192,37,0,0.625,0.013739941129682036,0.0,,,
MEDIUM_60_120,20,MONTHLY,,,WF_2019_2020,20.0,505,1.8464939536873506,0.6854090464904523,-0.36628480234230687,3.865685786125429,24,0,0.75,0.015493423190423345,0.0,,,
MEDIUM_60_120,20,MONTHLY,,,WF_2019_2020,40.0,505,1.8026863472448769,0.6724151994507268,-0.3666241826780262,3.865685786125429,24,0,0.75,0.03098684638084669,0.0,,,
MEDIUM_60_120,20,MONTHLY,,,WF_2021_2022,20.0,503,-0.07024447187691085,-0.03583149255584939,-0.439810655368423,3.020304002548807,24,0,0.5416666666666666,0.012057245343508334,0.0,,,
MEDIUM_60_120,20,MONTHLY,,,WF_2021_2022,40.0,503,-0.08139682070910559,-0.04164299870219634,-0.4428052174755439,3.020304002548807,24,0,0.5416666666666666,0.024114490687016668,0.0,,,
MEDIUM_60_120,20,WEEKLY,,,WF_2019_2020,20.0,505,1.7507487116767693,0.6568773429197918,-0.40045756455799564,9.43071035899891,105,0,0.75,0.03779768834360674,0.0,,,
MEDIUM_60_120,20,WEEKLY,,,WF_2019_2020,40.0,505,1.6486499859090196,0.6258985705499052,-0.40200115933218317,9.43071035899891,105,0,0.75,0.07559537668721349,0.0,,,
MEDIUM_60_120,20,WEEKLY,,,WF_2021_2022,20.0,503,-0.06100101549066028,-0.03104102563608102,-0.4108759315119018,7.606500954644729,104,0,0.5416666666666666,0.030365634763383324,0.0,,,
MEDIUM_60_120,20,WEEKLY,,,WF_2021_2022,40.0,503,-0.08910074259369682,-0.045678109105617426,-0.41916740927155427,7.606500954644729,104,0,0.5416666666666666,0.06073126952676665,0.0,,,
MEDIUM_60_120,20,DAILY,,,WF_2019_2020,20.0,505,1.7330212711763737,0.651540340021965,-0.4073265524148778,24.90434729371169,504,0,0.75,0.09981504272479685,0.0,,,
MEDIUM_60_120,20,DAILY,,,WF_2019_2020,40.0,505,1.4732947874467777,0.571261824717231,-0.41074381847807373,24.90434729371169,504,0,0.75,0.1996300854495937,0.0,,,
MEDIUM_60_120,20,DAILY,,,WF_2021_2022,20.0,503,-0.11240190236749048,-0.0579874112855413,-0.4265379008318594,18.535111761989715,502,0,0.5416666666666666,0.07399334298635576,0.0,,,
MEDIUM_60_120,20,DAILY,,,WF_2021_2022,40.0,503,-0.17572615776542777,-0.09227910828134256,-0.4464921468358244,18.535111761989715,502,0,0.5416666666666666,0.14798668597271153,0.0,,,
MEDIUM_60_120,20,EVENT_LOOSE,0.7,0.03,WF_2019_2020,20.0,505,1.9468856117045914,0.7148136151758089,-0.38647045074222,8.953318085160449,257,0,0.75,0.03588433042068275,0.0,,,
MEDIUM_60_120,20,EVENT_LOOSE,0.7,0.03,WF_2019_2020,40.0,505,1.842986300414443,0.6843723419654137,-0.3880826582094641,8.953318085160449,257,0,0.75,0.0717686608413655,0.0,,,
MEDIUM_60_120,20,EVENT_LOOSE,0.7,0.03,WF_2021_2022,20.0,503,-0.031271929244662044,-0.015791239497513487,-0.4044139255199497,4.402190922998021,129,0,0.625,0.01757382566879369,0.0,,,
MEDIUM_60_120,20,EVENT_LOOSE,0.7,0.03,WF_2021_2022,40.0,503,-0.0481522667684533,-0.024421017865220107,-0.40932076953340957,4.402190922998021,129,0,0.5833333333333334,0.03514765133758738,0.0,,,
MEDIUM_60_120,20,EVENT_BALANCED,0.8,0.05,WF_2019_2020,20.0,505,1.8152423962003286,0.6761498090944027,-0.37479702053033825,6.25048123950999,178,0,0.75,0.025051531952004324,0.0,,,
MEDIUM_60_120,20,EVENT_BALANCED,0.8,0.05,WF_2019_2020,40.0,505,1.7455728542145272,0.6553208908381287,-0.37599259162801746,6.25048123950999,178,0,0.75,0.05010306390400865,0.0,,,
MEDIUM_60_120,20,EVENT_BALANCED,0.8,0.05,WF_2021_2022,20.0,503,-0.10638260393905086,-0.054792301377899366,-0.4136478321739544,2.285720663711129,68,0,0.5833333333333334,0.009124742014656333,0.0,,,
MEDIUM_60_120,20,EVENT_BALANCED,0.8,0.05,WF_2021_2022,40.0,503,-0.1145022872353273,-0.05910486211601218,-0.41584768428342034,2.285720663711129,68,0,0.5833333333333334,0.018249484029312667,0.0,,,
MEDIUM_60_120,20,EVENT_STRICT,0.85,0.1,WF_2019_2020,20.0,505,1.7383823470823625,0.653156164009397,-0.3757254863192554,5.70687037795862,155,0,0.75,0.022872774133881772,0.0,,,
MEDIUM_60_120,20,EVENT_STRICT,0.85,0.1,WF_2019_2020,40.0,505,1.6764406260047005,0.6343891944855382,-0.3768744533357913,5.70687037795862,155,0,0.75,0.045745548267763544,0.0,,,
MEDIUM_60_120,20,EVENT_STRICT,0.85,0.1,WF_2021_2022,20.0,503,-0.09482544973552609,-0.04868759957239499,-0.4239666582975252,2.162461586545866,60,0,0.625,0.008632683952639452,0.0,,,
MEDIUM_60_120,20,EVENT_STRICT,0.85,0.1,WF_2021_2022,40.0,503,-0.10260872287733991,-0.05279455886464479,-0.42570433238939387,2.162461586545866,60,0,0.625,0.017265367905278904,0.0,,,
LONG_120_252,5,MONTHLY,,,WF_2019_2020,20.0,505,2.556169838964621,0.8834136771720185,-0.35428860245204585,4.3595017252333506,24,0,0.75,0.01747260612097494,0.0,,,
LONG_120_252,5,MONTHLY,,,WF_2019_2020,40.0,505,2.4944900947245916,0.867041206385907,-0.35460027874918143,4.3595017252333506,24,0,0.75,0.03494521224194988,0.0,,,
LONG_120_252,5,MONTHLY,,,WF_2021_2022,20.0,503,-0.37469773796542016,-0.2096084182746336,-0.5950169811030805,3.2734744882525697,24,0,0.4166666666666667,0.013067917996754306,0.0,,,
LONG_120_252,5,MONTHLY,,,WF_2021_2022,40.0,503,-0.3828244881187869,-0.2147715945848676,-0.5979703098424471,3.2734744882525697,24,0,0.4166666666666667,0.026135835993508612,0.0,,,
LONG_120_252,5,WEEKLY,,,WF_2019_2020,20.0,505,2.7298900943329896,0.9287768366940152,-0.3502077459696299,10.358088102292122,105,0,0.75,0.04151455945759937,0.0,,,
LONG_120_252,5,WEEKLY,,,WF_2019_2020,40.0,505,2.5780780995147476,0.8891947923520107,-0.35052277157246914,10.358088102292122,105,0,0.75,0.08302911891519874,0.0,,,
LONG_120_252,5,WEEKLY,,,WF_2021_2022,20.0,503,-0.314823764549261,-0.17255730272958358,-0.5711160274341298,8.032118332312086,104,0,0.4166666666666667,0.03206472635835697,0.0,,,
LONG_120_252,5,WEEKLY,,,WF_2021_2022,40.0,503,-0.3364624952059325,-0.18575394038528137,-0.5781931737089865,8.032118332312086,104,0,0.375,0.06412945271671394,0.0,,,
LONG_120_252,5,DAILY,,,WF_2019_2020,20.0,505,2.576884340220957,0.8888802427411748,-0.3467767184585073,30.615850882284693,504,0,0.75,0.12270638647264898,0.0,,,
LONG_120_252,5,DAILY,,,WF_2019_2020,40.0,505,2.16354480925173,0.7766086544699651,-0.3498602829822751,30.615850882284693,504,0,0.7083333333333334,0.24541277294529795,0.0,,,
LONG_120_252,5,DAILY,,,WF_2021_2022,20.0,503,-0.3576466060403195,-0.19888302889778386,-0.5539692337968798,19.945082497403845,502,0,0.4583333333333333,0.07962203568408044,0.0,,,
LONG_120_252,5,DAILY,,,WF_2021_2022,40.0,503,-0.406840599045976,-0.2302313262322847,-0.5731541146166639,19.945082497403845,502,0,0.4583333333333333,0.15924407136816088,0.0,,,
LONG_120_252,5,EVENT_LOOSE,0.7,0.03,WF_2019_2020,20.0,505,2.3171598075763336,0.819146130629032,-0.3519852869742539,3.3902413058234413,29,0,0.7083333333333334,0.013587871900324108,0.0,,,
LONG_120_252,5,EVENT_LOOSE,0.7,0.03,WF_2019_2020,40.0,505,2.2723561663740903,0.8068434278120078,-0.35220315823709913,3.3902413058234413,29,0,0.7083333333333334,0.027175743800648217,0.0,,,
LONG_120_252,5,EVENT_LOOSE,0.7,0.03,WF_2021_2022,20.0,503,-0.4476711818318875,-0.25725012562996696,-0.6308411833151291,0.3365413059774948,2,0,0.4166666666666667,0.0013434942611641261,0.0,,,
LONG_120_252,5,EVENT_LOOSE,0.7,0.03,WF_2021_2022,40.0,503,-0.44841366052485976,-0.2577505139569265,-0.6308411833151287,0.3365413059774948,2,0,0.4166666666666667,0.0026869885223282522,0.0,,,
LONG_120_252,5,EVENT_BALANCED,0.8,0.05,WF_2019_2020,20.0,505,2.8385663402630747,0.9566184309086907,-0.3532668101736519,2.614243893725784,25,0,0.7916666666666666,0.010477723542313655,0.0,,,
LONG_120_252,5,EVENT_BALANCED,0.8,0.05,WF_2019_2020,40.0,505,2.798527183826058,0.9464073813428464,-0.35350972741117404,2.614243893725784,25,0,0.7916666666666666,0.02095544708462731,0.0,,,
LONG_120_252,5,EVENT_BALANCED,0.8,0.05,WF_2021_2022,20.0,503,-0.3131707784195623,-0.17155781785966928,-0.542262162576093,0.2504970178926441,1,0,0.4166666666666667,0.001,0.0,,,
LONG_120_252,5,EVENT_BALANCED,0.8,0.05,WF_2021_2022,40.0,503,-0.31385829515788144,-0.17197338172618248,-0.5422621625760928,0.2504970178926441,1,0,0.4166666666666667,0.002,0.0,,,
LONG_120_252,5,EVENT_STRICT,0.85,0.1,WF_2019_2020,20.0,505,3.0788200325040282,1.0167997654300165,-0.3218724928503187,1.7651997834318436,14,0,0.7916666666666666,0.007074808655818103,0.0,,,
LONG_120_252,5,EVENT_STRICT,0.85,0.1,WF_2019_2020,40.0,505,3.050040896236716,1.0096862417508583,-0.3218724928503188,1.7651997834318436,14,0,0.75,0.014149617311636206,0.0,,,
LONG_120_252,5,EVENT_STRICT,0.85,0.1,WF_2021_2022,20.0,503,-0.3131707784195623,-0.17155781785966928,-0.542262162576093,0.2504970178926441,1,0,0.4166666666666667,0.001,0.0,,,
LONG_120_252,5,EVENT_STRICT,0.85,0.1,WF_2021_2022,40.0,503,-0.31385829515788144,-0.17197338172618248,-0.5422621625760928,0.2504970178926441,1,0,0.4166666666666667,0.002,0.0,,,
LONG_120_252,10,MONTHLY,,,WF_2019_2020,20.0,505,2.042917434109764,0.7424750934801481,-0.38269213636704436,4.2840506283577025,24,0,0.7083333333333334,0.017170202915243175,0.0,,,
LONG_120_252,10,MONTHLY,,,WF_2019_2020,40.0,505,1.9910559606416927,0.7275918868086244,-0.38308612419441324,4.2840506283577025,24,0,0.7083333333333334,0.03434040583048635,0.0,,,
LONG_120_252,10,MONTHLY,,,WF_2021_2022,20.0,503,-0.2591216056907324,-0.13951364343396055,-0.5261263478024438,2.7986391656531877,24,0,0.5416666666666666,0.011172345240663125,0.0,,,
LONG_120_252,10,MONTHLY,,,WF_2021_2022,40.0,503,-0.2673594975135044,-0.1443204383439477,-0.5284813438995282,2.7986391656531877,24,0,0.5416666666666666,0.02234469048132625,0.0,,,
LONG_120_252,10,WEEKLY,,,WF_2019_2020,20.0,505,2.0965879485179313,0.7577442520467093,-0.4013765220862683,11.028881899030377,105,0,0.7083333333333334,0.04420305840484397,0.0,,,
LONG_120_252,10,WEEKLY,,,WF_2019_2020,40.0,505,1.9625801331335606,0.719364885720456,-0.40227948123396673,11.028881899030377,105,0,0.7083333333333334,0.08840611680968793,0.0,,,
LONG_120_252,10,WEEKLY,,,WF_2021_2022,20.0,503,-0.21328585902530117,-0.1132424054985317,-0.5112851044152078,6.992320107631319,104,0,0.5,0.027913785826496458,0.0,,,
LONG_120_252,10,WEEKLY,,,WF_2021_2022,40.0,503,-0.23495405379564693,-0.1255637756689436,-0.5174165930119107,6.992320107631319,104,0,0.5,0.055827571652992916,0.0,,,
LONG_120_252,10,DAILY,,,WF_2019_2020,20.0,505,2.2202259739164583,0.7924222096357363,-0.3905187118338985,30.361199816740843,504,0,0.75,0.12168576117027086,0.0,,,
LONG_120_252,10,DAILY,,,WF_2019_2020,40.0,505,1.851083128619043,0.6867644342057537,-0.3938432138395318,30.361199816740843,504,0,0.75,0.2433715223405417,0.0,,,
LONG_120_252,10,DAILY,,,WF_2021_2022,20.0,503,-0.29136213944275013,-0.15848184033061974,-0.5373270184403147,18.233102485162938,502,0,0.5,0.07278770277807109,0.0,,,
LONG_120_252,10,DAILY,,,WF_2021_2022,40.0,503,-0.341128241515538,-0.1886274179778612,-0.551689813138537,18.233102485162938,502,0,0.5,0.14557540555614218,0.0,,,
LONG_120_252,10,EVENT_LOOSE,0.7,0.03,WF_2019_2020,20.0,505,2.162222568415564,0.7762380736071266,-0.35048751647300636,6.213176839962536,101,0,0.75,0.024902018287151433,0.0,,,
LONG_120_252,10,EVENT_LOOSE,0.7,0.03,WF_2019_2020,40.0,505,2.0844156534496068,0.754292956368958,-0.3507364699395855,6.213176839962536,101,0,0.75,0.049804036574302865,0.0,,,
LONG_120_252,10,EVENT_LOOSE,0.7,0.03,WF_2021_2022,20.0,503,-0.2305305505158347,-0.12303439404211403,-0.47655299443492405,1.5827574251261947,22,0,0.5,0.006318468133638698,0.0,,,
LONG_120_252,10,EVENT_LOOSE,0.7,0.03,WF_2021_2022,40.0,503,-0.23537983752627267,-0.1258076255563524,-0.4780508480345592,1.5827574251261947,22,0,0.5,0.012636936267277396,0.0,,,
LONG_120_252,10,EVENT_BALANCED,0.8,0.05,WF_2019_2020,20.0,505,1.9493667422781735,0.7155339275276107,-0.36733894958025637,3.2539050232514586,52,0,0.75,0.01304144473604751,0.0,,,
LONG_120_252,10,EVENT_BALANCED,0.8,0.05,WF_2019_2020,40.0,505,1.9111341449549695,0.7044004553067584,-0.3674257433339597,3.2539050232514586,52,0,0.75,0.02608288947209502,0.0,,,
LONG_120_252,10,EVENT_BALANCED,0.8,0.05,WF_2021_2022,20.0,503,-0.23145603587441732,-0.12356298980129776,-0.46446792472989096,0.768409046443745,9,0,0.5,0.0030675377012793948,0.0,,,
LONG_120_252,10,EVENT_BALANCED,0.8,0.05,WF_2021_2022,40.0,503,-0.23381176888982058,-0.12490991394056639,-0.4651037744373544,0.768409046443745,9,0,0.5,0.0061350754025587895,0.0,,,
LONG_120_252,10,EVENT_STRICT,0.85,0.1,WF_2019_2020,20.0,505,1.695452622392299,0.6401723387958183,-0.3749390746244894,2.679942050587299,39,0,0.75,0.010741037583703063,0.0,,,
LONG_120_252,10,EVENT_STRICT,0.85,0.1,WF_2019_2020,40.0,505,1.666639997684619,0.6313999608333365,-0.3750981798095544,2.679942050587299,39,0,0.75,0.021482075167406127,0.0,,,
LONG_120_252,10,EVENT_STRICT,0.85,0.1,WF_2021_2022,20.0,503,-0.3096676011701085,-0.16944356716695752,-0.5074542111718032,0.5866204203430492,7,0,0.4583333333333333,0.0023418259637504263,0.0,,,
LONG_120_252,10,EVENT_STRICT,0.85,0.1,WF_2021_2022,40.0,503,-0.31128370152557505,-0.17041825526981946,-0.5080061548747012,0.5866204203430492,7,0,0.4583333333333333,0.004683651927500853,0.0,,,
LONG_120_252,15,MONTHLY,,,WF_2019_2020,20.0,505,1.7301902275710783,0.6506864250468989,-0.38040378362591376,4.026107391088754,24,0,0.75,0.016136382797617622,0.0,,,
LONG_120_252,15,MONTHLY,,,WF_2019_2020,40.0,505,1.6864423366543688,0.6374341107176766,-0.3807657473734889,4.026107391088754,24,0,0.75,0.032272765595235245,0.0,,,
LONG_120_252,15,MONTHLY,,,WF_2021_2022,20.0,503,-0.23534391984687275,-0.12578705258585154,-0.4824333324710879,2.809412866906866,24,0,0.5,0.01121535454011233,0.0,,,
LONG_120_252,15,MONTHLY,,,WF_2021_2022,40.0,503,-0.24387907008236576,-0.1306894600488252,-0.48499867820675613,2.809412866906866,24,0,0.5,0.02243070908022466,0.0,,,
LONG_120_252,15,WEEKLY,,,WF_2019_2020,20.0,505,1.9922208989543133,0.7279276138664599,-0.39498937560068126,9.720517408556729,105,0,0.75,0.038959216597786894,0.0,,,
LONG_120_252,15,WEEKLY,,,WF_2019_2020,40.0,505,1.8778134297365008,0.6946374512281901,-0.3961356737192244,9.720517408556729,105,0,0.75,0.07791843319557379,0.0,,,
LONG_120_252,15,WEEKLY,,,WF_2021_2022,20.0,503,-0.17361077735692643,-0.0911127713455363,-0.43929857866920474,6.725777925221371,104,0,0.5416666666666666,0.02684973251100278,0.0,,,
LONG_120_252,15,WEEKLY,,,WF_2021_2022,40.0,503,-0.1955150628795379,-0.1032631022613345,-0.4463150400065381,6.725777925221371,104,0,0.5416666666666666,0.05369946502200556,0.0,,,
LONG_120_252,15,DAILY,,,WF_2019_2020,20.0,505,1.6274827098400793,0.6194015380202504,-0.4068947691669209,27.97358845059216,504,0,0.75,0.11211636640911934,0.0,,,
LONG_120_252,15,DAILY,,,WF_2019_2020,40.0,505,1.3486938498694112,0.5312498191787693,-0.4095598980316023,27.97358845059216,504,0,0.75,0.2242327328182387,0.0,,,
LONG_120_252,15,DAILY,,,WF_2021_2022,20.0,503,-0.26542206449561423,-0.14318753404731055,-0.47615378822241794,17.81276138299913,502,0,0.5416666666666666,0.07110967440990924,0.0,,,
LONG_120_252,15,DAILY,,,WF_2021_2022,40.0,503,-0.31585985986776277,-0.1731843955810537,-0.49297290186539056,17.81276138299913,502,0,0.5,0.1422193488198185,0.0,,,
LONG_120_252,15,EVENT_LOOSE,0.7,0.03,WF_2019_2020,20.0,505,1.922822637445719,0.7078119205225191,-0.36506176471455276,7.50856495597281,175,0,0.7916666666666666,0.030093851609256105,0.0,,,
LONG_120_252,15,EVENT_LOOSE,0.7,0.03,WF_2019_2020,40.0,505,1.836146358753636,0.682348918109924,-0.36579025313041946,7.50856495597281,175,0,0.7916666666666666,0.06018770321851221,0.0,,,
LONG_120_252,15,EVENT_LOOSE,0.7,0.03,WF_2021_2022,20.0,503,-0.18313100553390083,-0.09637365874763404,-0.4450309200410665,2.2994496558729693,53,0,0.5416666666666666,0.009179549023048444,0.0,,,
LONG_120_252,15,EVENT_LOOSE,0.7,0.03,WF_2021_2022,40.0,503,-0.19059820160034713,-0.10052148463063437,-0.4472674203315844,2.2994496558729693,53,0,0.5416666666666666,0.018359098046096888,0.0,,,
LONG_120_252,15,EVENT_BALANCED,0.8,0.05,WF_2019_2020,20.0,505,2.0034496183418096,0.7311603005465603,-0.3582254669680107,4.629156409891731,104,0,0.7916666666666666,0.018553364976153366,0.0,,,
LONG_120_252,15,EVENT_BALANCED,0.8,0.05,WF_2019_2020,40.0,505,1.9482198322808673,0.7152009987439518,-0.3584197593679457,4.629156409891731,104,0,0.7916666666666666,0.03710672995230673,0.0,,,
LONG_120_252,15,EVENT_BALANCED,0.8,0.05,WF_2021_2022,20.0,503,-0.23225843932629786,-0.12402154382914887,-0.4605240394138752,1.183128458479766,25,0,0.4583333333333333,0.004723123925518432,0.0,,,
LONG_120_252,15,EVENT_BALANCED,0.8,0.05,WF_2021_2022,40.0,503,-0.23587787836103258,-0.12609294368895407,-0.46159734448620415,1.183128458479766,25,0,0.4583333333333333,0.009446247851036864,0.0,,,
LONG_120_252,15,EVENT_STRICT,0.85,0.1,WF_2019_2020,20.0,505,1.8682997972504731,0.6918395667153079,-0.3670234051152498,3.5407147135212447,81,0,0.75,0.014190959764509752,0.0,,,
LONG_120_252,15,EVENT_STRICT,0.85,0.1,WF_2019_2020,40.0,505,1.827868698962693,0.6798969092676399,-0.3673323129178958,3.5407147135212447,81,0,0.75,0.028381919529019504,0.0,,,
LONG_120_252,15,EVENT_STRICT,0.85,0.1,WF_2021_2022,20.0,503,-0.14210127275354112,-0.07391287850710493,-0.4278275615776628,0.9757480640480274,16,0,0.5416666666666666,0.0038952482239377594,0.0,,,
LONG_120_252,15,EVENT_STRICT,0.85,0.1,WF_2021_2022,40.0,503,-0.1454386249212588,-0.07571952240252278,-0.42902556107707535,0.9757480640480274,16,0,0.5416666666666666,0.007790496447875519,0.0,,,
LONG_120_252,20,MONTHLY,,,WF_2019_2020,20.0,505,1.494719381618145,0.578039099957069,-0.4059935222138601,3.8342715118078763,24,0,0.7083333333333334,0.015367516773515694,0.0,,,
LONG_120_252,20,MONTHLY,,,WF_2019_2020,40.0,505,1.4566360738583142,0.5659717976079324,-0.40638132658786796,3.8342715118078763,24,0,0.7083333333333334,0.030735033547031387,0.0,,,
LONG_120_252,20,MONTHLY,,,WF_2021_2022,20.0,503,-0.15130756379432897,-0.07890517756753823,-0.45106126963865434,2.8286747851852114,24,0,0.5,0.011292249340858424,0.0,,,
LONG_120_252,20,MONTHLY,,,WF_2021_2022,40.0,503,-0.16084494408341876,-0.08410559880919055,-0.4537944099116531,2.8286747851852114,24,0,0.4583333333333333,0.022584498681716848,0.0,,,
LONG_120_252,20,WEEKLY,,,WF_2019_2020,20.0,505,1.628569475863559,0.6197357445307139,-0.4049563835103781,9.508697448543744,105,0,0.7083333333333334,0.038110255646941205,0.0,,,
LONG_120_252,20,WEEKLY,,,WF_2019_2020,40.0,505,1.5302169170747177,0.5892042267417477,-0.40585171851860835,9.508697448543744,105,0,0.7083333333333334,0.07622051129388241,0.0,,,
LONG_120_252,20,WEEKLY,,,WF_2021_2022,20.0,503,-0.1249192689388845,-0.0646665756500332,-0.4448966707942499,6.6566132101544815,104,0,0.5833333333333334,0.02657362257704527,0.0,,,
LONG_120_252,20,WEEKLY,,,WF_2021_2022,40.0,503,-0.14787852879328967,-0.07704257010313487,-0.45126826710019374,6.6566132101544815,104,0,0.5833333333333334,0.05314724515409054,0.0,,,
LONG_120_252,20,DAILY,,,WF_2019_2020,20.0,505,1.5714673434738295,0.6020806936408942,-0.41605863420245814,25.299908455877077,504,0,0.75,0.1014004267477613,0.0,,,
LONG_120_252,20,DAILY,,,WF_2019_2020,40.0,505,1.323411520730621,0.5230023312888998,-0.4184590400766457,25.299908455877077,504,0,0.7083333333333334,0.2028008534955226,0.0,,,
LONG_120_252,20,DAILY,,,WF_2021_2022,20.0,503,-0.24391648138389266,-0.13071100891480092,-0.4781351384398538,16.42286632156882,502,0,0.5,0.06556112507737394,0.0,,,
LONG_120_252,20,DAILY,,,WF_2021_2022,40.0,503,-0.2919097235870869,-0.15880768177032323,-0.4935102930866143,16.42286632156882,502,0,0.5,0.13112225015474788,0.0,,,
LONG_120_252,20,EVENT_LOOSE,0.7,0.03,WF_2019_2020,20.0,505,1.5647822457770602,0.6000009807158624,-0.3888714222557986,8.272694626186553,239,0,0.7916666666666666,0.03315643481130325,0.0,,,
LONG_120_252,20,EVENT_LOOSE,0.7,0.03,WF_2019_2020,40.0,505,1.4811157199567861,0.5737392284003737,-0.38977536665835866,8.272694626186553,239,0,0.7083333333333334,0.0663128696226065,0.0,,,
LONG_120_252,20,EVENT_LOOSE,0.7,0.03,WF_2021_2022,20.0,503,-0.1856914922900541,-0.0977938002144434,-0.4580512398134483,3.107589820172136,94,0,0.5416666666666666,0.012405695869417338,0.0,,,
LONG_120_252,20,EVENT_LOOSE,0.7,0.03,WF_2021_2022,40.0,503,-0.19573411488116021,-0.10338543886299523,-0.4612558805396585,3.107589820172136,94,0,0.5,0.024811391738834676,0.0,,,
LONG_120_252,20,EVENT_BALANCED,0.8,0.05,WF_2019_2020,20.0,505,1.755900473349957,0.6584250927491311,-0.3844973214775472,5.4195763675756465,160,0,0.75,0.02172131798115636,0.0,,,
LONG_120_252,20,EVENT_BALANCED,0.8,0.05,WF_2019_2020,40.0,505,1.6966680917897063,0.6405413690089155,-0.3853999088488246,5.4195763675756465,160,0,0.75,0.04344263596231272,0.0,,,
LONG_120_252,20,EVENT_BALANCED,0.8,0.05,WF_2021_2022,20.0,503,-0.1581827261292451,-0.08265102422206472,-0.4355297618538768,1.449138405193348,41,0,0.5416666666666666,0.0057850525223194765,0.0,,,
LONG_120_252,20,EVENT_BALANCED,0.8,0.05,WF_2021_2022,40.0,503,-0.1630406409312709,-0.08530701069884994,-0.4369600587138427,1.449138405193348,41,0,0.5416666666666666,0.011570105044638953,0.0,,,
LONG_120_252,20,EVENT_STRICT,0.85,0.1,WF_2019_2020,20.0,505,1.5116438003973278,0.5833722379706072,-0.39558174423047354,4.206149083259093,125,0,0.75,0.016857978468617793,0.0,,,
LONG_120_252,20,EVENT_STRICT,0.85,0.1,WF_2019_2020,40.0,505,1.4696452353042848,0.5701044285814965,-0.39611962856875116,4.206149083259093,125,0,0.75,0.033715956937235586,0.0,,,
LONG_120_252,20,EVENT_STRICT,0.85,0.1,WF_2021_2022,20.0,503,-0.19476987833420856,-0.10284705450684051,-0.44543757642214254,1.206606943427341,36,0,0.5416666666666666,0.004816851528126607,0.0,,,
LONG_120_252,20,EVENT_STRICT,0.85,0.1,WF_2021_2022,40.0,503,-0.1986409891633838,-0.10501045290037969,-0.4467499762329348,1.206606943427341,36,0,0.5,0.009633703056253214,0.0,,,
ALL_EQUAL,5,MONTHLY,,,WF_2019_2020,20.0,505,2.551357746651323,0.8821414823536733,-0.3213162193187564,4.30224716578784,24,0,0.75,0.017243133481927457,0.0,,,
ALL_EQUAL,5,MONTHLY,,,WF_2019_2020,40.0,505,2.490562351532805,0.8659937289787991,-0.3216173172050196,4.30224716578784,24,0,0.75,0.034486266963854914,0.0,,,
ALL_EQUAL,5,MONTHLY,,,WF_2021_2022,20.0,503,-0.3426966350837105,-0.18959561827482163,-0.571259560281318,3.823472090165662,24,0,0.4166666666666667,0.015263543344074034,0.0,,,
ALL_EQUAL,5,MONTHLY,,,WF_2021_2022,40.0,503,-0.35266379252648083,-0.19577567306890242,-0.5750843273720219,3.823472090165662,24,0,0.4166666666666667,0.030527086688148068,0.0,,,
ALL_EQUAL,5,WEEKLY,,,WF_2019_2020,20.0,505,2.478098232782158,0.8626657965113269,-0.31294037948232256,11.935592644807365,105,0,0.6666666666666666,0.047837097504981906,0.0,,,
ALL_EQUAL,5,WEEKLY,,,WF_2019_2020,40.0,505,2.3154770049111635,0.818685557342099,-0.3138471724682751,11.935592644807365,105,0,0.6666666666666666,0.09567419500996381,0.0,,,
ALL_EQUAL,5,WEEKLY,,,WF_2021_2022,20.0,503,-0.26770596686738335,-0.14452319208145636,-0.5588867087469944,11.056594569142863,104,0,0.375,0.0441386275260227,0.0,,,
ALL_EQUAL,5,WEEKLY,,,WF_2021_2022,40.0,503,-0.29935115272111124,-0.16324825293927925,-0.5696795281382293,11.056594569142863,104,0,0.375,0.0882772550520454,0.0,,,
ALL_EQUAL,5,DAILY,,,WF_2019_2020,20.0,505,2.081360160533845,0.7534255402794758,-0.3231551416663466,29.189608338708823,504,0,0.6666666666666666,0.11699009691307899,0.0,,,
ALL_EQUAL,5,DAILY,,,WF_2019_2020,40.0,505,1.7409211756987766,0.6539208119372619,-0.3255646214463487,29.189608338708823,504,0,0.6666666666666666,0.23398019382615798,0.0,,,
ALL_EQUAL,5,DAILY,,,WF_2021_2022,20.0,503,-0.357565595170693,-0.19883241333221846,-0.5820152399368224,28.621194088079704,502,0,0.375,0.11425762401828643,0.0,,,
ALL_EQUAL,5,DAILY,,,WF_2021_2022,40.0,503,-0.4269727874585155,-0.24343326720272496,-0.6092118638425013,28.621194088079704,502,0,0.3333333333333333,0.22851524803657286,0.0,,,
ALL_EQUAL,5,EVENT_LOOSE,0.7,0.03,WF_2019_2020,20.0,505,2.2091694250911984,0.7893485432822647,-0.3181857662093339,4.0026740626801205,38,0,0.75,0.0160424635051862,0.0,,,
ALL_EQUAL,5,EVENT_LOOSE,0.7,0.03,WF_2019_2020,40.0,505,2.1580613570050073,0.7750713152734627,-0.3184041752328133,4.0026740626801205,38,0,0.75,0.0320849270103724,0.0,,,
ALL_EQUAL,5,EVENT_LOOSE,0.7,0.03,WF_2021_2022,20.0,503,-0.29583152570932203,-0.1611450454790304,-0.508987913096403,1.7186857961912918,15,0,0.4583333333333333,0.006861102821303333,0.0,,,
ALL_EQUAL,5,EVENT_LOOSE,0.7,0.03,WF_2021_2022,40.0,503,-0.30065026433572783,-0.16402588881661362,-0.5107825565041462,1.7186857961912918,15,0,0.4583333333333333,0.013722205642606665,0.0,,,
ALL_EQUAL,5,EVENT_BALANCED,0.8,0.05,WF_2019_2020,20.0,505,2.6527140911891647,0.9087576681527807,-0.31399025760564714,2.2578969404171496,19,0,0.8333333333333334,0.009049507578656036,0.0,,,
ALL_EQUAL,5,EVENT_BALANCED,0.8,0.05,WF_2019_2020,40.0,505,2.619781128217291,0.9001505204070652,-0.31417696173139986,2.2578969404171496,19,0,0.8333333333333334,0.018099015157312073,0.0,,,
ALL_EQUAL,5,EVENT_BALANCED,0.8,0.05,WF_2021_2022,20.0,503,-0.31951705674161346,-0.17540169783518456,-0.5369776870139213,0.7145270336285444,5,0,0.4583333333333333,0.0028524372850409355,0.0,,,
ALL_EQUAL,5,EVENT_BALANCED,0.8,0.05,WF_2021_2022,40.0,503,-0.3214572267048469,-0.17658040738379932,-0.5374115584398078,0.7145270336285444,5,0,0.4583333333333333,0.005704874570081871,0.0,,,
ALL_EQUAL,5,EVENT_STRICT,0.85,0.1,WF_2019_2020,20.0,505,2.8847007315507422,0.9683179876888461,-0.3263030495822228,1.5544876708519932,13,0,0.75,0.006230287887144893,0.0,,,
ALL_EQUAL,5,EVENT_STRICT,0.85,0.1,WF_2019_2020,40.0,505,2.86055400550109,0.962203178527,-0.3267916577458385,1.5544876708519932,13,0,0.75,0.012460575774289787,0.0,,,
ALL_EQUAL,5,EVENT_STRICT,0.85,0.1,WF_2021_2022,20.0,503,-0.32891320075652763,-0.18112585340156362,-0.548956029784194,0.4922714587885036,3,0,0.4583333333333333,0.001965178918814423,0.0,,,
ALL_EQUAL,5,EVENT_STRICT,0.85,0.1,WF_2021_2022,40.0,503,-0.3302321860378259,-0.18193257576676425,-0.5491702510458707,0.4922714587885036,3,0,0.4583333333333333,0.003930357837628846,0.0,,,
ALL_EQUAL,10,MONTHLY,,,WF_2019_2020,20.0,505,2.2666798564734654,0.8052787531682801,-0.3349463338430162,3.8839039124414163,24,0,0.75,0.01556644028399139,0.0,,,
ALL_EQUAL,10,MONTHLY,,,WF_2019_2020,40.0,505,2.216168825009137,0.7912949571403609,-0.3352369230835893,3.8839039124414163,24,0,0.75,0.03113288056798278,0.0,,,
ALL_EQUAL,10,MONTHLY,,,WF_2021_2022,20.0,503,-0.1898924376405552,-0.1001286369352451,-0.4421428473949436,3.2970845336375234,24,0,0.5416666666666666,0.013162170796981542,0.0,,,
ALL_EQUAL,10,MONTHLY,,,WF_2021_2022,40.0,503,-0.20049503998618368,-0.10604844953804082,-0.4462048583687285,3.2970845336375234,24,0,0.5,0.026324341593963085,0.0,,,
ALL_EQUAL,10,WEEKLY,,,WF_2019_2020,20.0,505,2.181037916927393,0.7815041155528233,-0.34103361610743366,9.199526225764266,105,0,0.7916666666666666,0.03687111701595995,0.0,,,
ALL_EQUAL,10,WEEKLY,,,WF_2019_2020,40.0,505,2.0658064135588448,0.7490033316168632,-0.3423106416603595,9.199526225764266,105,0,0.7916666666666666,0.0737422340319199,0.0,,,
ALL_EQUAL,10,WEEKLY,,,WF_2021_2022,20.0,503,-0.18311181017447165,-0.09636302068045832,-0.47050018748075684,7.778044859685208,104,0,0.5416666666666666,0.031050448923981424,0.0,,,
ALL_EQUAL,10,WEEKLY,,,WF_2021_2022,40.0,503,-0.2081019566505098,-0.11031983440416016,-0.47890309995436575,7.778044859685208,104,0,0.5416666666666666,0.06210089784796285,0.0,,,
ALL_EQUAL,10,DAILY,,,WF_2019_2020,20.0,505,2.0299240866099173,0.7387582702802593,-0.3440850614616836,23.631410451519972,504,0,0.7916666666666666,0.09471319268267925,0.0,,,
ALL_EQUAL,10,DAILY,,,WF_2019_2020,40.0,505,1.7560002943068107,0.6584550677553369,-0.34699644268273366,23.631410451519972,504,0,0.75,0.1894263853653585,0.0,,,
ALL_EQUAL,10,DAILY,,,WF_2021_2022,20.0,503,-0.2501581853370136,-0.13431370343108928,-0.46476191884636153,19.1458416785378,502,0,0.5416666666666666,0.07643141558971836,0.0,,,
ALL_EQUAL,10,DAILY,,,WF_2021_2022,40.0,503,-0.3053561970589088,-0.16684886796398402,-0.4881697546560919,19.1458416785378,502,0,0.5,0.15286283117943672,0.0,,,
ALL_EQUAL,10,EVENT_LOOSE,0.7,0.03,WF_2019_2020,20.0,505,2.050492597425124,0.7446383449295642,-0.3262206286695738,5.160654103774711,86,0,0.7916666666666666,0.02068357398735102,0.0,,,
ALL_EQUAL,10,EVENT_LOOSE,0.7,0.03,WF_2019_2020,40.0,505,1.9880192630293552,0.7267164237628863,-0.3266018690313086,5.160654103774711,86,0,0.7916666666666666,0.04136714797470204,0.0,,,
ALL_EQUAL,10,EVENT_LOOSE,0.7,0.03,WF_2021_2022,20.0,503,-0.12204490881554775,-0.06312864559189812,-0.4465435706974341,1.862106189175287,33,0,0.5416666666666666,0.0074336461361521385,0.0,,,
ALL_EQUAL,10,EVENT_LOOSE,0.7,0.03,WF_2021_2022,40.0,503,-0.12855032528727606,-0.06661298507063174,-0.44818208239208046,1.862106189175287,33,0,0.5416666666666666,0.014867292272304277,0.0,,,
ALL_EQUAL,10,EVENT_BALANCED,0.8,0.05,WF_2019_2020,20.0,505,1.76960957030919,0.6625366863797217,-0.3479568319021259,2.8183006642979067,49,0,0.75,0.011295570122781293,0.0,,,
ALL_EQUAL,10,EVENT_BALANCED,0.8,0.05,WF_2019_2020,40.0,505,1.738487417399599,0.6531878162768237,-0.34839200483771415,2.8183006642979067,49,0,0.75,0.022591140245562587,0.0,,,
ALL_EQUAL,10,EVENT_BALANCED,0.8,0.05,WF_2021_2022,20.0,503,-0.12661977994970663,-0.06557762322917482,-0.4330281260090849,0.5910167448330953,9,0,0.5833333333333334,0.002359376370246404,0.0,,,
ALL_EQUAL,10,EVENT_BALANCED,0.8,0.05,WF_2021_2022,40.0,503,-0.12867962441896108,-0.0666823697658524,-0.43353710104153376,0.5910167448330953,9,0,0.5833333333333334,0.004718752740492808,0.0,,,
ALL_EQUAL,10,EVENT_STRICT,0.85,0.1,WF_2019_2020,20.0,505,1.7730481110929657,0.6635663634169551,-0.38495585483398265,2.3225273720385182,37,0,0.7916666666666666,0.009308542245075014,0.0,,,
ALL_EQUAL,10,EVENT_STRICT,0.85,0.1,WF_2019_2020,40.0,505,1.7473419674897728,0.6558530529447217,-0.38530650226383156,2.3225273720385182,37,0,0.7916666666666666,0.018617084490150027,0.0,,,
ALL_EQUAL,10,EVENT_STRICT,0.85,0.1,WF_2021_2022,20.0,503,-0.1267030678248544,-0.06562226737827148,-0.43489558543139417,0.423853272581096,5,0,0.5833333333333334,0.001692049175462629,0.0,,,
ALL_EQUAL,10,EVENT_STRICT,0.85,0.1,WF_2021_2022,40.0,503,-0.12818095570728183,-0.0664148017033519,-0.43504720871449876,0.423853272581096,5,0,0.5833333333333334,0.003384098350925258,0.0,,,
ALL_EQUAL,15,MONTHLY,,,WF_2019_2020,20.0,505,2.4797199936110297,0.8630991460598103,-0.34117797802703387,3.2200713029099988,24,0,0.75,0.012905841333091663,0.0,,,
ALL_EQUAL,15,MONTHLY,,,WF_2019_2020,40.0,505,2.435057970752761,0.8511278192493295,-0.3413804644213241,3.2200713029099988,24,0,0.75,0.025811682666183326,0.0,,,
ALL_EQUAL,15,MONTHLY,,,WF_2021_2022,20.0,503,-0.11025872041874163,-0.05684855076082718,-0.4062389984328423,2.626184659353069,24,0,0.5833333333333334,0.010483895902020583,0.0,,,
ALL_EQUAL,15,MONTHLY,,,WF_2021_2022,40.0,503,-0.11954553313097305,-0.061793392448624695,-0.40869402519834663,2.626184659353069,24,0,0.5833333333333334,0.020967791804041166,0.0,,,
ALL_EQUAL,15,WEEKLY,,,WF_2019_2020,20.0,505,2.4221319670341224,0.8476485685529527,-0.33325104905282243,9.081731225224331,105,0,0.75,0.036399002132843555,0.0,,,
ALL_EQUAL,15,WEEKLY,,,WF_2019_2020,40.0,505,2.299730803413759,0.814370225896905,-0.33433718496545095,9.081731225224331,105,0,0.75,0.07279800426568711,0.0,,,
ALL_EQUAL,15,WEEKLY,,,WF_2021_2022,20.0,503,-0.1535434423997346,-0.08012170116121897,-0.4212675546867206,6.00949448947091,104,0,0.5833333333333334,0.02399028355717356,0.0,,,
ALL_EQUAL,15,WEEKLY,,,WF_2021_2022,40.0,503,-0.17361828496298515,-0.0911169081059846,-0.42707217454602675,6.00949448947091,104,0,0.5833333333333334,0.04798056711434712,0.0,,,
ALL_EQUAL,15,DAILY,,,WF_2019_2020,20.0,505,2.2671689418967533,0.8054136231477611,-0.37457436233072816,22.657194995349652,504,0,0.7916666666666666,0.09080859898929819,0.0,,,
ALL_EQUAL,15,DAILY,,,WF_2019_2020,40.0,505,1.9834426113615664,0.7253961579657506,-0.3766694167367657,22.657194995349652,504,0,0.7916666666666666,0.18161719797859638,0.0,,,
ALL_EQUAL,15,DAILY,,,WF_2021_2022,20.0,503,-0.13084851067362835,-0.06784700763509732,-0.41657456723675657,15.154407830590419,502,0,0.5833333333333334,0.060497358244341125,0.0,,,
ALL_EQUAL,15,DAILY,,,WF_2021_2022,40.0,503,-0.18188630058131328,-0.09568410134105065,-0.43233688261422776,15.154407830590419,502,0,0.5833333333333334,0.12099471648868225,0.0,,,
ALL_EQUAL,15,EVENT_LOOSE,0.7,0.03,WF_2019_2020,20.0,505,2.075567140544202,0.7517797908093791,-0.34995085226710043,5.5347454167225205,133,0,0.7916666666666666,0.02218290821781645,0.0,,,
ALL_EQUAL,15,EVENT_LOOSE,0.7,0.03,WF_2019_2020,40.0,505,2.008071919286229,0.7324892760765342,-0.3505633635287396,5.5347454167225205,133,0,0.7916666666666666,0.0443658164356329,0.0,,,
ALL_EQUAL,15,EVENT_LOOSE,0.7,0.03,WF_2021_2022,20.0,503,-0.08651175865825267,-0.04432017467653937,-0.3935115905671861,1.770655957461724,42,0,0.5833333333333334,0.007068571004787676,0.0,,,
ALL_EQUAL,15,EVENT_LOOSE,0.7,0.03,WF_2021_2022,40.0,503,-0.09294877205861651,-0.04769998250734897,-0.3947708216882121,1.770655957461724,42,0,0.5833333333333334,0.014137142009575353,0.0,,,
ALL_EQUAL,15,EVENT_BALANCED,0.8,0.05,WF_2019_2020,20.0,505,2.013129902133981,0.7339423444320874,-0.36227808250268756,3.6031234518116384,81,0,0.7916666666666666,0.014441090025118074,0.0,,,
ALL_EQUAL,15,EVENT_BALANCED,0.8,0.05,WF_2019_2020,40.0,505,1.9699140148317413,0.7214875042571167,-0.36303415050892673,3.6031234518116384,81,0,0.7916666666666666,0.02888218005023615,0.0,,,
ALL_EQUAL,15,EVENT_BALANCED,0.8,0.05,WF_2021_2022,20.0,503,-0.12065331715418648,-0.06238497538513266,-0.3910515312663637,1.0931853740493223,24,0,0.5833333333333334,0.004364065421800073,0.0,,,
ALL_EQUAL,15,EVENT_BALANCED,0.8,0.05,WF_2021_2022,40.0,503,-0.12448448319713079,-0.06443378134338229,-0.39193698931334064,1.0931853740493223,24,0,0.5833333333333334,0.008728130843600145,0.0,,,
ALL_EQUAL,15,EVENT_STRICT,0.85,0.1,WF_2019_2020,20.0,505,1.9276657462030138,0.7092234527953203,-0.37139133714643846,3.077914719316056,67,0,0.75,0.012336086771861971,0.0,,,
ALL_EQUAL,15,EVENT_STRICT,0.85,0.1,WF_2019_2020,40.0,505,1.8917576919172587,0.6987299889835108,-0.37183787248681266,3.077914719316056,67,0,0.75,0.024672173543723943,0.0,,,
ALL_EQUAL,15,EVENT_STRICT,0.85,0.1,WF_2021_2022,20.0,503,-0.1284965666660023,-0.06658413855009626,-0.39886853845184966,0.7900416201343015,17,0,0.5833333333333334,0.0031538963089488385,0.0,,,
ALL_EQUAL,15,EVENT_STRICT,0.85,0.1,WF_2021_2022,40.0,503,-0.1312425625271143,-0.0680587592761841,-0.3993896221724561,0.7900416201343015,17,0,0.5833333333333334,0.006307792617897677,0.0,,,
ALL_EQUAL,20,MONTHLY,,,WF_2019_2020,20.0,505,1.8679515976331902,0.6917370758182189,-0.36646071279075276,2.8755847527493406,24,0,0.7083333333333334,0.011525161112209659,0.0,,,
ALL_EQUAL,20,MONTHLY,,,WF_2019_2020,40.0,505,1.8350608225955303,0.6820275649787517,-0.3667368920903876,2.8755847527493406,24,0,0.7083333333333334,0.023050322224419318,0.0,,,
ALL_EQUAL,20,MONTHLY,,,WF_2021_2022,20.0,503,-0.1111054809476385,-0.057298345133420026,-0.4220866057659597,2.574963737329659,24,0,0.5,0.0102794187291811,0.0,,,
ALL_EQUAL,20,MONTHLY,,,WF_2021_2022,40.0,503,-0.12020306973159955,-0.06214448775189785,-0.4245161048798508,2.574963737329659,24,0,0.5,0.0205588374583622,0.0,,,
ALL_EQUAL,20,WEEKLY,,,WF_2019_2020,20.0,505,1.9242723089467724,0.7082345525399125,-0.38714767958873464,7.408571019075549,105,0,0.7083333333333334,0.029693082258993274,0.0,,,
ALL_EQUAL,20,WEEKLY,,,WF_2019_2020,40.0,505,1.8386718240602766,0.6830962975812935,-0.38818129138045,7.408571019075549,105,0,0.7083333333333334,0.05938616451798655,0.0,,,
ALL_EQUAL,20,WEEKLY,,,WF_2021_2022,20.0,503,-0.1150060619192983,-0.05937307790221469,-0.42231290956465595,6.152486070817072,104,0,0.5,0.024561115028737996,0.0,,,
ALL_EQUAL,20,WEEKLY,,,WF_2021_2022,40.0,503,-0.13648766157160086,-0.0708818961676223,-0.4284943943888171,6.152486070817072,104,0,0.5,0.04912223005747599,0.0,,,
ALL_EQUAL,20,DAILY,,,WF_2019_2020,20.0,505,1.7421661078019777,0.6542956326579228,-0.3791602571659828,18.202638803563328,504,0,0.75,0.07295502060158318,0.0,,,
ALL_EQUAL,20,DAILY,,,WF_2019_2020,40.0,505,1.5491742843433927,0.5951347953918731,-0.3813743945456659,18.202638803563328,504,0,0.7083333333333334,0.14591004120316636,0.0,,,
ALL_EQUAL,20,DAILY,,,WF_2021_2022,20.0,503,-0.13417048913811136,-0.06963364262923233,-0.43459602622431226,16.075906610514263,502,0,0.5416666666666666,0.06417603988165616,0.0,,,
ALL_EQUAL,20,DAILY,,,WF_2021_2022,40.0,503,-0.18800552694146677,-0.09907916826089236,-0.4508194743201208,16.075906610514263,502,0,0.5,0.1283520797633123,0.0,,,
ALL_EQUAL,20,EVENT_LOOSE,0.7,0.03,WF_2019_2020,20.0,505,1.8813769816311985,0.6956842706380837,-0.38378759876356117,6.1692431597668955,183,0,0.7916666666666666,0.02472593488636732,0.0,,,
ALL_EQUAL,20,EVENT_LOOSE,0.7,0.03,WF_2019_2020,40.0,505,1.8109868105564861,0.6748849851568204,-0.3848227015338157,6.1692431597668955,183,0,0.75,0.04945186977273464,0.0,,,
ALL_EQUAL,20,EVENT_LOOSE,0.7,0.03,WF_2021_2022,20.0,503,-0.09906697471443282,-0.05092350820007663,-0.38641132313617554,2.3890205835302405,79,0,0.5833333333333334,0.009537121853299291,0.0,,,
ALL_EQUAL,20,EVENT_LOOSE,0.7,0.03,WF_2021_2022,40.0,503,-0.10762114111691279,-0.05544885091416518,-0.3887564606347145,2.3890205835302405,79,0,0.5833333333333334,0.019074243706598583,0.0,,,
ALL_EQUAL,20,EVENT_BALANCED,0.8,0.05,WF_2019_2020,20.0,505,1.8699257829959692,0.6923180853718509,-0.3686686931626003,3.658100932526588,107,0,0.75,0.014661436277189896,0.0,,,
ALL_EQUAL,20,EVENT_BALANCED,0.8,0.05,WF_2019_2020,40.0,505,1.8281428944058251,0.6799781889949477,-0.36936853139940085,3.658100932526588,107,0,0.75,0.029322872554379792,0.0,,,
ALL_EQUAL,20,EVENT_BALANCED,0.8,0.05,WF_2021_2022,20.0,503,-0.07796330731477519,-0.039850056750525886,-0.37899824888159206,1.4105533536650374,42,0,0.5833333333333334,0.005631018546773919,0.0,,,
ALL_EQUAL,20,EVENT_BALANCED,0.8,0.05,WF_2021_2022,40.0,503,-0.08314286480015731,-0.042556045939707854,-0.3804390818209096,1.4105533536650374,42,0,0.5833333333333334,0.011262037093547839,0.0,,,
ALL_EQUAL,20,EVENT_STRICT,0.85,0.1,WF_2019_2020,20.0,505,1.8872851716093808,0.697418416510639,-0.36709837369929366,3.6158990141003,103,0,0.75,0.014492293667624216,0.0,,,
ALL_EQUAL,20,EVENT_STRICT,0.85,0.1,WF_2019_2020,40.0,505,1.8457308915866704,0.6851835741528232,-0.36785307410710955,3.6158990141003,103,0,0.75,0.028984587335248432,0.0,,,
ALL_EQUAL,20,EVENT_STRICT,0.85,0.1,WF_2021_2022,20.0,503,-0.008298070258940915,-0.00416592679454586,-0.34987826554193324,1.4117342496410943,38,0,0.625,0.00563573275848786,0.0,,,
ALL_EQUAL,20,EVENT_STRICT,0.85,0.1,WF_2021_2022,40.0,503,-0.013873801781059458,-0.006974920400383389,-0.35153396075688303,1.4117342496410943,38,0,0.625,0.01127146551697572,0.0,,,
ALL_LONG,5,MONTHLY,,,WF_2019_2020,20.0,505,2.7024110727022124,0.9216728838180088,-0.2761090477760447,4.170987628582456,24,0,0.75,0.01671705359074714,0.0,,,
ALL_LONG,5,MONTHLY,,,WF_2019_2020,40.0,505,2.6409545040701956,0.9056887379577321,-0.2764314556234786,4.170987628582456,24,0,0.75,0.03343410718149428,0.0,,,
ALL_LONG,5,MONTHLY,,,WF_2021_2022,20.0,503,-0.36855785434134214,-0.20572972957209035,-0.5909739907047302,2.3653070911216196,24,0,0.375,0.009442456085985516,0.0,,,
ALL_LONG,5,MONTHLY,,,WF_2021_2022,40.0,503,-0.3744973202559335,-0.2094815110839071,-0.5930328206890353,2.3653070911216196,24,0,0.375,0.01888491217197103,0.0,,,
ALL_LONG,5,WEEKLY,,,WF_2019_2020,20.0,505,3.064115173928263,1.0131682241379805,-0.3039331178671495,11.250993695304844,105,0,0.75,0.04509326838197576,0.0,,,
ALL_LONG,5,WEEKLY,,,WF_2019_2020,40.0,505,2.8847522404037242,0.968331011176214,-0.3053821773733547,11.250993695304844,105,0,0.75,0.09018653676395152,0.0,,,
ALL_LONG,5,WEEKLY,,,WF_2021_2022,20.0,503,-0.3434683240673906,-0.1900724202564108,-0.6048626638848674,6.242172918490821,104,0,0.4583333333333333,0.02491915061905462,0.0,,,
ALL_LONG,5,WEEKLY,,,WF_2021_2022,40.0,503,-0.3596373195947572,-0.20012782849732436,-0.609777900833615,6.242172918490821,104,0,0.4583333333333333,0.04983830123810924,0.0,,,
ALL_LONG,5,DAILY,,,WF_2019_2020,20.0,505,3.141829528681673,1.0322869509095534,-0.33258433655017583,30.637633823351084,504,0,0.8333333333333334,0.1227936911173992,0.0,,,
ALL_LONG,5,DAILY,,,WF_2019_2020,40.0,505,2.6628804701709363,0.9114068276315066,-0.3357317275097259,30.637633823351084,504,0,0.8333333333333334,0.2455873822347984,0.0,,,
ALL_LONG,5,DAILY,,,WF_2021_2022,20.0,503,-0.34048015489553596,-0.18822767715544308,-0.5794347264728608,16.472955260720028,502,0,0.4166666666666667,0.06576108330271567,0.0,,,
ALL_LONG,5,DAILY,,,WF_2021_2022,40.0,503,-0.3824805835388133,-0.21455241633022326,-0.5925495548775994,16.472955260720028,502,0,0.4166666666666667,0.13152216660543134,0.0,,,
ALL_LONG,5,EVENT_LOOSE,0.7,0.03,WF_2019_2020,20.0,505,3.089015072573458,1.0193137040793716,-0.2958647983155155,4.254440861769506,38,0,0.75,0.01705152885074286,0.0,,,
ALL_LONG,5,EVENT_LOOSE,0.7,0.03,WF_2019_2020,40.0,505,3.019831662470673,1.002191935148962,-0.29664780580020045,4.254440861769506,38,0,0.75,0.03410305770148572,0.0,,,
ALL_LONG,5,EVENT_LOOSE,0.7,0.03,WF_2021_2022,20.0,503,-0.42203263623347376,-0.240172546278819,-0.6132286228887137,0.7771825189147539,6,0,0.4166666666666667,0.0031025619604295334,0.0,,,
ALL_LONG,5,EVENT_LOOSE,0.7,0.03,WF_2021_2022,40.0,503,-0.42382470269972705,-0.2413537769191566,-0.6133267007857025,0.7771825189147539,6,0,0.4166666666666667,0.006205123920859067,0.0,,,
ALL_LONG,5,EVENT_BALANCED,0.8,0.05,WF_2019_2020,20.0,505,2.125746074122597,0.7659841200533786,-0.3664478051186689,2.841868318078271,24,0,0.75,0.011390027782774025,0.0,,,
ALL_LONG,5,EVENT_BALANCED,0.8,0.05,WF_2019_2020,40.0,505,2.090318275027415,0.7559674183308702,-0.3667018119720097,2.841868318078271,24,0,0.7083333333333334,0.02278005556554805,0.0,,,
ALL_LONG,5,EVENT_BALANCED,0.8,0.05,WF_2021_2022,20.0,503,-0.38658238119127963,-0.2171705687782315,-0.6175505489955231,0.2504970178926441,1,0,0.4166666666666667,0.001,0.0,,,
ALL_LONG,5,EVENT_BALANCED,0.8,0.05,WF_2021_2022,40.0,503,-0.38719641284173967,-0.21756325233813745,-0.6175505489955232,0.2504970178926441,1,0,0.4166666666666667,0.002,0.0,,,
ALL_LONG,5,EVENT_STRICT,0.85,0.1,WF_2019_2020,20.0,505,2.9812859588604983,0.9925884268741292,-0.3247709045428079,1.5374131655611483,13,0,0.75,0.006161854354034761,0.0,,,
ALL_LONG,5,EVENT_STRICT,0.85,0.1,WF_2019_2020,40.0,505,2.956809567756746,0.9864660347322693,-0.32477090454280766,1.5374131655611483,13,0,0.75,0.012323708708069522,0.0,,,
ALL_LONG,5,EVENT_STRICT,0.85,0.1,WF_2021_2022,20.0,503,-0.38658238119127963,-0.2171705687782315,-0.6175505489955231,0.2504970178926441,1,0,0.4166666666666667,0.001,0.0,,,
ALL_LONG,5,EVENT_STRICT,0.85,0.1,WF_2021_2022,40.0,503,-0.38719641284173967,-0.21756325233813745,-0.6175505489955232,0.2504970178926441,1,0,0.4166666666666667,0.002,0.0,,,
ALL_LONG,10,MONTHLY,,,WF_2019_2020,20.0,505,2.6936541415918693,0.9194034712441106,-0.34192986833047545,3.9530996621418364,24,0,0.7916666666666666,0.015843772455409744,0.0,,,
ALL_LONG,10,MONTHLY,,,WF_2019_2020,40.0,505,2.6355298326238934,0.9042713736480137,-0.34220922518760655,3.9530996621418364,24,0,0.7916666666666666,0.03168754491081949,0.0,,,
ALL_LONG,10,MONTHLY,,,WF_2021_2022,20.0,503,-0.21310765119200437,-0.11314177658993863,-0.46688308511350485,2.9012906338377773,24,0,0.5416666666666666,0.01158213641920954,0.0,,,
ALL_LONG,10,MONTHLY,,,WF_2021_2022,40.0,503,-0.22217641023089696,-0.11827716767703611,-0.4701252428331797,2.9012906338377773,24,0,0.5416666666666666,0.02316427283841908,0.0,,,
ALL_LONG,10,WEEKLY,,,WF_2019_2020,20.0,505,2.584509447174194,0.8908885164444502,-0.3438186412780275,10.377952831232058,105,0,0.7916666666666666,0.041594176029938014,0.0,,,
ALL_LONG,10,WEEKLY,,,WF_2019_2020,40.0,505,2.438365750113311,0.8520171090526054,-0.3449758914331611,10.377952831232058,105,0,0.7916666666666666,0.08318835205987603,0.0,,,
ALL_LONG,10,WEEKLY,,,WF_2021_2022,20.0,503,-0.13824977767034052,-0.07183226183328184,-0.4439644047215293,7.602627253046096,104,0,0.5,0.030350170700652275,0.0,,,
ALL_LONG,10,WEEKLY,,,WF_2021_2022,40.0,503,-0.1640262849863936,-0.08584683360217238,-0.45315094246078436,7.602627253046096,104,0,0.5,0.06070034140130455,0.0,,,
ALL_LONG,10,DAILY,,,WF_2019_2020,20.0,505,2.7532440870951524,0.9347937906182477,-0.36196984827640777,26.104001989880782,504,0,0.75,0.10462318257849043,0.0,,,
ALL_LONG,10,DAILY,,,WF_2019_2020,40.0,505,2.380234727859357,0.8363257318200263,-0.3646803289749033,26.104001989880782,504,0,0.75,0.20924636515698086,0.0,,,
ALL_LONG,10,DAILY,,,WF_2021_2022,20.0,503,-0.260291779840232,-0.1401948069217428,-0.4839873744380554,18.718626637436277,502,0,0.5,0.07472594602087657,0.0,,,
ALL_LONG,10,DAILY,,,WF_2021_2022,40.0,503,-0.3135737796520365,-0.17180138346676677,-0.5048807833036739,18.718626637436277,502,0,0.4583333333333333,0.14945189204175313,0.0,,,
ALL_LONG,10,EVENT_LOOSE,0.7,0.03,WF_2019_2020,20.0,505,2.2787113059403463,0.8085936093077197,-0.33367090451507453,5.092684548699896,82,0,0.75,0.020411156326138477,0.0,,,
ALL_LONG,10,EVENT_LOOSE,0.7,0.03,WF_2019_2020,40.0,505,2.212437571476481,0.7902576235188068,-0.33408347714215203,5.092684548699896,82,0,0.75,0.040822312652276954,0.0,,,
ALL_LONG,10,EVENT_LOOSE,0.7,0.03,WF_2021_2022,20.0,503,-0.2090968193036158,-0.11087997431309982,-0.4454634784184278,1.62496069767575,26,0,0.5833333333333334,0.006486946277229382,0.0,,,
ALL_LONG,10,EVENT_LOOSE,0.7,0.03,WF_2021_2022,40.0,503,-0.2142135220077177,-0.11376641428643908,-0.4469411259855842,1.62496069767575,26,0,0.5833333333333334,0.012973892554458764,0.0,,,
ALL_LONG,10,EVENT_BALANCED,0.8,0.05,WF_2019_2020,20.0,505,2.4880458156244454,0.8653222915810637,-0.3425580731623197,3.3810746081380647,54,0,0.75,0.013551132358013675,0.0,,,
ALL_LONG,10,EVENT_BALANCED,0.8,0.05,WF_2019_2020,40.0,505,2.4410756993787253,0.8527453540815046,-0.3430648322921239,3.3810746081380647,54,0,0.75,0.02710226471602735,0.0,,,
ALL_LONG,10,EVENT_BALANCED,0.8,0.05,WF_2021_2022,20.0,503,-0.26196167140409565,-0.14116778996216162,-0.47901772194360903,0.5967174678602023,8,0,0.4583333333333333,0.0023821340185212836,0.0,,,
ALL_LONG,10,EVENT_BALANCED,0.8,0.05,WF_2021_2022,40.0,503,-0.26371914238257865,-0.14219298946144687,-0.4795423461067637,0.5967174678602023,8,0,0.4583333333333333,0.004764268037042567,0.0,,,
ALL_LONG,10,EVENT_STRICT,0.85,0.1,WF_2019_2020,20.0,505,2.0321341929863106,0.7393910469664076,-0.3503763756639958,2.531339742861279,37,0,0.7916666666666666,0.010145448969404332,0.0,,,
ALL_LONG,10,EVENT_STRICT,0.85,0.1,WF_2019_2020,40.0,505,2.001511155306607,0.7306026606346494,-0.3507121557011835,2.531339742861279,37,0,0.7916666666666666,0.020290897938808665,0.0,,,
ALL_LONG,10,EVENT_STRICT,0.85,0.1,WF_2021_2022,20.0,503,-0.29584448784527295,-0.16115278156734025,-0.5176608573033962,0.552440357218063,6,0,0.5,0.002205376981592744,0.0,,,
ALL_LONG,10,EVENT_STRICT,0.85,0.1,WF_2021_2022,40.0,503,-0.29739708862029113,-0.16207992250333048,-0.5181306109031133,0.552440357218063,6,0,0.5,0.004410753963185488,0.0,,,
ALL_LONG,15,MONTHLY,,,WF_2019_2020,20.0,505,2.118911974317182,0.7640563215938221,-0.3700931962553722,3.471722426236884,24,0,0.75,0.013914443057536717,0.0,,,
ALL_LONG,15,MONTHLY,,,WF_2019_2020,40.0,505,2.075774118645941,0.7518386183294696,-0.370369298548351,3.471722426236884,24,0,0.75,0.027828886115073434,0.0,,,
ALL_LONG,15,MONTHLY,,,WF_2021_2022,20.0,503,-0.12867932247449443,-0.06668220772997202,-0.4486419490972873,2.5773799527010754,24,0,0.5,0.010289064414354294,0.0,,,
ALL_LONG,15,MONTHLY,,,WF_2021_2022,40.0,503,-0.13760537968627595,-0.07148460498500553,-0.45116486253576227,2.5773799527010754,24,0,0.5,0.02057812882870859,0.0,,,
ALL_LONG,15,WEEKLY,,,WF_2019_2020,20.0,505,1.9654218380656432,0.7201876620293322,-0.39289652160504096,8.847819944739308,105,0,0.7083333333333334,0.03546150057216945,0.0,,,
ALL_LONG,15,WEEKLY,,,WF_2019_2020,40.0,505,1.8620429155530251,0.6899969320111738,-0.3941804275649441,8.847819944739308,105,0,0.7083333333333334,0.0709230011443389,0.0,,,
ALL_LONG,15,WEEKLY,,,WF_2021_2022,20.0,503,-0.1413797935332357,-0.0735227738762051,-0.43639890519942914,5.840484576315002,104,0,0.5416666666666666,0.023315585253067032,0.0,,,
ALL_LONG,15,WEEKLY,,,WF_2021_2022,40.0,503,-0.16117674448240749,-0.08428704819359856,-0.44171207265591217,5.840484576315002,104,0,0.5416666666666666,0.046631170506134065,0.0,,,
ALL_LONG,15,DAILY,,,WF_2019_2020,20.0,505,1.951025337618952,0.7160152753055096,-0.40454538192878764,23.112567132280915,504,0,0.7916666666666666,0.09263370160160209,0.0,,,
ALL_LONG,15,DAILY,,,WF_2019_2020,40.0,505,1.6898408598325227,0.6384674623972708,-0.407064276958095,23.112567132280915,504,0,0.7083333333333334,0.18526740320320417,0.0,,,
ALL_LONG,15,DAILY,,,WF_2021_2022,20.0,503,-0.2105086503214677,-0.11167548478750533,-0.452210818709578,14.989664233918244,502,0,0.5416666666666666,0.0598396913465149,0.0,,,
ALL_LONG,15,DAILY,,,WF_2021_2022,40.0,503,-0.2563799955046082,-0.1379198394859581,-0.46688985628359825,14.989664233918244,502,0,0.5,0.1196793826930298,0.0,,,
ALL_LONG,15,EVENT_LOOSE,0.7,0.03,WF_2019_2020,20.0,505,1.9500751730885022,0.71573954073497,-0.34943882975698815,5.581022090056891,129,0,0.7916666666666666,0.022368382186339127,0.0,,,
ALL_LONG,15,EVENT_LOOSE,0.7,0.03,WF_2019_2020,40.0,505,1.884797443766646,0.6966884464920444,-0.3502154764066616,5.581022090056891,129,0,0.7916666666666666,0.044736764372678255,0.0,,,
ALL_LONG,15,EVENT_LOOSE,0.7,0.03,WF_2021_2022,20.0,503,-0.18642612685407844,-0.0982016671850704,-0.44285288635117426,1.752176574980787,43,0,0.5833333333333334,0.006994800136629649,0.0,,,
ALL_LONG,15,EVENT_LOOSE,0.7,0.03,WF_2021_2022,40.0,503,-0.1920993561618729,-0.10135763753125304,-0.44428127370755033,1.752176574980787,43,0,0.5833333333333334,0.013989600273259298,0.0,,,
ALL_LONG,15,EVENT_BALANCED,0.8,0.05,WF_2019_2020,20.0,505,2.1421570543650703,0.7706048090429005,-0.3346311044946936,3.560636118403414,79,0,0.7916666666666666,0.014270803490426382,0.0,,,
ALL_LONG,15,EVENT_BALANCED,0.8,0.05,WF_2019_2020,40.0,505,2.0976172769027874,0.7580357927662533,-0.33486991326040116,3.560636118403414,79,0,0.7916666666666666,0.028541606980852764,0.0,,,
ALL_LONG,15,EVENT_BALANCED,0.8,0.05,WF_2021_2022,20.0,503,-0.13214168639717627,-0.06854210097839841,-0.43583939766082935,0.9306301224453369,19,0,0.5833333333333334,0.0037151345364286074,0.0,,,
ALL_LONG,15,EVENT_BALANCED,0.8,0.05,WF_2021_2022,40.0,503,-0.13536177181962106,-0.07027517439015896,-0.4365989707449106,0.9306301224453369,19,0,0.5833333333333334,0.007430269072857215,0.0,,,
ALL_LONG,15,EVENT_STRICT,0.85,0.1,WF_2019_2020,20.0,505,2.1177754212406175,0.7637355116195399,-0.3453870216422136,3.1823370710608425,71,0,0.75,0.01275460492766449,0.0,,,
ALL_LONG,15,EVENT_STRICT,0.85,0.1,WF_2019_2020,40.0,505,2.078246817960805,0.7525412580500817,-0.3457750021107723,3.1823370710608425,71,0,0.75,0.02550920985532898,0.0,,,
ALL_LONG,15,EVENT_STRICT,0.85,0.1,WF_2021_2022,20.0,503,-0.09760128995820971,-0.05015028360231588,-0.40990929120616215,0.7843233924960302,15,0,0.5833333333333334,0.0031310687811547874,0.0,,,
ALL_LONG,15,EVENT_STRICT,0.85,0.1,WF_2021_2022,40.0,503,-0.10042414633014085,-0.051640046412907536,-0.4104683303916207,0.7843233924960302,15,0,0.5833333333333334,0.006262137562309575,0.0,,,
ALL_LONG,20,MONTHLY,,,WF_2019_2020,20.0,505,1.7454422163164298,0.6552815872005002,-0.3809487939880387,3.2141979274384207,24,0,0.75,0.012882301217114306,0.0,,,
ALL_LONG,20,MONTHLY,,,WF_2019_2020,40.0,505,1.710270801757456,0.644665634055785,-0.38128633616666974,3.2141979274384207,24,0,0.75,0.025764602434228612,0.0,,,
ALL_LONG,20,MONTHLY,,,WF_2021_2022,20.0,503,-0.10039000036255585,-0.05162201194706639,-0.43007781663178357,2.6155987576314574,24,0,0.5,0.010441636310227168,0.0,,,
ALL_LONG,20,MONTHLY,,,WF_2021_2022,40.0,503,-0.10974203022887408,-0.05657419280643361,-0.43271119410755254,2.6155987576314574,24,0,0.5,0.020883272620454335,0.0,,,
ALL_LONG,20,WEEKLY,,,WF_2019_2020,20.0,505,1.8676358724954216,0.6916441382401473,-0.4002489638534218,7.932098088696498,105,0,0.75,0.03179134551422009,0.0,,,
ALL_LONG,20,WEEKLY,,,WF_2019_2020,40.0,505,1.7778532364515116,0.665004195681963,-0.40131892017142756,7.932098088696498,105,0,0.75,0.06358269102844018,0.0,,,
ALL_LONG,20,WEEKLY,,,WF_2021_2022,20.0,503,-0.12838532765428856,-0.0665244512517712,-0.42202435773784064,5.667187280161419,104,0,0.5416666666666666,0.022623771443818993,0.0,,,
ALL_LONG,20,WEEKLY,,,WF_2021_2022,40.0,503,-0.1478916604373216,-0.0770496959008381,-0.4280609369619187,5.667187280161419,104,0,0.5,0.045247542887637986,0.0,,,
ALL_LONG,20,DAILY,,,WF_2019_2020,20.0,505,1.819350813258291,0.677369983892266,-0.4001643484077789,21.41547336331159,504,0,0.75,0.08583185752755834,0.0,,,
ALL_LONG,20,DAILY,,,WF_2019_2020,40.0,505,1.5873779068798486,0.6070195516281747,-0.4032645641032565,21.41547336331159,504,0,0.75,0.17166371505511668,0.0,,,
ALL_LONG,20,DAILY,,,WF_2021_2022,20.0,503,-0.1642793790413486,-0.08598550077289191,-0.4467964698186856,14.477887825519575,502,0,0.4583333333333333,0.05779664743044719,0.0,,,
ALL_LONG,20,DAILY,,,WF_2021_2022,40.0,503,-0.21122427824043488,-0.11207898368858416,-0.4630842801120907,14.477887825519575,502,0,0.4583333333333333,0.11559329486089438,0.0,,,
ALL_LONG,20,EVENT_LOOSE,0.7,0.03,WF_2019_2020,20.0,505,1.8985901825319695,0.7007316652892224,-0.384603001192229,6.1448719358048915,185,0,0.75,0.02462825656810691,0.0,,,
ALL_LONG,20,EVENT_LOOSE,0.7,0.03,WF_2019_2020,40.0,505,1.8280561359772083,0.6799524716297571,-0.38536895136133886,6.1448719358048915,185,0,0.75,0.04925651313621382,0.0,,,
ALL_LONG,20,EVENT_LOOSE,0.7,0.03,WF_2021_2022,20.0,503,-0.11555538645478791,-0.059665631831888444,-0.41488448876630146,2.456866223777365,75,0,0.5833333333333334,0.009807965956825513,0.0,,,
ALL_LONG,20,EVENT_LOOSE,0.7,0.03,WF_2021_2022,40.0,503,-0.12419038069975885,-0.0642763447957787,-0.4176169978160905,2.456866223777365,75,0,0.5833333333333334,0.019615931913651026,0.0,,,
ALL_LONG,20,EVENT_BALANCED,0.8,0.05,WF_2019_2020,20.0,505,1.6862708681989464,0.6373819568341801,-0.4129431343641523,4.2047849697972195,116,0,0.75,0.01685251118847298,0.0,,,
ALL_LONG,20,EVENT_BALANCED,0.8,0.05,WF_2019_2020,40.0,505,1.64136593679263,0.6236657676110022,-0.41362219385032084,4.2047849697972195,116,0,0.75,0.03370502237694596,0.0,,,
ALL_LONG,20,EVENT_BALANCED,0.8,0.05,WF_2021_2022,20.0,503,-0.15028239082071948,-0.07834792396759982,-0.41551593897009675,1.1688530945991769,35,0,0.5416666666666666,0.00466613576653481,0.0,,,
ALL_LONG,20,EVENT_BALANCED,0.8,0.05,WF_2021_2022,40.0,503,-0.1542398577552503,-0.08050094258791551,-0.41641547778189447,1.1688530945991769,35,0,0.5416666666666666,0.00933227153306962,0.0,,,
ALL_LONG,20,EVENT_STRICT,0.85,0.1,WF_2019_2020,20.0,505,1.7433294587951558,0.6546458141156768,-0.4109112828003979,3.956759304294648,108,0,0.75,0.01585844006879998,0.0,,,
ALL_LONG,20,EVENT_STRICT,0.85,0.1,WF_2019_2020,40.0,505,1.7001539616515324,0.641599256455879,-0.4117600540573644,3.956759304294648,108,0,0.75,0.03171688013759996,0.0,,,
ALL_LONG,20,EVENT_STRICT,0.85,0.1,WF_2021_2022,20.0,503,-0.11331595091182245,-0.05847354281662276,-0.3902938621483828,0.9615429577709579,27,0,0.5416666666666666,0.0038385405377681886,0.0,,,
ALL_LONG,20,EVENT_STRICT,0.85,0.1,WF_2021_2022,40.0,503,-0.11671476656998425,-0.060283381018927384,-0.39107753537262857,0.9615429577709579,27,0,0.5416666666666666,0.007677081075536377,0.0,,,
ALL_MEDIUM,5,MONTHLY,,,WF_2019_2020,20.0,505,2.650962876814717,0.9083009631630394,-0.31845794539041106,4.485876838434625,24,0,0.75,0.017979109550868934,0.0,,,
ALL_MEDIUM,5,MONTHLY,,,WF_2019_2020,40.0,505,2.585822053450855,0.8912340100411313,-0.319297283700415,4.485876838434625,24,0,0.75,0.03595821910173787,0.0,,,
ALL_MEDIUM,5,MONTHLY,,,WF_2021_2022,20.0,503,-0.4103027510973549,-0.2324855725007362,-0.6071791066528598,2.066494498488341,24,0,0.4166666666666667,0.00824957724396536,0.0,,,
ALL_MEDIUM,5,MONTHLY,,,WF_2021_2022,40.0,503,-0.4151510972393567,-0.2356535148525004,-0.6088396606403724,2.066494498488341,24,0,0.4166666666666667,0.01649915448793072,0.0,,,
ALL_MEDIUM,5,WEEKLY,,,WF_2019_2020,20.0,505,2.590568672318527,0.8924828480987179,-0.3029101284030089,10.397473718338283,105,0,0.7083333333333334,0.04167241450603836,0.0,,,
ALL_MEDIUM,5,WEEKLY,,,WF_2019_2020,40.0,505,2.443889065558546,0.8535010864344736,-0.30383783280570587,10.397473718338283,105,0,0.7083333333333334,0.08334482901207672,0.0,,,
ALL_MEDIUM,5,WEEKLY,,,WF_2021_2022,20.0,503,-0.263928329076072,-0.14231509728258318,-0.5542549477304113,6.835720169774654,104,0,0.4583333333333333,0.02728862893171945,0.0,,,
ALL_MEDIUM,5,WEEKLY,,,WF_2021_2022,40.0,503,-0.28375742264744985,-0.15396955498331188,-0.5619059779862146,6.835720169774654,104,0,0.4583333333333333,0.0545772578634389,0.0,,,
ALL_MEDIUM,5,DAILY,,,WF_2019_2020,20.0,505,2.4842969342563612,0.8643216016481738,-0.34617506432812484,28.65124321893539,504,0,0.7083333333333334,0.11483236369493947,0.0,,,
ALL_MEDIUM,5,DAILY,,,WF_2019_2020,40.0,505,2.106044100018896,0.7604207321546788,-0.35029218390580896,28.65124321893539,504,0,0.6666666666666666,0.22966472738987895,0.0,,,
ALL_MEDIUM,5,DAILY,,,WF_2021_2022,20.0,503,-0.38641547588314407,-0.21706386393706523,-0.5909066687001056,16.552426334765737,502,0,0.4166666666666667,0.0660783368760886,0.0,,,
ALL_MEDIUM,5,DAILY,,,WF_2021_2022,40.0,503,-0.42567276247717767,-0.24257383697283352,-0.6066475070561266,16.552426334765737,502,0,0.3333333333333333,0.1321566737521772,0.0,,,
ALL_MEDIUM,5,EVENT_LOOSE,0.7,0.03,WF_2019_2020,20.0,505,2.530488203251021,0.8766140852943736,-0.3549038690033238,4.803119771138544,38,0,0.75,0.01925059908273781,0.0,,,
ALL_MEDIUM,5,EVENT_LOOSE,0.7,0.03,WF_2019_2020,40.0,505,2.4631163349197673,0.8586576973610744,-0.35564301871792636,4.803119771138544,38,0,0.75,0.03850119816547562,0.0,,,
ALL_MEDIUM,5,EVENT_LOOSE,0.7,0.03,WF_2021_2022,20.0,503,-0.3630719364864461,-0.20228005405961436,-0.565163900104988,0.7982030508550997,6,0,0.4166666666666667,0.0031864772585723424,0.0,,,
ALL_MEDIUM,5,EVENT_LOOSE,0.7,0.03,WF_2021_2022,40.0,503,-0.365100227600029,-0.20355375769128758,-0.5657001569212321,0.7982030508550997,6,0,0.4166666666666667,0.006372954517144685,0.0,,,
ALL_MEDIUM,5,EVENT_BALANCED,0.8,0.05,WF_2019_2020,20.0,505,2.5848355598838495,0.8909743591081991,-0.30617061529521505,2.7700641072283143,24,0,0.75,0.011102241064684909,0.0,,,
ALL_MEDIUM,5,EVENT_BALANCED,0.8,0.05,WF_2019_2020,40.0,505,2.5452261376369836,0.8805191889167991,-0.30642177369577306,2.7700641072283143,24,0,0.75,0.022204482129369818,0.0,,,
ALL_MEDIUM,5,EVENT_BALANCED,0.8,0.05,WF_2021_2022,20.0,503,-0.4731863730041942,-0.2746429821366074,-0.6394684469360654,0.5719346538354751,4,0,0.375,0.0022831994514225717,0.0,,,
ALL_MEDIUM,5,EVENT_BALANCED,0.8,0.05,WF_2021_2022,40.0,503,-0.4743890764324935,-0.27547308805820137,-0.6397636229789867,0.5719346538354751,4,0,0.375,0.004566398902845143,0.0,,,
ALL_MEDIUM,5,EVENT_STRICT,0.85,0.1,WF_2019_2020,20.0,505,2.580825708138629,0.8899185737926758,-0.3046422055217496,2.221101775166448,19,0,0.7083333333333334,0.008902034892532192,0.0,,,
ALL_MEDIUM,5,EVENT_STRICT,0.85,0.1,WF_2019_2020,40.0,505,2.549066202102801,0.8815353527099445,-0.30495309065170695,2.221101775166448,19,0,0.7083333333333334,0.017804069785064384,0.0,,,
ALL_MEDIUM,5,EVENT_STRICT,0.85,0.1,WF_2021_2022,20.0,503,-0.39849764766800266,-0.22482596184124637,-0.6096115374395719,0.31472585882493465,2,0,0.4166666666666667,0.0012564056110233501,0.0,,,
ALL_MEDIUM,5,EVENT_STRICT,0.85,0.1,WF_2021_2022,40.0,503,-0.39925386583563316,-0.22531436430355967,-0.6097116609040691,0.31472585882493465,2,0,0.4166666666666667,0.0025128112220467002,0.0,,,
ALL_MEDIUM,10,MONTHLY,,,WF_2019_2020,20.0,505,2.349210305491515,0.827895924177954,-0.33271186447833634,3.829109924251473,24,0,0.7083333333333334,0.015346829458309477,0.0,,,
ALL_MEDIUM,10,MONTHLY,,,WF_2019_2020,40.0,505,2.2981464856118268,0.8139354643684367,-0.33287361945064375,3.829109924251473,24,0,0.7083333333333334,0.030693658916618953,0.0,,,
ALL_MEDIUM,10,MONTHLY,,,WF_2021_2022,20.0,503,-0.15060982377343668,-0.0785258703192877,-0.4653335832135287,3.5462315153373796,24,0,0.5416666666666666,0.01415678136678335,0.0,,,
ALL_MEDIUM,10,MONTHLY,,,WF_2021_2022,40.0,503,-0.16256146654658155,-0.08504468846232083,-0.4686727777886621,3.5462315153373796,24,0,0.5416666666666666,0.0283135627335667,0.0,,,
ALL_MEDIUM,10,WEEKLY,,,WF_2019_2020,20.0,505,2.6995678823039033,0.9209363486329063,-0.3260702996773064,10.128005881038955,105,0,0.7916666666666666,0.04059240452321168,0.0,,,
ALL_MEDIUM,10,WEEKLY,,,WF_2019_2020,40.0,505,2.5522955832807086,0.8823894902287328,-0.32750292448518803,10.128005881038955,105,0,0.7916666666666666,0.08118480904642336,0.0,,,
ALL_MEDIUM,10,WEEKLY,,,WF_2021_2022,20.0,503,-0.24284705221561154,-0.1300952285937701,-0.4820152305586698,7.391728561183118,104,0,0.5,0.029508249732342128,0.0,,,
ALL_MEDIUM,10,WEEKLY,,,WF_2021_2022,40.0,503,-0.2648763671457848,-0.14286870944691177,-0.49020518530855195,7.391728561183118,104,0,0.5,0.059016499464684256,0.0,,,
ALL_MEDIUM,10,DAILY,,,WF_2019_2020,20.0,505,2.3286788697016942,0.8222956928386296,-0.3595076424721987,26.487031970727806,504,0,0.75,0.10615834242236144,0.0,,,
ALL_MEDIUM,10,DAILY,,,WF_2019_2020,40.0,505,1.993267722764453,0.7282292452967682,-0.36337245627213466,26.487031970727806,504,0,0.75,0.21231668484472288,0.0,,,
ALL_MEDIUM,10,DAILY,,,WF_2021_2022,20.0,503,-0.23851038081837106,-0.12760259832213428,-0.4953996589746804,19.32215586489034,502,0,0.4583333333333333,0.07713527301618923,0.0,,,
ALL_MEDIUM,10,DAILY,,,WF_2021_2022,40.0,503,-0.2950624815222014,-0.1606861900723705,-0.5164935683221767,19.32215586489034,502,0,0.4583333333333333,0.15427054603237847,0.0,,,
ALL_MEDIUM,10,EVENT_LOOSE,0.7,0.03,WF_2019_2020,20.0,505,1.928368318931621,0.7094281216211376,-0.361368542002363,5.136575906885761,91,0,0.75,0.020587070102994518,0.0,,,
ALL_MEDIUM,10,EVENT_LOOSE,0.7,0.03,WF_2019_2020,40.0,505,1.868673899782642,0.6919496750660259,-0.36193002658800555,5.136575906885761,91,0,0.75,0.041174140205989036,0.0,,,
ALL_MEDIUM,10,EVENT_LOOSE,0.7,0.03,WF_2021_2022,20.0,503,-0.20697510139484732,-0.1096858023418622,-0.4417805606702222,1.7961017017141714,27,0,0.5416666666666666,0.007170152031446256,0.0,,,
ALL_MEDIUM,10,EVENT_LOOSE,0.7,0.03,WF_2021_2022,40.0,503,-0.2126440147052402,-0.11288002748419734,-0.44350289322237113,1.7961017017141714,27,0,0.5416666666666666,0.014340304062892512,0.0,,,
ALL_MEDIUM,10,EVENT_BALANCED,0.8,0.05,WF_2019_2020,20.0,505,2.260201622729471,0.8034913629578104,-0.3473737121451733,3.76905372657574,62,0,0.75,0.015106128031117055,0.0,,,
ALL_MEDIUM,10,EVENT_BALANCED,0.8,0.05,WF_2019_2020,40.0,505,2.211300478296598,0.7899413778654187,-0.34782380785725353,3.76905372657574,62,0,0.75,0.03021225606223411,0.0,,,
ALL_MEDIUM,10,EVENT_BALANCED,0.8,0.05,WF_2021_2022,20.0,503,-0.10951120798674285,-0.056451653899774135,-0.42502130574077446,0.8671426730953768,12,0,0.5833333333333334,0.003461688607674401,0.0,,,
ALL_MEDIUM,10,EVENT_BALANCED,0.8,0.05,WF_2021_2022,40.0,503,-0.11259058874439021,-0.058087742595263614,-0.4253825216836581,0.8671426730953768,12,0,0.5833333333333334,0.006923377215348802,0.0,,,
ALL_MEDIUM,10,EVENT_STRICT,0.85,0.1,WF_2019_2020,20.0,505,1.9983803010548007,0.7297016229819961,-0.35020018664490027,3.0696331193232815,50,0,0.75,0.012302894644906803,0.0,,,
ALL_MEDIUM,10,EVENT_STRICT,0.85,0.1,WF_2019_2020,40.0,505,1.9617004157652476,0.7191100956003953,-0.35092833556024283,3.0696331193232815,50,0,0.75,0.024605789289813607,0.0,,,
ALL_MEDIUM,10,EVENT_STRICT,0.85,0.1,WF_2021_2022,20.0,503,-0.28043585706112506,-0.15200619647335223,-0.5105949416320585,0.7214269459199023,10,0,0.4583333333333333,0.0028799821729977053,0.0,,,
ALL_MEDIUM,10,EVENT_STRICT,0.85,0.1,WF_2021_2022,40.0,503,-0.28250672164515156,-0.15322974051443095,-0.511306302506058,0.7214269459199023,10,0,0.4583333333333333,0.0057599643459954105,0.0,,,
ALL_MEDIUM,15,MONTHLY,,,WF_2019_2020,20.0,505,1.959399230581401,0.7184434303050473,-0.39425133264982315,3.895532163394197,24,0,0.7083333333333334,0.015613045575508489,0.0,,,
ALL_MEDIUM,15,MONTHLY,,,WF_2019_2020,40.0,505,1.9135058878051225,0.705093238880026,-0.39467562095153275,3.895532163394197,24,0,0.7083333333333334,0.031226091151016978,0.0,,,
ALL_MEDIUM,15,MONTHLY,,,WF_2021_2022,20.0,503,-0.06765826464845837,-0.03448879265850868,-0.4253742025283307,2.5433805926855473,24,0,0.5416666666666666,0.01015333681048278,0.0,,,
ALL_MEDIUM,15,MONTHLY,,,WF_2021_2022,40.0,503,-0.07708411488272393,-0.03939148841049145,-0.4277707795637956,2.5433805926855473,24,0,0.5416666666666666,0.02030667362096556,0.0,,,
ALL_MEDIUM,15,WEEKLY,,,WF_2019_2020,20.0,505,2.1543496556252983,0.7740299445830914,-0.3943644670330362,9.42233803346951,105,0,0.7083333333333334,0.037764132594461125,0.0,,,
ALL_MEDIUM,15,WEEKLY,,,WF_2019_2020,40.0,505,2.0373731746574295,0.7408901000381769,-0.3959616658077506,9.42233803346951,105,0,0.7083333333333334,0.07552826518892225,0.0,,,
ALL_MEDIUM,15,WEEKLY,,,WF_2021_2022,20.0,503,-0.09840593793331753,-0.05057469942102544,-0.4248945488039898,5.847729569514025,104,0,0.5833333333333334,0.0233445077259171,0.0,,,
ALL_MEDIUM,15,WEEKLY,,,WF_2021_2022,40.0,503,-0.11921909559821897,-0.06161913792568985,-0.4301194366043122,5.847729569514025,104,0,0.5833333333333334,0.0466890154518342,0.0,,,
ALL_MEDIUM,15,DAILY,,,WF_2019_2020,20.0,505,2.284884098174217,0.8102919466754663,-0.3921969357027999,24.204059665579305,504,0,0.7916666666666666,0.09700833437394882,0.0,,,
ALL_MEDIUM,15,DAILY,,,WF_2019_2020,40.0,505,1.9810697200085423,0.7247112303042833,-0.3952298381279682,24.204059665579305,504,0,0.75,0.19401666874789764,0.0,,,
ALL_MEDIUM,15,DAILY,,,WF_2021_2022,20.0,503,-0.1456287877794169,-0.07582257119026092,-0.4389822707996581,14.132811926231414,502,0,0.5416666666666666,0.056419082530907945,0.0,,,
ALL_MEDIUM,15,DAILY,,,WF_2021_2022,40.0,503,-0.19251085193774742,-0.1015869787267023,-0.4534232701846289,14.132811926231414,502,0,0.5416666666666666,0.11283816506181589,0.0,,,
ALL_MEDIUM,15,EVENT_LOOSE,0.7,0.03,WF_2019_2020,20.0,505,1.7107697936195612,0.6448167281637838,-0.37660123649413046,6.289949878837989,150,0,0.7916666666666666,0.02520971975248559,0.0,,,
ALL_MEDIUM,15,EVENT_LOOSE,0.7,0.03,WF_2019_2020,40.0,505,1.6432652396515688,0.6242482640055895,-0.37751476843161513,6.289949878837989,150,0,0.7916666666666666,0.05041943950497118,0.0,,,
ALL_MEDIUM,15,EVENT_LOOSE,0.7,0.03,WF_2021_2022,20.0,503,-0.04727723516026372,-0.02397180553001166,-0.4065196822942776,2.3193217718181507,52,0,0.5833333333333334,0.009258879771623253,0.0,,,
ALL_MEDIUM,15,EVENT_LOOSE,0.7,0.03,WF_2021_2022,40.0,503,-0.05606124994148942,-0.02849061420712906,-0.4083521122999052,2.3193217718181507,52,0,0.5833333333333334,0.018517759543246505,0.0,,,
ALL_MEDIUM,15,EVENT_BALANCED,0.8,0.05,WF_2019_2020,20.0,505,2.1433887095503183,0.7709511065910397,-0.3587544273920791,4.1293577282518745,93,0,0.75,0.016550203593390447,0.0,,,
ALL_MEDIUM,15,EVENT_BALANCED,0.8,0.05,WF_2019_2020,40.0,505,2.0917746363160825,0.7563803139482002,-0.35950527547804945,4.1293577282518745,93,0,0.75,0.033100407186780895,0.0,,,
ALL_MEDIUM,15,EVENT_BALANCED,0.8,0.05,WF_2021_2022,20.0,503,-0.08937500736038173,-0.04582207504085911,-0.4218090235139772,0.9012797974357014,19,0,0.625,0.003597966175477443,0.0,,,
ALL_MEDIUM,15,EVENT_BALANCED,0.8,0.05,WF_2021_2022,40.0,503,-0.09264744342449394,-0.04754150087245668,-0.4225585882779981,0.9012797974357014,19,0,0.625,0.007195932350954886,0.0,,,
ALL_MEDIUM,15,EVENT_STRICT,0.85,0.1,WF_2019_2020,20.0,505,2.0133408898420146,0.7340029308807727,-0.32417393180515963,3.4997143064426024,79,0,0.75,0.014026632736139001,0.0,,,
ALL_MEDIUM,15,EVENT_STRICT,0.85,0.1,WF_2019_2020,40.0,505,1.9713537798362304,0.721903901691946,-0.32504300843697853,3.4997143064426024,79,0,0.75,0.028053265472278002,0.0,,,
ALL_MEDIUM,15,EVENT_STRICT,0.85,0.1,WF_2021_2022,20.0,503,-0.15040596787891902,-0.07841507899877365,-0.4443918895575938,0.8316649614148234,18,0,0.5833333333333334,0.003320059330092509,0.0,,,
ALL_MEDIUM,15,EVENT_STRICT,0.85,0.1,WF_2021_2022,40.0,503,-0.15322367781274526,-0.07994762163657443,-0.44511819125218244,0.8316649614148234,18,0,0.5833333333333334,0.006640118660185018,0.0,,,
ALL_MEDIUM,20,MONTHLY,,,WF_2019_2020,20.0,505,1.7720905848967607,0.6632796948190105,-0.37851037452651215,3.4577229546194217,24,0,0.7083333333333334,0.01385833406414927,0.0,,,
ALL_MEDIUM,20,MONTHLY,,,WF_2019_2020,40.0,505,1.7339036409185287,0.6518063946545178,-0.37890492910083196,3.4577229546194217,24,0,0.7083333333333334,0.02771666812829854,0.0,,,
ALL_MEDIUM,20,MONTHLY,,,WF_2021_2022,20.0,503,-0.049681193921165545,-0.025206413461032695,-0.4141827608646258,2.6832676992840865,24,0,0.5416666666666666,0.010711775021745203,0.0,,,
ALL_MEDIUM,20,MONTHLY,,,WF_2021_2022,40.0,503,-0.05981443193415814,-0.030427780256502945,-0.41682655016652415,2.6832676992840865,24,0,0.5416666666666666,0.021423550043490405,0.0,,,
ALL_MEDIUM,20,WEEKLY,,,WF_2019_2020,20.0,505,1.889128694906323,0.6979591553664117,-0.41635154054102974,8.588275793208448,105,0,0.75,0.03442126409182752,0.0,,,
ALL_MEDIUM,20,WEEKLY,,,WF_2019_2020,40.0,505,1.7913146910831186,0.6690256297883128,-0.4176392754464481,8.588275793208448,105,0,0.75,0.06884252818365504,0.0,,,
ALL_MEDIUM,20,WEEKLY,,,WF_2021_2022,20.0,503,-0.05690506420331398,-0.02892580480053364,-0.4108320258178554,6.26114191680632,104,0,0.5416666666666666,0.024994876064710944,0.0,,,
ALL_MEDIUM,20,WEEKLY,,,WF_2021_2022,40.0,503,-0.08019619152092794,-0.04101566405685664,-0.41714407776909324,6.26114191680632,104,0,0.5416666666666666,0.04998975212942189,0.0,,,
ALL_MEDIUM,20,DAILY,,,WF_2019_2020,20.0,505,1.9043364017051583,0.7024132735262401,-0.40154903966301236,22.338728605023203,504,0,0.7916666666666666,0.08953220591695807,0.0,,,
ALL_MEDIUM,20,DAILY,,,WF_2019_2020,40.0,505,1.6555169802773104,0.6280007169406927,-0.4041251899760012,22.338728605023203,504,0,0.7916666666666666,0.17906441183391614,0.0,,,
ALL_MEDIUM,20,DAILY,,,WF_2021_2022,20.0,503,-0.10214558782720506,-0.052549682632506256,-0.43333682196969414,16.085649432526594,502,0,0.5416666666666666,0.06421493384572124,0.0,,,
ALL_MEDIUM,20,DAILY,,,WF_2021_2022,40.0,503,-0.15800454387484908,-0.0825537515560939,-0.4490792672712959,16.085649432526594,502,0,0.5416666666666666,0.1284298676914425,0.0,,,
ALL_MEDIUM,20,EVENT_LOOSE,0.7,0.03,WF_2019_2020,20.0,505,2.2555863142561017,0.8022168812925885,-0.39926525467364127,7.420207361827982,207,0,0.7916666666666666,0.02973971998192962,0.0,,,
ALL_MEDIUM,20,EVENT_LOOSE,0.7,0.03,WF_2019_2020,40.0,505,2.16016547894089,0.775661384335341,-0.4004692426774713,7.420207361827982,207,0,0.7916666666666666,0.05947943996385924,0.0,,,
ALL_MEDIUM,20,EVENT_LOOSE,0.7,0.03,WF_2021_2022,20.0,503,-0.03114632873571921,-0.015727310889461665,-0.3774473799307362,2.807915159824057,83,0,0.6666666666666666,0.011209375598345245,0.0,,,
ALL_MEDIUM,20,EVENT_LOOSE,0.7,0.03,WF_2021_2022,40.0,503,-0.0419494292243241,-0.02124111752148994,-0.38052178924727775,2.807915159824057,83,0,0.6666666666666666,0.02241875119669049,0.0,,,
ALL_MEDIUM,20,EVENT_BALANCED,0.8,0.05,WF_2019_2020,20.0,505,1.9938510877221702,0.7283973129312225,-0.3842342246161218,4.422281278316045,132,0,0.7916666666666666,0.017724222583727002,0.0,,,
ALL_MEDIUM,20,EVENT_BALANCED,0.8,0.05,WF_2019_2020,40.0,505,1.9412394347854924,0.7131733053870282,-0.3850249781180335,4.422281278316045,132,0,0.7916666666666666,0.035448445167454004,0.0,,,
ALL_MEDIUM,20,EVENT_BALANCED,0.8,0.05,WF_2021_2022,20.0,503,-0.11489005752510872,-0.059311308997265444,-0.4345581732592342,1.6760650821011052,51,0,0.5833333333333334,0.006690958224578223,0.0,,,
ALL_MEDIUM,20,EVENT_BALANCED,0.8,0.05,WF_2021_2022,40.0,503,-0.12079472962862581,-0.06246051976010636,-0.43594360688194167,1.6760650821011052,51,0,0.5833333333333334,0.013381916449156445,0.0,,,
ALL_MEDIUM,20,EVENT_STRICT,0.85,0.1,WF_2019_2020,20.0,505,1.9444279446344943,0.7140998150590576,-0.38717587783235097,4.227105009644211,119,0,0.75,0.01694196849103434,0.0,,,
ALL_MEDIUM,20,EVENT_STRICT,0.85,0.1,WF_2019_2020,40.0,505,1.8949487149474722,0.6996651395864129,-0.3883040384615031,4.227105009644211,119,0,0.75,0.03388393698206868,0.0,,,
ALL_MEDIUM,20,EVENT_STRICT,0.85,0.1,WF_2021_2022,20.0,503,-0.09450013152317593,-0.04851632502936776,-0.4237890295508173,1.546922649527034,45,0,0.5833333333333334,0.006175413434223002,0.0,,,
ALL_MEDIUM,20,EVENT_STRICT,0.85,0.1,WF_2021_2022,40.0,503,-0.10007694765547293,-0.05145668657514457,-0.42509946764684037,1.546922649527034,45,0,0.5416666666666666,0.012350826868446005,0.0,,,
