signal_date,held_ticker,candidate_ticker,held_score,candidate_score,held_expected_return,candidate_expected_return,expected_incremental_return,estimated_total_cost,uncertainty_buffer,net_edge,trade
2019-01-03,MCO,ANET,0.9382716049382716,0.9465020576131687,0.023357926660965644,0.024298625755584433,0.0009406990946187882,0.002,0.008273550569518359,-0.00933285147489957,False
2019-01-04,MCO,VRTX,0.9338842975206612,0.9421487603305785,0.022856479622925065,0.023801065903885237,0.0009445862809601725,0.002,0.008233028684103683,-0.009288442403143513,False
2019-01-07,MCO,ANET,0.9338842975206612,0.9504132231404959,0.022856479622925065,0.024745652184845427,0.0018891725619203624,0.002,0.00827201809383304,-0.008382845531912677,False
2019-01-08,MCO,ANET,0.9336099585062241,0.946058091286307,0.022825124061731365,0.024247882650895447,0.0014227585891640818,0.002,0.008250168044931077,-0.008827409455766995,False
2019-01-09,MCO,VRTX,0.9336099585062241,0.941908713692946,0.022825124061731365,0.023773629787840755,0.0009485057261093902,0.002,0.008230645749813652,-0.009282140023704262,False
2019-01-10,MCO,ANET,0.9336099585062241,0.941908713692946,0.022825124061731365,0.023773629787840755,0.0009485057261093902,0.002,0.008230645749813652,-0.009282140023704262,False
2019-01-11,MCO,VRTX,0.9291666666666667,0.9458333333333333,0.02231727828754363,0.02422219395414665,0.0019049156666030194,0.002,0.008228936573354537,-0.008324020906751517,False
2019-01-14,MCO,VRTX,0.9330543933054394,0.9414225941422594,0.022761625770443713,0.02371806878296405,0.0009564430125203367,0.002,0.00822582009193575,-0.009269377079415414,False
2019-01-15,AZO,VRTX,0.9330543933054394,0.9456066945606695,0.022761625770443713,0.02419629028922423,0.0014346645187805172,0.002,0.008245508544866706,-0.008810844026086189,False
2019-01-16,AZO,VRTX,0.9372384937238494,0.9497907949790795,0.02323984727670388,0.0246745117954844,0.0014346645187805207,0.002,0.008284302237065982,-0.008849637718285461,False
2019-01-17,NFLX,VRTX,0.8571428571428571,0.9537815126050421,0.020465291723365156,0.0251306306270855,0.004665338903720343,0.002,0.008396572859436284,-0.005731233955715941,False
2019-01-18,NFLX,VRTX,0.8491379310344828,0.9525862068965517,0.020465291723365156,0.0249940132328565,0.004528721509491344,0.002,0.008489635999518106,-0.005960914490026762,False
2019-01-22,NFLX,VRTX,0.847457627118644,0.9576271186440678,0.020465291723365156,0.0255701639385649,0.005104872215199743,0.002,0.008533156474211104,-0.005428284259011362,False
2019-01-23,NFLX,VRTX,0.8389830508474576,0.9576271186440678,0.020465291723365156,0.0255701639385649,0.005104872215199743,0.002,0.008640082392042035,-0.005535210176842291,False
2019-01-24,NFLX,VRTX,0.8008474576271186,0.9533898305084746,0.01929522168634219,0.02508586334536074,0.005790641659018551,0.002,0.008455615160705093,-0.004664973501686542,False
2019-01-25,NFLX,KLAC,0.7974137931034483,0.9525862068965517,0.019128877791181637,0.0249940132328565,0.005865135441674864,0.002,0.008404559261080417,-0.004539423819405553,False
2019-01-28,NFLX,KLAC,0.8008474576271186,0.9533898305084746,0.01929522168634219,0.02508586334536074,0.005790641659018551,0.002,0.008455615160705093,-0.004664973501686542,False
2019-01-29,NFLX,KLAC,0.8,0.9574468085106383,0.019254166597323843,0.025549555402683874,0.006295388805360031,0.002,0.008462357076694838,-0.004166968271334807,False
2019-01-30,MCO,KLAC,0.8936170212765957,0.9787234042553191,0.020977541911274412,0.02755579637070195,0.006578254459427536,0.002,0.008314644242186836,-0.0037363897827592998,False
2019-01-31,MCO,KLAC,0.759656652360515,0.9785407725321889,0.018043041471282523,0.02755579637070195,0.009512754899419426,0.002,0.008201089748673836,-0.0006883348492544104,False
2019-02-01,MCO,KLAC,0.7553648068669528,0.9785407725321889,0.018043041471282523,0.02755579637070195,0.009512754899419426,0.002,0.008194315642166888,-0.000681560742747462,False
2019-02-04,MCO,KLAC,0.75,0.9827586206896551,0.018043041471282523,0.02755579637070195,0.009512754899419426,0.002,0.008185881799178821,-0.0006731268997593942,False
2019-02-05,MCO,KLAC,0.7662337662337663,0.9826839826839827,0.018043041471282523,0.02755579637070195,0.009512754899419426,0.002,0.008211517101345819,-0.0006987622019263935,False
2019-02-06,MCO,KLAC,0.7748917748917749,0.9826839826839827,0.018043041471282523,0.02755579637070195,0.009512754899419426,0.002,0.008225328031561422,-0.0007125731321419955,False
2019-02-07,MCO,KLAC,0.7695652173913043,0.9826086956521739,0.018043041471282523,0.02755579637070195,0.009512754899419426,0.002,0.008216819991355491,-0.0007040650919360649,False
2019-02-08,MCO,KLAC,0.7565217391304347,0.9826086956521739,0.018043041471282523,0.02755579637070195,0.009512754899419426,0.002,0.00819613934765724,-0.0006833844482378136,False
2019-02-11,MCO,TTWO,0.7608695652173914,0.9826086956521739,0.018043041471282523,0.02755579637070195,0.009512754899419426,0.002,0.008203008501662473,-0.0006902536022430463,False
2019-02-12,MCO,KLAC,0.7608695652173914,0.9826086956521739,0.018043041471282523,0.02755579637070195,0.009512754899419426,0.002,0.008203008501662473,-0.0006902536022430463,False
2019-02-13,MCO,SHOP,0.7608695652173914,0.991304347826087,0.018043041471282523,0.02755579637070195,0.009512754899419426,0.002,0.008203008501662473,-0.0006902536022430463,False
2019-02-14,MCO,SHOP,0.7510917030567685,0.9956331877729258,0.018043041471282523,0.02755579637070195,0.009512754899419426,0.002,0.008187594975428985,-0.0006748400760095584,False
2019-02-15,MCO,SHOP,0.7685589519650655,0.9912663755458515,0.018043041471282523,0.02755579637070195,0.009512754899419426,0.002,0.00821521675576592,-0.0007024618563464926,False
2019-02-19,MCO,SHOP,0.7685589519650655,0.9912663755458515,0.018043041471282523,0.02755579637070195,0.009512754899419426,0.002,0.00821521675576592,-0.0007024618563464926,False
2019-02-20,MCO,SHOP,0.7554585152838428,0.9912663755458515,0.018043041471282523,0.02755579637070195,0.009512754899419426,0.002,0.008194463292520293,-0.0006817083931008683,False
2019-02-21,MCO,SHOP,0.7467248908296943,0.982532751091703,0.018043041471282523,0.02755579637070195,0.009512754899419426,0.002,0.008180751678054094,-0.0006679967786346677,False
2019-02-22,MCO,SHOP,0.7268722466960352,0.9955947136563876,0.018043041471282523,0.02755579637070195,0.009512754899419426,0.002,0.008149960203398615,-0.0006372053039791891,False
2019-02-25,MCO,SHOP,0.7074235807860262,0.9956331877729258,0.018034183323179517,0.02755579637070195,0.009521613047522432,0.002,0.008142461106989213,-0.0006208480594667798,False
2019-02-26,ORLY,SHOP,0.8427947598253275,0.9912663755458515,0.020465291723365156,0.02755579637070195,0.007090504647336793,0.002,0.008669212685395136,-0.003578708038058343,False
2019-02-27,MELI,SNPS,0.8370044052863436,0.9955947136563876,0.020465291723365156,0.02755579637070195,0.007090504647336793,0.002,0.008741441859920405,-0.0036509372125836117,False
2019-02-28,MELI,CDNS,0.8333333333333334,0.9868421052631579,0.020465291723365156,0.02755579637070195,0.007090504647336793,0.002,0.00878785692670884,-0.003697352279372047,False
2019-03-01,MELI,CDNS,0.8859649122807017,0.9868421052631579,0.020766992961858077,0.02755579637070195,0.0067888034088438715,0.002,0.008305633828667874,-0.003516830419824002,False
2019-03-04,MELI,CDNS,0.8810572687224669,0.986784140969163,0.020631958398726443,0.02755579637070195,0.006923837971975506,0.002,0.008299873182234218,-0.003376035210258713,False
2019-03-05,MELI,CDNS,0.8805309734513275,0.9867256637168141,0.020617477303843886,0.02755579637070195,0.006938319066858063,0.002,0.008299256256537131,-0.0033609371896790694,False
2019-03-06,MELI,CDNS,0.8805309734513275,0.9867256637168141,0.020617477303843886,0.02755579637070195,0.006938319066858063,0.002,0.008299256256537131,-0.0033609371896790694,False
2019-03-07,MELI,CDNS,0.8628318584070797,0.9867256637168141,0.020465291723365156,0.02755579637070195,0.007090504647336793,0.002,0.008429517936764316,-0.0033390132894275232,False
2019-03-08,ADSK,CDNS,0.8303571428571429,0.9866071428571429,0.020465291723365156,0.02755579637070195,0.007090504647336793,0.002,0.008825825991440902,-0.0037353213441041096,False
2019-03-11,ADSK,CDNS,0.8488888888888889,0.9866666666666667,0.020465291723365156,0.02755579637070195,0.007090504647336793,0.002,0.008594560929354213,-0.0035040562820174196,False
2019-03-12,ADSK,CDNS,0.8488888888888889,0.9955555555555555,0.020465291723365156,0.02755579637070195,0.007090504647336793,0.002,0.008594560929354213,-0.0035040562820174196,False
2019-03-13,ADSK,CDNS,0.8488888888888889,0.9955555555555555,0.020465291723365156,0.02755579637070195,0.007090504647336793,0.002,0.008594560929354213,-0.0035040562820174196,False
2019-03-14,ADSK,CDNS,0.8577777777777778,0.9955555555555555,0.020465291723365156,0.02755579637070195,0.007090504647336793,0.002,0.008488370112937224,-0.003397865465600431,False
2019-03-15,ADSK,CDNS,0.8475336322869955,0.9910313901345291,0.020465291723365156,0.02755579637070195,0.007090504647336793,0.002,0.008611036980761426,-0.003520532333424634,False
2019-03-18,ADSK,CDNS,0.8533333333333334,0.9911111111111112,0.020465291723365156,0.02755579637070195,0.007090504647336793,0.002,0.008541051295997092,-0.0034505466486602987,False
2019-03-19,ADSK,CDNS,0.8577777777777778,0.9955555555555555,0.020465291723365156,0.02755579637070195,0.007090504647336793,0.002,0.008488370112937224,-0.003397865465600431,False
2019-03-20,ADSK,CDNS,0.8577777777777778,0.9955555555555555,0.020465291723365156,0.02755579637070195,0.007090504647336793,0.002,0.008488370112937224,-0.003397865465600431,False
2019-03-21,ADSK,CDNS,0.8577777777777778,0.9955555555555555,0.020465291723365156,0.02755579637070195,0.007090504647336793,0.002,0.008488370112937224,-0.003397865465600431,False
2019-03-22,ADSK,CDNS,0.8622222222222222,0.9955555555555555,0.020465291723365156,0.02755579637070195,0.007090504647336793,0.002,0.00843655547993812,-0.0033460508326013283,False
2019-03-25,ADSK,CDNS,0.8711111111111111,1.0,0.020465291723365156,0.02755579637070195,0.007090504647336793,0.002,0.00833568671852367,-0.0032451820711868764,False
2019-03-26,MDB,CDNS,0.8711111111111111,0.9955555555555555,0.020465291723365156,0.02755579637070195,0.007090504647336793,0.002,0.00833568671852367,-0.0032451820711868764,False
2019-03-27,MDB,CDNS,0.8705357142857143,1.0,0.020465291723365156,0.02755579637070195,0.007090504647336793,0.002,0.00834209990088741,-0.003251595253550617,False
2019-03-28,MDB,CDNS,0.8693693693693694,0.9954954954954955,0.020465291723365156,0.02755579637070195,0.007090504647336793,0.002,0.008355150156819525,-0.003264645509482733,False
2019-03-29,MDB,CDNS,0.8705357142857143,0.9955357142857143,0.020465291723365156,0.02755579637070195,0.007090504647336793,0.002,0.00834209990088741,-0.003251595253550617,False
2019-04-01,MDB,CDNS,0.88,0.9866666666666667,0.02060286748811793,0.02755579637070195,0.00695292888258402,0.002,0.00829863401338295,-0.0033457051307989307,False
2019-04-02,NFLX,CDNS,0.8977777777777778,0.9866666666666667,0.02109202576279445,0.02755579637070195,0.006463770607907499,0.002,0.008319557941329127,-0.0038557873334216283,False
2019-04-03,ISRG,CDNS,0.9022222222222223,0.9866666666666667,0.021214315331463583,0.02755579637070195,0.0063414810392383655,0.002,0.008324817789034213,-0.0039833367497958475,False
2019-04-04,ISRG,CDNS,0.9070796460176991,0.995575221238938,0.02134796809014179,0.02755579637070195,0.0062078282805601605,0.002,0.008330579462247285,-0.004122751181687125,False
2019-04-05,NFLX,CDNS,0.9026548672566371,0.995575221238938,0.021226219625758803,0.02755579637070195,0.006329576744943145,0.002,0.008325330421339865,-0.003995753676396719,False
2019-04-08,NFLX,CDNS,0.9017857142857143,0.9910714285714286,0.021202304748826433,0.02755579637070195,0.006353491621875516,0.002,0.008324300689488476,-0.00397080906761296,False
2019-04-09,NFLX,CDNS,0.9017857142857143,0.9910714285714286,0.021202304748826433,0.02755579637070195,0.006353491621875516,0.002,0.008324300689488476,-0.00397080906761296,False
2019-04-10,NFLX,CDNS,0.9026548672566371,0.995575221238938,0.021226219625758803,0.02755579637070195,0.006329576744943145,0.002,0.008325330421339865,-0.003995753676396719,False
2019-04-11,NFLX,CDNS,0.9026548672566371,0.995575221238938,0.021226219625758803,0.02755579637070195,0.006329576744943145,0.002,0.008325330421339865,-0.003995753676396719,False
2019-04-12,NFLX,CDNS,0.9017857142857143,0.9910714285714286,0.021202304748826433,0.02755579637070195,0.006353491621875516,0.002,0.008324300689488476,-0.00397080906761296,False
2019-04-15,NFLX,ANET,0.9017857142857143,0.9955357142857143,0.021202304748826433,0.02755579637070195,0.006353491621875516,0.002,0.008324300689488476,-0.00397080906761296,False
2019-04-16,NFLX,ANET,0.9017857142857143,1.0,0.021202304748826433,0.02755579637070195,0.006353491621875516,0.002,0.008324300689488476,-0.00397080906761296,False
2019-04-17,NFLX,ANET,0.8839285714285714,0.9910714285714286,0.02071096273185225,0.02755579637070195,0.0068448336388497,0.002,0.00830324182260338,-0.003458408183753681,False
2019-04-18,NFLX,ANET,0.8973214285714286,0.9955357142857143,0.02107946924458289,0.02755579637070195,0.00647632712611906,0.002,0.008319018517298792,-0.0038426913911797323,False
2019-04-22,NFLX,CDNS,0.9017857142857143,0.9821428571428571,0.021202304748826433,0.02755579637070195,0.006353491621875516,0.002,0.008324300689488476,-0.00397080906761296,False
2019-04-23,AZO,CDNS,0.9017857142857143,1.0,0.021202304748826433,0.02755579637070195,0.006353491621875516,0.002,0.008324300689488476,-0.00397080906761296,False
2019-04-24,AZO,CDNS,0.9017857142857143,1.0,0.021202304748826433,0.02755579637070195,0.006353491621875516,0.002,0.008324300689488476,-0.00397080906761296,False
2019-04-25,AZO,CDNS,0.9017857142857143,1.0,0.021202304748826433,0.02755579637070195,0.006353491621875516,0.002,0.008324300689488476,-0.00397080906761296,False
2019-04-26,AZO,CDNS,0.90625,1.0,0.02132514025306998,0.02755579637070195,0.006230656117631968,0.002,0.00832959440645245,-0.004098938288820483,False
2019-04-29,NFLX,CDNS,0.8973214285714286,1.0,0.02107946924458289,0.02755579637070195,0.00647632712611906,0.002,0.008319018517298792,-0.0038426913911797323,False
2019-04-30,NFLX,CDNS,0.9017857142857143,1.0,0.021202304748826433,0.02755579637070195,0.006353491621875516,0.002,0.008324300689488476,-0.00397080906761296,False
2019-05-01,AZO,CDNS,0.8973214285714286,1.0,0.02107946924458289,0.02755579637070195,0.00647632712611906,0.002,0.008319018517298792,-0.0038426913911797323,False
2019-05-02,MCO,CDNS,0.8928571428571429,1.0,0.020956633740339344,0.02755579637070195,0.0065991626303626046,0.002,0.008313747945091118,-0.0037145853147285135,False
2019-05-03,NFLX,CDNS,0.8938053097345132,1.0,0.020982722696992837,0.02755579637070195,0.0065730736737091115,0.002,0.00831486638567462,-0.0037417927119655077,False
2019-05-06,NFLX,CDNS,0.8761061946902655,0.995575221238938,0.0204957288394609,0.02755579637070195,0.007060067531241047,0.002,0.008294076010604322,-0.0032340084793632744,False
2019-05-07,NFLX,ANET,0.8716814159292036,0.995575221238938,0.020465291723365156,0.02755579637070195,0.007090504647336793,0.002,0.008329346678606034,-0.0032388420312692403,False
2019-05-08,NFLX,ANET,0.8672566371681416,1.0,0.020465291723365156,0.02755579637070195,0.007090504647336793,0.002,0.008378959782434834,-0.0032884551350980417,False
2019-05-09,NFLX,ANET,0.8672566371681416,0.995575221238938,0.020465291723365156,0.02755579637070195,0.007090504647336793,0.002,0.008378959782434834,-0.0032884551350980417,False
2019-05-10,NFLX,ANET,0.8678414096916299,0.9955947136563876,0.020465291723365156,0.02755579637070195,0.007090504647336793,0.002,0.00837234787867105,-0.003281843231334257,False
2019-05-13,NFLX,ANET,0.8502202643171806,0.9911894273127754,0.020465291723365156,0.02755579637070195,0.007090504647336793,0.002,0.008578446896534104,-0.003487942249197311,False
2019-05-14,NFLX,ANET,0.8546255506607929,0.9955947136563876,0.020465291723365156,0.02755579637070195,0.007090504647336793,0.002,0.008525647222503254,-0.0034351425751664613,False
2019-05-15,NFLX,CDNS,0.8546255506607929,0.9911894273127754,0.020465291723365156,0.02755579637070195,0.007090504647336793,0.002,0.008525647222503254,-0.0034351425751664613,False
2019-05-16,NFLX,CDNS,0.8634361233480177,0.9955947136563876,0.020465291723365156,0.02755579637070195,0.007090504647336793,0.002,0.008422559327356678,-0.0033320546800198847,False
2019-05-17,NFLX,CDNS,0.8678414096916299,0.9955947136563876,0.020465291723365156,0.02755579637070195,0.007090504647336793,0.002,0.00837234787867105,-0.003281843231334257,False
2019-05-20,NFLX,CDNS,0.8458149779735683,0.9955947136563876,0.020465291723365156,0.02755579637070195,0.007090504647336793,0.002,0.008632035235444134,-0.0035415305881073412,False
2019-05-21,INTU,CDNS,0.8590308370044053,0.9955947136563876,0.020465291723365156,0.02755579637070195,0.007090504647336793,0.002,0.008473672176558806,-0.0033831675292220124,False
2019-05-22,NFLX,CDNS,0.8590308370044053,0.9955947136563876,0.020465291723365156,0.02755579637070195,0.007090504647336793,0.002,0.008473672176558806,-0.0033831675292220124,False
2019-05-23,NFLX,CDNS,0.8502202643171806,0.9955947136563876,0.020465291723365156,0.02755579637070195,0.007090504647336793,0.002,0.008578446896534104,-0.003487942249197311,False
2019-05-24,NFLX,ANET,0.8590308370044053,0.9955947136563876,0.020465291723365156,0.02755579637070195,0.007090504647336793,0.002,0.008473672176558806,-0.0033831675292220124,False
2019-05-28,NFLX,ANET,0.8546255506607929,0.9955947136563876,0.020465291723365156,0.02755579637070195,0.007090504647336793,0.002,0.008525647222503254,-0.0034351425751664613,False
2019-05-29,NFLX,ANET,0.8590308370044053,0.9955947136563876,0.020465291723365156,0.02755579637070195,0.007090504647336793,0.002,0.008473672176558806,-0.0033831675292220124,False
2019-05-30,NFLX,ANET,0.8590308370044053,0.9955947136563876,0.020465291723365156,0.02755579637070195,0.007090504647336793,0.002,0.008473672176558806,-0.0033831675292220124,False
2019-05-31,NFLX,ANET,0.8590308370044053,0.9955947136563876,0.020465291723365156,0.02755579637070195,0.007090504647336793,0.002,0.008473672176558806,-0.0033831675292220124,False
2019-06-03,NFLX,CDNS,0.8546255506607929,0.9955947136563876,0.020465291723365156,0.02755579637070195,0.007090504647336793,0.002,0.008525647222503254,-0.0034351425751664613,False
2019-06-04,NFLX,CDNS,0.8546255506607929,0.9955947136563876,0.020465291723365156,0.02755579637070195,0.007090504647336793,0.002,0.008525647222503254,-0.0034351425751664613,False
2019-06-05,NFLX,CDNS,0.8539823008849557,0.995575221238938,0.020465291723365156,0.02755579637070195,0.007090504647336793,0.002,0.008533306369403535,-0.003442801722066742,False
2019-06-06,NFLX,CDNS,0.8584070796460177,0.995575221238938,0.020465291723365156,0.02755579637070195,0.007090504647336793,0.002,0.00848097996377074,-0.003390475316433948,False
2019-06-07,NFLX,CDNS,0.8539823008849557,1.0,0.020465291723365156,0.02755579637070195,0.007090504647336793,0.002,0.008533306369403535,-0.003442801722066742,False
2019-06-10,NFLX,CDNS,0.8495575221238938,0.9911504424778761,0.020465291723365156,0.02755579637070195,0.007090504647336793,0.002,0.008586459320035694,-0.0034959546726989017,False
2019-06-11,NFLX,CDNS,0.8407079646017699,0.9911504424778761,0.020465291723365156,0.02755579637070195,0.007090504647336793,0.002,0.008695101629130748,-0.0036045969817939554,False
2019-06-12,NFLX,CDNS,0.8407079646017699,0.9911504424778761,0.020465291723365156,0.02755579637070195,0.007090504647336793,0.002,0.008695101629130748,-0.0036045969817939554,False
2019-06-13,NFLX,CDNS,0.8407079646017699,0.995575221238938,0.020465291723365156,0.02755579637070195,0.007090504647336793,0.002,0.008695101629130748,-0.0036045969817939554,False
2019-06-14,NFLX,CDNS,0.827433628318584,0.995575221238938,0.020465291723365156,0.02755579637070195,0.007090504647336793,0.002,0.008863409848815347,-0.0037729052014785548,False
2019-06-17,NFLX,CDNS,0.8185840707964602,0.995575221238938,0.020154472000752786,0.02755579637070195,0.007401324369949162,0.002,0.008802052722480639,-0.0034007283525314762,False
2019-06-18,NFLX,CDNS,0.8141592920353983,0.995575221238938,0.019940113571364944,0.02755579637070195,0.007615682799337005,0.002,0.008739036443491494,-0.0031233536441544895,False
2019-06-19,NFLX,CDNS,0.8222222222222222,0.9955555555555555,0.02033072226491612,0.02755579637070195,0.0072250741057858295,0.002,0.008854496935818055,-0.0036294228300322263,False
2019-06-20,NFLX,CDNS,0.8088888888888889,0.9955555555555555,0.01968478886436075,0.02755579637070195,0.007871007506341197,0.002,0.00866513276186172,-0.0027941252555205224,False
2019-06-21,NFLX,CDNS,0.7955555555555556,0.9955555555555555,0.019038855463805383,0.02755579637070195,0.008516940906896565,0.002,0.008484294046479173,-0.001967353139582607,False
2019-06-24,NFLX,CDNS,0.8088888888888889,0.9955555555555555,0.01968478886436075,0.02755579637070195,0.007871007506341197,0.002,0.00866513276186172,-0.0027941252555205224,False
2019-06-25,NFLX,CDNS,0.8088888888888889,0.9955555555555555,0.01968478886436075,0.02755579637070195,0.007871007506341197,0.002,0.00866513276186172,-0.0027941252555205224,False
2019-06-26,NFLX,CDNS,0.8222222222222222,0.9955555555555555,0.02033072226491612,0.02755579637070195,0.0072250741057858295,0.002,0.008854496935818055,-0.0036294228300322263,False
2019-06-27,NFLX,CDNS,0.8088888888888889,1.0,0.01968478886436075,0.02755579637070195,0.007871007506341197,0.002,0.00866513276186172,-0.0027941252555205224,False
2019-06-28,NFLX,CDNS,0.8,1.0,0.019254166597323843,0.02755579637070195,0.008301629773378106,0.002,0.008543544509131765,-0.002241914735753658,False
2019-07-01,NFLX,CDNS,0.8061674008810573,1.0,0.019552946364100553,0.02755579637070195,0.008002850006601395,0.002,0.008627486553934407,-0.0026246365473330114,False
2019-07-02,NFLX,CDNS,0.8237885462555066,1.0,0.020406602840605446,0.02755579637070195,0.007149193530096503,0.002,0.008877244652060006,-0.0037280511219635036,False
2019-07-03,NFLX,CDNS,0.827433628318584,1.0,0.020465291723365156,0.02755579637070195,0.007090504647336793,0.002,0.008863409848815347,-0.0037729052014785548,False
2019-07-05,NFLX,CDNS,0.827433628318584,1.0,0.020465291723365156,0.02755579637070195,0.007090504647336793,0.002,0.008863409848815347,-0.0037729052014785548,False
2019-07-08,NFLX,CDNS,0.8266666666666667,1.0,0.020465291723365156,0.02755579637070195,0.007090504647336793,0.002,0.008873315713087058,-0.0037828110657502647,False
2019-07-09,NFLX,CDNS,0.8222222222222222,1.0,0.02033072226491612,0.02755579637070195,0.0072250741057858295,0.002,0.008854496935818055,-0.0036294228300322263,False
2019-07-10,NFLX,CDNS,0.8,1.0,0.019254166597323843,0.02755579637070195,0.008301629773378106,0.002,0.008543544509131765,-0.002241914735753658,False
2019-07-11,NFLX,CDNS,0.8044444444444444,0.9955555555555555,0.019469477730842295,0.02755579637070195,0.008086318639859653,0.002,0.008603841294338376,-0.002517522654478723,False
2019-07-12,NFLX,CDNS,0.7822222222222223,1.0,0.018392922063250015,0.02755579637070195,0.009162874307451933,0.002,0.008313377000735811,-0.001150502693283878,False
2019-07-15,NFLX,CDNS,0.7955555555555556,1.0,0.019038855463805383,0.02755579637070195,0.008516940906896565,0.002,0.008484294046479173,-0.001967353139582607,False
2019-07-16,NFLX,CDNS,0.8088888888888889,1.0,0.01968478886436075,0.02755579637070195,0.007871007506341197,0.002,0.00866513276186172,-0.0027941252555205224,False
2019-07-17,NFLX,CDNS,0.5111111111111111,1.0,0.012074424989004406,0.02755579637070195,0.015481371381697542,0.002,0.008090239138921021,0.005391132242776522,True
2019-07-18,ISRG,SNPS,0.7822222222222223,0.9866666666666667,0.018392922063250015,0.02755579637070195,0.009162874307451933,0.002,0.008313377000735811,-0.001150502693283878,False
2019-07-19,ISRG,SNPS,0.7733333333333333,0.9866666666666667,0.018043041471282523,0.02755579637070195,0.009512754899419426,0.002,0.00822283502182249,-0.0007100801224030635,False
2019-07-22,ISRG,SNPS,0.7688888888888888,0.9866666666666667,0.018043041471282523,0.02755579637070195,0.009512754899419426,0.002,0.00821574228626392,-0.0007029873868444952,False
2019-07-23,ISRG,SNPS,0.8844444444444445,0.9866666666666667,0.02072515705678706,0.02755579637070195,0.00683063931391489,0.002,0.008303847566129893,-0.003473208252215002,False
2019-07-24,ISRG,SNPS,0.8844444444444445,0.9866666666666667,0.02072515705678706,0.02755579637070195,0.00683063931391489,0.002,0.008303847566129893,-0.003473208252215002,False
2019-07-25,ISRG,SNPS,0.88,0.9822222222222222,0.02060286748811793,0.02755579637070195,0.00695292888258402,0.002,0.00829863401338295,-0.0033457051307989307,False
2019-07-26,ISRG,SNPS,0.8755555555555555,0.9777777777777777,0.020480577919448798,0.02755579637070195,0.007075218451253151,0.002,0.00829343217220073,-0.0032182137209475783,False
2019-07-29,AMD,SNPS,0.8222222222222222,0.9822222222222222,0.02033072226491612,0.02755579637070195,0.0072250741057858295,0.002,0.008854496935818055,-0.0036294228300322263,False
2019-07-30,AMD,SNPS,0.8266666666666667,0.9777777777777777,0.020465291723365156,0.02755579637070195,0.007090504647336793,0.002,0.008873315713087058,-0.0037828110657502647,False
2019-07-31,MCO,SNPS,0.8097345132743363,0.9867256637168141,0.019725755141977098,0.02755579637070195,0.007830041228724851,0.002,0.008676902945169505,-0.0028468617164446553,False
2019-08-01,MCO,SNPS,0.8097345132743363,0.9867256637168141,0.019725755141977098,0.02755579637070195,0.007830041228724851,0.002,0.008676902945169505,-0.0028468617164446553,False
2019-08-02,MCO,SNPS,0.8008849557522124,0.9867256637168141,0.01929703828320141,0.02755579637070195,0.00825875808750054,0.002,0.008555468761877155,-0.002296710674376616,False
2019-08-05,ORLY,ANET,0.8546255506607929,0.986784140969163,0.020465291723365156,0.02755579637070195,0.007090504647336793,0.002,0.008525647222503254,-0.0034351425751664613,False
2019-08-06,ORLY,ANET,0.8458149779735683,0.986784140969163,0.020465291723365156,0.02755579637070195,0.007090504647336793,0.002,0.008632035235444134,-0.0035415305881073412,False
2019-08-07,ORLY,ANET,0.8458149779735683,0.986784140969163,0.020465291723365156,0.02755579637070195,0.007090504647336793,0.002,0.008632035235444134,-0.0035415305881073412,False
2019-08-08,ORLY,ANET,0.8414096916299559,0.9823788546255506,0.020465291723365156,0.02755579637070195,0.007090504647336793,0.002,0.008686377845273653,-0.0035958731979368608,False
2019-08-09,ISRG,ANET,0.8546255506607929,0.9779735682819384,0.020465291723365156,0.02755579637070195,0.007090504647336793,0.002,0.008525647222503254,-0.0034351425751664613,False
2019-08-12,ISRG,ANET,0.8546255506607929,0.9823788546255506,0.020465291723365156,0.02755579637070195,0.007090504647336793,0.002,0.008525647222503254,-0.0034351425751664613,False
2019-08-13,ISRG,ANET,0.8414096916299559,0.9779735682819384,0.020465291723365156,0.02755579637070195,0.007090504647336793,0.002,0.008686377845273653,-0.0035958731979368608,False
2019-08-14,ISRG,ANET,0.8546255506607929,0.9779735682819384,0.020465291723365156,0.02755579637070195,0.007090504647336793,0.002,0.008525647222503254,-0.0034351425751664613,False
2019-08-15,ISRG,ANET,0.8502202643171806,0.9823788546255506,0.020465291723365156,0.02755579637070195,0.007090504647336793,0.002,0.008578446896534104,-0.003487942249197311,False
2019-08-16,ISRG,ANET,0.8508771929824561,0.9824561403508771,0.020465291723365156,0.02755579637070195,0.007090504647336793,0.002,0.008570522369872156,-0.0034800177225353638,False
2019-08-19,ISRG,ANET,0.8464912280701754,0.9824561403508771,0.020465291723365156,0.02755579637070195,0.007090504647336793,0.002,0.008623759107532275,-0.003533254460195482,False
2019-08-20,ISRG,KLAC,0.8289473684210527,0.9824561403508771,0.020465291723365156,0.02755579637070195,0.007090504647336793,0.002,0.008843914676482713,-0.0037534100291459205,False
2019-08-21,ISRG,LRCX,0.8325991189427313,0.9955947136563876,0.020465291723365156,0.02755579637070195,0.007090504647336793,0.002,0.008797195895740486,-0.0037066912484036937,False
2019-08-22,ISRG,LRCX,0.8237885462555066,0.9955947136563876,0.020406602840605446,0.02755579637070195,0.007149193530096503,0.002,0.008877244652060006,-0.0037280511219635036,False
2019-08-23,ISRG,LRCX,0.8061674008810573,0.9955947136563876,0.019552946364100553,0.02755579637070195,0.008002850006601395,0.002,0.008627486553934407,-0.0026246365473330114,False
2019-08-26,ISRG,LRCX,0.8105726872246696,0.9955947136563876,0.019766360483226775,0.02755579637070195,0.007789435887475174,0.002,0.008688602877968486,-0.002899166990493313,False
2019-08-27,ISRG,LRCX,0.8193832599118943,0.9955947136563876,0.020193188721479224,0.02755579637070195,0.007362607649222724,0.002,0.008813525257269698,-0.0034509176080469743,False
2019-08-28,ISRG,LRCX,0.8193832599118943,0.9955947136563876,0.020193188721479224,0.02755579637070195,0.007362607649222724,0.002,0.008813525257269698,-0.0034509176080469743,False
2019-08-29,ADSK,LRCX,0.7400881057268722,0.9955947136563876,0.018043041471282523,0.02755579637070195,0.009512754899419426,0.002,0.008170399344583211,-0.0006576444451637858,False
2019-08-30,ADSK,LRCX,0.7400881057268722,0.9955947136563876,0.018043041471282523,0.02755579637070195,0.009512754899419426,0.002,0.008170399344583211,-0.0006576444451637858,False
2019-09-03,ADSK,LRCX,0.73568281938326,0.9955947136563876,0.018043041471282523,0.02755579637070195,0.009512754899419426,0.002,0.008163560193884346,-0.0006508052944649212,False
2019-09-04,ADSK,LRCX,0.7400881057268722,0.9955947136563876,0.018043041471282523,0.02755579637070195,0.009512754899419426,0.002,0.008170399344583211,-0.0006576444451637858,False
2019-09-05,PANW,LRCX,0.8193832599118943,1.0,0.020193188721479224,0.02755579637070195,0.007362607649222724,0.002,0.008813525257269698,-0.0034509176080469743,False
2019-09-06,AZO,LRCX,0.8370044052863436,0.9955947136563876,0.020465291723365156,0.02755579637070195,0.007090504647336793,0.002,0.008741441859920405,-0.0036509372125836117,False
2019-09-09,AZO,CRWD,0.8237885462555066,1.0,0.020406602840605446,0.02755579637070195,0.007149193530096503,0.002,0.008877244652060006,-0.0037280511219635036,False
2019-09-10,AZO,CRWD,0.8237885462555066,1.0,0.020406602840605446,0.02755579637070195,0.007149193530096503,0.002,0.008877244652060006,-0.0037280511219635036,False
2019-09-11,AMD,CRWD,0.8281938325991189,1.0,0.020465291723365156,0.02755579637070195,0.007090504647336793,0.002,0.008853610003167896,-0.003763105355831104,False
2019-09-12,AMD,CRWD,0.8105726872246696,1.0,0.019766360483226775,0.02755579637070195,0.007789435887475174,0.002,0.008688602877968486,-0.002899166990493313,False
2019-09-13,AMD,CRWD,0.788546255506608,1.0,0.01869928988759566,0.02755579637070195,0.008856506483106288,0.002,0.008393109356006177,-0.0015366028728998893,False
2019-09-16,AMD,CRWD,0.8105726872246696,1.0,0.019766360483226775,0.02755579637070195,0.007789435887475174,0.002,0.008688602877968486,-0.002899166990493313,False
2019-09-17,AMD,CRWD,0.7929515418502202,1.0,0.01891270400672188,0.02755579637070195,0.00864309236398007,0.002,0.008450086759090335,-0.0018069943951102658,False
2019-09-18,AMD,CRWD,0.788546255506608,1.0,0.01869928988759566,0.02755579637070195,0.008856506483106288,0.002,0.008393109356006177,-0.0015366028728998893,False
2019-09-19,AMD,CRWD,0.7973568281938326,1.0,0.019126118125848104,0.02755579637070195,0.008429678244853845,0.002,0.008508177935327887,-0.0020784996904740422,False
2019-09-20,AMD,CRWD,0.8105726872246696,1.0,0.019766360483226775,0.02755579637070195,0.007789435887475174,0.002,0.008688602877968486,-0.002899166990493313,False
2019-09-23,AMD,CRWD,0.801762114537445,1.0,0.01933953224497433,0.02755579637070195,0.00821626412572762,0.002,0.008567328474338968,-0.002351064348611348,False
2019-09-24,AMD,CRWD,0.801762114537445,1.0,0.01933953224497433,0.02755579637070195,0.00821626412572762,0.002,0.008567328474338968,-0.002351064348611348,False
2019-09-25,AMD,CRWD,0.7841409691629956,1.0,0.018485875768469436,0.02755579637070195,0.009069920602232513,0.002,0.008337302772542524,-0.001267382170310011,False
2019-09-26,AMD,CRWD,0.7797356828193832,1.0,0.018272461649343208,0.02755579637070195,0.00928333472135874,0.002,0.008282726721288347,-0.0009993919999296066,False
2019-09-27,AMD,CRWD,0.775330396475771,1.0,0.01805904753021699,0.02755579637070195,0.009496748840484959,0.002,0.008229443589062713,-0.0007326947485777544,False
2019-09-30,AMD,CRWD,0.7729257641921398,1.0,0.018043041471282523,0.02755579637070195,0.009512754899419426,0.002,0.008222183549428965,-0.0007094286500095399,False
2019-10-01,AMD,CRWD,0.8078602620087336,1.0,0.019634957029965653,0.02755579637070195,0.007920839340736296,0.002,0.008650861548773611,-0.002730022208037315,False
2019-10-02,AMD,CRWD,0.7947598253275109,1.0,0.019000306308895962,0.02755579637070195,0.008555490061805986,0.002,0.008473800440861236,-0.0019183103790552506,False
2019-10-03,ISRG,CRWD,0.8253275109170306,1.0,0.020465291723365156,0.02755579637070195,0.007090504647336793,0.002,0.008890656976749553,-0.003800152329412761,False
2019-10-04,ISRG,CRWD,0.8253275109170306,1.0,0.020465291723365156,0.02755579637070195,0.007090504647336793,0.002,0.008890656976749553,-0.003800152329412761,False
2019-10-07,ISRG,LRCX,0.8209606986899564,1.0,0.02026960775103534,0.02755579637070195,0.007286188619666609,0.002,0.008836249149156174,-0.0035500605294895653,False
2019-10-08,ISRG,LRCX,0.8253275109170306,1.0,0.020465291723365156,0.02755579637070195,0.007090504647336793,0.002,0.008890656976749553,-0.003800152329412761,False
2019-10-09,AMD,LRCX,0.834061135371179,1.0,0.020465291723365156,0.02755579637070195,0.007090504647336793,0.002,0.00877861774723331,-0.003688113099896518,False
2019-10-10,AMD,LRCX,0.8209606986899564,1.0,0.02026960775103534,0.02755579637070195,0.007286188619666609,0.002,0.008836249149156174,-0.0035500605294895653,False
2019-10-11,AZO,LRCX,0.834061135371179,1.0,0.020465291723365156,0.02755579637070195,0.007090504647336793,0.002,0.00877861774723331,-0.003688113099896518,False
2019-10-14,AZO,LRCX,0.8296943231441049,1.0,0.020465291723365156,0.02755579637070195,0.007090504647336793,0.002,0.00883432239580484,-0.0037438177484680475,False
2019-10-15,ISRG,LRCX,0.8253275109170306,1.0,0.020465291723365156,0.02755579637070195,0.007090504647336793,0.002,0.008890656976749553,-0.003800152329412761,False
2019-10-16,ISRG,LRCX,0.74235807860262,1.0,0.018043041471282523,0.02755579637070195,0.009512754899419426,0.002,0.008173933562230165,-0.0006611786628107396,False
2019-10-17,ISRG,LRCX,0.7379912663755459,1.0,0.018043041471282523,0.02755579637070195,0.009512754899419426,0.002,0.008167140790587231,-0.0006543858911678049,False
2019-10-18,ISRG,LRCX,0.6812227074235808,1.0,0.018020978630355157,0.02755579637070195,0.009534817740346792,0.002,0.008135593332194007,-0.0006007755918472158,False
2019-10-21,AMD,LRCX,0.834061135371179,1.0,0.020465291723365156,0.02755579637070195,0.007090504647336793,0.002,0.00877861774723331,-0.003688113099896518,False
2019-10-22,AZO,LRCX,0.8384279475982532,1.0,0.020465291723365156,0.02755579637070195,0.007090504647336793,0.002,0.008723571302518305,-0.003633066655181513,False
2019-10-23,AZO,LRCX,0.834061135371179,1.0,0.020465291723365156,0.02755579637070195,0.007090504647336793,0.002,0.00877861774723331,-0.003688113099896518,False
2019-10-24,AZO,LRCX,0.8253275109170306,0.982532751091703,0.020465291723365156,0.02755579637070195,0.007090504647336793,0.002,0.008890656976749553,-0.003800152329412761,False
2019-10-25,AMD,LRCX,0.7641921397379913,0.982532751091703,0.018043041471282523,0.02755579637070195,0.009512754899419426,0.002,0.008208274342516315,-0.0006955194430968903,False
2019-10-28,AMD,LRCX,0.8034934497816594,0.9781659388646288,0.01942340678960909,0.02755579637070195,0.008132389581092858,0.002,0.008590853997124163,-0.0024584644160313045,False
2019-10-29,FTNT,LRCX,0.7991266375545851,0.982532751091703,0.019211856549252525,0.02755579637070195,0.008343939821449424,0.002,0.008531817131005974,-0.0021878773095565496,False
2019-10-30,FTNT,LRCX,0.7903930131004366,0.9956331877729258,0.0187887560685394,0.02755579637070195,0.008767040302162549,0.002,0.008416855893485113,-0.001649815591322564,False
2019-10-31,FTNT,LRCX,0.7903930131004366,0.9956331877729258,0.0187887560685394,0.02755579637070195,0.008767040302162549,0.002,0.008416855893485113,-0.001649815591322564,False
2019-11-01,ISRG,LRCX,0.8122270742358079,0.9956331877729258,0.019846507270322215,0.02755579637070195,0.007709289100379733,0.002,0.008711792707819294,-0.003002503607439561,False
2019-11-04,ORLY,LRCX,0.7336244541484717,0.9868995633187773,0.018043041471282523,0.02755579637070195,0.009512754899419426,0.002,0.00816037352654639,-0.0006476186271269632,False
2019-11-05,ORLY,LRCX,0.7336244541484717,0.9868995633187773,0.018043041471282523,0.02755579637070195,0.009512754899419426,0.002,0.00816037352654639,-0.0006476186271269632,False
2019-11-06,ORLY,LRCX,0.74235807860262,0.9868995633187773,0.018043041471282523,0.02755579637070195,0.009512754899419426,0.002,0.008173933562230165,-0.0006611786628107396,False
2019-11-07,ISRG,LRCX,0.8078602620087336,0.9868995633187773,0.019634957029965653,0.02755579637070195,0.007920839340736296,0.002,0.008650861548773611,-0.002730022208037315,False
2019-11-08,ISRG,LRCX,0.7947598253275109,0.9868995633187773,0.019000306308895962,0.02755579637070195,0.008555490061805986,0.002,0.008473800440861236,-0.0019183103790552506,False
2019-11-11,ISRG,LRCX,0.7947598253275109,0.9868995633187773,0.019000306308895962,0.02755579637070195,0.008555490061805986,0.002,0.008473800440861236,-0.0019183103790552506,False
2019-11-12,ISRG,LRCX,0.7947598253275109,0.9868995633187773,0.019000306308895962,0.02755579637070195,0.008555490061805986,0.002,0.008473800440861236,-0.0019183103790552506,False
2019-11-13,ISRG,LRCX,0.7991266375545851,0.9868995633187773,0.019211856549252525,0.02755579637070195,0.008343939821449424,0.002,0.008531817131005974,-0.0021878773095565496,False
2019-11-14,ISRG,LRCX,0.7991266375545851,0.9868995633187773,0.019211856549252525,0.02755579637070195,0.008343939821449424,0.002,0.008531817131005974,-0.0021878773095565496,False
2019-11-15,ISRG,LRCX,0.8253275109170306,0.9868995633187773,0.020465291723365156,0.02755579637070195,0.007090504647336793,0.002,0.008890656976749553,-0.003800152329412761,False
2019-11-18,ISRG,LRCX,0.7860262008733624,0.9868995633187773,0.018577205828182838,0.02755579637070195,0.008978590542519111,0.002,0.00836103798381035,-0.0013824474412912385,False
2019-11-19,ISRG,LRCX,0.777292576419214,0.9912663755458515,0.01815410534746972,0.02755579637070195,0.009401691023232229,0.002,0.008253012896643238,-0.000851321873411008,False
2019-11-20,ISRG,LRCX,0.7991266375545851,0.9868995633187773,0.019211856549252525,0.02755579637070195,0.008343939821449424,0.002,0.008531817131005974,-0.0021878773095565496,False
2019-11-21,ISRG,KLAC,0.7903930131004366,0.9956331877729258,0.0187887560685394,0.02755579637070195,0.008767040302162549,0.002,0.008416855893485113,-0.001649815591322564,False
2019-11-22,ISRG,KLAC,0.7729257641921398,0.9956331877729258,0.018043041471282523,0.02755579637070195,0.009512754899419426,0.002,0.008222183549428965,-0.0007094286500095399,False
2019-11-25,ISRG,KLAC,0.7903930131004366,0.9956331877729258,0.0187887560685394,0.02755579637070195,0.008767040302162549,0.002,0.008416855893485113,-0.001649815591322564,False
2019-11-26,ISRG,KLAC,0.7729257641921398,0.9956331877729258,0.018043041471282523,0.02755579637070195,0.009512754899419426,0.002,0.008222183549428965,-0.0007094286500095399,False
2019-11-27,ISRG,KLAC,0.7860262008733624,0.9912663755458515,0.018577205828182838,0.02755579637070195,0.008978590542519111,0.002,0.00836103798381035,-0.0013824474412912385,False
2019-11-29,ADSK,KLAC,0.6986899563318777,0.9912663755458515,0.01802978175890473,0.02755579637070195,0.00952601461179722,0.002,0.00814016876546462,-0.0006141541536674004,False
2019-12-02,ADSK,DDOG,0.6826086956521739,0.9869565217391304,0.018021677139468333,0.02755579637070195,0.009534119231233616,0.002,0.008135955931468344,-0.0006018367002347275,False
2019-12-03,ADSK,DDOG,0.7130434782608696,0.991304347826087,0.01803701563410416,0.02755579637070195,0.009518780736597787,0.002,0.008143937804936684,-0.0006251570683388956,False
2019-12-04,ADSK,DDOG,0.6869565217391305,1.0,0.018023868352987735,0.02755579637070195,0.009531928017714214,0.002,0.008137093905820555,-0.0006051658881063423,False
2019-12-05,ADSK,DDOG,0.7304347826086957,1.0,0.018043041471282523,0.02755579637070195,0.009512754899419426,0.002,0.008155446696348097,-0.0006426917969286705,False
2019-12-06,ISRG,KLAC,0.7652173913043478,0.9869565217391304,0.018043041471282523,0.02755579637070195,0.009512754899419426,0.002,0.00820990210194993,-0.0006971472025305032,False
2019-12-09,ISRG,KLAC,0.782608695652174,0.9869565217391304,0.01841164477051249,0.02755579637070195,0.00914415160018946,0.002,0.008318177106476341,-0.0011740255062868805,False
2019-12-10,ISRG,KLAC,0.782608695652174,0.9826086956521739,0.01841164477051249,0.02755579637070195,0.00914415160018946,0.002,0.008318177106476341,-0.0011740255062868805,False
2019-12-11,ISRG,KLAC,0.7652173913043478,0.9826086956521739,0.018043041471282523,0.02755579637070195,0.009512754899419426,0.002,0.00820990210194993,-0.0006971472025305032,False
2019-12-12,ISRG,KLAC,0.7608695652173914,0.9869565217391304,0.018043041471282523,0.02755579637070195,0.009512754899419426,0.002,0.008203008501662473,-0.0006902536022430463,False
2019-12-13,ISRG,KLAC,0.7695652173913043,0.9826086956521739,0.018043041471282523,0.02755579637070195,0.009512754899419426,0.002,0.008216819991355491,-0.0007040650919360649,False
2019-12-16,ISRG,KLAC,0.7869565217391304,0.9826086956521739,0.018622275227215327,0.02755579637070195,0.008933521143486622,0.002,0.008372832371613593,-0.0014393112281269704,False
2019-12-17,ISRG,KLAC,0.8,0.9826086956521739,0.019254166597323843,0.02755579637070195,0.008301629773378106,0.002,0.008543544509131765,-0.002241914735753658,False
2019-12-18,ISRG,KLAC,0.8,0.9869565217391304,0.019254166597323843,0.02755579637070195,0.008301629773378106,0.002,0.008543544509131765,-0.002241914735753658,False
2019-12-19,ISRG,KLAC,0.8043478260869565,0.9826086956521739,0.019464797054026678,0.02755579637070195,0.00809099931667527,0.002,0.00860251973558312,-0.0025115204189078487,False
2019-12-20,ISRG,KLAC,0.8,0.9826086956521739,0.019254166597323843,0.02755579637070195,0.008301629773378106,0.002,0.008543544509131765,-0.002241914735753658,False
2019-12-23,ORLY,SNPS,0.7913043478260869,0.9869565217391304,0.018832905683918162,0.02755579637070195,0.008722890686783787,0.002,0.008428648796401757,-0.0017057581096179704,False
2019-12-24,ORLY,SNPS,0.7739130434782608,0.9826086956521739,0.018043041471282523,0.02755579637070195,0.009512754899419426,0.002,0.008223762013512687,-0.0007110071140932614,False
2019-12-26,ORLY,SNPS,0.7792207792207793,0.9913419913419913,0.018247517141912875,0.02755579637070195,0.009308279228789074,0.002,0.008276430868366018,-0.0009681516395769448,False
2019-12-27,ORLY,SNPS,0.7835497835497836,0.9913419913419913,0.018457235778456826,0.02755579637070195,0.009098560592245123,0.002,0.008329905883246365,-0.0012313452910012418,False
2019-12-30,ORLY,SNPS,0.7965367965367965,0.9913419913419913,0.019086391688088677,0.02755579637070195,0.008469404682613271,0.002,0.008497282587416659,-0.002027877904803387,False
2019-12-31,ISRG,SNPS,0.7878787878787878,0.9913419913419913,0.018666954415000776,0.02755579637070195,0.008888841955701172,0.002,0.00838457711097789,-0.0014957351552767183,False
2020-01-02,ORLY,SNPS,0.7922077922077922,0.9913419913419913,0.01887667305154473,0.02755579637070195,0.008679123319157218,0.002,0.008440387524947123,-0.001761264205789904,False
2020-01-03,ORLY,SNPS,0.7878787878787878,0.9913419913419913,0.018666954415000776,0.02755579637070195,0.008888841955701172,0.002,0.00838457711097789,-0.0014957351552767183,False
2020-01-06,ISRG,SNPS,0.8008658008658008,0.9913419913419913,0.019296110324632628,0.02755579637070195,0.00825968604606932,0.002,0.008555210224932327,-0.0022955241788630053,False
2020-01-07,ISRG,SNPS,0.8008658008658008,0.9913419913419913,0.019296110324632628,0.02755579637070195,0.00825968604606932,0.002,0.008555210224932327,-0.0022955241788630053,False
2020-01-08,ISRG,SNPS,0.7878787878787878,0.987012987012987,0.018666954415000776,0.02755579637070195,0.008888841955701172,0.002,0.00838457711097789,-0.0014957351552767183,False
2020-01-09,ISRG,SNPS,0.7532467532467533,0.987012987012987,0.018043041471282523,0.02755579637070195,0.009512754899419426,0.002,0.008190981417614146,-0.0006782265181947212,False
2020-01-10,ISRG,SNPS,0.7619047619047619,0.987012987012987,0.018043041471282523,0.02755579637070195,0.009512754899419426,0.002,0.008204647623610627,-0.0006918927241912004,False
2020-01-13,ISRG,SNPS,0.7748917748917749,0.9913419913419913,0.018043041471282523,0.02755579637070195,0.009512754899419426,0.002,0.008225328031561422,-0.0007125731321419955,False
2020-01-14,ISRG,SNPS,0.7748917748917749,0.9913419913419913,0.018043041471282523,0.02755579637070195,0.009512754899419426,0.002,0.008225328031561422,-0.0007125731321419955,False
2020-01-15,ORLY,SNPS,0.8095238095238095,0.9913419913419913,0.019715547597720533,0.02755579637070195,0.007840248772981416,0.002,0.008673966991718011,-0.0028337182187365946,False
2020-01-16,ISRG,SNPS,0.7445887445887446,0.9913419913419913,0.018043041471282523,0.02755579637070195,0.009512754899419426,0.002,0.00817741325298754,-0.0006646583535681143,False
2020-01-17,ISRG,SNPS,0.6926406926406926,0.9913419913419913,0.01802673305637674,0.02755579637070195,0.009529063314325209,0.002,0.008138582802113714,-0.0006095194877885042,False
2020-01-21,ISRG,SNPS,0.6926406926406926,0.9956709956709957,0.01802673305637674,0.02755579637070195,0.009529063314325209,0.002,0.008138582802113714,-0.0006095194877885042,False
2020-01-22,ISRG,LRCX,0.696969696969697,0.9956709956709957,0.018028914784123332,0.02755579637070195,0.009526881586578616,0.002,0.008139717606636267,-0.0006128360200576503,False
2020-01-23,ISRG,KLAC,0.7186147186147186,0.9956709956709957,0.0180398234228563,0.02755579637070195,0.00951597294784565,0.002,0.008145402972318133,-0.0006294300244724833,False
2020-01-24,ISRG,LRCX,0.7186147186147186,0.9956709956709957,0.0180398234228563,0.02755579637070195,0.00951597294784565,0.002,0.008145402972318133,-0.0006294300244724833,False
2020-01-27,ISRG,LRCX,0.7662337662337663,0.9956709956709957,0.018043041471282523,0.02755579637070195,0.009512754899419426,0.002,0.008211517101345819,-0.0006987622019263935,False
2020-01-28,ISRG,KLAC,0.7835497835497836,0.9956709956709957,0.018457235778456826,0.02755579637070195,0.009098560592245123,0.002,0.008329905883246365,-0.0012313452910012418,False
2020-01-29,ISRG,KLAC,0.7974137931034483,0.9956896551724138,0.019128877791181637,0.02755579637070195,0.008426918579520312,0.002,0.00850893616664168,-0.0020820175871213674,False
2020-01-30,ISRG,SNPS,0.8060344827586207,0.9870689655172413,0.019546507144988984,0.02755579637070195,0.008009289225712965,0.002,0.008625657177846031,-0.0026163679521330665,False
2020-01-31,ISRG,SNPS,0.771551724137931,1.0,0.018043041471282523,0.02755579637070195,0.009512754899419426,0.002,0.008219988792557288,-0.000707233893137863,False
2020-02-03,ISRG,SNPS,0.7844827586206896,1.0,0.018502433760470605,0.02755579637070195,0.009053362610231343,0.002,0.008341589345204528,-0.0012882267349731847,False
2020-02-04,ISRG,NVDA,0.8060344827586207,0.9956896551724138,0.019546507144988984,0.02755579637070195,0.008009289225712965,0.002,0.008625657177846031,-0.0026163679521330665,False
2020-02-05,ORLY,LRCX,0.7586206896551724,1.0,0.018043041471282523,0.02755579637070195,0.009512754899419426,0.002,0.008199452428862896,-0.0006866975294434691,False
2020-02-06,ORLY,KLAC,0.7811158798283262,0.9957081545064378,0.018339325300399927,0.02755579637070195,0.009216471070302022,0.002,0.00829968956428556,-0.0010832184939835393,False
2020-02-07,ORLY,LRCX,0.7467811158798283,1.0,0.018043041471282523,0.02755579637070195,0.009512754899419426,0.002,0.008180839629501472,-0.0006680847300820454,False
2020-02-10,ORLY,LRCX,0.7553648068669528,1.0,0.018043041471282523,0.02755579637070195,0.009512754899419426,0.002,0.008194315642166888,-0.000681560742747462,False
2020-02-11,ORLY,LRCX,0.7381974248927039,1.0,0.018043041471282523,0.02755579637070195,0.009512754899419426,0.002,0.008167460906978308,-0.000654706007558882,False
2020-02-12,ORLY,LRCX,0.7370689655172413,1.0,0.018043041471282523,0.02755579637070195,0.009512754899419426,0.002,0.008165709367475692,-0.0006529544680562672,False
2020-02-13,ORLY,LRCX,0.7456896551724138,1.0,0.018043041471282523,0.02755579637070195,0.009512754899419426,0.002,0.00817913303107816,-0.0006663781316587356,False
2020-02-14,ORLY,LRCX,0.7370689655172413,1.0,0.018043041471282523,0.02755579637070195,0.009512754899419426,0.002,0.008165709367475692,-0.0006529544680562672,False
2020-02-18,ORLY,LRCX,0.7241379310344828,1.0,0.018042607006532985,0.02755579637070195,0.009513189364168964,0.002,0.008146856740358617,-0.0006336673761896524,False
2020-02-19,ORLY,LRCX,0.728448275862069,1.0,0.018043041471282523,0.02755579637070195,0.009512754899419426,0.002,0.008152385248271608,-0.0006396303488521828,False
2020-02-20,ORLY,TTWO,0.7198275862068966,1.0,0.0180404346827853,0.02755579637070195,0.009515361687916647,0.002,0.008145722106922715,-0.0006303604190060668,False
2020-02-21,ORLY,TTWO,0.7155172413793104,1.0,0.018038262359037615,0.02755579637070195,0.009517534011664334,0.002,0.008144588219980153,-0.0006270542083158187,False
2020-02-24,INTU,TTWO,0.7112068965517241,0.9956896551724138,0.01803609003528993,0.02755579637070195,0.00951970633541202,0.002,0.008143455080338745,-0.0006237487449267248,False
2020-02-25,ORLY,TTWO,0.7241379310344828,0.9956896551724138,0.018042607006532985,0.02755579637070195,0.009513189364168964,0.002,0.008146856740358617,-0.0006336673761896524,False
2020-02-26,ORLY,TTWO,0.7112068965517241,0.9956896551724138,0.01803609003528993,0.02755579637070195,0.00951970633541202,0.002,0.008143455080338745,-0.0006237487449267248,False
2020-02-27,ORLY,TTWO,0.7198275862068966,0.9956896551724138,0.0180404346827853,0.02755579637070195,0.009515361687916647,0.002,0.008145722106922715,-0.0006303604190060668,False
2020-02-28,ORLY,TTWO,0.6896551724137931,0.9956896551724138,0.018025228416551502,0.02755579637070195,0.009530567954150446,0.002,0.008137800619966612,-0.0006072326658161662,False
2020-03-02,AZO,TTWO,0.7887931034482759,0.9956896551724138,0.018711248437374286,0.02755579637070195,0.008844547933327663,0.002,0.008396271633401705,-0.0015517237000740414,False
2020-03-03,AZO,TTWO,0.771551724137931,0.9956896551724138,0.018043041471282523,0.02755579637070195,0.009512754899419426,0.002,0.008219988792557288,-0.000707233893137863,False
2020-03-04,AZO,TTWO,0.7758620689655172,0.9956896551724138,0.018084804406663258,0.02755579637070195,0.00947099196403869,0.002,0.008235803569786457,-0.000764811605747766,False
2020-03-05,AZO,TTWO,0.7672413793103449,0.9956896551724138,0.018043041471282523,0.02755579637070195,0.009512754899419426,0.002,0.008213119486564488,-0.0007003645871450611,False
2020-03-06,AZO,TTWO,0.7672413793103449,1.0,0.018043041471282523,0.02755579637070195,0.009512754899419426,0.002,0.008213119486564488,-0.0007003645871450611,False
2020-03-09,AZO,TTWO,0.7931034482758621,0.9956896551724138,0.01892006311427796,0.02755579637070195,0.00863573325642399,0.002,0.008452071682006271,-0.0018163384255822815,False
2020-03-10,AZO,SNPS,0.7931034482758621,1.0,0.01892006311427796,0.02755579637070195,0.00863573325642399,0.002,0.008452071682006271,-0.0018163384255822815,False
2020-03-11,AZO,SNPS,0.8017241379310345,1.0,0.01933769246808531,0.02755579637070195,0.008218103902616639,0.002,0.008566814177864932,-0.002348710275248293,False
2020-03-12,ADSK,LRCX,0.8017241379310345,1.0,0.01933769246808531,0.02755579637070195,0.008218103902616639,0.002,0.008566814177864932,-0.002348710275248293,False
2020-03-13,MDB,LRCX,0.7672413793103449,1.0,0.018043041471282523,0.02755579637070195,0.009512754899419426,0.002,0.008213119486564488,-0.0007003645871450611,False
2020-03-16,MDB,LRCX,0.7370689655172413,1.0,0.018043041471282523,0.02755579637070195,0.009512754899419426,0.002,0.008165709367475692,-0.0006529544680562672,False
2020-03-17,MDB,LRCX,0.728448275862069,1.0,0.018043041471282523,0.02755579637070195,0.009512754899419426,0.002,0.008152385248271608,-0.0006396303488521828,False
2020-03-18,MDB,LRCX,0.7241379310344828,1.0,0.018042607006532985,0.02755579637070195,0.009513189364168964,0.002,0.008146856740358617,-0.0006336673761896524,False
2020-03-19,MDB,LRCX,0.6896551724137931,1.0,0.018025228416551502,0.02755579637070195,0.009530567954150446,0.002,0.008137800619966612,-0.0006072326658161662,False
2020-03-20,MDB,LRCX,0.6163793103448276,1.0,0.013561633492217149,0.02755579637070195,0.0139941628784848,0.002,0.008120096412575717,0.0038740664659090837,True
2020-03-23,ISRG,NVDA,0.8318965517241379,0.9827586206896551,0.020465291723365156,0.02755579637070195,0.007090504647336793,0.002,0.008806149488787343,-0.0037156448414505496,False
2020-03-24,ISRG,DDOG,0.7974137931034483,0.9913793103448276,0.019128877791181637,0.02755579637070195,0.008426918579520312,0.002,0.00850893616664168,-0.0020820175871213674,False
2020-03-25,ISRG,NVDA,0.7931034482758621,0.9827586206896551,0.01892006311427796,0.02755579637070195,0.00863573325642399,0.002,0.008452071682006271,-0.0018163384255822815,False
2020-03-26,ISRG,TTWO,0.7844827586206896,0.9913793103448276,0.018502433760470605,0.02755579637070195,0.009053362610231343,0.002,0.008341589345204528,-0.0012882267349731847,False
2020-03-27,ISRG,TTWO,0.7801724137931034,0.9913793103448276,0.01829361908356693,0.02755579637070195,0.009262177287135017,0.002,0.008288080584492367,-0.0010259032973573496,False
2020-03-30,ISRG,TTWO,0.7758620689655172,0.9956896551724138,0.018084804406663258,0.02755579637070195,0.00947099196403869,0.002,0.008235803569786457,-0.000764811605747766,False
2020-03-31,ISRG,TTWO,0.7801724137931034,0.9956896551724138,0.01829361908356693,0.02755579637070195,0.009262177287135017,0.002,0.008288080584492367,-0.0010259032973573496,False
2020-04-01,ISRG,TTWO,0.7844827586206896,0.9956896551724138,0.018502433760470605,0.02755579637070195,0.009053362610231343,0.002,0.008341589345204528,-0.0012882267349731847,False
2020-04-02,ISRG,TTWO,0.7887931034482759,0.9956896551724138,0.018711248437374286,0.02755579637070195,0.008844547933327663,0.002,0.008396271633401705,-0.0015517237000740414,False
2020-04-03,ISRG,TTWO,0.7887931034482759,1.0,0.018711248437374286,0.02755579637070195,0.008844547933327663,0.002,0.008396271633401705,-0.0015517237000740414,False
2020-04-06,ISRG,TTWO,0.7931034482758621,1.0,0.01892006311427796,0.02755579637070195,0.00863573325642399,0.002,0.008452071682006271,-0.0018163384255822815,False
2020-04-07,ISRG,TTWO,0.7844827586206896,1.0,0.018502433760470605,0.02755579637070195,0.009053362610231343,0.002,0.008341589345204528,-0.0012882267349731847,False
2020-04-08,ISRG,TTWO,0.7844827586206896,1.0,0.018502433760470605,0.02755579637070195,0.009053362610231343,0.002,0.008341589345204528,-0.0012882267349731847,False
2020-04-09,ISRG,TTWO,0.7878787878787878,1.0,0.018666954415000776,0.02755579637070195,0.008888841955701172,0.002,0.00838457711097789,-0.0014957351552767183,False
2020-04-13,ISRG,TTWO,0.7835497835497836,1.0,0.018457235778456826,0.02755579637070195,0.009098560592245123,0.002,0.008329905883246365,-0.0012313452910012418,False
2020-04-14,ISRG,TTWO,0.7792207792207793,1.0,0.018247517141912875,0.02755579637070195,0.009308279228789074,0.002,0.008276430868366018,-0.0009681516395769448,False
2020-04-15,ISRG,TTWO,0.7922077922077922,1.0,0.01887667305154473,0.02755579637070195,0.008679123319157218,0.002,0.008440387524947123,-0.001761264205789904,False
2020-04-16,ISRG,TTWO,0.8225108225108225,1.0,0.020344703507352388,0.02755579637070195,0.007211092863349561,0.002,0.00885868074233098,-0.003647587878981419,False
2020-04-17,ISRG,TTWO,0.8311688311688312,1.0,0.020465291723365156,0.02755579637070195,0.007090504647336793,0.002,0.008815441210719008,-0.003724936563382216,False
2020-04-20,AZO,TTWO,0.8398268398268398,1.0,0.020465291723365156,0.02755579637070195,0.007090504647336793,0.002,0.008706081383259606,-0.003615576735922812,False
2020-04-21,INTU,TTWO,0.8484848484848485,1.0,0.020465291723365156,0.02755579637070195,0.007090504647336793,0.002,0.008599465249237409,-0.0035089606019006172,False
2020-04-22,AZO,TTWO,0.8528138528138528,1.0,0.020465291723365156,0.02755579637070195,0.007090504647336793,0.002,0.00854726362691971,-0.0034567589795829177,False
2020-04-23,AZO,TTWO,0.8484848484848485,1.0,0.020465291723365156,0.02755579637070195,0.007090504647336793,0.002,0.008599465249237409,-0.0035089606019006172,False
2020-04-24,AZO,TTWO,0.8484848484848485,1.0,0.020465291723365156,0.02755579637070195,0.007090504647336793,0.002,0.008599465249237409,-0.0035089606019006172,False
2020-04-27,AZO,TTWO,0.8521739130434782,1.0,0.020465291723365156,0.02755579637070195,0.007090504647336793,0.002,0.008554931966917714,-0.0034644273195809216,False
2020-04-28,AZO,TTWO,0.8478260869565217,1.0,0.020465291723365156,0.02755579637070195,0.007090504647336793,0.002,0.008607475387296061,-0.0035169707399592687,False
2020-04-29,AZO,TSLA,0.8347826086956521,0.9956521739130435,0.020465291723365156,0.02755579637070195,0.007090504647336793,0.002,0.00876947695071282,-0.003678972303376026,False
2020-04-30,AZO,TSLA,0.8217391304347826,0.9956521739130435,0.020307318880838032,0.02755579637070195,0.0072484774898639165,0.002,0.008847501283112933,-0.0035990237932490166,False
2020-05-01,AZO,TSLA,0.8138528138528138,1.0,0.019925266234264483,0.02755579637070195,0.0076305301364374654,0.002,0.008734703859985154,-0.0031041737235476883,False
2020-05-04,AZO,TSLA,0.8296943231441049,1.0,0.020465291723365156,0.02755579637070195,0.007090504647336793,0.002,0.00883432239580484,-0.0037438177484680475,False
2020-05-05,AZO,TSLA,0.8209606986899564,1.0,0.02026960775103534,0.02755579637070195,0.007286188619666609,0.002,0.008836249149156174,-0.0035500605294895653,False
2020-05-06,AZO,TSLA,0.8209606986899564,1.0,0.02026960775103534,0.02755579637070195,0.007286188619666609,0.002,0.008836249149156174,-0.0035500605294895653,False
2020-05-07,AZO,TSLA,0.8078602620087336,1.0,0.019634957029965653,0.02755579637070195,0.007920839340736296,0.002,0.008650861548773611,-0.002730022208037315,False
2020-05-08,AZO,TSLA,0.8122270742358079,1.0,0.019846507270322215,0.02755579637070195,0.007709289100379733,0.002,0.008711792707819294,-0.003002503607439561,False
2020-05-11,INTU,TSLA,0.8122270742358079,1.0,0.019846507270322215,0.02755579637070195,0.007709289100379733,0.002,0.008711792707819294,-0.003002503607439561,False
2020-05-12,AZO,TSLA,0.8165938864628821,0.9912663755458515,0.020058057510678778,0.02755579637070195,0.007497738860023171,0.002,0.008773602734944829,-0.0032758638749216585,False
2020-05-13,AZO,TSLA,0.8209606986899564,0.9912663755458515,0.02026960775103534,0.02755579637070195,0.007286188619666609,0.002,0.008836249149156174,-0.0035500605294895653,False
2020-05-14,INTU,TSLA,0.8253275109170306,0.9912663755458515,0.020465291723365156,0.02755579637070195,0.007090504647336793,0.002,0.008890656976749553,-0.003800152329412761,False
2020-05-15,INTU,TSLA,0.8253275109170306,0.9912663755458515,0.020465291723365156,0.02755579637070195,0.007090504647336793,0.002,0.008890656976749553,-0.003800152329412761,False
2020-05-18,INTU,TSLA,0.834061135371179,0.9912663755458515,0.020465291723365156,0.02755579637070195,0.007090504647336793,0.002,0.00877861774723331,-0.003688113099896518,False
2020-05-19,INTU,TSLA,0.834061135371179,0.9912663755458515,0.020465291723365156,0.02755579637070195,0.007090504647336793,0.002,0.00877861774723331,-0.003688113099896518,False
2020-05-20,INTU,TSLA,0.6812227074235808,0.9868995633187773,0.018020978630355157,0.02755579637070195,0.009534817740346792,0.002,0.008135593332194007,-0.0006007755918472158,False
2020-05-21,INTU,TSLA,0.6812227074235808,0.9912663755458515,0.018020978630355157,0.02755579637070195,0.009534817740346792,0.002,0.008135593332194007,-0.0006007755918472158,False
2020-05-22,AZO,TSLA,0.8427947598253275,0.9956331877729258,0.020465291723365156,0.02755579637070195,0.007090504647336793,0.002,0.008669212685395136,-0.003578708038058343,False
2020-05-26,AZO,TSLA,0.8296943231441049,0.9956331877729258,0.020465291723365156,0.02755579637070195,0.007090504647336793,0.002,0.00883432239580484,-0.0037438177484680475,False
2020-05-27,AZO,TSLA,0.8296943231441049,0.9956331877729258,0.020465291723365156,0.02755579637070195,0.007090504647336793,0.002,0.00883432239580484,-0.0037438177484680475,False
2020-05-28,AZO,TSLA,0.834061135371179,0.9956331877729258,0.020465291723365156,0.02755579637070195,0.007090504647336793,0.002,0.00877861774723331,-0.003688113099896518,False
2020-05-29,AZO,TSLA,0.8296943231441049,0.9956331877729258,0.020465291723365156,0.02755579637070195,0.007090504647336793,0.002,0.00883432239580484,-0.0037438177484680475,False
2020-06-01,AZO,TTWO,0.8253275109170306,0.9912663755458515,0.020465291723365156,0.02755579637070195,0.007090504647336793,0.002,0.008890656976749553,-0.003800152329412761,False
2020-06-02,AZO,TTWO,0.8253275109170306,0.9912663755458515,0.020465291723365156,0.02755579637070195,0.007090504647336793,0.002,0.008890656976749553,-0.003800152329412761,False
2020-06-03,AZO,NVDA,0.8304347826086956,0.991304347826087,0.020465291723365156,0.02755579637070195,0.007090504647336793,0.002,0.008824831714305962,-0.003734327066969169,False
2020-06-04,AZO,CRWD,0.8304347826086956,1.0,0.020465291723365156,0.02755579637070195,0.007090504647336793,0.002,0.008824831714305962,-0.003734327066969169,False
2020-06-05,AZO,CRWD,0.8173913043478261,1.0,0.020096688424135194,0.02755579637070195,0.007459107946566755,0.002,0.008784981308603855,-0.003325873362037099,False
2020-06-08,AZO,CRWD,0.8217391304347826,1.0,0.020307318880838032,0.02755579637070195,0.0072484774898639165,0.002,0.008847501283112933,-0.0035990237932490166,False
2020-06-09,AZO,CRWD,0.8173913043478261,1.0,0.020096688424135194,0.02755579637070195,0.007459107946566755,0.002,0.008784981308603855,-0.003325873362037099,False
2020-06-10,AZO,MDB,0.8434782608695652,1.0,0.020465291723365156,0.02755579637070195,0.007090504647336793,0.002,0.008660768634528589,-0.003570263987191795,False
2020-06-11,ISRG,MDB,0.8478260869565217,1.0,0.020465291723365156,0.02755579637070195,0.007090504647336793,0.002,0.008607475387296061,-0.0035169707399592687,False
2020-06-12,AZO,MDB,0.6956521739130435,1.0,0.018028250780026542,0.02755579637070195,0.009527545590675406,0.002,0.008139372151141251,-0.0006118265604658458,False
2020-06-15,ISRG,MDB,0.8565217391304348,1.0,0.020465291723365156,0.02755579637070195,0.007090504647336793,0.002,0.008503172113092365,-0.0034126674657555733,False
2020-06-16,AZO,MDB,0.8434782608695652,1.0,0.020465291723365156,0.02755579637070195,0.007090504647336793,0.002,0.008660768634528589,-0.003570263987191795,False
2020-06-17,ISRG,MDB,0.8434782608695652,1.0,0.020465291723365156,0.02755579637070195,0.007090504647336793,0.002,0.008660768634528589,-0.003570263987191795,False
2020-06-18,ORLY,MDB,0.8565217391304348,1.0,0.020465291723365156,0.02755579637070195,0.007090504647336793,0.002,0.008503172113092365,-0.0034126674657555733,False
2020-06-19,ORLY,MDB,0.8565217391304348,1.0,0.020465291723365156,0.02755579637070195,0.007090504647336793,0.002,0.008503172113092365,-0.0034126674657555733,False
2020-06-22,ORLY,MDB,0.8652173913043478,1.0,0.020465291723365156,0.02755579637070195,0.007090504647336793,0.002,0.008402145619784852,-0.00331164097244806,False
2020-06-23,ORLY,MDB,0.8652173913043478,1.0,0.020465291723365156,0.02755579637070195,0.007090504647336793,0.002,0.008402145619784852,-0.00331164097244806,False
2020-06-24,ORLY,TTWO,0.8652173913043478,0.991304347826087,0.020465291723365156,0.02755579637070195,0.007090504647336793,0.002,0.008402145619784852,-0.00331164097244806,False
2020-06-25,ORLY,MDB,0.8695652173913043,0.9956521739130435,0.020465291723365156,0.02755579637070195,0.007090504647336793,0.002,0.008352954103169306,-0.003262449455832514,False
2020-06-26,AZO,MDB,0.8577586206896551,0.9956896551724138,0.020465291723365156,0.02755579637070195,0.007090504647336793,0.002,0.008488595355457276,-0.0033980907081204844,False
2020-06-29,AZO,MDB,0.8362068965517241,0.9956896551724138,0.020465291723365156,0.02755579637070195,0.007090504647336793,0.002,0.008751485004121635,-0.003660980356784843,False
2020-06-30,AZO,MDB,0.8362068965517241,0.9956896551724138,0.020465291723365156,0.02755579637070195,0.007090504647336793,0.002,0.008751485004121635,-0.003660980356784843,False
2020-07-01,AZO,MDB,0.8663793103448276,0.9956896551724138,0.020465291723365156,0.02755579637070195,0.007090504647336793,0.002,0.008388910461736388,-0.003298405814399595,False
2020-07-02,AZO,MDB,0.8663793103448276,0.9913793103448276,0.020465291723365156,0.02755579637070195,0.007090504647336793,0.002,0.008388910461736388,-0.003298405814399595,False
2020-07-06,AZO,KLAC,0.853448275862069,0.9913793103448276,0.020465291723365156,0.02755579637070195,0.007090504647336793,0.002,0.008539678255373521,-0.003449173608036728,False
2020-07-07,AZO,KLAC,0.8318965517241379,0.9913793103448276,0.020465291723365156,0.02755579637070195,0.007090504647336793,0.002,0.008806149488787343,-0.0037156448414505496,False
2020-07-08,AZO,KLAC,0.8318965517241379,0.9913793103448276,0.020465291723365156,0.02755579637070195,0.007090504647336793,0.002,0.008806149488787343,-0.0037156448414505496,False
2020-07-09,AZO,TTWO,0.8232758620689655,0.9913793103448276,0.02038176585260369,0.02755579637070195,0.00717403051809826,0.002,0.008869787937163729,-0.003695757419065468,False
2020-07-10,AZO,TTWO,0.8275862068965517,0.9913793103448276,0.020465291723365156,0.02755579637070195,0.007090504647336793,0.002,0.00886144144657444,-0.003770936799237647,False
2020-07-13,AZO,TTWO,0.8275862068965517,0.9913793103448276,0.020465291723365156,0.02755579637070195,0.007090504647336793,0.002,0.00886144144657444,-0.003770936799237647,False
2020-07-14,AZO,TTWO,0.8060344827586207,0.9913793103448276,0.019546507144988984,0.02755579637070195,0.008009289225712965,0.002,0.008625657177846031,-0.0026163679521330665,False
2020-07-15,AZO,TTWO,0.8017241379310345,0.9913793103448276,0.01933769246808531,0.02755579637070195,0.008218103902616639,0.002,0.008566814177864932,-0.002348710275248293,False
2020-07-16,AZO,TTWO,0.8060344827586207,0.9913793103448276,0.019546507144988984,0.02755579637070195,0.008009289225712965,0.002,0.008625657177846031,-0.0026163679521330665,False
2020-07-17,ISRG,TTWO,0.8060344827586207,0.9913793103448276,0.019546507144988984,0.02755579637070195,0.008009289225712965,0.002,0.008625657177846031,-0.0026163679521330665,False
2020-07-20,AZO,TTWO,0.8060344827586207,0.9913793103448276,0.019546507144988984,0.02755579637070195,0.008009289225712965,0.002,0.008625657177846031,-0.0026163679521330665,False
2020-07-21,AZO,TTWO,0.8051948051948052,0.987012987012987,0.019505828961176582,0.02755579637070195,0.008049967409525367,0.002,0.00861412078705992,-0.0025641533775345527,False
2020-07-22,ISRG,TTWO,0.8095238095238095,0.987012987012987,0.019715547597720533,0.02755579637070195,0.007840248772981416,0.002,0.008673966991718011,-0.0028337182187365946,False
2020-07-23,ISRG,TTWO,0.8051948051948052,0.987012987012987,0.019505828961176582,0.02755579637070195,0.008049967409525367,0.002,0.00861412078705992,-0.0025641533775345527,False
2020-07-24,AZO,TTWO,0.8008658008658008,0.9913419913419913,0.019296110324632628,0.02755579637070195,0.00825968604606932,0.002,0.008555210224932327,-0.0022955241788630053,False
2020-07-27,AMD,TTWO,0.7142857142857143,0.9913419913419913,0.018037641695109706,0.02755579637070195,0.009518154675592243,0.002,0.008144264389506332,-0.0006261097139140881,False
2020-07-28,AMD,TTWO,0.7186147186147186,0.9913419913419913,0.0180398234228563,0.02755579637070195,0.00951597294784565,0.002,0.008145402972318133,-0.0006294300244724833,False
2020-07-29,AMD,TTWO,0.7186147186147186,0.9913419913419913,0.0180398234228563,0.02755579637070195,0.00951597294784565,0.002,0.008145402972318133,-0.0006294300244724833,False
2020-07-30,AZO,TTWO,0.8051948051948052,0.9913419913419913,0.019505828961176582,0.02755579637070195,0.008049967409525367,0.002,0.00861412078705992,-0.0025641533775345527,False
2020-07-31,AZO,TTWO,0.8095238095238095,0.987012987012987,0.019715547597720533,0.02755579637070195,0.007840248772981416,0.002,0.008673966991718011,-0.0028337182187365946,False
2020-08-03,AZO,TTWO,0.8095238095238095,0.974025974025974,0.019715547597720533,0.02744447013044593,0.007728922532725398,0.002,0.00866957448970095,-0.002940651956975552,False
2020-08-04,AZO,TTWO,0.8225108225108225,0.987012987012987,0.020344703507352388,0.02755579637070195,0.007211092863349561,0.002,0.00885868074233098,-0.003647587878981419,False
2020-08-05,ORLY,TTWO,0.70995670995671,0.9956709956709957,0.018035459967363113,0.02755579637070195,0.009520336403338835,0.002,0.00814312656071275,-0.0006227901573739149,False
2020-08-06,ORLY,TTWO,0.6926406926406926,0.9956709956709957,0.01802673305637674,0.02755579637070195,0.009529063314325209,0.002,0.008138582802113714,-0.0006095194877885042,False
2020-08-07,ORLY,TTWO,0.6753246753246753,0.9913419913419913,0.01801800614539037,0.02755579637070195,0.00953779022531158,0.002,0.008134051173455442,-0.0005962609481438624,False
2020-08-10,AZO,TTWO,0.8181818181818182,0.9913419913419913,0.020134984870808437,0.02755579637070195,0.007420811499893511,0.002,0.008796288642888232,-0.0033754771429947202,False
2020-08-11,AZO,TTWO,0.8095238095238095,0.9913419913419913,0.019715547597720533,0.02755579637070195,0.007840248772981416,0.002,0.008673966991718011,-0.0028337182187365946,False
2020-08-12,AZO,TTWO,0.8051948051948052,0.9913419913419913,0.019505828961176582,0.02755579637070195,0.008049967409525367,0.002,0.00861412078705992,-0.0025641533775345527,False
2020-08-13,AZO,TTWO,0.7965367965367965,0.9913419913419913,0.019086391688088677,0.02755579637070195,0.008469404682613271,0.002,0.008497282587416659,-0.002027877904803387,False
2020-08-14,AZO,TTWO,0.7922077922077922,0.9913419913419913,0.01887667305154473,0.02755579637070195,0.008679123319157218,0.002,0.008440387524947123,-0.001761264205789904,False
2020-08-17,AZO,TTWO,0.8051948051948052,0.9913419913419913,0.019505828961176582,0.02755579637070195,0.008049967409525367,0.002,0.00861412078705992,-0.0025641533775345527,False
2020-08-18,INTU,TTWO,0.7575757575757576,0.9913419913419913,0.018043041471282523,0.02755579637070195,0.009512754899419426,0.002,0.008197802343790802,-0.0006850474443713768,False
2020-08-19,INTU,TTWO,0.7619047619047619,0.974025974025974,0.018043041471282523,0.02744447013044593,0.009401428659163408,0.002,0.008199610893646871,-0.0007981822344834627,False
2020-08-20,INTU,ANET,0.7489177489177489,0.9696969696969697,0.018043041471282523,0.026949686840419172,0.00890664536913665,0.002,0.008156644157463921,-0.0012499987883272715,False
2020-08-21,INTU,STLD,0.7445887445887446,0.974025974025974,0.018043041471282523,0.02744447013044593,0.009401428659163408,0.002,0.008172333283167353,-0.0007709046240039459,False
2020-08-24,INTU,STLD,0.7434782608695653,0.9782608695652174,0.018043041471282523,0.02755579637070195,0.009512754899419426,0.002,0.00817568014686819,-0.0006629252474487646,False
2020-08-25,INTU,STLD,0.7434782608695653,0.9695652173913043,0.018043041471282523,0.026934628218548785,0.008891586747266263,0.002,0.00814738061198869,-0.0012557938647224267,False
2020-08-26,INTU,STLD,0.7478260869565218,0.9826086956521739,0.018043041471282523,0.02755579637070195,0.009512754899419426,0.002,0.008182475011117636,-0.0006697201116982092,False
2020-08-27,INTU,ANET,0.7434782608695653,0.9782608695652174,0.018043041471282523,0.02755579637070195,0.009512754899419426,0.002,0.00817568014686819,-0.0006629252474487646,False
2020-08-28,INTU,ANET,0.7565217391304347,0.9826086956521739,0.018043041471282523,0.02755579637070195,0.009512754899419426,0.002,0.00819613934765724,-0.0006833844482378136,False
2020-08-31,INTU,ANET,0.7652173913043478,0.9826086956521739,0.018043041471282523,0.02755579637070195,0.009512754899419426,0.002,0.00820990210194993,-0.0006971472025305032,False
2020-09-01,AZO,TTWO,0.8,0.9869565217391304,0.019254166597323843,0.02755579637070195,0.008301629773378106,0.002,0.008543544509131765,-0.002241914735753658,False
2020-09-02,AZO,STLD,0.7965367965367965,0.9826839826839827,0.019086391688088677,0.02755579637070195,0.008469404682613271,0.002,0.008497282587416659,-0.002027877904803387,False
2020-09-03,AZO,STLD,0.8138528138528138,0.974025974025974,0.019925266234264483,0.02744447013044593,0.007519203896181447,0.002,0.00873038287592822,-0.003211178979746773,False
2020-09-04,AZO,MDB,0.8247863247863247,0.9914529914529915,0.020454940226561386,0.02755579637070195,0.007100856144140563,0.002,0.00889178721199523,-0.0037909310678546668,False
2020-09-08,AZO,MDB,0.8205128205128205,0.9871794871794872,0.020247910290485945,0.02755579637070195,0.0073078860802160035,0.002,0.00882978657372159,-0.0035219004935055868,False
2020-09-09,AZO,MDB,0.6923076923076923,0.9914529914529915,0.018026565231165463,0.02755579637070195,0.009529231139536486,0.002,0.008138495540849095,-0.0006092644013126107,False
2020-09-10,AZO,MDB,0.688034188034188,0.9914529914529915,0.018024411474287415,0.02755579637070195,0.009531384896414533,0.002,0.008137376086305114,-0.0006059911898905817,False
2020-09-11,AZO,MDB,0.7094017094017094,0.9914529914529915,0.01803518025867765,0.02755579637070195,0.009520616112024299,0.002,0.008142980739799646,-0.0006223646277753467,False
2020-09-14,AZO,MDB,0.7008547008547008,0.9914529914529915,0.01803087274492156,0.02755579637070195,0.00952492362578039,0.002,0.008140736665749706,-0.0006158130399693167,False
2020-09-15,AZO,MDB,0.7051282051282052,0.9914529914529915,0.018033026501799606,0.02755579637070195,0.009522769868902343,0.002,0.008141858334525772,-0.0006190884656234281,False
2020-09-16,AZO,MDB,0.6738197424892703,0.9871244635193133,0.017919966736611257,0.02755579637070195,0.009635829634090692,0.002,0.008133812263855152,-0.0004979826297644612,False
2020-09-17,AZO,MDB,0.6824034334763949,0.9914163090128756,0.018021573691619774,0.02755579637070195,0.009534222679082174,0.002,0.008135902226302005,-0.0006016795472198319,False
2020-09-18,AZO,MDB,0.648068669527897,0.9957081545064378,0.01578449519047071,0.02755579637070195,0.011771301180231238,0.002,0.00813045452317028,0.0016408466570609582,True
2020-09-21,AMD,TTWO,0.8540772532188842,0.9699570815450643,0.020465291723365156,0.02697941630848944,0.0065141245851242854,0.002,0.008508580250793494,-0.003994455665669208,False
2020-09-22,AMD,TTWO,0.8497854077253219,0.9742489270386266,0.020465291723365156,0.02746995253164903,0.007004660808283873,0.002,0.008580229233034972,-0.0035755684247510988,False
2020-09-23,AMD,TTWO,0.8583690987124464,0.9699570815450643,0.020465291723365156,0.02697941630848944,0.0065141245851242854,0.002,0.008457484767900827,-0.003943360182776542,False
2020-09-24,AMD,TTWO,0.8540772532188842,0.9699570815450643,0.020465291723365156,0.02697941630848944,0.0065141245851242854,0.002,0.008508580250793494,-0.003994455665669208,False
2020-09-25,AMD,TTWO,0.8589743589743589,0.9700854700854701,0.020465291723365156,0.026994090469011314,0.006528798745646158,0.002,0.008450952113583909,-0.003922153367937751,False
2020-09-28,AMD,TTWO,0.8589743589743589,0.9743589743589743,0.020465291723365156,0.02748253038352491,0.007017238660159755,0.002,0.008471275414534268,-0.0034540367543745135,False
2020-09-29,AMD,TTWO,0.8589743589743589,0.9658119658119658,0.020465291723365156,0.02650565055449772,0.006040358831132565,0.002,0.00843073730090088,-0.004390378469768315,False
2020-09-30,AMD,TTWO,0.8601694915254238,0.9661016949152542,0.020465291723365156,0.026538765124973215,0.006073473401608059,0.002,0.008417975383405512,-0.004344501981797453,False
2020-10-01,AMD,TTWO,0.8516949152542372,0.9703389830508474,0.020465291723365156,0.02702306571817737,0.006557773994812215,0.002,0.00853904561811317,-0.003981271623300956,False
2020-10-02,AMD,TTWO,0.847457627118644,0.9661016949152542,0.020465291723365156,0.026538765124973215,0.006073473401608059,0.002,0.008571362074743462,-0.0044978886731354036,False
2020-10-05,AMD,TSLA,0.8547008547008547,0.9658119658119658,0.020465291723365156,0.02650565055449772,0.006040358831132565,0.002,0.008481787233415484,-0.0044414284022829195,False
2020-10-06,AMD,TSLA,0.8547008547008547,0.9658119658119658,0.020465291723365156,0.02650565055449772,0.006040358831132565,0.002,0.008481787233415484,-0.0044414284022829195,False
2020-10-07,AMD,TSLA,0.8504273504273504,0.9658119658119658,0.020465291723365156,0.02650565055449772,0.006040358831132565,0.002,0.008533604953827871,-0.0044932461226953055,False
2020-10-08,AMD,TSLA,0.8497854077253219,0.9656652360515021,0.020465291723365156,0.026488880085329868,0.0060235883619647115,0.002,0.008540782500672906,-0.0045171941387081955,False
2020-10-09,AMD,TSLA,0.8369098712446352,0.9656652360515021,0.020465291723365156,0.026488880085329868,0.0060235883619647115,0.002,0.008701554690438281,-0.00467796632847357,False
2020-10-12,AMD,TSLA,0.8369098712446352,0.9656652360515021,0.020465291723365156,0.026488880085329868,0.0060235883619647115,0.002,0.008701554690438281,-0.00467796632847357,False
2020-10-13,AMD,TSLA,0.8326180257510729,0.9656652360515021,0.020465291723365156,0.026488880085329868,0.0060235883619647115,0.002,0.008756472775933565,-0.004732884413968854,False
2020-10-14,AMD,TSLA,0.8412017167381974,0.9699570815450643,0.020465291723365156,0.02697941630848944,0.0065141245851242854,0.002,0.008666376154334524,-0.004152251569210238,False
2020-10-15,AMD,TSLA,0.8326180257510729,0.9699570815450643,0.020465291723365156,0.02697941630848944,0.0065141245851242854,0.002,0.008775016034179866,-0.00426089144905558,False
2020-10-16,AMD,TSLA,0.8326180257510729,0.9699570815450643,0.020465291723365156,0.02697941630848944,0.0065141245851242854,0.002,0.008775016034179866,-0.00426089144905558,False
2020-10-19,ISRG,TSLA,0.8376068376068376,0.9743589743589743,0.020465291723365156,0.02748253038352491,0.007017238660159755,0.002,0.008731025295821005,-0.0037137866356612495,False
2020-10-20,AMD,TSLA,0.8540772532188842,0.9699570815450643,0.020465291723365156,0.02697941630848944,0.0065141245851242854,0.002,0.008508580250793494,-0.003994455665669208,False
2020-10-21,AMD,TSLA,0.8540772532188842,0.9699570815450643,0.020465291723365156,0.02697941630848944,0.0065141245851242854,0.002,0.008508580250793494,-0.003994455665669208,False
2020-10-22,ORLY,DDOG,0.8669527896995708,0.9613733905579399,0.020465291723365156,0.025998343862170294,0.005533052138805138,0.002,0.008316140371692432,-0.004783088232887294,False
2020-10-23,AMD,DDOG,0.7510729613733905,0.9656652360515021,0.018043041471282523,0.026488880085329868,0.008445838614047345,0.002,0.008139234500196041,-0.001693395886148696,False
2020-10-26,AMD,TTWO,0.7586206896551724,0.9698275862068966,0.018043041471282523,0.026964615646583773,0.00892157417530125,0.002,0.008172717492080817,-0.0012511433167795654,False
2020-10-27,AMD,DDOG,0.7586206896551724,0.9698275862068966,0.018043041471282523,0.026964615646583773,0.00892157417530125,0.002,0.008172717492080817,-0.0012511433167795654,False
2020-10-28,AMD,TTWO,0.759656652360515,0.9785407725321889,0.018043041471282523,0.02755579637070195,0.009512754899419426,0.002,0.008201089748673836,-0.0006883348492544104,False
2020-10-29,MCO,DDOG,0.8154506437768241,0.9699570815450643,0.020002673112988863,0.02697941630848944,0.006976743195500578,0.002,0.008735166369857529,-0.0037584231743569515,False
2020-10-30,MCO,DDOG,0.8111587982832618,0.9656652360515021,0.01979475463641524,0.026488880085329868,0.006694125448914626,0.002,0.008655212490155476,-0.0039610870412408496,False
2020-11-02,ORLY,KLAC,0.8583690987124464,0.9871244635193133,0.020465291723365156,0.02755579637070195,0.007090504647336793,0.002,0.008481425494827218,-0.0033909208474904246,False
2020-11-03,ORLY,KLAC,0.721030042918455,0.9871244635193133,0.01804104069584796,0.02755579637070195,0.009514755674853988,0.002,0.008146038560521282,-0.0006312828856672925,False
2020-11-04,ORLY,KLAC,0.7339055793991416,0.9785407725321889,0.018043041471282523,0.02755579637070195,0.009512754899419426,0.002,0.008160808415932608,-0.0006480535165131829,False
2020-11-05,ORLY,KLAC,0.7339055793991416,0.9785407725321889,0.018043041471282523,0.02755579637070195,0.009512754899419426,0.002,0.008160808415932608,-0.0006480535165131829,False
2020-11-06,ORLY,KLAC,0.7296137339055794,0.9828326180257511,0.018043041471282523,0.02755579637070195,0.009512754899419426,0.002,0.008154180712590579,-0.0006414258131711538,False
2020-11-09,AMD,TTWO,0.8888888888888888,0.9829059829059829,0.02084744662545619,0.02755579637070195,0.00670834974524576,0.002,0.008309072775085689,-0.0036007230298399297,False
2020-11-10,INTU,TTWO,0.8931623931623932,0.9786324786324786,0.020965032749176507,0.02755579637070195,0.006590763621525442,0.002,0.008314107955497169,-0.0037233443339717274,False
2020-11-11,INTU,TTWO,0.8888888888888888,0.9829059829059829,0.02084744662545619,0.02755579637070195,0.00670834974524576,0.002,0.008309072775085689,-0.0036007230298399297,False
2020-11-12,PANW,TTWO,0.8888888888888888,0.9829059829059829,0.02084744662545619,0.02755579637070195,0.00670834974524576,0.002,0.008309072775085689,-0.0036007230298399297,False
2020-11-13,PANW,TTWO,0.8888888888888888,0.9829059829059829,0.02084744662545619,0.02755579637070195,0.00670834974524576,0.002,0.008309072775085689,-0.0036007230298399297,False
2020-11-16,PANW,TTWO,0.8632478632478633,0.9829059829059829,0.020465291723365156,0.02755579637070195,0.007090504647336793,0.002,0.008424725484021678,-0.0033342208366848847,False
2020-11-17,PANW,TTWO,0.8632478632478633,0.9871794871794872,0.020465291723365156,0.02755579637070195,0.007090504647336793,0.002,0.008424725484021678,-0.0033342208366848847,False
2020-11-18,PANW,TTWO,0.8675213675213675,0.9871794871794872,0.020465291723365156,0.02755579637070195,0.007090504647336793,0.002,0.008375964479944056,-0.0032854598326072645,False
2020-11-19,PANW,TTWO,0.8675213675213675,0.9871794871794872,0.020465291723365156,0.02755579637070195,0.007090504647336793,0.002,0.008375964479944056,-0.0032854598326072645,False
2020-11-20,ISRG,TTWO,0.8675213675213675,0.9871794871794872,0.020465291723365156,0.02755579637070195,0.007090504647336793,0.002,0.008375964479944056,-0.0032854598326072645,False
2020-11-23,ISRG,TTWO,0.8675213675213675,0.9914529914529915,0.020465291723365156,0.02755579637070195,0.007090504647336793,0.002,0.008375964479944056,-0.0032854598326072645,False
2020-11-24,ISRG,TTWO,0.8717948717948718,0.9914529914529915,0.020465291723365156,0.02755579637070195,0.007090504647336793,0.002,0.008328087351428716,-0.0032375827040919234,False
2020-11-25,ISRG,TTWO,0.8632478632478633,0.9957264957264957,0.020465291723365156,0.02755579637070195,0.007090504647336793,0.002,0.008424725484021678,-0.0033342208366848847,False
2020-11-27,ISRG,TTWO,0.8626609442060086,0.9957081545064378,0.020465291723365156,0.02755579637070195,0.007090504647336793,0.002,0.008431489217067064,-0.003340984569730272,False
2020-11-30,ADSK,TTWO,0.8497854077253219,0.9957081545064378,0.020465291723365156,0.02755579637070195,0.007090504647336793,0.002,0.008583702221840319,-0.0034931975745035255,False
2020-12-01,ADSK,TTWO,0.8583690987124464,0.9957081545064378,0.020465291723365156,0.02755579637070195,0.007090504647336793,0.002,0.008481425494827218,-0.0033909208474904246,False
2020-12-02,ADSK,TTWO,0.8454935622317596,0.9957081545064378,0.020465291723365156,0.02755579637070195,0.007090504647336793,0.002,0.008635975044527688,-0.0035454703971908945,False
2020-12-03,ADSK,TTWO,0.8497854077253219,0.9957081545064378,0.020465291723365156,0.02755579637070195,0.007090504647336793,0.002,0.008583702221840319,-0.0034931975745035255,False
2020-12-04,ADSK,TTWO,0.8497854077253219,0.9957081545064378,0.020465291723365156,0.02755579637070195,0.007090504647336793,0.002,0.008583702221840319,-0.0034931975745035255,False
2020-12-07,AMD,TTWO,0.8701298701298701,0.9956709956709957,0.020465291723365156,0.02755579637070195,0.007090504647336793,0.002,0.008346633242237866,-0.0032561285949010733,False
2020-12-08,AMD,TTWO,0.8701298701298701,0.9913419913419913,0.020465291723365156,0.02755579637070195,0.007090504647336793,0.002,0.008346633242237866,-0.0032561285949010733,False
2020-12-09,AMD,TTWO,0.8744588744588745,0.9826839826839827,0.020465291723365156,0.02755579637070195,0.007090504647336793,0.002,0.008298706156850539,-0.003208201509513747,False
2020-12-10,AMD,TTWO,0.8744588744588745,0.987012987012987,0.020465291723365156,0.02755579637070195,0.007090504647336793,0.002,0.008298706156850539,-0.003208201509513747,False
2020-12-11,AMD,TTWO,0.8701298701298701,0.987012987012987,0.020465291723365156,0.02755579637070195,0.007090504647336793,0.002,0.008346633242237866,-0.0032561285949010733,False
2020-12-14,AMD,TTWO,0.8658008658008658,0.987012987012987,0.020465291723365156,0.02755579637070195,0.007090504647336793,0.002,0.00839549136730133,-0.003304986719964537,False
2020-12-15,AMD,TTWO,0.8701298701298701,0.987012987012987,0.020465291723365156,0.02755579637070195,0.007090504647336793,0.002,0.008346633242237866,-0.0032561285949010733,False
2020-12-16,AMD,TTWO,0.8658008658008658,0.987012987012987,0.020465291723365156,0.02755579637070195,0.007090504647336793,0.002,0.00839549136730133,-0.003304986719964537,False
2020-12-17,AMD,TTWO,0.8614718614718615,0.9913419913419913,0.020465291723365156,0.02755579637070195,0.007090504647336793,0.002,0.008445240922104379,-0.003354736274767587,False
2020-12-18,AMD,TTWO,0.8614718614718615,0.9913419913419913,0.020465291723365156,0.02755579637070195,0.007090504647336793,0.002,0.008445240922104379,-0.003354736274767587,False
2020-12-21,AMD,TTWO,0.8571428571428571,0.9913419913419913,0.020465291723365156,0.02755579637070195,0.007090504647336793,0.002,0.008495843848890548,-0.0034053392015537553,False
2020-12-22,AMD,TTWO,0.8571428571428571,0.9913419913419913,0.020465291723365156,0.02755579637070195,0.007090504647336793,0.002,0.008495843848890548,-0.0034053392015537553,False
2020-12-23,AMD,TTWO,0.8571428571428571,0.9913419913419913,0.020465291723365156,0.02755579637070195,0.007090504647336793,0.002,0.008495843848890548,-0.0034053392015537553,False
2020-12-24,AMD,TTWO,0.8614718614718615,0.987012987012987,0.020465291723365156,0.02755579637070195,0.007090504647336793,0.002,0.008445240922104379,-0.003354736274767587,False
2020-12-28,AMD,TTWO,0.8528138528138528,0.9826839826839827,0.020465291723365156,0.02755579637070195,0.007090504647336793,0.002,0.00854726362691971,-0.0034567589795829177,False
2020-12-29,AMD,TTWO,0.8571428571428571,0.987012987012987,0.020465291723365156,0.02755579637070195,0.007090504647336793,0.002,0.008495843848890548,-0.0034053392015537553,False
2020-12-30,AMD,TTWO,0.8571428571428571,0.987012987012987,0.020465291723365156,0.02755579637070195,0.007090504647336793,0.002,0.008495843848890548,-0.0034053392015537553,False
2020-12-31,AMD,TTWO,0.853448275862069,0.9870689655172413,0.020465291723365156,0.02755579637070195,0.007090504647336793,0.002,0.008539678255373521,-0.003449173608036728,False
2021-01-04,AMD,TTWO,0.8577586206896551,0.9870689655172413,0.020465291723365156,0.02755579637070195,0.007090504647336793,0.002,0.008488595355457276,-0.0033980907081204844,False
2021-01-05,AMD,TTWO,0.8577586206896551,0.9870689655172413,0.020465291723365156,0.02755579637070195,0.007090504647336793,0.002,0.008488595355457276,-0.0033980907081204844,False
2021-01-06,AMD,TTWO,0.8577586206896551,0.9913793103448276,0.020465291723365156,0.02755579637070195,0.007090504647336793,0.002,0.008488595355457276,-0.0033980907081204844,False
2021-01-07,AMD,TTWO,0.8577586206896551,0.9870689655172413,0.020465291723365156,0.02755579637070195,0.007090504647336793,0.002,0.008488595355457276,-0.0033980907081204844,False
2021-01-08,AMD,TTWO,0.8583690987124464,0.9914163090128756,0.020465291723365156,0.02755579637070195,0.007090504647336793,0.002,0.008481425494827218,-0.0033909208474904246,False
2021-01-11,AMD,TTWO,0.8626609442060086,0.9914163090128756,0.020465291723365156,0.02755579637070195,0.007090504647336793,0.002,0.008431489217067064,-0.003340984569730272,False
2021-01-12,AMD,TTWO,0.8669527896995708,0.9914163090128756,0.020465291723365156,0.02755579637070195,0.007090504647336793,0.002,0.008382401845503967,-0.003291897198167173,False
2021-01-13,AMD,TTWO,0.871244635193133,0.9914163090128756,0.020465291723365156,0.02755579637070195,0.007090504647336793,0.002,0.00833420087410705,-0.0032436962267702587,False
2021-01-14,AMD,TTWO,0.8755364806866953,0.9914163090128756,0.020480053071514594,0.02755579637070195,0.007075743299187354,0.002,0.008293409872022017,-0.003217666572834662,False
2021-01-15,ISRG,TTWO,0.8146551724137931,0.9913793103448276,0.019964136498796338,0.02755579637070195,0.007591659871905611,0.002,0.00874605550638941,-0.0031543956344837996,False
2021-01-19,ISRG,TTWO,0.8189655172413793,0.9913793103448276,0.020172951175700015,0.02755579637070195,0.007382845195001934,0.002,0.008807525068963595,-0.0034246798739616608,False
2021-01-20,ISRG,TTWO,0.8189655172413793,0.9913793103448276,0.020172951175700015,0.02755579637070195,0.007382845195001934,0.002,0.008807525068963595,-0.0034246798739616608,False
2021-01-21,ISRG,TTWO,0.8275862068965517,0.9913793103448276,0.020465291723365156,0.02755579637070195,0.007090504647336793,0.002,0.00886144144657444,-0.003770936799237647,False
2021-01-22,ISRG,TTWO,0.8318965517241379,0.9913793103448276,0.020465291723365156,0.02755579637070195,0.007090504647336793,0.002,0.008806149488787343,-0.0037156448414505496,False
2021-01-25,ISRG,TTWO,0.8362068965517241,0.9913793103448276,0.020465291723365156,0.02755579637070195,0.007090504647336793,0.002,0.008751485004121635,-0.003660980356784843,False
2021-01-26,ISRG,TTWO,0.853448275862069,0.9913793103448276,0.020465291723365156,0.02755579637070195,0.007090504647336793,0.002,0.008539678255373521,-0.003449173608036728,False
2021-01-27,AMD,TTWO,0.7370689655172413,0.9913793103448276,0.018043041471282523,0.02755579637070195,0.009512754899419426,0.002,0.008165709367475692,-0.0006529544680562672,False
2021-01-28,AMD,TTWO,0.7456896551724138,0.9913793103448276,0.018043041471282523,0.02755579637070195,0.009512754899419426,0.002,0.00817913303107816,-0.0006663781316587356,False
2021-01-29,MCO,TTWO,0.6982758620689655,0.9913793103448276,0.018029573064046876,0.02755579637070195,0.009526223306655073,0.002,0.008140060153309033,-0.0006138368466539592,False
2021-02-01,MCO,TTWO,0.7081545064377682,0.9957081545064378,0.018034551694438565,0.02755579637070195,0.009521244676263384,0.002,0.008142653094818307,-0.0006214084185549246,False
2021-02-02,MCO,TTWO,0.7564102564102564,0.9957264957264957,0.018043041471282523,0.02755579637070195,0.009512754899419426,0.002,0.008195963538354115,-0.0006832086389346893,False
2021-02-03,MCO,TTWO,0.7424892703862661,0.9871244635193133,0.018043041471282523,0.02755579637070195,0.009512754899419426,0.002,0.008174138029874368,-0.0006613831304549409,False
2021-02-04,MCO,TTWO,0.7381974248927039,0.9957081545064378,0.018043041471282523,0.02755579637070195,0.009512754899419426,0.002,0.008167460906978308,-0.000654706007558882,False
2021-02-05,MCO,KLAC,0.6909871244635193,1.0,0.018025899692559372,0.02755579637070195,0.009529896678142576,0.002,0.008138149536061614,-0.0006082528579190389,False
2021-02-08,MCO,KLAC,0.6866952789699571,1.0,0.018023736692089575,0.02755579637070195,0.009532059678612374,0.002,0.008137025508045955,-0.0006049658294335816,False
2021-02-09,MCO,KLAC,0.703862660944206,1.0,0.018032388693968768,0.02755579637070195,0.009523407676733181,0.002,0.008141526089725785,-0.0006181184129926054,False
2021-02-10,MCO,TTWO,0.6909871244635193,1.0,0.018025899692559372,0.02755579637070195,0.009529896678142576,0.002,0.008138149536061614,-0.0006082528579190389,False
2021-02-11,MCO,TTWO,0.6866952789699571,1.0,0.018023736692089575,0.02755579637070195,0.009532059678612374,0.002,0.008137025508045955,-0.0006049658294335816,False
2021-02-12,MCO,TTWO,0.6837606837606838,1.0,0.01802225771740937,0.02755579637070195,0.009533538653292577,0.002,0.008136257371420073,-0.0006027187181274962,False
2021-02-16,MCO,TTWO,0.6794871794871795,1.0,0.018020103960531324,0.02755579637070195,0.009535692410170625,0.002,0.00813513939698577,-0.0005994469868151444,False
2021-02-17,MCO,TTWO,0.6709401709401709,1.0,0.017681171129243688,0.02755579637070195,0.009874625241458261,0.002,0.00813343645572726,-0.00025881121426899953,False
2021-02-18,MCO,TTWO,0.6623931623931624,1.0,0.016972389262789635,0.02755579637070195,0.010583407107912314,0.002,0.00813232149515352,0.00045108561275879287,True
2021-02-19,INTU,SHOP,0.7735042735042735,0.9914529914529915,0.018043041471282523,0.02755579637070195,0.009512754899419426,0.002,0.008223108321189778,-0.0007103534217703517,False
2021-02-22,INTU,SHOP,0.7649572649572649,0.9914529914529915,0.018043041471282523,0.02755579637070195,0.009512754899419426,0.002,0.008209488979642274,-0.0006967340802228493,False
2021-02-23,INTU,SNPS,0.7564102564102564,0.9914529914529915,0.018043041471282523,0.02755579637070195,0.009512754899419426,0.002,0.008195963538354115,-0.0006832086389346893,False
2021-02-24,ORLY,SNPS,0.8504273504273504,0.9914529914529915,0.020465291723365156,0.02755579637070195,0.007090504647336793,0.002,0.008575946919887754,-0.00348544227255096,False
2021-02-25,ORLY,SNPS,0.8333333333333334,0.9914529914529915,0.020465291723365156,0.02755579637070195,0.007090504647336793,0.002,0.00878785692670884,-0.003697352279372047,False
2021-02-26,ORLY,SNPS,0.8205128205128205,0.9914529914529915,0.020247910290485945,0.02755579637070195,0.0073078860802160035,0.002,0.00882978657372159,-0.0035219004935055868,False
2021-03-01,ORLY,SNPS,0.8931623931623932,0.9914529914529915,0.020965032749176507,0.02755579637070195,0.006590763621525442,0.002,0.008314107955497169,-0.0037233443339717274,False
2021-03-02,AMD,SNPS,0.8717948717948718,0.9829059829059829,0.020465291723365156,0.02755579637070195,0.007090504647336793,0.002,0.008328087351428716,-0.0032375827040919234,False
2021-03-03,AMD,SNPS,0.8760683760683761,0.9871794871794872,0.020494688254295235,0.02755579637070195,0.007061108116406714,0.002,0.008294031785159268,-0.0032329236687525546,False
2021-03-04,AMD,SNPS,0.8669527896995708,0.9871244635193133,0.020465291723365156,0.02755579637070195,0.007090504647336793,0.002,0.008382401845503967,-0.003291897198167173,False
2021-03-05,ADSK,ON,0.8189655172413793,0.9870689655172413,0.020172951175700015,0.02755579637070195,0.007382845195001934,0.002,0.008807525068963595,-0.0034246798739616608,False
2021-03-08,ADSK,ON,0.8405172413793104,0.9870689655172413,0.020465291723365156,0.02755579637070195,0.007090504647336793,0.002,0.008697475822880114,-0.003606971175543322,False
2021-03-09,ADSK,ON,0.8318965517241379,0.9870689655172413,0.020465291723365156,0.02755579637070195,0.007090504647336793,0.002,0.008806149488787343,-0.0037156448414505496,False
2021-03-10,ADSK,ON,0.8577586206896551,0.9870689655172413,0.020465291723365156,0.02755579637070195,0.007090504647336793,0.002,0.008488595355457276,-0.0033980907081204844,False
2021-03-11,ADSK,ON,0.8620689655172413,0.9913793103448276,0.020465291723365156,0.02755579637070195,0.007090504647336793,0.002,0.008438327336969555,-0.0033478226896327627,False
2021-03-12,ADSK,ON,0.8491379310344828,0.9956896551724138,0.020465291723365156,0.02755579637070195,0.007090504647336793,0.002,0.00859154126643288,-0.0035010366190960877,False
2021-03-15,ADSK,ON,0.8275862068965517,0.9956896551724138,0.020465291723365156,0.02755579637070195,0.007090504647336793,0.002,0.00886144144657444,-0.003770936799237647,False
2021-03-16,ADSK,ON,0.8060344827586207,0.9956896551724138,0.019546507144988984,0.02755579637070195,0.008009289225712965,0.002,0.008625657177846031,-0.0026163679521330665,False
2021-03-17,ADSK,ON,0.8017241379310345,0.9870689655172413,0.01933769246808531,0.02755579637070195,0.008218103902616639,0.002,0.008566814177864932,-0.002348710275248293,False
2021-03-18,ADSK,ON,0.8146551724137931,0.9913793103448276,0.019964136498796338,0.02755579637070195,0.007591659871905611,0.002,0.00874605550638941,-0.0031543956344837996,False
2021-03-19,ADSK,ON,0.8103448275862069,0.9913793103448276,0.019755321821892657,0.02755579637070195,0.007800474548809291,0.002,0.008685418944585608,-0.0028849443957763158,False
2021-03-22,AMD,ON,0.8528138528138528,0.9913419913419913,0.020465291723365156,0.02755579637070195,0.007090504647336793,0.002,0.00854726362691971,-0.0034567589795829177,False
2021-03-23,AMD,ON,0.8268398268398268,0.9913419913419913,0.020465291723365156,0.02755579637070195,0.007090504647336793,0.002,0.008871077571793853,-0.0037805729244570602,False
2021-03-24,AMD,ON,0.8311688311688312,0.9956709956709957,0.020465291723365156,0.02755579637070195,0.007090504647336793,0.002,0.008815441210719008,-0.003724936563382216,False
2021-03-25,AMD,ON,0.8528138528138528,0.9956709956709957,0.020465291723365156,0.02755579637070195,0.007090504647336793,0.002,0.00854726362691971,-0.0034567589795829177,False
2021-03-26,INTU,ON,0.8528138528138528,0.9956709956709957,0.020465291723365156,0.02755579637070195,0.007090504647336793,0.002,0.00854726362691971,-0.0034567589795829177,False
2021-03-29,AMD,ON,0.8484848484848485,0.9956709956709957,0.020465291723365156,0.02755579637070195,0.007090504647336793,0.002,0.008599465249237409,-0.0035089606019006172,False
2021-03-30,AMD,ON,0.8354978354978355,0.9956709956709957,0.020465291723365156,0.02755579637070195,0.007090504647336793,0.002,0.008760433155451504,-0.0036699285081147107,False
2021-03-31,AMD,ON,0.8571428571428571,0.9956709956709957,0.020465291723365156,0.02755579637070195,0.007090504647336793,0.002,0.008495843848890548,-0.0034053392015537553,False
2021-04-01,AMD,ON,0.8484848484848485,0.9956709956709957,0.020465291723365156,0.02755579637070195,0.007090504647336793,0.002,0.008599465249237409,-0.0035089606019006172,False
2021-04-05,AMD,ON,0.8391304347826087,0.9956521739130435,0.020465291723365156,0.02755579637070195,0.007090504647336793,0.002,0.008714779437088795,-0.0036242747897520023,False
2021-04-06,AMD,ON,0.8608695652173913,0.9956521739130435,0.020465291723365156,0.02755579637070195,0.007090504647336793,0.002,0.008452231070416729,-0.003361726423079937,False
2021-04-07,AMD,ON,0.8434782608695652,0.9956521739130435,0.020465291723365156,0.02755579637070195,0.007090504647336793,0.002,0.008660768634528589,-0.003570263987191795,False
2021-04-08,AMD,ON,0.8565217391304348,0.9956521739130435,0.020465291723365156,0.02755579637070195,0.007090504647336793,0.002,0.008503172113092365,-0.0034126674657555733,False
2021-04-09,AMD,ON,0.8521739130434782,0.9956521739130435,0.020465291723365156,0.02755579637070195,0.007090504647336793,0.002,0.008554931966917714,-0.0034644273195809216,False
2021-04-12,AMD,ON,0.8565217391304348,0.9956521739130435,0.020465291723365156,0.02755579637070195,0.007090504647336793,0.002,0.008503172113092365,-0.0034126674657555733,False
2021-04-13,AMD,ON,0.8478260869565217,0.9956521739130435,0.020465291723365156,0.02755579637070195,0.007090504647336793,0.002,0.008607475387296061,-0.0035169707399592687,False
2021-04-14,AMD,ON,0.8347826086956521,0.9956521739130435,0.020465291723365156,0.02755579637070195,0.007090504647336793,0.002,0.00876947695071282,-0.003678972303376026,False
2021-04-15,AMD,ON,0.8304347826086956,0.9956521739130435,0.020465291723365156,0.02755579637070195,0.007090504647336793,0.002,0.008824831714305962,-0.003734327066969169,False
2021-04-16,AMD,ON,0.8130434782608695,0.9956521739130435,0.01988605796743235,0.02755579637070195,0.007669738403269597,0.002,0.008723283007562976,-0.0030535446042933784,False
2021-04-19,AMD,ON,0.8130434782608695,0.9956521739130435,0.01988605796743235,0.02755579637070195,0.007669738403269597,0.002,0.008723283007562976,-0.0030535446042933784,False
2021-04-20,AMD,ON,0.7913043478260869,0.9956521739130435,0.018832905683918162,0.02755579637070195,0.008722890686783787,0.002,0.008428648796401757,-0.0017057581096179704,False
2021-04-21,AMD,ON,0.8173913043478261,0.9956521739130435,0.020096688424135194,0.02755579637070195,0.007459107946566755,0.002,0.008784981308603855,-0.003325873362037099,False
2021-04-22,AMD,ON,0.7913043478260869,0.9956521739130435,0.018832905683918162,0.02755579637070195,0.008722890686783787,0.002,0.008428648796401757,-0.0017057581096179704,False
2021-04-23,AMD,ON,0.7913043478260869,0.9956521739130435,0.018832905683918162,0.02755579637070195,0.008722890686783787,0.002,0.008428648796401757,-0.0017057581096179704,False
2021-04-26,AMD,ON,0.7956521739130434,0.9956521739130435,0.019043536140621,0.02755579637070195,0.008512260230080948,0.002,0.008485570598357126,-0.0019733103682761776,False
2021-04-27,AMD,ON,0.8043478260869565,0.991304347826087,0.019464797054026678,0.02755579637070195,0.00809099931667527,0.002,0.00860251973558312,-0.0025115204189078487,False
2021-04-28,AMD,ON,0.5304347826086957,0.991304347826087,0.012074424989004406,0.02755579637070195,0.015481371381697542,0.002,0.008088058037054532,0.0053933133446430115,True
2021-04-29,INTU,STLD,0.8434782608695652,0.9782608695652174,0.020465291723365156,0.02755579637070195,0.007090504647336793,0.002,0.008660768634528589,-0.003570263987191795,False
2021-04-30,INTU,STLD,0.8376068376068376,0.9957264957264957,0.020465291723365156,0.02755579637070195,0.007090504647336793,0.002,0.008733870322659406,-0.003643365675322613,False
2021-05-03,INTU,KLAC,0.8418803418803419,1.0,0.020465291723365156,0.02755579637070195,0.007090504647336793,0.002,0.008680537025437536,-0.003590032378100744,False
2021-05-04,INTU,STLD,0.8376068376068376,0.9914529914529915,0.020465291723365156,0.02755579637070195,0.007090504647336793,0.002,0.008733870322659406,-0.003643365675322613,False
2021-05-05,INTU,STLD,0.8418803418803419,0.9914529914529915,0.020465291723365156,0.02755579637070195,0.007090504647336793,0.002,0.008680537025437536,-0.003590032378100744,False
2021-05-06,INTU,STLD,0.8333333333333334,0.9914529914529915,0.020465291723365156,0.02755579637070195,0.007090504647336793,0.002,0.00878785692670884,-0.003697352279372047,False
2021-05-07,INTU,STLD,0.7991452991452992,0.9957264957264957,0.019212760610108754,0.02755579637070195,0.008343035760593195,0.002,0.008532067290878695,-0.002189031530285501,False
2021-05-10,INTU,STLD,0.7948717948717948,0.9957264957264957,0.01900573067403331,0.02755579637070195,0.008550065696668638,0.002,0.00847527488255266,-0.0019252091858840228,False
2021-05-11,INTU,STLD,0.8034188034188035,0.9914529914529915,0.019419790546184194,0.02755579637070195,0.008136005824517754,0.002,0.008589836527776049,-0.0024538307032582946,False
2021-05-12,TTWO,STLD,0.8154506437768241,0.9957081545064378,0.020002673112988863,0.02755579637070195,0.007553123257713085,0.002,0.00875733820227583,-0.003204214944562745,False
2021-05-13,TTWO,STLD,0.7896995708154506,0.9957081545064378,0.018755162253547158,0.02755579637070195,0.008800634117154791,0.002,0.008407915414857815,-0.0016072812977030245,False
2021-05-14,TTWO,STLD,0.7854077253218884,0.9957081545064378,0.018547243776973543,0.02755579637070195,0.009008552593728406,0.002,0.008353226787248456,-0.0013446741935200495,False
2021-05-17,TTWO,PLTR,0.7811158798283262,0.9957081545064378,0.018339325300399927,0.02755579637070195,0.009216471070302022,0.002,0.00829968956428556,-0.0010832184939835393,False
2021-05-18,TTWO,PLTR,0.8076923076923077,0.9957264957264957,0.01962682048225963,0.02755579637070195,0.007928975888442318,0.002,0.008648536193582506,-0.0027195603051401876,False
2021-05-19,TTWO,PLTR,0.7081545064377682,0.9957081545064378,0.018034551694438565,0.02755579637070195,0.009521244676263384,0.002,0.008142653094818307,-0.0006214084185549246,False
2021-05-20,INTU,PLTR,0.6566523605150214,0.9957081545064378,0.016496319039184224,0.02755579637070195,0.011059477331517725,0.002,0.008131573021689664,0.000927904309828061,True
2021-05-21,ISRG,STLD,0.8626609442060086,0.9871244635193133,0.020465291723365156,0.02755579637070195,0.007090504647336793,0.002,0.008431489217067064,-0.003340984569730272,False
2021-05-24,ISRG,STLD,0.8448275862068966,0.9870689655172413,0.020465291723365156,0.02755579637070195,0.007090504647336793,0.002,0.008644151081513578,-0.003553646434176785,False
2021-05-25,ISRG,STLD,0.8491379310344828,0.9870689655172413,0.020465291723365156,0.02755579637070195,0.007090504647336793,0.002,0.00859154126643288,-0.0035010366190960877,False
2021-05-26,ISRG,KLAC,0.8448275862068966,0.9827586206896551,0.020465291723365156,0.02755579637070195,0.007090504647336793,0.002,0.008644151081513578,-0.003553646434176785,False
2021-05-27,ISRG,KLAC,0.8275862068965517,0.9870689655172413,0.020465291723365156,0.02755579637070195,0.007090504647336793,0.002,0.00886144144657444,-0.003770936799237647,False
2021-05-28,ISRG,KLAC,0.8318965517241379,0.9827586206896551,0.020465291723365156,0.02755579637070195,0.007090504647336793,0.002,0.008806149488787343,-0.0037156448414505496,False
2021-06-01,ISRG,KLAC,0.8268398268398268,0.974025974025974,0.020465291723365156,0.02744447013044593,0.006979178407080774,0.002,0.008866908978250702,-0.003887730571169927,False
2021-06-02,ISRG,STLD,0.8268398268398268,0.9783549783549783,0.020465291723365156,0.02755579637070195,0.007090504647336793,0.002,0.008871077571793853,-0.0037805729244570602,False
2021-06-03,MDB,STLD,0.8225108225108225,0.974025974025974,0.020344703507352388,0.02744447013044593,0.0070997666230935425,0.002,0.008854498741790747,-0.003754732118697205,False
2021-06-04,ISRG,STLD,0.8614718614718615,0.974025974025974,0.020465291723365156,0.02744447013044593,0.006979178407080774,0.002,0.008440556421652336,-0.0034613780145715616,False
2021-06-07,ISRG,CRWD,0.8484848484848485,1.0,0.020465291723365156,0.02755579637070195,0.007090504647336793,0.002,0.008599465249237409,-0.0035089606019006172,False
2021-06-08,ISRG,CRWD,0.8484848484848485,1.0,0.020465291723365156,0.02755579637070195,0.007090504647336793,0.002,0.008599465249237409,-0.0035089606019006172,False
2021-06-09,ISRG,CRWD,0.8614718614718615,1.0,0.020465291723365156,0.02755579637070195,0.007090504647336793,0.002,0.008445240922104379,-0.003354736274767587,False
2021-06-10,ISRG,CRWD,0.8614718614718615,1.0,0.020465291723365156,0.02755579637070195,0.007090504647336793,0.002,0.008445240922104379,-0.003354736274767587,False
2021-06-11,ORLY,CRWD,0.8528138528138528,1.0,0.020465291723365156,0.02755579637070195,0.007090504647336793,0.002,0.00854726362691971,-0.0034567589795829177,False
2021-06-14,ORLY,CRWD,0.8528138528138528,1.0,0.020465291723365156,0.02755579637070195,0.007090504647336793,0.002,0.00854726362691971,-0.0034567589795829177,False
2021-06-15,ISRG,CRWD,0.8441558441558441,0.9913419913419913,0.020465291723365156,0.02755579637070195,0.007090504647336793,0.002,0.00865241519280412,-0.003561910545467327,False
2021-06-16,ADSK,CRWD,0.8528138528138528,0.9913419913419913,0.020465291723365156,0.02755579637070195,0.007090504647336793,0.002,0.00854726362691971,-0.0034567589795829177,False
2021-06-17,ISRG,CRWD,0.8571428571428571,0.9956709956709957,0.020465291723365156,0.02755579637070195,0.007090504647336793,0.002,0.008495843848890548,-0.0034053392015537553,False
2021-06-18,ISRG,CRWD,0.8577586206896551,0.9956896551724138,0.020465291723365156,0.02755579637070195,0.007090504647336793,0.002,0.008488595355457276,-0.0033980907081204844,False
2021-06-21,ISRG,CRWD,0.8491379310344828,0.9956896551724138,0.020465291723365156,0.02755579637070195,0.007090504647336793,0.002,0.00859154126643288,-0.0035010366190960877,False
2021-06-22,ORLY,CRWD,0.853448275862069,0.9913793103448276,0.020465291723365156,0.02755579637070195,0.007090504647336793,0.002,0.008539678255373521,-0.003449173608036728,False
2021-06-23,ORLY,CRWD,0.8491379310344828,0.9913793103448276,0.020465291723365156,0.02755579637070195,0.007090504647336793,0.002,0.00859154126643288,-0.0035010366190960877,False
2021-06-24,ORLY,CRWD,0.8441558441558441,0.9913419913419913,0.020465291723365156,0.02755579637070195,0.007090504647336793,0.002,0.00865241519280412,-0.003561910545467327,False
2021-06-25,ORLY,CRWD,0.8484848484848485,0.9913419913419913,0.020465291723365156,0.02755579637070195,0.007090504647336793,0.002,0.008599465249237409,-0.0035089606019006172,False
2021-06-28,ORLY,CRWD,0.8614718614718615,0.9913419913419913,0.020465291723365156,0.02755579637070195,0.007090504647336793,0.002,0.008445240922104379,-0.003354736274767587,False
2021-06-29,ORLY,CRWD,0.8614718614718615,0.9913419913419913,0.020465291723365156,0.02755579637070195,0.007090504647336793,0.002,0.008445240922104379,-0.003354736274767587,False
2021-06-30,ORLY,CRWD,0.8608695652173913,0.991304347826087,0.020465291723365156,0.02755579637070195,0.007090504647336793,0.002,0.008452231070416729,-0.003361726423079937,False
2021-07-01,ISRG,CRWD,0.8652173913043478,0.991304347826087,0.020465291723365156,0.02755579637070195,0.007090504647336793,0.002,0.008402145619784852,-0.00331164097244806,False
2021-07-02,ADSK,ANET,0.8478260869565217,0.991304347826087,0.020465291723365156,0.02755579637070195,0.007090504647336793,0.002,0.008607475387296061,-0.0035169707399592687,False
2021-07-06,ADSK,ANET,0.8173913043478261,0.991304347826087,0.020096688424135194,0.02755579637070195,0.007459107946566755,0.002,0.008784981308603855,-0.003325873362037099,False
2021-07-07,ADSK,ANET,0.8434782608695652,0.991304347826087,0.020465291723365156,0.02755579637070195,0.007090504647336793,0.002,0.008660768634528589,-0.003570263987191795,False
2021-07-08,ADSK,ANET,0.8260869565217391,0.991304347826087,0.020465291723365156,0.02755579637070195,0.007090504647336793,0.002,0.008880815603534153,-0.0037903109561973616,False
2021-07-09,ADSK,STLD,0.8217391304347826,0.991304347826087,0.020307318880838032,0.02755579637070195,0.0072484774898639165,0.002,0.008847501283112933,-0.0035990237932490166,False
2021-07-12,ADSK,ANET,0.8304347826086956,0.991304347826087,0.020465291723365156,0.02755579637070195,0.007090504647336793,0.002,0.008824831714305962,-0.003734327066969169,False
2021-07-13,ADSK,ANET,0.8695652173913043,0.991304347826087,0.020465291723365156,0.02755579637070195,0.007090504647336793,0.002,0.008352954103169306,-0.003262449455832514,False
2021-07-14,ADSK,ANET,0.8565217391304348,0.991304347826087,0.020465291723365156,0.02755579637070195,0.007090504647336793,0.002,0.008503172113092365,-0.0034126674657555733,False
2021-07-15,ADSK,ANET,0.8695652173913043,0.991304347826087,0.020465291723365156,0.02755579637070195,0.007090504647336793,0.002,0.008352954103169306,-0.003262449455832514,False
2021-07-16,ADSK,ANET,0.8652173913043478,0.991304347826087,0.020465291723365156,0.02755579637070195,0.007090504647336793,0.002,0.008402145619784852,-0.00331164097244806,False
2021-07-19,ISRG,ANET,0.808695652173913,0.991304347826087,0.019675427510729517,0.02755579637070195,0.007880368859972432,0.002,0.008662447906433024,-0.002782079046460592,False
2021-07-20,ISRG,STLD,0.8043478260869565,0.9869565217391304,0.019464797054026678,0.02755579637070195,0.00809099931667527,0.002,0.00860251973558312,-0.0025115204189078487,False
2021-07-21,ISRG,STLD,0.808695652173913,0.9869565217391304,0.019675427510729517,0.02755579637070195,0.007880368859972432,0.002,0.008662447906433024,-0.002782079046460592,False
2021-07-22,ADSK,STLD,0.8695652173913043,0.9869565217391304,0.020465291723365156,0.02755579637070195,0.007090504647336793,0.002,0.008352954103169306,-0.003262449455832514,False
2021-07-23,ADSK,STLD,0.8652173913043478,0.9869565217391304,0.020465291723365156,0.02755579637070195,0.007090504647336793,0.002,0.008402145619784852,-0.00331164097244806,False
2021-07-26,TTWO,KLAC,0.8608695652173913,0.991304347826087,0.020465291723365156,0.02755579637070195,0.007090504647336793,0.002,0.008452231070416729,-0.003361726423079937,False
2021-07-27,NOW,STLD,0.7695652173913043,0.9956521739130435,0.018043041471282523,0.02755579637070195,0.009512754899419426,0.002,0.008216819991355491,-0.0007040650919360649,False
2021-07-28,NOW,STLD,0.7652173913043478,0.9956521739130435,0.018043041471282523,0.02755579637070195,0.009512754899419426,0.002,0.00820990210194993,-0.0006971472025305032,False
2021-07-29,NOW,STLD,0.7347826086956522,1.0,0.018043041471282523,0.02755579637070195,0.009512754899419426,0.002,0.008162165827999179,-0.0006494109285797535,False
2021-07-30,TTWO,STLD,0.8658008658008658,1.0,0.020465291723365156,0.02755579637070195,0.007090504647336793,0.002,0.00839549136730133,-0.003304986719964537,False
2021-08-02,ON,STLD,0.8268398268398268,1.0,0.020465291723365156,0.02755579637070195,0.007090504647336793,0.002,0.008871077571793853,-0.0037805729244570602,False
2021-08-03,MELI,STLD,0.7956521739130434,0.9956521739130435,0.019043536140621,0.02755579637070195,0.008512260230080948,0.002,0.008485570598357126,-0.0019733103682761776,False
2021-08-04,ORLY,STLD,0.7130434782608696,0.9956521739130435,0.01803701563410416,0.02755579637070195,0.009518780736597787,0.002,0.008143937804936684,-0.0006251570683388956,False
2021-08-05,MELI,ANET,0.6695652173913044,0.9956521739130435,0.017567149698553258,0.02755579637070195,0.009988646672148691,0.002,0.008133257042474286,-0.00014461037032559472,False
2021-08-06,ORLY,STLD,0.691304347826087,0.9956521739130435,0.01802605956650714,0.02755579637070195,0.009529736804194808,0.002,0.00813823264598931,-0.0006084958417945001,False
2021-08-09,PLTR,ANET,0.7565217391304347,0.9956521739130435,0.018043041471282523,0.02755579637070195,0.009512754899419426,0.002,0.00819613934765724,-0.0006833844482378136,False
2021-08-10,PLTR,ANET,0.8260869565217391,0.9956521739130435,0.020465291723365156,0.02755579637070195,0.007090504647336793,0.002,0.008880815603534153,-0.0037903109561973616,False
2021-08-11,PLTR,ANET,0.8130434782608695,0.9956521739130435,0.01988605796743235,0.02755579637070195,0.007669738403269597,0.002,0.008723283007562976,-0.0030535446042933784,False
2021-08-12,PLTR,ANET,0.6826086956521739,0.9956521739130435,0.018021677139468333,0.02755579637070195,0.009534119231233616,0.002,0.008135955931468344,-0.0006018367002347275,False
2021-08-13,ADSK,ANET,0.8782608695652174,0.9956521739130435,0.020555015048203923,0.02755579637070195,0.007000781322498026,0.002,0.008296597112485801,-0.0032958157899877763,False
2021-08-16,TTWO,ANET,0.8913043478260869,0.9956521739130435,0.020913908347558977,0.02755579637070195,0.006641888023142972,0.002,0.008311917431835545,-0.003670029408692572,False
2021-08-17,ADSK,ANET,0.8739130434782608,0.9956521739130435,0.020465291723365156,0.02755579637070195,0.007090504647336793,0.002,0.008304696440335562,-0.0032141917929987694,False
2021-08-18,PANW,ANET,0.8434782608695652,0.991304347826087,0.020465291723365156,0.02755579637070195,0.007090504647336793,0.002,0.008660768634528589,-0.003570263987191795,False
2021-08-19,PANW,ANET,0.8391304347826087,0.991304347826087,0.020465291723365156,0.02755579637070195,0.007090504647336793,0.002,0.008714779437088795,-0.0036242747897520023,False
2021-08-20,PANW,ANET,0.8434782608695652,0.991304347826087,0.020465291723365156,0.02755579637070195,0.007090504647336793,0.002,0.008660768634528589,-0.003570263987191795,False
2021-08-23,PANW,ANET,0.8434782608695652,0.991304347826087,0.020465291723365156,0.02755579637070195,0.007090504647336793,0.002,0.008660768634528589,-0.003570263987191795,False
2021-08-24,PANW,ANET,0.8608695652173913,0.991304347826087,0.020465291723365156,0.02755579637070195,0.007090504647336793,0.002,0.008452231070416729,-0.003361726423079937,False
2021-08-25,PANW,ANET,0.8652173913043478,0.991304347826087,0.020465291723365156,0.02755579637070195,0.007090504647336793,0.002,0.008402145619784852,-0.00331164097244806,False
2021-08-26,PANW,ANET,0.8614718614718615,0.9913419913419913,0.020465291723365156,0.02755579637070195,0.007090504647336793,0.002,0.008445240922104379,-0.003354736274767587,False
2021-08-27,NOW,ANET,0.8658008658008658,0.9913419913419913,0.020465291723365156,0.02755579637070195,0.007090504647336793,0.002,0.00839549136730133,-0.003304986719964537,False
2021-08-30,ADSK,ANET,0.7445887445887446,0.9913419913419913,0.018043041471282523,0.02755579637070195,0.009512754899419426,0.002,0.00817741325298754,-0.0006646583535681143,False
2021-08-31,ADSK,ANET,0.7489177489177489,0.9913419913419913,0.018043041471282523,0.02755579637070195,0.009512754899419426,0.002,0.008184185001586398,-0.0006714301021669708,False
2021-09-01,ADSK,ANET,0.7489177489177489,0.9826839826839827,0.018043041471282523,0.02755579637070195,0.009512754899419426,0.002,0.008184185001586398,-0.0006714301021669708,False
2021-09-02,TTWO,ANET,0.8658008658008658,0.9826839826839827,0.020465291723365156,0.02755579637070195,0.007090504647336793,0.002,0.00839549136730133,-0.003304986719964537,False
2021-09-03,TTWO,ANET,0.8658008658008658,0.9826839826839827,0.020465291723365156,0.02755579637070195,0.007090504647336793,0.002,0.00839549136730133,-0.003304986719964537,False
2021-09-07,TTWO,ANET,0.8701298701298701,0.9826839826839827,0.020465291723365156,0.02755579637070195,0.007090504647336793,0.002,0.008346633242237866,-0.0032561285949010733,False
2021-09-08,ORLY,ANET,0.8744588744588745,0.987012987012987,0.020465291723365156,0.02755579637070195,0.007090504647336793,0.002,0.008298706156850539,-0.003208201509513747,False
2021-09-09,TTWO,ANET,0.8744588744588745,0.987012987012987,0.020465291723365156,0.02755579637070195,0.007090504647336793,0.002,0.008298706156850539,-0.003208201509513747,False
2021-09-10,ORLY,ANET,0.8744588744588745,0.987012987012987,0.020465291723365156,0.02755579637070195,0.007090504647336793,0.002,0.008298706156850539,-0.003208201509513747,False
2021-09-13,ORLY,ANET,0.8701298701298701,0.9913419913419913,0.020465291723365156,0.02755579637070195,0.007090504647336793,0.002,0.008346633242237866,-0.0032561285949010733,False
2021-09-14,ORLY,ANET,0.8787878787878788,0.9913419913419913,0.020569515787571803,0.02755579637070195,0.006986280583130146,0.002,0.008297214165612255,-0.0033109335824821093,False
2021-09-15,TTWO,ANET,0.8787878787878788,0.9913419913419913,0.020569515787571803,0.02755579637070195,0.006986280583130146,0.002,0.008297214165612255,-0.0033109335824821093,False
2021-09-16,TTWO,ANET,0.8787878787878788,0.9913419913419913,0.020569515787571803,0.02755579637070195,0.006986280583130146,0.002,0.008297214165612255,-0.0033109335824821093,False
2021-09-17,TTWO,ANET,0.8831168831168831,0.9956709956709957,0.020688629003807968,0.02755579637070195,0.006867167366893981,0.002,0.00830228904778344,-0.003435121680889459,False
2021-09-20,TTWO,ANET,0.8787878787878788,0.9956709956709957,0.020569515787571803,0.02755579637070195,0.006986280583130146,0.002,0.008297214165612255,-0.0033109335824821093,False
2021-09-21,TTWO,ANET,0.8787878787878788,0.9956709956709957,0.020569515787571803,0.02755579637070195,0.006986280583130146,0.002,0.008297214165612255,-0.0033109335824821093,False
2021-09-22,TTWO,ANET,0.8658008658008658,0.9956709956709957,0.020465291723365156,0.02755579637070195,0.007090504647336793,0.002,0.00839549136730133,-0.003304986719964537,False
2021-09-23,TTWO,ANET,0.8571428571428571,0.9956709956709957,0.020465291723365156,0.02755579637070195,0.007090504647336793,0.002,0.008495843848890548,-0.0034053392015537553,False
2021-09-24,TTWO,ANET,0.8614718614718615,0.9913419913419913,0.020465291723365156,0.02755579637070195,0.007090504647336793,0.002,0.008445240922104379,-0.003354736274767587,False
2021-09-27,TTWO,ANET,0.8571428571428571,0.9913419913419913,0.020465291723365156,0.02755579637070195,0.007090504647336793,0.002,0.008495843848890548,-0.0034053392015537553,False
2021-09-28,TTWO,ANET,0.8614718614718615,0.9956709956709957,0.020465291723365156,0.02755579637070195,0.007090504647336793,0.002,0.008445240922104379,-0.003354736274767587,False
2021-09-29,TTWO,ANET,0.8614718614718615,0.9913419913419913,0.020465291723365156,0.02755579637070195,0.007090504647336793,0.002,0.008445240922104379,-0.003354736274767587,False
2021-09-30,TTWO,ANET,0.8614718614718615,0.9826839826839827,0.020465291723365156,0.02755579637070195,0.007090504647336793,0.002,0.008445240922104379,-0.003354736274767587,False
2021-10-01,TTWO,ANET,0.8614718614718615,0.9913419913419913,0.020465291723365156,0.02755579637070195,0.007090504647336793,0.002,0.008445240922104379,-0.003354736274767587,False
2021-10-04,TTWO,ANET,0.8701298701298701,0.987012987012987,0.020465291723365156,0.02755579637070195,0.007090504647336793,0.002,0.008346633242237866,-0.0032561285949010733,False
2021-10-05,TTWO,ANET,0.8701298701298701,0.9913419913419913,0.020465291723365156,0.02755579637070195,0.007090504647336793,0.002,0.008346633242237866,-0.0032561285949010733,False
2021-10-06,TTWO,ANET,0.8658008658008658,0.9913419913419913,0.020465291723365156,0.02755579637070195,0.007090504647336793,0.002,0.00839549136730133,-0.003304986719964537,False
2021-10-07,TTWO,ANET,0.8787878787878788,0.9913419913419913,0.020569515787571803,0.02755579637070195,0.006986280583130146,0.002,0.008297214165612255,-0.0033109335824821093,False
2021-10-08,TTWO,ANET,0.8744588744588745,0.9913419913419913,0.020465291723365156,0.02755579637070195,0.007090504647336793,0.002,0.008298706156850539,-0.003208201509513747,False
2021-10-11,TTWO,ANET,0.8744588744588745,0.9913419913419913,0.020465291723365156,0.02755579637070195,0.007090504647336793,0.002,0.008298706156850539,-0.003208201509513747,False
2021-10-12,TTWO,ANET,0.8658008658008658,0.9913419913419913,0.020465291723365156,0.02755579637070195,0.007090504647336793,0.002,0.00839549136730133,-0.003304986719964537,False
2021-10-13,TTWO,ANET,0.8614718614718615,0.9913419913419913,0.020465291723365156,0.02755579637070195,0.007090504647336793,0.002,0.008445240922104379,-0.003354736274767587,False
2021-10-14,TTWO,ANET,0.8614718614718615,0.9913419913419913,0.020465291723365156,0.02755579637070195,0.007090504647336793,0.002,0.008445240922104379,-0.003354736274767587,False
2021-10-15,ISRG,ANET,0.8405172413793104,0.9913793103448276,0.020465291723365156,0.02755579637070195,0.007090504647336793,0.002,0.008697475822880114,-0.003606971175543322,False
2021-10-18,ISRG,ANET,0.8362068965517241,0.9870689655172413,0.020465291723365156,0.02755579637070195,0.007090504647336793,0.002,0.008751485004121635,-0.003660980356784843,False
2021-10-19,ISRG,ANET,0.8454935622317596,0.9914163090128756,0.020465291723365156,0.02755579637070195,0.007090504647336793,0.002,0.008635975044527688,-0.0035454703971908945,False
2021-10-20,ISRG,ANET,0.8448275862068966,0.9913793103448276,0.020465291723365156,0.02755579637070195,0.007090504647336793,0.002,0.008644151081513578,-0.003553646434176785,False
2021-10-21,ISRG,ANET,0.853448275862069,0.9870689655172413,0.020465291723365156,0.02755579637070195,0.007090504647336793,0.002,0.008539678255373521,-0.003449173608036728,False
2021-10-22,MELI,ANET,0.8528138528138528,0.987012987012987,0.020465291723365156,0.02755579637070195,0.007090504647336793,0.002,0.00854726362691971,-0.0034567589795829177,False
2021-10-25,NOW,KLAC,0.8347826086956521,0.991304347826087,0.020465291723365156,0.02755579637070195,0.007090504647336793,0.002,0.00876947695071282,-0.003678972303376026,False
2021-10-26,NOW,KLAC,0.8173913043478261,0.991304347826087,0.020096688424135194,0.02755579637070195,0.007459107946566755,0.002,0.008784981308603855,-0.003325873362037099,False
2021-10-27,TTWO,KLAC,0.8095238095238095,0.9913419913419913,0.019715547597720533,0.02755579637070195,0.007840248772981416,0.002,0.008673966991718011,-0.0028337182187365946,False
2021-10-28,TTWO,KLAC,0.6190476190476191,0.9913419913419913,0.013657534834190193,0.02755579637070195,0.013898261536511755,0.002,0.008122369708635467,0.003775891827876289,True
2021-10-29,MELI,CRWD,0.8614718614718615,0.961038961038961,0.020465291723365156,0.02596012026036565,0.005494828537000493,0.002,0.008378629486997049,-0.004883800949996556,False
2021-11-01,MELI,CRWD,0.7186147186147186,0.961038961038961,0.0180398234228563,0.02596012026036565,0.00792029683750935,0.002,0.00807229752096555,-0.0021520006834561986,False
2021-11-02,MELI,CRWD,0.7359307359307359,0.9567099567099567,0.018043041471282523,0.02546533697033889,0.007422295499056368,0.002,0.008068950237773475,-0.002646654738717107,False
2021-11-03,MELI,STLD,0.7705627705627706,0.9826839826839827,0.018043041471282523,0.02755579637070195,0.009512754899419426,0.002,0.00821841062204999,-0.0007056557226305634,False
2021-11-04,MELI,STLD,0.7272727272727273,0.987012987012987,0.018043041471282523,0.02755579637070195,0.009512754899419426,0.002,0.00815057610535511,-0.0006378212059356828,False
2021-11-05,MELI,STLD,0.670995670995671,0.987012987012987,0.017685773608895995,0.02755579637070195,0.009870022761805954,0.002,0.008133443698153095,-0.00026342093634714077,False
2021-11-08,ORLY,STLD,0.7835497835497836,0.9956709956709957,0.018457235778456826,0.02755579637070195,0.009098560592245123,0.002,0.008329905883246365,-0.0012313452910012418,False
2021-11-09,ISRG,STLD,0.8095238095238095,0.9783549783549783,0.019715547597720533,0.02755579637070195,0.007840248772981416,0.002,0.008673966991718011,-0.0028337182187365946,False
2021-11-10,ISRG,STLD,0.8354978354978355,0.974025974025974,0.020465291723365156,0.02744447013044593,0.006979178407080774,0.002,0.008756141769934868,-0.003776963362854094,False
2021-11-11,ISRG,STLD,0.8398268398268398,0.9783549783549783,0.020465291723365156,0.02755579637070195,0.007090504647336793,0.002,0.008706081383259606,-0.003615576735922812,False
2021-11-12,ISRG,STLD,0.8354978354978355,0.9783549783549783,0.020465291723365156,0.02755579637070195,0.007090504647336793,0.002,0.008760433155451504,-0.0036699285081147107,False
2021-11-15,ISRG,CRWD,0.8354978354978355,0.9783549783549783,0.020465291723365156,0.02755579637070195,0.007090504647336793,0.002,0.008760433155451504,-0.0036699285081147107,False
2021-11-16,ISRG,CRWD,0.8484848484848485,0.9783549783549783,0.020465291723365156,0.02755579637070195,0.007090504647336793,0.002,0.008599465249237409,-0.0035089606019006172,False
2021-11-17,ISRG,CRWD,0.8528138528138528,0.9913419913419913,0.020465291723365156,0.02755579637070195,0.007090504647336793,0.002,0.00854726362691971,-0.0034567589795829177,False
2021-11-18,ISRG,CRWD,0.8181818181818182,0.9913419913419913,0.020134984870808437,0.02755579637070195,0.007420811499893511,0.002,0.008796288642888232,-0.0033754771429947202,False
2021-11-19,ISRG,CRWD,0.8095238095238095,0.9783549783549783,0.019715547597720533,0.02755579637070195,0.007840248772981416,0.002,0.008673966991718011,-0.0028337182187365946,False
2021-11-22,ISRG,STLD,0.8138528138528138,0.974025974025974,0.019925266234264483,0.02744447013044593,0.007519203896181447,0.002,0.00873038287592822,-0.003211178979746773,False
2021-11-23,ISRG,STLD,0.8268398268398268,0.9783549783549783,0.020465291723365156,0.02755579637070195,0.007090504647336793,0.002,0.008871077571793853,-0.0037805729244570602,False
2021-11-24,ISRG,ANET,0.8268398268398268,0.9783549783549783,0.020465291723365156,0.02755579637070195,0.007090504647336793,0.002,0.008871077571793853,-0.0037805729244570602,False
2021-11-26,ISRG,CRWD,0.8311688311688312,0.9826839826839827,0.020465291723365156,0.02755579637070195,0.007090504647336793,0.002,0.008815441210719008,-0.003724936563382216,False
2021-11-29,ADSK,ANET,0.683982683982684,0.987012987012987,0.018022369600883555,0.02755579637070195,0.009533426769818394,0.002,0.00813631546825248,-0.0006028886984340851,False
2021-11-30,ADSK,ANET,0.6623376623376623,0.9783549783549783,0.01696778678313734,0.02755579637070195,0.01058800958756461,0.002,0.008132314257572777,0.0004556953299918332,True
2021-12-01,ISRG,STLD,0.8441558441558441,0.9783549783549783,0.020465291723365156,0.02755579637070195,0.007090504647336793,0.002,0.00865241519280412,-0.003561910545467327,False
2021-12-02,ISRG,STLD,0.8398268398268398,0.961038961038961,0.020465291723365156,0.02596012026036565,0.005494828537000493,0.002,0.008644240856256175,-0.005149412319255681,False
2021-12-03,ISRG,CRWD,0.8311688311688312,0.9826839826839827,0.020465291723365156,0.02755579637070195,0.007090504647336793,0.002,0.008815441210719008,-0.003724936563382216,False
2021-12-06,ISRG,CRWD,0.8311688311688312,0.974025974025974,0.020465291723365156,0.02744447013044593,0.006979178407080774,0.002,0.008811211764214032,-0.003832033357133257,False
2021-12-07,ISRG,CRWD,0.8138528138528138,0.9783549783549783,0.019925266234264483,0.02755579637070195,0.0076305301364374654,0.002,0.008734703859985154,-0.0031041737235476883,False
2021-12-08,ISRG,CRWD,0.8095238095238095,0.9783549783549783,0.019715547597720533,0.02755579637070195,0.007840248772981416,0.002,0.008673966991718011,-0.0028337182187365946,False
2021-12-09,ISRG,CRWD,0.8225108225108225,0.974025974025974,0.020344703507352388,0.02744447013044593,0.0070997666230935425,0.002,0.008854498741790747,-0.003754732118697205,False
2021-12-10,ISRG,STLD,0.8051948051948052,0.9653679653679653,0.019505828961176582,0.026454903550392404,0.0069490745892158215,0.002,0.008570220373580071,-0.0036211457843642503,False
2021-12-13,ISRG,STLD,0.8008658008658008,0.9653679653679653,0.019296110324632628,0.026454903550392404,0.0071587932257597756,0.002,0.008510573200480369,-0.0033517799747205925,False
2021-12-14,ISRG,SNPS,0.8051948051948052,0.9826839826839827,0.019505828961176582,0.02755579637070195,0.008049967409525367,0.002,0.00861412078705992,-0.0025641533775345527,False
2021-12-15,ISRG,SNPS,0.8051948051948052,0.974025974025974,0.019505828961176582,0.02744447013044593,0.007938641169269348,0.002,0.008609655460385258,-0.0026710142911159094,False
2021-12-16,ISRG,SNPS,0.8130434782608695,0.9739130434782609,0.01988605796743235,0.027431562740271323,0.007545504772838971,0.002,0.008718446614506131,-0.0031729418416671594,False
2021-12-17,ISRG,SNPS,0.7947598253275109,0.9737991266375546,0.019000306308895962,0.027418542621798245,0.008418236312902283,0.002,0.008468073277651929,-0.0020498369647496467,False
2021-12-20,ISRG,SNPS,0.7695652173913043,0.9739130434782609,0.018043041471282523,0.027431562740271323,0.0093885212689888,0.002,0.008211220909141762,-0.0008226996401529624,False
2021-12-21,ISRG,SNPS,0.7391304347826086,0.9782608695652174,0.018043041471282523,0.02755579637070195,0.009512754899419426,0.002,0.008168910365462963,-0.0006561554660435382,False
2021-12-22,ISRG,AZO,0.7086956521739131,0.9782608695652174,0.018034824420584756,0.02755579637070195,0.009520971950117193,0.002,0.008142795248172472,-0.0006218232980552798,False
2021-12-23,ISRG,SNPS,0.7130434782608696,0.9739130434782609,0.01803701563410416,0.027431562740271323,0.009394547106167161,0.002,0.008138208691568328,-0.0007436615854011664,False
2021-12-27,ISRG,SNPS,0.717391304347826,0.9782608695652174,0.018039206847623564,0.02755579637070195,0.009516589523078385,0.002,0.008145081122527098,-0.0006284915994487139,False
2021-12-28,ISRG,SNPS,0.7086956521739131,0.9739130434782609,0.018034824420584756,0.027431562740271323,0.009396738319686567,0.002,0.008137064048192255,-0.0007403257285056872,False
2021-12-29,ISRG,SNPS,0.6826086956521739,0.9695652173913043,0.018021677139468333,0.026934628218548785,0.008912951079080453,0.002,0.008107294631286356,-0.0011943435522059035,False
2021-12-30,ISRG,AZO,0.6869565217391305,0.9695652173913043,0.018023868352987735,0.026934628218548785,0.00891075986556105,0.002,0.0081084430983124,-0.0011976832327513496,False
2021-12-31,ISRG,AZO,0.6926406926406926,0.9696969696969697,0.01802673305637674,0.026949686840419172,0.008922953784042433,0.002,0.008110638233264567,-0.0011876844492221357,False
2022-01-03,ISRG,AZO,0.6956521739130435,0.9739130434782609,0.018028250780026542,0.027431562740271323,0.00940331196024478,0.002,0.008133634690560812,-0.0007303227303160327,False
2022-01-04,ISRG,AZO,0.6956521739130435,0.9782608695652174,0.018028250780026542,0.02755579637070195,0.009527545590675406,0.002,0.008139372151141251,-0.0006118265604658458,False
2022-01-05,ISRG,AZO,0.7347826086956522,0.9826086956521739,0.018043041471282523,0.02755579637070195,0.009512754899419426,0.002,0.008162165827999179,-0.0006494109285797535,False
2022-01-06,ISRG,AZO,0.7304347826086957,0.9826086956521739,0.018043041471282523,0.02755579637070195,0.009512754899419426,0.002,0.008155446696348097,-0.0006426917969286705,False
2022-01-07,ISRG,AZO,0.7260869565217392,0.991304347826087,0.018043041471282523,0.02755579637070195,0.009512754899419426,0.002,0.008148753133150291,-0.0006359982337308641,False
2022-01-10,ISRG,AZO,0.7260869565217392,0.991304347826087,0.018043041471282523,0.02755579637070195,0.009512754899419426,0.002,0.008148753133150291,-0.0006359982337308641,False
2022-01-11,ISRG,AZO,0.7478260869565218,0.991304347826087,0.018043041471282523,0.02755579637070195,0.009512754899419426,0.002,0.008182475011117636,-0.0006697201116982092,False
2022-01-12,ISRG,AZO,0.717391304347826,0.991304347826087,0.018039206847623564,0.02755579637070195,0.009516589523078385,0.002,0.008145081122527098,-0.0006284915994487139,False
2022-01-13,ISRG,AZO,0.717391304347826,0.991304347826087,0.018039206847623564,0.02755579637070195,0.009516589523078385,0.002,0.008145081122527098,-0.0006284915994487139,False
2022-01-14,ISRG,AZO,0.7304347826086957,0.991304347826087,0.018043041471282523,0.02755579637070195,0.009512754899419426,0.002,0.008155446696348097,-0.0006426917969286705,False
2022-01-18,ISRG,AZO,0.5895196506550219,0.9912663755458515,0.01259627389701856,0.02755579637070195,0.014959522473683389,0.002,0.00809739041361262,0.004862132060070769,True
2022-01-19,MELI,STLD,0.8122270742358079,0.9737991266375546,0.019846507270322215,0.027418542621798245,0.00757203535147603,0.002,0.008706433307380043,-0.0031343979559040128,False
2022-01-20,MELI,STLD,0.8078602620087336,0.9781659388646288,0.019634957029965653,0.02755579637070195,0.007920839340736296,0.002,0.008650861548773611,-0.002730022208037315,False
2022-01-21,MELI,STLD,0.8034934497816594,0.9781659388646288,0.01942340678960909,0.02755579637070195,0.008132389581092858,0.002,0.008590853997124163,-0.0024584644160313045,False
2022-01-24,MELI,STLD,0.8122270742358079,0.982532751091703,0.019846507270322215,0.02755579637070195,0.007709289100379733,0.002,0.008711792707819294,-0.003002503607439561,False
2022-01-25,CMG,STLD,0.759825327510917,0.982532751091703,0.018043041471282523,0.02755579637070195,0.009512754899419426,0.002,0.00820135646829315,-0.0006886015688737247,False
2022-01-26,CMG,STLD,0.7554585152838428,0.982532751091703,0.018043041471282523,0.02755579637070195,0.009512754899419426,0.002,0.008194463292520293,-0.0006817083931008683,False
2022-01-27,NOW,STLD,0.7554585152838428,0.982532751091703,0.018043041471282523,0.02755579637070195,0.009512754899419426,0.002,0.008194463292520293,-0.0006817083931008683,False
2022-01-28,CMG,STLD,0.7336244541484717,0.9868995633187773,0.018043041471282523,0.02755579637070195,0.009512754899419426,0.002,0.00816037352654639,-0.0006476186271269632,False
2022-01-31,CMG,COIN,0.7510917030567685,0.9868995633187773,0.018043041471282523,0.02755579637070195,0.009512754899419426,0.002,0.008187594975428985,-0.0006748400760095584,False
2022-02-01,NOW,COIN,0.7292576419213974,0.9868995633187773,0.018043041471282523,0.02755579637070195,0.009512754899419426,0.002,0.008153631934315153,-0.0006408770348957258,False
2022-02-02,NOW,COIN,0.74235807860262,0.982532751091703,0.018043041471282523,0.02755579637070195,0.009512754899419426,0.002,0.008173933562230165,-0.0006611786628107396,False
2022-02-03,MELI,COIN,0.6331877729257642,0.982532751091703,0.01455045995929488,0.02755579637070195,0.01300533641140707,0.002,0.00812851724309152,0.002876819168315549,True
2022-02-04,CMG,NUE,0.7685589519650655,0.9781659388646288,0.018043041471282523,0.02755579637070195,0.009512754899419426,0.002,0.00821521675576592,-0.0007024618563464926,False
2022-02-07,PLTR,NUE,0.508695652173913,0.9782608695652174,0.012074424989004406,0.02755579637070195,0.015481371381697542,0.002,0.008090559115420082,0.005390812266277461,True
2022-02-08,CMG,VIST,0.7478260869565218,0.9826086956521739,0.018043041471282523,0.02755579637070195,0.009512754899419426,0.002,0.008182475011117636,-0.0006697201116982092,False
2022-02-09,CMG,VIST,0.7565217391304347,0.9826086956521739,0.018043041471282523,0.02755579637070195,0.009512754899419426,0.002,0.00819613934765724,-0.0006833844482378136,False
2022-02-10,CMG,VIST,0.7304347826086957,0.9826086956521739,0.018043041471282523,0.02755579637070195,0.009512754899419426,0.002,0.008155446696348097,-0.0006426917969286705,False
2022-02-11,CMG,NOC,0.7304347826086957,0.9869565217391304,0.018043041471282523,0.02755579637070195,0.009512754899419426,0.002,0.008155446696348097,-0.0006426917969286705,False
2022-02-14,CDNS,NOC,0.7695652173913043,0.9826086956521739,0.018043041471282523,0.02755579637070195,0.009512754899419426,0.002,0.008216819991355491,-0.0007040650919360649,False
2022-02-15,COIN,NOC,0.7782608695652173,0.9826086956521739,0.018201014313809646,0.02755579637070195,0.009354782056892302,0.002,0.008264741318678189,-0.0009099592617858865,False
2022-02-16,COIN,NOC,0.7391304347826086,0.9826086956521739,0.018043041471282523,0.02755579637070195,0.009512754899419426,0.002,0.008168910365462963,-0.0006561554660435382,False
2022-02-17,COIN,NOC,0.7565217391304347,0.991304347826087,0.018043041471282523,0.02755579637070195,0.009512754899419426,0.002,0.00819613934765724,-0.0006833844482378136,False
2022-02-18,COIN,NOC,0.7304347826086957,0.991304347826087,0.018043041471282523,0.02755579637070195,0.009512754899419426,0.002,0.008155446696348097,-0.0006426917969286705,False
2022-02-22,COIN,SNPS,0.7347826086956522,0.9869565217391304,0.018043041471282523,0.02755579637070195,0.009512754899419426,0.002,0.008162165827999179,-0.0006494109285797535,False
2022-02-23,COIN,NOC,0.7565217391304347,0.991304347826087,0.018043041471282523,0.02755579637070195,0.009512754899419426,0.002,0.00819613934765724,-0.0006833844482378136,False
2022-02-24,COIN,SNPS,0.7391304347826086,0.9826086956521739,0.018043041471282523,0.02755579637070195,0.009512754899419426,0.002,0.008168910365462963,-0.0006561554660435382,False
2022-02-25,COIN,SNPS,0.7,0.9826086956521739,0.018030441993545948,0.02755579637070195,0.009525354377156,0.002,0.008140512420443684,-0.0006151580432876844,False
2022-02-28,MDB,SNPS,0.8471615720524017,0.982532751091703,0.020465291723365156,0.02755579637070195,0.007090504647336793,0.002,0.00861557291959195,-0.0035250682722551578,False
2022-03-01,MDB,STLD,0.868995633187773,0.982532751091703,0.020465291723365156,0.02755579637070195,0.007090504647336793,0.002,0.008359346123195355,-0.0032688414758585624,False
2022-03-02,MDB,SNPS,0.8908296943231441,0.9868995633187773,0.020900848183826988,0.02755579637070195,0.006654948186874961,0.002,0.008311358168054877,-0.0036564099811799153,False
2022-03-03,MDB,STLD,0.8956521739130435,0.9869565217391304,0.021033539447344,0.02755579637070195,0.00652225692335795,0.002,0.008317046420847006,-0.003794789497489057,False
2022-03-04,LRCX,SNPS,0.9043478260869565,0.9869565217391304,0.021272801646914034,0.02755579637070195,0.006282994723787915,0.002,0.00832733741467303,-0.004044342690885115,False
2022-03-07,NOW,SNPS,0.9130434782608695,0.9869565217391304,0.021512063846484072,0.02755579637070195,0.006043732524217877,0.002,0.008337672090064677,-0.0042939395658468,False
2022-03-08,MDB,SNPS,0.8739130434782608,0.9869565217391304,0.020465291723365156,0.02755579637070195,0.007090504647336793,0.002,0.008304696440335562,-0.0032141917929987694,False
2022-03-09,MDB,SNPS,0.8826086956521739,0.9869565217391304,0.02067464614798894,0.02755579637070195,0.00688115022271301,0.002,0.008301692726056445,-0.003420542503343435,False
2022-03-10,MDB,SNPS,0.8608695652173913,0.9869565217391304,0.020465291723365156,0.02755579637070195,0.007090504647336793,0.002,0.008452231070416729,-0.003361726423079937,False
2022-03-11,MDB,STLD,0.8608695652173913,0.9869565217391304,0.020465291723365156,0.02755579637070195,0.007090504647336793,0.002,0.008452231070416729,-0.003361726423079937,False
2022-03-14,MDB,STLD,0.8434782608695652,0.9869565217391304,0.020465291723365156,0.02755579637070195,0.007090504647336793,0.002,0.008660768634528589,-0.003570263987191795,False
2022-03-15,MDB,STLD,0.8565217391304348,0.9869565217391304,0.020465291723365156,0.02755579637070195,0.007090504647336793,0.002,0.008503172113092365,-0.0034126674657555733,False
2022-03-16,MDB,STLD,0.8652173913043478,0.991304347826087,0.020465291723365156,0.02755579637070195,0.007090504647336793,0.002,0.008402145619784852,-0.00331164097244806,False
2022-03-17,AZO,STLD,0.8608695652173913,0.9869565217391304,0.020465291723365156,0.02755579637070195,0.007090504647336793,0.002,0.008452231070416729,-0.003361726423079937,False
2022-03-18,AZO,STLD,0.8652173913043478,0.9869565217391304,0.020465291723365156,0.02755579637070195,0.007090504647336793,0.002,0.008402145619784852,-0.00331164097244806,False
2022-03-21,LRCX,STLD,0.9,0.991304347826087,0.021153170547129015,0.02755579637070195,0.006402625823572934,0.002,0.008322186432153211,-0.003919560608580278,False
2022-03-22,LRCX,STLD,0.908695652173913,0.991304347826087,0.021392432746699053,0.02755579637070195,0.006163363624002896,0.002,0.008332499317532455,-0.0041691356935295585,False
2022-03-23,LRCX,STLD,0.8913043478260869,0.991304347826087,0.020913908347558977,0.02755579637070195,0.006641888023142972,0.002,0.008311917431835545,-0.003670029408692572,False
2022-03-24,LRCX,STLD,0.9130434782608695,0.991304347826087,0.021512063846484072,0.02755579637070195,0.006043732524217877,0.002,0.008337672090064677,-0.0042939395658468,False
2022-03-25,LRCX,STLD,0.9,0.9956521739130435,0.021153170547129015,0.02755579637070195,0.006402625823572934,0.002,0.008322186432153211,-0.003919560608580278,False
2022-03-28,COIN,STLD,0.8695652173913043,0.9956521739130435,0.020465291723365156,0.02755579637070195,0.007090504647336793,0.002,0.008352954103169306,-0.003262449455832514,False
2022-03-29,COIN,STLD,0.8739130434782608,0.9826086956521739,0.020465291723365156,0.02755579637070195,0.007090504647336793,0.002,0.008304696440335562,-0.0032141917929987694,False
2022-03-30,COIN,STLD,0.8565217391304348,0.9826086956521739,0.020465291723365156,0.02755579637070195,0.007090504647336793,0.002,0.008503172113092365,-0.0034126674657555733,False
2022-03-31,COIN,STLD,0.8565217391304348,0.9869565217391304,0.020465291723365156,0.02755579637070195,0.007090504647336793,0.002,0.008503172113092365,-0.0034126674657555733,False
2022-04-01,LRCX,STLD,0.8608695652173913,0.991304347826087,0.020465291723365156,0.02755579637070195,0.007090504647336793,0.002,0.008452231070416729,-0.003361726423079937,False
2022-04-04,LRCX,STLD,0.8652173913043478,0.991304347826087,0.020465291723365156,0.02755579637070195,0.007090504647336793,0.002,0.008402145619784852,-0.00331164097244806,False
2022-04-05,LRCX,STLD,0.8652173913043478,0.991304347826087,0.020465291723365156,0.02755579637070195,0.007090504647336793,0.002,0.008402145619784852,-0.00331164097244806,False
2022-04-06,LRCX,STLD,0.8652173913043478,0.991304347826087,0.020465291723365156,0.02755579637070195,0.007090504647336793,0.002,0.008402145619784852,-0.00331164097244806,False
2022-04-07,LRCX,STLD,0.8608695652173913,0.991304347826087,0.020465291723365156,0.02755579637070195,0.007090504647336793,0.002,0.008452231070416729,-0.003361726423079937,False
2022-04-08,LRCX,STLD,0.8739130434782608,0.991304347826087,0.020465291723365156,0.02755579637070195,0.007090504647336793,0.002,0.008304696440335562,-0.0032141917929987694,False
2022-04-11,NOW,STLD,0.868995633187773,0.9912663755458515,0.020465291723365156,0.02755579637070195,0.007090504647336793,0.002,0.008359346123195355,-0.0032688414758585624,False
2022-04-12,LRCX,STLD,0.8777292576419214,0.9912663755458515,0.020540387664824095,0.02755579637070195,0.0070154087058778535,0.002,0.008295974837392785,-0.003280566131514932,False
2022-04-13,LRCX,STLD,0.8733624454148472,0.9912663755458515,0.020465291723365156,0.02755579637070195,0.007090504647336793,0.002,0.008310754612565235,-0.0032202499652284424,False
2022-04-14,LRCX,STLD,0.868995633187773,0.9912663755458515,0.020465291723365156,0.02755579637070195,0.007090504647336793,0.002,0.008359346123195355,-0.0032688414758585624,False
2022-04-18,COIN,STLD,0.881578947368421,0.9912280701754386,0.020646312466460908,0.02755579637070195,0.006909483904241041,0.002,0.008300484858190203,-0.0033910009539491618,False
2022-04-19,COIN,STLD,0.8464912280701754,0.9868421052631579,0.020465291723365156,0.02755579637070195,0.007090504647336793,0.002,0.008623759107532275,-0.003533254460195482,False
2022-04-20,COIN,STLD,0.8421052631578947,0.9868421052631579,0.020465291723365156,0.02755579637070195,0.007090504647336793,0.002,0.008677748647187311,-0.0035872439998505183,False
2022-04-21,COIN,STLD,0.8333333333333334,0.9868421052631579,0.020465291723365156,0.02755579637070195,0.007090504647336793,0.002,0.00878785692670884,-0.003697352279372047,False
2022-04-22,COIN,STLD,0.8377192982456141,0.9868421052631579,0.020465291723365156,0.02755579637070195,0.007090504647336793,0.002,0.008732458321422013,-0.0036419536740852207,False
2022-04-25,COIN,STLD,0.8377192982456141,0.9868421052631579,0.020465291723365156,0.02755579637070195,0.007090504647336793,0.002,0.008732458321422013,-0.0036419536740852207,False
2022-04-26,COIN,STLD,0.8464912280701754,0.9824561403508771,0.020465291723365156,0.02755579637070195,0.007090504647336793,0.002,0.008623759107532275,-0.003533254460195482,False
2022-04-27,COIN,VRTX,0.8333333333333334,0.9824561403508771,0.020465291723365156,0.02755579637070195,0.007090504647336793,0.002,0.00878785692670884,-0.003697352279372047,False
2022-04-28,COIN,VRTX,0.8377192982456141,0.9780701754385965,0.020465291723365156,0.02755579637070195,0.007090504647336793,0.002,0.008732458321422013,-0.0036419536740852207,False
2022-04-29,COIN,STLD,0.42543859649122806,0.9692982456140351,0.012074424989004406,0.026904114695285128,0.014829689706280721,0.002,0.008446705228520925,0.004382984477759797,True
2022-05-02,LRCX,VRTX,0.8903508771929824,0.956140350877193,0.020887673457255247,0.025400233905861682,0.0045125604486064355,0.002,0.008217342341419215,-0.005704781892812779,False
2022-05-03,LRCX,VRTX,0.8991228070175439,0.9649122807017544,0.02112903444804958,0.026402821098810647,0.005273786650761066,0.002,0.008271071460337849,-0.0049972848095767835,False
2022-05-04,LRCX,VRTX,0.8728070175438597,0.956140350877193,0.020465291723365156,0.025400233905861682,0.004934942182496526,0.002,0.008223606376909177,-0.005288664194412651,False
2022-05-05,LRCX,BKNG,0.8596491228070176,0.9692982456140351,0.020465291723365156,0.026904114695285128,0.006438822971919972,0.002,0.008439270343193998,-0.004000447371274026,False
2022-05-06,LRCX,BKNG,0.8508771929824561,0.9692982456140351,0.020465291723365156,0.026904114695285128,0.006438822971919972,0.002,0.008544145277003602,-0.00410532230508363,False
2022-05-09,LRCX,DDOG,0.8508771929824561,0.9736842105263158,0.020465291723365156,0.02740540829175961,0.006940116568394453,0.002,0.008564417866953425,-0.003624301298558972,False
2022-05-10,LRCX,DDOG,0.8421052631578947,0.9692982456140351,0.020465291723365156,0.026904114695285128,0.006438822971919972,0.002,0.008652146062609977,-0.004213323090690006,False
2022-05-11,LRCX,DDOG,0.8508771929824561,0.9692982456140351,0.020465291723365156,0.026904114695285128,0.006438822971919972,0.002,0.008544145277003602,-0.00410532230508363,False
2022-05-12,LRCX,DDOG,0.8552631578947368,0.9692982456140351,0.020465291723365156,0.026904114695285128,0.006438822971919972,0.002,0.008491299276149306,-0.004052476304229335,False
2022-05-13,LRCX,DDOG,0.8596491228070176,0.9736842105263158,0.020465291723365156,0.02740540829175961,0.006940116568394453,0.002,0.008460157435626827,-0.0035200408672323748,False
2022-05-16,LRCX,DDOG,0.8640350877192983,0.9692982456140351,0.020465291723365156,0.026904114695285128,0.006438822971919972,0.002,0.008388096119992201,-0.0039492731480722295,False
2022-05-17,LRCX,DDOG,0.868421052631579,0.9692982456140351,0.020465291723365156,0.026904114695285128,0.006438822971919972,0.002,0.008337815919106088,-0.0038989929471861156,False
2022-05-18,LRCX,VRTX,0.8728070175438597,0.9649122807017544,0.020465291723365156,0.026402821098810647,0.005937529375445491,0.002,0.008266739211528979,-0.004329209836083488,False
2022-05-19,LRCX,VRTX,0.8722466960352423,0.973568281938326,0.020465291723365156,0.027392158240751474,0.006926866517386318,0.002,0.00831594125270153,-0.0033890747353152112,False
2022-05-20,LRCX,VRTX,0.8854625550660793,0.9691629955947136,0.020753170526261924,0.026888656302442297,0.006135485776180373,0.002,0.008275855721805836,-0.004140369945625462,False
2022-05-23,LRCX,VRTX,0.8942731277533039,0.9691629955947136,0.020995594781332887,0.026888656302442297,0.005893061521109411,0.002,0.008286322774662189,-0.0043932612535527785,False
2022-05-24,LRCX,VRTX,0.8942731277533039,0.973568281938326,0.020995594781332887,0.027392158240751474,0.0063965634594185874,0.002,0.00830826444392152,-0.003911700984502932,False
2022-05-25,LRCX,VRTX,0.8634361233480177,0.9823788546255506,0.020465291723365156,0.02755579637070195,0.007090504647336793,0.002,0.008422559327356678,-0.0033320546800198847,False
2022-05-26,LRCX,VRTX,0.8678414096916299,0.9823788546255506,0.020465291723365156,0.02755579637070195,0.007090504647336793,0.002,0.00837234787867105,-0.003281843231334257,False
2022-05-27,LRCX,VRTX,0.8722466960352423,0.9779735682819384,0.020465291723365156,0.02755579637070195,0.007090504647336793,0.002,0.008323078691018554,-0.003232574043681761,False
2022-05-31,LRCX,VRTX,0.8640350877192983,0.9824561403508771,0.020465291723365156,0.02755579637070195,0.007090504647336793,0.002,0.008415678493002048,-0.003325173845665256,False
2022-06-01,LRCX,VRTX,0.868421052631579,0.9868421052631579,0.020465291723365156,0.02755579637070195,0.007090504647336793,0.002,0.008365810356970302,-0.0032753057096335096,False
2022-06-02,LRCX,VRTX,0.881578947368421,0.9868421052631579,0.020646312466460908,0.02755579637070195,0.006909483904241041,0.002,0.008300484858190203,-0.0033910009539491618,False
2022-06-03,LRCX,VRTX,0.8859649122807017,0.9868421052631579,0.020766992961858077,0.02755579637070195,0.0067888034088438715,0.002,0.008305633828667874,-0.003516830419824002,False
2022-06-06,LRCX,VRTX,0.8903508771929824,0.9868421052631579,0.020887673457255247,0.02755579637070195,0.006668122913446702,0.002,0.008310794132237625,-0.0036426712187909225,False
2022-06-07,LRCX,VRTX,0.8991228070175439,0.9736842105263158,0.02112903444804958,0.02740540829175961,0.006276373843710027,0.002,0.008314584781901778,-0.00403821093819175,False
2022-06-08,LRCX,VRTX,0.8991228070175439,0.9736842105263158,0.02112903444804958,0.02740540829175961,0.006276373843710027,0.002,0.008314584781901778,-0.00403821093819175,False
2022-06-09,LRCX,VRTX,0.8947368421052632,0.9736842105263158,0.021008353952652412,0.02740540829175961,0.006397054339107196,0.002,0.008309391691250691,-0.003912337352143495,False
2022-06-10,LRCX,VRTX,0.8991228070175439,0.9868421052631579,0.02112903444804958,0.02755579637070195,0.006426761922652367,0.002,0.008321148527229026,-0.0038943866045766597,False
2022-06-13,LRCX,VRTX,0.8991228070175439,0.9824561403508771,0.02112903444804958,0.02755579637070195,0.006426761922652367,0.002,0.008321148527229026,-0.0038943866045766597,False
2022-06-14,LRCX,VRTX,0.8947368421052632,0.9868421052631579,0.021008353952652412,0.02755579637070195,0.0065474424180495365,0.002,0.008315965715989807,-0.0037685232979402703,False
2022-06-15,MDB,VRTX,0.8766519823788547,0.986784140969163,0.020510746271190962,0.02755579637070195,0.007045050099510987,0.002,0.0082947143545602,-0.0032496642550492133,False
2022-06-16,MDB,VRTX,0.8634361233480177,0.986784140969163,0.020465291723365156,0.02755579637070195,0.007090504647336793,0.002,0.008422559327356678,-0.0033320546800198847,False
2022-06-17,MDB,VRTX,0.8590308370044053,0.9823788546255506,0.020465291723365156,0.02755579637070195,0.007090504647336793,0.002,0.008473672176558806,-0.0033831675292220124,False
2022-06-21,MDB,VRTX,0.8810572687224669,0.986784140969163,0.020631958398726443,0.02755579637070195,0.006923837971975506,0.002,0.008299873182234218,-0.003376035210258713,False
2022-06-22,MDB,VRTX,0.8810572687224669,0.9911894273127754,0.020631958398726443,0.02755579637070195,0.006923837971975506,0.002,0.008299873182234218,-0.003376035210258713,False
2022-06-23,MDB,VRTX,0.8766519823788547,0.9911894273127754,0.020510746271190962,0.02755579637070195,0.007045050099510987,0.002,0.0082947143545602,-0.0032496642550492133,False
2022-06-24,MDB,VRTX,0.8810572687224669,0.986784140969163,0.020631958398726443,0.02755579637070195,0.006923837971975506,0.002,0.008299873182234218,-0.003376035210258713,False
2022-06-27,MDB,VRTX,0.8854625550660793,0.986784140969163,0.020753170526261924,0.02755579637070195,0.0068026258444400245,0.002,0.008305043503053144,-0.003502417658613119,False
2022-06-28,MDB,VRTX,0.8810572687224669,0.9823788546255506,0.020631958398726443,0.02755579637070195,0.006923837971975506,0.002,0.008299873182234218,-0.003376035210258713,False
2022-06-29,MDB,VRTX,0.8810572687224669,0.9823788546255506,0.020631958398726443,0.02755579637070195,0.006923837971975506,0.002,0.008299873182234218,-0.003376035210258713,False
2022-06-30,MDB,VRTX,0.8854625550660793,0.9823788546255506,0.020753170526261924,0.02755579637070195,0.0068026258444400245,0.002,0.008305043503053144,-0.003502417658613119,False
2022-07-01,MDB,VRTX,0.9074889867841409,0.986784140969163,0.021359231163939334,0.02755579637070195,0.006196565206762615,0.002,0.00833106562705159,-0.004134500420288974,False
2022-07-05,LRCX,VRTX,0.915929203539823,0.9867256637168141,0.021591465018907758,0.02755579637070195,0.005964331351794191,0.002,0.00834111132277133,-0.00437677997097714,False
2022-07-06,MDB,VRTX,0.8761061946902655,0.9867256637168141,0.0204957288394609,0.02755579637070195,0.007060067531241047,0.002,0.008294076010604322,-0.0032340084793632744,False
2022-07-07,MDB,VRTX,0.9070796460176991,0.9867256637168141,0.02134796809014179,0.02755579637070195,0.0062078282805601605,0.002,0.008330579462247285,-0.004122751181687125,False
2022-07-08,MDB,VRTX,0.9070796460176991,0.9867256637168141,0.02134796809014179,0.02755579637070195,0.0062078282805601605,0.002,0.008330579462247285,-0.004122751181687125,False
2022-07-11,MDB,VRTX,0.915929203539823,0.9867256637168141,0.021591465018907758,0.02755579637070195,0.005964331351794191,0.002,0.00834111132277133,-0.00437677997097714,False
2022-07-12,MDB,VRTX,0.9026548672566371,0.9867256637168141,0.021226219625758803,0.02755579637070195,0.006329576744943145,0.002,0.008325330421339865,-0.003995753676396719,False
2022-07-13,MDB,VRTX,0.8893805309734514,0.9867256637168141,0.020860974232609856,0.02755579637070195,0.006694822138092093,0.002,0.008309651498559587,-0.003614829360467495,False
2022-07-14,MDB,VRTX,0.8982300884955752,0.9867256637168141,0.021104471161375822,0.02755579637070195,0.006451325209326127,0.002,0.008320092711245536,-0.0038687675019194083,False
2022-07-15,MDB,VRTX,0.8938053097345132,0.9867256637168141,0.020982722696992837,0.02755579637070195,0.0065730736737091115,0.002,0.00831486638567462,-0.0037417927119655077,False
2022-07-18,MDB,VRTX,0.8893805309734514,0.9867256637168141,0.020860974232609856,0.02755579637070195,0.006694822138092093,0.002,0.008309651498559587,-0.003614829360467495,False
2022-07-19,MDB,VRTX,0.8805309734513275,0.9867256637168141,0.020617477303843886,0.02755579637070195,0.006938319066858063,0.002,0.008299256256537131,-0.0033609371896790694,False
2022-07-20,MDB,VRTX,0.9111111111111111,0.9866666666666667,0.02145889446880184,0.02755579637070195,0.0060969019019001085,0.002,0.008335371741350383,-0.004238469839450275,False
2022-07-21,MDB,VRTX,0.9111111111111111,0.9866666666666667,0.02145889446880184,0.02755579637070195,0.0060969019019001085,0.002,0.008335371741350383,-0.004238469839450275,False
2022-07-22,MDB,VRTX,0.9111111111111111,0.9866666666666667,0.02145889446880184,0.02755579637070195,0.0060969019019001085,0.002,0.008335371741350383,-0.004238469839450275,False
2022-07-25,LRCX,VRTX,0.76,0.9866666666666667,0.018043041471282523,0.02755579637070195,0.009512754899419426,0.002,0.008201632710115595,-0.0006888778106961682,False
2022-07-26,LRCX,VRTX,0.7544642857142857,0.9821428571428571,0.018043041471282523,0.02755579637070195,0.009512754899419426,0.002,0.008192897332527474,-0.0006801424331080467,False
2022-07-27,CMG,VRTX,0.71875,0.9821428571428571,0.01803989160184838,0.02755579637070195,0.00951590476885357,0.002,0.008145438565171779,-0.0006295337963182083,False
2022-07-28,LRCX,VRTX,0.7767857142857143,0.9821428571428571,0.0181295504088569,0.02755579637070195,0.009426245961845048,0.002,0.008246899091715389,-0.0008206531298703404,False
2022-07-29,LRCX,VRTX,0.7733333333333333,0.9866666666666667,0.018043041471282523,0.02755579637070195,0.009512754899419426,0.002,0.00822283502182249,-0.0007100801224030635,False
2022-08-01,LRCX,VRTX,0.76,0.9866666666666667,0.018043041471282523,0.02755579637070195,0.009512754899419426,0.002,0.008201632710115595,-0.0006888778106961682,False
2022-08-02,LRCX,VRTX,0.7644444444444445,0.9822222222222222,0.018043041471282523,0.02755579637070195,0.009512754899419426,0.002,0.008208674793306125,-0.0006959198938866979,False
2022-08-03,LRCX,VRTX,0.7644444444444445,0.9822222222222222,0.018043041471282523,0.02755579637070195,0.009512754899419426,0.002,0.008208674793306125,-0.0006959198938866979,False
2022-08-04,LRCX,SNPS,0.7777777777777778,0.96,0.018177610929731556,0.025841372270759222,0.007663761341027666,0.002,0.00818317557109646,-0.0025194142300687928,False
2022-08-05,LRCX,SNPS,0.7688888888888888,0.9644444444444444,0.018043041471282523,0.026349349781853368,0.008306308310570845,0.002,0.008161610644396342,-0.0018553023338254973,False
2022-08-08,LRCX,VRTX,0.7511111111111111,0.9911111111111112,0.018043041471282523,0.02755579637070195,0.009512754899419426,0.002,0.008187625446050041,-0.0006748705466306151,False
2022-08-09,LRCX,VRTX,0.7511111111111111,0.9911111111111112,0.018043041471282523,0.02755579637070195,0.009512754899419426,0.002,0.008187625446050041,-0.0006748705466306151,False
2022-08-10,LRCX,VRTX,0.76,0.9866666666666667,0.018043041471282523,0.02755579637070195,0.009512754899419426,0.002,0.008201632710115595,-0.0006888778106961682,False
2022-08-11,LRCX,VRTX,0.78125,0.9866071428571429,0.01834582275279285,0.02755579637070195,0.009209973617909099,0.002,0.008301344614493576,-0.0010913709965844785,False
2022-08-12,LRCX,VRTX,0.8035714285714286,0.9821428571428571,0.019427184472472603,0.02755579637070195,0.008128611898229346,0.002,0.008591917192060395,-0.0024633052938310487,False
2022-08-15,LRCX,VRTX,0.8125,0.9821428571428571,0.019859729160344498,0.02755579637070195,0.007696067210357451,0.002,0.008715630538385238,-0.0030195633280277866,False
2022-08-16,LRCX,VRTX,0.7991071428571429,0.9776785714285714,0.019210912128536654,0.02755579637070195,0.008344884242165295,0.002,0.008531555823175337,-0.0021866715810100407,False
2022-08-17,LRCX,VRTX,0.7991071428571429,0.9732142857142857,0.019210912128536654,0.027351698263565913,0.00814078613502926,0.002,0.00852318206986856,-0.002382395934839301,False
2022-08-18,LRCX,VRTX,0.7991071428571429,0.9776785714285714,0.019210912128536654,0.02755579637070195,0.008344884242165295,0.002,0.008531555823175337,-0.0021866715810100407,False
2022-08-19,LRCX,VRTX,0.7901785714285714,0.9821428571428571,0.01877836744066475,0.02755579637070195,0.0087774289300372,0.002,0.008414088075270457,-0.0016366591452332555,False
2022-08-22,LRCX,VRTX,0.7946428571428571,0.9821428571428571,0.018994639784600698,0.02755579637070195,0.008561156586101251,0.002,0.00847226092854477,-0.0019111043424435178,False
2022-08-23,LRCX,VRTX,0.7946428571428571,0.9866071428571429,0.018994639784600698,0.02755579637070195,0.008561156586101251,0.002,0.00847226092854477,-0.0019111043424435178,False
2022-08-24,LRCX,VRTX,0.8035714285714286,0.9866071428571429,0.019427184472472603,0.02755579637070195,0.008128611898229346,0.002,0.008591917192060395,-0.0024633052938310487,False
2022-08-25,CMG,VRTX,0.8794642857142857,0.9866071428571429,0.0205881272276087,0.02755579637070195,0.006967669143093248,0.002,0.008298006383889105,-0.0033303372407958555,False
2022-08-26,CMG,VRTX,0.8973214285714286,0.9866071428571429,0.02107946924458289,0.02755579637070195,0.00647632712611906,0.002,0.008319018517298792,-0.0038426913911797323,False
2022-08-29,CMG,VRTX,0.90625,0.9866071428571429,0.02132514025306998,0.02755579637070195,0.006230656117631968,0.002,0.00832959440645245,-0.004098938288820483,False
2022-08-30,CMG,VRTX,0.90625,0.9866071428571429,0.02132514025306998,0.02755579637070195,0.006230656117631968,0.002,0.00832959440645245,-0.004098938288820483,False
2022-08-31,MDB,VRTX,0.8258928571428571,0.9866071428571429,0.020465291723365156,0.02755579637070195,0.007090504647336793,0.002,0.008883329122947934,-0.0037928244756111405,False
2022-09-01,MDB,VRTX,0.8482142857142857,0.9866071428571429,0.020465291723365156,0.02755579637070195,0.007090504647336793,0.002,0.008602753037241912,-0.003512248389905119,False
2022-09-02,MDB,VRTX,0.8660714285714286,0.9866071428571429,0.020465291723365156,0.02755579637070195,0.007090504647336793,0.002,0.008392411215210447,-0.003301906567873655,False
2022-09-06,FTNT,SNPS,0.9017857142857143,0.9955357142857143,0.021202304748826433,0.02755579637070195,0.006353491621875516,0.002,0.008324300689488476,-0.00397080906761296,False
2022-09-07,FTNT,SNPS,0.90625,0.9910714285714286,0.02132514025306998,0.02755579637070195,0.006230656117631968,0.002,0.00832959440645245,-0.004098938288820483,False
2022-09-08,AZO,SNPS,0.8794642857142857,0.9821428571428571,0.0205881272276087,0.02755579637070195,0.006967669143093248,0.002,0.008298006383889105,-0.0033303372407958555,False
2022-09-09,AZO,SNPS,0.8705357142857143,0.9821428571428571,0.020465291723365156,0.02755579637070195,0.007090504647336793,0.002,0.00834209990088741,-0.003251595253550617,False
2022-09-12,AZO,SNPS,0.8755555555555555,0.9911111111111112,0.020480577919448798,0.02755579637070195,0.007075218451253151,0.002,0.00829343217220073,-0.0032182137209475783,False
2022-09-13,AZO,SNPS,0.8844444444444445,0.9911111111111112,0.02072515705678706,0.02755579637070195,0.00683063931391489,0.002,0.008303847566129893,-0.003473208252215002,False
2022-09-14,AZO,SNPS,0.8844444444444445,0.9866666666666667,0.02072515705678706,0.02755579637070195,0.00683063931391489,0.002,0.008303847566129893,-0.003473208252215002,False
2022-09-15,AZO,VRTX,0.8844444444444445,0.9822222222222222,0.02072515705678706,0.02755579637070195,0.00683063931391489,0.002,0.008303847566129893,-0.003473208252215002,False
2022-09-16,AZO,VRTX,0.8755555555555555,0.9822222222222222,0.020480577919448798,0.02755579637070195,0.007075218451253151,0.002,0.00829343217220073,-0.0032182137209475783,False
2022-09-19,AZO,VRTX,0.8755555555555555,0.9866666666666667,0.020480577919448798,0.02755579637070195,0.007075218451253151,0.002,0.00829343217220073,-0.0032182137209475783,False
2022-09-20,AZO,VRTX,0.88,0.9866666666666667,0.02060286748811793,0.02755579637070195,0.00695292888258402,0.002,0.00829863401338295,-0.0033457051307989307,False
2022-09-21,AZO,VRTX,0.8755555555555555,0.9866666666666667,0.020480577919448798,0.02755579637070195,0.007075218451253151,0.002,0.00829343217220073,-0.0032182137209475783,False
2022-09-22,AZO,VRTX,0.8666666666666667,0.9866666666666667,0.020465291723365156,0.02755579637070195,0.007090504647336793,0.002,0.008385647182808615,-0.0032951425354718223,False
2022-09-23,AZO,VRTX,0.8622222222222222,0.9866666666666667,0.020465291723365156,0.02755579637070195,0.007090504647336793,0.002,0.00843655547993812,-0.0033460508326013283,False
2022-09-26,AZO,VRTX,0.8488888888888889,0.9822222222222222,0.020465291723365156,0.02755579637070195,0.007090504647336793,0.002,0.008594560929354213,-0.0035040562820174196,False
2022-09-27,AZO,VRTX,0.8488888888888889,0.9777777777777777,0.020465291723365156,0.02755579637070195,0.007090504647336793,0.002,0.008594560929354213,-0.0035040562820174196,False
2022-09-28,AZO,VRTX,0.8533333333333334,0.9777777777777777,0.020465291723365156,0.02755579637070195,0.007090504647336793,0.002,0.008541051295997092,-0.0034505466486602987,False
2022-09-29,AZO,VRTX,0.8355555555555556,0.9733333333333334,0.020465291723365156,0.027365304804041653,0.006900013080676497,0.002,0.008752363248337006,-0.003852350167660509,False
2022-09-30,AZO,VRTX,0.8539823008849557,0.9734513274336283,0.020465291723365156,0.027378790932654763,0.0069134992092896065,0.002,0.008526046688179799,-0.0036125474788901925,False
2022-10-03,AZO,VRTX,0.8451327433628318,0.9734513274336283,0.020465291723365156,0.027378790932654763,0.0069134992092896065,0.002,0.008633356921352402,-0.003719857712062796,False
2022-10-04,AZO,VRTX,0.8495575221238938,0.9690265486725663,0.020465291723365156,0.026873061109662807,0.006407769386297651,0.002,0.008558953990952136,-0.004151184604654485,False
2022-10-05,AZO,VRTX,0.8495575221238938,0.9823008849557522,0.020465291723365156,0.02755579637070195,0.007090504647336793,0.002,0.008586459320035694,-0.0034959546726989017,False
2022-10-06,AZO,VRTX,0.8451327433628318,0.9823008849557522,0.020465291723365156,0.02755579637070195,0.007090504647336793,0.002,0.00864040261108346,-0.0035498979637466664,False
2022-10-07,AZO,VRTX,0.8495575221238938,0.9778761061946902,0.020465291723365156,0.02755579637070195,0.007090504647336793,0.002,0.008586459320035694,-0.0034959546726989017,False
2022-10-10,AZO,SNPS,0.8495575221238938,0.9823008849557522,0.020465291723365156,0.02755579637070195,0.007090504647336793,0.002,0.008586459320035694,-0.0034959546726989017,False
2022-10-11,AZO,SNPS,0.8495575221238938,0.9867256637168141,0.020465291723365156,0.02755579637070195,0.007090504647336793,0.002,0.008586459320035694,-0.0034959546726989017,False
2022-10-12,AZO,SNPS,0.8672566371681416,0.9867256637168141,0.020465291723365156,0.02755579637070195,0.007090504647336793,0.002,0.008378959782434834,-0.0032884551350980417,False
2022-10-13,AZO,SNPS,0.8716814159292036,0.9823008849557522,0.020465291723365156,0.02755579637070195,0.007090504647336793,0.002,0.008329346678606034,-0.0032388420312692403,False
2022-10-14,AZO,VRTX,0.8546255506607929,0.9779735682819384,0.020465291723365156,0.02755579637070195,0.007090504647336793,0.002,0.008525647222503254,-0.0034351425751664613,False
2022-10-17,AZO,VRTX,0.8546255506607929,0.986784140969163,0.020465291723365156,0.02755579637070195,0.007090504647336793,0.002,0.008525647222503254,-0.0034351425751664613,False
2022-10-18,AZO,VRTX,0.8590308370044053,0.986784140969163,0.020465291723365156,0.02755579637070195,0.007090504647336793,0.002,0.008473672176558806,-0.0033831675292220124,False
2022-10-19,AZO,VRTX,0.8590308370044053,0.986784140969163,0.020465291723365156,0.02755579637070195,0.007090504647336793,0.002,0.008473672176558806,-0.0033831675292220124,False
2022-10-20,AZO,VRTX,0.8590308370044053,0.986784140969163,0.020465291723365156,0.02755579637070195,0.007090504647336793,0.002,0.008473672176558806,-0.0033831675292220124,False
2022-10-21,AZO,VRTX,0.8634361233480177,0.9911894273127754,0.020465291723365156,0.02755579637070195,0.007090504647336793,0.002,0.008422559327356678,-0.0033320546800198847,False
2022-10-24,NOW,VRTX,0.6740088105726872,0.9911894273127754,0.01793564567601024,0.02755579637070195,0.009620150694691708,0.002,0.008133836941760076,-0.0005136862470683694,False
2022-10-25,NOW,VRTX,0.6960352422907489,0.9911894273127754,0.018028443838486403,0.02755579637070195,0.009527352532215545,0.002,0.008139472584711989,-0.0006121200524964428,False
2022-10-26,NOW,VRTX,0.6916299559471366,0.986784140969163,0.01802622366619802,0.02755579637070195,0.009529572704503927,0.002,0.008138317956890337,-0.0006087452523864103,False
2022-10-27,NOW,VRTX,0.6343612334801763,0.9911894273127754,0.014647772084044944,0.02755579637070195,0.012908024286657004,0.002,0.008128669928982441,0.002779354357674562,True
2022-10-28,ANET,SNPS,0.8854625550660793,0.9647577092511013,0.020753170526261924,0.026385154364133124,0.0056319838378712,0.002,0.008253951944736418,-0.004621968106865219,False
2022-10-31,ANET,SNPS,0.8854625550660793,0.9647577092511013,0.020753170526261924,0.026385154364133124,0.0056319838378712,0.002,0.008253951944736418,-0.004621968106865219,False
2022-11-01,FTNT,SNPS,0.762114537444934,0.960352422907489,0.018043041471282523,0.025881652425823964,0.007838610954541442,0.002,0.008129764931250635,-0.0022911539767091938,False
2022-11-02,FTNT,SNPS,0.762114537444934,0.960352422907489,0.018043041471282523,0.025881652425823964,0.007838610954541442,0.002,0.008129764931250635,-0.0022911539767091938,False
2022-11-03,FTNT,SNPS,0.7665198237885462,0.960352422907489,0.018043041471282523,0.025881652425823964,0.007838610954541442,0.002,0.008136924514430925,-0.0022983135598894843,False
2022-11-04,FTNT,SNPS,0.7268722466960352,0.9559471365638766,0.018043041471282523,0.02537815048751479,0.007335109016232268,0.002,0.008050588710783634,-0.0027154796945513668,False
2022-11-07,FTNT,SNPS,0.7236842105263158,0.956140350877193,0.018042378340875336,0.025400233905861682,0.007357855564986346,0.002,0.008048260061585842,-0.0026904044965994954,False
2022-11-08,NUE,SNPS,0.7982456140350878,0.956140350877193,0.01916917536040866,0.025400233905861682,0.006231058545453021,0.002,0.008432278051734323,-0.004201219506281302,False
2022-11-09,NUE,SNPS,0.7894736842105263,0.9473684210526315,0.018744219175832758,0.024397646712912717,0.005653427537079959,0.002,0.008272719319507602,-0.004619291782427643,False
2022-11-10,MDB,NOC,0.868421052631579,0.9385964912280702,0.020465291723365156,0.023395059519963766,0.0029297677965986098,0.002,0.008190387066453732,-0.007260619269855121,False
2022-11-11,MDB,NOC,0.868421052631579,0.9473684210526315,0.020465291723365156,0.024397646712912717,0.003932354989547561,0.002,0.008231916318055511,-0.00629956132850795,False
2022-11-14,MDB,NOC,0.8640350877192983,0.9429824561403509,0.020465291723365156,0.023896353116438247,0.0034310613930730906,0.002,0.0082633233783923,-0.006832261985319209,False
2022-11-15,MDB,NOC,0.868421052631579,0.9429824561403509,0.020465291723365156,0.023896353116438247,0.0034310613930730906,0.002,0.00821109004288163,-0.006780028649808538,False
2022-11-16,MDB,BKNG,0.868421052631579,0.9473684210526315,0.020465291723365156,0.024397646712912717,0.003932354989547561,0.002,0.008231916318055511,-0.00629956132850795,False
2022-11-17,MDB,BKNG,0.8634361233480177,0.947136563876652,0.020465291723365156,0.024371146610896455,0.0039058548875312987,0.002,0.00828989076525324,-0.006384035877721942,False
2022-11-18,MDB,NOC,0.8678414096916299,0.947136563876652,0.020465291723365156,0.024371146610896455,0.0039058548875312987,0.002,0.00823762244753762,-0.006331767560006321,False
2022-11-21,MDB,BKNG,0.8678414096916299,0.947136563876652,0.020465291723365156,0.024371146610896455,0.0039058548875312987,0.002,0.00823762244753762,-0.006331767560006321,False
2022-11-22,LRCX,BKNG,0.8370044052863436,0.960352422907489,0.020465291723365156,0.025881652425823964,0.005416360702458808,0.002,0.008677216235350942,-0.005260855532892132,False
2022-11-23,LRCX,BKNG,0.8370044052863436,0.9559471365638766,0.020465291723365156,0.02537815048751479,0.004912858764149635,0.002,0.00865817295798465,-0.005745314193835015,False
2022-11-25,LRCX,BKNG,0.8458149779735683,0.9559471365638766,0.020465291723365156,0.02537815048751479,0.004912858764149635,0.002,0.008546198267281913,-0.005633339503132278,False
2022-11-28,MDB,BKNG,0.7973568281938326,0.9691629955947136,0.019126118125848104,0.026888656302442297,0.0077625381765941935,0.002,0.008480693979501167,-0.0027181558029069734,False
2022-11-29,MDB,BKNG,0.7929515418502202,0.973568281938326,0.01891270400672188,0.027392158240751474,0.008479454234029595,0.002,0.008443212605970862,-0.001963758371941267,False
2022-11-30,MDB,BKNG,0.6403508771929824,0.9736842105263158,0.015144478133513382,0.02740540829175961,0.012260930158246227,0.002,0.008122482807194766,0.0021384473510514595,True
2022-12-01,LRCX,MELI,0.8508771929824561,0.956140350877193,0.020465291723365156,0.025400233905861682,0.004934942182496526,0.002,0.008484044194551394,-0.005549102012054868,False
2022-12-02,LRCX,MELI,0.8640350877192983,0.9605263157894737,0.020465291723365156,0.025901527502336163,0.005436235778971007,0.002,0.008346033461872645,-0.0049097976829016385,False
2022-12-05,LRCX,MELI,0.8728070175438597,0.9824561403508771,0.020465291723365156,0.02755579637070195,0.007090504647336793,0.002,0.008316881685773509,-0.0032263770384367172,False
2022-12-06,LRCX,VIST,0.8771929824561403,0.9429824561403509,0.02052563197106374,0.023896353116438247,0.0033707211453745077,0.002,0.008137153735504877,-0.006766432590130369,False
2022-12-07,LRCX,VIST,0.868421052631579,0.9517543859649122,0.020465291723365156,0.024898940309387198,0.004433648586022042,0.002,0.008252863523736446,-0.005819214937714404,False
2022-12-08,LRCX,VIST,0.8728070175438597,0.9517543859649122,0.020465291723365156,0.024898940309387198,0.004433648586022042,0.002,0.008202209528183041,-0.005768560942160999,False
2022-12-09,LRCX,ADSK,0.881578947368421,0.956140350877193,0.020646312466460908,0.025400233905861682,0.004753921439400774,0.002,0.008206732644760488,-0.005452811205359714,False
2022-12-12,LRCX,ADSK,0.8771929824561403,0.956140350877193,0.02052563197106374,0.025400233905861682,0.004874601934797943,0.002,0.008201444613235876,-0.005326842678437933,False
2022-12-13,LRCX,SNPS,0.881578947368421,0.956140350877193,0.020646312466460908,0.025400233905861682,0.004753921439400774,0.002,0.008206732644760488,-0.005452811205359714,False
2022-12-14,LRCX,SNPS,0.8766519823788547,0.973568281938326,0.020510746271190962,0.027392158240751474,0.006881411969560512,0.002,0.008287515335753013,-0.0034061033661925,False
2022-12-15,LRCX,SNPS,0.8722466960352423,0.9647577092511013,0.020465291723365156,0.026385154364133124,0.005919862640767968,0.002,0.008272268737173294,-0.004352406096405327,False
2022-12-16,LRCX,SNPS,0.8678414096916299,0.9691629955947136,0.020465291723365156,0.026888656302442297,0.006423364579077141,0.002,0.008343747653126857,-0.0039203830740497155,False
2022-12-19,LRCX,SNPS,0.8854625550660793,0.973568281938326,0.020753170526261924,0.027392158240751474,0.00663898771448955,0.002,0.008297867032149719,-0.0036588793176601693,False
2022-12-20,LRCX,SNPS,0.8898678414096917,0.9779735682819384,0.02087438265379741,0.02755579637070195,0.00668141371690454,0.002,0.008310225263162713,-0.003628811546258173,False
2022-12-21,LRCX,SNPS,0.8854625550660793,0.973568281938326,0.020753170526261924,0.027392158240751474,0.00663898771448955,0.002,0.008297867032149719,-0.0036588793176601693,False
2022-12-22,LRCX,SNPS,0.8942731277533039,0.973568281938326,0.020995594781332887,0.027392158240751474,0.0063965634594185874,0.002,0.00830826444392152,-0.003911700984502932,False
2022-12-23,LRCX,SNPS,0.8898678414096917,0.973568281938326,0.02087438265379741,0.027392158240751474,0.006517775586954065,0.002,0.008303060050551134,-0.0037852844635970677,False
2022-12-27,LRCX,SNPS,0.8711111111111111,0.9733333333333334,0.020465291723365156,0.027365304804041653,0.006900013080676497,0.002,0.008327410558894946,-0.0034273974782184496,False
2022-12-28,LRCX,SNPS,0.8705357142857143,0.9642857142857143,0.020465291723365156,0.026331207727885723,0.005865916004520567,0.002,0.008289269988596193,-0.004423353984075627,False
2022-12-29,LRCX,SNPS,0.875,0.96875,0.020465291723365156,0.026841452995725816,0.00637616127236066,0.002,0.008261419445143763,-0.003885258172783103,False
2022-12-30,LRCX,SNPS,0.8794642857142857,0.9732142857142857,0.0205881272276087,0.027351698263565913,0.006763571035957212,0.002,0.00828903807722151,-0.0035254670412642984,False
2023-01-03,LRCX,VIST,0.874439461883408,0.9730941704035875,0.020465291723365156,0.027337969691337033,0.006872677967971877,0.002,0.008289350655654708,-0.003416672687682832,False
2023-01-04,LRCX,VIST,0.8772727272727273,0.9727272727272728,0.020527826161889143,0.027296035143437907,0.006768208981548764,0.002,0.00828402045129449,-0.003515811469745726,False
2023-01-05,LRCX,VIST,0.8727272727272727,0.9727272727272728,0.020465291723365156,0.027296035143437907,0.006830743420072751,0.002,0.008306419634825523,-0.003475676214752772,False
2023-01-06,LRCX,VIST,0.8772727272727273,0.9727272727272728,0.020527826161889143,0.027296035143437907,0.006768208981548764,0.002,0.00828402045129449,-0.003515811469745726,False
2023-01-09,LRCX,VIST,0.8681818181818182,0.9727272727272728,0.020465291723365156,0.027296035143437907,0.006830743420072751,0.002,0.008357335002921174,-0.0035265915828484227,False
2023-01-10,LRCX,SNPS,0.8818181818181818,0.9772727272727273,0.02065289503893712,0.02755579637070195,0.00690290133176483,0.002,0.00830076541801281,-0.0033978640862479806,False
2023-01-11,LRCX,SNPS,0.8727272727272727,0.9727272727272728,0.020465291723365156,0.027296035143437907,0.006830743420072751,0.002,0.008306419634825523,-0.003475676214752772,False
2023-01-12,LRCX,VIST,0.8727272727272727,0.9636363636363636,0.020465291723365156,0.026256990234381702,0.005791698511016546,0.002,0.008261333972601934,-0.0044696354615853875,False
2023-01-13,LRCX,VIST,0.8727272727272727,0.9636363636363636,0.020465291723365156,0.026256990234381702,0.005791698511016546,0.002,0.008261333972601934,-0.0044696354615853875,False
2023-01-17,LRCX,VIST,0.8681818181818182,0.9590909090909091,0.020465291723365156,0.02573746777985361,0.005272176056488453,0.002,0.008290926323984808,-0.005018750267496356,False
2023-01-18,LRCX,VIST,0.8409090909090909,0.9636363636363636,0.020465291723365156,0.026256990234381702,0.005791698511016546,0.002,0.008641983032906938,-0.004850284521890392,False
2023-01-19,LRCX,VIST,0.8545454545454545,0.9590909090909091,0.020465291723365156,0.02573746777985361,0.005272176056488453,0.002,0.008452573934110648,-0.005180397877622195,False
2023-01-20,LRCX,MELI,0.8636363636363636,0.9636363636363636,0.020465291723365156,0.026256990234381702,0.005791698511016546,0.002,0.008365547356874978,-0.004573848845858433,False
2023-01-23,LRCX,VIST,0.7545454545454545,0.9681818181818181,0.018043041471282523,0.0267765126889098,0.008733471217627277,0.002,0.008157740816198718,-0.0014242695985714408,False
2023-01-24,LRCX,VIST,0.7454545454545455,0.9636363636363636,0.018043041471282523,0.026256990234381702,0.00821394876309918,0.002,0.008119823880966494,-0.001905875117867314,False
2023-01-25,LRCX,VIST,0.7545454545454545,0.9818181818181818,0.018043041471282523,0.02755579637070195,0.009512754899419426,0.002,0.008193025129037525,-0.000680270229618099,False
2023-01-26,LRCX,VIST,0.7681818181818182,0.9772727272727273,0.018043041471282523,0.02755579637070195,0.009512754899419426,0.002,0.008214616219584305,-0.0007018613201648788,False
2023-01-27,LRCX,MELI,0.740909090909091,0.9818181818181818,0.018043041471282523,0.02755579637070195,0.009512754899419426,0.002,0.008171676779476717,-0.0006589218800572899,False
2023-01-30,LRCX,NOC,0.7727272727272727,0.9863636363636363,0.018043041471282523,0.02755579637070195,0.009512754899419426,0.002,0.008221866350309168,-0.0007091114508897423,False
2023-01-31,CMG,NOC,0.8818181818181818,0.9863636363636363,0.02065289503893712,0.02755579637070195,0.00690290133176483,0.002,0.00830076541801281,-0.0033978640862479806,False
2023-02-01,CMG,NOC,0.8636363636363636,0.9863636363636363,0.020465291723365156,0.02755579637070195,0.007090504647336793,0.002,0.00842025713083979,-0.003329752483502998,False
2023-02-02,CMG,NOC,0.8636363636363636,0.9863636363636363,0.020465291723365156,0.02755579637070195,0.007090504647336793,0.002,0.00842025713083979,-0.003329752483502998,False
2023-02-03,FTNT,APD,0.8545454545454545,0.990909090909091,0.020465291723365156,0.02755579637070195,0.007090504647336793,0.002,0.008526599967592566,-0.003436095320255773,False
2023-02-06,FTNT,APD,0.740909090909091,0.9863636363636363,0.018043041471282523,0.02755579637070195,0.009512754899419426,0.002,0.008171676779476717,-0.0006589218800572899,False
2023-02-07,FTNT,APD,0.7454545454545455,0.990909090909091,0.018043041471282523,0.02755579637070195,0.009512754899419426,0.002,0.008178765621737645,-0.0006660107223182181,False
2023-02-08,FTNT,APD,0.7090909090909091,0.990909090909091,0.018035023621813792,0.02755579637070195,0.009520772748888157,0.002,0.008142899085508295,-0.0006221263366201395,False
2023-02-09,FTNT,APD,0.6863636363636364,0.9954545454545455,0.01802356955114418,0.02755579637070195,0.00953222681955777,0.002,0.008136938682386635,-0.0006047118628288656,False
2023-02-10,FTNT,APD,0.6681818181818182,0.9954545454545455,0.01745242789052443,0.02755579637070195,0.010103368480177517,0.002,0.008133076546529321,-2.9708066351804945e-05,False
2023-02-13,FTNT,APD,0.6454545454545455,0.9863636363636363,0.015567712472907964,0.02755579637070195,0.011988083897793985,0.002,0.008130114038368214,0.001857969859425772,True
2023-02-14,NUE,SNPS,0.8727272727272727,0.9727272727272728,0.020465291723365156,0.027296035143437907,0.006830743420072751,0.002,0.008306419634825523,-0.003475676214752772,False
2023-02-15,NUE,SNPS,0.8727272727272727,0.9727272727272728,0.020465291723365156,0.027296035143437907,0.006830743420072751,0.002,0.008306419634825523,-0.003475676214752772,False
2023-02-16,MPWR,SNPS,0.8590909090909091,0.9727272727272728,0.020465291723365156,0.027296035143437907,0.006830743420072751,0.002,0.008462134808507861,-0.003631391388435109,False
2023-02-17,PANW,SNPS,0.740909090909091,0.9727272727272728,0.018043041471282523,0.027296035143437907,0.009252993672155384,0.002,0.008159809374707871,-0.0009068157025524867,False
2023-02-21,PANW,SNPS,0.7681818181818182,0.9954545454545455,0.018043041471282523,0.02755579637070195,0.009512754899419426,0.002,0.008214616219584305,-0.0007018613201648788,False
2023-02-22,PANW,SNPS,0.7863636363636364,1.0,0.018593552892210395,0.02755579637070195,0.008962243478491554,0.002,0.008365309732479304,-0.0014030662539877502,False
2023-02-23,ORLY,SNPS,0.8545454545454545,0.9954545454545455,0.020465291723365156,0.02755579637070195,0.007090504647336793,0.002,0.008526599967592566,-0.003436095320255773,False
2023-02-24,ORLY,SNPS,0.8363636363636363,0.9954545454545455,0.020465291723365156,0.02755579637070195,0.007090504647336793,0.002,0.008749509380129509,-0.0036590047327927163,False
2023-02-27,NUE,SNPS,0.8272727272727273,0.9954545454545455,0.020465291723365156,0.02755579637070195,0.007090504647336793,0.002,0.008865486432723703,-0.0037749817853869093,False
2023-02-28,NUE,SNPS,0.8181818181818182,1.0,0.020134984870808437,0.02755579637070195,0.007420811499893511,0.002,0.008796288642888232,-0.0033754771429947202,False
2023-03-01,NUE,SNPS,0.8136363636363636,1.0,0.019914780302437284,0.02755579637070195,0.007641016068264665,0.002,0.008731646532099705,-0.0030906304638350407,False
2023-03-02,PANW,SNPS,0.8409090909090909,1.0,0.020465291723365156,0.02755579637070195,0.007090504647336793,0.002,0.008692599388191778,-0.0036020947408549856,False
2023-03-03,PANW,SNPS,0.8454545454545455,0.9954545454545455,0.020465291723365156,0.02755579637070195,0.007090504647336793,0.002,0.008636453572043802,-0.003545948924707009,False
2023-03-06,PANW,SNPS,0.8545454545454545,0.9954545454545455,0.020465291723365156,0.02755579637070195,0.007090504647336793,0.002,0.008526599967592566,-0.003436095320255773,False
2023-03-07,PANW,SNPS,0.8545454545454545,0.990909090909091,0.020465291723365156,0.02755579637070195,0.007090504647336793,0.002,0.008526599967592566,-0.003436095320255773,False
2023-03-08,PANW,SNPS,0.8590909090909091,0.9954545454545455,0.020465291723365156,0.02755579637070195,0.007090504647336793,0.002,0.008472969297483323,-0.0033824646501465303,False
2023-03-09,PANW,SNPS,0.8681818181818182,0.9954545454545455,0.020465291723365156,0.02755579637070195,0.007090504647336793,0.002,0.008368506587617095,-0.003278001940280302,False
2023-03-10,PANW,SNPS,0.8681818181818182,1.0,0.020465291723365156,0.02755579637070195,0.007090504647336793,0.002,0.008368506587617095,-0.003278001940280302,False
2023-03-13,PANW,MELI,0.8727272727272727,0.990909090909091,0.020465291723365156,0.02755579637070195,0.007090504647336793,0.002,0.008317762666397312,-0.0032272580190605186,False
2023-03-14,PANW,MELI,0.8545454545454545,0.9954545454545455,0.020465291723365156,0.02755579637070195,0.007090504647336793,0.002,0.008526599967592566,-0.003436095320255773,False
2023-03-15,PANW,ADSK,0.8863636363636364,1.0,0.020777963915985093,0.02755579637070195,0.0067778324547168554,0.002,0.008306102479661195,-0.003528270024944341,False
2023-03-16,PANW,ADSK,0.8954545454545455,0.9954545454545455,0.021028101670081043,0.02755579637070195,0.006527694700620906,0.002,0.00831681304547584,-0.003789118344854934,False
2023-03-17,PANW,ADSK,0.8909090909090909,0.9954545454545455,0.020903032793033065,0.02755579637070195,0.006652763577668884,0.002,0.008311451708438217,-0.003658688130769333,False
2023-03-20,PANW,ADSK,0.8818181818181818,0.9954545454545455,0.02065289503893712,0.02755579637070195,0.00690290133176483,0.002,0.00830076541801281,-0.0033978640862479806,False
2023-03-21,PANW,ADSK,0.8818181818181818,0.9954545454545455,0.02065289503893712,0.02755579637070195,0.00690290133176483,0.002,0.00830076541801281,-0.0033978640862479806,False
2023-03-22,LRCX,ADSK,0.8772727272727273,0.9954545454545455,0.020527826161889143,0.02755579637070195,0.007027970208812805,0.002,0.008295440582608116,-0.0032674703737953096,False
2023-03-23,PANW,ADSK,0.8636363636363636,0.9954545454545455,0.020465291723365156,0.02755579637070195,0.007090504647336793,0.002,0.00842025713083979,-0.003329752483502998,False
2023-03-24,PANW,ADSK,0.8590909090909091,0.9954545454545455,0.020465291723365156,0.02755579637070195,0.007090504647336793,0.002,0.008472969297483323,-0.0033824646501465303,False
2023-03-27,PANW,ADSK,0.8493150684931506,0.9954337899543378,0.020465291723365156,0.02755579637070195,0.007090504647336793,0.002,0.008589394972244329,-0.0034988903249075355,False
2023-03-28,PANW,ADSK,0.8538812785388128,0.9954337899543378,0.020465291723365156,0.02755579637070195,0.007090504647336793,0.002,0.008534510827793922,-0.0034440061804571287,False
2023-03-29,PANW,ADSK,0.8486238532110092,0.9954128440366973,0.020465291723365156,0.02755579637070195,0.007090504647336793,0.002,0.008597777246435716,-0.0035072725990989238,False
2023-03-30,PANW,ADSK,0.8623853211009175,0.9908256880733946,0.020465291723365156,0.02755579637070195,0.007090504647336793,0.002,0.00843467101750069,-0.0033441663701638973,False
2023-03-31,PANW,ADSK,0.8538812785388128,0.9908675799086758,0.020465291723365156,0.02755579637070195,0.007090504647336793,0.002,0.008534510827793922,-0.0034440061804571287,False
2023-04-03,PANW,ADSK,0.8394495412844036,0.9954128440366973,0.020465291723365156,0.02755579637070195,0.007090504647336793,0.002,0.00871079162360139,-0.0036202869762645977,False
2023-04-04,PANW,ADSK,0.8486238532110092,0.9954128440366973,0.020465291723365156,0.02755579637070195,0.007090504647336793,0.002,0.008597777246435716,-0.0035072725990989238,False
2023-04-05,PANW,ADSK,0.8486238532110092,0.9908256880733946,0.020465291723365156,0.02755579637070195,0.007090504647336793,0.002,0.008597777246435716,-0.0035072725990989238,False
2023-04-06,PANW,ADSK,0.8440366972477065,0.9908256880733946,0.020465291723365156,0.02755579637070195,0.007090504647336793,0.002,0.00865388280229847,-0.0035633781549616775,False
2023-04-10,PANW,ADSK,0.847926267281106,0.9907834101382489,0.020465291723365156,0.02755579637070195,0.007090504647336793,0.002,0.008606256143209177,-0.003515751495872384,False
2023-04-11,PANW,ADSK,0.8433179723502304,0.9953917050691244,0.020465291723365156,0.02755579637070195,0.007090504647336793,0.002,0.008662747270495862,-0.003572242623159069,False
2023-04-12,PANW,ADSK,0.847926267281106,0.9907834101382489,0.020465291723365156,0.02755579637070195,0.007090504647336793,0.002,0.008606256143209177,-0.003515751495872384,False
2023-04-13,PANW,ADSK,0.8387096774193549,0.9861751152073732,0.020465291723365156,0.02755579637070195,0.007090504647336793,0.002,0.008720043213611969,-0.003629538566275175,False
2023-04-14,PANW,ADSK,0.8387096774193549,0.9861751152073732,0.020465291723365156,0.02755579637070195,0.007090504647336793,0.002,0.008720043213611969,-0.003629538566275175,False
2023-04-17,NUE,ADSK,0.8433179723502304,0.9861751152073732,0.020465291723365156,0.02755579637070195,0.007090504647336793,0.002,0.008662747270495862,-0.003572242623159069,False
2023-04-18,NUE,ADSK,0.8433179723502304,0.9861751152073732,0.020465291723365156,0.02755579637070195,0.007090504647336793,0.002,0.008662747270495862,-0.003572242623159069,False
2023-04-19,NUE,ADSK,0.8248847926267281,0.9861751152073732,0.020459710501586164,0.02755579637070195,0.007096085869115785,0.002,0.00889322453957049,-0.003797138670454706,False
2023-04-20,NUE,ADSK,0.8248847926267281,0.9861751152073732,0.020459710501586164,0.02755579637070195,0.007096085869115785,0.002,0.00889322453957049,-0.003797138670454706,False
2023-04-21,NUE,ADSK,0.8064516129032258,0.9861751152073732,0.019566715016947404,0.02755579637070195,0.007989081353754545,0.002,0.008631401139872995,-0.00264231978611845,False
2023-04-24,NUE,MELI,0.8064516129032258,0.9861751152073732,0.019566715016947404,0.02755579637070195,0.007989081353754545,0.002,0.008631401139872995,-0.00264231978611845,False
2023-04-25,NUE,ADSK,0.847926267281106,0.9769585253456221,0.020465291723365156,0.02755579637070195,0.007090504647336793,0.002,0.008606256143209177,-0.003515751495872384,False
2023-04-26,PANW,ADSK,0.8202764976958525,0.9815668202764977,0.020236461630426476,0.02755579637070195,0.007319334740275473,0.002,0.008826379986060317,-0.003507045245784844,False
2023-04-27,PANW,ADSK,0.8110599078341014,0.9861751152073732,0.0197899638881071,0.02755579637070195,0.00776583248259485,0.002,0.008695419091158873,-0.002929586608564024,False
2023-04-28,PANW,ADSK,0.7880184331797235,0.9861751152073732,0.018673719532308647,0.02755579637070195,0.008882076838393302,0.002,0.008386359965117364,-0.0015042831267240626,False
2023-05-01,PANW,MELI,0.8018433179723502,0.9815668202764977,0.019343466145787715,0.02755579637070195,0.008212330224914233,0.002,0.008568428419312964,-0.002356098194398731,False
2023-05-02,PANW,MELI,0.8064516129032258,0.9815668202764977,0.019566715016947404,0.02755579637070195,0.007989081353754545,0.002,0.008631401139872995,-0.00264231978611845,False
2023-05-03,PANW,MELI,0.7880184331797235,0.9723502304147466,0.018673719532308647,0.027252941114951704,0.008579221582643057,0.002,0.00837340675265089,-0.0017941851700078327,False
2023-05-04,NUE,MELI,0.7880184331797235,0.9723502304147466,0.018673719532308647,0.027252941114951704,0.008579221582643057,0.002,0.00837340675265089,-0.0017941851700078327,False
2023-05-05,APD,MELI,0.7649769585253456,0.9953917050691244,0.018043041471282523,0.02755579637070195,0.009512754899419426,0.002,0.008209520253140293,-0.0006967653537208679,False
2023-05-08,APD,MELI,0.7741935483870968,1.0,0.018043041471282523,0.02755579637070195,0.009512754899419426,0.002,0.00822421071092938,-0.0007114558115099536,False
2023-05-09,APD,MELI,0.7972350230414746,0.9907834101382489,0.019120217274628024,0.02755579637070195,0.008435579096073925,0.002,0.008506557242448792,-0.0020709781463748656,False
2023-05-10,NUE,MELI,0.8525345622119815,1.0,0.020465291723365156,0.02755579637070195,0.007090504647336793,0.002,0.008550608246465329,-0.003460103599128536,False
2023-05-11,PANW,MELI,0.8525345622119815,1.0,0.020465291723365156,0.02755579637070195,0.007090504647336793,0.002,0.008550608246465329,-0.003460103599128536,False
2023-05-12,PANW,MELI,0.8755760368663594,1.0,0.020481141465848195,0.02755579637070195,0.007074654904853754,0.002,0.00829345611687356,-0.0032188012120198065,False
2023-05-15,PANW,MELI,0.8663594470046083,1.0,0.020465291723365156,0.02755579637070195,0.007090504647336793,0.002,0.008389136180107892,-0.0032986315327710987,False
2023-05-16,PANW,MELI,0.8709677419354839,0.9953917050691244,0.020465291723365156,0.02755579637070195,0.007090504647336793,0.002,0.008337283113978864,-0.003246778466642071,False
2023-05-17,PANW,MELI,0.8755760368663594,0.9953917050691244,0.020481141465848195,0.02755579637070195,0.007074654904853754,0.002,0.00829345611687356,-0.0032188012120198065,False
2023-05-18,AZO,MELI,0.8894009216589862,0.9953917050691244,0.020861535285441112,0.02755579637070195,0.0066942610852608365,0.002,0.008309675503980485,-0.003615414418719648,False
2023-05-19,PANW,MELI,0.8387096774193549,0.9953917050691244,0.020465291723365156,0.02755579637070195,0.007090504647336793,0.002,0.008720043213611969,-0.003629538566275175,False
2023-05-22,PANW,MELI,0.8564814814814815,0.9953703703703703,0.020465291723365156,0.02755579637070195,0.007090504647336793,0.002,0.008503647670861935,-0.0034131430235251428,False
2023-05-23,PANW,MELI,0.7916666666666666,0.9907407407407407,0.018850458221976733,0.02755579637070195,0.008705338148725216,0.002,0.008433350811861803,-0.001728012663136587,False
2023-05-24,PANW,MELI,0.7546296296296297,0.9907407407407407,0.018043041471282523,0.02755579637070195,0.009512754899419426,0.002,0.008193157667835623,-0.000680402768416198,False
2023-05-25,LRCX,MELI,0.8935185185185185,1.0,0.020974831592819865,0.02755579637070195,0.006580964777882083,0.002,0.008314528036486139,-0.003733563258604055,False
2023-05-26,NUE,MELI,0.8888888888888888,1.0,0.02084744662545619,0.02755579637070195,0.00670834974524576,0.002,0.008309072775085689,-0.0036007230298399297,False
2023-05-30,NUE,MELI,0.8796296296296297,0.9953703703703703,0.020592676690728836,0.02755579637070195,0.006963119679973113,0.002,0.008298200078535944,-0.003335080398562832,False
2023-05-31,LRCX,MELI,0.875,0.9953703703703703,0.020465291723365156,0.02755579637070195,0.007090504647336793,0.002,0.008292782768288104,-0.003202278120951311,False
2023-06-01,LRCX,MELI,0.875,1.0,0.020465291723365156,0.02755579637070195,0.007090504647336793,0.002,0.008292782768288104,-0.003202278120951311,False
2023-06-02,LRCX,MELI,0.875,1.0,0.020465291723365156,0.02755579637070195,0.007090504647336793,0.002,0.008292782768288104,-0.003202278120951311,False
2023-06-05,LRCX,MELI,0.8888888888888888,0.9907407407407407,0.02084744662545619,0.02755579637070195,0.00670834974524576,0.002,0.008309072775085689,-0.0036007230298399297,False
2023-06-06,LRCX,MELI,0.8888888888888888,0.9953703703703703,0.02084744662545619,0.02755579637070195,0.00670834974524576,0.002,0.008309072775085689,-0.0036007230298399297,False
2023-06-07,LRCX,MELI,0.8796296296296297,0.9953703703703703,0.020592676690728836,0.02755579637070195,0.006963119679973113,0.002,0.008298200078535944,-0.003335080398562832,False
2023-06-08,APD,MELI,0.8703703703703703,1.0,0.020465291723365156,0.02755579637070195,0.007090504647336793,0.002,0.00834394582794391,-0.0032534411806071166,False
2023-06-09,NUE,MELI,0.875,1.0,0.020465291723365156,0.02755579637070195,0.007090504647336793,0.002,0.008292782768288104,-0.003202278120951311,False
2023-06-12,APD,MELI,0.875,1.0,0.020465291723365156,0.02755579637070195,0.007090504647336793,0.002,0.008292782768288104,-0.003202278120951311,False
2023-06-13,APD,MELI,0.8703703703703703,1.0,0.020465291723365156,0.02755579637070195,0.007090504647336793,0.002,0.00834394582794391,-0.0032534411806071166,False
2023-06-14,APD,MELI,0.8703703703703703,1.0,0.020465291723365156,0.02755579637070195,0.007090504647336793,0.002,0.00834394582794391,-0.0032534411806071166,False
2023-06-15,APD,MELI,0.8703703703703703,1.0,0.020465291723365156,0.02755579637070195,0.007090504647336793,0.002,0.00834394582794391,-0.0032534411806071166,False
2023-06-16,APD,MELI,0.8703703703703703,1.0,0.020465291723365156,0.02755579637070195,0.007090504647336793,0.002,0.00834394582794391,-0.0032534411806071166,False
2023-06-20,APD,MELI,0.8564814814814815,1.0,0.020465291723365156,0.02755579637070195,0.007090504647336793,0.002,0.008503647670861935,-0.0034131430235251428,False
2023-06-21,APD,MELI,0.8564814814814815,1.0,0.020465291723365156,0.02755579637070195,0.007090504647336793,0.002,0.008503647670861935,-0.0034131430235251428,False
2023-06-22,APD,MELI,0.8564814814814815,1.0,0.020465291723365156,0.02755579637070195,0.007090504647336793,0.002,0.008503647670861935,-0.0034131430235251428,False
2023-06-23,APD,MELI,0.8611111111111112,1.0,0.020465291723365156,0.02755579637070195,0.007090504647336793,0.002,0.008449425752415042,-0.0033589211050782486,False
2023-06-26,APD,MELI,0.8518518518518519,1.0,0.020465291723365156,0.02755579637070195,0.007090504647336793,0.002,0.008558797623915936,-0.0034682929765791444,False
2023-06-27,VRTX,MELI,0.8518518518518519,1.0,0.020465291723365156,0.02755579637070195,0.007090504647336793,0.002,0.008558797623915936,-0.0034682929765791444,False
2023-06-28,VRTX,MELI,0.8703703703703703,1.0,0.020465291723365156,0.02755579637070195,0.007090504647336793,0.002,0.00834394582794391,-0.0032534411806071166,False
2023-06-29,VRTX,MELI,0.875,1.0,0.020465291723365156,0.02755579637070195,0.007090504647336793,0.002,0.008292782768288104,-0.003202278120951311,False
2023-06-30,VRTX,MELI,0.8564814814814815,1.0,0.020465291723365156,0.02755579637070195,0.007090504647336793,0.002,0.008503647670861935,-0.0034131430235251428,False
2023-07-03,VRTX,MELI,0.8564814814814815,1.0,0.020465291723365156,0.02755579637070195,0.007090504647336793,0.002,0.008503647670861935,-0.0034131430235251428,False
2023-07-05,VRTX,MELI,0.8518518518518519,1.0,0.020465291723365156,0.02755579637070195,0.007090504647336793,0.002,0.008558797623915936,-0.0034682929765791444,False
2023-07-06,VRTX,MELI,0.8472222222222222,1.0,0.020465291723365156,0.02755579637070195,0.007090504647336793,0.002,0.008614833135953088,-0.003524328488616295,False
2023-07-07,VRTX,MELI,0.8333333333333334,1.0,0.020465291723365156,0.02755579637070195,0.007090504647336793,0.002,0.00878785692670884,-0.003697352279372047,False
2023-07-10,VRTX,MELI,0.8518518518518519,1.0,0.020465291723365156,0.02755579637070195,0.007090504647336793,0.002,0.008558797623915936,-0.0034682929765791444,False
2023-07-11,VRTX,MELI,0.8425925925925926,1.0,0.020465291723365156,0.02755579637070195,0.007090504647336793,0.002,0.008671713662572344,-0.0035812090152355504,False
2023-07-12,VRTX,MELI,0.8379629629629629,1.0,0.020465291723365156,0.02755579637070195,0.007090504647336793,0.002,0.008729400539684313,-0.0036388958923475206,False
2023-07-13,VRTX,MELI,0.8379629629629629,1.0,0.020465291723365156,0.02755579637070195,0.007090504647336793,0.002,0.008729400539684313,-0.0036388958923475206,False
2023-07-14,VRTX,MELI,0.8379629629629629,1.0,0.020465291723365156,0.02755579637070195,0.007090504647336793,0.002,0.008729400539684313,-0.0036388958923475206,False
2023-07-17,VRTX,MELI,0.8425925925925926,1.0,0.020465291723365156,0.02755579637070195,0.007090504647336793,0.002,0.008671713662572344,-0.0035812090152355504,False
2023-07-18,VRTX,MELI,0.8333333333333334,1.0,0.020465291723365156,0.02755579637070195,0.007090504647336793,0.002,0.00878785692670884,-0.003697352279372047,False
2023-07-19,AZO,MELI,0.8518518518518519,1.0,0.020465291723365156,0.02755579637070195,0.007090504647336793,0.002,0.008558797623915936,-0.0034682929765791444,False
2023-07-20,AZO,MELI,0.8564814814814815,1.0,0.020465291723365156,0.02755579637070195,0.007090504647336793,0.002,0.008503647670861935,-0.0034131430235251428,False
2023-07-21,CDNS,MELI,0.8055555555555556,1.0,0.019523305514221913,0.02755579637070195,0.008032490856480036,0.002,0.008619072869832836,-0.0025865820133527994,False
2023-07-24,CDNS,MELI,0.7962962962962963,1.0,0.019074740652725124,0.02755579637070195,0.008481055717976825,0.002,0.008494094191741063,-0.002013038473764238,False
2023-07-25,AZO,MELI,0.875,1.0,0.020465291723365156,0.02755579637070195,0.007090504647336793,0.002,0.008292782768288104,-0.003202278120951311,False
2023-07-26,AZO,MELI,0.875,1.0,0.020465291723365156,0.02755579637070195,0.007090504647336793,0.002,0.008292782768288104,-0.003202278120951311,False
2023-07-27,KLAC,MELI,0.8564814814814815,1.0,0.020465291723365156,0.02755579637070195,0.007090504647336793,0.002,0.008503647670861935,-0.0034131430235251428,False
2023-07-28,KLAC,MELI,0.8518518518518519,1.0,0.020465291723365156,0.02755579637070195,0.007090504647336793,0.002,0.008558797623915936,-0.0034682929765791444,False
2023-07-31,VRTX,MELI,0.75,0.9953703703703703,0.018043041471282523,0.02755579637070195,0.009512754899419426,0.002,0.008185881799178821,-0.0006731268997593942,False
2023-08-01,VRTX,MELI,0.7592592592592593,0.9907407407407407,0.018043041471282523,0.02755579637070195,0.009512754899419426,0.002,0.008200461511764064,-0.0006877066123446374,False
2023-08-02,VRTX,NOW,0.7824074074074074,0.9907407407407407,0.01840189336047995,0.02755579637070195,0.009153903010221998,0.002,0.00831567584663028,-0.0011617728364082813,False
2023-08-03,MPWR,NOW,0.7638888888888888,0.9814814814814815,0.018043041471282523,0.02755579637070195,0.009512754899419426,0.002,0.008207793139872945,-0.0006950382404535176,False
2023-08-04,MPWR,ABNB,0.7268518518518519,0.9907407407407407,0.018043041471282523,0.02755579637070195,0.009512754899419426,0.002,0.008149928843855514,-0.0006371739444360888,False
2023-08-07,ORLY,NFLX,0.8379629629629629,0.9768518518518519,0.020465291723365156,0.02755579637070195,0.007090504647336793,0.002,0.008729400539684313,-0.0036388958923475206,False
2023-08-08,NUE,FTNT,0.7453703703703703,0.9907407407407407,0.018043041471282523,0.02755579637070195,0.009512754899419426,0.002,0.008178634097899198,-0.000665879198479772,False
2023-08-09,NUE,FTNT,0.7314814814814815,0.9814814814814815,0.018043041471282523,0.02755579637070195,0.009512754899419426,0.002,0.008157061934478935,-0.0006443070350595102,False
2023-08-10,AZO,FTNT,0.8472222222222222,0.9861111111111112,0.020465291723365156,0.02755579637070195,0.007090504647336793,0.002,0.008614833135953088,-0.003524328488616295,False
2023-08-11,LRCX,FTNT,0.8611111111111112,0.9861111111111112,0.020465291723365156,0.02755579637070195,0.007090504647336793,0.002,0.008449425752415042,-0.0033589211050782486,False
2023-08-14,AZO,FTNT,0.8611111111111112,0.9861111111111112,0.020465291723365156,0.02755579637070195,0.007090504647336793,0.002,0.008449425752415042,-0.0033589211050782486,False
2023-08-15,LRCX,PLTR,0.8472222222222222,0.9907407407407407,0.020465291723365156,0.02755579637070195,0.007090504647336793,0.002,0.008614833135953088,-0.003524328488616295,False
2023-08-16,AZO,PLTR,0.8518518518518519,0.9861111111111112,0.020465291723365156,0.02755579637070195,0.007090504647336793,0.002,0.008558797623915936,-0.0034682929765791444,False
2023-08-17,AZO,PLTR,0.8425925925925926,0.9861111111111112,0.020465291723365156,0.02755579637070195,0.007090504647336793,0.002,0.008671713662572344,-0.0035812090152355504,False
2023-08-18,AZO,PLTR,0.7824074074074074,0.9861111111111112,0.01840189336047995,0.02755579637070195,0.009153903010221998,0.002,0.00831567584663028,-0.0011617728364082813,False
2023-08-21,AZO,PLTR,0.7916666666666666,0.9861111111111112,0.018850458221976733,0.02755579637070195,0.008705338148725216,0.002,0.008433350811861803,-0.001728012663136587,False
2023-08-22,AZO,PLTR,0.7685185185185185,0.9861111111111112,0.018043041471282523,0.02755579637070195,0.009512754899419426,0.002,0.008215152362090456,-0.0007023974626710313,False
2023-08-23,AZO,PLTR,0.7685185185185185,0.9861111111111112,0.018043041471282523,0.02755579637070195,0.009512754899419426,0.002,0.008215152362090456,-0.0007023974626710313,False
2023-08-24,PANW,PLTR,0.7777777777777778,0.9907407407407407,0.018177610929731556,0.02755579637070195,0.009378185440970393,0.002,0.008258881904271657,-0.0008806964633012648,False
2023-08-25,PANW,PLTR,0.7777777777777778,0.9907407407407407,0.018177610929731556,0.02755579637070195,0.009378185440970393,0.002,0.008258881904271657,-0.0008806964633012648,False
2023-08-28,PANW,PLTR,0.7731481481481481,0.9907407407407407,0.018043041471282523,0.02755579637070195,0.009512754899419426,0.002,0.008222538989368925,-0.0007097840899494999,False
2023-08-29,PANW,PLTR,0.7685185185185185,0.9953703703703703,0.018043041471282523,0.02755579637070195,0.009512754899419426,0.002,0.008215152362090456,-0.0007023974626710313,False
2023-08-30,PANW,PLTR,0.7674418604651163,1.0,0.018043041471282523,0.02755579637070195,0.009512754899419426,0.002,0.008213438462591535,-0.0007006835631721076,False
2023-08-31,PANW,PLTR,0.7685185185185185,0.9953703703703703,0.018043041471282523,0.02755579637070195,0.009512754899419426,0.002,0.008215152362090456,-0.0007023974626710313,False
2023-09-01,PANW,PLTR,0.75,1.0,0.018043041471282523,0.02755579637070195,0.009512754899419426,0.002,0.008185881799178821,-0.0006731268997593942,False
2023-09-05,AZO,MDB,0.7906976744186046,1.0,0.018803515387634046,0.02755579637070195,0.008752280983067903,0.002,0.008420792854353324,-0.001668511871285422,False
2023-09-06,AZO,MDB,0.8009259259259259,1.0,0.019299023083473518,0.02755579637070195,0.00825677328722843,0.002,0.008556021808244146,-0.0022992485210157143,False
2023-09-07,AZO,MDB,0.5925925925925926,1.0,0.012706718110354885,0.02755579637070195,0.014849078260347063,0.002,0.00809997167911966,0.004749106581227402,True
2023-09-08,APD,PLTR,0.8148148148148148,0.9861111111111112,0.01997187037571869,0.02755579637070195,0.007583925994983257,0.002,0.008748317553192721,-0.0031643915582094634,False
2023-09-11,APD,PLTR,0.8287037037037037,0.9907407407407407,0.020465291723365156,0.02755579637070195,0.007090504647336793,0.002,0.008847047745398528,-0.003756543098061735,False
2023-09-12,APD,PLTR,0.8287037037037037,0.9907407407407407,0.020465291723365156,0.02755579637070195,0.007090504647336793,0.002,0.008847047745398528,-0.003756543098061735,False
2023-09-13,APD,PLTR,0.8194444444444444,0.9861111111111112,0.020196152806467086,0.02755579637070195,0.007359643564234863,0.002,0.00881440469608734,-0.003454761131852477,False
2023-09-14,APD,PLTR,0.8240740740740741,0.9907407407407407,0.02042043523721548,0.02755579637070195,0.007135361133486468,0.002,0.0088814021110929,-0.003746040977606433,False
2023-09-15,APD,PLTR,0.8240740740740741,0.9907407407407407,0.02042043523721548,0.02755579637070195,0.007135361133486468,0.002,0.0088814021110929,-0.003746040977606433,False
2023-09-18,APD,PLTR,0.8240740740740741,0.9907407407407407,0.02042043523721548,0.02755579637070195,0.007135361133486468,0.002,0.0088814021110929,-0.003746040977606433,False
2023-09-19,APD,PLTR,0.8287037037037037,0.9907407407407407,0.020465291723365156,0.02755579637070195,0.007090504647336793,0.002,0.008847047745398528,-0.003756543098061735,False
2023-09-20,APD,PLTR,0.8240740740740741,0.9861111111111112,0.02042043523721548,0.02755579637070195,0.007135361133486468,0.002,0.0088814021110929,-0.003746040977606433,False
2023-09-21,APD,PLTR,0.8148148148148148,0.9861111111111112,0.01997187037571869,0.02755579637070195,0.007583925994983257,0.002,0.008748317553192721,-0.0031643915582094634,False
2023-09-22,APD,NOW,0.8101851851851852,0.9861111111111112,0.019747587944970304,0.02755579637070195,0.007808208425731645,0.002,0.008683189681528088,-0.002874981255796443,False
2023-09-25,APD,NOW,0.8148148148148148,0.9814814814814815,0.01997187037571869,0.02755579637070195,0.007583925994983257,0.002,0.008748317553192721,-0.0031643915582094634,False
2023-09-26,APD,NOW,0.8194444444444444,0.9814814814814815,0.020196152806467086,0.02755579637070195,0.007359643564234863,0.002,0.00881440469608734,-0.003454761131852477,False
2023-09-27,APD,NOW,0.8194444444444444,0.9814814814814815,0.020196152806467086,0.02755579637070195,0.007359643564234863,0.002,0.00881440469608734,-0.003454761131852477,False
2023-09-28,APD,NOW,0.8148148148148148,0.9768518518518519,0.01997187037571869,0.02755579637070195,0.007583925994983257,0.002,0.008748317553192721,-0.0031643915582094634,False
2023-09-29,APD,NOW,0.8194444444444444,0.9814814814814815,0.020196152806467086,0.02755579637070195,0.007359643564234863,0.002,0.00881440469608734,-0.003454761131852477,False
2023-10-02,APD,NOW,0.8202764976958525,0.9769585253456221,0.020236461630426476,0.02755579637070195,0.007319334740275473,0.002,0.008826379986060317,-0.003507045245784844,False
2023-10-03,APD,NOW,0.8202764976958525,0.9769585253456221,0.020236461630426476,0.02755579637070195,0.007319334740275473,0.002,0.008826379986060317,-0.003507045245784844,False
2023-10-04,APD,NOW,0.8202764976958525,0.9815668202764977,0.020236461630426476,0.02755579637070195,0.007319334740275473,0.002,0.008826379986060317,-0.003507045245784844,False
2023-10-05,APD,NOW,0.815668202764977,0.9815668202764977,0.020013212759266787,0.02755579637070195,0.0075425836114351615,0.002,0.00876042889118411,-0.0032178452797489493,False
2023-10-06,APD,NOW,0.8294930875576036,0.9815668202764977,0.020465291723365156,0.02755579637070195,0.007090504647336793,0.002,0.008836904825239411,-0.0037464001779026193,False
2023-10-09,APD,PLTR,0.8387096774193549,0.9861751152073732,0.020465291723365156,0.02755579637070195,0.007090504647336793,0.002,0.008720043213611969,-0.003629538566275175,False
2023-10-10,VRTX,PLTR,0.8387096774193549,0.9769585253456221,0.020465291723365156,0.02755579637070195,0.007090504647336793,0.002,0.008720043213611969,-0.003629538566275175,False
2023-10-11,VRTX,NOW,0.8433179723502304,0.9769585253456221,0.020465291723365156,0.02755579637070195,0.007090504647336793,0.002,0.008662747270495862,-0.003572242623159069,False
2023-10-12,VRTX,NOW,0.8341013824884793,0.9769585253456221,0.020465291723365156,0.02755579637070195,0.007090504647336793,0.002,0.008778107357034822,-0.00368760270969803,False
2023-10-13,APD,NOW,0.847926267281106,0.9769585253456221,0.020465291723365156,0.02755579637070195,0.007090504647336793,0.002,0.008606256143209177,-0.003515751495872384,False
2023-10-16,APD,NOW,0.8341013824884793,0.9769585253456221,0.020465291723365156,0.02755579637070195,0.007090504647336793,0.002,0.008778107357034822,-0.00368760270969803,False
2023-10-17,APD,NOW,0.8433179723502304,0.9769585253456221,0.020465291723365156,0.02755579637070195,0.007090504647336793,0.002,0.008662747270495862,-0.003572242623159069,False
2023-10-18,APD,NOW,0.8433179723502304,0.9815668202764977,0.020465291723365156,0.02755579637070195,0.007090504647336793,0.002,0.008662747270495862,-0.003572242623159069,False
2023-10-19,APD,NOW,0.8287037037037037,0.9814814814814815,0.020465291723365156,0.02755579637070195,0.007090504647336793,0.002,0.008847047745398528,-0.003756543098061735,False
2023-10-20,APD,NOW,0.8333333333333334,0.9814814814814815,0.020465291723365156,0.02755579637070195,0.007090504647336793,0.002,0.00878785692670884,-0.003697352279372047,False
2023-10-23,APD,PLTR,0.8425925925925926,0.9814814814814815,0.020465291723365156,0.02755579637070195,0.007090504647336793,0.002,0.008671713662572344,-0.0035812090152355504,False
2023-10-24,CMG,PLTR,0.8425925925925926,0.9907407407407407,0.020465291723365156,0.02755579637070195,0.007090504647336793,0.002,0.008671713662572344,-0.0035812090152355504,False
2023-10-25,CMG,PLTR,0.8379629629629629,0.9907407407407407,0.020465291723365156,0.02755579637070195,0.007090504647336793,0.002,0.008729400539684313,-0.0036388958923475206,False
2023-10-26,CMG,PLTR,0.8287037037037037,0.9907407407407407,0.020465291723365156,0.02755579637070195,0.007090504647336793,0.002,0.008847047745398528,-0.003756543098061735,False
2023-10-27,VRTX,PLTR,0.7361111111111112,0.9907407407407407,0.018043041471282523,0.02755579637070195,0.009512754899419426,0.002,0.008164223970932834,-0.0006514690715134072,False
2023-10-30,APD,PLTR,0.6712962962962963,0.9861111111111112,0.01771070370701261,0.02755579637070195,0.00984509266368934,0.002,0.008133482928502626,-0.00028839026481328623,False
2023-10-31,APD,PLTR,0.6682027649769585,0.9907834101382489,0.01745416495542546,0.02755579637070195,0.01010163141527649,0.002,0.008133079279371208,-3.144786409471894e-05,False
2023-11-01,APD,PLTR,0.6866359447004609,0.9907834101382489,0.01802370678885727,0.02755579637070195,0.009532089581844677,0.002,0.008137009973716164,-0.0006049203918714876,False
2023-11-02,APD,NOW,0.6497695852534562,0.967741935483871,0.01592554784251993,0.026726236322342573,0.010800688479822643,0.002,0.008092366534478625,0.0007083219453440171,True
2023-11-03,ORLY,MELI,0.6543778801843319,0.9631336405529954,0.01630770212074632,0.026199531529733443,0.009891829408987123,0.002,0.008068790588949968,-0.0001769611799628439,False
2023-11-06,ORLY,PLTR,0.631336405529954,0.9585253456221198,0.014396930729614413,0.025672826737124302,0.011275896007509889,0.002,0.008041628961110648,0.0012342670463992402,True
2023-11-07,VRTX,TEAM,0.7327188940092166,1.0,0.018043041471282523,0.02755579637070195,0.009512754899419426,0.002,0.008158973385229532,-0.0006462184858101053,False
2023-11-08,NUE,TEAM,0.7465437788018433,1.0,0.018043041471282523,0.02755579637070195,0.009512754899419426,0.002,0.008180468397397157,-0.0006677134979777297,False
2023-11-09,STLD,TEAM,0.7649769585253456,1.0,0.018043041471282523,0.02755579637070195,0.009512754899419426,0.002,0.008209520253140293,-0.0006967653537208679,False
2023-11-10,NUE,TEAM,0.8709677419354839,1.0,0.020465291723365156,0.02755579637070195,0.007090504647336793,0.002,0.008337283113978864,-0.003246778466642071,False
2023-11-13,NUE,TEAM,0.8663594470046083,1.0,0.020465291723365156,0.02755579637070195,0.007090504647336793,0.002,0.008389136180107892,-0.0032986315327710987,False
2023-11-14,NUE,TEAM,0.8663594470046083,1.0,0.020465291723365156,0.02755579637070195,0.007090504647336793,0.002,0.008389136180107892,-0.0032986315327710987,False
2023-11-15,NUE,TEAM,0.8617511520737328,1.0,0.020465291723365156,0.02755579637070195,0.007090504647336793,0.002,0.008442005121772596,-0.003351500474435803,False
2023-11-16,NUE,TEAM,0.8571428571428571,1.0,0.020465291723365156,0.02755579637070195,0.007090504647336793,0.002,0.008495843848890548,-0.0034053392015537553,False
2023-11-17,NUE,TEAM,0.8663594470046083,1.0,0.020465291723365156,0.02755579637070195,0.007090504647336793,0.002,0.008389136180107892,-0.0032986315327710987,False
2023-11-20,NUE,TEAM,0.8617511520737328,1.0,0.020465291723365156,0.02755579637070195,0.007090504647336793,0.002,0.008442005121772596,-0.003351500474435803,False
2023-11-21,NUE,TEAM,0.880184331797235,1.0,0.0206079394057125,0.02755579637070195,0.006947856964989448,0.002,0.008298850011270216,-0.003350993046280768,False
2023-11-22,NUE,TEAM,0.8525345622119815,1.0,0.020465291723365156,0.02755579637070195,0.007090504647336793,0.002,0.008550608246465329,-0.003460103599128536,False
2023-11-24,NUE,TEAM,0.8663594470046083,1.0,0.020465291723365156,0.02755579637070195,0.007090504647336793,0.002,0.008389136180107892,-0.0032986315327710987,False
2023-11-27,NUE,TEAM,0.8709677419354839,1.0,0.020465291723365156,0.02755579637070195,0.007090504647336793,0.002,0.008337283113978864,-0.003246778466642071,False
2023-11-28,NUE,TEAM,0.880184331797235,1.0,0.0206079394057125,0.02755579637070195,0.006947856964989448,0.002,0.008298850011270216,-0.003350993046280768,False
2023-11-29,NUE,TEAM,0.880184331797235,1.0,0.0206079394057125,0.02755579637070195,0.006947856964989448,0.002,0.008298850011270216,-0.003350993046280768,False
2023-11-30,NUE,TEAM,0.8755760368663594,1.0,0.020481141465848195,0.02755579637070195,0.007074654904853754,0.002,0.00829345611687356,-0.0032188012120198065,False
2023-12-01,NUE,TEAM,0.880184331797235,1.0,0.0206079394057125,0.02755579637070195,0.006947856964989448,0.002,0.008298850011270216,-0.003350993046280768,False
2023-12-04,NUE,TEAM,0.8842592592592593,0.9953703703703703,0.020720061658092512,0.02755579637070195,0.006835734712609436,0.002,0.008303630101663005,-0.0034678953890535697,False
2023-12-05,NUE,ARM,0.8703703703703703,0.9907407407407407,0.020465291723365156,0.02755579637070195,0.007090504647336793,0.002,0.00834394582794391,-0.0032534411806071166,False
2023-12-06,NUE,ARM,0.8657407407407407,0.9907407407407407,0.020465291723365156,0.02755579637070195,0.007090504647336793,0.002,0.008396176318693296,-0.003305671671356504,False
2023-12-07,NUE,ARM,0.8657407407407407,0.9953703703703703,0.020465291723365156,0.02755579637070195,0.007090504647336793,0.002,0.008396176318693296,-0.003305671671356504,False
2023-12-08,NUE,TEAM,0.8333333333333334,0.9907407407407407,0.020465291723365156,0.02755579637070195,0.007090504647336793,0.002,0.00878785692670884,-0.003697352279372047,False
2023-12-11,NUE,TEAM,0.8240740740740741,0.9861111111111112,0.02042043523721548,0.02755579637070195,0.007135361133486468,0.002,0.0088814021110929,-0.003746040977606433,False
2023-12-12,NUE,TEAM,0.8240740740740741,0.9907407407407407,0.02042043523721548,0.02755579637070195,0.007135361133486468,0.002,0.0088814021110929,-0.003746040977606433,False
2023-12-13,NUE,SNPS,0.8240740740740741,0.9907407407407407,0.02042043523721548,0.02755579637070195,0.007135361133486468,0.002,0.0088814021110929,-0.003746040977606433,False
2023-12-14,NUE,SNPS,0.8287037037037037,0.9907407407407407,0.020465291723365156,0.02755579637070195,0.007090504647336793,0.002,0.008847047745398528,-0.003756543098061735,False
2023-12-15,VRTX,SNPS,0.8287037037037037,0.9907407407407407,0.020465291723365156,0.02755579637070195,0.007090504647336793,0.002,0.008847047745398528,-0.003756543098061735,False
2023-12-18,VRTX,SNPS,0.8194444444444444,0.9907407407407407,0.020196152806467086,0.02755579637070195,0.007359643564234863,0.002,0.00881440469608734,-0.003454761131852477,False
2023-12-19,VRTX,ADSK,0.8148148148148148,0.9861111111111112,0.01997187037571869,0.02755579637070195,0.007583925994983257,0.002,0.008748317553192721,-0.0031643915582094634,False
2023-12-20,VRTX,TEAM,0.8240740740740741,0.9907407407407407,0.02042043523721548,0.02755579637070195,0.007135361133486468,0.002,0.0088814021110929,-0.003746040977606433,False
2023-12-21,VRTX,TEAM,0.8240740740740741,0.9907407407407407,0.02042043523721548,0.02755579637070195,0.007135361133486468,0.002,0.0088814021110929,-0.003746040977606433,False
2023-12-22,VRTX,SNPS,0.8287037037037037,0.9907407407407407,0.020465291723365156,0.02755579637070195,0.007090504647336793,0.002,0.008847047745398528,-0.003756543098061735,False
2023-12-26,VRTX,TEAM,0.813953488372093,0.9906976744186047,0.01993014341185853,0.02755579637070195,0.007625652958843418,0.002,0.008736126595382684,-0.0031104736365392665,False
2023-12-27,VRTX,TEAM,0.8372093023255814,0.9906976744186047,0.020465291723365156,0.02755579637070195,0.007090504647336793,0.002,0.008738865205064684,-0.003648360557727891,False
2023-12-28,VRTX,TEAM,0.8418604651162791,0.9906976744186047,0.020465291723365156,0.02755579637070195,0.007090504647336793,0.002,0.008680783531176853,-0.00359027888384006,False
2023-12-29,VRTX,TEAM,0.8418604651162791,0.9906976744186047,0.020465291723365156,0.02755579637070195,0.007090504647336793,0.002,0.008680783531176853,-0.00359027888384006,False
2024-01-02,VRTX,TEAM,0.8372093023255814,0.9906976744186047,0.020465291723365156,0.02755579637070195,0.007090504647336793,0.002,0.008738865205064684,-0.003648360557727891,False
2024-01-03,VRTX,TEAM,0.8418604651162791,0.9906976744186047,0.020465291723365156,0.02755579637070195,0.007090504647336793,0.002,0.008680783531176853,-0.00359027888384006,False
2024-01-04,VRTX,TEAM,0.8511627906976744,0.9906976744186047,0.020465291723365156,0.02755579637070195,0.007090504647336793,0.002,0.008567082704686849,-0.0034765780573500563,False
2024-01-05,VRTX,TEAM,0.8465116279069768,0.9953488372093023,0.020465291723365156,0.02755579637070195,0.007090504647336793,0.002,0.0086235097263372,-0.0035330050790004083,False
2024-01-08,VRTX,TEAM,0.8418604651162791,0.9953488372093023,0.020465291723365156,0.02755579637070195,0.007090504647336793,0.002,0.008680783531176853,-0.00359027888384006,False
2024-01-09,NUE,TEAM,0.8186046511627907,1.0,0.020155469016703426,0.02755579637070195,0.007400327353998523,0.002,0.008802347815695104,-0.0034020204616965815,False
2024-01-10,NUE,TEAM,0.8418604651162791,1.0,0.020465291723365156,0.02755579637070195,0.007090504647336793,0.002,0.008680783531176853,-0.00359027888384006,False
2024-01-11,NUE,TEAM,0.8,1.0,0.019254166597323843,0.02755579637070195,0.008301629773378106,0.002,0.008543544509131765,-0.002241914735753658,False
2024-01-12,NUE,TEAM,0.8,0.9953488372093023,0.019254166597323843,0.02755579637070195,0.008301629773378106,0.002,0.008543544509131765,-0.002241914735753658,False
2024-01-16,NUE,TEAM,0.8,0.9953488372093023,0.019254166597323843,0.02755579637070195,0.008301629773378106,0.002,0.008543544509131765,-0.002241914735753658,False
2024-01-17,NUE,TEAM,0.7953488372093023,1.0,0.01902884099247894,0.02755579637070195,0.008526955378223008,0.002,0.008481564566490392,-0.001954609188267384,False
2024-01-18,NUE,TEAM,0.8,0.9953488372093023,0.019254166597323843,0.02755579637070195,0.008301629773378106,0.002,0.008543544509131765,-0.002241914735753658,False
2024-01-19,NUE,TEAM,0.8186046511627907,1.0,0.020155469016703426,0.02755579637070195,0.007400327353998523,0.002,0.008802347815695104,-0.0034020204616965815,False
2024-01-22,CDNS,TEAM,0.8372093023255814,0.9953488372093023,0.020465291723365156,0.02755579637070195,0.007090504647336793,0.002,0.008738865205064684,-0.003648360557727891,False
2024-01-23,CDNS,TEAM,0.8372093023255814,0.9906976744186047,0.020465291723365156,0.02755579637070195,0.007090504647336793,0.002,0.008738865205064684,-0.003648360557727891,False
2024-01-24,CDNS,TEAM,0.8372093023255814,0.9953488372093023,0.020465291723365156,0.02755579637070195,0.007090504647336793,0.002,0.008738865205064684,-0.003648360557727891,False
2024-01-25,CDNS,TEAM,0.8465116279069768,0.9953488372093023,0.020465291723365156,0.02755579637070195,0.007090504647336793,0.002,0.0086235097263372,-0.0035330050790004083,False
2024-01-26,CDNS,TEAM,0.8418604651162791,0.9906976744186047,0.020465291723365156,0.02755579637070195,0.007090504647336793,0.002,0.008680783531176853,-0.00359027888384006,False
2024-01-29,ON,TEAM,0.7209302325581395,0.986046511627907,0.018040990393511452,0.02755579637070195,0.009514805977190496,0.002,0.008146012290963732,-0.0006312063137732353,False
2024-01-30,ON,TEAM,0.7209302325581395,0.9767441860465116,0.018040990393511452,0.02755579637070195,0.009514805977190496,0.002,0.008146012290963732,-0.0006312063137732353,False
2024-01-31,ON,TEAM,0.7302325581395349,0.9720930232558139,0.018043041471282523,0.027223543638154907,0.009180502166872384,0.002,0.008139880210732147,-0.0009593780438597642,False
2024-02-01,ON,TEAM,0.7302325581395349,0.9720930232558139,0.018043041471282523,0.027223543638154907,0.009180502166872384,0.002,0.008139880210732147,-0.0009593780438597642,False
2024-02-02,ON,CRWD,0.6744186046511628,0.9767441860465116,0.017969628865591274,0.02755579637070195,0.009586167505110675,0.002,0.008133890430928305,-0.0005477229258176305,False
2024-02-05,ON,TEAM,0.6325581395348837,0.9953488372093023,0.01449824604988838,0.02755579637070195,0.01305755032081357,0.002,0.008128435323552756,0.002929114997260813,True
2024-02-06,VRTX,CRWD,0.7441860465116279,0.9720930232558139,0.018043041471282523,0.027223543638154907,0.009180502166872384,0.002,0.008161634453551584,-0.0009811322866792004,False
2024-02-07,NUE,CRWD,0.6604651162790698,0.9767441860465116,0.01681250126035698,0.02755579637070195,0.01074329511034497,0.002,0.008132070083295168,0.0006112250270498007,True
2024-02-08,STLD,SNPS,0.7023255813953488,0.9674418604651163,0.01803161403798656,0.026691939266079646,0.008660325228093086,0.002,0.008101369133439899,-0.0014410439053468135,False
2024-02-09,STLD,SNPS,0.6837209302325581,0.9627906976744186,0.018022237682461667,0.026160334894004385,0.008138097211542718,0.002,0.008072069539110016,-0.0019339723275672992,False
2024-02-12,STLD,TTWO,0.6837209302325581,0.9720930232558139,0.018022237682461667,0.027223543638154907,0.00920130595569324,0.002,0.008120900059258127,-0.0009195941035648877,False
2024-02-13,STLD,TTWO,0.6790697674418604,0.9720930232558139,0.018019893593580444,0.027223543638154907,0.009203650044574463,0.002,0.00811967734466086,-0.0009160273000863957,False
2024-02-14,STLD,SHOP,0.6930232558139535,0.9720930232558139,0.018026925860224113,0.027223543638154907,0.009196617777930793,0.002,0.008123348117658805,-0.0009267303397280111,False
2024-02-15,STLD,SHOP,0.6837209302325581,0.9674418604651163,0.018022237682461667,0.026691939266079646,0.008669701583617979,0.002,0.008096430860641778,-0.0014267292770237987,False
2024-02-16,STLD,MCO,0.6604651162790698,0.9674418604651163,0.01681250126035698,0.026691939266079646,0.009879438005722666,0.002,0.00809220019332239,-0.0002127621875997231,False
2024-02-20,STLD,SHOP,0.641860465116279,0.9674418604651163,0.015269664453377909,0.026691939266079646,0.011422274812701737,0.002,0.00808974485994083,0.0013325299527609073,True
2024-02-21,MPWR,MCO,0.8744186046511628,0.9627906976744186,0.020465291723365156,0.026160334894004385,0.005695043170639229,0.002,0.008238200261183812,-0.004543157090544584,False
2024-02-22,MPWR,MCO,0.8697674418604651,0.9627906976744186,0.020465291723365156,0.026160334894004385,0.005695043170639229,0.002,0.008290695957943277,-0.004595652787304048,False
2024-02-23,MPWR,MCO,0.8511627906976744,0.9720930232558139,0.020465291723365156,0.027223543638154907,0.006758251914789751,0.002,0.008553596932142006,-0.0037953450173522545,False
2024-02-26,MPWR,MELI,0.827906976744186,0.9906976744186047,0.020465291723365156,0.02755579637070195,0.007090504647336793,0.002,0.008857305680572806,-0.003766801033236012,False
2024-02-27,MPWR,MELI,0.827906976744186,0.9813953488372092,0.020465291723365156,0.02755579637070195,0.007090504647336793,0.002,0.008857305680572806,-0.003766801033236012,False
2024-02-28,MPWR,MCO,0.8186046511627907,0.9813953488372092,0.020155469016703426,0.02755579637070195,0.007400327353998523,0.002,0.008802347815695104,-0.0034020204616965815,False
2024-02-29,MPWR,MCO,0.8186046511627907,0.986046511627907,0.020155469016703426,0.02755579637070195,0.007400327353998523,0.002,0.008802347815695104,-0.0034020204616965815,False
2024-03-01,VRTX,MCO,0.8697674418604651,0.986046511627907,0.020465291723365156,0.02755579637070195,0.007090504647336793,0.002,0.008350688538244184,-0.0032601838909073907,False
2024-03-04,VRTX,MCO,0.8691588785046729,0.9906542056074766,0.020465291723365156,0.02755579637070195,0.007090504647336793,0.002,0.008357512509493561,-0.0032670078621567684,False
2024-03-05,VRTX,MCO,0.8785046728971962,0.9953271028037384,0.020561723334173172,0.02755579637070195,0.0069940730365287765,0.002,0.008296882551141336,-0.0033028095146125595,False
2024-03-06,VRTX,MCO,0.8738317757009346,0.9953271028037384,0.020465291723365156,0.02755579637070195,0.007090504647336793,0.002,0.008305589639306377,-0.003215084991969585,False
2024-03-07,VRTX,MCO,0.8738317757009346,0.9953271028037384,0.020465291723365156,0.02755579637070195,0.007090504647336793,0.002,0.008305589639306377,-0.003215084991969585,False
2024-03-08,VRTX,MCO,0.8691588785046729,0.985981308411215,0.020465291723365156,0.02755579637070195,0.007090504647336793,0.002,0.008357512509493561,-0.0032670078621567684,False
2024-03-11,VRTX,MCO,0.8598130841121495,0.985981308411215,0.020465291723365156,0.02755579637070195,0.007090504647336793,0.002,0.008464532003839294,-0.0033740273565025015,False
2024-03-12,MDB,MCO,0.9107981220657277,0.9859154929577465,0.021450282527346272,0.02755579637070195,0.006105513843355677,0.002,0.00833499935106789,-0.004229485507712213,False
2024-03-13,MDB,MCO,0.9061032863849765,0.9859154929577465,0.02132110340551268,0.02755579637070195,0.006234692965189269,0.002,0.008329420251638462,-0.004094727286449194,False
2024-03-14,MDB,MELI,0.9061032863849765,0.9812206572769953,0.02132110340551268,0.02755579637070195,0.006234692965189269,0.002,0.008329420251638462,-0.004094727286449194,False
2024-03-15,CDNS,MELI,0.8779342723004695,0.9812206572769953,0.02054602867451115,0.02755579637070195,0.0070097676961907995,0.002,0.008296214796158139,-0.00328644709996734,False
2024-03-18,VRTX,MELI,0.8779342723004695,0.9765258215962441,0.02054602867451115,0.02755579637070195,0.0070097676961907995,0.002,0.008296214796158139,-0.00328644709996734,False
2024-03-19,VRTX,MELI,0.8779342723004695,0.9765258215962441,0.02054602867451115,0.02755579637070195,0.0070097676961907995,0.002,0.008296214796158139,-0.00328644709996734,False
2024-03-20,VRTX,MELI,0.8732394366197183,0.9859154929577465,0.020465291723365156,0.02755579637070195,0.007090504647336793,0.002,0.008312110193979665,-0.003221605546642872,False
2024-03-21,PANW,MELI,0.8826291079812206,0.9765258215962441,0.020675207796344738,0.02755579637070195,0.006880588574357211,0.002,0.008301716675525136,-0.003421128101167925,False
2024-03-22,VRTX,MELI,0.8826291079812206,0.9765258215962441,0.020675207796344738,0.02755579637070195,0.006880588574357211,0.002,0.008301716675525136,-0.003421128101167925,False
2024-03-25,VRTX,STLD,0.892018779342723,0.9624413145539906,0.020933566040011915,0.02612040217121939,0.005186836131207476,0.002,0.008250342827465026,-0.0050635066962575505,False
2024-03-26,VRTX,STLD,0.8732394366197183,0.9624413145539906,0.020465291723365156,0.02612040217121939,0.005655110447854234,0.002,0.008249681086403983,-0.004594570638549749,False
2024-03-27,VRTX,STLD,0.8826291079812206,0.9624413145539906,0.020675207796344738,0.02612040217121939,0.005445194374874653,0.002,0.008239087252870555,-0.004793892877995903,False
2024-03-28,VRTX,STLD,0.8732394366197183,0.9624413145539906,0.020465291723365156,0.02612040217121939,0.005655110447854234,0.002,0.008249681086403983,-0.004594570638549749,False
2024-04-01,VRTX,MCO,0.8732394366197183,0.9577464788732394,0.020465291723365156,0.025583806208795995,0.005118514485430839,0.002,0.008226572631717947,-0.005108058146287108,False
2024-04-02,VRTX,MCO,0.8732394366197183,0.9577464788732394,0.020465291723365156,0.025583806208795995,0.005118514485430839,0.002,0.008226572631717947,-0.005108058146287108,False
2024-04-03,VRTX,MCO,0.8779342723004695,0.9624413145539906,0.02054602867451115,0.02612040217121939,0.005574373496708241,0.002,0.008233478809066113,-0.004659105312357872,False
2024-04-04,VRTX,MCO,0.8732394366197183,0.9671361502347418,0.020465291723365156,0.02665699813364277,0.006191706410277616,0.002,0.008272915941689217,-0.004081209531411601,False
2024-04-05,VRTX,MCO,0.8732394366197183,0.9577464788732394,0.020465291723365156,0.025583806208795995,0.005118514485430839,0.002,0.008226572631717947,-0.005108058146287108,False
2024-04-08,VRTX,MCO,0.8685446009389671,0.9530516431924883,0.020465291723365156,0.025047210246372614,0.004581918523007458,0.002,0.008257645099693671,-0.005675726576686214,False
2024-04-09,VRTX,MCO,0.8685446009389671,0.9530516431924883,0.020465291723365156,0.025047210246372614,0.004581918523007458,0.002,0.008257645099693671,-0.005675726576686214,False
2024-04-10,VRTX,MCO,0.863849765258216,0.9624413145539906,0.020465291723365156,0.02612040217121939,0.005655110447854234,0.002,0.008357342524305256,-0.004702232076451022,False
2024-04-11,VRTX,MCO,0.863849765258216,0.9530516431924883,0.020465291723365156,0.025047210246372614,0.004581918523007458,0.002,0.00831275290005134,-0.005730834377043883,False
2024-04-12,VRTX,MCO,0.863849765258216,0.9530516431924883,0.020465291723365156,0.025047210246372614,0.004581918523007458,0.002,0.00831275290005134,-0.005730834377043883,False
2024-04-15,VRTX,MCO,0.863849765258216,0.9577464788732394,0.020465291723365156,0.025583806208795995,0.005118514485430839,0.002,0.008334980151354412,-0.005216465665923573,False
2024-04-16,VRTX,MCO,0.863849765258216,0.9577464788732394,0.020465291723365156,0.025583806208795995,0.005118514485430839,0.002,0.008334980151354412,-0.005216465665923573,False
2024-04-17,VRTX,MCO,0.863849765258216,0.9624413145539906,0.020465291723365156,0.02612040217121939,0.005655110447854234,0.002,0.008357342524305256,-0.004702232076451022,False
2024-04-18,VRTX,MCO,0.863849765258216,0.9577464788732394,0.020465291723365156,0.025583806208795995,0.005118514485430839,0.002,0.008334980151354412,-0.005216465665923573,False
2024-04-19,VRTX,MCO,0.863849765258216,0.9624413145539906,0.020465291723365156,0.02612040217121939,0.005655110447854234,0.002,0.008357342524305256,-0.004702232076451022,False
2024-04-22,VRTX,MCO,0.8591549295774648,0.9624413145539906,0.020465291723365156,0.02612040217121939,0.005655110447854234,0.002,0.008412721451723375,-0.004757611003869141,False
2024-04-23,NOW,NFLX,0.8497652582159625,1.0,0.020465291723365156,0.02755579637070195,0.007090504647336793,0.002,0.00858394591822847,-0.003493441270891677,False
2024-04-24,NOW,NFLX,0.8591549295774648,0.9906103286384976,0.020465291723365156,0.02755579637070195,0.007090504647336793,0.002,0.008472220396343691,-0.003381715749006898,False
2024-04-25,VRTX,NFLX,0.8497652582159625,0.9859154929577465,0.020465291723365156,0.02755579637070195,0.007090504647336793,0.002,0.00858394591822847,-0.003493441270891677,False
2024-04-26,VRTX,NFLX,0.8450704225352113,0.9765258215962441,0.020465291723365156,0.02755579637070195,0.007090504647336793,0.002,0.008641167852110556,-0.0035506632047737625,False
2024-04-29,VRTX,NFLX,0.8403755868544601,0.971830985915493,0.020465291723365156,0.02719359409606617,0.006728302372701014,0.002,0.008685068359581216,-0.003956765986880202,False
2024-04-30,VRTX,NFLX,0.827906976744186,0.9674418604651163,0.020465291723365156,0.026691939266079646,0.00622664754271449,0.002,0.008825002763696996,-0.004598355220982506,False
2024-05-01,VRTX,NXPI,0.813953488372093,0.9813953488372092,0.01993014341185853,0.02755579637070195,0.007625652958843418,0.002,0.008736126595382684,-0.0031104736365392665,False
2024-05-02,VRTX,NXPI,0.7767441860465116,0.9767441860465116,0.018127538573099358,0.02755579637070195,0.00942825779760259,0.002,0.008246398957847512,-0.0008181411602449212,False
2024-05-03,VRTX,MCO,0.7534883720930232,0.9953488372093023,0.018043041471282523,0.02755579637070195,0.009512754899419426,0.002,0.008191361476098167,-0.0006786065766787421,False
2024-05-06,VRTX,MCO,0.7348837209302326,0.9906976744186047,0.018043041471282523,0.02755579637070195,0.009512754899419426,0.002,0.008162322389789907,-0.0006495674903704814,False
2024-05-07,VRTX,MCO,0.7488372093023256,0.9906976744186047,0.018043041471282523,0.02755579637070195,0.009512754899419426,0.002,0.008184058789881876,-0.0006713038904624493,False
2024-05-08,SHOP,MCO,0.6620370370370371,0.9861111111111112,0.01694285668502072,0.02755579637070195,0.010612939685681229,0.002,0.008132275054553943,0.0004806646311272854,True
2024-05-09,PANW,NXPI,0.8657407407407407,0.9768518518518519,0.020465291723365156,0.02755579637070195,0.007090504647336793,0.002,0.008396176318693296,-0.003305671671356504,False
2024-05-10,PANW,NXPI,0.8703703703703703,0.9722222222222222,0.020465291723365156,0.027238310426268113,0.006773018702902957,0.002,0.008330194935561145,-0.003557176232658189,False
2024-05-13,PANW,STLD,0.8703703703703703,0.9814814814814815,0.020465291723365156,0.02755579637070195,0.007090504647336793,0.002,0.00834394582794391,-0.0032534411806071166,False
2024-05-14,VRTX,STLD,0.8148148148148148,0.9768518518518519,0.01997187037571869,0.02755579637070195,0.007583925994983257,0.002,0.008748317553192721,-0.0031643915582094634,False
2024-05-15,VRTX,STLD,0.8101851851851852,0.9768518518518519,0.019747587944970304,0.02755579637070195,0.007808208425731645,0.002,0.008683189681528088,-0.002874981255796443,False
2024-05-16,VRTX,STLD,0.8287037037037037,0.9814814814814815,0.020465291723365156,0.02755579637070195,0.007090504647336793,0.002,0.008847047745398528,-0.003756543098061735,False
2024-05-17,PANW,STLD,0.7638888888888888,0.9814814814814815,0.018043041471282523,0.02755579637070195,0.009512754899419426,0.002,0.008207793139872945,-0.0006950382404535176,False
2024-05-20,PANW,STLD,0.7777777777777778,0.9861111111111112,0.018177610929731556,0.02755579637070195,0.009378185440970393,0.002,0.008258881904271657,-0.0008806964633012648,False
2024-05-21,PANW,STLD,0.8148148148148148,0.9861111111111112,0.01997187037571869,0.02755579637070195,0.007583925994983257,0.002,0.008748317553192721,-0.0031643915582094634,False
2024-05-22,VRTX,STLD,0.875,0.9768518518518519,0.020465291723365156,0.02755579637070195,0.007090504647336793,0.002,0.008292782768288104,-0.003202278120951311,False
2024-05-23,VRTX,STLD,0.875,0.9814814814814815,0.020465291723365156,0.02755579637070195,0.007090504647336793,0.002,0.008292782768288104,-0.003202278120951311,False
2024-05-24,VRTX,STLD,0.8796296296296297,0.9814814814814815,0.020592676690728836,0.02755579637070195,0.006963119679973113,0.002,0.008298200078535944,-0.003335080398562832,False
2024-05-28,TEAM,STLD,0.8465116279069768,0.9813953488372092,0.020465291723365156,0.02755579637070195,0.007090504647336793,0.002,0.0086235097263372,-0.0035330050790004083,False
2024-05-29,TEAM,STLD,0.8425925925925926,0.9861111111111112,0.020465291723365156,0.02755579637070195,0.007090504647336793,0.002,0.008671713662572344,-0.0035812090152355504,False
2024-05-30,TEAM,STLD,0.8333333333333334,0.9907407407407407,0.020465291723365156,0.02755579637070195,0.007090504647336793,0.002,0.00878785692670884,-0.003697352279372047,False
2024-05-31,TEAM,STLD,0.8165137614678899,0.981651376146789,0.020054175854892418,0.02755579637070195,0.007501620515809531,0.002,0.008772460947001508,-0.0032708404311919776,False
2024-06-03,TEAM,STLD,0.8165137614678899,0.9770642201834863,0.020054175854892418,0.02755579637070195,0.007501620515809531,0.002,0.008772460947001508,-0.0032708404311919776,False
2024-06-04,TEAM,STLD,0.8110599078341014,0.9815668202764977,0.0197899638881071,0.02755579637070195,0.00776583248259485,0.002,0.008695419091158873,-0.002929586608564024,False
2024-06-05,TEAM,STLD,0.815668202764977,0.9861751152073732,0.020013212759266787,0.02755579637070195,0.0075425836114351615,0.002,0.00876042889118411,-0.0032178452797489493,False
2024-06-06,TEAM,STLD,0.8110599078341014,0.9815668202764977,0.0197899638881071,0.02755579637070195,0.00776583248259485,0.002,0.008695419091158873,-0.002929586608564024,False
2024-06-07,TEAM,STLD,0.847926267281106,0.9631336405529954,0.020465291723365156,0.026199531529733443,0.005734239806368287,0.002,0.008552135424825084,-0.004817895618456796,False
2024-06-10,TEAM,STLD,0.8663594470046083,0.9769585253456221,0.020465291723365156,0.02755579637070195,0.007090504647336793,0.002,0.008389136180107892,-0.0032986315327710987,False
2024-06-11,TEAM,STLD,0.8617511520737328,0.9585253456221198,0.020465291723365156,0.025672826737124302,0.005207535013759146,0.002,0.008363449552214146,-0.005155914538455,False
2024-06-12,TEAM,NFLX,0.8571428571428571,0.9631336405529954,0.020465291723365156,0.026199531529733443,0.005734239806368287,0.002,0.008439986471149156,-0.0047057466647808695,False
2024-06-13,TEAM,VIST,0.847926267281106,0.9631336405529954,0.020465291723365156,0.026199531529733443,0.005734239806368287,0.002,0.008552135424825084,-0.004817895618456796,False
2024-06-14,TEAM,VIST,0.8341013824884793,0.9631336405529954,0.020465291723365156,0.026199531529733443,0.005734239806368287,0.002,0.008726483316364638,-0.004992243509996351,False
2024-06-17,TEAM,NFLX,0.8433179723502304,0.9631336405529954,0.020465291723365156,0.026199531529733443,0.005734239806368287,0.002,0.008609473683709058,-0.00487523387734077,False
2024-06-18,TEAM,NFLX,0.847926267281106,0.9631336405529954,0.020465291723365156,0.026199531529733443,0.005734239806368287,0.002,0.008552135424825084,-0.004817895618456796,False
2024-06-20,TEAM,NFLX,0.847926267281106,0.9631336405529954,0.020465291723365156,0.026199531529733443,0.005734239806368287,0.002,0.008552135424825084,-0.004817895618456796,False
2024-06-21,PANW,NFLX,0.8387096774193549,0.9631336405529954,0.020465291723365156,0.026199531529733443,0.005734239806368287,0.002,0.008667601970907393,-0.004933362164539107,False
2024-06-24,PANW,NFLX,0.8202764976958525,0.9585253456221198,0.020236461630426476,0.025672826737124302,0.005436365106697826,0.002,0.008755872392627805,-0.005319507285929979,False
2024-06-25,PANW,NFLX,0.847926267281106,0.9585253456221198,0.020465291723365156,0.025672826737124302,0.005207535013759146,0.002,0.008531356255380457,-0.005323821241621311,False
2024-06-26,PANW,NFLX,0.847926267281106,0.9585253456221198,0.020465291723365156,0.025672826737124302,0.005207535013759146,0.002,0.008531356255380457,-0.005323821241621311,False
2024-06-27,PANW,NFLX,0.8433179723502304,0.9631336405529954,0.020465291723365156,0.026199531529733443,0.005734239806368287,0.002,0.008609473683709058,-0.00487523387734077,False
2024-06-28,PANW,NFLX,0.8294930875576036,0.9631336405529954,0.020465291723365156,0.026199531529733443,0.005734239806368287,0.002,0.008786082585444858,-0.0050518427790765714,False
2024-07-01,PANW,NFLX,0.8394495412844036,0.963302752293578,0.020465291723365156,0.026218860145975974,0.0057535684226108184,0.002,0.008658960692674337,-0.004905392270063518,False
2024-07-02,PANW,NFLX,0.8486238532110092,0.963302752293578,0.020465291723365156,0.026218860145975974,0.0057535684226108184,0.002,0.008544294004694896,-0.004790725582084078,False
2024-07-03,PANW,NFLX,0.8394495412844036,0.9587155963302753,0.020465291723365156,0.025694571430397162,0.005229279707032006,0.002,0.008638874630897674,-0.005409594923865668,False
2024-07-05,PANW,NFLX,0.8440366972477065,0.9587155963302753,0.020465291723365156,0.025694571430397162,0.005229279707032006,0.002,0.00858082303926527,-0.005351543332233264,False
2024-07-08,PANW,NFLX,0.8394495412844036,0.9587155963302753,0.020465291723365156,0.025694571430397162,0.005229279707032006,0.002,0.008638874630897674,-0.005409594923865668,False
2024-07-09,PANW,NFLX,0.8669724770642202,0.9587155963302753,0.020465291723365156,0.025694571430397162,0.005229279707032006,0.002,0.00830311470852599,-0.005073835001493984,False
2024-07-10,PANW,NFLX,0.880184331797235,0.9631336405529954,0.0206079394057125,0.026199531529733443,0.005591592124020942,0.002,0.008239597830398218,-0.004648005706377276,False
2024-07-11,PANW,NFLX,0.8755760368663594,0.9631336405529954,0.020481141465848195,0.026199531529733443,0.005718390063885248,0.002,0.008234105115736842,-0.004515715051851594,False
2024-07-12,MDB,NFLX,0.8847926267281107,0.9585253456221198,0.020734737345576806,0.025672826737124302,0.0049380893915474955,0.002,0.008222344582980504,-0.005284255191433008,False
2024-07-15,TEAM,NFLX,0.8755760368663594,0.9585253456221198,0.020481141465848195,0.025672826737124302,0.005191685271276107,0.002,0.008211268725247488,-0.005019583453971381,False
2024-07-16,TEAM,NFLX,0.8847926267281107,0.9585253456221198,0.020734737345576806,0.025672826737124302,0.0049380893915474955,0.002,0.008222344582980504,-0.005284255191433008,False
2024-07-17,TEAM,VIST,0.8703703703703703,0.9537037037037037,0.020465291723365156,0.025121737463375864,0.004656445740010708,0.002,0.008239647955104915,-0.005583202215094207,False
2024-07-18,TEAM,VIST,0.8472222222222222,0.9490740740740741,0.020465291723365156,0.024592594222652798,0.004127302499287642,0.002,0.0084980354001956,-0.006370732900907958,False
2024-07-19,TEAM,VIST,0.8518518518518519,0.9537037037037037,0.020465291723365156,0.025121737463375864,0.004656445740010708,0.002,0.008460980453683854,-0.005804534713673147,False
2024-07-22,TEAM,NFLX,0.875,0.9583333333333334,0.020465291723365156,0.02565088070409893,0.005185588980733773,0.002,0.008209629066269514,-0.0050240400855357395,False
2024-07-23,CDNS,NFLX,0.8101851851851852,0.9583333333333334,0.019747587944970304,0.02565088070409893,0.0059032927591286255,0.002,0.00860904234029223,-0.004705749581163604,False
2024-07-24,CDNS,NXPI,0.8148148148148148,0.9722222222222222,0.01997187037571869,0.027238310426268113,0.007266440050549421,0.002,0.008736055284412464,-0.003469615233863042,False
2024-07-25,TEAM,NFLX,0.49537037037037035,0.9675925925925926,0.012074424989004406,0.026709167185545047,0.01463474219654064,0.002,0.008052739302447551,0.004582002894093089,True
2024-07-26,MDB,NXPI,0.8842592592592593,0.9675925925925926,0.020720061658092512,0.026709167185545047,0.0059891055274525345,0.002,0.008266605570072975,-0.00427750004262044,False
2024-07-29,MDB,MELI,0.8888888888888888,0.9537037037037037,0.02084744662545619,0.025121737463375864,0.004274290837919675,0.002,0.008203639774320029,-0.005929348936400354,False
2024-07-30,MDB,RCL,0.8935185185185185,0.9537037037037037,0.020974831592819865,0.025121737463375864,0.004146905870555998,0.002,0.008209274260240877,-0.006062368389684878,False
2024-07-31,MDB,RCL,0.8935185185185185,0.9629629629629629,0.020974831592819865,0.02618002394482198,0.005205192352002116,0.002,0.008254718850874063,-0.005049526498871948,False
2024-08-01,PANW,RCL,0.8981481481481481,0.9629629629629629,0.021102216560183545,0.02618002394482198,0.005077807384638436,0.002,0.008260286944996451,-0.005182479560358016,False
2024-08-02,MDB,NXPI,0.8935185185185185,0.9629629629629629,0.020974831592819865,0.02618002394482198,0.005205192352002116,0.002,0.008254718850874063,-0.005049526498871948,False
2024-08-05,PLTR,MELI,0.8148148148148148,0.9629629629629629,0.01997187037571869,0.02618002394482198,0.00620815356910329,0.002,0.008695535573249836,-0.004487382004146546,False
2024-08-06,PLTR,MELI,0.8009259259259259,0.9675925925925926,0.019299023083473518,0.026709167185545047,0.007410144102071529,0.002,0.008521651771899915,-0.003111507669828387,False
2024-08-07,MDB,MELI,0.8888888888888888,0.9629629629629629,0.02084744662545619,0.02618002394482198,0.005332577319365792,0.002,0.00824916317294094,-0.004916585853575147,False
2024-08-08,MDB,MELI,0.8935185185185185,0.9675925925925926,0.020974831592819865,0.026709167185545047,0.0057343355927251816,0.002,0.008277626611813877,-0.0045432910190886956,False
2024-08-09,MDB,MELI,0.8842592592592593,0.9675925925925926,0.020720061658092512,0.026709167185545047,0.0059891055274525345,0.002,0.008266605570072975,-0.00427750004262044,False
2024-08-12,MDB,STLD,0.875,0.9629629629629629,0.020465291723365156,0.02618002394482198,0.005714732221456825,0.002,0.008232571275736608,-0.004517839054279782,False
2024-08-13,MDB,MELI,0.8657407407407407,0.9629629629629629,0.020465291723365156,0.02618002394482198,0.005714732221456825,0.002,0.00833783047520923,-0.004623098253752405,False
2024-08-14,MDB,MELI,0.8703703703703703,0.9629629629629629,0.020465291723365156,0.02618002394482198,0.005714732221456825,0.002,0.008284672341924808,-0.0045699401204679834,False
2024-08-15,MDB,MELI,0.8703703703703703,0.9629629629629629,0.020465291723365156,0.02618002394482198,0.005714732221456825,0.002,0.008284672341924808,-0.0045699401204679834,False
2024-08-16,MDB,MELI,0.8796296296296297,0.9629629629629629,0.020592676690728836,0.02618002394482198,0.005587347254093145,0.002,0.008238089321133195,-0.00465074206704005,False
2024-08-19,PANW,MELI,0.8148148148148148,0.9722222222222222,0.01997187037571869,0.027238310426268113,0.007266440050549421,0.002,0.008736055284412464,-0.003469615233863042,False
2024-08-20,PANW,MELI,0.7777777777777778,0.9675925925925926,0.018177610929731556,0.026709167185545047,0.008531556255813491,0.002,0.008221343099982851,-0.0016897868441693598,False
2024-08-21,PANW,MELI,0.75,0.9675925925925926,0.018043041471282523,0.026709167185545047,0.008666125714262524,0.002,0.008147472468530382,-0.0014813467542678584,False
2024-08-22,PANW,MELI,0.7592592592592593,0.9675925925925926,0.018043041471282523,0.026709167185545047,0.008666125714262524,0.002,0.008162229275384847,-0.0014961035611223234,False
2024-08-23,PANW,MELI,0.7592592592592593,0.9722222222222222,0.018043041471282523,0.027238310426268113,0.00919526895498559,0.002,0.008186091413769659,-0.0009908224587840695,False
2024-08-26,PANW,MELI,0.7685185185185185,0.9722222222222222,0.018043041471282523,0.027238310426268113,0.00919526895498559,0.002,0.008200848218842854,-0.0010055792638572645,False
2024-08-27,PANW,MELI,0.7453703703703703,0.9722222222222222,0.018043041471282523,0.027238310426268113,0.00919526895498559,0.002,0.008164164871959279,-0.000968895916973688,False
2024-08-28,MDB,MELI,0.7175925925925926,0.9722222222222222,0.018039308292693908,0.027238310426268113,0.009199002133574205,0.002,0.008130510012988522,-0.0009315078794143164,False
2024-08-29,MDB,MELI,0.6990740740740741,0.9629629629629629,0.01802997534622237,0.02618002394482198,0.00815004859859961,0.002,0.008077075130719357,-0.001927026532119746,False
2024-08-30,MDB,MELI,0.6018518518518519,0.9722222222222222,0.013039503963697243,0.027238310426268113,0.01419880646257087,0.002,0.00809297457324564,0.00410583188932523,True
2024-09-03,PANW,STLD,0.7361111111111112,0.9444444444444444,0.018043041471282523,0.024063450981929732,0.006020409510647209,0.002,0.008006539104097685,-0.003986129593450476,False
2024-09-04,PANW,ADSK,0.7465437788018433,0.967741935483871,0.018043041471282523,0.026726236322342573,0.00868319485106005,0.002,0.008142765845112459,-0.0014595709940524093,False
2024-09-05,PANW,ADSK,0.728110599078341,0.9723502304147466,0.018043041471282523,0.027252941114951704,0.009209899643669181,0.002,0.008137944338940757,-0.0009280446952715767,False
2024-09-06,PANW,ADSK,0.7327188940092166,0.9631336405529954,0.018043041471282523,0.026199531529733443,0.00815649005845092,0.002,0.00809704626288531,-0.0019405562044343904,False
2024-09-09,CDNS,ADSK,0.880184331797235,0.967741935483871,0.0206079394057125,0.026726236322342573,0.006118296916630073,0.002,0.00826251579723699,-0.004144218880606916,False
2024-09-10,CDNS,ADSK,0.8894009216589862,0.9723502304147466,0.020861535285441112,0.027252941114951704,0.0063914058295105915,0.002,0.00829642097541097,-0.0039050151459003785,False
2024-09-11,CDNS,ADSK,0.8847926267281107,0.9723502304147466,0.020734737345576806,0.027252941114951704,0.006518203769374897,0.002,0.008290980140469398,-0.003772776371094501,False
2024-09-12,CDNS,ADSK,0.8847926267281107,0.9723502304147466,0.020734737345576806,0.027252941114951704,0.006518203769374897,0.002,0.008290980140469398,-0.003772776371094501,False
2024-09-13,CDNS,ADSK,0.8847926267281107,0.9723502304147466,0.020734737345576806,0.027252941114951704,0.006518203769374897,0.002,0.008290980140469398,-0.003772776371094501,False
2024-09-16,CDNS,ADSK,0.8842592592592593,0.9722222222222222,0.020720061658092512,0.027238310426268113,0.0065182487681756,0.002,0.00828971069506538,-0.0037714619268897805,False
2024-09-17,CMG,ADSK,0.8888888888888888,0.9722222222222222,0.02084744662545619,0.027238310426268113,0.006390863800811924,0.002,0.008295176359381533,-0.003904312558569609,False
2024-09-18,CMG,ADSK,0.8888888888888888,0.9722222222222222,0.02084744662545619,0.027238310426268113,0.006390863800811924,0.002,0.008295176359381533,-0.003904312558569609,False
2024-09-19,CMG,ADSK,0.8888888888888888,0.9722222222222222,0.02084744662545619,0.027238310426268113,0.006390863800811924,0.002,0.008295176359381533,-0.003904312558569609,False
2024-09-20,CDNS,ADSK,0.8888888888888888,0.9722222222222222,0.02084744662545619,0.027238310426268113,0.006390863800811924,0.002,0.008295176359381533,-0.003904312558569609,False
2024-09-23,CDNS,ADSK,0.8935185185185185,0.9722222222222222,0.020974831592819865,0.027238310426268113,0.006263478833448247,0.002,0.008300654588603037,-0.00403717575515479,False
2024-09-24,CDNS,ADSK,0.8935185185185185,0.9722222222222222,0.020974831592819865,0.027238310426268113,0.006263478833448247,0.002,0.008300654588603037,-0.00403717575515479,False
2024-09-25,CDNS,ADSK,0.8981481481481481,0.9722222222222222,0.021102216560183545,0.027238310426268113,0.006136093866084567,0.002,0.00830614532027036,-0.004170051454185792,False
2024-09-26,CDNS,ADSK,0.8935185185185185,0.9722222222222222,0.020974831592819865,0.027238310426268113,0.006263478833448247,0.002,0.008300654588603037,-0.00403717575515479,False
2024-09-27,CDNS,ADSK,0.8981481481481481,0.9722222222222222,0.021102216560183545,0.027238310426268113,0.006136093866084567,0.002,0.00830614532027036,-0.004170051454185792,False
2024-09-30,CDNS,ADSK,0.8888888888888888,0.9768518518518519,0.02084744662545619,0.02755579637070195,0.00670834974524576,0.002,0.008309072775085689,-0.0036007230298399297,False
2024-10-01,CDNS,ADSK,0.875,0.9768518518518519,0.020465291723365156,0.02755579637070195,0.007090504647336793,0.002,0.008292782768288104,-0.003202278120951311,False
2024-10-02,CDNS,ADSK,0.8651162790697674,0.9720930232558139,0.020465291723365156,0.027223543638154907,0.006758251914789751,0.002,0.008389162982537939,-0.0036309110677481883,False
2024-10-03,CDNS,ADSK,0.8691588785046729,0.9766355140186916,0.020465291723365156,0.02755579637070195,0.007090504647336793,0.002,0.008357512509493561,-0.0032670078621567684,False
2024-10-04,CDNS,ADSK,0.8644859813084113,0.9719626168224299,0.020465291723365156,0.027208638842676165,0.006743347119311009,0.002,0.008395770605392353,-0.003652423486081344,False
2024-10-07,CDNS,ADSK,0.8598130841121495,0.9719626168224299,0.020465291723365156,0.027208638842676165,0.006743347119311009,0.002,0.008450023677883294,-0.0037066765585722847,False
2024-10-08,CDNS,ADSK,0.863849765258216,0.9671361502347418,0.020465291723365156,0.02665699813364277,0.006191706410277616,0.002,0.008379837336846262,-0.0041881309265686464,False
2024-10-09,PANW,ADSK,0.8483412322274881,0.966824644549763,0.020465291723365156,0.02662139461006966,0.006156102886704505,0.002,0.008563776714877265,-0.00440767382817276,False
2024-10-10,PANW,ADSK,0.8483412322274881,0.9715639810426541,0.020465291723365156,0.027163076790146356,0.0066977850667812,0.002,0.008585427177300202,-0.0038876421105190017,False
2024-10-11,PANW,ADSK,0.8341232227488151,0.9715639810426541,0.020465291723365156,0.027163076790146356,0.0066977850667812,0.002,0.00876278843093608,-0.004065003364154881,False
2024-10-14,PANW,ADSK,0.8293838862559242,0.9715639810426541,0.020465291723365156,0.027163076790146356,0.0066977850667812,0.002,0.008823502692084192,-0.004125717625302993,False
2024-10-15,PANW,ADSK,0.8246445497630331,0.976303317535545,0.020448071934843243,0.02755579637070195,0.007107724435858706,0.002,0.00888971841368641,-0.0037819939778277025,False
2024-10-16,PANW,ADSK,0.8246445497630331,0.976303317535545,0.020448071934843243,0.02755579637070195,0.007107724435858706,0.002,0.00888971841368641,-0.0037819939778277025,False
2024-10-17,PANW,ADSK,0.8293838862559242,0.9715639810426541,0.020465291723365156,0.027163076790146356,0.0066977850667812,0.002,0.008823502692084192,-0.004125717625302993,False
2024-10-18,CDNS,ADSK,0.5829383886255924,0.9715639810426541,0.01235973759976096,0.027163076790146356,0.014803339190385395,0.002,0.008073479315301668,0.004729859875083728,True
2024-10-21,CMG,STLD,0.7677725118483413,0.95260663507109,0.018043041471282523,0.024996348069839587,0.006953306598557064,0.002,0.008099773795296996,-0.003146467196739931,False
2024-10-22,CMG,STLD,0.7725118483412322,0.95260663507109,0.018043041471282523,0.024996348069839587,0.006953306598557064,0.002,0.008107609001439324,-0.0031543024028822596,False
2024-10-23,CMG,MMM,0.7630331753554502,0.95260663507109,0.018043041471282523,0.024996348069839587,0.006953306598557064,0.002,0.008091967022128055,-0.0031386604235709896,False
2024-10-24,CMG,MMM,0.7393364928909952,0.9478672985781991,0.018043041471282523,0.024454665889762903,0.00641162441848038,0.002,0.008029190315572763,-0.003617565897092383,False
2024-10-25,CMG,MMM,0.7345971563981043,0.943127962085308,0.018043041471282523,0.023912983709686208,0.005869942238403685,0.002,0.007997385852518323,-0.004127443614114638,False
2024-10-28,CMG,STLD,0.7630331753554502,0.943127962085308,0.018043041471282523,0.023912983709686208,0.005869942238403685,0.002,0.008044351537347904,-0.004174409298944218,False
2024-10-29,CMG,MMM,0.7251184834123223,0.9478672985781991,0.018043041471282523,0.024454665889762903,0.00641162441848038,0.002,0.008006202285630794,-0.0035945778671504134,False
2024-10-30,CMG,ON,0.7156398104265402,0.95260663507109,0.018038324131276887,0.024996348069839587,0.0069580239385627005,0.002,0.008027815474436224,-0.0030697915358735227,False
2024-10-31,VRTX,ON,0.7358490566037735,0.9622641509433962,0.018043041471282523,0.026100153266976997,0.008057111795694474,0.002,0.008097485189836186,-0.0020403733941417117,False
2024-11-01,VRTX,META,0.6981132075471698,0.9575471698113207,0.01802949108956583,0.025561026191523305,0.007531535101957476,0.002,0.008048621897840273,-0.002517086795882798,False
2024-11-04,VRTX,META,0.7075471698113207,0.9575471698113207,0.018034245609466423,0.025561026191523305,0.007526780582056882,0.002,0.008051172142794681,-0.002524391560737798,False
2024-11-05,VRTX,META,0.6273584905660378,0.9575471698113207,0.014067052272466168,0.025561026191523305,0.011493973919057137,0.002,0.008035994365510305,0.0014579795535468315,True
2024-11-06,MELI,NXPI,0.7971698113207547,0.9622641509433962,0.019117058092488974,0.026100153266976997,0.006983095174488023,0.002,0.008445944433379218,-0.0034628492588911946,False
2024-11-07,MELI,NXPI,0.8254716981132075,0.9622641509433962,0.020465291723365156,0.026100153266976997,0.005634861543611841,0.002,0.008835014541534451,-0.00520015299792261,False
2024-11-08,PANW,NXPI,0.8773584905660378,0.9575471698113207,0.020530185952022124,0.025561026191523305,0.005030840239501181,0.002,0.008208578453583531,-0.00517773821408235,False
2024-11-11,PANW,FTNT,0.8632075471698113,0.9622641509433962,0.020465291723365156,0.026100153266976997,0.005634861543611841,0.002,0.008364014727002706,-0.004729153183390865,False
2024-11-12,LRCX,FTNT,0.8537735849056604,0.9622641509433962,0.020465291723365156,0.026100153266976997,0.005634861543611841,0.002,0.008476567245343309,-0.004841705701731468,False
2024-11-13,LRCX,FTNT,0.8537735849056604,0.9622641509433962,0.020465291723365156,0.026100153266976997,0.005634861543611841,0.002,0.008476567245343309,-0.004841705701731468,False
2024-11-14,LRCX,FTNT,0.839622641509434,0.9622641509433962,0.020465291723365156,0.026100153266976997,0.005634861543611841,0.002,0.00865220586722397,-0.0050173443236121275,False
2024-11-15,LRCX,FTNT,0.8301886792452831,0.9622641509433962,0.020465291723365156,0.026100153266976997,0.005634861543611841,0.002,0.008773345131613408,-0.005138483588001567,False
2024-11-18,LRCX,FTNT,0.8349056603773585,0.9622641509433962,0.020465291723365156,0.026100153266976997,0.005634861543611841,0.002,0.008712396872175544,-0.005077535328563703,False
2024-11-19,LRCX,FTNT,0.8349056603773585,0.9622641509433962,0.020465291723365156,0.026100153266976997,0.005634861543611841,0.002,0.008712396872175544,-0.005077535328563703,False
2024-11-20,LRCX,FTNT,0.8490566037735849,0.9622641509433962,0.020465291723365156,0.026100153266976997,0.005634861543611841,0.002,0.008534249896938921,-0.0048993883533270804,False
2024-11-21,LRCX,FTNT,0.8773584905660378,0.9622641509433962,0.020530185952022124,0.026100153266976997,0.005569967314954873,0.002,0.00823191297552327,-0.0046619456605683975,False
2024-11-22,LRCX,FTNT,0.8679245283018868,0.9622641509433962,0.020465291723365156,0.026100153266976997,0.005634861543611841,0.002,0.008309240528914002,-0.004674378985302161,False
2024-11-25,LRCX,FTNT,0.7358490566037735,0.9622641509433962,0.018043041471282523,0.026100153266976997,0.008057111795694474,0.002,0.008097485189836186,-0.0020403733941417117,False
2024-11-26,LRCX,FTNT,0.6792452830188679,0.9622641509433962,0.01801998204976464,0.026100153266976997,0.008080171217212356,0.002,0.008068122194088312,-0.0019879509768759565,False
2024-11-27,LRCX,FTNT,0.6698113207547169,0.9669811320754716,0.0175875584299007,0.02663928034243068,0.009051721912529977,0.002,0.008091014627605982,-0.0010392927150760034,False
2024-11-29,LRCX,FTNT,0.6556603773584906,0.9716981132075472,0.016414056377422527,0.02717840741788437,0.010764351040461844,0.002,0.0081139882295065,0.0006503628109553435,True
2024-12-02,CMG,NXPI,0.8867924528301887,0.9481132075471698,0.020789762866649995,0.02448277204061593,0.003693009173965936,0.002,0.008173830682470611,-0.006480821508504675,False
2024-12-03,CMG,NXPI,0.8915094339622641,0.9528301886792453,0.02091955132396393,0.025021899116069626,0.004102347792105696,0.002,0.008202563216109253,-0.006100215424003557,False
2024-12-04,CMG,VRTX,0.8867924528301887,0.9481132075471698,0.020789762866649995,0.02448277204061593,0.003693009173965936,0.002,0.008173830682470611,-0.006480821508504675,False
2024-12-05,CMG,STLD,0.8867924528301887,0.9528301886792453,0.020789762866649995,0.025021899116069626,0.004232136249419632,0.002,0.008196820354409603,-0.005964684104989971,False
2024-12-06,CMG,STLD,0.8773584905660378,0.9575471698113207,0.020530185952022124,0.025561026191523305,0.005030840239501181,0.002,0.008208578453583531,-0.00517773821408235,False
2024-12-09,CMG,STLD,0.8773584905660378,0.9575471698113207,0.020530185952022124,0.025561026191523305,0.005030840239501181,0.002,0.008208578453583531,-0.00517773821408235,False
2024-12-10,CMG,STLD,0.8773584905660378,0.9433962264150944,0.020530185952022124,0.023943644965162252,0.0034134590131401285,0.002,0.008139362699764632,-0.006725903686624503,False
2024-12-11,CMG,STLD,0.8773584905660378,0.9386792452830188,0.020530185952022124,0.02340451788970856,0.0028743319376864362,0.002,0.00811656310612786,-0.007242231168441424,False
2024-12-12,CMG,STLD,0.8726415094339622,0.9386792452830188,0.020465291723365156,0.02340451788970856,0.002939226166343404,0.002,0.008141053150111103,-0.007201826983767698,False
2024-12-13,CMG,ARM,0.8773584905660378,0.9339622641509434,0.020530185952022124,0.022865390814254878,0.0023352048622327544,0.002,0.008093904706656455,-0.007758699844423699,False
2024-12-16,CMG,KR,0.8962264150943396,0.9575471698113207,0.02104933978127787,0.025561026191523305,0.004511686410245436,0.002,0.008231359240006928,-0.005719672829761493,False
2024-12-17,CMG,KR,0.8867924528301887,0.9433962264150944,0.020789762866649995,0.023943644965162252,0.0031538820985122576,0.002,0.008150976884905054,-0.006997094786392797,False
2024-12-18,CMG,ARM,0.8773584905660378,0.9386792452830188,0.020530185952022124,0.02340451788970856,0.0028743319376864362,0.002,0.00811656310612786,-0.007242231168441424,False
2024-12-19,CMG,KR,0.8726415094339622,0.9386792452830188,0.020465291723365156,0.02340451788970856,0.002939226166343404,0.002,0.008141053150111103,-0.007201826983767698,False
2024-12-20,CMG,SNPS,0.8679245283018868,0.9433962264150944,0.020465291723365156,0.023943644965162252,0.0034783532417970962,0.002,0.008218914344546127,-0.006740561102749031,False
2024-12-23,CMG,AZO,0.8726415094339622,0.9433962264150944,0.020465291723365156,0.023943644965162252,0.0034783532417970962,0.002,0.008163676256828284,-0.006685323015031188,False
2024-12-24,CMG,SNPS,0.8726415094339622,0.9481132075471698,0.020465291723365156,0.02448277204061593,0.004017480317250775,0.002,0.008186438973180709,-0.006168958655929934,False
2024-12-26,CMG,SNPS,0.8726415094339622,0.9481132075471698,0.020465291723365156,0.02448277204061593,0.004017480317250775,0.002,0.008186438973180709,-0.006168958655929934,False
2024-12-27,CMG,SNPS,0.8726415094339622,0.9528301886792453,0.020465291723365156,0.025021899116069626,0.00455660739270447,0.002,0.00820933832856254,-0.00565273093585807,False
2024-12-30,CMG,SNPS,0.8720379146919431,0.957345971563981,0.020465291723365156,0.025538030249916282,0.005072738526551126,0.002,0.008238247786707627,-0.005165509260156501,False
2024-12-31,CMG,SNPS,0.8672985781990521,0.95260663507109,0.020465291723365156,0.024996348069839587,0.004531056346474431,0.002,0.008270044302284514,-0.005738987955810083,False
