signal_date,execution_date,interval_end,status,gross_return,turnover,cost_return,net_return_approx,weighted_price_coverage
2014-01-31,2014-02-03,2014-02-04,OK,0.002491777664274096,0.5,0.002,0.00048679410894547637,1.0
2014-02-03,2014-02-04,2014-02-05,OK,-0.005310017838279007,0.2316922700382612,0.0009267690801530448,-0.006231865758084543,1.0
2014-02-04,2014-02-05,2014-02-06,OK,0.017247064114218533,0.04201840781327917,0.00016807363125311667,0.017076091706271335,1.0
2014-02-05,2014-02-06,2014-02-07,OK,0.02672327613966084,0.1638701009394752,0.0006554804037579009,0.026050279152069145,1.0
2014-02-06,2014-02-07,2014-02-10,OK,-0.0042622550901834835,0.44236968487533207,0.0017694787395013283,-0.006024191859920425,1.0
2014-02-07,2014-02-10,2014-02-11,OK,0.005562932094851045,0.07108731081033148,0.00028434924324132594,0.0052770010360785324,1.0
2014-02-10,2014-02-11,2014-02-12,OK,0.009101016204903535,0.20301119012312113,0.0008120447604924846,0.008281581011886585,1.0000000000000002
2014-02-11,2014-02-12,2014-02-13,OK,0.0009301658509423653,0.8978665692646499,0.0035914662770585998,-0.0026646410854019864,1.0
2014-02-12,2014-02-13,2014-02-14,OK,-0.004828487370092045,0.08939171407310874,0.000357566856292435,-0.005184327719334858,1.0
2014-02-13,2014-02-14,2014-02-18,OK,-0.01811846029974788,0.9897854984599144,0.0039591419938396575,-0.02200586873655097,1.0
2014-02-14,2014-02-18,2014-02-19,OK,-0.004969048682932877,0.5361916196130057,0.0021447664784520226,-0.007103157712340047,1.0
2014-02-18,2014-02-19,2014-02-20,OK,0.0032140175497467854,0.0965016270073838,0.0003860065080295352,0.0028267704100262137,1.0
2014-02-19,2014-02-20,2014-02-21,OK,0.008505209861244194,0.3996480141619924,0.0015985920566479698,0.006893021443671987,1.0
2014-02-20,2014-02-21,2014-02-24,OK,0.024282190525951045,0.10513597954441019,0.00042054391817764075,0.023851434880227673,0.9999999999999999
2014-02-21,2014-02-24,2014-02-25,OK,-0.02291078311327361,0.30082178310841795,0.0012032871324336718,-0.024086501995193133,1.0
2014-02-24,2014-02-25,2014-02-26,OK,-0.02001253267053518,0.19714387760298555,0.0007885755104119422,-0.020785326787781777,1.0
2014-02-25,2014-02-26,2014-02-27,OK,0.040357535603802966,0.13439581037765352,0.0005375832415106141,0.03979825682748306,1.0
2014-02-26,2014-02-27,2014-02-28,OK,-0.02743472124460611,0.020527634438527547,8.211053775411019e-05,-0.027514579102645653,1.0
2014-02-27,2014-02-28,2014-03-03,OK,-0.02172732147066435,0.033394732739681215,0.00013357893095872488,-0.021857998089248487,1.0
2014-02-28,2014-03-03,2014-03-04,OK,0.016851152789473783,0.5035659992375991,0.0020142639969503964,0.014802946122152383,1.0
2014-03-03,2014-03-04,2014-03-05,OK,-0.0038737161779246673,0.20837282014315603,0.0008334912805726242,-0.004703978749839521,1.0
2014-03-04,2014-03-05,2014-03-06,OK,-0.00222378634510056,0.08180985516570857,0.0003272394206628343,-0.0025502980552081222,1.0000000000000002
2014-03-05,2014-03-06,2014-03-07,OK,-0.011318287959486265,0.3020022103485905,0.001208008841394362,-0.012512624208956158,1.0
2014-03-06,2014-03-07,2014-03-10,OK,-0.008364344133180223,0.3396367911071737,0.001358547164428695,-0.009711527941604459,1.0
2014-03-07,2014-03-10,2014-03-11,OK,-0.006277149572866891,0.4222449516915549,0.0016889798067662195,-0.007955527400760443,1.0
2014-03-10,2014-03-11,2014-03-12,OK,0.00011435729313937664,0.07501793857608102,0.0003000717543043241,-0.00018574877655841426,1.0
2014-03-11,2014-03-12,2014-03-13,OK,-0.01486397256224986,0.11788385434813735,0.00047153541739254943,-0.015328499090136227,0.9999999999999999
2014-03-12,2014-03-13,2014-03-14,OK,-0.011007485736989429,0.1725139218173044,0.0006900556872692176,-0.011689945646123245,1.0
2014-03-13,2014-03-14,2014-03-17,OK,0.0034758130562158457,0.3638612076938549,0.0014554448307754196,0.0020153093712949044,1.0
2014-03-14,2014-03-17,2014-03-18,OK,-0.014830287712956775,0.5132854485767421,0.0020531417943069684,-0.01685298082373865,1.0000000000000002
2014-03-17,2014-03-18,2014-03-19,OK,0.002709405619818586,0.28619408630717313,0.0011447763452286925,0.0015615276111267118,1.0
2014-03-18,2014-03-19,2014-03-20,OK,0.008858131533957954,0.21707356262969235,0.0008682942505187694,0.00798214581875789,1.0
2014-03-19,2014-03-20,2014-03-21,OK,0.01728773440252543,0.18055836857199042,0.0007222334742879617,0.01655301514775731,0.9999999999999999
2014-03-20,2014-03-21,2014-03-24,OK,0.028340330447854143,0.8954826698858436,0.0035819306795433744,0.024656886669211175,0.9999999999999999
2014-03-21,2014-03-24,2014-03-25,OK,0.004998800643080224,0.4902132281598094,0.0019608529126392375,0.0030281458176402154,1.0
2014-03-24,2014-03-25,2014-03-26,OK,-0.012848920448872717,0.5130672949104569,0.0020522691796418277,-0.01487482018508568,1.0
2014-03-25,2014-03-26,2014-03-27,OK,0.0500220301509191,0.344280324794571,0.001377121299178284,0.04857602244859183,1.0
2014-03-26,2014-03-27,2014-03-28,OK,0.019228694991556466,0.28785159683546857,0.0011514063873418743,0.018055148561981094,1.0
2014-03-27,2014-03-28,2014-03-31,OK,-0.0036379018153248318,0.47199080615437256,0.0018879632246174903,-0.005518996815100263,1.0
2014-03-28,2014-03-31,2014-04-01,OK,0.006296608039026778,0.8718530544887154,0.0034874122179548617,0.002787236953264882,1.0
2014-03-31,2014-04-01,2014-04-02,OK,0.006819260425179632,0.5971306700566793,0.002388522680226717,0.0044144497867648624,1.0000000000000002
2014-04-01,2014-04-02,2014-04-03,OK,-0.007822006564369991,0.229267915161357,0.000917071660645428,-0.008731904884465957,1.0
2014-04-02,2014-04-03,2014-04-04,OK,-0.010240759621316459,0.2497064174052134,0.0009988256696208536,-0.011229356557351133,1.0
2014-04-03,2014-04-04,2014-04-07,OK,-0.0065612714271694695,0.2582569216383591,0.0010330276865534364,-0.007587521138679665,1.0
2014-04-04,2014-04-07,2014-04-08,OK,0.002565613827487358,0.13685159342207465,0.0005474063736882986,0.0020168030204374965,1.0
2014-04-07,2014-04-08,2014-04-09,OK,0.010589750861180174,0.18958193018285113,0.0007583277207314045,0.009823392638814932,1.0
2014-04-08,2014-04-09,2014-04-10,OK,-0.01886446921480074,0.05392952408877286,0.00021571809635509144,-0.019076117903768175,1.0
2014-04-09,2014-04-10,2014-04-11,OK,-0.003686369969094505,0.010571577324834727,4.228630929933891e-05,-0.00372850039541317,1.0
2014-04-10,2014-04-11,2014-04-14,OK,-0.00023076606022296808,0.2090953439687116,0.0008363813758748464,-0.001066954427662914,1.0
2014-04-11,2014-04-14,2014-04-15,OK,-0.004547515906196686,0.0004143173231192544,1.6572692924770178e-06,-0.004549165639030739,1.0
2014-04-14,2014-04-15,2014-04-16,OK,0.0012948024602631046,1.0466534459373233e-06,4.186613783749293e-09,0.0012947982682283143,1.0
2014-04-15,2014-04-16,2014-04-17,OK,0.007673390708401188,6.388196659516329e-06,2.555278663806532e-08,0.007673364959537965,0.9999999999999999
2014-04-16,2014-04-17,2014-04-21,OK,0.0011658004992307677,0.031025340055113426,0.0001241013602204537,0.0010415544615827166,1.0
2014-04-17,2014-04-21,2014-04-22,OK,0.0012225780640214385,0.0323447801789485,0.000129379120715794,0.001093040767230713,1.0
2014-04-21,2014-04-22,2014-04-23,OK,-0.005568241153679005,0.19752683095365775,0.000790107323814631,-0.006353948969377465,0.9999999999999999
2014-04-22,2014-04-23,2014-04-24,OK,-0.005910708847203159,0.02293047759394183,9.172191037576732e-05,-0.00600188861607176,1.0
2014-04-23,2014-04-24,2014-04-25,OK,-0.025544999761001,0.028914109543092984,0.00011565643817237194,-0.02565770175548787,1.0
2014-04-24,2014-04-25,2014-04-28,OK,-0.0011956409488692544,0.07937429017789706,0.0003174971607115882,-0.001512758496974409,1.0
2014-04-25,2014-04-28,2014-04-29,OK,0.016240743300926657,0.008069210822339464,3.227684328935786e-05,0.016207942257710828,1.0
2014-04-28,2014-04-29,2014-04-30,OK,-0.0031859722107703907,0.03530697220240475,0.000141227888809619,-0.003326750151451008,1.0
2014-04-29,2014-04-30,2014-05-01,OK,0.007321197726331215,0.02609581420995209,0.00010438325683980835,0.007216050259028828,1.0
2014-04-30,2014-05-01,2014-05-02,OK,0.015595699413218868,0.02327864192889837,9.311456771559348e-05,0.015501132658694239,1.0
2014-05-01,2014-05-02,2014-05-05,OK,0.003039657600163004,0.2376878821393151,0.0009507515285572605,0.0020860161124960364,1.0
2014-05-02,2014-05-05,2014-05-06,OK,0.007193591422000465,0.04851473762198674,0.00019405895048794697,0.0069981364907110155,1.0
2014-05-05,2014-05-06,2014-05-07,OK,0.00826876983070298,0.04651375005875105,0.0001860550002350042,0.008081176384495015,1.0
2014-05-06,2014-05-07,2014-05-08,OK,-0.013653788093696325,0.13603694207906736,0.0005441477683162695,-0.01419050618369233,1.0
2014-05-07,2014-05-08,2014-05-09,OK,0.003106835544931035,0.16436487755118592,0.0006574595102047437,0.0024473334161505544,1.0
2014-05-08,2014-05-09,2014-05-12,OK,0.015494788247619743,0.07641925891948496,0.00030567703567793984,0.015184374811001877,1.0
2014-05-09,2014-05-12,2014-05-13,OK,0.003038712503863457,2.6867767206374682e-08,1.0747106882549874e-10,0.0030387123960660123,1.0
2014-05-12,2014-05-13,2014-05-14,OK,-0.0027376837439846294,0.009913471073694866,3.9653884294779466e-05,-0.0027772290684850987,1.0
2014-05-13,2014-05-14,2014-05-15,OK,-0.012009045868114476,0.10196382239237213,0.00040785528956948855,-0.012412003204803956,1.0
2014-05-14,2014-05-15,2014-05-16,OK,0.003180334721786455,0.19271185867803076,0.000770847434712123,0.002407035734212526,1.0
2014-05-15,2014-05-16,2014-05-19,OK,0.0027582644767096182,3.108055544182031e-08,1.2432222176728126e-10,0.002758264352044515,1.0
2014-05-16,2014-05-19,2014-05-20,OK,-0.014608955268405858,0.04964551481999385,0.00019858205927997542,-0.014804636251264824,1.0
2014-05-19,2014-05-20,2014-05-21,OK,0.015675811300641544,0.07888270368944247,0.0003155308147577699,0.015355334284371969,1.0
2014-05-20,2014-05-21,2014-05-22,OK,0.0005571355783914734,0.07066045085859603,0.0002826418034343841,0.0002743363051525005,1.0
2014-05-21,2014-05-22,2014-05-23,OK,0.006174583766324572,1.0628905057229188e-05,4.251562022891675e-08,0.0061745409881879265,1.0
2014-05-22,2014-05-23,2014-05-27,OK,-0.0004040983084947331,0.011187175754742918,4.474870301897167e-05,-0.00044882892863851165,1.0
2014-05-23,2014-05-27,2014-05-28,OK,0.002243002177311773,0.0005030522698042106,2.0122090792168425e-06,0.002240985454843303,1.0
2014-05-27,2014-05-28,2014-05-29,OK,0.0061919506132104875,0.0536774956582218,0.00021470998263288722,0.005975911156969049,1.0
2014-05-28,2014-05-29,2014-05-30,OK,-0.005368649938586941,0.011520952937747471,4.6083811750989885e-05,-0.00541448634248487,1.0
2014-05-29,2014-05-30,2014-06-02,OK,-0.004620085430181116,0.1223802399808302,0.0004895209599233208,-0.005107344761449695,1.0
2014-05-30,2014-06-02,2014-06-03,OK,0.005218909947787684,0.0479489290500256,0.00019179571620010243,0.005026113267016408,1.0
2014-06-02,2014-06-03,2014-06-04,OK,-0.0023478281118766266,0.06456588128753105,0.0002582635251501242,-0.002605485278662112,1.0
2014-06-03,2014-06-04,2014-06-05,OK,0.0024328526826504627,2.17851868627994e-08,8.71407474511976e-11,0.0024328525952976854,1.0
2014-06-04,2014-06-05,2014-06-06,OK,0.02259376113504322,0.2919099972490829,0.0011676399889963317,0.02139973976704379,1.0
2014-06-05,2014-06-06,2014-06-09,OK,0.006951531394259398,0.15723877348182885,0.0006289550939273154,0.006318204099251101,1.0
2014-06-06,2014-06-09,2014-06-10,OK,0.0017908990014404225,0.14353598303540946,0.0005741439321416378,0.0012157268355039719,1.0
2014-06-09,2014-06-10,2014-06-11,OK,0.0049802890435233435,0.061111813678301465,0.0002444472547132059,0.004734624370825724,1.0
2014-06-10,2014-06-11,2014-06-12,OK,-0.009895870098821395,0.37858558339214476,0.0015143423335685791,-0.011395226697371919,1.0
2014-06-11,2014-06-12,2014-06-13,OK,0.0095490980489344,0.14029741539414423,0.000561189661576577,0.008982549532255302,1.0
2014-06-12,2014-06-13,2014-06-16,OK,-0.004631639432075137,0.19592704735324498,0.0007837081894129799,-0.005411717767734747,1.0
2014-06-13,2014-06-16,2014-06-17,OK,8.178594572538214e-05,0.08245828287535094,0.00032983313150140376,-0.0002480741614905302,1.0
2014-06-16,2014-06-17,2014-06-18,OK,0.013675924997267875,0.17544554567242995,0.0007017821826897199,0.012964545294083196,1.0
2014-06-17,2014-06-18,2014-06-19,OK,-0.0025278792757391917,0.1631353901672841,0.0006525415606691364,-0.0031787712901205634,1.0
2014-06-18,2014-06-19,2014-06-20,OK,0.004614022746602006,0.08823559568505673,0.00035294238274022696,0.004259451879679688,1.0
2014-06-19,2014-06-20,2014-06-23,OK,-0.0024492902790877466,1.0813992597918931e-07,4.3255970391675724e-10,-0.00244929071058797,1.0
2014-06-20,2014-06-23,2014-06-24,OK,-0.014605025712298554,0.09225571839629362,0.0003690228735851745,-0.01496865899732669,1.0000000000000002
2014-06-23,2014-06-24,2014-06-25,OK,0.0012265041268737567,0.022236910116928542,8.894764046771417e-05,0.0011374473917578065,1.0
2014-06-24,2014-06-25,2014-06-26,OK,-0.0014446691113242857,0.18911674504852288,0.0007564669801940916,-0.0022000432470382636,1.0
2014-06-25,2014-06-26,2014-06-27,OK,-0.0022571834516559855,1.2141300498459684e-05,4.856520199383874e-08,-0.002257231907237367,1.0
2014-06-26,2014-06-27,2014-06-30,OK,0.0011666861587807408,0.06047158974545847,0.0002418863589818339,0.0009245175943317641,1.0
2014-06-27,2014-06-30,2014-07-01,OK,0.020203919795429084,0.020335587714715345,8.134235085886138e-05,0.020120934010237512,1.0
2014-06-30,2014-07-01,2014-07-02,OK,-0.001302023722569741,0.06116827122163693,0.0002446730848865477,-0.0015463782372954205,1.0
2014-07-01,2014-07-02,2014-07-03,OK,0.007132600408136385,0.17793887963106908,0.0007117555185242764,0.006415768221910145,1.0
2014-07-02,2014-07-03,2014-07-07,OK,-0.011703699634310541,0.071399847847341,0.00028559939138936405,-0.01198595645620737,1.0
2014-07-03,2014-07-07,2014-07-08,OK,-0.01256803774961164,0.06520521334048016,0.0002608208533619206,-0.012825580596642627,1.0
2014-07-07,2014-07-08,2014-07-09,OK,0.00969230555102078,0.070551212106352,0.000282204848425408,0.009407365486976405,1.0
2014-07-08,2014-07-09,2014-07-10,OK,-0.0018097189926461897,0.07841976111113043,0.0003136790444445217,-0.0021228303661663395,1.0
2014-07-09,2014-07-10,2014-07-11,OK,0.0008408281366229131,6.992527373725355e-07,2.797010949490142e-09,0.0008408253372602648,1.0
2014-07-10,2014-07-11,2014-07-14,OK,0.02152299757126246,0.04129980589738949,0.00016519922358955796,0.02135424276518494,1.0
2014-07-11,2014-07-14,2014-07-15,OK,-0.005495019958052065,3.272812926263108e-06,1.3091251705052431e-08,-0.005495032977367087,1.0
2014-07-14,2014-07-15,2014-07-16,OK,0.0015309863748089615,0.01948003962305234,7.792015849220936e-05,0.0014529469216157942,1.0
2014-07-15,2014-07-16,2014-07-17,OK,-0.004103610354512572,2.7750228670520016e-08,1.1100091468208007e-10,-0.004103610465057916,1.0
2014-07-16,2014-07-17,2014-07-18,OK,0.022486955644490523,2.0846627271642326e-08,8.33865090865693e-11,0.02248695555922886,1.0
2014-07-17,2014-07-18,2014-07-21,OK,0.007099332514684352,0.09551305712370595,0.0003820522284948238,0.006714567970381502,1.0
2014-07-18,2014-07-21,2014-07-22,OK,-0.0040272871495213095,0.08244726057869185,0.0003297890423147674,-0.004355748036663831,1.0
2014-07-21,2014-07-22,2014-07-23,OK,-0.007561761271129897,3.341329290335038e-08,1.3365317161340152e-10,-0.007561761403772516,1.0
2014-07-22,2014-07-23,2014-07-24,OK,-0.0010040909142864066,0.008589780257629735,3.435912103051894e-05,-0.0010384155356357727,1.0
2014-07-23,2014-07-24,2014-07-25,OK,-0.006090477212813496,0.06426713446708136,0.00025706853786832545,-0.0063459800806098254,1.0
2014-07-24,2014-07-25,2014-07-28,OK,0.00030977088052598634,0.10378661097137859,0.00041514644388551436,-0.00010550416363896975,1.0
2014-07-25,2014-07-28,2014-07-29,OK,-0.009124271623157295,0.06015371684098313,0.00024061486736393255,-0.009362691055114891,1.0
2014-07-28,2014-07-29,2014-07-30,OK,0.0002915534053341267,0.0034024008109946567,1.3609603243978627e-05,0.00027793983416390944,1.0
2014-07-29,2014-07-30,2014-07-31,OK,-0.028547843587747222,9.178322699088248e-09,3.6713290796352994e-11,-0.02854784362341245,1.0
2014-07-30,2014-07-31,2014-08-01,OK,-0.0017246037613035678,0.05821140068367263,0.00023284560273469052,-0.001957047797636058,1.0
2014-07-31,2014-08-01,2014-08-04,OK,0.01007415874066684,0.08190524601774724,0.00032762098407098896,0.009743237250795511,1.0
2014-08-01,2014-08-04,2014-08-05,OK,-0.008452117560451514,0.07113024602530227,0.00028452098410120907,-0.008734233739746688,1.0
2014-08-04,2014-08-05,2014-08-06,OK,0.012535197023497124,0.06017825440918114,0.00024071301763672456,0.012291466620758085,1.0
2014-08-05,2014-08-06,2014-08-07,OK,-0.0019600135641494178,0.00034719245649438187,1.3887698259775275e-06,-0.001961399611967729,1.0
2014-08-06,2014-08-07,2014-08-08,OK,-0.0016732221244919344,0.06178971413311384,0.00024715885653245535,-0.0019199674293574054,1.0
2014-08-07,2014-08-08,2014-08-11,OK,0.011334551055662402,0.05462492583823042,0.00021849970335292168,0.011113574756266065,1.0
2014-08-08,2014-08-11,2014-08-12,OK,-0.0067601442869863046,0.059081536803115085,0.00023632614721246035,-0.006994872835344834,1.0
2014-08-11,2014-08-12,2014-08-13,OK,-0.004028890426766251,0.0549660891488384,0.00021986435659535362,-0.004247868973960123,1.0
2014-08-12,2014-08-13,2014-08-14,OK,0.002845678969467776,0.04712663294677856,0.00018850653178711425,0.002656636008607549,1.0
2014-08-13,2014-08-14,2014-08-15,OK,0.017155178981001773,0.0332662670249468,0.0001330650680997872,0.01701983115784267,1.0
2014-08-14,2014-08-15,2014-08-18,OK,0.012392981147678894,0.07564772512209483,0.0003025909004883793,0.012086640243865299,1.0
2014-08-15,2014-08-18,2014-08-19,OK,0.01901486857445341,0.016368394841637175,6.54735793665487e-05,0.018948150023579968,1.0
2014-08-18,2014-08-19,2014-08-20,OK,0.006279877170149507,0.06998851347676387,0.0002799540539070555,0.005998165039170722,1.0
2014-08-19,2014-08-20,2014-08-21,OK,0.0003926415353795935,0.045648333492917546,0.0001825933339716702,0.00020997650768106446,1.0
2014-08-20,2014-08-21,2014-08-22,OK,-0.006487746278915298,0.129788828522196,0.000519155314088784,-0.0070035334450468945,1.0
2014-08-21,2014-08-22,2014-08-25,OK,0.016487682242146577,0.036370614282191904,0.00014548245712876762,0.016339801116492803,1.0
2014-08-22,2014-08-25,2014-08-26,OK,0.004978084442352967,0.09858789913056501,0.00039435159652226006,0.004581769730283236,1.0
2014-08-25,2014-08-26,2014-08-27,OK,0.01499354012658286,0.09161950466043924,0.00036647801864175697,0.014621567305063143,1.0
2014-08-26,2014-08-27,2014-08-28,OK,-0.001098184534872097,0.0652415089209463,0.0002609660356837852,-0.0013588639816913828,1.0
2014-08-27,2014-08-28,2014-08-29,OK,0.009379375646548234,0.01702485495342637,6.809941981370549e-05,0.009310637496694918,0.9999999999999999
2014-08-28,2014-08-29,2014-09-02,OK,0.01296701605287111,0.17269374990487335,0.0006907749996194934,0.012267283762742665,1.0
2014-08-29,2014-09-02,2014-09-03,OK,-0.003412387885390265,0.031995687624164784,0.00012798275049665913,-0.0035399339090995685,1.0
2014-09-02,2014-09-03,2014-09-04,OK,-0.014421296958163661,5.4699218685755335e-08,2.1879687474302135e-10,-0.014421297173805137,1.0
2014-09-03,2014-09-04,2014-09-05,OK,0.00554017115010289,0.06403452259020836,0.00025613809036083345,0.0052826140108832575,1.0
2014-09-04,2014-09-05,2014-09-08,OK,-0.014896550350075132,0.07225073333096031,0.00028900293332384124,-0.015181248136651337,1.0
2014-09-05,2014-09-08,2014-09-09,OK,-0.00805616756800314,0.022882954206420024,9.15318168256801e-05,-0.008146961989174528,1.0
2014-09-08,2014-09-09,2014-09-10,OK,-0.006124953299516184,0.0649153838394562,0.0002596615353578248,-0.006383024420096306,1.0
2014-09-09,2014-09-10,2014-09-11,OK,0.0032093773815831668,0.11567789355182001,0.00046271157420728007,0.0027451807913152493,1.0
2014-09-10,2014-09-11,2014-09-12,OK,-0.023618896875994083,0.0634815987196598,0.00025392639487863925,-0.023866825809537917,1.0
2014-09-11,2014-09-12,2014-09-15,OK,-0.0064269632915749855,0.003077520525190971,1.2310082100763883e-05,-0.006439194257230052,0.9999999999999999
2014-09-12,2014-09-15,2014-09-16,OK,0.019121321386322294,1.523637061066896e-07,6.094548244267583e-10,0.01912132076521389,1.0
2014-09-15,2014-09-16,2014-09-17,OK,0.0006082643634716368,0.026509731674587676,0.00010603892669835071,0.000502160937073004,1.0
2014-09-16,2014-09-17,2014-09-18,OK,-0.0009169730079697878,0.00010727629666756194,4.2910518667024776e-07,-0.0009174017196785789,1.0
2014-09-17,2014-09-18,2014-09-19,OK,-0.005370117691409639,0.009392646127951557,3.7570584511806226e-05,-0.005407486517460813,0.9999999999999999
2014-09-18,2014-09-19,2014-09-22,OK,-0.017799622682822265,0.05984023074786859,0.00023936092299147436,-0.01803472307169951,1.0
2014-09-19,2014-09-22,2014-09-23,OK,-0.00967428130546717,0.016140624409441424,6.45624976377657e-05,-0.009738219207341081,1.0
2014-09-22,2014-09-23,2014-09-24,OK,0.010422187373209416,0.3026769202326203,0.0012107076809304812,0.009198861469974062,1.0
2014-09-23,2014-09-24,2014-09-25,OK,-0.017843181981978457,0.014457715867369964,5.783086346947986e-05,-0.017899980958826833,1.0000000000000002
2014-09-24,2014-09-25,2014-09-26,OK,0.009366012234992019,0.09246969335797506,0.00036987877343190026,0.008992669172442902,1.0
2014-09-25,2014-09-26,2014-09-29,OK,-0.011999477698532691,0.21509819215235523,0.000860392768609421,-0.012849546203303142,1.0
2014-09-26,2014-09-29,2014-09-30,OK,-0.011943606229794656,0.1460304732986324,0.0005841218931945296,-0.012520751601106661,1.0
2014-09-29,2014-09-30,2014-10-01,OK,-0.027174496034566863,0.08388584924658005,0.00033554339698632017,-0.02750092120884229,1.0
2014-09-30,2014-10-01,2014-10-02,OK,0.0035736372505591513,0.13874422625633553,0.0005549769050253421,0.0030166770593929026,1.0
2014-10-01,2014-10-02,2014-10-03,OK,0.019852513402620703,0.17905930480988053,0.0007162372192395221,0.019122057074386634,1.0
2014-10-02,2014-10-03,2014-10-06,OK,0.007797918598540567,0.10430739966384471,0.0004172295986553789,0.007377435477438077,1.0
2014-10-03,2014-10-06,2014-10-07,OK,-0.00899293233141427,0.03791174711110626,0.00015164698844442504,-0.009143215568753305,1.0
2014-10-06,2014-10-07,2014-10-08,OK,0.021074964897980206,0.21222939696409399,0.0008489175878563759,0.020208156401758437,1.0
2014-10-07,2014-10-08,2014-10-09,OK,-0.00940334883325544,0.0797494095141118,0.0003189976380564472,-0.009719346825244224,1.0
2014-10-08,2014-10-09,2014-10-10,OK,-0.016731400942176265,0.025470425867807688,0.00010188170347123075,-0.016831578022018068,1.0
2014-10-09,2014-10-10,2014-10-13,OK,0.003611121612533135,8.769228751828728e-08,3.5076915007314914e-10,0.00361112126049723,1.0
2014-10-10,2014-10-13,2014-10-14,OK,0.0060675124831207905,2.6444913911460866e-08,1.0577965564584346e-10,0.0060675123766995576,1.0
2014-10-13,2014-10-14,2014-10-15,OK,-0.02832012833733836,0.030776781889478064,0.00012310712755791227,-0.0284397490552446,1.0
2014-10-14,2014-10-15,2014-10-16,OK,-0.0530949752660308,0.0032985946823890864,1.3194378729556345e-05,-0.05310746908954811,1.0
2014-10-15,2014-10-16,2014-10-17,OK,0.01326583995009888,0.0491254546999185,0.000196501818799674,0.01306673136962111,1.0
2014-10-16,2014-10-17,2014-10-20,OK,-0.00775235685947365,0.11273973577535558,0.0004509589431014223,-0.008199819807919173,1.0
2014-10-17,2014-10-20,2014-10-21,OK,0.0047563279549718545,0.0013835704805077904,5.5342819220311615e-06,0.004750767350189866,1.0
2014-10-20,2014-10-21,2014-10-22,OK,-0.00545753045493224,0.13872139368200323,0.000554885574728013,-0.006009387724737247,1.0
2014-10-21,2014-10-22,2014-10-23,OK,0.005422774534873774,0.14687289332724882,0.0005874915733089953,0.004832097127221768,1.0
2014-10-22,2014-10-23,2014-10-24,OK,0.012423087434845922,0.0031346175860810684,1.2538470344324273e-05,0.012410393197988201,1.0
2014-10-23,2014-10-24,2014-10-27,OK,-0.00653595374267077,0.0027348675754026025,1.093947030161041e-05,-0.0065468217131005035,1.0
2014-10-24,2014-10-27,2014-10-28,OK,0.013397909121021182,0.0013959263710111164,5.583705484044465e-06,0.013392250605558598,1.0
2014-10-27,2014-10-28,2014-10-29,OK,-0.0008079045250069332,0.004089946248821107,1.6359784995284426e-05,-0.0008242510928577751,1.0
2014-10-28,2014-10-29,2014-10-30,OK,0.011341923777987335,0.005724479328783189,2.2897917315132756e-05,0.011318766154239324,1.0
2014-10-29,2014-10-30,2014-10-31,OK,0.007669571251741272,0.056920654612055956,0.00022768261844822383,0.007440142405227945,1.0
2014-10-30,2014-10-31,2014-11-03,OK,-0.00018917491039871102,0.06676786899248113,0.0002670714759699245,-0.00045619586314615823,1.0
2014-10-31,2014-11-03,2014-11-04,OK,-0.0038468182246775597,0.1376437610112186,0.0005505750440448745,-0.004395275306608992,1.0
2014-11-03,2014-11-04,2014-11-05,OK,0.0026829630191972293,0.002811270340198801,1.1245081360795203e-05,0.0026716877676988826,1.0
2014-11-04,2014-11-05,2014-11-06,OK,0.0035792022991224743,0.12675937319252578,0.0005070374927701032,0.0030703500165925046,1.0
2014-11-05,2014-11-06,2014-11-07,OK,-0.006006378959527606,0.11728105489006158,0.0004691242195602463,-0.006472685441246129,1.0
2014-11-06,2014-11-07,2014-11-10,OK,0.001111778154911325,0.11728109715368613,0.00046912438861474457,0.0006421322040492949,1.0
2014-11-07,2014-11-10,2014-11-11,OK,0.0012450195391333922,0.06339892519982868,0.0002535957007993147,0.0009911081067315308,0.9999999999999998
2014-11-10,2014-11-11,2014-11-12,OK,0.001141143813506095,0.06187452947135193,0.00024749811788540773,0.0008933632646745959,1.0
2014-11-11,2014-11-12,2014-11-13,OK,-0.0008780891005075057,0.06010721155111248,0.00024042884620444993,-0.001118306828762572,1.0
2014-11-12,2014-11-13,2014-11-14,OK,-0.00513123057961288,2.4192459497501817e-08,9.676983799000727e-11,-0.005131230675886056,1.0
2014-11-13,2014-11-14,2014-11-17,OK,-0.004589460549513967,0.05758910120574173,0.00023035640482296693,-0.004818759742704626,1.0
2014-11-14,2014-11-17,2014-11-18,OK,0.0053102794034559885,4.1653408493214084e-08,1.6661363397285635e-10,0.005310279235957616,1.0
2014-11-17,2014-11-18,2014-11-19,OK,-0.008631195148736968,2.8286653923074306e-05,1.1314661569229723e-07,-0.008631307318762271,1.0
2014-11-18,2014-11-19,2014-11-20,OK,0.004935071586260154,7.324706530614788e-07,2.9298826122459154e-09,0.004935068641918505,1.0
2014-11-19,2014-11-20,2014-11-21,OK,0.007592446430580748,0.16186330008366562,0.0006474532003346625,0.006940077476506268,1.0
2014-11-20,2014-11-21,2014-11-24,OK,0.0025637157043942494,0.2241727942400362,0.0008966911769601448,0.001664725666181699,1.0
2014-11-21,2014-11-24,2014-11-25,OK,0.002613021256449142,2.840833856695979e-08,1.1363335426783917e-10,0.0026130211425190453,1.0
2014-11-24,2014-11-25,2014-11-26,OK,0.004310236909524343,0.08132628115442261,0.0003253051246176905,0.003983529642751504,1.0
2014-11-25,2014-11-26,2014-11-28,OK,0.003248036342821629,0.09020064651782533,0.0003608025860713013,0.0028860618568380403,1.0
2014-11-26,2014-11-28,2014-12-01,OK,-0.00990038276727811,0.09020069002936026,0.00036080276011744107,-0.01025761344196685,1.0
2014-11-28,2014-12-01,2014-12-02,OK,0.006887594627954274,0.09413521896881434,0.0003765408758752574,0.006508460291165141,0.9999999999999999
2014-12-01,2014-12-02,2014-12-03,OK,0.010535069027167113,0.2032214021250667,0.0008128856085002668,0.009713619612670144,1.0
2014-12-02,2014-12-03,2014-12-04,OK,-0.00637975884261766,0.059952163598842735,0.00023980865439537095,-0.0066180375756295096,1.0
2014-12-03,2014-12-04,2014-12-05,OK,0.0059646038386760945,0.027057338878107243,0.00010822935551242898,0.005855728937934179,1.0
2014-12-04,2014-12-05,2014-12-08,OK,-0.009040839205249288,1.5148961895680713e-07,6.059584758272286e-10,-0.00904083980572945,1.0
2014-12-05,2014-12-08,2014-12-09,OK,0.0021834387828023293,0.0011470615283895157,4.588246113558063e-06,0.002178840518534342,1.0
2014-12-08,2014-12-09,2014-12-10,OK,-0.01891040590357617,0.070320842202487,0.000281283368809948,-0.019186370089708027,1.0
2014-12-09,2014-12-10,2014-12-11,OK,0.004989471753112304,0.06855895650306251,0.00027423582601225003,0.004713867635192326,1.0
2014-12-10,2014-12-11,2014-12-12,OK,-0.008376830487376726,0.1259501135174952,0.0005038004540699807,-0.008876410690443426,1.0
2014-12-11,2014-12-12,2014-12-15,OK,-0.006232017847459608,0.06917215465424856,0.00027668861861699425,-0.0065069821376672055,1.0
2014-12-12,2014-12-15,2014-12-16,OK,-0.019498730022305025,0.11010795988031181,0.00044043183952124725,-0.0199305740002943,1.0
2014-12-15,2014-12-16,2014-12-17,OK,0.022863810753968313,0.0719659780293465,0.000287863912117386,0.022569365175841183,1.0
2014-12-16,2014-12-17,2014-12-18,OK,0.016638238755370488,0.005955179438773739,2.3820717755094958e-05,0.01661402170282611,1.0
2014-12-17,2014-12-18,2014-12-19,OK,0.0006449295363162725,0.007035883181980163,2.8143532727920653e-05,0.0006167678529926945,1.0
2014-12-18,2014-12-19,2014-12-22,OK,0.010090414286909957,0.07900189576402643,0.0003160075830561057,0.009771218056423114,1.0
2014-12-19,2014-12-22,2014-12-23,OK,0.004799749951828534,0.05870225026680412,0.00023480900106721649,0.004563813926269811,1.0
2014-12-22,2014-12-23,2014-12-24,OK,-0.0007330446928265613,0.028784445813577957,0.00011513778325431184,-0.000848098074939907,1.0
2014-12-23,2014-12-24,2014-12-26,OK,0.0005607943772316915,0.028784440297405046,0.00011513776118962018,0.0004455920474328856,1.0
2014-12-24,2014-12-26,2014-12-29,OK,0.0014944423154958698,2.5296475728367462e-08,1.0118590291346985e-10,0.001494442214158731,1.0
2014-12-26,2014-12-29,2014-12-30,OK,-0.0008160463609871153,0.08730869789720495,0.0003492347915888198,-0.0011649961607950177,1.0
2014-12-29,2014-12-30,2014-12-31,OK,-0.006334447791740506,2.0160346326375533e-08,8.064138530550213e-11,-0.006334447871871096,1.0
2014-12-30,2014-12-31,2015-01-02,OK,-0.0042781801413777285,3.143438523194042e-08,1.257375409277617e-10,-0.004278180266577336,1.0
2014-12-31,2015-01-02,2015-01-05,OK,-0.025183363183927433,3.564160273687722e-08,1.4256641094750888e-10,-0.025183363322903496,1.0
2015-01-02,2015-01-05,2015-01-06,OK,-0.009816999100161709,2.33777186255113e-08,9.351087450204521e-11,-0.009816999192754583,1.0
2015-01-05,2015-01-06,2015-01-07,OK,0.01614085971100171,0.05731699146575363,0.00022926796586301453,0.015907891163065457,1.0
2015-01-06,2015-01-07,2015-01-08,OK,0.02851483994635146,0.10125096926715978,0.0004050038770686391,0.028098287448550696,1.0
2015-01-07,2015-01-08,2015-01-09,OK,-0.010108927377010258,0.05432363605984951,0.00021729454423939805,-0.010324025306482465,1.0
2015-01-08,2015-01-09,2015-01-12,OK,-0.011030212309832404,0.0009591087681501079,3.8364350726004316e-06,-0.011034006428211618,1.0
2015-01-09,2015-01-12,2015-01-13,OK,0.0028073222750287937,0.034846072801975395,0.0001393842912079016,0.002667546687195488,1.0
2015-01-12,2015-01-13,2015-01-14,OK,-0.00514550265837592,0.0020158588349930735,8.063435339972295e-06,-0.0051535246032878845,1.0
2015-01-13,2015-01-14,2015-01-15,OK,-0.003144418416633632,0.0020810982848415063,8.324393139366026e-06,-0.0031527166343978674,1.0
2015-01-14,2015-01-15,2015-01-16,OK,0.01440140137073468,0.009341081705082221,3.736432682032889e-05,0.014363498945247022,1.0
2015-01-15,2015-01-16,2015-01-20,OK,0.0019225441098195788,4.957739268424133e-08,1.983095707369653e-10,0.0019225439111287823,1.0
2015-01-16,2015-01-20,2015-01-21,OK,0.025453342437715125,7.236229731323249e-06,2.8944918925292997e-08,0.025453312756051227,1.0
2015-01-20,2015-01-21,2015-01-22,OK,0.029479267213721246,0.0024612501623189603,9.845000649275841e-06,0.029469131989667163,1.0
2015-01-21,2015-01-22,2015-01-23,OK,0.006722788475349027,0.09909712546015269,0.00039638850184061075,0.006323735137456543,0.9999999999999999
2015-01-22,2015-01-23,2015-01-26,OK,0.005983337298641335,7.388626189867853e-08,2.9554504759471414e-10,0.005983337001328026,1.0
2015-01-23,2015-01-26,2015-01-27,OK,-0.0029658951722168737,0.005796628139567944,2.3186512558271777e-05,-0.0029890129160095036,1.0
2015-01-26,2015-01-27,2015-01-28,OK,-0.0196640842812009,4.2493030235138396e-08,1.699721209405536e-10,-0.019664084447830743,1.0
2015-01-27,2015-01-28,2015-01-29,OK,0.00691797230191446,7.058709504577376e-08,2.8234838018309507e-10,0.0069179720176126835,1.0
2015-01-28,2015-01-29,2015-01-30,OK,-0.022263502785503448,0.06736389355848194,0.00026945557423392776,-0.02252695933480997,1.0
2015-01-29,2015-01-30,2015-02-02,OK,0.006032632985830642,1.683849834392681e-08,6.735399337570725e-11,0.006032632918070435,1.0
2015-01-30,2015-02-02,2015-02-03,OK,0.02006562116279837,0.02288693950416501,9.154775801666004e-05,0.01997223644215107,1.0
2015-02-02,2015-02-03,2015-02-04,OK,-0.005842241302977899,0.0031697299714166533,1.2678919885666613e-05,-0.005854846149554116,1.0
2015-02-03,2015-02-04,2015-02-05,OK,0.004351209387551636,0.02833718992291922,0.00011334875969167688,0.0042373674236728665,1.0
2015-02-04,2015-02-05,2015-02-06,OK,-0.010933255894151688,0.07492320653804195,0.0002996928261521678,-0.01122967210194592,1.0
2015-02-05,2015-02-06,2015-02-09,OK,-0.007142051407361294,3.5552090922232743e-06,1.4220836368893097e-08,-0.007142065526631658,1.0
2015-02-06,2015-02-09,2015-02-10,OK,0.02363113455896941,0.011726694001096105,4.690677600438442e-05,0.023583119322629686,1.0
2015-02-09,2015-02-10,2015-02-11,OK,0.0018571371305002664,2.7537803904374714e-08,1.1015121561749886e-10,0.0018571370201445614,1.0
2015-02-10,2015-02-11,2015-02-12,OK,0.009308081141847339,0.01369582554352286,5.478330217409144e-05,0.009252787912251259,1.0
2015-02-11,2015-02-12,2015-02-13,OK,0.006363715965763486,0.0675122260055038,0.00027004890402201523,0.006091948547219284,1.0
2015-02-12,2015-02-13,2015-02-17,OK,0.005083763374403537,0.049779898211331094,0.0001991195928453244,0.004883631504664976,1.0
2015-02-13,2015-02-17,2015-02-18,OK,0.0014075999237964324,0.0017677269135644774,7.07090765425791e-06,0.0014005190631329878,1.0
2015-02-17,2015-02-18,2015-02-19,OK,0.0036901618759216962,0.0012600889193648953,5.0403556774595815e-06,0.003685102920515826,1.0
2015-02-18,2015-02-19,2015-02-20,OK,0.00997323460124939,2.8070148094805347e-08,1.122805923792214e-10,0.009973234487848925,0.9999999999999999
2015-02-19,2015-02-20,2015-02-23,OK,0.0030121843511446583,4.989346756405222e-08,1.9957387025620887e-10,0.003012184150969599,1.0
2015-02-20,2015-02-23,2015-02-24,OK,-0.0030347339705470142,1.2923661978688633e-07,5.169464791475453e-10,-0.0030347344859247283,1.0
2015-02-23,2015-02-24,2015-02-25,OK,0.005779973532702481,2.0400103984546947e-08,8.16004159381878e-11,0.005779973450630305,1.0
2015-02-24,2015-02-25,2015-02-26,OK,0.000106357168181935,0.0004267092214598591,1.7068368858394363e-06,0.00010465014976168696,1.0
2015-02-25,2015-02-26,2015-02-27,OK,-0.00424958659011224,2.4414765824060797e-07,9.76590632962432e-10,-0.00424958756255267,1.0
2015-02-26,2015-02-27,2015-03-02,OK,0.011618544669247286,5.735681053286451e-08,2.2942724213145805e-10,0.011618544437154599,1.0
2015-02-27,2015-03-02,2015-03-03,OK,-0.009331275383574679,0.043343062619928,0.000173372250479712,-0.009503029849841305,1.0
2015-03-02,2015-03-03,2015-03-04,OK,-0.005225115284885849,3.4377188991296936e-08,1.3750875596518775e-10,-0.005225115421676141,1.0
2015-03-03,2015-03-04,2015-03-05,OK,0.0013255446457378975,3.1994983280825284e-08,1.2797993312330113e-10,0.0013255445175881508,1.0
2015-03-04,2015-03-05,2015-03-06,OK,-0.017415390166786122,0.043343099734698215,0.00017337239893879287,-0.017585743217753302,1.0
2015-03-05,2015-03-06,2015-03-09,OK,0.0026219484631085734,3.673313432768499e-08,1.4693253731073998e-10,0.0026219483157905454,1.0
2015-03-06,2015-03-09,2015-03-10,OK,-0.0181136524207326,0.04334314430113663,0.00017337257720454654,-0.01828388458733432,1.0
2015-03-09,2015-03-10,2015-03-11,OK,0.0009451633690606698,0.013771236773894153,5.508494709557661e-05,0.0008900263576909762,1.0
2015-03-10,2015-03-11,2015-03-12,OK,0.02101112026709629,0.02694237298584504,0.00010776949194338016,0.02090108641739663,1.0
2015-03-11,2015-03-12,2015-03-13,OK,-0.00785718935912839,0.05617226828770902,0.00022468907315083609,-0.00808011300768463,1.0
2015-03-12,2015-03-13,2015-03-16,OK,0.0048561931976507785,0.002656837505286681,1.0627350021146724e-05,0.004845514239164794,1.0
2015-03-13,2015-03-16,2015-03-17,OK,-0.006106236718413962,5.343984835811527e-08,2.1375939343246109e-10,-0.006106236930867981,1.0
2015-03-16,2015-03-17,2015-03-18,OK,0.011565758824555685,0.10424098019809526,0.00041696392079238105,0.011143972399616953,1.0
2015-03-17,2015-03-18,2015-03-19,OK,0.005131979393707289,0.0039031823799392205,1.5612729519756882e-05,0.005116286539981196,1.0
2015-03-18,2015-03-19,2015-03-20,OK,0.0016018218624005778,0.14415733274417353,0.0005766293309766941,0.0010242688739550143,1.0
2015-03-19,2015-03-20,2015-03-23,OK,1.6161656833796442e-05,0.09893751023970519,0.0003957500409588208,-0.000379594780101411,1.0
2015-03-20,2015-03-23,2015-03-24,OK,-0.001805191830008268,0.024024151094758125,9.609660437903251e-05,-0.0019011149615821843,0.9999999999999999
2015-03-23,2015-03-24,2015-03-25,OK,-0.01805959751111662,0.007841752126497872,3.136700850599149e-05,-0.018090398044073863,1.0
2015-03-24,2015-03-25,2015-03-26,OK,-0.004800882166922373,0.13266361018469547,0.0005306544407387819,-0.005328988998219875,1.0
2015-03-25,2015-03-26,2015-03-27,OK,0.0030816760698386967,2.063541966294824e-08,8.254167865179296e-11,0.0030816759870426758,1.0
2015-03-26,2015-03-27,2015-03-30,OK,0.01621249698793391,0.13080227591377203,0.0005232091036550882,0.01568080535826155,1.0
2015-03-27,2015-03-30,2015-03-31,OK,-0.009690936123099254,0.0005540782760382924,2.2163131041531698e-06,-0.009693130958054685,1.0
2015-03-30,2015-03-31,2015-04-01,OK,-0.008173935544812785,0.011636674886111417,4.654669954444567e-05,-0.00822010177463528,1.0
2015-03-31,2015-04-01,2015-04-02,OK,0.0042569695288788316,0.10114111573736953,0.0004045644629494781,0.0038506828473381383,1.0
2015-04-01,2015-04-02,2015-04-06,OK,0.006344647487965477,0.0330664082607837,0.0001322656330431348,0.006211542676105797,1.0
2015-04-02,2015-04-06,2015-04-07,OK,-0.00561642215973783,0.021377685774113694,8.551074309645477e-05,-0.005701452638401827,1.0
2015-04-06,2015-04-07,2015-04-08,OK,0.015254264653061969,0.06770967970698816,0.00027083871882795264,0.014979294488738804,1.0
2015-04-07,2015-04-08,2015-04-09,OK,0.0007154214515665131,0.13130784129504336,0.0005252313651801735,0.00018981432460085657,1.0
2015-04-08,2015-04-09,2015-04-10,OK,0.009859010094537171,3.102661880454577e-08,1.241064752181831e-10,0.0098590099692073,1.0
2015-04-09,2015-04-10,2015-04-13,OK,0.009860441617432993,9.241524350465935e-09,3.696609740186374e-11,0.009860441580102464,1.0
2015-04-10,2015-04-13,2015-04-14,OK,0.0012300519160158068,1.0125772792295151e-08,4.0503091169180604e-11,0.0012300518754628786,1.0
2015-04-13,2015-04-14,2015-04-15,OK,-0.007151184031863571,2.8482767281887145e-08,1.1393106912754858e-10,-0.0071511841449798386,1.0
2015-04-14,2015-04-15,2015-04-16,OK,0.05336914650321023,0.13208966970085415,0.0005283586788034166,0.05281258977267145,1.0
2015-04-15,2015-04-16,2015-04-17,OK,-0.007023898105945986,0.1147502733945587,0.00045900109357823485,-0.007479675222612392,1.0
2015-04-16,2015-04-17,2015-04-20,OK,0.0012017381221268776,0.10504798706959106,0.00042019194827836424,0.0007810412131656896,1.0
2015-04-17,2015-04-20,2015-04-21,OK,-0.0006093877507486532,0.09944889739992005,0.0003977955895996802,-0.0010069409285887732,1.0
2015-04-20,2015-04-21,2015-04-22,OK,-0.003221804597467061,0.06753280366721931,0.00027013121466887724,-0.0034910655021466175,1.0
2015-04-21,2015-04-22,2015-04-23,OK,0.006384518039357873,4.029160725026182e-08,1.6116642900104729e-10,0.006384517877162432,1.0
2015-04-22,2015-04-23,2015-04-24,OK,0.009379504127882144,2.1599992299121962e-08,8.639996919648784e-11,0.009379504040671671,1.0
2015-04-23,2015-04-24,2015-04-27,OK,-0.005954570502718519,0.0010738818502521114,4.295527401008445e-06,-0.005958840452098824,1.0
2015-04-24,2015-04-27,2015-04-28,OK,0.0015931165381632248,0.09694612683256554,0.0003877845073302622,0.00120471424492119,1.0
2015-04-27,2015-04-28,2015-04-29,OK,-7.354654624516527e-05,0.0027774379224315554,1.1109751689726223e-05,-8.465548085101471e-05,1.0
2015-04-28,2015-04-29,2015-04-30,OK,-0.016508757073737182,0.11502848088559589,0.0004601139235423836,-0.016961275088289596,1.0
2015-04-29,2015-04-30,2015-05-01,OK,0.007565217784186147,0.09893140164784636,0.00039572560659138545,0.007166498427197965,0.9999999999999998
2015-04-30,2015-05-01,2015-05-04,OK,0.004344025583734578,0.04894583912790581,0.00019578335651162325,0.004147391739313333,1.0
2015-05-01,2015-05-04,2015-05-05,OK,-0.0031591215689026004,0.044925099062197646,0.0001797003962487906,-0.00333825426975376,1.0
2015-05-04,2015-05-05,2015-05-06,OK,-0.008064595952011632,0.002114691468660543,8.458765874642171e-06,-0.008072986501357238,1.0
2015-05-05,2015-05-06,2015-05-07,OK,0.00415358339334755,0.07205772558511545,0.0002882309023404618,0.003864155299917682,1.0000000000000002
2015-05-06,2015-05-07,2015-05-08,OK,0.009532755191099659,0.03630670862632562,0.0001452268345053025,0.009386143944733805,1.0
2015-05-07,2015-05-08,2015-05-11,OK,0.00017993081233778343,0.003981491686937794,1.5925966747751175e-05,0.0001640019800179804,0.9999999999999999
2015-05-08,2015-05-11,2015-05-12,OK,-0.0012904103720138282,2.0128266565696065e-05,8.051306626278426e-08,-0.0012904907811851496,1.0000000000000002
2015-05-11,2015-05-12,2015-05-13,OK,0.0012539805841693319,0.11342890386122093,0.00045371561544488374,0.0007996960181519963,1.0
2015-05-12,2015-05-13,2015-05-14,OK,0.014913236335105827,0.04596954774367132,0.0001838781909746853,0.014726615925212405,1.0
2015-05-13,2015-05-14,2015-05-15,OK,0.018175886819613945,4.2837956697530655e-08,1.7135182679012263e-10,0.0181758866451478,1.0
2015-05-14,2015-05-15,2015-05-18,OK,-0.0038891571563169827,0.04075521818744399,0.00016302087274977595,-0.004051544015272857,1.0
2015-05-15,2015-05-18,2015-05-19,OK,-0.01038708601597026,0.04075323821547956,0.00016301295286191825,-0.010548405739269073,1.0
2015-05-18,2015-05-19,2015-05-20,OK,0.0019054044156000488,0.0435167200938108,0.0001740668803752432,0.0017310058674222528,1.0
2015-05-19,2015-05-20,2015-05-21,OK,0.0066888320390642644,0.13725460012774113,0.0005490184005109645,0.006136141346686053,0.9999999999999999
2015-05-20,2015-05-21,2015-05-22,OK,-0.010492262333632471,0.03880869875668616,0.00015523479502674466,-0.01064586836446646,1.0000000000000002
2015-05-21,2015-05-22,2015-05-26,OK,-0.022666247275993062,2.9252367205606644e-08,1.1700946882242657e-10,-0.02266624739035039,1.0
2015-05-22,2015-05-26,2015-05-27,OK,0.012759922731560604,0.06514739809434639,0.00026058959237738557,0.012496008036119832,1.0
2015-05-26,2015-05-27,2015-05-28,OK,-0.0013401833958826593,0.17732815212740888,0.0007093126085096355,-0.0020485453954118826,1.0
2015-05-27,2015-05-28,2015-05-29,OK,-0.007192778363123167,0.07160509295198626,0.00028642037180794507,-0.007477138576677977,0.9999999999999999
2015-05-28,2015-05-29,2015-06-01,OK,0.0007641939182927743,2.9582033621300408e-08,1.1832813448520162e-10,0.0007641937998741355,1.0
2015-05-29,2015-06-01,2015-06-02,OK,-0.00031675225319360064,0.174674443649567,0.000698697774598268,-0.0010152287136975247,1.0
2015-06-01,2015-06-02,2015-06-03,OK,-0.0009044010672817062,0.07505846853733689,0.00030023387414934754,-0.0012043634095948441,1.0
2015-06-02,2015-06-03,2015-06-04,OK,-0.009050822041420273,0.07037629243707863,0.0002815051697483145,-0.009329779357973522,1.0
2015-06-03,2015-06-04,2015-06-05,OK,0.003771226176671158,0.07500802801367677,0.0003000321120547071,0.0034700625756616255,1.0
2015-06-04,2015-06-05,2015-06-08,OK,-0.0029493762805274893,0.05064545122191966,0.00020258180488767863,-0.003151360595444963,1.0
2015-06-05,2015-06-08,2015-06-09,OK,0.011131283024974709,0.13267832304243576,0.0005307132921697431,0.010594662212944916,1.0
2015-06-08,2015-06-09,2015-06-10,OK,0.019938974407614173,0.07291541506961632,0.0002916616602784653,0.019641497312955725,1.0
2015-06-09,2015-06-10,2015-06-11,OK,-0.0016355856649175283,0.11441454026978388,0.00045765816107913555,-0.002092495286868945,1.0
2015-06-10,2015-06-11,2015-06-12,OK,-0.007772019017955194,0.031881774688810274,0.0001275270987552411,-0.007898554973673533,1.0
2015-06-11,2015-06-12,2015-06-15,OK,-0.0025051992603994364,0.12707419333926567,0.0005082967733570627,-0.0030122226490557624,1.0
2015-06-12,2015-06-15,2015-06-16,OK,0.022178963667808516,0.0013307934733861396,5.3231738935445585e-06,0.022173522431434556,1.0
2015-06-15,2015-06-16,2015-06-17,OK,-0.004796053069188277,0.0002738931236683749,1.0955724946734997e-06,-0.004797143387259228,1.0
2015-06-16,2015-06-17,2015-06-18,OK,0.011118248664707567,9.106465588927873e-05,3.6425862355711495e-07,0.011117880356166232,1.0
2015-06-17,2015-06-18,2015-06-19,OK,-0.010841664241447719,0.050876571696009454,0.00020350628678403781,-0.011042964181399384,1.0
2015-06-18,2015-06-19,2015-06-22,OK,0.009380742364149005,0.08672059341069421,0.00034688237364277684,0.00903060597632832,1.0
2015-06-19,2015-06-22,2015-06-23,OK,0.006442655967852859,3.509586360719505e-05,1.403834544287802e-07,0.006442514679956046,1.0
2015-06-22,2015-06-23,2015-06-24,OK,-0.0067938339966533414,0.04086752085385871,0.00016347008341543486,-0.0069561934914585954,1.0
2015-06-23,2015-06-24,2015-06-25,OK,-0.008363006263957931,0.00010878841642453924,4.3515366569815694e-07,-0.008363437778430738,1.0
2015-06-24,2015-06-25,2015-06-26,OK,0.00791988790825388,0.08888029318682318,0.00035552117274729273,0.007561551047669424,1.0
2015-06-25,2015-06-26,2015-06-29,OK,-0.02220229029624475,0.08847974182300271,0.00035391896729201086,-0.022548351451883608,1.0
2015-06-26,2015-06-29,2015-06-30,OK,0.007146930383023855,0.12426626218842349,0.000497065048753694,0.00664631284497097,1.0000000000000002
2015-06-29,2015-06-30,2015-07-01,OK,-0.005172365499642475,0.1433353517197098,0.0005733414068788392,-0.005742741375208915,1.0
2015-06-30,2015-07-01,2015-07-02,OK,0.002675659903655692,0.06255984698091475,0.00025023938792365904,0.0024247509602355333,1.0
2015-07-01,2015-07-02,2015-07-06,OK,-0.012577394382063978,7.167883139466702e-08,2.867153255786681e-10,-0.012577394665173158,1.0
2015-07-02,2015-07-06,2015-07-07,OK,0.0013561166329057266,0.05496274668717549,0.00021985098674870196,0.001135967502577051,1.0
2015-07-06,2015-07-07,2015-07-08,OK,-0.01600992460652571,3.578417106381293e-08,1.4313668425525174e-10,-0.01600992474737084,1.0
2015-07-07,2015-07-08,2015-07-09,OK,0.015336663614847748,0.04409024104266987,0.0001763609641706795,0.015157597861894745,1.0
2015-07-08,2015-07-09,2015-07-10,OK,0.015012251558602238,0.0442603209272762,0.0001770412837091048,0.014832552486605755,1.0
2015-07-09,2015-07-10,2015-07-13,OK,0.01932180840508324,0.055006680455259555,0.00022002672182103823,0.019097530369099225,1.0
2015-07-10,2015-07-13,2015-07-14,OK,0.0050751460625365835,0.07519341443644684,0.00030077365774578736,0.004772845934545966,0.9999999999999999
2015-07-13,2015-07-14,2015-07-15,OK,-0.00989511624880698,0.06723896535815242,0.0002689558614326097,-0.010161410760724965,1.0
2015-07-14,2015-07-15,2015-07-16,OK,0.047449703709707004,1.8822989014677383e-08,7.529195605870953e-11,0.047449703630842555,1.0
2015-07-15,2015-07-16,2015-07-17,OK,-0.013115346872146535,0.10700457847104772,0.0004280183138841909,-0.013537751577376467,1.0
2015-07-16,2015-07-17,2015-07-20,OK,-0.016578810405023136,2.1478898278026737e-08,8.591559311210694e-11,-0.016578810489514373,1.0
2015-07-17,2015-07-20,2015-07-21,OK,-0.0005943961384844292,0.06948960504709366,0.0002779584201883746,-0.0008721893412612092,1.0
2015-07-20,2015-07-21,2015-07-22,OK,-0.007015664611384335,0.12202631291644364,0.00048810525166577455,-0.007500345480309423,1.0
2015-07-21,2015-07-22,2015-07-23,OK,-0.011051018716708456,0.06613870528652725,0.000264554821146109,-0.011312649937574415,1.0
2015-07-22,2015-07-23,2015-07-24,OK,-0.00867847398222561,0.06895839839665985,0.0002758335935866394,-0.008951913761146901,1.0
2015-07-23,2015-07-24,2015-07-27,OK,-0.01585926479542828,0.07485140290641784,0.00029940561162567137,-0.016153922054177983,1.0
2015-07-24,2015-07-27,2015-07-28,OK,0.016353232525734583,0.0669661990747543,0.0002678647962990172,0.016080987274136094,1.0
2015-07-27,2015-07-28,2015-07-29,OK,0.012858661997832267,0.03922856263168741,0.00015691425052674965,0.01269973003999536,1.0
2015-07-28,2015-07-29,2015-07-30,OK,0.005150029065488259,0.17670634059570184,0.0007068253623828074,0.004439563531944968,1.0
2015-07-29,2015-07-30,2015-07-31,OK,0.006924552044388297,0.07868657899619952,0.0003147463159847981,0.006607626251157628,1.0
2015-07-30,2015-07-31,2015-08-03,OK,-0.01184100117472085,0.05526637101497915,0.0002210654840599166,-0.012059449022124302,1.0
2015-07-31,2015-08-03,2015-08-04,OK,0.024568985820742437,3.784069885527652e-07,1.513627954211061e-09,0.024568984269926153,1.0
2015-08-03,2015-08-04,2015-08-05,OK,0.010220539178653586,9.795049931947408e-07,3.918019972778963e-09,0.0102205352205893,1.0
2015-08-04,2015-08-05,2015-08-06,OK,8.568453318880294e-06,1.021104073344048e-07,4.084416293376192e-10,8.568044873813463e-06,1.0
2015-08-05,2015-08-06,2015-08-07,OK,-0.014718119321019598,6.880597556435664e-07,2.7522390225742657e-09,-0.014718122032750802,1.0
2015-08-06,2015-08-07,2015-08-10,OK,0.009081783760828872,0.05525010343066707,0.0002210004137226683,0.00885877626913767,1.0
2015-08-07,2015-08-10,2015-08-11,OK,-0.007690442940927215,0.055019812133283635,0.00022007924853313453,-0.007908829682557128,1.0000000000000002
2015-08-10,2015-08-11,2015-08-12,OK,-0.004939357638280812,0.05085909015370351,0.00020343636061481406,-0.005141789153953913,1.0
2015-08-11,2015-08-12,2015-08-13,OK,0.001587519556501233,1.1700618749582725e-07,4.68024749983309e-10,0.0015875190877334688,1.0
2015-08-12,2015-08-13,2015-08-14,OK,-0.0008770478909847651,0.038381075887795386,0.00015352430355118155,-0.0010304375463693338,1.0
2015-08-13,2015-08-14,2015-08-17,OK,0.014322332601977083,5.364917758654553e-08,2.145967103461821e-10,0.014322332384306913,1.0
2015-08-14,2015-08-17,2015-08-18,OK,0.011840319353220077,3.1765003405404e-08,1.2706001362161602e-10,0.011840319224655671,1.0
2015-08-17,2015-08-18,2015-08-19,OK,-0.016827089640916247,1.008420320868647e-06,4.033681283474588e-09,-0.01682709360672241,0.9999999999999999
2015-08-18,2015-08-19,2015-08-20,OK,-0.036065147734064405,1.4577028152606974e-07,5.830811261042789e-10,-0.03606514829611662,1.0
2015-08-19,2015-08-20,2015-08-21,OK,-0.04756637681504028,2.9140805980071294e-08,1.1656322392028518e-10,-0.04756637692605903,1.0
2015-08-20,2015-08-21,2015-08-24,OK,-0.05097395528126193,0.03838223360008278,0.00015352893440033111,-0.05111965823862574,1.0
2015-08-21,2015-08-24,2015-08-25,OK,0.007703970532921609,0.0693344411002379,0.0002773377644009516,0.007424496166555938,1.0000000000000002
2015-08-24,2015-08-25,2015-08-26,OK,0.045918274318785986,3.633389360560568e-08,1.4533557442242274e-10,0.04591827416677696,1.0
2015-08-25,2015-08-26,2015-08-27,OK,0.04502135747283799,0.04251496070179062,0.00017005984280716249,0.044843641305055915,1.0
2015-08-26,2015-08-27,2015-08-28,OK,-0.0016639537923350109,0.07321068695396644,0.0002928427478158658,-0.001956309263349998,1.0
2015-08-27,2015-08-28,2015-08-31,OK,-0.009473267960845565,0.04260096006401913,0.00017040384025607654,-0.009642057519861358,1.0
2015-08-28,2015-08-31,2015-09-01,OK,-0.042217835081369545,0.06667342764685233,0.0002666937105874093,-0.04247326956086617,1.0
2015-08-31,2015-09-01,2015-09-02,OK,0.012457526203026212,4.075516100640608e-08,1.6302064402562433e-10,0.012457526037974676,1.0
2015-09-01,2015-09-02,2015-09-03,OK,-0.008453542475504911,2.4039732329783625e-08,9.61589293191345e-11,-0.008453542570850958,1.0
2015-09-02,2015-09-03,2015-09-04,OK,-0.018753131995075986,5.5723876509622405e-08,2.2289550603848962e-10,-0.01875313221379149,1.0
2015-09-03,2015-09-04,2015-09-08,OK,0.009022022556133796,0.03842872810245767,0.00015371491240983069,0.00886692082431706,1.0
2015-09-04,2015-09-08,2015-09-09,OK,-6.662487645083155e-05,0.03843017629195613,0.0001537207051678245,-0.00022033533999565869,1.0
2015-09-08,2015-09-09,2015-09-10,OK,0.0017966054664481496,0.03819574390889111,0.00015278297563556446,0.0016435480000833724,0.9999999999999998
2015-09-09,2015-09-10,2015-09-11,OK,-0.005386247619716261,1.4892081866217655e-05,5.956832746487062e-08,-0.005386306867193991,1.0
2015-09-10,2015-09-11,2015-09-14,OK,-0.0068138377176339025,4.117036093792548e-06,1.646814437517019e-08,-0.006813854073567049,1.0
2015-09-11,2015-09-14,2015-09-15,OK,0.012569721446021665,6.74214779283755e-08,2.69685911713502e-10,0.012569721172945858,1.0
2015-09-14,2015-09-15,2015-09-16,OK,0.02582800612067703,0.062362817900646045,0.0002494512716025842,0.025572112020104676,1.0
2015-09-15,2015-09-16,2015-09-17,OK,0.0062355354552146094,0.05568348142187597,0.0002227339256875039,0.006011412664236326,1.0
2015-09-16,2015-09-17,2015-09-18,OK,-0.01956668588918574,0.04719621196759794,0.00018878484787039176,-0.019751776843237256,1.0
2015-09-17,2015-09-18,2015-09-21,OK,-0.001905080588016369,3.276936959284438e-08,1.310774783713775e-10,-0.0019050807188442098,0.9999999999999999
2015-09-18,2015-09-21,2015-09-22,OK,-0.017036929843276705,2.971814213811874e-08,1.1887256855247497e-10,-0.01703692996012396,1.0
2015-09-21,2015-09-22,2015-09-23,OK,-0.0026335259862209697,3.81189015456751e-08,1.524756061827004e-10,-0.0026335261382950392,1.0
2015-09-22,2015-09-23,2015-09-24,OK,0.012327426890115198,0.0471950373611664,0.0001887801494446656,0.012136319567179976,0.9999999999999998
2015-09-23,2015-09-24,2015-09-25,OK,-0.015261695057601088,0.04719540638536025,0.00018878162554144103,-0.015447595555541094,1.0
2015-09-24,2015-09-25,2015-09-28,OK,-0.036786825445488835,5.40144351017513e-08,2.1605774040700521e-10,-0.036786825653598476,1.0
2015-09-25,2015-09-28,2015-09-29,OK,0.0035121441734420836,2.7599148154366926e-08,1.1039659261746771e-10,0.0035121440626577627,1.0
2015-09-28,2015-09-29,2015-09-30,OK,0.04212996802136788,4.4038276219085515e-07,1.7615310487634205e-09,0.04212996618562359,1.0
2015-09-29,2015-09-30,2015-10-01,OK,0.002807479311981903,0.07603934916229702,0.00030415739664918804,0.0025024679997338595,1.0
2015-09-30,2015-10-01,2015-10-02,OK,0.020255781569084096,0.0736737427200389,0.00029469497088015564,0.01995511732124422,1.0
2015-10-01,2015-10-02,2015-10-05,OK,0.02474744480760796,8.10600948958351e-06,3.242403795833404e-08,0.024747411581157897,1.0
2015-10-02,2015-10-05,2015-10-06,OK,-0.011050109819547467,2.6601466338732616e-07,1.0640586535493045e-09,-0.011050110871848151,1.0
2015-10-05,2015-10-06,2015-10-07,OK,0.009958443863040506,0.00022146628173865673,8.85865126954627e-07,0.009957549176075497,1.0000000000000002
2015-10-06,2015-10-07,2015-10-08,OK,0.027882954193314356,0.06707621607514427,0.0002683048643005771,0.02760716819677267,0.9999999999999999
2015-10-07,2015-10-08,2015-10-09,OK,-0.0022633903183931618,0.204972639332914,0.000819890557331656,-0.0030814251433752826,1.0
2015-10-08,2015-10-09,2015-10-12,OK,-0.002288649698793524,5.096117905376008e-07,2.038447162150403e-09,-0.0022886517325754197,1.0
2015-10-09,2015-10-12,2015-10-13,OK,-0.019736637381954907,0.09935393054181615,0.0003974157221672646,-0.0201262094541238,1.0
2015-10-12,2015-10-13,2015-10-14,OK,-0.00842312702887482,0.014464412101532584,5.7857648406130334e-05,-0.008480497334958814,1.0
2015-10-13,2015-10-14,2015-10-15,OK,-0.018441766525641654,0.0501151669810796,0.0002004606679243184,-0.01863853034473062,1.0
2015-10-14,2015-10-15,2015-10-16,OK,-0.004083995025172729,0.03625187547893024,0.00014500750191572096,-0.004228410317172027,1.0
2015-10-15,2015-10-16,2015-10-19,OK,0.008283896590775774,0.03517947383044252,0.0001407178953217701,0.008142013002960802,1.0
2015-10-16,2015-10-19,2015-10-20,OK,-0.005615536930378129,0.03517955005469567,0.00014071820021878268,-0.005755464922346798,1.0
2015-10-19,2015-10-20,2015-10-21,OK,-0.01674708763830027,4.959162984419924e-06,1.9836651937679696e-08,-0.016747107142746076,1.0
2015-10-20,2015-10-21,2015-10-22,OK,0.009603205415236172,0.01092089407101381,4.368357628405524e-05,0.009559102336595737,1.0
2015-10-21,2015-10-22,2015-10-23,OK,0.004119370496642176,0.09146035533526557,0.0003658414213410623,0.0037520220389435366,1.0
2015-10-22,2015-10-23,2015-10-26,OK,0.01251735252760248,9.840505282333878e-07,3.9362021129335516e-09,0.012517348542129492,1.0
2015-10-23,2015-10-26,2015-10-27,OK,0.0011904625248972702,0.003527709390308909,1.4110837561235635e-05,0.0011763348889128888,1.0
2015-10-26,2015-10-27,2015-10-28,OK,0.013385489305003691,0.05120899906666206,0.00020483599626664825,0.013177911478699622,0.9999999999999999
2015-10-27,2015-10-28,2015-10-29,OK,-0.0035183629844331996,0.050774980471925954,0.00020309992188770383,-0.0037207483270735864,1.0
2015-10-28,2015-10-29,2015-10-30,OK,0.004893280059598987,0.016314030375111747,6.525612150044699e-05,0.004827704621620299,1.0
2015-10-29,2015-10-30,2015-11-02,OK,0.002427459294634016,1.7649237360117462e-05,7.059694944046985e-08,0.002427388526313523,1.0
2015-10-30,2015-11-02,2015-11-03,OK,0.01709202129551021,0.2012505123577166,0.0008050020494308664,0.016273260133907508,1.0
2015-11-02,2015-11-03,2015-11-04,OK,0.002775275634800194,3.0311179163855506e-08,1.2124471665542203e-10,0.0027752755132191,1.0
2015-11-03,2015-11-04,2015-11-05,OK,-0.001186135864024636,0.0007326893168924063,2.9307572675696255e-06,-0.0011890631450158784,1.0
2015-11-04,2015-11-05,2015-11-06,OK,-0.004968266006015175,3.035585727576007e-08,1.2142342910304027e-10,-0.004968266126835319,1.0
2015-11-05,2015-11-06,2015-11-09,OK,-0.02077953139354485,0.009933101851644675,3.97324074065787e-05,-0.020818438180144394,1.0
2015-11-06,2015-11-09,2015-11-10,OK,0.013074247182991487,2.8611589417137928e-08,1.1444635766855172e-10,0.01307424706704885,1.0
2015-11-09,2015-11-10,2015-11-11,OK,-0.012331799189202344,0.016888180434209255,6.755272173683702e-05,-0.012398518864340069,1.0
2015-11-10,2015-11-11,2015-11-12,OK,-0.01744714636994829,1.490662351541494e-08,5.962649406165976e-11,-0.01744714642853451,1.0
2015-11-11,2015-11-12,2015-11-13,OK,-0.026156703427872786,0.20956416113281548,0.0008382566445312619,-0.02697303404195661,0.9999999999999998
2015-11-12,2015-11-13,2015-11-16,OK,0.034835597589215055,0.19650001854251045,0.0007860000741700419,0.03402221673275596,1.0
2015-11-13,2015-11-16,2015-11-17,OK,0.009599210259088156,0.09203161528423863,0.0003681264611369545,0.009227550074648816,1.0
2015-11-16,2015-11-17,2015-11-18,OK,0.02373892941311371,0.11874037275574605,0.0004749614910229842,0.023252692844781375,1.0
2015-11-17,2015-11-18,2015-11-19,OK,-0.013550631677344698,0.0855963742986772,0.0003423854971947088,-0.01388837763477524,1.0
2015-11-18,2015-11-19,2015-11-20,OK,0.01639650237419448,2.5811904384720474e-08,1.032476175388819e-10,0.016396502269254043,1.0
2015-11-19,2015-11-20,2015-11-23,OK,0.005039372684621891,2.7194446756972912e-08,1.0877778702789165e-10,0.005039372575295964,1.0
2015-11-20,2015-11-23,2015-11-24,OK,0.001641560720620903,2.6146238139845845e-08,1.0458495255938339e-10,0.0016415606158641793,1.0
2015-11-23,2015-11-24,2015-11-25,OK,-0.002260635360267085,2.877336516965423e-08,1.1509346067861693e-10,-0.0022606354751003588,1.0
2015-11-24,2015-11-25,2015-11-27,OK,-0.00018250696945051827,1.6652118337012745e-08,6.660847334805098e-11,-0.00018250703604694163,1.0
2015-11-25,2015-11-27,2015-11-30,OK,-0.009579405626285639,3.873008219690277e-08,1.5492032878761109e-10,-0.009579405779721939,1.0
2015-11-27,2015-11-30,2015-12-01,OK,0.011082424814193768,0.07782465297957944,0.0003112986119183178,0.010767676258814252,1.0
2015-11-30,2015-12-01,2015-12-02,OK,0.008135884473788248,0.05458168875372094,0.00021832675501488378,0.007915781437517033,1.0
2015-12-01,2015-12-02,2015-12-03,OK,-0.017555106294305064,0.03679585507155691,0.00014718342028622764,-0.01769970589400327,1.0
2015-12-02,2015-12-03,2015-12-04,OK,0.020953101971593363,0.036795647170352774,0.0001471825886814111,0.020802835451122936,1.0
2015-12-03,2015-12-04,2015-12-07,OK,-0.021695238715429572,0.21374194741360575,0.000854967789654423,-0.02253165777479349,1.0
2015-12-04,2015-12-07,2015-12-08,OK,0.0066556380106375,0.16023220134123764,0.0006409288053649505,0.006010443415153555,1.0
2015-12-07,2015-12-08,2015-12-09,OK,-0.009488998000408113,1.7994687614986127e-08,7.197875045994451e-11,-0.009488998071703891,1.0
2015-12-08,2015-12-09,2015-12-10,OK,-0.0031609578910871588,0.079934916900753,0.00031973966760301197,-0.0034796868750647247,1.0000000000000002
2015-12-09,2015-12-10,2015-12-11,OK,-0.024043347724991757,2.717340905067367e-08,1.0869363620269468e-10,-0.02404334783107198,1.0
2015-12-10,2015-12-11,2015-12-14,OK,0.005000717051526324,0.07993495851482135,0.00031973983405928543,0.004679378289026648,1.0
2015-12-11,2015-12-14,2015-12-15,OK,-0.00015455333768723666,0.08556519918655868,0.00034226079674623474,-0.0004967612368850238,1.0
2015-12-14,2015-12-15,2015-12-16,OK,0.020576080066366544,7.503507233955209e-08,3.0014028935820836e-10,0.020576079760050714,1.0
2015-12-15,2015-12-16,2015-12-17,OK,-0.015118327399625398,0.10461572068785853,0.0004184628827514341,-0.015530463823510754,1.0
2015-12-16,2015-12-17,2015-12-18,OK,-0.02432335528288306,2.1912899765552663e-08,8.765159906221065e-11,-0.024323355368402688,1.0
2015-12-17,2015-12-18,2015-12-21,OK,-0.0014966801911731114,1.9566633036038894e-08,7.826653214415558e-11,-0.0014966802693224812,1.0
2015-12-18,2015-12-21,2015-12-22,OK,0.006457557110721644,8.549865805618229e-08,3.4199463222472916e-10,0.006457556766518602,1.0
2015-12-21,2015-12-22,2015-12-23,OK,0.015571762380985885,1.350211237954868e-08,5.4008449518194726e-11,0.01557176232613644,1.0
2015-12-22,2015-12-23,2015-12-24,OK,-0.003901014305446843,0.07993449175731884,0.0003197379670292754,-0.004219504970092713,1.0
2015-12-23,2015-12-24,2015-12-28,OK,-0.0023390141802862472,0.22935582726477072,0.0009174233090590829,-0.00325429162321611,1.0
2015-12-24,2015-12-28,2015-12-29,OK,0.01184419340529886,0.07764441429239435,0.0003105776571695774,0.011529937206290475,1.0
2015-12-28,2015-12-29,2015-12-30,OK,-0.012272173516908135,4.162722419195908e-08,1.665088967678363e-10,-0.012272173681373566,1.0
2015-12-29,2015-12-30,2015-12-31,OK,-0.010495956860176913,3.7978808528627006e-08,1.5191523411450804e-10,-0.010495957010497659,1.0
2015-12-30,2015-12-31,2016-01-04,OK,-0.018360944992587135,2.021635048948811e-08,8.086540195795244e-11,-0.018360945071967727,1.0
2015-12-31,2016-01-04,2016-01-05,OK,-0.002935737682903671,0.08161754254959262,0.0003264701701983705,-0.0032612494223210886,1.0
2016-01-04,2016-01-05,2016-01-06,OK,0.004503719751986917,0.10029777100723303,0.0004011910840289321,0.004100721815748498,1.0
2016-01-05,2016-01-06,2016-01-07,OK,-0.012693870835203248,0.2595744874097953,0.0010382979496391812,-0.013718988764781281,1.0
2016-01-06,2016-01-07,2016-01-08,OK,-0.021620535811215043,0.19054123886110397,0.0007621649554444159,-0.022366222351946297,1.0
2016-01-07,2016-01-08,2016-01-11,OK,0.011644600221029236,8.375478415495627e-08,3.3501913661982506e-10,0.011644599882109086,1.0
2016-01-08,2016-01-11,2016-01-12,OK,0.01011379130759174,0.005069664353377643,2.0278657413510574e-05,0.010093307556069187,1.0
2016-01-11,2016-01-12,2016-01-13,OK,-0.03869769269983667,5.594321901211674e-08,2.2377287604846697e-10,-0.038697692914950066,1.0000000000000002
2016-01-12,2016-01-13,2016-01-14,OK,0.01400348400607579,3.2640693513172455e-08,1.3056277405268983e-10,0.014003483873684663,0.9999999999999999
2016-01-13,2016-01-14,2016-01-15,OK,-0.01781087617311038,0.09404831246555684,0.00037619324986222735,-0.01818036909158216,1.0
2016-01-14,2016-01-15,2016-01-19,OK,0.018783543436631453,4.6567019279259575e-08,1.8626807711703832e-10,0.018783543246864598,1.0
2016-01-15,2016-01-19,2016-01-20,OK,-0.0056402581126526845,2.9387652615651266e-08,1.1755061046260507e-10,-0.005640258229540285,1.0
2016-01-19,2016-01-20,2016-01-21,OK,-0.004425205233506293,2.9013917718454657e-08,1.1605567087381863e-10,-0.004425205349048444,1.0
2016-01-20,2016-01-21,2016-01-22,OK,0.009952084829902707,0.03862443975193539,0.00015449775900774158,0.009796049496091142,1.0
2016-01-21,2016-01-22,2016-01-25,OK,-0.009671025119813149,0.09286916179630092,0.0003714766471852037,-0.010038909207011892,1.0
2016-01-22,2016-01-25,2016-01-26,OK,0.006723468734893559,0.08257259527585749,0.00033029038110342997,0.00639095765673936,1.0
2016-01-25,2016-01-26,2016-01-27,OK,-0.02136199262807065,2.1033978590996594e-08,8.413591436398638e-11,-0.021361992710409283,1.0
2016-01-26,2016-01-27,2016-01-28,OK,0.007426928781976776,2.9361808317544293e-05,1.1744723327017718e-07,0.007426810462471289,1.0
2016-01-27,2016-01-28,2016-01-29,OK,0.021541999366684283,0.1911162978981176,0.0007644651915924704,0.02076106606641881,1.0
2016-01-28,2016-01-29,2016-02-01,OK,0.010664942979907782,0.09650414675486392,0.0003860165870194557,0.010274809547998531,1.0
2016-01-29,2016-02-01,2016-02-02,OK,-0.013357949263254617,0.07793899818808278,0.0003117559927523311,-0.013665540835273271,1.0
2016-02-01,2016-02-02,2016-02-03,OK,-0.004803894323556485,0.046029595248633676,0.0001841183809945347,-0.004987128219305692,1.0
2016-02-02,2016-02-03,2016-02-04,OK,-0.0035118633259937854,0.05328794321901486,0.00021315177287605945,-0.003724266538975729,1.0
2016-02-03,2016-02-04,2016-02-05,OK,-0.02559132814378111,0.05540322751684694,0.00022161291006738776,-0.025807269685146017,1.0
2016-02-04,2016-02-05,2016-02-08,OK,-0.00838597715707027,0.050117146040747435,0.00020046858416298974,-0.008584764616265783,1.0
2016-02-05,2016-02-08,2016-02-09,OK,0.009546541031082708,0.14494029758586155,0.0005797611903434462,0.008961245126747341,1.0
2016-02-08,2016-02-09,2016-02-10,OK,0.005796613926614581,0.10149796525335315,0.0004059918610134126,0.00538826868752551,1.0
2016-02-09,2016-02-10,2016-02-11,OK,-0.018295836920553303,0.04471763870146371,0.00017887055480585485,-0.018471434888858496,1.0
2016-02-10,2016-02-11,2016-02-12,OK,0.021384542759356563,0.026457805236923367,0.00010583122094769347,0.0212764483861394,0.9999999999999999
2016-02-11,2016-02-12,2016-02-16,OK,0.017342299582530946,0.06349297608545328,0.0002539719043418131,0.01708392322133845,1.0
2016-02-12,2016-02-16,2016-02-17,OK,0.02378019372770556,0.0040270833714334126,1.610833348573365e-05,0.02376370233492886,1.0
2016-02-16,2016-02-17,2016-02-18,OK,-0.00831705761980694,0.06444114991105958,0.0002577645996442383,-0.008572678376423615,1.0
2016-02-17,2016-02-18,2016-02-19,OK,-0.0011675933872667982,0.005401102186901086,2.1604408747604345e-05,-0.001189172570849717,1.0
2016-02-18,2016-02-19,2016-02-22,OK,0.02423329027263702,0.06531760473960153,0.00026127041895840613,0.023965688411776265,1.0
2016-02-19,2016-02-22,2016-02-23,OK,-0.008376797482437746,0.050516106667076344,0.00020206442666830538,-0.008577169256325345,1.0
2016-02-22,2016-02-23,2016-02-24,OK,0.006969556707885731,0.0403614299928899,0.0001614457199715596,0.00680698578281369,1.0
2016-02-23,2016-02-24,2016-02-25,OK,0.011856401914232971,0.003724164713572658,1.4896658854290631e-05,0.011841328634604187,1.0
2016-02-24,2016-02-25,2016-02-26,OK,-0.000568191389390566,2.933047694823887e-07,1.1732190779295548e-09,-0.0005681925619430706,1.0
2016-02-25,2016-02-26,2016-02-29,OK,-0.012044276098962126,0.0278725287197982,0.0001114901148791928,-0.012154423396115388,1.0
2016-02-26,2016-02-29,2016-03-01,OK,0.023817700789494446,0.06794933663826791,0.00027179734655307167,0.02353942985506574,1.0000000000000002
2016-02-29,2016-03-01,2016-03-02,OK,0.0014826348623619735,7.877435192170379e-08,3.150974076868152e-10,0.0014826345467975344,1.0
2016-03-01,2016-03-02,2016-03-03,OK,0.0010324030388338256,0.05829381769099028,0.0002331752707639611,0.000798987037211818,1.0
2016-03-02,2016-03-03,2016-03-04,OK,0.004319050353174551,0.05099656258873045,0.0002039862503549218,0.004114183075933031,1.0
2016-03-03,2016-03-04,2016-03-07,OK,-0.0021856530253098385,0.06326266499853242,0.00025305065999412966,-0.002438150604363365,1.0
2016-03-04,2016-03-07,2016-03-08,OK,-0.006608209185698549,0.14879421163568615,0.0005951768465427446,-0.007199452979136933,1.0
2016-03-07,2016-03-08,2016-03-09,OK,0.003087807214996831,0.11551336910267455,0.00046205347641069825,0.0026243270065280377,0.9999999999999999
2016-03-08,2016-03-09,2016-03-10,OK,0.012315932519522468,0.08202167533181004,0.00032808670132724015,0.011983805124521352,1.0000000000000002
2016-03-09,2016-03-10,2016-03-11,OK,0.01542910733062508,0.06556290417912371,0.00026225161671649484,0.015162809405566469,1.0
2016-03-10,2016-03-11,2016-03-14,OK,-0.010266165720795532,0.08020622874278953,0.00032082491497115813,-0.010583696994022285,1.0
2016-03-11,2016-03-14,2016-03-15,OK,-0.01935029234954662,1.898957581458749e-08,7.595830325834996e-11,-0.019350292424035187,1.0
2016-03-14,2016-03-15,2016-03-16,OK,0.02472217753505898,0.003702940876658116,1.4811763506632464e-05,0.02470699959250533,1.0000000000000002
2016-03-15,2016-03-16,2016-03-17,OK,0.027094404228542274,0.013727629666371893,5.4910518665487574e-05,0.027038005942087828,1.0
2016-03-16,2016-03-17,2016-03-18,OK,0.004259446648800756,0.0058620302642896525,2.344812105715861e-05,0.004235898651723025,1.0
2016-03-17,2016-03-18,2016-03-21,OK,0.0032723127527785304,0.017833647597674706,7.133459039069883e-05,0.003200744733298011,1.0
2016-03-18,2016-03-21,2016-03-22,OK,0.005769289687545723,0.017436223755501627,6.974489502200652e-05,0.005699142414020031,1.0
2016-03-21,2016-03-22,2016-03-23,OK,-0.01847118462046826,0.06616073204098474,0.000264642928163939,-0.018730939280247605,1.0
2016-03-22,2016-03-23,2016-03-24,OK,-0.001223140147037563,5.374141679587163e-08,2.1496566718348654e-10,-0.0012231403617404268,1.0
2016-03-23,2016-03-24,2016-03-28,OK,0.02510660053547701,1.3982272720897138e-07,5.592909088358855e-10,0.02510659996214404,1.0
2016-03-24,2016-03-28,2016-03-29,OK,0.01108805524945064,0.06007543792641554,0.00024030175170566216,0.01084508901864556,0.9999999999999999
2016-03-28,2016-03-29,2016-03-30,OK,-7.335988040250161e-05,6.138469014741095e-08,2.455387605896438e-10,-7.33601259232941e-05,1.0
2016-03-29,2016-03-30,2016-03-31,OK,-0.003455801256772538,0.048291694651744245,0.00019316677860697697,-0.0036483004893832494,1.0
2016-03-30,2016-03-31,2016-04-01,OK,0.002036471647099568,0.1883734577641566,0.0007534938310566263,0.0012814433472196907,1.0000000000000002
2016-03-31,2016-04-01,2016-04-04,OK,-0.027095880729403343,0.11276316997726926,0.0004510526799090771,-0.027534711739695017,1.0
2016-04-01,2016-04-04,2016-04-05,OK,-0.005843552573545995,0.09416878185782177,0.0003766751274312871,-0.006218026580066982,1.0
2016-04-04,2016-04-05,2016-04-06,OK,0.0029833364712254025,7.578183677803274e-09,3.0312734711213094e-11,0.0029833364408222707,1.0
2016-04-05,2016-04-06,2016-04-07,OK,-0.009268166393825434,1.7494338033774426e-08,6.997735213509771e-11,-0.009268166463154204,1.0
2016-04-06,2016-04-07,2016-04-08,OK,0.019414924494579225,0.09416878372260024,0.00037667513489040097,0.019030936240385987,1.0
2016-04-07,2016-04-08,2016-04-11,OK,0.0031523080051546895,0.08265313353469225,0.000330612534138769,0.0028206532784780247,1.0
2016-04-08,2016-04-11,2016-04-12,OK,0.031064992760524084,1.2718047517901176e-08,5.087219007160471e-11,0.031064992708071504,1.0
2016-04-11,2016-04-12,2016-04-13,OK,0.020244820455888296,0.15024259208116444,0.0006009703683246578,0.019631683550357604,1.0
2016-04-12,2016-04-13,2016-04-14,OK,-0.0055064563472298905,0.20568714013626793,0.0008227485605450717,-0.006324674478741632,1.0
2016-04-13,2016-04-14,2016-04-15,OK,0.00682776501947167,0.07938153651061527,0.0003175261460424611,0.006508070879516659,1.0
2016-04-14,2016-04-15,2016-04-18,OK,-0.009844998509568655,0.20547207954835456,0.0008218883181934182,-0.010658795338494453,1.0
2016-04-15,2016-04-18,2016-04-19,OK,0.01501161001388825,1.0378407196143247e-08,4.1513628784572986e-11,0.015011609971751216,1.0
2016-04-18,2016-04-19,2016-04-20,OK,0.003818453159736228,0.00226116956631333,9.04467826525332e-06,0.0038093739447906394,1.0
2016-04-19,2016-04-20,2016-04-21,OK,-0.010198665269909056,1.3235889165935655e-07,5.294355666374262e-10,-0.010198665793945128,1.0
2016-04-20,2016-04-21,2016-04-22,OK,0.014255956227282433,8.54730947130733e-09,3.4189237885229317e-11,0.014255956192605668,1.0
2016-04-21,2016-04-22,2016-04-25,OK,-0.008956607587467707,0.11010980595323072,0.0004404392238129229,-0.009393101969986772,1.0
2016-04-22,2016-04-25,2016-04-26,OK,0.012870856613789516,0.21180431407009725,0.000847217256280389,0.01201273494568289,1.0
2016-04-25,2016-04-26,2016-04-27,OK,0.010467467168075041,0.09476238654056852,0.0003790495461622741,0.01008444993323332,1.0
2016-04-26,2016-04-27,2016-04-28,OK,0.00020925821587058674,1.6430396265754155e-08,6.572158506301662e-11,0.00020925815013539406,1.0
2016-04-27,2016-04-28,2016-04-29,OK,-0.0031555022786690845,0.08630044686811295,0.0003452017874724518,-0.0034996147811146017,1.0000000000000002
2016-04-28,2016-04-29,2016-05-02,OK,0.006729425810707607,0.08714788551105698,0.00034859154204422795,0.006378488447742914,1.0
2016-04-29,2016-05-02,2016-05-03,OK,-0.02017687706069053,0.07455540043726686,0.00029822160174906745,-0.02046908148184423,0.9999999999999999
2016-05-02,2016-05-03,2016-05-04,OK,0.0013977807823013382,1.8350812761719348e-07,7.340325104687739e-10,0.0013977800472428914,1.0
2016-05-03,2016-05-04,2016-05-05,OK,-0.012538639243490517,0.07109485016527117,0.0002843794006610847,-0.012819452913438445,1.0
2016-05-04,2016-05-05,2016-05-06,OK,0.011733742933771068,0.12040265370419573,0.0004816106148167829,0.011246481223806004,1.0
2016-05-05,2016-05-06,2016-05-09,OK,-0.01455720868661681,0.09094501398839525,0.000363780055953581,-0.01491569312037988,0.9999999999999997
2016-05-06,2016-05-09,2016-05-10,OK,0.02554876093419124,0.09992989719900527,0.0003997195887960211,0.025138829005180385,1.0
2016-05-09,2016-05-10,2016-05-11,OK,-0.012177919106728108,0.012801931502738038,5.1207726010952155e-05,-0.01222850322919411,1.0
2016-05-10,2016-05-11,2016-05-12,OK,-0.007599289389176863,1.356001904590301e-07,5.424007618361204e-10,-0.007599289927455843,1.0
2016-05-11,2016-05-12,2016-05-13,OK,-0.022512723268490742,7.952099933894799e-06,3.1808399735579195e-08,-0.022512754360796694,1.0
2016-05-12,2016-05-13,2016-05-16,OK,0.016286698002945996,0.012496861439127782,4.998744575651113e-05,0.01623589642675638,1.0
2016-05-13,2016-05-16,2016-05-17,OK,-0.005354845336143096,0.09266742219916846,0.00037066968879667384,-0.005723530146085398,1.0
2016-05-16,2016-05-17,2016-05-18,OK,0.0009999988078187496,1.1613963266793315e-08,4.645585306717326e-11,0.0009999987613162897,1.0
2016-05-17,2016-05-18,2016-05-19,OK,-0.013780847456722341,1.6268449861550627e-08,6.507379944620251e-11,-0.013780847520899475,1.0
2016-05-18,2016-05-19,2016-05-20,OK,0.008205706896075079,0.06988236020895527,0.0002795294408358211,0.007923883718578884,1.0
2016-05-19,2016-05-20,2016-05-23,OK,-0.01694353194446935,1.9359901036464233e-08,7.743960414585694e-11,-0.016943532020596952,1.0
2016-05-20,2016-05-23,2016-05-24,OK,0.014121175129661552,1.0055771621636511e-08,4.022308648654605e-11,0.014121175088870341,1.0
2016-05-23,2016-05-24,2016-05-25,OK,0.00289721216400262,1.1232486021167665e-08,4.492994408467066e-11,0.0028972121189423383,1.0
2016-05-24,2016-05-25,2016-05-26,OK,-0.0067580596264062015,0.049540731841127776,0.0001981629273645111,-0.006954883356891872,1.0
2016-05-25,2016-05-26,2016-05-27,OK,-0.004370750499325478,0.015708982944695603,6.283593177878242e-05,-0.004433311790924099,1.0
2016-05-26,2016-05-27,2016-05-31,OK,-0.009789083924837943,0.05243604955365545,0.00020974419821462182,-0.009996774919493467,1.0
2016-05-27,2016-05-31,2016-06-01,OK,0.010616144338971494,0.03686939577934368,0.00014747758311737472,0.010467101112544785,1.0
2016-05-31,2016-06-01,2016-06-02,OK,0.0068450740075246316,0.16029615823815407,0.0006411846329526163,0.006199500418306858,1.0
2016-06-01,2016-06-02,2016-06-03,OK,-0.001340065323129887,0.050395196404683526,0.0002015807856187341,-0.0015413759773280633,1.0
2016-06-02,2016-06-03,2016-06-06,OK,0.006548520541810364,0.14576793531315857,0.0005830717412526343,0.005961630543282803,1.0
2016-06-03,2016-06-06,2016-06-07,OK,0.007988691869462269,0.12012577397954669,0.00048050309591818677,0.007504350182368391,1.0
2016-06-06,2016-06-07,2016-06-08,OK,0.03409144948063994,0.08228544271962815,0.0003291417708785126,0.03375108678970751,1.0
2016-06-07,2016-06-08,2016-06-09,OK,-0.008213206257056127,0.08686915020027738,0.00034747660080110954,-0.008557828960865432,1.0
2016-06-08,2016-06-09,2016-06-10,OK,-0.0208586799323454,2.8111514643880398e-08,1.124460585755216e-10,-0.020858680042445954,0.9999999999999999
2016-06-09,2016-06-10,2016-06-13,OK,-0.016051884595114155,0.17725467523445307,0.0007090187009378123,-0.016749522209688728,1.0
2016-06-10,2016-06-13,2016-06-14,OK,-0.006962463243632354,0.07516895410309335,0.0003006758164123734,-0.007261045615724715,1.0
2016-06-13,2016-06-14,2016-06-15,OK,0.0038294807643026573,1.419137189706543e-08,5.676548758826172e-11,0.00382948070731981,1.0
2016-06-14,2016-06-15,2016-06-16,OK,0.008386107305306117,1.524982418121823e-08,6.099929672487293e-11,0.008386107243795404,1.0
2016-06-15,2016-06-16,2016-06-17,OK,0.010445943666100074,3.846496567996849e-07,1.5385986271987396e-09,0.010445942111429352,1.0
2016-06-16,2016-06-17,2016-06-20,OK,0.015272952540254752,2.6598753276318998e-08,1.06395013105276e-10,0.01527295243223481,1.0
2016-06-17,2016-06-20,2016-06-21,OK,0.0038325681720107704,0.07511556701713633,0.0003004622680685453,0.0035309543618167183,1.0
2016-06-20,2016-06-21,2016-06-22,OK,-0.004050513239936736,0.07408156709013203,0.0002963262683605281,-0.004345639234823895,1.0
2016-06-21,2016-06-22,2016-06-23,OK,0.016663573306223367,0.11787882807457463,0.00047151531229829854,0.016184200863953446,1.0
2016-06-22,2016-06-23,2016-06-24,OK,-0.039482200029583414,0.08205632676293637,0.0003282253070517455,-0.03979746627940739,1.0
2016-06-23,2016-06-24,2016-06-27,OK,-0.026411372149351763,0.09453377411419053,0.00037813509645676216,-0.026779520179053273,0.9999999999999998
2016-06-24,2016-06-27,2016-06-28,OK,0.027621458234612983,0.08200479736426944,0.00032801918945707777,0.027284378676814214,1.0
2016-06-27,2016-06-28,2016-06-29,OK,0.03163581649972345,0.0019939275556676433,7.975710222670574e-06,0.031627588471395685,1.0
2016-06-28,2016-06-29,2016-06-30,OK,0.005373096397640196,1.309241683816742e-08,5.236966735266968e-11,0.00537309634498917,1.0
2016-06-29,2016-06-30,2016-07-01,OK,0.018199206934982146,0.08200330376658642,0.0003280132150663457,0.017865224139537395,1.0
2016-06-30,2016-07-01,2016-07-05,OK,-0.019891931428606225,1.1895210261236855e-08,4.758084104494742e-11,-0.0198919314752406,1.0
2016-07-01,2016-07-05,2016-07-06,OK,0.008768666588111356,1.1454545353895007e-08,4.581818141558003e-11,0.008768666541891346,1.0
2016-07-05,2016-07-06,2016-07-07,OK,0.002389162817436944,9.45767746063364e-09,3.783070984253456e-11,0.002389162779515619,1.0
2016-07-06,2016-07-07,2016-07-08,OK,0.022172790624745597,1.1155111584448818e-08,4.462044633779527e-11,0.022172790579135793,1.0
2016-07-07,2016-07-08,2016-07-11,OK,0.007915309036447356,7.88294622633412e-09,3.153178490533648e-11,0.007915309004665971,1.0
2016-07-08,2016-07-11,2016-07-12,OK,0.009944062435872661,0.11342181243687294,0.00045368724974749177,0.009485863691787388,1.0
2016-07-11,2016-07-12,2016-07-13,OK,-0.004640096652656799,0.1133053481088423,0.0004532213924353692,-0.00509121505402621,1.0
2016-07-12,2016-07-13,2016-07-14,OK,0.010236370172670492,0.11317202564324667,0.0004526881025729867,0.009779048187106731,1.0
2016-07-13,2016-07-14,2016-07-15,OK,-0.0038412082404722984,1.22282590719891e-08,4.8913036287956406e-11,-0.0038412082891974286,1.0
2016-07-14,2016-07-15,2016-07-18,OK,0.010720840553548537,9.767119772685628e-09,3.9068479090742516e-11,0.010720840514061303,1.0
2016-07-15,2016-07-18,2016-07-19,OK,-0.006256409150793391,1.451863666096509e-08,5.807454664386036e-11,-0.006256409208504565,1.0
2016-07-18,2016-07-19,2016-07-20,OK,0.002132026379258456,0.07874602770701222,0.0003149841108280489,0.0018163707139968732,1.0
2016-07-19,2016-07-20,2016-07-21,OK,-0.002077759790418971,3.449891226858792e-08,1.379956490743517e-10,-0.0020777599281278647,1.0
2016-07-20,2016-07-21,2016-07-22,OK,0.00804735421545181,4.331484186553738e-07,1.7325936746214952e-09,0.008047352468915303,1.0
2016-07-21,2016-07-22,2016-07-25,OK,-0.006701922253646361,1.0131381005649345e-08,4.052552402259738e-11,-0.00670192229390032,1.0
2016-07-22,2016-07-25,2016-07-26,OK,0.0013862059956228035,0.07718474553664484,0.00030873898214657937,0.0010770390376482197,1.0
2016-07-25,2016-07-26,2016-07-27,OK,-0.0007885187966011145,0.06144716311501193,0.0002457886524600477,-0.001034113640088763,1.0
2016-07-26,2016-07-27,2016-07-28,OK,-0.006061928170486763,0.11292202856922898,0.0004516881142769159,-0.006510878183859425,1.0
2016-07-27,2016-07-28,2016-07-29,OK,0.02042694574215255,1.2551938433777534e-07,5.020775373511014e-10,0.020426945229819138,1.0
2016-07-28,2016-07-29,2016-08-01,OK,-0.014715910712024664,2.892626117052457e-08,1.1570504468209829e-10,-0.014715910826026968,1.0
2016-07-29,2016-08-01,2016-08-02,OK,-0.011190304574192055,0.1080444421782073,0.00043217776871282924,-0.011617646142042748,1.0
2016-08-01,2016-08-02,2016-08-03,OK,0.013624905284291503,0.10783044894750365,0.00043132179579001464,0.013187706769886898,1.0
2016-08-02,2016-08-03,2016-08-04,OK,0.005797039019259453,0.09200469911780543,0.0003680187964712217,0.005426886803465258,1.0
2016-08-03,2016-08-04,2016-08-05,OK,0.0038574123692022167,3.851093169310327e-08,1.540437267724131e-10,0.0038574122145640377,1.0
2016-08-04,2016-08-05,2016-08-08,OK,0.006690551002884369,2.3686729449536692e-08,9.474691779814677e-11,0.006690550907503479,1.0
2016-08-05,2016-08-08,2016-08-09,OK,0.006107168739636876,0.07412163988477952,0.00029648655953911805,0.005808871486649547,1.0
2016-08-08,2016-08-09,2016-08-10,OK,-0.006854248716757528,0.0009189821472874116,3.6759285891496462e-06,-0.006857899449617899,1.0
2016-08-09,2016-08-10,2016-08-11,OK,0.017646536260039876,0.11307855238633559,0.00045231420954534233,0.017186240271394926,1.0
2016-08-10,2016-08-11,2016-08-12,OK,0.003322207302705683,0.07605357081350131,0.00030421428325400524,0.0030169823565382448,1.0
2016-08-11,2016-08-12,2016-08-15,OK,0.009097878858245777,2.2035112859790696e-06,8.81404514391628e-09,0.009097869964011629,1.0
2016-08-12,2016-08-15,2016-08-16,OK,-0.008356412594775323,0.07605349431994712,0.0003042139772797885,-0.008658084434543856,1.0
2016-08-15,2016-08-16,2016-08-17,OK,0.007282744801207835,0.0760496796940004,0.0003041987187760016,0.006976330680794174,1.0
2016-08-16,2016-08-17,2016-08-18,OK,0.00320835745273011,0.24955882056311304,0.0009982352822524522,0.0022069194748703946,1.0
2016-08-17,2016-08-18,2016-08-19,OK,0.0003656398481080179,0.11205281323034716,0.00044821125292138865,-8.273528870783586e-05,0.9999999999999999
2016-08-18,2016-08-19,2016-08-22,OK,-0.014029928295288964,4.284446353242981e-06,1.713778541297192e-08,-0.014029945192632454,1.0
2016-08-19,2016-08-22,2016-08-23,OK,0.0071279264591392515,0.10742521892039661,0.00042970087568158647,0.006695162707216484,0.9999999999999998
2016-08-22,2016-08-23,2016-08-24,OK,-0.014613219338076947,0.07710271555219772,0.00030841086220879086,-0.014917123324709958,1.0
2016-08-23,2016-08-24,2016-08-25,OK,0.002705580486608035,0.07712135737706542,0.0003084854295082617,0.0023962604249414543,1.0
2016-08-24,2016-08-25,2016-08-26,OK,-0.0013354951369949,0.1063352600564177,0.0004253410402256708,-0.00176026813632979,1.0
2016-08-25,2016-08-26,2016-08-29,OK,0.009396173221584342,0.0008137322484313229,3.2549289937252914e-06,0.009392887708713937,1.0
2016-08-26,2016-08-29,2016-08-30,OK,0.0005369557476740747,0.0721912346861456,0.00028876493874458245,0.00024803575493570484,1.0
2016-08-29,2016-08-30,2016-08-31,OK,-0.008524500810480036,0.06321546239580735,0.0002528618495832294,-0.008775207139021579,1.0
2016-08-30,2016-08-31,2016-09-01,OK,0.004305313334337555,0.05002864934222804,0.00020011459736891216,0.004104337180924178,1.0
2016-08-31,2016-09-01,2016-09-02,OK,0.014420101130711866,6.145375224214101e-05,2.4581500896856403e-07,0.014419851771025671,1.0
2016-09-01,2016-09-02,2016-09-06,OK,0.016868855108318433,4.69639821138221e-06,1.878559284552884e-08,0.01686883600583422,1.0
2016-09-02,2016-09-06,2016-09-07,OK,-0.005520610734110081,0.10216505177601351,0.00040866020710405405,-0.005927014887288196,1.0
2016-09-06,2016-09-07,2016-09-08,OK,0.006965505794657832,9.083794055631409e-05,3.6335176222525636e-07,0.006965139911966789,1.0
2016-09-07,2016-09-08,2016-09-09,OK,-0.034805121953216736,0.21138937698512572,0.000845557507940503,-0.035621249728974846,1.0
2016-09-08,2016-09-09,2016-09-12,OK,0.02033729041823105,0.11417138914961107,0.0004566855565984443,0.01987131711483836,1.0
2016-09-09,2016-09-12,2016-09-13,OK,-0.038646085432870486,0.12919289365031777,0.0005167715746012711,-0.039142885809050454,1.0
2016-09-12,2016-09-13,2016-09-14,OK,0.004407550924327586,0.04361391735817864,0.00017445566943271457,0.004232326332647807,1.0000000000000002
2016-09-13,2016-09-14,2016-09-15,OK,0.016835182019840876,0.04361894138339255,0.0001744757655335702,0.016657768923036498,1.0
2016-09-14,2016-09-15,2016-09-16,OK,0.0012286612190758755,0.042881659717492894,0.00017152663886997157,0.0010569238320767838,0.9999999999999999
2016-09-15,2016-09-16,2016-09-19,OK,-0.008450557003105935,0.00011691238834972761,4.676495533989105e-07,-0.008451020700760092,1.0000000000000002
2016-09-16,2016-09-19,2016-09-20,OK,0.004367793218721506,0.04979476341112006,0.00019917905364448025,0.004167744192157263,1.0
2016-09-19,2016-09-20,2016-09-21,OK,0.01474002955522287,1.709931862336339e-07,6.839727449345357e-10,0.01474002886116832,1.0000000000000002
2016-09-20,2016-09-21,2016-09-22,OK,0.009695197710989754,2.2469278708470153e-08,8.987711483388061e-11,0.009695197620241292,1.0
2016-09-21,2016-09-22,2016-09-23,OK,-0.012966758703924497,0.0038248832055593294,1.5299532822237317e-05,-0.012981859851396327,1.0
2016-09-22,2016-09-23,2016-09-26,OK,-0.013494152588758803,2.591199238736325e-07,1.0364796954945298e-09,-0.013494153611252169,1.0
2016-09-23,2016-09-26,2016-09-27,OK,0.011848580744429595,2.2297743775304482e-05,8.919097510121793e-08,0.01184849049666803,1.0
2016-09-26,2016-09-27,2016-09-28,OK,0.015776671729661927,9.462033257259805e-07,3.784813302903922e-09,0.015776667885136764,1.0
2016-09-27,2016-09-28,2016-09-29,OK,-0.018633505652664684,4.948585078171086e-08,1.9794340312684344e-10,-0.018633505846919696,1.0
2016-09-28,2016-09-29,2016-09-30,OK,0.008389123865667755,4.884501665636254e-08,1.9538006662545016e-10,0.008389123668648635,1.0
2016-09-29,2016-09-30,2016-10-03,OK,0.01630811464047148,7.244803179595749e-08,2.8979212718382997e-10,0.016308114345953584,1.0
2016-09-30,2016-10-03,2016-10-04,OK,-0.0042895303440264225,8.371922538344401e-07,3.3487690153377602e-09,-0.004289533678430879,1.0
2016-10-03,2016-10-04,2016-10-05,OK,0.019246948166020524,0.027477469108635806,0.00010990987643454322,0.019134922859891157,1.0
2016-10-04,2016-10-05,2016-10-06,OK,0.010133949616592074,0.11032957829427371,0.0004413183131770949,0.009688159005864394,1.0
2016-10-05,2016-10-06,2016-10-07,OK,0.0018652358651189901,1.2596274672621588e-08,5.0385098690486355e-11,0.0018652358146398207,1.0
2016-10-06,2016-10-07,2016-10-10,OK,0.012935279190123732,0.07037016906397654,0.00028148067625590617,0.012650157482734015,1.0
2016-10-07,2016-10-10,2016-10-11,OK,-0.024328903116561922,4.0935489342815314e-07,1.6374195737126127e-09,-0.02432890471414484,0.9999999999999999
2016-10-10,2016-10-11,2016-10-12,OK,-0.0043042913878677085,0.05972417352403009,0.00023889669409612037,-0.004542159800980827,1.0
2016-10-11,2016-10-12,2016-10-13,OK,0.00844573626395135,0.1224163407733947,0.0004896653630935788,0.007951935316343528,1.0
2016-10-12,2016-10-13,2016-10-14,OK,0.004310624405638088,0.06916398551669381,0.00027665594206677523,0.004032775903715535,1.0
2016-10-13,2016-10-14,2016-10-17,OK,0.00198928170416076,1.303052700116214e-08,5.212210800464856e-11,0.0019892816519349044,1.0
2016-10-14,2016-10-17,2016-10-18,OK,0.05904681477937633,0.06093053693713721,0.00024372214774854884,0.05878870161511207,0.9999999999999998
2016-10-17,2016-10-18,2016-10-19,OK,0.009365376210447297,0.012217679225741011,4.887071690296405e-05,0.0093160478008949,1.0
2016-10-18,2016-10-19,2016-10-20,OK,0.00547644122568837,0.006377929084210157,2.5511716336840628e-05,0.005450789795936606,1.0000000000000002
2016-10-19,2016-10-20,2016-10-21,OK,0.00914062218602113,0.0015110793396718517,6.044317358687407e-06,0.009134522619840935,1.0
2016-10-20,2016-10-21,2016-10-24,OK,0.004206301407729765,0.0006257367084855255,2.502946833942102e-06,0.004203787932747227,1.0
2016-10-21,2016-10-24,2016-10-25,OK,-0.005487096323877474,0.049226081284065214,0.00019690432513626085,-0.00568292021601513,1.0
2016-10-24,2016-10-25,2016-10-26,OK,-0.005180878947989327,0.04464626122273214,0.00017858504489092855,-0.005358538765380727,1.0
2016-10-25,2016-10-26,2016-10-27,OK,-0.003005717954646027,2.6988287420842694e-08,1.0795314968337078e-10,-0.003005718062274676,1.0
2016-10-26,2016-10-27,2016-10-28,OK,-0.012332997651871794,0.03960466376170025,0.000158418655046801,-0.012489462530017925,1.0000000000000002
2016-10-27,2016-10-28,2016-10-31,OK,-0.006564353287799129,3.881073560793591e-08,1.5524294243174364e-10,-0.0065643534420229965,1.0
2016-10-28,2016-10-31,2016-11-01,OK,-0.01997416215123099,0.25816245152995815,0.0010326498061198326,-0.020986185642677957,1.0
2016-10-31,2016-11-01,2016-11-02,OK,-0.013041859012043383,0.0805513152852679,0.0003222052611410716,-0.013359862117595656,1.0
2016-11-01,2016-11-02,2016-11-03,OK,-0.005642260083818468,0.1877132724536153,0.0007508530898144612,-0.006388876665215482,1.0
2016-11-02,2016-11-03,2016-11-04,OK,0.0008632055463213663,0.18816739703472782,0.0007526695881389112,0.0001098862496193842,1.0
2016-11-03,2016-11-04,2016-11-07,OK,0.03720063241105448,0.09736944375689419,0.00038947777502757673,0.036796665816485774,1.0
2016-11-04,2016-11-07,2016-11-08,OK,0.0014161806617136714,0.0814128443490266,0.0003256513773961064,0.0010900681031345005,1.0
2016-11-07,2016-11-08,2016-11-09,OK,-0.002663344088722378,2.0239475047312272e-08,8.095790018924909e-11,-0.0026633441694646764,1.0
2016-11-08,2016-11-09,2016-11-10,OK,-0.01947901535165489,0.07497177662230325,0.00029988710648921305,-0.019773060952593013,1.0
2016-11-09,2016-11-10,2016-11-11,OK,-0.018389996470960023,2.2744628957262066e-08,9.097851582904826e-11,-0.01838999656026552,1.0
2016-11-10,2016-11-11,2016-11-14,OK,0.002541236596009875,0.11090824720622573,0.00044363298882490294,0.0020964762307984497,1.0
2016-11-11,2016-11-14,2016-11-15,OK,0.009108223910177009,0.09784818455681203,0.0003913927382272481,0.008713266279253062,1.0
2016-11-14,2016-11-15,2016-11-16,OK,0.001119677527797209,0.020025113866824193,8.010045546729677e-05,0.001039487385650073,1.0
2016-11-15,2016-11-16,2016-11-17,OK,-0.0040855714206427945,0.03175737163629147,0.00012702948654516588,-0.004212081919148236,1.0
2016-11-16,2016-11-17,2016-11-18,OK,-0.0007783446591361158,0.004692738410996493,1.8770953643985972e-05,-0.0007971010025085157,1.0
2016-11-17,2016-11-18,2016-11-21,OK,0.022725228447962934,4.1646469310492866e-08,1.6658587724197146e-10,0.02272522827759138,1.0
2016-11-18,2016-11-21,2016-11-22,OK,0.009527686583831348,4.1622067157889964e-08,1.6648826863155986e-10,0.009527686415756964,1.0
2016-11-21,2016-11-22,2016-11-23,OK,0.0017257299912308197,0.012576028288928322,5.0304113155713286e-05,0.001675339066758319,1.0
2016-11-22,2016-11-23,2016-11-25,OK,-0.006009459649269036,1.9808256626674285e-05,7.923302650669714e-08,-0.0060095384061478185,1.0
2016-11-23,2016-11-25,2016-11-28,OK,-0.0035756670523399287,2.4372693952992012e-06,9.749077581196805e-09,-0.0035756767665580114,1.0
2016-11-25,2016-11-28,2016-11-29,OK,0.0005888142742925834,1.1890318989631643e-07,4.756127595852658e-10,0.0005888137983998121,1.0
2016-11-28,2016-11-29,2016-11-30,OK,0.02227232842608518,1.5281863607128745e-07,6.112745442851498e-10,0.022272327801196257,1.0
2016-11-29,2016-11-30,2016-12-01,OK,-0.005071470728414219,8.961911129565805e-09,3.584764451826322e-11,-0.005071470764079988,1.0
2016-11-30,2016-12-01,2016-12-02,OK,0.00593718755341821,0.1726688878466324,0.0006906755513865296,0.005242411331744412,1.0
2016-12-01,2016-12-02,2016-12-05,OK,-0.009056178685652826,0.07622994817585634,0.0003049197927034254,-0.009358337070228706,1.0
2016-12-02,2016-12-05,2016-12-06,OK,0.019414360383366136,1.2087258929894161e-08,4.8349035719576647e-11,0.019414360334078395,1.0
2016-12-05,2016-12-06,2016-12-07,OK,0.01055806953299849,0.07578556337362431,0.00030314225349449726,0.010251726682513285,1.0
2016-12-06,2016-12-07,2016-12-08,OK,-0.0007030471486421566,1.2703687656211494e-08,5.081475062484598e-11,-0.0007030471994211585,1.0
2016-12-07,2016-12-08,2016-12-09,OK,0.00020541102895434252,1.3971498048323805e-08,5.588599219329522e-11,0.0002054109730569298,1.0
2016-12-08,2016-12-09,2016-12-12,OK,-0.00028540238549617136,0.0706075231373284,0.0002824300925493136,-0.000567751871823341,1.0
2016-12-09,2016-12-12,2016-12-13,OK,0.005791869677087564,0.07061642351982192,0.00028246569407928767,0.0055077679785198175,1.0
2016-12-12,2016-12-13,2016-12-14,OK,-0.01579258442932729,2.240835935141526e-08,8.963343740566104e-11,-0.015792584517545172,1.0
2016-12-13,2016-12-14,2016-12-15,OK,0.0024709362789697613,2.0810438683144605e-08,8.324175473257843e-11,0.0024709361955221887,1.0
2016-12-14,2016-12-15,2016-12-16,OK,0.001337864214249638,0.11237067845844043,0.0004494827138337617,0.0008877801535782659,1.0
2016-12-15,2016-12-16,2016-12-19,OK,-0.012096084963476405,0.0715138603487508,0.00028605544139500324,-0.01237868025394806,1.0
2016-12-16,2016-12-19,2016-12-20,OK,0.0010789466736877162,1.1224749010265919e-07,4.489899604106368e-10,0.0010789462242133396,1.0
2016-12-19,2016-12-20,2016-12-21,OK,-0.002588523490646357,0.10337659720978125,0.000413506388839125,-0.0030009595084843355,1.0
2016-12-20,2016-12-21,2016-12-22,OK,-0.005111811567935879,0.11186054973024652,0.00044744219892098606,-0.005556966526648388,1.0
2016-12-21,2016-12-22,2016-12-23,OK,0.0078961352156237,1.4797598135111306e-08,5.919039254044522e-11,0.007896135155965878,1.0
2016-12-22,2016-12-23,2016-12-27,OK,0.006155925913981134,0.0026619210326721487,1.0647684130688594e-05,0.006145212683495771,1.0
2016-12-23,2016-12-27,2016-12-28,OK,-0.005621433712885001,1.1554170403424435e-08,4.621668161369774e-11,-0.005621433758841943,1.0
2016-12-27,2016-12-28,2016-12-29,OK,-0.002065124512034671,1.678251985992585e-08,6.71300794397034e-11,-0.0020651245790260786,1.0
2016-12-28,2016-12-29,2016-12-30,OK,-0.00946800077963241,0.09688721658888623,0.0003875488663555449,-0.009851880333019092,1.0
2016-12-29,2016-12-30,2017-01-03,OK,0.0277932864387454,0.08037049853377068,0.0003214819941350827,0.02746286940346243,1.0
2016-12-30,2017-01-03,2017-01-04,OK,0.0056009634747599,1.1739703111458138e-07,4.695881244583256e-10,0.005600963002541537,1.0
2017-01-03,2017-01-04,2017-01-05,OK,0.008039472053252141,0.08043002623941119,0.00032172010495764474,0.007715165488501707,1.0
2017-01-04,2017-01-05,2017-01-06,OK,-0.005421989534466817,0.08898575390078814,0.00035594301560315256,-0.0057760026307644985,1.0
2017-01-05,2017-01-06,2017-01-09,OK,-0.0020735222808615484,1.8451641854501898e-05,7.38065674180076e-08,-0.002073595934389383,1.0
2017-01-06,2017-01-09,2017-01-10,OK,0.0022319354640019454,0.16109154656333072,0.0006443661862533229,0.0015861310940057383,1.0
2017-01-09,2017-01-10,2017-01-11,OK,0.012546032791932475,0.16581819463378542,0.0006632727785351416,0.011874438571367829,1.0
2017-01-10,2017-01-11,2017-01-12,OK,-0.004695546550739118,4.990109923712349e-08,1.9960439694849398e-10,-0.00469554674940631,1.0
2017-01-11,2017-01-12,2017-01-13,OK,0.005631750714493869,0.15057804351417553,0.0006023121740567021,0.005026046468420642,1.0
2017-01-12,2017-01-13,2017-01-17,OK,-0.011125546546828962,0.17165787493655,0.0006866314997462,-0.011804538895864303,1.0
2017-01-13,2017-01-17,2017-01-18,OK,-0.0048842400466353715,0.15488189378746298,0.0006195275751498519,-0.0055007417003926085,1.0
2017-01-17,2017-01-18,2017-01-19,OK,0.008050584608597632,0.0781677712051303,0.0003126710848205212,0.007735396338754086,1.0
2017-01-18,2017-01-19,2017-01-20,OK,0.0058696040100985536,0.004441606386469453,1.776642554587781e-05,0.00585173330266997,1.0
2017-01-19,2017-01-20,2017-01-23,OK,-5.027935075596515e-05,0.00014328077510802895,5.731231004321158e-07,-5.0852445040106e-05,1.0
2017-01-20,2017-01-23,2017-01-24,OK,0.0022505376279478295,2.845351473916135e-05,1.138140589566454e-07,0.002250423557746073,1.0
2017-01-23,2017-01-24,2017-01-25,OK,-0.0002856988360708619,1.1165463758861655e-07,4.466185503544662e-10,-0.0002856992825618354,1.0
2017-01-24,2017-01-25,2017-01-26,OK,-0.0007889657945624508,3.641533750844278e-08,1.4566135003377113e-10,-0.00078896594010891,1.0
2017-01-25,2017-01-26,2017-01-27,OK,0.004469903617190329,0.09042717488356189,0.00036170869953424756,0.004106578114631665,1.0
2017-01-26,2017-01-27,2017-01-30,OK,-0.015093498175714985,0.08891619097881101,0.00035566476391524405,-0.015443794714164905,1.0
2017-01-27,2017-01-30,2017-01-31,OK,-0.004785988821751986,8.628705838497133e-07,3.451482335398853e-09,-0.004785992256715499,1.0
2017-01-30,2017-01-31,2017-02-01,OK,0.0019478800145587797,0.04995580860249113,0.00019982323440996452,0.0017476675484640047,1.0
2017-01-31,2017-02-01,2017-02-02,OK,-0.004392853036136958,0.013395438140587745,5.3581752562350986e-05,-0.004446199411934915,1.0
2017-02-01,2017-02-02,2017-02-03,OK,0.009294561785795269,0.011696156667452773,4.6784626669811094e-05,0.009247342316522245,1.0
2017-02-02,2017-02-03,2017-02-06,OK,-0.0020352127227886603,0.007921885313214692,3.1687541252858766e-05,-0.002066835773154363,1.0
2017-02-03,2017-02-06,2017-02-07,OK,0.00395522308978566,0.09864707128942157,0.0003945882851576863,0.0035590741199316156,1.0
2017-02-06,2017-02-07,2017-02-08,OK,0.003309505364906302,0.1997591718549411,0.0007990366874197644,0.0025078242612828205,1.0
2017-02-07,2017-02-08,2017-02-09,OK,0.001975521555081131,0.09499180953762518,0.0003799672381505007,0.001594803683461432,1.0
2017-02-08,2017-02-09,2017-02-10,OK,0.007043471302486723,0.10569297684339937,0.0004227719073735975,0.0066177216133160854,1.0
2017-02-09,2017-02-10,2017-02-13,OK,0.004820631210442046,0.18898533592203953,0.0007559413436881581,0.004061045752319137,1.0
2017-02-10,2017-02-13,2017-02-14,OK,0.004998757339802602,0.2043943350295659,0.0008175773401182635,0.004177093128954645,1.0
2017-02-13,2017-02-14,2017-02-15,OK,0.008672653699008517,7.229269521295129e-08,2.8917078085180516e-10,0.008672653407329811,1.0
2017-02-14,2017-02-15,2017-02-16,OK,-0.0026016318232684613,0.011376071775396953,4.5504287101587814e-05,-0.00264701772496867,1.0
2017-02-15,2017-02-16,2017-02-17,OK,-0.008362795703294807,0.010271559945888659,4.108623978355464e-05,-0.008403538347248829,1.0
2017-02-16,2017-02-17,2017-02-21,OK,0.005594357327543221,0.18528768003123766,0.0007411507201249507,0.004849060345456291,1.0
2017-02-17,2017-02-21,2017-02-22,OK,-0.001971266392342574,0.10345617994012014,0.0004138247197604806,-0.002384275353340626,1.0
2017-02-21,2017-02-22,2017-02-23,OK,-0.0016974047969904832,0.038731459768673496,0.000154925839074694,-0.0018520676642027611,1.0
2017-02-22,2017-02-23,2017-02-24,OK,-0.003706867731519523,0.003225008604922709,1.2900034419690836e-05,-0.00371971994721787,1.0
2017-02-23,2017-02-24,2017-02-27,OK,0.0050075345164687975,0.06660065144055033,0.0002664026057622013,0.004739797890463082,1.0
2017-02-24,2017-02-27,2017-02-28,OK,-0.006266853171587174,0.045983733429511,0.000183934933718044,-0.006449635412082433,1.0
2017-02-27,2017-02-28,2017-03-01,OK,0.015486991633735646,0.10194018933035788,0.00040776075732143154,0.015072915888977079,1.0
2017-02-28,2017-03-01,2017-03-02,OK,-0.01700795381653929,0.15996722917699385,0.0006398689167079754,-0.017636939872263224,1.0
2017-03-01,2017-03-02,2017-03-03,OK,0.0034942259021454943,0.08880594782794078,0.00035522379131176313,0.0031377608786611333,1.0
2017-03-02,2017-03-03,2017-03-06,OK,0.004952377441464952,0.008361182376980669,3.344472950792268e-05,0.004918767081033115,1.0
2017-03-03,2017-03-06,2017-03-07,OK,-0.0030289787170386657,0.07433253725672655,0.0002973301490269062,-0.00332540825937222,1.0
2017-03-06,2017-03-07,2017-03-08,OK,-0.010511852323216041,0.07432908452931203,0.0002973163381172481,-0.010806043315893743,1.0
2017-03-07,2017-03-08,2017-03-09,OK,-0.0007423792883118866,0.02045979677635886,8.183918710543545e-05,-0.0008241577196999028,1.0
2017-03-08,2017-03-09,2017-03-10,OK,0.0047959312476552555,0.004816188950947112,1.926475580378845e-05,0.004776574099407238,1.0
2017-03-09,2017-03-10,2017-03-13,OK,0.0048953766913038006,0.08049075164294245,0.0003219630065717698,0.004571837554534275,1.0
2017-03-10,2017-03-13,2017-03-14,OK,-0.006098339652772806,7.11734810622186e-05,2.846939242488744e-07,-0.006098622610536841,1.0
2017-03-13,2017-03-14,2017-03-15,OK,0.012889317054354966,0.05646854545135545,0.0002258741818054218,0.01266053150860591,1.0
2017-03-14,2017-03-15,2017-03-16,OK,-0.004641104873733133,3.2378912407159816e-05,1.2951564962863927e-07,-0.004641233788287069,1.0
2017-03-15,2017-03-16,2017-03-17,OK,-0.0032292936106625416,0.05188013153288866,0.00020752052613155466,-0.003436143992084917,1.0
2017-03-16,2017-03-17,2017-03-20,OK,0.0020804717866304973,0.07134404993060797,0.0002853761997224319,0.0017945018697760329,1.0
2017-03-17,2017-03-20,2017-03-21,OK,-0.01619085285142998,0.05556761277351862,0.00022227045109407447,-0.01640952455435707,1.0
2017-03-20,2017-03-21,2017-03-22,OK,0.007310877651998862,9.762387731390814e-08,3.904955092556326e-10,0.007310877258648318,0.9999999999999998
2017-03-21,2017-03-22,2017-03-23,OK,-0.0044427096602169865,0.14793515867345017,0.0005917406346938007,-0.005031821363076672,1.0
2017-03-22,2017-03-23,2017-03-24,OK,0.0012631159608450214,0.06508204666331542,0.0002603281866532617,0.0010024589495041258,1.0
2017-03-23,2017-03-24,2017-03-27,OK,0.0015428909872920518,0.0003755034584355148,1.5020138337420594e-06,0.001541386656014776,1.0
2017-03-24,2017-03-27,2017-03-28,OK,0.007949110049319735,0.0003385057583784537,1.3540230335138147e-06,0.007947745263008121,1.0
2017-03-27,2017-03-28,2017-03-29,OK,0.00608165140335023,0.06076108581938874,0.00024304434327755494,0.005837128949101267,1.0
2017-03-28,2017-03-29,2017-03-30,OK,0.005450926632563484,0.04867810949444264,0.00019471243797777055,0.005255152831372012,1.0
2017-03-29,2017-03-30,2017-03-31,OK,-0.002500988867245717,0.048664521012975165,0.00019465808405190067,-0.0026951601135964953,1.0
2017-03-30,2017-03-31,2017-04-03,OK,-0.001535621966982678,5.003109793367022e-08,2.0012439173468087e-10,-0.0015356221667996994,1.0
2017-03-31,2017-04-03,2017-04-04,OK,-0.0014132855262261046,1.2276449344530566e-06,4.910579737812227e-09,-0.001413290429865821,1.0
2017-04-03,2017-04-04,2017-04-05,OK,-0.0058822429636384375,4.6376615415912165e-07,1.8550646166364867e-09,-0.005882244807791204,1.0
2017-04-04,2017-04-05,2017-04-06,OK,0.0018655316324720588,0.08226901797334336,0.00032907607189337345,0.0015358416587569756,1.0
2017-04-05,2017-04-06,2017-04-07,OK,-0.004260024454755886,1.264100135389055e-06,5.05640054155622e-09,-0.004260029489616013,1.0
2017-04-06,2017-04-07,2017-04-10,OK,0.0022708432071510357,0.058637102285625735,0.00023454840914250295,0.0020357621753468447,1.0
2017-04-07,2017-04-10,2017-04-11,OK,0.0025015638282582736,0.050016367362252574,0.0002000654694490103,0.0023009978822674526,1.0
2017-04-10,2017-04-11,2017-04-12,OK,-0.0016179516545419895,0.050016483540530635,0.00020006593416212255,-0.0018176938916949492,1.0
2017-04-11,2017-04-12,2017-04-13,OK,-0.010312017060749822,4.70576299408645e-07,1.88230519763458e-09,-0.010312018923644639,1.0
2017-04-12,2017-04-13,2017-04-17,OK,0.013831536567216491,0.029908200799397957,0.00011963280319759183,0.013710249058527024,1.0000000000000002
2017-04-13,2017-04-17,2017-04-18,OK,-0.008336117631084605,0.0299083914350338,0.0001196335657401352,-0.008454753917348068,1.0
2017-04-17,2017-04-18,2017-04-19,OK,-0.00749143733845061,0.016547483074218536,6.618993229687414e-05,-0.007557131413017282,1.0
2017-04-18,2017-04-19,2017-04-20,OK,0.01046235973357051,0.014181408647924576,5.6725634591698305e-05,0.010405040614983596,1.0
2017-04-19,2017-04-20,2017-04-21,OK,0.0029728119926316038,0.028990207427254548,0.0001159608297090182,0.0028565064331773637,1.0
2017-04-20,2017-04-21,2017-04-24,OK,0.0094418591580283,0.05032206184669011,0.00020128824738676042,0.009238670375359526,1.0
2017-04-21,2017-04-24,2017-04-25,OK,0.021936080613823294,0.0011876174248286776,4.750469699314711e-06,0.021931225937437793,1.0
2017-04-24,2017-04-25,2017-04-26,OK,0.0008362587569662309,0.04499392626311273,0.00017997570505245094,0.00065613254565422,1.0
2017-04-25,2017-04-26,2017-04-27,OK,0.003439616130988542,0.00578377750032107,2.313511000128428e-05,0.0034164014450897007,1.0
2017-04-26,2017-04-27,2017-04-28,OK,-0.0054430620722440304,0.03162552278604617,0.0001265020911441847,-0.0055688756046538,1.0
2017-04-27,2017-04-28,2017-05-01,OK,0.006588912332658691,0.023251306955622837,9.300522782249135e-05,0.006495294301543719,1.0
2017-04-28,2017-05-01,2017-05-02,OK,0.0002187499925250286,0.023251179870838364,9.300471948335346e-05,0.00012572492826001813,1.0
2017-05-01,2017-05-02,2017-05-03,OK,-0.011190840288883038,0.02325121490352801,9.300485961411204e-05,-0.011282804345967179,1.0
2017-05-02,2017-05-03,2017-05-04,OK,0.0017590061600220104,0.0012084013146717617,4.833605258687047e-06,0.0017541640524219027,1.0
2017-05-03,2017-05-04,2017-05-05,OK,0.008807142302214804,0.05820910967964879,0.00023283643871859516,0.008572255239847282,0.9999999999999999
2017-05-04,2017-05-05,2017-05-08,OK,-0.007704218477837283,0.040491215959831794,0.00016196486383932717,-0.007864935528979933,1.0
2017-05-05,2017-05-08,2017-05-09,OK,0.01654077447948276,1.150041276133662e-07,4.600165104534648e-10,0.016540774011857273,1.0
2017-05-08,2017-05-09,2017-05-10,OK,0.009277898265042982,2.0820130064783116e-07,8.328052025913246e-10,0.009277897424511128,1.0000000000000002
2017-05-09,2017-05-10,2017-05-11,OK,-0.0051477679747391905,0.017657855223757492,7.063142089502996e-05,-0.005218035801467735,1.0
2017-05-10,2017-05-11,2017-05-12,OK,-0.000297154496222696,0.006369703849226943,2.5478815396907772e-05,-0.00032262574047503545,1.0
2017-05-11,2017-05-12,2017-05-15,OK,0.002424293935590659,0.07232286147503454,0.00028929144590013816,0.002134301162192598,1.0
2017-05-12,2017-05-15,2017-05-16,OK,-0.008429327524070489,0.05997027191034793,0.0002398810876413917,-0.008667186575457286,1.0
2017-05-15,2017-05-16,2017-05-17,OK,-0.017217432275996352,0.009839096494406379,3.935638597762552e-05,-0.017256111046063838,1.0
2017-05-16,2017-05-17,2017-05-18,OK,0.0033138769659319623,0.07535797008367894,0.0003014318803347157,0.0030114461774322088,1.0
2017-05-17,2017-05-18,2017-05-19,OK,0.01192617355747145,0.17420244619353667,0.0006968097847741467,0.01122105349826752,1.0
2017-05-18,2017-05-19,2017-05-22,OK,0.00723375937059983,0.0033879175752461743,1.3551670300984698e-05,0.0072201096707766865,1.0
2017-05-19,2017-05-22,2017-05-23,OK,0.00520665567844097,0.10233852469038689,0.00040935409876154756,0.004795170213836686,1.0
2017-05-22,2017-05-23,2017-05-24,OK,0.0055486096354614815,0.061016712352342586,0.00024406684940937035,0.005303188554379945,1.0
2017-05-23,2017-05-24,2017-05-25,OK,0.014542786637955583,0.0010546503253027126,4.21860130121085e-06,0.014538506686435637,1.0
2017-05-24,2017-05-25,2017-05-26,OK,-0.00040824998681567915,0.007420952198240141,2.9683808792960563e-05,-0.0004379216771941419,1.0
2017-05-25,2017-05-26,2017-05-30,OK,-0.0012940480302093796,0.08851060597453975,0.000354042423898159,-0.001647632306206237,1.0
2017-05-26,2017-05-30,2017-05-31,OK,-0.00046911664129853413,0.047830841387995524,0.0001913233655519821,-0.0006603502538758965,1.0
2017-05-30,2017-05-31,2017-06-01,OK,0.007786489677753316,5.302291078077004e-08,2.1209164312308015e-10,0.007786489464010282,1.0
2017-05-31,2017-06-01,2017-06-02,OK,0.008523729472211734,1.8343238938206552e-08,7.337295575282621e-11,0.008523729398213442,1.0
2017-06-01,2017-06-02,2017-06-05,OK,-0.005112648305844671,4.149432210331927e-08,1.6597728841327708e-10,-0.00511264847097348,1.0
2017-06-02,2017-06-05,2017-06-06,OK,-0.0061519885500037,0.10948623209679084,0.0004379449283871634,-0.006587239246205745,1.0
2017-06-05,2017-06-06,2017-06-07,OK,0.004599078022760998,2.5208811083726745e-08,1.0083524433490698e-10,0.004599077921461969,1.0
2017-06-06,2017-06-07,2017-06-08,OK,0.003758628406226007,2.169100209864494e-08,8.676400839457976e-11,0.0037586283191359815,1.0
2017-06-07,2017-06-08,2017-06-09,OK,-0.020472720735504622,0.0926950077817043,0.0003707800311268172,-0.020835909890599913,1.0
2017-06-08,2017-06-09,2017-06-12,OK,-0.013604366064175727,8.469903361830317e-06,3.3879613447321265e-08,-0.013604399482878504,1.0
2017-06-09,2017-06-12,2017-06-13,OK,0.006979861930791721,1.2065250028225893e-07,4.826100011290357e-10,0.006979861444813107,1.0
2017-06-12,2017-06-13,2017-06-14,OK,-0.0009272065940096921,0.004487817179355556,1.7951268717422227e-05,-0.0009451412181923358,1.0
2017-06-13,2017-06-14,2017-06-15,OK,-0.0038306794386851286,0.0876176261069492,0.0003504705044277968,-0.004179807402957758,1.0
2017-06-14,2017-06-15,2017-06-16,OK,0.0028412702930924647,0.08159552298819597,0.0003263820919527839,0.002513960861397546,1.0
2017-06-15,2017-06-16,2017-06-19,OK,0.008078123446464235,0.12873939822823371,0.0005149575929129349,0.007559005962545884,1.0
2017-06-16,2017-06-19,2017-06-20,OK,-0.011107685366640975,4.030286138503869e-08,1.6121144554015476e-10,-0.011107685526061783,1.0
2017-06-19,2017-06-20,2017-06-21,OK,0.0080524465240797,0.06322268247431848,0.0002528907298972739,0.007797519405103426,1.0
2017-06-20,2017-06-21,2017-06-22,OK,0.0011763882973008677,0.05459779088137794,0.00021839116352551178,0.0009577402209663965,1.0
2017-06-21,2017-06-22,2017-06-23,OK,0.00173998765314089,0.07062404174000386,0.00028249616696001545,0.001456999946338522,1.0
2017-06-22,2017-06-23,2017-06-26,OK,0.00033500693151531334,0.04707985120139138,0.00018831940480556553,0.00014662443840385286,1.0
2017-06-23,2017-06-26,2017-06-27,OK,-0.01771376858935768,0.0030558061841861363,1.2223224736744545e-05,-0.01772577529471997,1.0
2017-06-26,2017-06-27,2017-06-28,OK,0.012648860935114428,3.493757692093341e-08,1.3975030768373365e-10,0.012648860793596617,1.0
2017-06-27,2017-06-28,2017-06-29,OK,-0.012301143183895132,0.09721924860480585,0.0003888769944192234,-0.012685236546725043,1.0
2017-06-28,2017-06-29,2017-06-30,OK,0.00043886115819535853,2.4500497513429975e-07,9.80019900537199e-10,0.00043886017774541486,1.0
2017-06-29,2017-06-30,2017-07-03,OK,-0.005481686673556224,8.5623764987941e-08,3.42495059951764e-10,-0.005481687014173731,1.0
2017-06-30,2017-07-03,2017-07-05,OK,0.010113180372711488,0.07724205785195833,0.0003089682314078333,0.00980108748984998,1.0
2017-07-03,2017-07-05,2017-07-06,OK,-0.010603910691332225,0.16085680412145903,0.0006434272164858361,-0.011240515063078105,1.0
2017-07-05,2017-07-06,2017-07-07,OK,0.008596583971292829,0.05677215739824334,0.00022708862959297337,0.008367543155226809,1.0
2017-07-06,2017-07-07,2017-07-10,OK,0.006608617677778306,0.15247107263825757,0.0006098842905530303,0.005994702895121273,1.0
2017-07-07,2017-07-10,2017-07-11,OK,0.003200496525466911,0.10488485795577497,0.00041953943182309987,0.0027796143591498623,0.9999999999999999
2017-07-10,2017-07-11,2017-07-12,OK,0.011253167484431103,0.08610997959226915,0.00034443991836907663,0.010904851525972425,1.0
2017-07-11,2017-07-12,2017-07-13,OK,-0.0030032555841222634,5.766283953795304e-08,2.3065135815181214e-10,-0.0030032558140810073,1.0
2017-07-12,2017-07-13,2017-07-14,OK,0.009630644542518624,0.09411656393415752,0.00037646625573663006,0.009250552674090917,1.0
2017-07-13,2017-07-14,2017-07-17,OK,0.0003420204115426204,0.10326422468344598,0.0004130568987337839,-7.117776108178653e-05,1.0
2017-07-14,2017-07-17,2017-07-18,OK,0.03963215029586405,7.18336235980277e-09,2.873344943921108e-11,0.03963215026599176,1.0
2017-07-17,2017-07-18,2017-07-19,OK,0.005369645843768379,2.150208339851689e-08,8.600833359406757e-11,0.005369645757298258,1.0
2017-07-18,2017-07-19,2017-07-20,OK,0.0016393329030186812,4.2200176915418997e-08,1.68800707661676e-10,0.0016393327339412345,1.0
2017-07-19,2017-07-20,2017-07-21,OK,0.007996681749070454,0.00015832102272369045,6.332840908947618e-07,0.007996043400808173,1.0
2017-07-20,2017-07-21,2017-07-24,OK,-0.0016148717594852992,2.2555487744907454e-07,9.022195097962982e-10,-0.0016148726602478458,1.0
2017-07-21,2017-07-24,2017-07-25,OK,-0.0004421519935919522,5.176361469669266e-08,2.0705445878677064e-10,-0.00044215220055487947,1.0
2017-07-24,2017-07-25,2017-07-26,OK,0.004134930127677378,0.07964080470024618,0.0003185632188009847,0.0038150496722253457,1.0
2017-07-25,2017-07-26,2017-07-27,OK,-0.005823106413600069,0.06817237729313956,0.00027268950917255823,-0.006094208022742853,1.0
2017-07-26,2017-07-27,2017-07-28,OK,0.006263487148881431,0.06817193017719796,0.0002726877207087918,0.005989091452138329,1.0
2017-07-27,2017-07-28,2017-07-31,OK,-0.002887680190789269,0.16861824401690945,0.0006744729760676378,-0.0035602055046045633,1.0
2017-07-28,2017-07-31,2017-08-01,OK,0.0018793572829428032,0.049908293310212605,0.00019963317324085043,0.0016793489276438756,1.0
2017-07-31,2017-08-01,2017-08-02,OK,-0.004172395671386866,5.1252154329578525e-08,2.0500861731831411e-10,-0.004172395875539969,1.0
2017-08-01,2017-08-02,2017-08-03,OK,0.00038735930634287803,0.09726787525801801,0.00038907150103207206,-1.86290515602483e-06,1.0
2017-08-02,2017-08-03,2017-08-04,OK,0.0027210740054312435,0.07408222509793609,0.0002963289003917444,0.002423938772171619,1.0
2017-08-03,2017-08-04,2017-08-07,OK,0.005050592380688196,0.12675008586316144,0.0005070003434526457,0.0045410313851639295,1.0
2017-08-04,2017-08-07,2017-08-08,OK,-0.006209140125911951,0.10336771579285321,0.00041347086317141286,-0.006620043690556021,1.0
2017-08-07,2017-08-08,2017-08-09,OK,-0.004426472955354838,0.10277938453272935,0.0004111175381309174,-0.004835770692821706,1.0
2017-08-08,2017-08-09,2017-08-10,OK,-0.021769607965825787,1.4618068111191262e-07,5.847227244476505e-10,-0.021769608537819396,1.0
2017-08-09,2017-08-10,2017-08-11,OK,0.002021791598385336,0.04504863550612163,0.00018019454202448652,0.001841232740549703,1.0
2017-08-10,2017-08-11,2017-08-14,OK,0.00824782732825636,0.18444588692401723,0.0007377835476960689,0.007503958669253352,1.0
2017-08-11,2017-08-14,2017-08-15,OK,-6.555751095448938e-05,7.21526864089217e-08,2.886107456356868e-10,-6.555779954631191e-05,1.0
2017-08-14,2017-08-15,2017-08-16,OK,0.0025377935967100572,8.78539489664043e-08,3.514157958656172e-10,0.0025377932444026197,1.0
2017-08-15,2017-08-16,2017-08-17,OK,-0.012326011779594729,0.02908963305449458,0.00011635853221797832,-0.012440936075173936,1.0
2017-08-16,2017-08-17,2017-08-18,OK,0.001654745387621979,0.22995220672872704,0.0009198088269149082,0.0007334145112931623,1.0
2017-08-17,2017-08-18,2017-08-21,OK,0.0066659075611189555,0.1110981264146243,0.0004443925056584972,0.006218552776096953,1.0
2017-08-18,2017-08-21,2017-08-22,OK,0.012962567737996075,0.007008417700741176,2.8033670802964707e-05,0.012934170678836399,0.9999999999999998
2017-08-21,2017-08-22,2017-08-23,OK,-0.003774907509370452,4.8122788601223654e-08,1.9249115440489463e-10,-0.0037749077011349774,1.0
2017-08-22,2017-08-23,2017-08-24,OK,-0.002400666887918383,0.10412670907107681,0.00041650683628430724,-0.002816173830032298,1.0
2017-08-23,2017-08-24,2017-08-25,OK,-0.0015770485253081027,0.07437630768490167,0.00029750523073960667,-0.0018740845758623559,1.0
2017-08-24,2017-08-25,2017-08-28,OK,-0.0012198987906612742,0.06959801632612814,0.00027839206530451253,-0.0014979512458220823,1.0
2017-08-25,2017-08-28,2017-08-29,OK,0.0012230284831961325,0.016836727815317518,6.734691126127007e-05,0.0011555992047442842,1.0
2017-08-28,2017-08-29,2017-08-30,OK,0.0038274473114785165,0.0012302414167314978,4.920965666925991e-06,0.003822507511074713,1.0
2017-08-29,2017-08-30,2017-08-31,OK,0.01103806906763946,0.014665306404888893,5.866122561955557e-05,0.010978760335359938,1.0
2017-08-30,2017-08-31,2017-09-01,OK,0.00312039556364565,0.16907889513765312,0.0006763155805506125,0.0024419696109578837,0.9999999999999999
2017-08-31,2017-09-01,2017-09-05,OK,0.002611400346430308,0.06672595472684965,0.00026690381890739863,0.002343799534797908,1.0
2017-09-01,2017-09-05,2017-09-06,OK,0.0169890704927913,0.0687930539254634,0.0002751722157018536,0.016709223356919267,1.0000000000000002
2017-09-05,2017-09-06,2017-09-07,OK,-0.0007119114222628115,0.05557217524282139,0.00022228870097128556,-0.0009340418733688738,1.0
2017-09-06,2017-09-07,2017-09-08,OK,-0.012007252603687568,0.05995607343183902,0.0002398242937273561,-0.012244197266539691,0.9999999999999999
2017-09-07,2017-09-08,2017-09-11,OK,0.00987797588176763,0.030703412573763814,0.00012281365029505526,0.009753949081196867,1.0
2017-09-08,2017-09-11,2017-09-12,OK,0.0010990649593205384,0.005826378049797406,2.3305512199189625e-05,0.0010757338328495347,1.0
2017-09-11,2017-09-12,2017-09-13,OK,0.006056649609841256,0.007216064307042959,2.8864257228171838e-05,0.006027610531920802,1.0000000000000002
2017-09-12,2017-09-13,2017-09-14,OK,-0.005915404220899662,0.015605324184035582,6.242129673614234e-05,-0.0059774562704336676,1.0000000000000002
2017-09-13,2017-09-14,2017-09-15,OK,-0.0037204248115704007,0.015605580879907504,6.242232351963001e-05,-0.0037826148975288465,1.0
2017-09-14,2017-09-15,2017-09-18,OK,0.0036013707974623817,0.015605620539335736,6.242248215734295e-05,0.0035387235088006896,0.9999999999999997
2017-09-15,2017-09-18,2017-09-19,OK,-0.0046931055812977525,2.969218213747654e-08,1.1876872854990617e-10,-0.0046931056995090925,1.0
2017-09-18,2017-09-19,2017-09-20,OK,0.010472209731184177,0.01560568251826647,6.242273007306588e-05,0.010409133297189843,1.0
2017-09-19,2017-09-20,2017-09-21,OK,-0.0030954350764871743,4.3244291279831426e-08,1.729771651193257e-10,-0.0030954352489288572,1.0
2017-09-20,2017-09-21,2017-09-22,OK,-0.0026536777898284437,9.362364130575257e-08,3.744945652230103e-10,-0.002653678163329176,1.0
2017-09-21,2017-09-22,2017-09-25,OK,-0.014410404651214924,0.19402528247747633,0.0007761011299099054,-0.015175321849792534,1.0
2017-09-22,2017-09-25,2017-09-26,OK,-0.0032838106536984394,0.007002892324438514,2.801156929775406e-05,-0.003311730238306554,1.0
2017-09-25,2017-09-26,2017-09-27,OK,0.0031683829831407415,0.007002919022926154,2.8011676091704618e-05,0.003140282555331275,1.0
2017-09-26,2017-09-27,2017-09-28,OK,0.0006023931379261416,0.010160432919499654,4.064173167799862e-05,0.0005617269239479583,1.0
2017-09-27,2017-09-28,2017-09-29,OK,0.001503084548249319,4.864900860022253e-08,1.9459603440089014e-10,0.001503084353360773,1.0
2017-09-28,2017-09-29,2017-10-02,OK,-0.002600732848563982,4.1229653319034554e-08,1.6491861327613823e-10,-0.0026007330130537465,1.0
2017-09-29,2017-10-02,2017-10-03,OK,0.01614007467658826,0.010160655697827117,4.064262279130847e-05,0.016098776078830035,1.0
2017-10-02,2017-10-03,2017-10-04,OK,0.006071943075731754,0.0033017343884353696,1.3206937553741479e-05,0.006058655946404867,1.0
2017-10-03,2017-10-04,2017-10-05,OK,0.014053261910835783,6.935645636106658e-08,2.774258254442663e-10,0.01405326162951126,1.0
2017-10-04,2017-10-05,2017-10-06,OK,0.0006380911802189482,4.307161260205111e-08,1.7228645040820444e-10,0.0006380910078225277,1.0
2017-10-05,2017-10-06,2017-10-09,OK,-0.0019535873320629896,2.2306162711198396e-08,8.922465084479359e-11,-0.0019535874211132898,1.0
2017-10-06,2017-10-09,2017-10-10,OK,0.0008211354571682972,3.923920561393901e-08,1.5695682245575605e-10,0.0008211353000826538,1.0
2017-10-09,2017-10-10,2017-10-11,OK,0.00175999440626004,2.9071935487429146e-08,1.1628774194971659e-10,0.0017599942897676968,1.0
2017-10-10,2017-10-11,2017-10-12,OK,-0.005238181618026976,3.9902326420468426e-08,1.596093056818737e-10,-0.005238181776800244,1.0
2017-10-11,2017-10-12,2017-10-13,OK,0.0054055432174878165,3.035519588294455e-08,1.214207835317782e-10,0.0054055430954107475,1.0
2017-10-12,2017-10-13,2017-10-16,OK,0.0034963611121876246,4.391453686108937e-08,1.7565814744435748e-10,0.0034963609359153214,1.0
2017-10-13,2017-10-16,2017-10-17,OK,0.004293527115002882,0.09099140781758291,0.0003639656312703317,0.00392799878742589,1.0
2017-10-16,2017-10-17,2017-10-18,OK,-0.003306300273499657,1.4759092870596235e-08,5.903637148238494e-11,-0.0033063003323408058,1.0
2017-10-17,2017-10-18,2017-10-19,OK,-0.004133834353484427,1.3712487764196146e-08,5.4849951056784586e-11,-0.004133834408107662,1.0
2017-10-18,2017-10-19,2017-10-20,OK,0.0038353158401734557,0.07535003115977014,0.0003014001246390806,0.003532759750862091,1.0
2017-10-19,2017-10-20,2017-10-23,OK,-0.009286896274255396,0.07038271029372999,0.00028153084117491997,-0.009565812567710275,1.0
2017-10-20,2017-10-23,2017-10-24,OK,0.010691244149838457,0.06003109719140077,0.00024012438876560308,0.010448552532606126,1.0
2017-10-23,2017-10-24,2017-10-25,OK,-0.0029909477461839027,0.17559767471565835,0.0007023906988626335,-0.0036912376311688533,1.0
2017-10-24,2017-10-25,2017-10-26,OK,0.002966298077253007,0.12523950698655506,0.0005009580279462202,0.002463854058471604,1.0
2017-10-25,2017-10-26,2017-10-27,OK,0.02139190801469542,5.653525968207784e-08,2.2614103872831138e-10,0.0213919077837168,1.0
2017-10-26,2017-10-27,2017-10-30,OK,-0.005093669360387212,0.016141084609434794,6.456433843773918e-05,-0.005157904829432458,1.0
2017-10-27,2017-10-30,2017-10-31,OK,0.0013569187713518408,0.020213250191150063,8.085300076460025e-05,0.0012759560596327102,1.0
2017-10-30,2017-10-31,2017-11-01,OK,0.006759015281655498,0.021265699126256837,8.506279650502735e-05,0.006673377544408998,0.9999999999999999
2017-10-31,2017-11-01,2017-11-02,OK,0.0033194765614435497,0.0006904812456943969,2.7619249827775876e-06,0.0033167054683154173,1.0
2017-11-01,2017-11-02,2017-11-03,OK,0.0011839268233611315,0.021265144744393123,8.50605789775725e-05,0.0010987655388823292,1.0
2017-11-02,2017-11-03,2017-11-06,OK,0.012054577389970235,0.019323075634709842,7.729230253883938e-05,0.011976353361388803,1.0
2017-11-03,2017-11-06,2017-11-07,OK,-0.016197726306306365,8.079673075014546e-05,3.2318692300058184e-07,-0.016198044258336042,1.0
2017-11-06,2017-11-07,2017-11-08,OK,0.0032617002793143817,0.07776903110956217,0.0003110761244382487,0.002949609517794105,1.0
2017-11-07,2017-11-08,2017-11-09,OK,-0.00709751389443174,0.15346279413375633,0.0006138511765350253,-0.007707008253712178,1.0
2017-11-08,2017-11-09,2017-11-10,OK,-0.0032665901757698503,1.3940526467567937e-08,5.576210587027175e-11,-0.0032665902313496753,1.0
2017-11-09,2017-11-10,2017-11-13,OK,0.002519267240171167,0.014213441441159574,5.68537657646383e-05,0.002462270244577125,1.0
2017-11-10,2017-11-13,2017-11-14,OK,-0.019541290460930897,1.0652057849235702e-07,4.260823139694281e-10,-0.019541290878686945,1.0
2017-11-13,2017-11-14,2017-11-15,OK,-0.0028473502270786283,0.09828184105631123,0.0003931273642252449,-0.003239358220014088,0.9999999999999999
2017-11-14,2017-11-15,2017-11-16,OK,0.014709183248314248,0.15493714667347122,0.0006197485866938849,0.014080318666090719,1.0
2017-11-15,2017-11-16,2017-11-17,OK,-0.0005756219777033054,0.06833682887962308,0.00027334731551849237,-0.000848811948499506,1.0
2017-11-16,2017-11-17,2017-11-20,OK,0.004807182427135757,2.1248353930525266e-08,8.499341572210106e-11,0.004807182341733718,1.0
2017-11-17,2017-11-20,2017-11-21,OK,0.006239843176930842,0.05523936115512376,0.00022095744462049505,0.006017506992507249,1.0
2017-11-20,2017-11-21,2017-11-22,OK,0.000851927895321293,1.635129023326576e-08,6.540516093306303e-11,0.0008519278298606547,1.0
2017-11-21,2017-11-22,2017-11-24,OK,0.0034143871119782865,0.003924211591747518,1.569684636699007e-05,0.0033986366705012205,1.0
2017-11-22,2017-11-24,2017-11-27,OK,-0.005914166818326355,2.482584749233241e-08,9.930338996932964e-11,-0.005914166917042385,0.9999999999999999
2017-11-24,2017-11-27,2017-11-28,OK,0.009325250765314274,0.03189849428742571,0.00012759397714970282,0.009196466942331671,1.0
2017-11-27,2017-11-28,2017-11-29,OK,-0.01988608391485288,0.026058815084718797,0.0001042352603388752,-0.019988246344057825,1.0
2017-11-28,2017-11-29,2017-11-30,OK,0.0035906764124767746,0.026058684534575466,0.00010423473813830187,0.0034860674011227832,1.0
2017-11-29,2017-11-30,2017-12-01,OK,-0.002594481461184243,0.21789503751727882,0.0008715801500691153,-0.0034638003127120953,1.0
2017-11-30,2017-12-01,2017-12-04,OK,-0.006282343214760511,0.20941861783513185,0.0008376744713405274,-0.007114755127569872,1.0
2017-12-01,2017-12-04,2017-12-05,OK,-0.0053833622083852735,5.26960785545566e-08,2.1078431421822642e-10,-0.005383362418034832,1.0
2017-12-04,2017-12-05,2017-12-06,OK,0.0009530924906808699,0.1188323947120097,0.0004753295788480388,0.0004773098787806962,1.0
2017-12-05,2017-12-06,2017-12-07,OK,-0.0033004999813327296,0.13470780787187925,0.000538831231487517,-0.0038375528003508075,1.0
2017-12-06,2017-12-07,2017-12-08,OK,0.011690772881216865,0.10836485863359092,0.0004334594345343637,0.011252245970880148,1.0
2017-12-07,2017-12-08,2017-12-11,OK,-0.003922230760337905,0.13056787518828622,0.0005222715007531449,-0.004442453791745571,1.0
2017-12-08,2017-12-11,2017-12-12,OK,0.004130836176083406,0.08204683313320381,0.0003281873325328152,0.0038012931554449736,1.0
2017-12-11,2017-12-12,2017-12-13,OK,-0.0029710032393900176,0.06155278565784353,0.00024621114263137414,-0.003216482887919092,1.0
2017-12-12,2017-12-13,2017-12-14,OK,-0.0077436230763649125,0.06731529588541982,0.0002692611835416793,-0.00801079920279213,1.0
2017-12-13,2017-12-14,2017-12-15,OK,0.006837857149338789,0.05193394253649321,0.00020773577014597284,0.00662870091167167,1.0
2017-12-14,2017-12-15,2017-12-18,OK,0.011925384913288515,1.8369391996680626e-05,7.34775679867225e-08,0.011925310559472324,1.0
2017-12-15,2017-12-18,2017-12-19,OK,-0.0015004332380590029,0.0061653275529991135,2.4661310211996454e-05,-0.0015250575456214888,1.0
2017-12-18,2017-12-19,2017-12-20,OK,0.0023089760216662113,0.12931701770325332,0.0005172680708130133,0.0017905135912807957,1.0
2017-12-19,2017-12-20,2017-12-21,OK,0.006767869615083053,0.13036669492740316,0.0005214667797096127,0.0062428736161996845,1.0
2017-12-20,2017-12-21,2017-12-22,OK,0.0006123037088806974,0.11089533549261446,0.00044358134197045783,0.00016845076040938878,1.0
2017-12-21,2017-12-22,2017-12-26,OK,0.0045402824547929954,0.13091550076104286,0.0005236620030441714,0.004014242878344287,1.0
2017-12-22,2017-12-26,2017-12-27,OK,-0.0005769785329299605,0.0032292372621482244,1.2916949048592898e-05,-0.0005898880291762554,1.0
2017-12-26,2017-12-27,2017-12-28,OK,0.009048834098049408,0.009912476925725841,3.9649907702903366e-05,0.00900882540490966,1.0
2017-12-27,2017-12-28,2017-12-29,OK,-0.0025402143333732516,0.0030881920163708127,1.235276806548325e-05,-0.002552535722760152,1.0
2017-12-28,2017-12-29,2018-01-02,OK,0.02045970613901249,0.12193889619678837,0.00048775558478715347,0.019961971218292796,1.0
2017-12-29,2018-01-02,2018-01-03,OK,0.015456724315666021,0.014469513237475662,5.787805294990265e-05,0.015397951657607711,1.0
2018-01-02,2018-01-03,2018-01-04,OK,0.0026639865817724346,0.006601809950089345,2.640723980035738e-05,0.002637508993439397,1.0
2018-01-03,2018-01-04,2018-01-05,OK,0.010473826848855079,0.0016706981206547735,6.682792482619094e-06,0.010467074061961235,1.0000000000000002
2018-01-04,2018-01-05,2018-01-08,OK,0.003753659422642262,0.05972337429888847,0.00023889349719555388,0.0035138692006198013,1.0
2018-01-05,2018-01-08,2018-01-09,OK,0.0027133711182079526,0.03450363349893787,0.00013801453399575148,0.002574982099561751,1.0
2018-01-08,2018-01-09,2018-01-10,OK,-0.00012810722673667362,0.08861706501059538,0.00035446826004238154,-0.0004825300768332985,0.9999999999999998
2018-01-09,2018-01-10,2018-01-11,OK,0.015238554638075478,0.021711565692497468,8.684626276998988e-05,0.01515038496378529,1.0
2018-01-10,2018-01-11,2018-01-12,OK,0.011488594646531746,0.11040392869716918,0.0004416157147886767,0.011041905387806361,1.0
2018-01-11,2018-01-12,2018-01-16,OK,0.0011176746814756111,0.04400905862399786,0.00017603623449599144,0.0009414416957371774,1.0
2018-01-12,2018-01-16,2018-01-17,OK,0.011448767981218683,0.04264797501150803,0.0001705919000460321,0.011276223014089704,1.0
2018-01-16,2018-01-17,2018-01-18,OK,0.007924841179053257,0.03650078379995226,0.00014600313519980905,0.007777680992195446,1.0
2018-01-17,2018-01-18,2018-01-19,OK,0.0069111698699722115,0.10752096966605462,0.0004300838786642185,0.006478113608564318,1.0
2018-01-18,2018-01-19,2018-01-22,OK,0.007502518736777399,0.02904945819518237,0.00011619783278072948,0.007385449127579102,0.9999999999999999
2018-01-19,2018-01-22,2018-01-23,OK,0.012238800064996197,0.01176718387840363,4.706873551361452e-05,0.01219115526463943,1.0
2018-01-22,2018-01-23,2018-01-24,OK,0.029301002435008525,0.02045840268792209,8.183361075168837e-05,0.029216771017428922,1.0
2018-01-23,2018-01-24,2018-01-25,OK,0.010290962508493815,0.05202013106007102,0.0002080805242402841,0.010080740635379781,1.0000000000000002
2018-01-24,2018-01-25,2018-01-26,OK,0.021387561818879484,1.2295208814991126e-07,4.91808352599645e-10,0.021387561316552617,1.0
2018-01-25,2018-01-26,2018-01-29,OK,0.002790513449080867,7.176027537734984e-08,2.8704110150939933e-10,0.0027905131612389056,1.0
2018-01-26,2018-01-29,2018-01-30,OK,-0.019644695682614528,1.3795874226161625e-07,5.51834969046465e-10,-0.01964469622360887,1.0
2018-01-29,2018-01-30,2018-01-31,OK,-0.006111745486498676,0.08185221053086647,0.0003274088421234659,-0.006437153289108988,1.0
2018-01-30,2018-01-31,2018-02-01,OK,0.0064124285119661496,1.9528994380825504e-08,7.811597752330202e-11,0.0064124284333493264,1.0
2018-01-31,2018-02-01,2018-02-02,OK,-0.02268630695613167,0.0050690747439770725,2.027629897590829e-05,-0.022706123260765154,1.0
2018-02-01,2018-02-02,2018-02-05,OK,-0.04442570633562942,0.0016440866054713826,6.57634642188553e-06,-0.04443199052321645,1.0
2018-02-02,2018-02-05,2018-02-06,OK,0.03385229166570912,0.09313922366750503,0.0003725568946700201,0.03346712286637876,1.0
2018-02-05,2018-02-06,2018-02-07,OK,-0.011823039842098888,0.0207693486802202,8.30773947208808e-05,-0.01190513500947199,1.0
2018-02-06,2018-02-07,2018-02-08,OK,-0.044698514255209085,3.125270821996429e-08,1.2501083287985716e-10,-0.044698514374632126,1.0
2018-02-07,2018-02-08,2018-02-09,OK,0.010292152714704244,1.8990509381006104e-06,7.596203752402442e-09,0.010292145040319056,1.0
2018-02-08,2018-02-09,2018-02-12,OK,0.021173855575737036,3.458724607413588e-08,1.3834898429654353e-10,0.02117385543445871,1.0
2018-02-09,2018-02-12,2018-02-13,OK,0.004141664414846463,2.7092167838999037e-08,1.0836867135599615e-10,0.004141664306029025,1.0
2018-02-12,2018-02-13,2018-02-14,OK,0.01950689167796566,3.6775518054421585e-08,1.4710207221768635e-10,0.01950689152799412,1.0
2018-02-13,2018-02-14,2018-02-15,OK,0.012845377299060665,2.1079784225455644e-07,8.431913690182258e-10,0.012845376445038248,1.0
2018-02-14,2018-02-15,2018-02-16,OK,-0.0004398341511179113,4.1411836362859056e-08,1.6564734545143623e-10,-0.00043983431669247786,1.0
2018-02-15,2018-02-16,2018-02-20,OK,0.00438752391603379,0.179842227033774,0.0007193689081350961,0.0036649987596097944,1.0
2018-02-16,2018-02-20,2018-02-21,OK,-0.002597732593602112,0.07212226151850294,0.00028848904607401175,-0.002885472222278196,0.9999999999999999
2018-02-20,2018-02-21,2018-02-22,OK,0.007404673674768526,0.10617896398077098,0.0004247158559230839,0.006976812936527965,1.0
2018-02-21,2018-02-22,2018-02-23,OK,0.021848470586082736,0.09154289420988519,0.0003661715768395408,0.021474298720317142,1.0
2018-02-22,2018-02-23,2018-02-26,OK,0.015520525046574302,9.220348849009463e-09,3.6881395396037854e-11,0.015520525009120378,1.0
2018-02-23,2018-02-26,2018-02-27,OK,-0.015454170801535834,0.07892806605364122,0.0003157122642145649,-0.015765003994495097,1.0
2018-02-26,2018-02-27,2018-02-28,OK,-0.002353890616150259,1.6216277824027125e-08,6.48651112961085e-11,-0.002353890680862669,1.0
2018-02-27,2018-02-28,2018-03-01,OK,-0.011680844614017635,1.0768977327935136e-08,4.3075909311740545e-11,-0.011680844656590361,1.0
2018-02-28,2018-03-01,2018-03-02,OK,0.010009148906688674,2.1024784534889873e-08,8.409913813955949e-11,0.010009148821747749,1.0
2018-03-01,2018-03-02,2018-03-05,OK,0.021486344389145137,1.4252669783970662e-08,5.701067913588265e-11,0.021486344330909457,1.0
2018-03-02,2018-03-05,2018-03-06,OK,0.011941348658569299,1.3219386421972623e-07,5.287754568789049e-10,0.011941348123479578,1.0
2018-03-05,2018-03-06,2018-03-07,OK,-0.010119259994260011,1.6767679238138822e-08,6.707071695255529e-11,-0.010119260060652002,1.0
2018-03-06,2018-03-07,2018-03-08,OK,-0.001348250672866249,4.4380931924284384e-08,1.7752372769713754e-10,-0.0013482508501506674,1.0
2018-03-07,2018-03-08,2018-03-09,OK,0.030349418586629963,0.01588026014773811,6.352104059095244e-05,0.03028396971938907,1.0
2018-03-08,2018-03-09,2018-03-12,OK,-0.015291317527445678,2.803562535076687e-08,1.1214250140306747e-10,-0.015291317637873392,1.0
2018-03-09,2018-03-12,2018-03-13,OK,-0.008974235219649107,0.01588033719982672,6.352134879930688e-05,-0.009037186512922846,1.0
2018-03-12,2018-03-13,2018-03-14,OK,0.0015110470238154875,0.015756760326605973,6.302704130642389e-05,0.0014479247456860023,1.0
2018-03-13,2018-03-14,2018-03-15,OK,-0.005173254720516954,2.0438751933971044e-08,8.175500773588418e-11,-0.005173254801849048,1.0
2018-03-14,2018-03-15,2018-03-16,OK,0.0024030965335322682,0.015756798007732685,6.302719203093074e-05,0.0023399178810745713,0.9999999999999999
2018-03-15,2018-03-16,2018-03-19,OK,-0.018221584544316133,0.014209616514247545,5.683846605699018e-05,-0.018277387323458405,1.0
2018-03-16,2018-03-19,2018-03-20,OK,0.006794482074169149,2.115829490865334e-08,8.463317963461337e-11,0.006794481988960932,1.0
2018-03-19,2018-03-20,2018-03-21,OK,0.01020749638833718,0.013200247905823484,5.280099162329394e-05,0.010154156430782546,1.0
2018-03-20,2018-03-21,2018-03-22,OK,-0.030734643383961445,0.013200267792933679,5.2801071171734716e-05,-0.030785821633040555,1.0
2018-03-21,2018-03-22,2018-03-23,OK,-0.012951579849939387,0.013200258670594153,5.280103468237661e-05,-0.013003697027804906,1.0
2018-03-22,2018-03-23,2018-03-26,OK,0.03219395536076898,0.10294904124261627,0.00041179616497046505,0.03176890184844594,1.0
2018-03-23,2018-03-26,2018-03-27,OK,-0.029321774792906093,0.0550085187237781,0.0002200340748951124,-0.029535357078210422,1.0
2018-03-26,2018-03-27,2018-03-28,OK,-0.017933640840363245,0.04273536332418647,0.00017094145329674587,-0.01810151669103177,1.0
2018-03-27,2018-03-28,2018-03-29,OK,0.021339913404677797,0.03366180427141575,0.000134647217085663,0.02120239282763947,1.0
2018-03-28,2018-03-29,2018-04-02,OK,-0.02876629289227739,2.8107560712947732e-08,1.1243024285179093e-10,-0.028766293001473486,1.0
2018-03-29,2018-04-02,2018-04-03,OK,0.008555407510096064,5.688473793744042e-08,2.275389517497617e-10,0.008555407280610217,1.0
2018-04-02,2018-04-03,2018-04-04,OK,0.006608402106561263,0.03366160753691757,0.0001346464301476703,0.006472865878661027,1.0
2018-04-03,2018-04-04,2018-04-05,OK,0.013988586929473683,2.3032850506206348e-08,9.21314020248254e-11,0.013988586836053418,1.0
2018-04-04,2018-04-05,2018-04-06,OK,-0.018001250410334808,0.14011651621152346,0.0005604660648460939,-0.018551627385201108,1.0
2018-04-05,2018-04-06,2018-04-09,OK,-0.011652073052467009,0.10322079330173949,0.00041288317320695796,-0.01206014528077759,1.0
2018-04-06,2018-04-09,2018-04-10,OK,0.024477550963583443,0.059140263368337345,0.00023656105347334938,0.02423519947486774,1.0
2018-04-09,2018-04-10,2018-04-11,OK,0.01029259493805383,0.0771236073777962,0.0003084944295111848,0.009980925300339116,1.0
2018-04-10,2018-04-11,2018-04-12,OK,0.007939994459001766,0.14797646737491804,0.0005919058694996721,0.007343388860177935,1.0
2018-04-11,2018-04-12,2018-04-13,OK,-0.006440934169890624,0.05659218400605859,0.00022636873602423436,-0.006665844879788052,1.0
2018-04-12,2018-04-13,2018-04-16,OK,-0.0026851525837431095,0.18222935479226898,0.0007289174191690759,-0.0034121127484207925,1.0
2018-04-13,2018-04-16,2018-04-17,OK,0.03450889076908107,0.03674738813980316,0.00014698955255921264,0.03435682877010837,1.0
2018-04-16,2018-04-17,2018-04-18,OK,0.011560673627813458,0.06790351050091731,0.00027161404200366925,0.011285919544517409,1.0
2018-04-17,2018-04-18,2018-04-19,OK,-0.00034852861020449454,0.031155367855237325,0.0001246214714209493,-0.0004731066474772394,1.0
2018-04-18,2018-04-19,2018-04-20,OK,-0.007244359076559957,0.07348406152805317,0.0002939362461122127,-0.007536165942959694,1.0
2018-04-19,2018-04-20,2018-04-23,OK,-0.009343206201224257,0.06873143697932063,0.00027492574791728255,-0.009615563261188842,1.0
2018-04-20,2018-04-23,2018-04-24,OK,-0.01681048363985834,0.06873109867115296,0.00027492439468461183,-0.01708078642250388,1.0
2018-04-23,2018-04-24,2018-04-25,OK,-0.0083635074877171,0.058925607845450305,0.00023570243138180123,-0.00859723862004913,1.0
2018-04-24,2018-04-25,2018-04-26,OK,0.021715971888840842,0.0589255390377124,0.00023570215615084962,0.021475151231292955,1.0
2018-04-25,2018-04-26,2018-04-27,OK,0.002995200743448644,2.3841583981359937e-08,9.536633592543976e-11,0.002995200647796681,1.0
2018-04-26,2018-04-27,2018-04-30,OK,-0.0064743227742021115,0.0589256530282664,0.0002357026121130656,-0.0067084993715256225,1.0
2018-04-27,2018-04-30,2018-05-01,OK,-0.006722404694952801,1.1801909904213259e-08,4.7207639616853035e-11,-0.006722404741843158,0.9999999999999999
2018-04-30,2018-05-01,2018-05-02,OK,-0.003689358264741348,0.041631642247886014,0.00016652656899154405,-0.00385527045755929,1.0
2018-05-01,2018-05-02,2018-05-03,OK,-0.0014398780126378117,0.0024574670152085476,9.82986806083419e-06,-0.0014496937268877463,1.0
2018-05-02,2018-05-03,2018-05-04,OK,0.006201327246144829,0.06386069392038278,0.00025544277568153114,0.005944300386218515,1.0
2018-05-03,2018-05-04,2018-05-07,OK,0.005962516772376395,7.739288505267949e-07,3.0957154021071797e-09,0.005962513658202884,1.0
2018-05-04,2018-05-07,2018-05-08,OK,0.0002078838418916218,2.3277241575220264e-08,9.310896630088105e-11,0.00020788374876312687,1.0
2018-05-07,2018-05-08,2018-05-09,OK,0.026842158211402168,0.07442422745064953,0.00029769690980259813,0.026536470474047613,1.0
2018-05-08,2018-05-09,2018-05-10,OK,0.02048412350106867,1.3319773759651321e-08,5.3279095038605285e-11,0.020484123446698144,1.0
2018-05-09,2018-05-10,2018-05-11,OK,0.002828061496830956,0.03490336099651441,0.00013961344398605763,0.00268805321743959,1.0
2018-05-10,2018-05-11,2018-05-14,OK,0.01233593583591054,0.06423488889499597,0.0002569395555799839,0.012075826690459257,0.9999999999999999
2018-05-11,2018-05-14,2018-05-15,OK,-0.0008433467280829464,0.012302298209137127,4.920919283654851e-05,-0.0008925144205077506,1.0
2018-05-14,2018-05-15,2018-05-16,OK,0.008486116541712352,0.04368066958509849,0.00017472267834039396,0.008309911146360927,1.0
2018-05-15,2018-05-16,2018-05-17,OK,-0.009402043671164206,1.85787747495475e-08,7.431509899819e-11,-0.009402043744780597,1.0
2018-05-16,2018-05-17,2018-05-18,OK,-0.007224924641751368,1.3702217133496064e-08,5.4808868533984255e-11,-0.007224924696164203,0.9999999999999999
2018-05-17,2018-05-18,2018-05-21,OK,0.0025477005205588816,9.738140768246473e-08,3.895256307298589e-10,0.0025477001300409086,1.0
2018-05-18,2018-05-21,2018-05-22,OK,-0.001302602382873175,8.498540818475953e-08,3.399416327390381e-10,-0.0013026027223720371,1.0
2018-05-21,2018-05-22,2018-05-23,OK,0.0010831453909390038,3.172456233668103e-07,1.268982493467241e-09,0.0010831441205820802,1.0
2018-05-22,2018-05-23,2018-05-24,OK,-0.03385797051409913,0.0092225476786848,3.68901907147392e-05,-0.03389361167782434,1.0
2018-05-23,2018-05-24,2018-05-25,OK,-0.0029730056333249046,0.009087888783135344,3.6351555132541374e-05,-0.003009249115079382,1.0
2018-05-24,2018-05-25,2018-05-29,OK,-0.01601687822308307,0.08634259029338527,0.0003453703611735411,-0.01635671682923978,1.0
2018-05-25,2018-05-29,2018-05-30,OK,0.012817190188305856,0.025488925247669682,0.00010195570099067873,0.012713927701704764,1.0
2018-05-29,2018-05-30,2018-05-31,OK,-0.006736381402141925,0.10166478047934549,0.000406659121917382,-0.007140301113113479,1.0000000000000002
2018-05-30,2018-05-31,2018-06-01,OK,-0.008896996549731022,0.056918770289824595,0.00022767508115929838,-0.009122646006478718,1.0
2018-05-31,2018-06-01,2018-06-04,OK,0.011015295558086995,0.1399278187016762,0.0005597112748067048,0.010449418898160978,1.0
2018-06-01,2018-06-04,2018-06-05,OK,0.0026018059740682844,1.9460211862082355e-08,7.784084744832943e-11,0.002601805896024878,1.0
2018-06-04,2018-06-05,2018-06-06,OK,0.009156998855819621,3.498854168892951e-08,1.3995416675571803e-10,0.009156998714583864,1.0
2018-06-05,2018-06-06,2018-06-07,OK,-0.0035526204426914744,1.0595536059643251e-08,4.2382144238573006e-11,-0.003552620484922997,1.0
2018-06-06,2018-06-07,2018-06-08,OK,0.0011041626547781227,0.08140605476198332,0.0003256242190479333,0.0007781788936280787,1.0
2018-06-07,2018-06-08,2018-06-11,OK,0.0032874363326020326,0.05951934301115426,0.00023807737204461704,0.003048576296354577,1.0
2018-06-08,2018-06-11,2018-06-12,OK,0.0032965476872329025,0.01602332590977653,6.409330363910613e-05,0.0032322430969617955,1.0
2018-06-11,2018-06-12,2018-06-13,OK,0.006471694934463073,0.0012099057445437225,4.83962297817489e-06,0.006466823990921355,1.0
2018-06-12,2018-06-13,2018-06-14,OK,0.006295994214708873,0.033685512789534106,0.00013474205115813643,0.0061604038283762375,1.0
2018-06-13,2018-06-14,2018-06-15,OK,-0.000629004282123559,0.04175923434202091,0.00016703693736808364,-0.0007959361525426978,1.0
2018-06-14,2018-06-15,2018-06-18,OK,-0.002608521443087552,0.025604296040142405,0.00010241718416056963,-0.002710671469827064,1.0
2018-06-15,2018-06-18,2018-06-19,OK,0.0070908872236243575,0.08927716449442968,0.0003571086579777187,0.006731246348426367,1.0
2018-06-18,2018-06-19,2018-06-20,OK,0.012059308105789276,0.035256076518498436,0.00014102430607399374,0.01191658314415811,1.0
2018-06-19,2018-06-20,2018-06-21,OK,-0.006307021374012392,0.03883295212635741,0.00015533180850542963,-0.006461373501481571,1.0
2018-06-20,2018-06-21,2018-06-22,OK,-0.002249077926948018,0.006723475074852225,2.6893900299408898e-05,-0.002275911340769987,1.0
2018-06-21,2018-06-22,2018-06-25,OK,-0.025565727281400843,1.0024900935282077e-06,4.009960374112831e-09,-0.025565731188843643,1.0
2018-06-22,2018-06-25,2018-06-26,OK,0.010742631460800945,0.027818570418162172,0.0001112742816726487,0.010630161800529336,1.0000000000000002
2018-06-25,2018-06-26,2018-06-27,OK,-0.009525807309302243,0.09625922676985271,0.0003850369070794109,-0.009907176428997744,1.0
2018-06-26,2018-06-27,2018-06-28,OK,0.005792951129322932,0.0016200351813255194,6.480140725302078e-06,0.005786433449459061,1.0
2018-06-27,2018-06-28,2018-06-29,OK,-0.001715230529207262,1.9450040025618953e-08,7.780016010247582e-11,-0.001715230606874063,1.0
2018-06-28,2018-06-29,2018-07-02,OK,0.004018417913785738,0.05414678702663814,0.00021658714810655257,0.003800960428003153,1.0
2018-06-29,2018-07-02,2018-07-03,OK,-0.0027680238680464226,2.7969011152234602e-08,1.1187604460893841e-10,-0.0027680239796128436,1.0
2018-07-02,2018-07-03,2018-07-05,OK,0.01041790157685987,4.663705992398459e-08,1.8654823969593837e-10,0.01041790138836829,1.0
2018-07-03,2018-07-05,2018-07-06,OK,0.011760894694399995,2.6077516151676305e-08,1.0431006460670522e-10,0.01176089458886298,1.0
2018-07-05,2018-07-06,2018-07-09,OK,0.011491419074717672,3.094989336170639e-08,1.2379957344682558e-10,0.01149141894949568,1.0
2018-07-06,2018-07-09,2018-07-10,OK,-0.0014292651999968952,1.9943781209841305e-08,7.977512483936523e-11,-0.0014292652796579208,1.0
2018-07-09,2018-07-10,2018-07-11,OK,-0.0018016971082490004,1.7503445078753677e-08,7.001378031501471e-11,-0.0018016971781366076,1.0
2018-07-10,2018-07-11,2018-07-12,OK,-0.001711304057361754,0.03198970380620682,0.00012795881522482727,-0.0018390438961469746,1.0
2018-07-11,2018-07-12,2018-07-13,OK,-0.005241886873056638,0.030620171671911205,0.00012248068668764482,-0.005363725529840435,1.0
2018-07-12,2018-07-13,2018-07-16,OK,-0.00028446052368846656,0.030018304268868853,0.00012007321707547542,-0.000404499584673812,1.0
2018-07-13,2018-07-16,2018-07-17,OK,-0.016500984983712746,1.4014804877379716e-08,5.605921950951887e-11,-0.016500985038847005,1.0
2018-07-16,2018-07-17,2018-07-18,OK,0.0019352169843533783,3.9281653664222094e-08,1.5712661465688837e-10,0.0019352168269226588,1.0
2018-07-17,2018-07-18,2018-07-19,OK,-0.010418826210895852,0.004899673888146119,1.9598695552584476e-05,-0.010438220711045498,1.0
2018-07-18,2018-07-19,2018-07-20,OK,-0.003240894617852578,7.092032408257017e-05,2.8368129633028064e-07,-0.0032411773797677013,1.0
2018-07-19,2018-07-20,2018-07-23,OK,0.002564879643036748,0.09507397008927183,0.00038029588035708736,0.002183608349517696,1.0
2018-07-20,2018-07-23,2018-07-24,OK,0.0008106232172991122,0.07631185908916482,0.00030524743635665933,0.0005051283402834894,1.0
2018-07-23,2018-07-24,2018-07-25,OK,0.01222381503918753,0.061887419577108124,0.0002475496783084325,0.011973239359398535,1.0
2018-07-24,2018-07-25,2018-07-26,OK,-0.0009375877136497354,0.044486421610334656,0.00017794568644133863,-0.001115366560401787,1.0
2018-07-25,2018-07-26,2018-07-27,OK,-0.009865876306873696,0.022848809865326086,9.139523946130434e-05,-0.009956369852207492,1.0
2018-07-26,2018-07-27,2018-07-30,OK,-0.013048245940728374,0.04201009074227494,0.0001680403629690998,-0.013214093671713556,1.0
2018-07-27,2018-07-30,2018-07-31,OK,0.004422574982750236,0.1676855793570199,0.0006707423174280796,0.003748866257129224,1.0
2018-07-30,2018-07-31,2018-08-01,OK,-0.007607154245523196,0.11833110112675842,0.0004733244045070337,-0.008076877998276832,1.0
2018-07-31,2018-08-01,2018-08-02,OK,0.004927525857445245,0.020378088575644895,8.151235430257959e-05,0.004845611848909304,1.0
2018-08-01,2018-08-02,2018-08-03,OK,0.004807380151616895,0.012205370963865949,4.88214838554638e-05,0.004758323964328959,1.0
2018-08-02,2018-08-03,2018-08-06,OK,0.004259909441344574,1.3805943368186933e-05,5.522377347274773e-08,0.004259853982322648,1.0
2018-08-03,2018-08-06,2018-08-07,OK,0.002304617674980949,0.11525299016983653,0.0004610119606793461,0.0018425432579887158,1.0
2018-08-06,2018-08-07,2018-08-08,OK,0.0007784952813378132,0.11200659430255452,0.0004480263772102181,0.0003301201177070556,1.0
2018-08-07,2018-08-08,2018-08-09,OK,0.002269389151901226,0.006583927491054504,2.6335709964218018e-05,0.002242993675962479,1.0
2018-08-08,2018-08-09,2018-08-10,OK,-0.00333335402447474,0.016740054941474843,6.696021976589938e-05,-0.003400091042122688,1.0
2018-08-09,2018-08-10,2018-08-13,OK,-0.00431110596057004,0.022820317359487884,9.128126943795153e-05,-0.0044019937067831805,1.0
2018-08-10,2018-08-13,2018-08-14,OK,0.0047178567425583545,0.021846977613823267,8.738791045529306e-05,0.004630056548460493,1.0
2018-08-13,2018-08-14,2018-08-15,OK,-0.018942283996481873,5.823886095706385e-07,2.329554438282554e-09,-0.018942286281909304,1.0
2018-08-14,2018-08-15,2018-08-16,OK,0.0069453122914802205,0.05850150213644612,0.0002340060085457845,0.006709681038126858,0.9999999999999999
2018-08-15,2018-08-16,2018-08-17,OK,-0.00010221052524436139,0.1311467611534275,0.0005245870446137099,-0.0006267439515407203,1.0
2018-08-16,2018-08-17,2018-08-20,OK,0.007844072750565803,0.018399722485380243,7.359888994152097e-05,0.007769896545577248,1.0
2018-08-17,2018-08-20,2018-08-21,OK,0.014083911179383677,0.0031600724364048392,1.2640289745619358e-05,0.01407109286491992,1.0
2018-08-20,2018-08-21,2018-08-22,OK,-0.0027623515420129047,0.11357450133150651,0.00045429800532602603,-0.00321539461654341,1.0
2018-08-21,2018-08-22,2018-08-23,OK,-0.002622944801566084,0.09369287639320338,0.0003747715055728135,-0.0029967333021666542,1.0
2018-08-22,2018-08-23,2018-08-24,OK,0.01937794861286619,0.0636625850387415,0.000254650340154966,0.019118363671505545,1.0
2018-08-23,2018-08-24,2018-08-27,OK,0.004708707914585736,0.036976736508086805,0.00014790694603234722,0.004560104517945973,0.9999999999999998
2018-08-24,2018-08-27,2018-08-28,OK,0.0025745290096592984,0.013304670825928462,5.321868330371385e-05,0.0025211733133114755,0.9999999999999999
2018-08-27,2018-08-28,2018-08-29,OK,0.004104670866985419,0.048870093695158365,0.00019548037478063347,0.003908388109605365,1.0
2018-08-28,2018-08-29,2018-08-30,OK,0.0006131413525910926,0.005137699222622262,2.0550796890489047e-05,0.0005925779551572141,1.0
2018-08-29,2018-08-30,2018-08-31,OK,0.001324812838150655,0.0258369089471771,0.0001033476357887084,0.001221328286087342,1.0000000000000002
2018-08-30,2018-08-31,2018-09-04,OK,-0.0017155957995049062,5.371028254617938e-08,2.1484113018471752e-10,-0.0017155960139774162,1.0
2018-08-31,2018-09-04,2018-09-05,OK,-0.01583453698775134,0.011866250378840756,4.7465001515363024e-05,-0.015881250402944636,1.0
2018-09-04,2018-09-05,2018-09-06,OK,0.004938971905479987,0.0555239074064065,0.000222095629625626,0.004715779351779359,1.0
2018-09-05,2018-09-06,2018-09-07,OK,0.000936200676998355,0.0237231817299683,9.48927269198732e-05,0.0008412191114433032,1.0
2018-09-06,2018-09-07,2018-09-10,OK,-0.0014588638107140336,0.06922852471678564,0.00027691409886714257,-0.0017353739296236403,1.0
2018-09-07,2018-09-10,2018-09-11,OK,0.0004571484129842335,0.11292226905417953,0.0004516890762167181,5.252847823156159e-06,1.0
2018-09-10,2018-09-11,2018-09-12,OK,0.009711944332300803,0.061896422902837395,0.0002475856916113496,0.00946195410223516,1.0
2018-09-11,2018-09-12,2018-09-13,OK,0.003972359880395159,0.1021938787777773,0.0004087755151111092,0.0035619605618277816,1.0
2018-09-12,2018-09-13,2018-09-14,OK,-0.005579341699544066,0.0007807522599707038,3.1230090398828153e-06,-0.005582447284249503,1.0
2018-09-13,2018-09-14,2018-09-17,OK,-0.008602282770528397,0.043641859331000454,0.0001745674373240018,-0.0087753485293941,1.0
2018-09-14,2018-09-17,2018-09-18,OK,0.015670193888168454,2.5104591756114347e-08,1.0041836702445739e-10,0.01567019378617651,1.0
2018-09-17,2018-09-18,2018-09-19,OK,0.002879368801853232,0.18510630514346668,0.0007404252205738667,0.0021368116239990353,1.0
2018-09-18,2018-09-19,2018-09-20,OK,0.003598513220109008,0.08030969773409853,0.00032123879093639413,0.0032761184471366,1.0
2018-09-19,2018-09-20,2018-09-21,OK,0.0007155254899265267,0.05696996835202926,0.00022787987340811705,0.0004874825626604018,1.0
2018-09-20,2018-09-21,2018-09-24,OK,0.001920268742996154,0.06785199599144014,0.0002714079839657605,0.001648339582762226,1.0
2018-09-21,2018-09-24,2018-09-25,OK,-0.0007901542805347078,0.06785159640564749,0.00027140638562259,-0.0010613462132400553,1.0
2018-09-24,2018-09-25,2018-09-26,OK,0.007082188271856874,0.16353012695155467,0.0006541205078062186,0.0064234351594618655,1.0
2018-09-25,2018-09-26,2018-09-27,OK,0.005631628178237721,0.10517814397402059,0.00042071257589608235,0.005208546305544459,1.0
2018-09-26,2018-09-27,2018-09-28,OK,-0.000762201179354125,0.01736386071343053,6.945544285372212e-05,-0.0008316036831873541,1.0
2018-09-27,2018-09-28,2018-10-01,OK,0.005162833676039581,0.07437496804018662,0.00029749987216074646,0.004863797861520247,0.9999999999999999
2018-09-28,2018-10-01,2018-10-02,OK,-0.00295044416053334,0.01436307019434404,5.745228077737616e-05,-0.0030077269315643695,0.9999999999999999
2018-10-01,2018-10-02,2018-10-03,OK,-0.0013841181511759677,0.013174946762595681,5.2699787050382723e-05,-0.00143674499549451,1.0
2018-10-02,2018-10-03,2018-10-04,OK,-0.01139249085209998,0.002319787808242716,9.279151232970864e-06,-0.011401664290687452,1.0
2018-10-03,2018-10-04,2018-10-05,OK,-0.010568641914870607,0.04804296253178798,0.00019217185012715193,-0.010758782769527575,1.0
2018-10-04,2018-10-05,2018-10-08,OK,0.002595661201074438,0.16769264400061148,0.0006707705760024459,0.001923149531913193,1.0
2018-10-05,2018-10-08,2018-10-09,OK,0.006209989657475872,0.022428588424009792,8.971435369603917e-05,0.006119718178571265,1.0
2018-10-08,2018-10-09,2018-10-10,OK,-0.03371526319423592,0.104796664622552,0.000419186658490208,-0.03412031686420758,1.0
2018-10-09,2018-10-10,2018-10-11,OK,-0.018343638245428277,0.018275815051838194,7.310326020735278e-05,-0.01841540052587587,1.0
2018-10-10,2018-10-11,2018-10-12,OK,0.018897015434591984,0.04727350350418849,0.00018909401401675396,0.018704348108073754,1.0
2018-10-11,2018-10-12,2018-10-15,OK,0.0031673970525614107,0.006895851326044988,2.758340530417995e-05,0.0031397262796606373,1.0
2018-10-12,2018-10-15,2018-10-16,OK,0.02530334674842213,0.023012741025395803,9.205096410158321e-05,0.02520896658685734,1.0
2018-10-15,2018-10-16,2018-10-17,OK,-0.00406866277235717,0.016879200281585082,6.751680112634032e-05,-0.004135904870388285,1.0
2018-10-16,2018-10-17,2018-10-18,OK,-0.007446668792436337,0.05556094661965516,0.00022224378647862065,-0.007667257603045874,1.0
2018-10-17,2018-10-18,2018-10-19,OK,-0.01342133860691476,0.1684838600425304,0.0006739354401701217,-0.014086228931343148,1.0000000000000002
2018-10-18,2018-10-19,2018-10-22,OK,0.0005122151052628461,0.1165661436990707,0.0004662645747962828,4.571170270817326e-05,1.0
2018-10-19,2018-10-22,2018-10-23,OK,-0.003225297774729651,0.055710362727906304,0.00022284145091162522,-0.0034474204956056465,1.0
2018-10-22,2018-10-23,2018-10-24,OK,-0.029208987488301384,0.0036820265646032076,1.472810625841283e-05,-0.02922328540148844,1.0
2018-10-23,2018-10-24,2018-10-25,OK,0.014171352911976173,0.05159242161592705,0.0002063696864637082,0.013962058687855272,1.0
2018-10-24,2018-10-25,2018-10-26,OK,-0.0213478497954176,0.054182350448968276,0.0002167294017958731,-0.02155995249049769,1.0
2018-10-25,2018-10-26,2018-10-29,OK,0.008174187821377294,0.029973610048551536,0.00011989444019420615,0.00805331334151016,1.0
2018-10-26,2018-10-29,2018-10-30,OK,0.020869453804911182,0.2838039757129123,0.0011352159028516493,0.019710546566216403,1.0
2018-10-29,2018-10-30,2018-10-31,OK,0.006726909481134595,0.0352222395635782,0.0001408889582543128,0.006585072775611378,1.0
2018-10-30,2018-10-31,2018-11-01,OK,0.004023721920951623,0.04298677558549726,0.00017194710234198904,0.003851082951284557,1.0
2018-10-31,2018-11-01,2018-11-02,OK,-0.007601232424267143,0.04781822378233951,0.00019127289512935804,-0.007791051409664074,0.9999999999999998
2018-11-01,2018-11-02,2018-11-05,OK,0.012192910215580818,1.4748255475909283e-05,5.899302190363713e-08,0.012192850503262465,1.0
2018-11-02,2018-11-05,2018-11-06,OK,0.0005693511571282763,2.5074846713172028e-08,1.0029938685268811e-10,0.0005693510567716942,1.0
2018-11-05,2018-11-06,2018-11-07,OK,0.022690104194270377,0.0007691630388956249,3.0766521555824998e-06,0.0226869577325568,1.0
2018-11-06,2018-11-07,2018-11-08,OK,-0.0023797149884526698,0.0022958015293539627,9.183206117415851e-06,-0.0023888763411569203,0.9999999999999997
2018-11-07,2018-11-08,2018-11-09,OK,-0.005614569256879106,0.006821185449353927,2.7284741797415707e-05,-0.0056417008066039775,1.0
2018-11-08,2018-11-09,2018-11-12,OK,-0.0090206276038054,5.889933435147504e-06,2.3559733740590017e-08,-0.009020650951015563,1.0
2018-11-09,2018-11-12,2018-11-13,OK,-0.004400191271204251,3.845440880216559e-08,1.5381763520866236e-10,-0.004400191424345112,1.0
2018-11-12,2018-11-13,2018-11-14,OK,-0.011149203262361365,0.026025678525625043,0.00010410271410250018,-0.011252145314144202,1.0
2018-11-13,2018-11-14,2018-11-15,OK,-0.0035433431523343765,0.0244360891500545,9.7744356600218e-05,-0.003640741167137973,1.0
2018-11-14,2018-11-15,2018-11-16,OK,0.010627632368505316,0.014546938306613202,5.818775322645281e-05,0.01056882621722921,1.0
2018-11-15,2018-11-16,2018-11-19,OK,-0.018049438754606538,0.022972847314208292,9.189138925683317e-05,-0.018139671555860826,1.0
2018-11-16,2018-11-19,2018-11-20,OK,-0.038511783098628016,3.6560354156251786e-06,1.4624141662500715e-08,-0.03851179715956787,1.0
2018-11-19,2018-11-20,2018-11-21,OK,0.004557568769395787,0.20556827591800722,0.0008222731036720289,0.0037315480995065986,1.0
2018-11-20,2018-11-21,2018-11-23,OK,0.006117828529270966,0.06638143018768297,0.0002655257207507319,0.005850678367690376,1.0
2018-11-21,2018-11-23,2018-11-26,OK,0.009026429949873472,0.011074628317755363,4.429851327102145e-05,0.00898173157917559,1.0
2018-11-23,2018-11-26,2018-11-27,OK,0.014130149312589919,0.014129409185827509,5.651763674331004e-05,0.014072833073200508,1.0
2018-11-26,2018-11-27,2018-11-28,OK,0.025430491649382603,9.256665189009678e-08,3.702666075603871e-10,0.025430491269699873,1.0
2018-11-27,2018-11-28,2018-11-29,OK,0.0032225319546808893,7.128752598547167e-07,2.8515010394188667e-09,0.003222529093990678,1.0
2018-11-28,2018-11-29,2018-11-30,OK,-0.0015775514944264854,0.002275604126973151,9.102416507892603e-06,-0.0015866395514035903,1.0000000000000002
2018-11-29,2018-11-30,2018-12-03,OK,0.006694834577709838,9.272585931215273e-05,3.7090343724861094e-07,0.006694461191135259,1.0
2018-11-30,2018-12-03,2018-12-04,OK,-0.01164875843526813,0.04857122015558751,0.00019428488062235005,-0.011840780138248519,1.0
2018-12-03,2018-12-04,2018-12-06,OK,0.00790706281729964,1.3784710482218744e-07,5.513884192887498e-10,0.007907062261551356,1.0
2018-12-04,2018-12-06,2018-12-07,OK,-0.026768287404511728,0.023052117250550248,9.220846900220099e-05,-0.02685802761071454,1.0
2018-12-06,2018-12-07,2018-12-10,OK,-0.00040899143876370597,0.048110628916344086,0.00019244251566537634,-0.0006013552470878203,0.9999999999999999
2018-12-07,2018-12-10,2018-12-11,OK,-6.86125020391483e-05,2.556770696861277e-07,1.0227082787445107e-09,-6.861352467724124e-05,1.0000000000000002
2018-12-10,2018-12-11,2018-12-12,OK,0.01096365569079578,0.016277524308774098,6.511009723509639e-05,0.0108978317488726,1.0000000000000002
2018-12-11,2018-12-12,2018-12-13,OK,0.00033535876237326273,0.15003945482201825,0.000600157819288073,-0.00026500032509824134,1.0000000000000002
2018-12-12,2018-12-13,2018-12-14,OK,-0.03329124073082583,0.09813835136037911,0.0003925534054415165,-0.03367072554634709,0.9999999999999999
2018-12-13,2018-12-14,2018-12-17,OK,-0.01693740970382871,3.79841135315917e-08,1.519364541263668e-10,-0.01693740985319181,1.0
2018-12-14,2018-12-17,2018-12-18,OK,-0.002841980617811994,0.2277601488033407,0.0009110405952133628,-0.003750432053311825,1.0000000000000002
2018-12-17,2018-12-18,2018-12-19,OK,-0.016134453561701005,0.13071952766459455,0.0005228781106583782,-0.016648895319764545,1.0
2018-12-18,2018-12-19,2018-12-20,OK,-0.017908689462091065,0.08396287720283362,0.00033585150881133445,-0.018238526310525693,0.9999999999999998
2018-12-19,2018-12-20,2018-12-21,OK,-0.014024232113432086,0.09768401640301859,0.00039073606561207435,-0.014409488405764947,1.0
2018-12-20,2018-12-21,2018-12-24,OK,-0.026572255133188442,0.29255898736584585,0.0011702359494633835,-0.027711395274436668,1.0000000000000002
2018-12-21,2018-12-24,2018-12-26,OK,0.043370918212235224,0.16809642716684906,0.0006723857086673962,0.042669370517990135,1.0000000000000002
2018-12-24,2018-12-26,2018-12-27,OK,0.013782006737976246,0.04432790610443259,0.00017731162441773037,0.013602251403556087,1.0
2018-12-26,2018-12-27,2018-12-28,OK,-0.0010481743823223838,0.11646428179466413,0.0004658571271786565,-0.0015135432099945278,1.0
2018-12-27,2018-12-28,2018-12-31,OK,0.01408066476378402,0.11993616634224288,0.00047974466536897156,0.013594164974609857,1.0
2018-12-28,2018-12-31,2019-01-02,OK,-0.007467660715568403,0.23051604156364422,0.0009220641662545769,-0.008382839219471472,1.0000000000000002
2018-12-31,2019-01-02,2019-01-03,OK,-0.031446606222967195,4.6474399953422285e-09,1.8589759981368914e-11,-0.03144660624097251,1.0
2019-01-02,2019-01-03,2019-01-04,OK,0.0368067545563806,0.17745869678945989,0.0007098347871578396,0.03607079305443639,1.0
2019-01-03,2019-01-04,2019-01-07,OK,0.0025384833334026694,0.14292167276619433,0.0005716866910647773,0.0019653454252006597,1.0
2019-01-04,2019-01-07,2019-01-08,OK,0.0070001887095565455,0.13576559754105086,0.0005430623901642034,0.006453324780180125,1.0
2019-01-07,2019-01-08,2019-01-09,OK,-0.005722866653412062,0.13576559512579306,0.0005430623805031722,-0.006262821160327059,1.0
2019-01-08,2019-01-09,2019-01-10,OK,0.007939246636651532,1.2551633204321844e-07,5.020653281728737e-10,0.007939246130600264,1.0
2019-01-09,2019-01-10,2019-01-11,OK,-0.0019324176417976177,2.3305825019859228e-08,9.322330007943691e-11,-0.0019324177348407634,1.0000000000000002
2019-01-10,2019-01-11,2019-01-14,OK,-0.00916685740813625,0.06249305269074236,0.00024997221076296947,-0.009414538159287167,1.0
2019-01-11,2019-01-14,2019-01-15,OK,0.010287786662907437,0.06249306856051358,0.0002499722742420543,0.010035242727236326,1.0000000000000002
2019-01-14,2019-01-15,2019-01-16,OK,0.0018735029355819387,0.27896222041530105,0.0011158488816612043,0.0007555635077651779,1.0
2019-01-15,2019-01-16,2019-01-17,OK,0.008434763774818506,0.0036381188771287126,1.4552475508514851e-05,0.008420088552616889,1.0
2019-01-16,2019-01-17,2019-01-18,OK,0.009190881545947967,0.001652287750234592,6.609151000938368e-06,0.009184211651023233,1.0
2019-01-17,2019-01-18,2019-01-22,OK,-0.013883116903002734,0.1690044143523815,0.000676017657409526,-0.014549749328245931,1.0
2019-01-18,2019-01-22,2019-01-23,OK,-0.0013046927543830045,0.13440333749820915,0.0005376133499928366,-0.0018416046841334133,1.0
2019-01-22,2019-01-23,2019-01-24,OK,-0.00899753839635412,0.10274068011386722,0.0004109627204554689,-0.009404803463952782,1.0000000000000002
2019-01-23,2019-01-24,2019-01-25,OK,0.010937156701312623,0.27952202027845496,0.0011180880811138198,0.009806839915649679,1.0
2019-01-24,2019-01-25,2019-01-28,OK,-0.012239264088668234,0.09127250677312063,0.0003650900270924825,-0.012599885682503031,1.0
2019-01-25,2019-01-28,2019-01-29,OK,0.008788301637319917,0.04242706660704745,0.0001697082664281898,0.008617101923456216,1.0
2019-01-28,2019-01-29,2019-01-30,OK,0.018729894070854344,0.07587545628340985,0.0003035018251336394,0.018420707688685534,1.0
2019-01-29,2019-01-30,2019-01-31,OK,0.005453055478153437,7.138663645975263e-08,2.855465458390105e-10,0.0054530551910496605,1.0
2019-01-30,2019-01-31,2019-02-01,OK,-0.00037110054398787435,0.1445792314839877,0.0005783169259359509,-0.0009492028561980392,1.0
2019-01-31,2019-02-01,2019-02-04,OK,0.011089760672236139,0.22500278980331573,0.000900011159213263,0.010179768604664963,1.0
2019-02-01,2019-02-04,2019-02-05,OK,0.005340779406784456,0.11900204858716149,0.00047600819434864594,0.004862228957673853,1.0
2019-02-04,2019-02-05,2019-02-06,OK,-0.0034224163545935383,0.07879153826564811,0.00031516615306259246,-0.0037365038778593984,1.0
2019-02-05,2019-02-06,2019-02-07,OK,-0.012395678825731976,0.07879153174124295,0.0003151661269649718,-0.012706938254610334,1.0000000000000002
2019-02-06,2019-02-07,2019-02-08,OK,-0.00016967023315626276,0.10191550425767999,0.00040766201703072,-0.000577263082077506,1.0
2019-02-07,2019-02-08,2019-02-11,OK,-0.003613058126150071,0.23144017575415915,0.0009257607030166366,-0.00453547400193588,1.0
2019-02-08,2019-02-11,2019-02-12,OK,0.018110525989161918,0.2638379356706244,0.0010553517426824977,0.01703606127131585,1.0
2019-02-11,2019-02-12,2019-02-13,OK,-0.006448091306623956,0.04234116938371505,0.0001693646775348602,-0.006616363905253886,1.0
2019-02-12,2019-02-13,2019-02-14,OK,0.007003679616704803,0.10552743664486117,0.0004221097465794447,0.006578613548697154,1.0
2019-02-13,2019-02-14,2019-02-15,OK,-0.0018463206045732825,0.06938931015223351,0.00027755724060893403,-0.0021233653855299295,1.0
2019-02-14,2019-02-15,2019-02-19,OK,-0.00044313469747970743,0.16640043395048287,0.0006656017358019315,-0.0011084414820576871,1.0
2019-02-15,2019-02-19,2019-02-20,OK,0.0021963220612352305,0.00689049215546168,2.756196862184672e-05,0.0021686995576537527,1.0
2019-02-19,2019-02-20,2019-02-21,OK,0.00022680284483450012,0.08163100728112518,0.00032652402912450074,-9.9795240868783e-05,1.0
2019-02-20,2019-02-21,2019-02-22,OK,0.009297460458630296,2.3520116783012912e-08,9.408046713205165e-11,0.00929746036367507,1.0
2019-02-21,2019-02-22,2019-02-25,OK,-0.001538849048024091,0.14485107120055823,0.000579404284802233,-0.0021173617170940906,1.0
2019-02-22,2019-02-25,2019-02-26,OK,-0.0023916588877093536,0.02298659479217627,9.194637916870509e-05,-0.002483385362503032,1.0
2019-02-25,2019-02-26,2019-02-27,OK,-0.0016126016406542104,0.0032634641822680338,1.3053856729072136e-05,-0.0016256344467125983,1.0
2019-02-26,2019-02-27,2019-02-28,OK,-0.0006408769247150522,0.08155319305599731,0.0003262127722239893,-0.0009668806347007397,1.0
2019-02-27,2019-02-28,2019-03-01,OK,0.0018807937869923215,0.046152682192096464,0.00018461072876838587,0.0016958358435121834,0.9999999999999998
2019-02-28,2019-03-01,2019-03-04,OK,0.0017206919808592286,0.0012438965325554,4.9755861302216e-06,0.0017157078332779019,1.0
2019-03-01,2019-03-04,2019-03-05,OK,-0.004701800848473605,0.0016145665236625899,6.458266094650359e-06,-0.004708228749087273,0.9999999999999999
2019-03-04,2019-03-05,2019-03-06,OK,-0.005482833899659592,0.007591850305183893,3.0367401220735572e-05,-0.00551303480146359,0.9999999999999999
2019-03-05,2019-03-06,2019-03-07,OK,-0.008781799191311805,0.014517854959645846,5.807141983858339e-05,-0.008839360639602667,1.0000000000000002
2019-03-06,2019-03-07,2019-03-08,OK,-0.0035052266667814896,0.02704795776462912,0.00010819183105851649,-0.0036130392609485806,1.0
2019-03-07,2019-03-08,2019-03-11,OK,0.014969235841487965,0.0641201583392503,0.00025648063335700124,0.01470891588904144,0.9999999999999999
2019-03-08,2019-03-11,2019-03-12,OK,0.002726639675637015,0.0600227642147348,0.0002400910568589392,0.0024858939769765165,1.0
2019-03-11,2019-03-12,2019-03-13,OK,0.010997334857724686,2.3492040761513913e-07,9.396816304605566e-10,0.010997333907708962,1.0
2019-03-12,2019-03-13,2019-03-14,OK,-0.002306265239455468,0.041351130561806386,0.00016540452224722554,-0.0024712882950025383,1.0
2019-03-13,2019-03-14,2019-03-15,OK,0.0046223920454930905,0.024328774279418913,9.731509711767565e-05,0.004524627119844693,1.0
2019-03-14,2019-03-15,2019-03-18,OK,0.011974476696759866,0.041659062326403776,0.00016663624930561511,0.011805845065570031,1.0
2019-03-15,2019-03-18,2019-03-19,OK,-0.0012057349051515624,0.014291462631478175,5.71658505259127e-05,-0.0012628318288161466,1.0
2019-03-18,2019-03-19,2019-03-20,OK,0.011230353239292072,0.007091401213352995,2.836560485341198e-05,0.011201669078676257,1.0
2019-03-19,2019-03-20,2019-03-21,OK,0.018184640805598715,0.007091553360166329,2.8366213440665315e-05,0.018155758762755658,1.0
2019-03-20,2019-03-21,2019-03-22,OK,-0.0282371359982735,0.0016454411978100696,6.581764791240279e-06,-0.028243531912877207,1.0
2019-03-21,2019-03-22,2019-03-25,OK,0.007975438170146384,9.482441362811639e-08,3.7929765451246556e-10,0.007975437787823614,1.0000000000000002
2019-03-22,2019-03-25,2019-03-26,OK,0.007798864684623714,7.862129329430807e-08,3.144851731772323e-10,0.007798864367685843,1.0
2019-03-25,2019-03-26,2019-03-27,OK,-0.0009080116926587331,1.958406676825681e-07,7.833626707302724e-10,-0.0009080124753101382,1.0
2019-03-26,2019-03-27,2019-03-28,OK,0.00451367093790413,1.1420633188236724e-07,4.5682532752946896e-10,0.00451367047901674,1.0000000000000002
2019-03-27,2019-03-28,2019-03-29,OK,0.008210564938623611,1.2244009258541202e-07,4.897603703416481e-10,0.00821056444484225,1.0
2019-03-28,2019-03-29,2019-04-01,OK,0.011754788045209,0.037451843817944086,0.00014980737527177634,0.011603219715993207,0.9999999999999997
2019-03-29,2019-04-01,2019-04-02,OK,-0.0004806695532783969,0.02290957148388691,9.163828593554764e-05,-0.0005722637914798989,0.9999999999999998
2019-04-01,2019-04-02,2019-04-03,OK,0.0014083281312533913,0.11555055696000016,0.00046220222784000065,0.0009454749710136046,1.0
2019-04-02,2019-04-03,2019-04-04,OK,-0.004409044204604107,2.3901687613603616e-05,9.560675045441447e-08,-0.004409139389820127,1.0
2019-04-03,2019-04-04,2019-04-05,OK,0.0026850918912357216,6.744408095620405e-08,2.697763238248162e-10,0.0026850916207350473,1.0
2019-04-04,2019-04-05,2019-04-08,OK,0.007958688819626771,5.988302381415894e-08,2.3953209525663576e-10,0.007958688578188378,1.0
2019-04-05,2019-04-08,2019-04-09,OK,-0.0057271389370308,7.764179248668807e-08,3.105671699467523e-10,-0.005727139245819246,0.9999999999999999
2019-04-08,2019-04-09,2019-04-10,OK,0.007386776243242843,0.03700925351418419,0.00014803701405673676,0.0072376457128875415,1.0
2019-04-09,2019-04-10,2019-04-11,OK,-0.003616917809541051,0.014237435675695773,5.69497427027831e-05,-0.0036736615697052777,1.0
2019-04-10,2019-04-11,2019-04-12,OK,-0.013688460830499976,0.04255314208739283,0.00017021256834957133,-0.01385634345077491,1.0
2019-04-11,2019-04-12,2019-04-15,OK,0.001455631176899889,4.643146013234411e-08,1.8572584052937643e-10,0.0014556309909035114,1.0
2019-04-12,2019-04-15,2019-04-16,OK,0.007782657740194201,0.015752995851418244,6.301198340567297e-05,0.0077191553560882475,1.0
2019-04-15,2019-04-16,2019-04-17,OK,-0.007056574502713117,0.011112170242337337,4.444868096934935e-05,-0.00710070952825359,1.0
2019-04-16,2019-04-17,2019-04-18,OK,0.007687857171261648,1.1432965957604765e-07,4.5731863830419064e-10,0.0076878567104272655,1.0
2019-04-17,2019-04-18,2019-04-22,OK,0.007807043889122745,0.01594344202305895,6.37737680922358e-05,0.007742772236424056,0.9999999999999999
2019-04-18,2019-04-22,2019-04-23,OK,0.0004983896228734112,0.0017352288640688379,6.940915456275352e-06,0.0004914452481368237,1.0000000000000002
2019-04-22,2019-04-23,2019-04-24,OK,-0.0032068005841193333,0.023926203106163245,9.570481242465299e-05,-0.0033021984902955603,1.0
2019-04-23,2019-04-24,2019-04-25,OK,-0.016231089130826784,2.2026092729007696e-07,8.810437091603078e-10,-0.01623108999757017,1.0
2019-04-24,2019-04-25,2019-04-26,OK,0.006964087726425602,0.02392642097189393,9.570568388757573e-05,0.006867715539759622,0.9999999999999997
2019-04-25,2019-04-26,2019-04-29,OK,-0.001284170729512101,0.03649876118536245,0.0001459950447414498,-0.001429978291690448,1.0
2019-04-26,2019-04-29,2019-04-30,OK,-0.0026941683803577824,3.808712575230702e-08,1.523485030092281e-10,-0.00269416853229576,1.0000000000000002
2019-04-29,2019-04-30,2019-05-01,OK,-0.0051825645060892805,0.036498797760229906,0.00014599519104091963,-0.0053278030676350285,1.0
2019-04-30,2019-05-01,2019-05-02,OK,0.0024466406515713775,0.005344495547204387,2.137798218881755e-05,0.0024252103651423162,1.0
2019-05-01,2019-05-02,2019-05-03,OK,-0.014040368839573616,0.0183049487826822,7.32197951307288e-05,-0.014112560601774349,1.0
2019-05-02,2019-05-03,2019-05-06,OK,-0.01053265381550485,0.002840531707006919,1.1362126828027676e-05,-0.010543896268984443,1.0
2019-05-03,2019-05-06,2019-05-07,OK,-0.01748478759767073,0.11819723976493272,0.0004727889590597309,-0.017949309942202785,1.0
2019-05-06,2019-05-07,2019-05-08,OK,0.0021016704161321877,0.020281478203940606,8.112591281576242e-05,0.0020203740033857276,1.0
2019-05-07,2019-05-08,2019-05-09,OK,-0.004700422674379904,0.00037895598778327905,1.5158239511331162e-06,-0.004701931373317758,1.0
2019-05-08,2019-05-09,2019-05-10,OK,-0.00010801290247112045,0.0028384126200587025,1.135365048023481e-05,-0.00011936532661060983,1.0
2019-05-09,2019-05-10,2019-05-13,OK,-0.04044326083662435,0.001470679534768881,5.882718139075524e-06,-0.040448905638459265,1.0
2019-05-10,2019-05-13,2019-05-14,OK,0.011740481951599793,0.01081266304661485,4.32506521864594e-05,0.011696723515912,1.0
2019-05-13,2019-05-14,2019-05-15,OK,0.00363904439888109,0.0029144521906700072,1.1657808762680028e-05,0.003627344166834856,1.0
2019-05-14,2019-05-15,2019-05-16,OK,0.009117175454385073,0.10901491729956989,0.00043605966919827956,0.008677140152674179,1.0
2019-05-15,2019-05-16,2019-05-17,OK,-0.01055851166895304,8.796263436860312e-08,3.5185053747441246e-10,-0.010558512017088573,1.0000000000000002
2019-05-16,2019-05-17,2019-05-20,OK,-0.001963504741521972,7.561814031456781e-07,3.0247256125827125e-09,-0.001963507760308514,1.0
2019-05-17,2019-05-20,2019-05-21,OK,0.010023102020476913,0.0067489095414198855,2.6995638165679543e-05,0.00999583580227581,0.9999999999999998
2019-05-20,2019-05-21,2019-05-22,OK,-0.0006236233104236989,0.030827684782256067,0.00012331073912902427,-0.0007468571501013654,1.0000000000000002
2019-05-21,2019-05-22,2019-05-23,OK,-0.026774212712501057,5.6037109070400904e-08,2.2414843628160363e-10,-0.026774212930648078,1.0
2019-05-22,2019-05-23,2019-05-24,OK,0.003774828195399778,5.480699217721158e-07,2.192279687088463e-09,0.0037748259948446883,1.0
2019-05-23,2019-05-24,2019-05-28,OK,0.006530145467230077,0.0020145562451003808,8.058224980401523e-06,0.006522034620868533,1.0
2019-05-24,2019-05-28,2019-05-29,OK,-0.010669159641697134,0.018729578530874667,7.491831412349867e-05,-0.010743278640367171,1.0000000000000002
2019-05-28,2019-05-29,2019-05-30,OK,0.003502578214651324,0.02760067913716151,0.00011040271654864605,0.0033917888039529664,1.0
2019-05-29,2019-05-30,2019-05-31,OK,-0.016960341390724925,6.858247731864327e-08,2.743299092745731e-10,-0.016960341660402056,1.0
2019-05-30,2019-05-31,2019-06-03,OK,-0.015789566195067533,6.580655187607695e-08,2.6322620750430784e-10,-0.015789566454137538,1.0
2019-05-31,2019-06-03,2019-06-04,OK,0.02959278734785512,0.023214545244375332,9.285818097750133e-05,0.029497181234474645,1.0
2019-06-03,2019-06-04,2019-06-05,OK,0.01055236390995573,0.07205278778069833,0.00028821115112279334,0.010261111449883398,1.0
2019-06-04,2019-06-05,2019-06-06,OK,0.008451109204368677,0.07531454670843431,0.0003012581868337372,0.00814730505169936,1.0
2019-06-05,2019-06-06,2019-06-07,OK,0.015839473006108558,2.3749796389249678e-07,9.49991855569987e-10,0.015839472041069502,1.0
2019-06-06,2019-06-07,2019-06-10,OK,-0.001296938776070645,0.023643726143675905,9.457490457470363e-05,-0.001391391022784294,0.9999999999999998
2019-06-07,2019-06-10,2019-06-11,OK,-0.0008671282601654881,0.01515995469685685,6.06398187874274e-05,-0.0009277154964523193,1.0
2019-06-10,2019-06-11,2019-06-12,OK,-0.002470211635895815,0.027453400147889828,0.00010981360059155931,-0.002579753973653398,1.0
2019-06-11,2019-06-12,2019-06-13,OK,0.0033387626868929187,0.025101833613824016,0.00010040733445529606,0.0032380201161756883,1.0
2019-06-12,2019-06-13,2019-06-14,OK,-0.001643435766284245,0.0628546317943493,0.0002514185271773972,-0.001894441103261757,1.0
2019-06-13,2019-06-14,2019-06-17,OK,0.005946886996684579,0.005634156781380888,2.2536627125523555e-05,0.005924216346784306,1.0
2019-06-14,2019-06-17,2019-06-18,OK,0.010527927802940672,0.04236960948319589,0.00016947843793278355,0.010356665108249175,1.0
2019-06-17,2019-06-18,2019-06-19,OK,0.005656881492358665,0.02860807448994423,0.00011443229795977693,0.005541801864450413,1.0
2019-06-18,2019-06-19,2019-06-20,OK,0.012248090892533838,0.011715153104469835,4.6860612417879337e-05,0.012200656327075787,1.0
2019-06-19,2019-06-20,2019-06-21,OK,-0.0017892097029873076,2.2798081870466265e-07,9.119232748186507e-10,-0.0017892106132790797,1.0
2019-06-20,2019-06-21,2019-06-24,OK,-0.0006211984431152627,0.012891133001693466,5.156453200677386e-05,-0.000672730943314992,1.0
2019-06-21,2019-06-24,2019-06-25,OK,-0.012004621293729836,0.09439989241627557,0.0003775995696651023,-0.012377687923560421,1.0
2019-06-24,2019-06-25,2019-06-26,OK,0.0006969557412935828,0.035168517518852624,0.0001406740700754105,0.0005561836276175569,0.9999999999999999
2019-06-25,2019-06-26,2019-06-27,OK,0.000263571567310273,8.8694332485203e-05,3.54777329940812e-07,0.00026321669647111356,1.0000000000000002
2019-06-26,2019-06-27,2019-06-28,OK,0.004009902065968645,1.4948863690843677e-06,5.979545476337471e-09,0.004009896062445728,1.0
2019-06-27,2019-06-28,2019-07-01,OK,0.0030146026391112144,4.209561810997208e-06,1.6838247243988834e-08,0.0030145857501031603,1.0
2019-06-28,2019-07-01,2019-07-02,OK,0.002306181041321789,0.027601215912574056,0.00011040486365029623,0.0021955215640681036,1.0
2019-07-01,2019-07-02,2019-07-03,OK,0.008614977885366424,0.024928025694831185,9.971210277932475e-05,0.008514406765026683,0.9999999999999999
2019-07-02,2019-07-03,2019-07-05,OK,0.004644483409288113,0.005050434235295819,2.0201736941183277e-05,0.004624187845714722,1.0
2019-07-03,2019-07-05,2019-07-08,OK,0.0023246616314222457,1.9725818377187903e-07,7.890327350875161e-10,0.0023246608405553815,1.0
2019-07-05,2019-07-08,2019-07-09,OK,0.005496548952042534,0.013670467970795807,5.468187188318323e-05,0.005441566518573637,1.0
2019-07-08,2019-07-09,2019-07-10,OK,0.004675533820560746,9.73693185407036e-07,3.894772741628144e-09,0.004675529907578024,1.0
2019-07-09,2019-07-10,2019-07-11,OK,0.0035176469899101974,8.995525028511475e-08,3.59821001140459e-10,0.0035176466288235897,1.0
2019-07-10,2019-07-11,2019-07-12,OK,0.006157255039644244,5.73263869827332e-08,2.2930554793093282e-10,0.006157254808926815,1.0
2019-07-11,2019-07-12,2019-07-15,OK,-0.0008314233375543689,6.527894653502169e-08,2.6111578614008677e-10,-0.0008314235984531182,0.9999999999999999
2019-07-12,2019-07-15,2019-07-16,OK,-0.003875488064837398,3.518766605976806e-08,1.4075066423907223e-10,-0.0038754882050425765,1.0
2019-07-15,2019-07-16,2019-07-17,OK,-0.00686389131957728,0.012380114363014184,4.952045745205674e-05,-0.006913071873991372,1.0
2019-07-16,2019-07-17,2019-07-18,OK,-0.011773301001844705,3.117471469850738e-08,1.2469885879402953e-10,-0.011773301125075353,0.9999999999999999
2019-07-17,2019-07-18,2019-07-19,OK,-0.009598041104017033,5.97124261068663e-08,2.388497044274652e-10,-0.009598041340574293,0.9999999999999999
2019-07-18,2019-07-19,2019-07-22,OK,0.00285368455267227,0.12358891137026781,0.0004943556454810713,0.0023579181721222753,1.0000000000000002
2019-07-19,2019-07-22,2019-07-23,OK,-0.0005013514055308379,0.0018239662406961342,7.295864962784537e-06,-0.0005086436127014204,1.0
2019-07-22,2019-07-23,2019-07-24,OK,0.019807296328936658,6.784911615893832e-08,2.713964646357533e-10,0.01980729605216447,1.0
2019-07-23,2019-07-24,2019-07-25,OK,-0.006637936461819323,0.010203467290660425,4.0813869162641704e-05,-0.00667847941111166,0.9999999999999999
2019-07-24,2019-07-25,2019-07-26,OK,-0.0024427898279691207,2.583047670286521e-07,1.0332190681146085e-09,-0.002442790858664168,1.0
2019-07-25,2019-07-26,2019-07-29,OK,0.005281270746494891,0.02082800718427172,8.331202873708688e-05,0.00519751872437757,1.0
2019-07-26,2019-07-29,2019-07-30,OK,-0.005048335955163212,0.10123579084887493,0.00040494316339549977,-0.00545123482942711,1.0
2019-07-29,2019-07-30,2019-07-31,OK,-0.014934795956646504,0.07642287792730741,0.00030569151170922965,-0.015235922028002613,1.0
2019-07-30,2019-07-31,2019-08-01,OK,-0.007936148690223457,0.07354205293106289,0.00029416821172425155,-0.00822798233927946,1.0
2019-07-31,2019-08-01,2019-08-02,OK,-0.02294868665180143,0.03390156478600105,0.00013560625914400422,-0.02308118092539624,1.0
2019-08-01,2019-08-02,2019-08-05,OK,-0.026624326497181088,0.038695670371557626,0.00015478268148623052,-0.026774988194019356,1.0
2019-08-02,2019-08-05,2019-08-06,OK,0.01764007734341478,0.08733466035707518,0.00034933864142830075,0.017284576341332736,1.0
2019-08-05,2019-08-06,2019-08-07,OK,0.005616025957439603,0.012091407254164039,4.836562901665616e-05,0.0055673887057949845,1.0
2019-08-06,2019-08-07,2019-08-08,OK,0.018684226823216077,0.12260279644987881,0.0004904111857995153,0.01818465268358449,1.0
2019-08-07,2019-08-08,2019-08-09,OK,-0.0016129752558643785,0.0011824848390541661,4.7299393562166645e-06,-0.0016176975659454307,1.0
2019-08-08,2019-08-09,2019-08-12,OK,-0.008889645527574961,0.0071712768520853865,2.8685107408341546e-05,-0.008918075634546607,1.0
2019-08-09,2019-08-12,2019-08-13,OK,0.009152536520889692,0.024725369158366754,9.890147663346702e-05,0.009052729844879481,1.0
2019-08-12,2019-08-13,2019-08-14,OK,-0.026101848210355612,9.195969646912374e-08,3.6783878587649496e-10,-0.0261018485685931,1.0
2019-08-13,2019-08-14,2019-08-15,OK,0.010531158564001592,0.019073015376835367,7.629206150734146e-05,0.010454063058697338,1.0
2019-08-14,2019-08-15,2019-08-16,OK,0.011492017656155684,5.851751947356859e-08,2.3407007789427433e-10,0.011492017419395761,1.0
2019-08-15,2019-08-16,2019-08-19,OK,0.009825623088114898,3.0360570453334076e-08,1.214422818133363e-10,0.009825622965479397,1.0000000000000002
2019-08-16,2019-08-19,2019-08-20,OK,-0.004950956473525214,0.02847166984510046,0.00011388667938040184,-0.005064279304913044,0.9999999999999999
2019-08-19,2019-08-20,2019-08-21,OK,0.008943329732500314,0.043656478216635965,0.00017462591286654386,0.008767142082515278,1.0
2019-08-20,2019-08-21,2019-08-22,OK,-0.001795156219340888,1.544877257920088e-07,6.179509031680352e-10,-0.0017951568361824766,1.0
2019-08-21,2019-08-22,2019-08-23,OK,-0.02482089828269867,0.020126662767441746,8.050665106976698e-05,-0.02489940668637103,0.9999999999999999
2019-08-22,2019-08-23,2019-08-26,OK,0.01779834326538871,1.3472820320959746e-07,5.389128128383899e-10,0.017798342716884186,0.9999999999999999
2019-08-23,2019-08-26,2019-08-27,OK,0.0064629153262645315,7.709985906617859e-08,3.083994362647144e-10,0.006462915015871928,0.9999999999999999
2019-08-26,2019-08-27,2019-08-28,OK,0.003341769756501504,8.437778763974638e-08,3.375111505589855e-10,0.0033417694178623503,1.0
2019-08-27,2019-08-28,2019-08-29,OK,0.011421772359315168,3.965493462648662e-08,1.5861973850594648e-10,0.011421772198883628,1.0
2019-08-28,2019-08-29,2019-08-30,OK,-0.00077733217405847,1.1690916838138624e-07,4.67636673525545e-10,-0.0007773326413317294,1.0
2019-08-29,2019-08-30,2019-09-03,OK,-0.003106017768200903,1.110206408850539e-07,4.440825635402156e-10,-0.00310601821090406,1.0
2019-08-30,2019-09-03,2019-09-04,OK,0.009728146824403192,1.0221072268088543e-07,4.0884289072354177e-10,0.009728146411583038,1.0
2019-09-03,2019-09-04,2019-09-05,OK,0.004675441201663826,1.204936314905759e-07,4.819745259623036e-10,0.004675440717435864,1.0
2019-09-04,2019-09-05,2019-09-06,OK,0.002097039803087399,7.234558821022502e-08,2.893823528409001e-10,0.0020970395130983643,1.0000000000000002
2019-09-05,2019-09-06,2019-09-09,OK,-0.010994736825725866,0.0001402345860985186,5.609383443940744e-07,-0.010995291596700763,1.0
2019-09-06,2019-09-09,2019-09-10,OK,-0.020804154915136496,0.007253749219382832,2.9014996877531326e-05,-0.020832566279524234,1.0000000000000002
2019-09-09,2019-09-10,2019-09-11,OK,0.0003031238834507317,0.035577196622803606,0.00014230878649121442,0.00016077195976760272,1.0
2019-09-10,2019-09-11,2019-09-12,OK,0.005077005670108647,0.07064201719492062,0.0002825680687796825,0.004793003001641427,1.0
2019-09-11,2019-09-12,2019-09-13,OK,-0.005098258150578101,0.03407266318720749,0.00013629065274882996,-0.005233853958395596,1.0
2019-09-12,2019-09-13,2019-09-16,OK,-0.0011247674687541276,4.1361678159747284e-08,1.6544671263898914e-10,-0.0011247676340148116,1.0
2019-09-13,2019-09-16,2019-09-17,OK,0.012715748686104861,1.503985290682297e-07,6.015941162729188e-10,0.012715748076861155,0.9999999999999999
2019-09-16,2019-09-17,2019-09-18,OK,0.00481081756135338,1.5465565248590218e-07,6.186226099436087e-10,0.004810816939754714,1.0000000000000002
2019-09-17,2019-09-18,2019-09-19,OK,-0.006007543001806518,1.192186081299361e-06,4.768744325197444e-09,-0.006007547741902375,1.0
2019-09-18,2019-09-19,2019-09-20,OK,-0.006579053475097468,0.026327647239265263,0.00010531058895706105,-0.006683671220058196,1.0
2019-09-19,2019-09-20,2019-09-23,OK,0.003253935721463243,4.192371526236943e-08,1.6769486104947773e-10,0.00325393555322262,1.0
2019-09-20,2019-09-23,2019-09-24,OK,-0.010281486725980166,0.0010295351650220722,4.118140660088289e-06,-0.010285562526031633,1.0
2019-09-23,2019-09-24,2019-09-25,OK,0.01002432143561794,4.92280461845962e-08,1.9691218473838478e-10,0.010024321236731915,1.0
2019-09-24,2019-09-25,2019-09-26,OK,0.0011974619974222998,0.038682237466726596,0.00015472894986690638,0.0010425477655180426,1.0
2019-09-25,2019-09-26,2019-09-27,OK,-0.01553441109792337,0.019480293783369344,7.792117513347738e-05,-0.015611121813489115,1.0
2019-09-26,2019-09-27,2019-09-30,OK,0.009386221489074689,0.11010596654536077,0.0004404238661814431,0.008941663706936165,1.0000000000000002
2019-09-27,2019-09-30,2019-10-01,OK,-0.008303869776410577,0.07356797521425315,0.0002942719008570126,-0.008595698081724001,1.0000000000000002
2019-09-30,2019-10-01,2019-10-02,OK,-0.018772254706091923,0.034481402004460045,0.00013792560801784018,-0.018907591139465496,1.0
2019-10-01,2019-10-02,2019-10-03,OK,0.011118639952689469,0.025162521806459767,0.00010065008722583907,0.011016870773382648,1.0
2019-10-02,2019-10-03,2019-10-04,OK,0.015798928554335977,8.579884494324883e-08,3.431953797729953e-10,0.015798928205718488,1.0
2019-10-03,2019-10-04,2019-10-07,OK,-0.004040005102578818,0.00837357532311225,3.3494301292449e-05,-0.004073364086723097,1.0
2019-10-04,2019-10-07,2019-10-08,OK,-0.015343614630791109,1.1844235490001201e-07,4.73769419600048e-10,-0.015343615097291319,1.0
2019-10-07,2019-10-08,2019-10-09,OK,0.013857646305443663,0.029967362402727113,0.00011986944961090845,0.013736115747397193,0.9999999999999998
2019-10-08,2019-10-09,2019-10-10,OK,0.0029134452764492235,7.966065703368837e-08,3.186426281347535e-10,0.002913444956878175,1.0
2019-10-09,2019-10-10,2019-10-11,OK,0.008251082477228947,2.5148842841831514e-06,1.0059537136732606e-08,0.008251072334689802,1.0
2019-10-10,2019-10-11,2019-10-14,OK,-0.0037140514891694882,5.65561382408387e-08,2.2622455296335482e-10,-0.0037140517145538565,1.0
2019-10-11,2019-10-14,2019-10-15,OK,0.012816000797624858,4.7736244069897155e-08,1.9094497627958862e-10,0.012816000604232825,0.9999999999999999
2019-10-14,2019-10-15,2019-10-16,OK,-0.005410684497894116,7.674869208933385e-08,3.069947683573354e-10,-0.0054106848032279276,1.0
2019-10-15,2019-10-16,2019-10-17,OK,0.0022558843220056965,4.438098068168844e-08,1.7752392272675378e-10,0.0022558841440813993,1.0
2019-10-16,2019-10-17,2019-10-18,OK,-0.006707988616315865,4.421477652870395e-08,1.7685910611481578e-10,-0.006707988791988528,0.9999999999999998
2019-10-17,2019-10-18,2019-10-21,OK,0.010252722690158537,0.09441180042834284,0.00037764720171337137,0.009871203576411247,0.9999999999999999
2019-10-18,2019-10-21,2019-10-22,OK,-0.01201756735168973,0.09593048954102758,0.00038372195816411034,-0.01239667790537724,1.0
2019-10-21,2019-10-22,2019-10-23,OK,-0.018101088166024216,0.062310675177898706,0.0002492427007115948,-0.018345819302635458,1.0
2019-10-22,2019-10-23,2019-10-24,OK,0.02085108927656519,0.028616646990615516,0.00011446658796246207,0.02073423593555801,0.9999999999999999
2019-10-23,2019-10-24,2019-10-25,OK,0.009533367932892453,0.08623478394414134,0.0003449391357765654,0.009185140365419953,1.0
2019-10-24,2019-10-25,2019-10-28,OK,0.010272840294133391,0.0066671382427737295,2.6668552971094918e-05,0.0102458977793769,1.0
2019-10-25,2019-10-28,2019-10-29,OK,-0.01307129304377207,0.006104055082683359,2.4416220330733436e-05,-0.013095390112531913,1.0
2019-10-28,2019-10-29,2019-10-30,OK,0.00919342559775011,0.023242986057388795,9.297194422955518e-05,0.009099598922868601,1.0000000000000002
2019-10-29,2019-10-30,2019-10-31,OK,-0.007845004389667731,0.1382575626063191,0.0005530302504252765,-0.00839369611535079,1.0
2019-10-30,2019-10-31,2019-11-01,OK,0.005513643059068658,0.06833326055093444,0.0002733330422037378,0.005238802956033961,1.0
2019-10-31,2019-11-01,2019-11-04,OK,0.009343964942854128,0.04238964060872687,0.00016955856243490748,0.009172822031155992,1.0
2019-11-01,2019-11-04,2019-11-05,OK,-0.009753787706528082,0.03851689496128282,0.00015406757984513127,-0.009906352543907038,1.0
2019-11-04,2019-11-05,2019-11-06,OK,-0.00029903954084111367,0.018898334244393522,7.559333697757409e-05,-0.0003746102724219158,1.0
2019-11-05,2019-11-06,2019-11-07,OK,0.00398683488088917,0.20072366170651662,0.0008028946468260665,0.0031807392256795186,1.0
2019-11-06,2019-11-07,2019-11-08,OK,0.0005144443614560016,0.01567484240216065,6.26993696086426e-05,0.0004517127365102347,1.0
2019-11-07,2019-11-08,2019-11-11,OK,0.00014901165588208985,6.647868104874693e-08,2.6591472419498775e-10,0.00014901138992762242,1.0
2019-11-08,2019-11-11,2019-11-12,OK,-0.0015920112555288287,0.04673025018314424,0.00018692100073257694,-0.0017786346759244287,1.0
2019-11-11,2019-11-12,2019-11-13,OK,-0.000904474451225002,0.00795612896949787,3.182451587799148e-05,-0.0009362701826415298,1.0000000000000002
2019-11-12,2019-11-13,2019-11-14,OK,0.0002291543459786927,0.018147475606914563,7.258990242765825e-05,0.0001565478092593331,1.0
2019-11-13,2019-11-14,2019-11-15,OK,-0.002427576221238664,5.770339167252003e-08,2.3081356669008014e-10,-0.002427576451491942,0.9999999999999999
2019-11-14,2019-11-15,2019-11-18,OK,0.007130286504212504,8.826365569501726e-08,3.5305462278006904e-10,0.007130286148640419,1.0
2019-11-15,2019-11-18,2019-11-19,OK,-0.010281993625072558,0.058094233071350365,0.00023237693228540148,-0.010511981259221592,1.0
2019-11-18,2019-11-19,2019-11-20,OK,-0.0002167128902656092,0.07904423939168499,0.00031617695756674,-0.0005328213282099759,1.0
2019-11-19,2019-11-20,2019-11-21,OK,-0.01148181798775881,0.0891042519560364,0.0003564170078241456,-0.011834142680371418,1.0
2019-11-20,2019-11-21,2019-11-22,OK,0.0014339702156189397,0.019030116113837602,7.612046445535041e-05,0.0013577405966846978,1.0
2019-11-21,2019-11-22,2019-11-25,OK,0.023819699989595648,0.031451576770045994,0.000125806307080184,0.02369089701402416,1.0000000000000002
2019-11-22,2019-11-25,2019-11-26,OK,-0.0015748496881995652,0.041760220241826664,0.00016704088096730665,-0.0017416275048874885,1.0
2019-11-25,2019-11-26,2019-11-27,OK,0.001509365250632424,0.006535703495722495,2.614281398288998e-05,0.0014831829775945327,1.0000000000000002
2019-11-26,2019-11-27,2019-11-29,OK,-0.008003397453812683,3.7723855451530716e-08,1.5089542180612287e-10,-0.00800339760350044,1.0
2019-11-27,2019-11-29,2019-12-02,OK,-0.011164757853641029,0.054687381636102754,0.000218749526544411,-0.011381065094690945,1.0
2019-11-29,2019-12-02,2019-12-03,OK,-0.01584662237338907,0.12186404159852654,0.00048745616639410617,-0.016326354005990806,1.0
2019-12-02,2019-12-03,2019-12-04,OK,0.009464792613851063,0.057692135177939696,0.0002307685407117588,0.009231839896759686,1.0000000000000002
2019-12-03,2019-12-04,2019-12-05,OK,0.0040392441316228584,0.008833466646637572,3.533386658655029e-05,0.004003767542922976,1.0
2019-12-04,2019-12-05,2019-12-06,OK,0.013770656235263369,0.00641643198282802,2.566572793131208e-05,0.013744637073415555,1.0
2019-12-05,2019-12-06,2019-12-09,OK,0.0011286047430566983,0.010861137325824126,4.3444549303296506e-05,0.0010851111620291398,1.0
2019-12-06,2019-12-09,2019-12-10,OK,0.003291791794276005,3.360399885555149e-07,1.3441599542220597e-09,0.0032917904456912783,1.0
2019-12-09,2019-12-10,2019-12-11,OK,0.012710637766528067,0.028232846150580866,0.00011293138460232347,0.012596270952003552,0.9999999999999999
2019-12-10,2019-12-11,2019-12-12,OK,0.016527195567634222,0.037564843444946955,0.00015025937377978783,0.016374452827798258,1.0
2019-12-11,2019-12-12,2019-12-13,OK,-0.003676564121752474,0.020685334588885357,8.274133835554143e-05,-0.003759001256271932,1.0
2019-12-12,2019-12-13,2019-12-16,OK,0.0008128374171518248,0.0005831036822958117,2.332414729183247e-06,0.0008105031065488433,1.0
2019-12-13,2019-12-16,2019-12-17,OK,0.013417407710751204,0.004272998900775838,1.709199560310335e-05,0.013400086384874443,1.0
2019-12-16,2019-12-17,2019-12-18,OK,0.0005488259069686415,3.286467840187337e-08,1.314587136074935e-10,0.0005488257754378001,0.9999999999999999
2019-12-17,2019-12-18,2019-12-19,OK,0.004874042848509241,0.0018572028436969889,7.428811374787956e-06,0.00486657782878952,1.0
2019-12-18,2019-12-19,2019-12-20,OK,0.005204665512203864,0.00012165377406378138,4.866150962551255e-07,0.005204176364438817,1.0
2019-12-19,2019-12-20,2019-12-23,OK,-0.0016608919047019011,0.007730080262527372,3.092032105010949e-05,-0.0016917608704410947,0.9999999999999998
2019-12-20,2019-12-23,2019-12-24,OK,0.0023319042571106527,0.001154178077046146,4.616712308184584e-06,0.0023272767790711857,0.9999999999999998
2019-12-23,2019-12-24,2019-12-26,OK,0.007770963347707709,0.04474018697710095,0.0001789607479084038,0.007590611902386524,1.0000000000000002
2019-12-24,2019-12-26,2019-12-27,OK,-0.004187817501159479,0.0006626724677506013,2.6506898710024052e-06,-0.004190457090425093,1.0
2019-12-26,2019-12-27,2019-12-30,OK,-0.009459171371904454,0.004725228727966586,1.8900914911866345e-05,-0.009477893499823087,1.0000000000000002
2019-12-27,2019-12-30,2019-12-31,OK,0.003290995559017711,1.3149159223073805e-07,5.259663689229522e-10,0.003290995031320243,1.0
2019-12-30,2019-12-31,2020-01-02,OK,0.011752873000206837,0.06103874227461021,0.0002441549690984408,0.011505848508764238,1.0
2019-12-31,2020-01-02,2020-01-03,OK,-0.014206554306722387,1.319001277377569e-07,5.276005109510277e-10,-0.014206554826827533,0.9999999999999999
2020-01-02,2020-01-03,2020-01-06,OK,0.0020530774810225533,0.06696734998058995,0.00026786939992235983,0.0017846581244673754,1.0
2020-01-03,2020-01-06,2020-01-07,OK,0.005436526785253816,0.03200786402164225,0.000128031456086569,0.005307799282727066,1.0
2020-01-06,2020-01-07,2020-01-08,OK,0.00046984029385222447,0.029908231606463637,0.00011963292642585455,0.0003501511590571216,1.0
2020-01-07,2020-01-08,2020-01-09,OK,-0.0009487343791863671,0.018409573472480786,7.363829388992314e-05,-0.001022302809895348,0.9999999999999998
2020-01-08,2020-01-09,2020-01-10,OK,-0.007033122413219319,0.0152848475253709,6.11393901014836e-05,-0.00709383180250589,1.0
2020-01-09,2020-01-10,2020-01-13,OK,0.014066292555606548,0.01925724099476378,7.702896397905512e-05,0.013988180079684831,0.9999999999999999
2020-01-10,2020-01-13,2020-01-14,OK,-0.005363955635522685,0.0019520691230444035,7.808276492177614e-06,-0.005371722028766235,1.0
2020-01-13,2020-01-14,2020-01-15,OK,-0.006444704100476114,0.007255678720365142,2.9022714881460568e-05,-0.006473539772548054,1.0
2020-01-14,2020-01-15,2020-01-16,OK,0.0071661708052138465,0.09747752364242848,0.0003899100945697139,0.006773466548307683,0.9999999999999999
2020-01-15,2020-01-16,2020-01-17,OK,-0.001264371961095933,0.02530431531049729,0.00010121726124198916,-0.0013654612460708426,0.9999999999999998
2020-01-16,2020-01-17,2020-01-21,OK,-0.010373156161108902,6.403861646458477e-08,2.561544658583391e-10,-0.010373156414606233,0.9999999999999999
2020-01-17,2020-01-21,2020-01-22,OK,-0.0016910828223137629,2.042583129644889e-06,8.170332518579557e-09,-0.0016910909788295792,1.0
2020-01-21,2020-01-22,2020-01-23,OK,0.005952675210609538,0.007390979939189137,2.9563919756756547e-05,0.005922935306440724,1.0000000000000002
2020-01-22,2020-01-23,2020-01-24,OK,-0.012064046991232168,0.09611359491750701,0.00038445437967002806,-0.012443863295199975,1.0
2020-01-23,2020-01-24,2020-01-27,OK,-0.028331125510599364,0.10277287014138431,0.00041109148056553727,-0.02873057030683257,0.9999999999999999
2020-01-24,2020-01-27,2020-01-28,OK,0.018626282966332654,0.15025973393106332,0.0006010389357242533,0.01801404890931768,1.0
2020-01-27,2020-01-28,2020-01-29,OK,-0.009717373805053194,0.019489844705277933,7.795937882111173e-05,-0.009794575623448765,1.0000000000000002
2020-01-28,2020-01-29,2020-01-30,OK,0.0034065490401636576,3.624181433072242e-08,1.449672573228897e-10,0.003406548894702377,1.0000000000000002
2020-01-29,2020-01-30,2020-01-31,OK,-0.015575877838368868,0.015199497541162104,6.0797990164648415e-05,-0.015635728846465913,1.0
2020-01-30,2020-01-31,2020-02-03,OK,0.013409914306352681,0.04070399424113451,0.00016281597696453804,0.013244914981089373,0.9999999999999998
2020-01-31,2020-02-03,2020-02-04,OK,0.026540903987938118,0.01413407427242087,5.6536297089683484e-05,0.026482867166415458,1.0
2020-02-03,2020-02-04,2020-02-05,OK,0.0029268479734809445,0.03298718028257883,0.00013194872113031532,0.002794513058503645,0.9999999999999998
2020-02-04,2020-02-05,2020-02-06,OK,0.003250351894898766,9.211411143728509e-08,3.684564457491404e-10,0.0032503515252446658,1.0
2020-02-05,2020-02-06,2020-02-07,OK,-0.004267825613321561,6.803040816770747e-08,2.721216326708299e-10,-0.004267825884281762,1.0000000000000002
2020-02-06,2020-02-07,2020-02-10,OK,0.02032569050092498,0.0066852940424208425,2.674117616968337e-05,0.02029840579188491,1.0
2020-02-07,2020-02-10,2020-02-11,OK,0.009669459359476223,0.013443469566257226,5.377387826502891e-05,0.009615165516880575,1.0
2020-02-10,2020-02-11,2020-02-12,OK,0.01594770734295126,0.03321900628573722,0.00013287602514294887,0.015812712249846372,1.0
2020-02-11,2020-02-12,2020-02-13,OK,0.001851912694848318,0.028823190930042795,0.00011529276372017118,0.0017364064189955286,1.0
2020-02-12,2020-02-13,2020-02-14,OK,0.00918988611321686,0.006499867355268917,2.599946942107567e-05,0.009163647711632805,1.0
2020-02-13,2020-02-14,2020-02-18,OK,0.010244653148704642,6.584723807341987e-08,2.633889522936795e-10,0.010244652882617222,1.0
2020-02-14,2020-02-18,2020-02-19,OK,0.01678087738158169,0.0009235723557107113,3.6942894228428455e-06,0.016777121098741077,1.0
2020-02-18,2020-02-19,2020-02-20,OK,-0.009010332931326668,0.0046127608293521395,1.845104331740856e-05,-0.009028617724600951,1.0
2020-02-19,2020-02-20,2020-02-21,OK,-0.023585892574608115,0.009803691245633468,3.9214764982533876e-05,-0.023624182424356488,1.0
2020-02-20,2020-02-21,2020-02-24,OK,-0.04124053316435328,0.133551160475624,0.0005342046419024959,-0.041752706922004834,0.9999999999999998
2020-02-21,2020-02-24,2020-02-25,OK,-0.03801567457711963,0.04132043082883011,0.00016528172331532043,-0.03817467300422783,1.0
2020-02-24,2020-02-25,2020-02-26,OK,0.008489455853983646,0.07028261031674801,0.00028113044126699206,0.008205938768246268,1.0
2020-02-25,2020-02-26,2020-02-27,OK,-0.05267698407821522,0.054456065504626734,0.00021782426201850694,-0.05288333401505152,1.0
2020-02-26,2020-02-27,2020-02-28,OK,0.00333995184504152,0.0037404927728019585,1.4961971091207834e-05,0.0033249399016872516,1.0
2020-02-27,2020-02-28,2020-03-02,OK,0.03566805933869571,0.024187687524614507,9.675075009845803e-05,0.03556785767710169,1.0
2020-02-28,2020-03-02,2020-03-03,OK,-0.023314541161412655,1.2647342133497054e-06,5.058936853398822e-09,-0.02331454610240269,1.0
2020-03-02,2020-03-03,2020-03-04,OK,0.05041412398210338,0.021310747525696384,8.524299010278553e-05,0.05032458354132907,1.0
2020-03-03,2020-03-04,2020-03-05,OK,-0.023346244391644073,0.002317745275286834,9.270981101147336e-06,-0.023355298930154755,1.0
2020-03-04,2020-03-05,2020-03-06,OK,-0.010222099431964211,0.005384106781334073,2.1536427125336292e-05,-0.010243415711590043,1.0000000000000002
2020-03-05,2020-03-06,2020-03-09,OK,-0.06007104090309026,0.0014022461291874077,5.608984516749631e-06,-0.060076312950068655,1.0
2020-03-06,2020-03-09,2020-03-10,OK,0.04567343467702921,0.005949013758549755,2.379605503419902e-05,0.04564855177442961,1.0000000000000002
2020-03-09,2020-03-10,2020-03-11,OK,-0.044831246179351886,0.014436154640292763,5.7744618561171056e-05,-0.04488640203470273,1.0000000000000002
2020-03-10,2020-03-11,2020-03-12,OK,-0.08519818988696443,0.009383862770349097,3.753545108139639e-05,-0.0852325273855572,1.0
2020-03-11,2020-03-12,2020-03-13,OK,0.056436468918112555,0.0018923151221188826,7.5692604884755306e-06,0.056428472475289704,1.0
2020-03-12,2020-03-13,2020-03-16,OK,-0.08668764115920441,0.006180425617751029,2.4721702471004115e-05,-0.08671021979560278,0.9999999999999999
2020-03-13,2020-03-16,2020-03-17,OK,0.06596475093166611,8.359834128802524e-08,3.3439336515210096e-10,0.06596475057521456,0.9999999999999999
2020-03-16,2020-03-17,2020-03-18,OK,-0.03223063313199107,0.018161439767615556,7.264575907046223e-05,-0.03230093747225238,0.9999999999999999
2020-03-17,2020-03-18,2020-03-19,OK,0.037999904502733134,1.8856158158276924e-07,7.542463263310769e-10,0.037999903719825534,1.0
2020-03-18,2020-03-19,2020-03-20,OK,-0.024905797456361192,0.03884638405313481,0.00015538553621253923,-0.025057312991881187,1.0
2020-03-19,2020-03-20,2020-03-23,OK,0.023516540427495177,1.0090591511615696e-05,4.0362366046462787e-08,0.023516499115945777,0.9999999999999999
2020-03-20,2020-03-23,2020-03-24,OK,0.05456516057578686,0.0011565449116259054,4.626179646503622e-06,0.05456028196790519,1.0
2020-03-23,2020-03-24,2020-03-25,OK,-0.016590401325403483,1.6837471672337993e-06,6.7349886689351975e-09,-0.01659040794865596,1.0
2020-03-24,2020-03-25,2020-03-26,OK,0.046568875974806065,0.01173017989633613,4.692071958534452e-05,0.046519770210049716,0.9999999999999999
2020-03-25,2020-03-26,2020-03-27,OK,-0.029031336658655725,3.5174256638474057e-08,1.4069702655389623e-10,-0.029031336795268148,1.0000000000000002
2020-03-26,2020-03-27,2020-03-30,OK,0.03205317019883959,4.458707679285935e-08,1.7834830717143742e-10,0.03205317001477459,1.0
2020-03-27,2020-03-30,2020-03-31,OK,-0.0002797042023451113,7.824115426381913e-06,3.129646170552765e-08,-0.0002797354900531124,0.9999999999999999
2020-03-30,2020-03-31,2020-04-01,OK,-0.021766907490202898,3.507109354507666e-08,1.4028437418030662e-10,-0.021766907627433718,1.0
2020-03-31,2020-04-01,2020-04-02,OK,0.014521804785065595,3.6656450052070416e-08,1.4662580020828167e-10,0.014521804636310476,1.0
2020-04-01,2020-04-02,2020-04-03,OK,-0.016147720914848847,9.791182612260012e-05,3.916473044904005e-07,-0.01614810623794194,1.0
2020-04-02,2020-04-03,2020-04-06,OK,0.06171719872199885,7.110894744087059e-08,2.8443578976348235e-10,0.061717198420008446,1.0
2020-04-03,2020-04-06,2020-04-07,OK,-0.004387040737074715,0.005708501213484182,2.283400485393673e-05,-0.004409774568219227,0.9999999999999999
2020-04-06,2020-04-07,2020-04-08,OK,0.017288839535255725,8.096967220243721e-08,3.2387868880974886e-10,0.017288839205777506,1.0
2020-04-07,2020-04-08,2020-04-09,OK,0.013511924430658353,4.6086501081624354e-08,1.8434600432649742e-10,0.013511924243821527,1.0
2020-04-08,2020-04-09,2020-04-13,OK,0.029141388228189034,5.0155411682699486e-08,2.0062164673079795e-10,0.02914138802172106,1.0
2020-04-09,2020-04-13,2020-04-14,OK,0.03857186318470897,3.631858096465917e-06,1.4527432385863669e-08,0.038571848096926376,1.0
2020-04-13,2020-04-14,2020-04-15,OK,0.00576718712151664,6.692846317874509e-08,2.6771385271498036e-10,0.005767186852258854,1.0000000000000002
2020-04-14,2020-04-15,2020-04-16,OK,0.030766815265124352,2.6177408691360863e-06,1.0470963476544346e-08,0.03076680447200264,0.9999999999999997
2020-04-15,2020-04-16,2020-04-17,OK,-0.006710455508144117,3.099617227843552e-08,1.239846891137421e-10,-0.006710455631296797,1.0
2020-04-16,2020-04-17,2020-04-20,OK,0.0043709695373546405,4.971705985422726e-08,1.9886823941690904e-10,0.004370969337617048,1.0
2020-04-17,2020-04-20,2020-04-21,OK,-0.02320901761626612,1.7426654485101039e-06,6.970661794040416e-09,-0.02320902442514572,0.9999999999999998
2020-04-20,2020-04-21,2020-04-22,OK,0.022160511846512125,4.9495837175336945e-08,1.979833487013478e-10,0.022160511644141234,1.0
2020-04-21,2020-04-22,2020-04-23,OK,0.006651803700295795,1.1848330366673946e-05,4.7393321466695784e-08,0.006651755991723185,0.9999999999999998
2020-04-22,2020-04-23,2020-04-24,OK,0.009446665106161677,3.907958420843539e-08,1.5631833683374156e-10,0.009446664948366879,1.0
2020-04-23,2020-04-24,2020-04-27,OK,-0.004452182988234074,5.2166139260957074e-08,2.086645570438283e-10,-0.004452183195969517,1.0
2020-04-24,2020-04-27,2020-04-28,OK,-0.02247491539261113,4.880341964828138e-08,1.9521367859312552e-10,-0.022474915583437505,1.0
2020-04-27,2020-04-28,2020-04-29,OK,0.011900273391988929,3.733237796681619e-07,1.4932951186726477e-09,0.01190027188092313,0.9999999999999999
2020-04-28,2020-04-29,2020-04-30,OK,0.011600659464319459,5.905415966424704e-08,2.3621663865698817e-10,0.011600659225362575,1.0
2020-04-29,2020-04-30,2020-05-01,OK,-0.023815986213977243,3.3965028571654623e-07,1.358601142866185e-09,-0.02381598754022196,1.0
2020-04-30,2020-05-01,2020-05-04,OK,0.01813997480593812,7.295639282574513e-07,2.9182557130298053e-09,0.01813997183474525,1.0000000000000002
2020-05-01,2020-05-04,2020-05-05,OK,0.010497793109614115,8.320466647127642e-08,3.328186658851057e-10,0.01049779277330165,1.0
2020-05-04,2020-05-05,2020-05-06,OK,-0.0017116794731196192,0.001385073479238702,5.540293916954808e-06,-0.001717210283829207,1.0
2020-05-05,2020-05-06,2020-05-07,OK,0.013527274453559005,7.782818899125213e-08,3.1131275596500855e-10,0.013527274138035006,1.0
2020-05-06,2020-05-07,2020-05-08,OK,0.008327912413353329,8.154280196408247e-08,3.261712078563299e-10,0.008327912084465705,1.0
2020-05-07,2020-05-08,2020-05-11,OK,0.009362146712582023,0.000440339226248001,1.761356904992004e-06,0.009360368865595214,1.0
2020-05-08,2020-05-11,2020-05-12,OK,-0.015173300700697332,0.03122756475170023,0.00012491025900680092,-0.015296315658783644,0.9999999999999998
2020-05-11,2020-05-12,2020-05-13,OK,-0.0018354956137385603,5.8332724511678775e-08,2.3333089804671513e-10,-0.0018354958466411109,1.0000000000000002
2020-05-12,2020-05-13,2020-05-14,OK,0.011718854120621784,4.390982703949445e-08,1.7563930815797779e-10,0.011718853942924046,0.9999999999999998
2020-05-13,2020-05-14,2020-05-15,OK,0.01741434761665423,9.730521887703076e-08,3.8922087550812304e-10,0.017414347220655157,1.0
2020-05-14,2020-05-15,2020-05-18,OK,0.004326469812161778,8.077253372285148e-08,3.230901348914059e-10,0.004326469487673679,1.0
2020-05-15,2020-05-18,2020-05-19,OK,0.003938925786420018,9.495142740197624e-08,3.79805709607905e-10,0.003938925405118088,0.9999999999999998
2020-05-18,2020-05-19,2020-05-20,OK,0.006966203972890115,7.896283065797262e-08,3.158513226318905e-10,0.006966203654838576,1.0
2020-05-19,2020-05-20,2020-05-21,OK,-0.016674534075381643,5.785580372610532e-08,2.3142321490442129e-10,-0.016674534302945965,0.9999999999999999
2020-05-20,2020-05-21,2020-05-22,OK,0.0002979626497706068,1.1182477171800586e-07,4.4729908687202347e-10,0.0002979622023382422,1.0000000000000002
2020-05-21,2020-05-22,2020-05-26,OK,-0.020572224816490126,4.580047487449841e-08,1.8320189949799366e-10,-0.02057222499592315,0.9999999999999999
2020-05-22,2020-05-26,2020-05-27,OK,0.0034481103828725894,8.543858344797332e-08,3.4175433379189326e-10,0.0034481100399397224,1.0
2020-05-26,2020-05-27,2020-05-28,OK,-0.002974964934116959,3.949177221261048e-06,1.579670888504419e-08,-0.0029749806838311743,0.9999999999999999
2020-05-27,2020-05-28,2020-05-29,OK,0.014895082391914977,6.143419637572671e-06,2.4573678550290683e-08,0.014895057452209537,1.0
2020-05-28,2020-05-29,2020-06-01,OK,0.015065784965803923,0.005872373696993495,2.348949478797398e-05,0.015041941583338714,0.9999999999999999
2020-05-29,2020-06-01,2020-06-02,OK,0.00042626301683616763,7.881954597437091e-08,3.1527818389748364e-10,0.00042626270142354095,1.0
2020-06-01,2020-06-02,2020-06-03,OK,-0.00887899237604455,1.3522787445829013e-07,5.409114978331606e-10,-0.008878992912153327,1.0000000000000002
2020-06-02,2020-06-03,2020-06-04,OK,-0.009584768805161077,9.093077635500183e-08,3.6372310542000735e-10,-0.009584769165397966,1.0
2020-06-03,2020-06-04,2020-06-05,OK,0.010629062611925182,7.404743464871143e-07,2.9618973859484574e-09,0.010629059618545655,1.0
2020-06-04,2020-06-05,2020-06-08,OK,0.002728593658461968,0.09031602387183263,0.00036126409548733053,0.0023663438200547393,1.0000000000000002
2020-06-05,2020-06-08,2020-06-09,OK,0.01040066417942883,0.055439403910695385,0.00022175761564278154,0.010176600137296488,0.9999999999999999
2020-06-08,2020-06-09,2020-06-10,OK,0.002029569565888196,4.455729193920431e-08,1.7822916775681725e-10,0.0020295693872973697,1.0
2020-06-09,2020-06-10,2020-06-11,OK,-0.03539112453686905,2.455131761565374e-06,9.820527046261497e-09,-0.03539113400983662,1.0
2020-06-10,2020-06-11,2020-06-12,OK,-0.004885405613591271,8.580323140183835e-08,3.4321292560735343e-10,-0.004885405955127431,1.0
2020-06-11,2020-06-12,2020-06-15,OK,0.016781922174171387,0.09545172400521967,0.0003818068960208787,0.016393707824535975,1.0
2020-06-12,2020-06-15,2020-06-16,OK,0.014292070537942349,0.01527733655983471,6.110934623933885e-05,0.014230087812616032,1.0
2020-06-15,2020-06-16,2020-06-17,OK,0.005431487936775301,0.0763153902285382,0.00030526156091415283,0.005124568351375647,1.0000000000000002
2020-06-16,2020-06-17,2020-06-18,OK,0.0010671285720907375,0.043782745949987635,0.00017513098379995053,0.000891810701014073,0.9999999999999999
2020-06-17,2020-06-18,2020-06-19,OK,0.0031689670061935534,1.177029595579428e-07,4.708118382317712e-10,0.003168966533889872,1.0
2020-06-18,2020-06-19,2020-06-22,OK,0.023179976201203448,5.4819680776627676e-08,2.192787231065107e-10,0.02317997597684185,1.0
2020-06-19,2020-06-22,2020-06-23,OK,-0.005009202909096568,0.0037740648109630473,1.5096259243852189e-05,-0.005024223548114715,1.0
2020-06-22,2020-06-23,2020-06-24,OK,-0.014040744685913653,8.241330885298755e-08,3.296532354119502e-10,-0.014040745010938216,1.0000000000000002
2020-06-23,2020-06-24,2020-06-25,OK,0.010567487055238729,0.00377285203398294,1.509140813593176e-05,0.010552236168842821,1.0
2020-06-24,2020-06-25,2020-06-26,OK,-0.01998247186168153,0.016346679781001044,6.538671912400417e-05,-0.02004655199253058,1.0
2020-06-25,2020-06-26,2020-06-29,OK,0.002868982032776103,4.134373698894757e-08,1.6537494795579028e-10,0.0028689818669267453,1.0
2020-06-26,2020-06-29,2020-06-30,OK,0.01784917028463545,1.3484544853431666e-06,5.393817941372667e-09,0.01784916479454246,1.0
2020-06-29,2020-06-30,2020-07-01,OK,0.02590210834358125,0.01566405992485076,6.265623969940304e-05,0.025837829175172855,1.0
2020-06-30,2020-07-01,2020-07-02,OK,-0.0036091324063423314,3.931760873499369e-08,1.5727043493997478e-10,-0.00360913256304507,1.0000000000000002
2020-07-01,2020-07-02,2020-07-06,OK,0.038225222450480295,1.866925288052365e-07,7.46770115220946e-10,0.03822522167516462,1.0
2020-07-02,2020-07-06,2020-07-07,OK,-0.008957429715560052,5.2365220031964e-08,2.0946088012785602e-10,-0.008957429923144633,1.0
2020-07-06,2020-07-07,2020-07-08,OK,0.019696594876486177,0.03201122836846243,0.0001280449134738497,0.019566027914225792,1.0
2020-07-07,2020-07-08,2020-07-09,OK,0.01385815982195992,0.02322493571890575,9.2899742875623e-05,0.013763972659599943,1.0
2020-07-08,2020-07-09,2020-07-10,OK,0.014509950079612834,0.023223949272183415,9.289579708873366e-05,0.014415706369145687,1.0
2020-07-09,2020-07-10,2020-07-13,OK,-0.03254166364913426,0.0029437823928975797,1.177512957159032e-05,-0.03255305559639987,1.0
2020-07-10,2020-07-13,2020-07-14,OK,0.009135624615964986,0.035665833413701394,0.00014266333365480557,0.008991657963647537,1.0
2020-07-13,2020-07-14,2020-07-15,OK,-0.003963976314493137,1.244357037844116e-06,4.977428151376464e-09,-0.003963981272190886,1.0
2020-07-14,2020-07-15,2020-07-16,OK,-0.002578876179157083,1.0170417169754576e-06,4.06816686790183e-09,-0.0025788802368327257,1.0
2020-07-15,2020-07-16,2020-07-17,OK,-0.010034004058961798,0.011113829542722834,4.445531817089134e-05,-0.010078013312289746,1.0
2020-07-16,2020-07-17,2020-07-20,OK,0.038771365702108075,4.709474708042879e-08,1.8837898832171516e-10,0.03877136550642546,1.0
2020-07-17,2020-07-20,2020-07-21,OK,-0.008720855704470018,4.714767229163945e-08,1.885906891665578e-10,-0.008720855891416024,1.0
2020-07-20,2020-07-21,2020-07-22,OK,0.005471763123526667,4.7123922191249135e-08,1.8849568876499655e-10,0.0054717629339995355,1.0000000000000002
2020-07-21,2020-07-22,2020-07-23,OK,-0.02368822569451168,1.4374644972512567e-07,5.749857989005027e-10,-0.023688226255877076,1.0
2020-07-22,2020-07-23,2020-07-24,OK,-0.0018763888521411125,4.1665130639227275e-08,1.666605225569091e-10,-0.0018763890184889664,1.0
2020-07-23,2020-07-24,2020-07-27,OK,0.022002129810651996,4.903480237250361e-08,1.9613920949001444e-10,0.02200212961019732,1.0
2020-07-24,2020-07-27,2020-07-28,OK,-0.01648581533780485,0.0019559444022793316,7.823777609117327e-06,-0.016493510134060974,1.0
2020-07-27,2020-07-28,2020-07-29,OK,0.013245246664990868,7.5779906031712e-08,3.03119624126848e-10,0.013245246357856288,0.9999999999999999
2020-07-28,2020-07-29,2020-07-30,OK,0.0010891411697903522,6.774714242419475e-08,2.70988569696779e-10,0.0010891408985067574,0.9999999999999999
2020-07-29,2020-07-30,2020-07-31,OK,0.019634448986037032,6.609166392578526e-08,2.6436665570314103e-10,0.01963444871647968,1.0
2020-07-30,2020-07-31,2020-08-03,OK,-0.00022690509753875042,0.0008810988602913953,3.5243954411655813e-06,-0.00023042869327660753,1.0
2020-07-31,2020-08-03,2020-08-04,OK,0.01212275053086075,2.9291042712653424e-07,1.171641708506137e-09,0.01212274934501556,1.0
2020-08-03,2020-08-04,2020-08-05,OK,-0.0035320700541716793,1.2261904701856118e-06,4.904761880742447e-09,-0.0035320749416096753,1.0
2020-08-04,2020-08-05,2020-08-06,OK,0.007252797265493069,4.5511540889819467e-07,1.8204616355927788e-09,0.007252795431827774,1.0000000000000002
2020-08-05,2020-08-06,2020-08-07,OK,-0.01693397614706274,4.0499215778453395e-07,1.6199686311381358e-09,-0.016933977739598816,1.0
2020-08-06,2020-08-07,2020-08-10,OK,-0.0149558468645558,9.67279187191239e-07,3.8691167487649554e-09,-0.014955850675806515,1.0
2020-08-07,2020-08-10,2020-08-11,OK,-0.02287717400492268,0.03298223385627823,0.00013192893542511293,-0.023006084779135905,1.0
2020-08-10,2020-08-11,2020-08-12,OK,0.01529188181227769,2.454873929277829e-06,9.819495717111317e-09,0.01529187184262315,0.9999999999999998
2020-08-11,2020-08-12,2020-08-13,OK,0.011262149399162223,0.1375638824612304,0.0005502555298449217,0.010705696809332643,1.0
2020-08-12,2020-08-13,2020-08-14,OK,-0.0016379012615245275,3.2888051499711086e-07,1.3155220599884434e-09,-0.0016379025748918252,1.0000000000000002
2020-08-13,2020-08-14,2020-08-17,OK,0.014988042785860542,5.234477607278187e-07,2.093791042911275e-09,0.014988040660687707,1.0
2020-08-14,2020-08-17,2020-08-18,OK,0.01562483375029492,0.047468670260433596,0.00018987468104173438,0.015431992308928555,1.0
2020-08-17,2020-08-18,2020-08-19,OK,-0.00941002292462801,9.152415682926945e-08,3.660966273170778e-10,-0.009410023287279579,1.0000000000000002
2020-08-18,2020-08-19,2020-08-20,OK,0.010846375869982142,4.817755190511231e-08,1.9271020762044925e-10,0.010846375675181763,0.9999999999999999
2020-08-19,2020-08-20,2020-08-21,OK,-0.0035533159216240623,0.01607507979302773,6.430031917211092e-05,-0.0036173877614483763,1.0
2020-08-20,2020-08-21,2020-08-24,OK,-7.129353445574214e-05,9.913715085858215e-08,3.965486034343286e-10,-7.12939309760463e-05,0.9999999999999998
2020-08-21,2020-08-24,2020-08-25,OK,0.007301249644430528,0.009863903695538676,3.94556147821547e-05,0.007261505954354819,1.0000000000000002
2020-08-24,2020-08-25,2020-08-26,OK,0.03478981570692778,0.007255089717902952,2.9020358871611806e-05,0.034759785735119175,1.0000000000000002
2020-08-25,2020-08-26,2020-08-27,OK,-0.016348091761717226,1.3051336347595278e-07,5.220534539038111e-10,-0.016348092275236037,1.0
2020-08-26,2020-08-27,2020-08-28,OK,0.004461185737722146,4.450679586017587e-08,1.7802718344070346e-10,0.004461185558900738,1.0
2020-08-27,2020-08-28,2020-08-31,OK,0.006438542886449948,9.891393627745894e-08,3.956557451098358e-10,0.006438542488246712,1.0
2020-08-28,2020-08-31,2020-09-01,OK,0.02705101737561565,6.093574300572793e-08,2.4374297202291173e-10,0.02705101712527913,1.0
2020-08-31,2020-09-01,2020-09-02,OK,0.007943057891418559,0.08359612992501708,0.0003343845197000683,0.007606017336120541,1.0000000000000002
2020-09-01,2020-09-02,2020-09-03,OK,-0.047024553255746705,5.616951238544109e-07,2.2467804954176437e-09,-0.047024555396873446,1.0
2020-09-02,2020-09-03,2020-09-04,OK,-0.02038540882973121,6.3236280019261e-07,2.5294512007704403e-09,-0.020385411307618506,1.0
2020-09-03,2020-09-04,2020-09-08,OK,-0.029170109017102874,0.046808826086957286,0.00018723530434782914,-0.029351882647211003,1.0
2020-09-04,2020-09-08,2020-09-09,OK,0.01497896405403338,0.06577747825622744,0.0002631099130249098,0.014711913027078971,0.9999999999999999
2020-09-08,2020-09-09,2020-09-10,OK,-0.02085490636849519,0.004535425871003057,1.814170348401223e-05,-0.020872669728451698,1.0
2020-09-09,2020-09-10,2020-09-11,OK,-0.003358516303333044,3.966227701761501e-08,1.5864910807046004e-10,-0.0033585164614493568,1.0000000000000002
2020-09-10,2020-09-11,2020-09-14,OK,-0.002454083887334947,0.08927849887746782,0.00035711399550987126,-0.002810321495142487,1.0
2020-09-11,2020-09-14,2020-09-15,OK,0.016580584190555393,0.009301871515070578,3.720748606028231e-05,0.01654275978263997,1.0
2020-09-14,2020-09-15,2020-09-16,OK,-0.014937930408413383,0.0071401820435597705,2.8560728174239084e-05,-0.014966064498417753,1.0
2020-09-15,2020-09-16,2020-09-17,OK,-0.0192472258243984,5.0537784987400434e-05,2.0215113994960175e-07,-0.019247424084689713,1.0
2020-09-16,2020-09-17,2020-09-18,OK,-0.00974198891094839,0.041416793999359415,0.00016566717599743766,-0.009906042159154249,1.0
2020-09-17,2020-09-18,2020-09-21,OK,-0.00011431671299091321,0.053326822363952586,0.00021330728945581035,-0.0003275996178584428,1.0
2020-09-18,2020-09-21,2020-09-22,OK,0.02386630200935195,0.1405391630170109,0.0005621566520680435,0.02329072875684912,1.0000000000000002
2020-09-21,2020-09-22,2020-09-23,OK,-0.021987902299465487,0.014612050867461443,5.844820346984577e-05,-0.022045065349547865,1.0
2020-09-22,2020-09-23,2020-09-24,OK,0.0008079994615606903,0.035883035486315926,0.0001435321419452637,0.0006643513457218475,1.0000000000000002
2020-09-23,2020-09-24,2020-09-25,OK,0.013619703727915846,0.0027763295359638732,1.1105318143855493e-05,0.013608447158629078,1.0
2020-09-24,2020-09-25,2020-09-28,OK,0.018733984779255176,2.861580398576778e-07,1.1446321594307113e-09,0.01873398361317946,1.0
2020-09-25,2020-09-28,2020-09-29,OK,-0.0050717595783290005,0.010433650362386387,4.1734601449545553e-05,-0.005113282511913786,1.0
2020-09-28,2020-09-29,2020-09-30,OK,0.0014452775148536834,0.009897349642526962,3.958939857010785e-05,0.001405630898616117,1.0
2020-09-29,2020-09-30,2020-10-01,OK,0.014865989978854917,9.942459302333585e-08,3.976983720933434e-10,0.014865989575244543,1.0
2020-09-30,2020-10-01,2020-10-02,OK,-0.019417139420009225,5.961313202390242e-08,2.3845252809560967e-10,-0.019417139653831628,1.0
2020-10-01,2020-10-02,2020-10-05,OK,0.01988197125271074,8.329171556308647e-08,3.331668622523459e-10,0.019881970912919877,1.0
2020-10-02,2020-10-05,2020-10-06,OK,-0.01393759429977667,4.1218824812984474e-07,1.648752992519379e-09,-0.013937595925550106,1.0
2020-10-05,2020-10-06,2020-10-07,OK,0.020991785894748535,5.366364031676143e-08,2.1465456126704574e-10,0.020991785675588126,0.9999999999999999
2020-10-06,2020-10-07,2020-10-08,OK,0.0074041116905938665,5.2762729747382456e-08,2.1105091898952984e-10,0.0074041114779801465,1.0
2020-10-07,2020-10-08,2020-10-09,OK,0.010063229565815788,6.735059499307215e-08,2.694023799722886e-10,0.010063229293702403,0.9999999999999999
2020-10-08,2020-10-09,2020-10-12,OK,0.014035209254276117,0.02969563712490808,0.00011878254849963233,0.013914759567852597,1.0
2020-10-09,2020-10-12,2020-10-13,OK,0.006845013291972345,9.136691405825705e-08,3.6546765623302823e-10,0.006845012924003191,0.9999999999999999
2020-10-12,2020-10-13,2020-10-14,OK,-0.01152549906738891,6.950860098247689e-08,2.7803440392990756e-10,-0.011525499342218803,1.0
2020-10-13,2020-10-14,2020-10-15,OK,0.0010687013174079608,8.763114300168204e-08,3.5052457200672816e-10,0.0010687009665086844,1.0
2020-10-14,2020-10-15,2020-10-16,OK,-0.010643090525869734,8.35362325764227e-08,3.341449303056908e-10,-0.010643090856458315,1.0
2020-10-15,2020-10-16,2020-10-19,OK,-0.006121299400175385,7.38860059564346e-08,2.9554402382573837e-10,-0.006121299693910287,1.0
2020-10-16,2020-10-19,2020-10-20,OK,0.006635684017450851,2.575107630840415e-07,1.030043052336166e-09,0.00663568298057271,1.0000000000000002
2020-10-19,2020-10-20,2020-10-21,OK,-0.013377325919771331,3.5014703723171343e-07,1.4005881489268538e-09,-0.013377327301623443,1.0000000000000002
2020-10-20,2020-10-21,2020-10-22,OK,-0.009515941958362108,1.0784070760970751e-07,4.3136283043883006e-10,-0.009515942385620146,1.0
2020-10-21,2020-10-22,2020-10-23,OK,0.009190066515336708,0.041325357528583656,0.00016530143011433463,0.009023245954084436,1.0
2020-10-22,2020-10-23,2020-10-26,OK,-0.017860539881424633,0.0008986967778697777,3.594787111479111e-06,-0.017864070463697534,1.0
2020-10-23,2020-10-26,2020-10-27,OK,-0.00020284167173802343,5.883628187867755e-08,2.353451275147102e-10,-0.00020284190703534488,1.0
2020-10-26,2020-10-27,2020-10-28,OK,-0.0358050546838275,0.03829853241546158,0.0001531941296618463,-0.03595276368929967,1.0
2020-10-27,2020-10-28,2020-10-29,OK,0.013256445413536716,0.03783448258157139,0.00015133793032628558,0.013103101280198093,1.0
2020-10-28,2020-10-29,2020-10-30,OK,-0.028880591492570495,0.036787672259040165,0.00014715068903616067,-0.02902349238266877,1.0
2020-10-29,2020-10-30,2020-11-02,OK,0.0038402833395521866,8.995371308342015e-08,3.598148523336806e-10,0.0038402829783554804,1.0
2020-10-30,2020-11-02,2020-11-03,OK,0.01666096206543435,0.0040948834227086915,1.6379533690834768e-05,0.016644309632954046,0.9999999999999999
2020-11-02,2020-11-03,2020-11-04,OK,0.032200696585002006,0.05199290589810994,0.00020797162359243978,0.03198602813025997,1.0
2020-11-03,2020-11-04,2020-11-05,OK,0.025677235724224555,0.08317577419396023,0.0003327030967758409,0.025335989731606556,1.0
2020-11-04,2020-11-05,2020-11-06,OK,0.007835383649162636,0.02498540136914138,9.994160547656553e-05,0.007734658962864627,1.0000000000000002
2020-11-05,2020-11-06,2020-11-09,OK,-0.012342242032298074,0.017883472226681962,7.153388890672786e-05,-0.012412893032634376,1.0
2020-11-06,2020-11-09,2020-11-10,OK,-0.01191518221818243,3.568609647735971e-08,1.4274438590943885e-10,-0.011915182359225951,0.9999999999999997
2020-11-09,2020-11-10,2020-11-11,OK,0.026462956076451265,0.05498366052376699,0.00021993464209506798,0.02623720131358276,0.9999999999999999
2020-11-10,2020-11-11,2020-11-12,OK,-0.01690067346595529,0.025970714355110287,0.00010388285742044116,-0.01700280063312376,1.0
2020-11-11,2020-11-12,2020-11-13,OK,0.011279147615501387,4.049639033963957e-08,1.6198556135855828e-10,0.011279147451688898,1.0
2020-11-12,2020-11-13,2020-11-16,OK,0.01767168444126724,0.06078456301839311,0.00024313825207357247,0.017424249526727387,1.0
2020-11-13,2020-11-16,2020-11-17,OK,0.0038408318517311633,7.858343768723627e-08,3.143337507489451e-10,0.0038408315361899703,1.0000000000000002
2020-11-16,2020-11-17,2020-11-18,OK,-0.0025543558465481414,1.6940729554675125e-06,6.77629182187005e-09,-0.002554362605530991,1.0
2020-11-17,2020-11-18,2020-11-19,OK,0.008873730244119625,6.997393199110015e-08,2.7989572796440063e-10,0.008873729961740073,1.0000000000000002
2020-11-18,2020-11-19,2020-11-20,OK,-0.008869715919166582,1.0003081783123695e-07,4.001232713249478e-10,-0.00886971631574096,1.0
2020-11-19,2020-11-20,2020-11-23,OK,0.011249374003495355,3.70180503562091e-08,1.480722014248364e-10,0.01124937385375735,1.0
2020-11-20,2020-11-23,2020-11-24,OK,0.01244223427441964,2.5556327807949863e-08,1.0222531123179946e-10,0.012442234170922495,1.0
2020-11-23,2020-11-24,2020-11-25,OK,0.0019234812884269545,2.948763925071698e-07,1.1795055700286793e-09,0.001923480106652553,0.9999999999999999
2020-11-24,2020-11-25,2020-11-27,OK,0.010722267269235327,0.03271478687151878,0.00013085914748607513,0.010590005014995185,1.0
2020-11-25,2020-11-27,2020-11-30,OK,-0.010025226477282876,0.003226535568204605,1.290614227281842e-05,-0.010038003232556436,1.0
2020-11-27,2020-11-30,2020-12-01,OK,0.014459681127909864,7.221280470005552e-08,2.888512188002221e-10,0.014459680834882027,1.0
2020-11-30,2020-12-01,2020-12-02,OK,0.0016539160265395703,0.10599966223187492,0.00042399864892749966,0.0012292161194513707,1.0000000000000002
2020-12-01,2020-12-02,2020-12-03,OK,0.0071287597106673975,7.928689569388497e-08,3.171475827755399e-10,0.007128759391258788,1.0000000000000002
2020-12-02,2020-12-03,2020-12-04,OK,0.01581518130752895,0.0032315592573467096,1.2926237029386839e-05,0.01580205063971718,1.0
2020-12-03,2020-12-04,2020-12-07,OK,0.0073042321427406395,0.016234293887971055,6.493717555188422e-05,0.0072388206509836905,0.9999999999999998
2020-12-04,2020-12-07,2020-12-08,OK,0.004234119164569645,0.0642921081649341,0.0002571684326597364,0.0039758618501206655,1.0
2020-12-07,2020-12-08,2020-12-09,OK,-0.020893666714739852,1.92430784345128e-07,7.69723137380512e-10,-0.020893667468380617,1.0
2020-12-08,2020-12-09,2020-12-10,OK,0.0077039399646855284,1.0184584739329405e-07,4.073833895731762e-10,0.007703939554163597,1.0
2020-12-09,2020-12-10,2020-12-11,OK,-0.005546190641025707,6.104785677092333e-08,2.4419142708369335e-10,-0.005546190883862767,1.0000000000000002
2020-12-10,2020-12-11,2020-12-14,OK,-0.002640916032904454,9.240558459923754e-08,3.696223383969501e-10,-0.0026409164015507303,1.0
2020-12-11,2020-12-14,2020-12-15,OK,0.014825149340970413,7.399484072920514e-08,2.959793629168206e-10,0.014825149040603058,0.9999999999999998
2020-12-14,2020-12-15,2020-12-16,OK,0.010743302373553129,0.003628557489022217,1.4514229956088868e-05,0.01072863221283571,1.0
2020-12-15,2020-12-16,2020-12-17,OK,-0.001876659840220972,1.9561437566586682e-07,7.824575026634673e-10,-0.0018766606212101689,1.0
2020-12-16,2020-12-17,2020-12-18,OK,0.0018377103126088479,1.6536892123178192e-07,6.614756849271276e-10,0.001837709649917585,1.0
2020-12-17,2020-12-18,2020-12-21,OK,-0.009750064313264572,0.010724408097184796,4.2897632388739186e-05,-0.009792543690978595,1.0000000000000002
2020-12-18,2020-12-21,2020-12-22,OK,-0.0008734502430188682,8.030473386563733e-08,3.2121893546254933e-10,-0.0008734505639572676,1.0
2020-12-21,2020-12-22,2020-12-23,OK,-0.003514091793227761,5.284073505945248e-07,2.1136294023780993e-09,-0.0035140938994296933,1.0
2020-12-22,2020-12-23,2020-12-24,OK,0.00688664260648233,0.009154032950565069,3.661613180226028e-05,0.006849774312466694,0.9999999999999998
2020-12-23,2020-12-24,2020-12-28,OK,0.0022502861047920255,0.049085616753384714,0.00019634246701353886,0.0020535018110532377,1.0
2020-12-24,2020-12-28,2020-12-29,OK,-0.0014738245054247796,0.033626816348723755,0.00013450726539489502,-0.0016081335307157607,1.0
2020-12-28,2020-12-29,2020-12-30,OK,0.008434470628941933,8.064262960804588e-08,3.225705184321835e-10,0.008434470303650743,1.0
2020-12-29,2020-12-30,2020-12-31,OK,0.0017311087396473914,4.107388006086352e-05,1.6429552024345406e-07,0.0017309441597137543,1.0000000000000002
2020-12-30,2020-12-31,2021-01-04,OK,-0.016714823640082123,1.2815651528909167e-07,5.126260611563667e-10,-0.016714824144139717,1.0
2020-12-31,2021-01-04,2021-01-05,OK,0.020469720962942414,3.0592559523095544e-07,1.2237023809238219e-09,0.020469719714191204,1.0
2021-01-04,2021-01-05,2021-01-06,OK,-0.0023914635371940947,1.1302396505723743e-07,4.520958602289497e-10,-0.002391463988208775,1.0
2021-01-05,2021-01-06,2021-01-07,OK,0.025805134979191045,1.636692779692818e-07,6.546771118771273e-10,0.025805134307619992,1.0
2021-01-06,2021-01-07,2021-01-08,OK,0.007283006967790623,0.06968263012711803,0.00027873052050847214,0.007002246450959371,1.0
2021-01-07,2021-01-08,2021-01-11,OK,-0.0019647225624116016,0.013051909137687742,5.220763655075097e-05,-0.0020168276254409756,1.0
2021-01-08,2021-01-11,2021-01-12,OK,0.020387894375324067,0.003962768583589359,1.5851074334357437e-05,0.020371720130960336,1.0
2021-01-11,2021-01-12,2021-01-13,OK,-0.015403734362803165,0.006390132818788042,2.556053127515217e-05,-0.015428901166444353,1.0
2021-01-12,2021-01-13,2021-01-14,OK,0.02094600331905739,2.2016806222425743e-07,8.806722488970297e-10,0.020946002419938603,1.0
2021-01-13,2021-01-14,2021-01-15,OK,-0.016823735097370635,3.756759063035242e-08,1.5027036252140968e-10,-0.016823735245112936,1.0
2021-01-14,2021-01-15,2021-01-19,OK,0.019416478010250367,1.5658744649130232e-07,6.263497859652093e-10,0.019416477371739127,1.0
2021-01-15,2021-01-19,2021-01-20,OK,0.0018744797828785767,9.986304525104246e-08,3.9945218100416986e-10,0.0018744793826774853,1.0
2021-01-19,2021-01-20,2021-01-21,OK,-0.004831228213453216,6.7405348101915564e-06,2.6962139240766225e-08,-0.004831255045332106,1.0
2021-01-20,2021-01-21,2021-01-22,OK,-0.007146608777957032,3.0716848582362604e-05,1.228673943294504e-07,-0.007146730767266241,1.0000000000000002
2021-01-21,2021-01-22,2021-01-25,OK,-0.0004850201847438916,0.021101952712217764,8.440781084887106e-05,-0.0005693870561007675,1.0
2021-01-22,2021-01-25,2021-01-26,OK,-0.0037567834609909877,0.014836924299009274,5.9347697196037095e-05,-0.003815908201739715,1.0
2021-01-25,2021-01-26,2021-01-27,OK,-0.03137927834180666,0.0210378562529399,8.415142501175959e-05,-0.03146078915583006,1.0
2021-01-26,2021-01-27,2021-01-28,OK,0.01858892294999045,1.4676305351282989e-07,5.870522140513196e-10,0.018588922352025694,1.0000000000000002
2021-01-27,2021-01-28,2021-01-29,OK,-0.022297868596419298,4.6815757197359027e-08,1.872630287894361e-10,-0.02229786877950668,1.0
2021-01-28,2021-01-29,2021-02-01,OK,0.02838290423213846,4.521953489047574e-08,1.8087813956190295e-10,0.028382904046126534,0.9999999999999999
2021-01-29,2021-02-01,2021-02-02,OK,0.028863392141479077,0.006876890518635824,2.7507562074543294e-05,0.02883509061785361,1.0
2021-02-01,2021-02-02,2021-02-03,OK,-0.007634045552520786,8.858238608390266e-07,3.5432954433561066e-09,-0.007634049068766524,1.0
2021-02-02,2021-02-03,2021-02-04,OK,0.007057880992461014,0.005412059903400299,2.1648239613601198e-05,0.0070360799621485,1.0
2021-02-03,2021-02-04,2021-02-05,OK,0.001387461437734793,3.5631112864306926e-08,1.425244514572277e-10,0.0013874612950124376,1.0
2021-02-04,2021-02-05,2021-02-08,OK,0.010911461944472123,6.177841898052769e-08,2.471136759221108e-10,0.010911461694662172,1.0
2021-02-05,2021-02-08,2021-02-09,OK,-0.0031218725941535618,2.998019473604794e-08,1.1992077894419175e-10,-0.0031218727136999025,0.9999999999999999
2021-02-08,2021-02-09,2021-02-10,OK,0.0026713759010439085,6.6443148323329e-08,2.6577259329331597e-10,0.0026713756345613238,1.0
2021-02-09,2021-02-10,2021-02-11,OK,0.019436397977588962,0.0008833623982342866,3.5334495929371465e-06,0.019432795850463425,1.0
2021-02-10,2021-02-11,2021-02-12,OK,0.010243326561794079,0.003239139102447149,1.2956556409788597e-05,0.010230237287145894,1.0
2021-02-11,2021-02-12,2021-02-16,OK,0.002544899115550693,6.98029007408294e-08,2.7921160296331763e-10,0.002544898835628473,1.0
2021-02-12,2021-02-16,2021-02-17,OK,-0.003542571773511171,5.6546469198295094e-08,2.2618587679318038e-10,-0.0035425719988957383,1.0
2021-02-16,2021-02-17,2021-02-18,OK,-0.00834209924047924,4.448945014769524e-08,1.7795780059078097e-10,-0.008342099416952409,1.0000000000000002
2021-02-17,2021-02-18,2021-02-19,OK,0.0021382885512154074,3.904611973170017e-08,1.561844789268007e-10,0.0021382883946967635,0.9999999999999999
2021-02-18,2021-02-19,2021-02-22,OK,-0.050300677331496256,3.7242590653391005e-08,1.4897036261356403e-10,-0.05030067747297329,1.0
2021-02-19,2021-02-22,2021-02-23,OK,0.0076664009935985405,5.825101608944172e-08,2.330040643577669e-10,0.00766640075880809,1.0
2021-02-22,2021-02-23,2021-02-24,OK,0.016265716339874437,0.10575864292005631,0.00042303457168022527,0.01583580080784941,1.0
2021-02-23,2021-02-24,2021-02-25,OK,-0.043115646334585395,0.0006925170877348362,2.770068350939345e-06,-0.04311829696964897,1.0
2021-02-24,2021-02-25,2021-02-26,OK,0.004616924220298952,0.004734520936352311,1.8938083745409242e-05,0.004597898700855918,1.0
2021-02-25,2021-02-26,2021-03-01,OK,0.027131226966266613,0.025367431386320357,0.00010146972554528143,0.027027004242567543,1.0
2021-02-26,2021-03-01,2021-03-02,OK,-0.024689600129181716,0.1866397085909618,0.0007465588343638471,-0.025417726724452194,0.9999999999999999
2021-03-01,2021-03-02,2021-03-03,OK,-0.030886965854194464,0.051771460750522205,0.00020708584300208882,-0.03108765544383485,1.0
2021-03-02,2021-03-03,2021-03-04,OK,-0.026989940429501175,1.4651774467110525e-07,5.86070978684421e-10,-0.02698994099975416,1.0
2021-03-03,2021-03-04,2021-03-05,OK,0.013109786890035585,0.0368554007887806,0.0001474216031551224,0.012960432621080153,1.0
2021-03-04,2021-03-05,2021-03-08,OK,-0.03340070449114918,0.1573044967761696,0.0006292179871046783,-0.03400890615420604,1.0
2021-03-05,2021-03-08,2021-03-09,OK,0.045903077515274344,0.13404870610233738,0.0005361948244093495,0.04534226969827704,0.9999999999999999
2021-03-08,2021-03-09,2021-03-10,OK,-0.001235892944245264,0.13395440546730814,0.0005358176218692326,-0.0017710483528963206,1.0
2021-03-09,2021-03-10,2021-03-11,OK,0.025642769189857122,0.015209684265401358,6.083873706160544e-05,0.0255803703791031,1.0
2021-03-10,2021-03-11,2021-03-12,OK,0.000891613759780122,0.0194157390459204,7.76629561836816e-05,0.0008138815582359182,0.9999999999999999
2021-03-11,2021-03-12,2021-03-15,OK,0.01303152280454388,0.03168379313476971,0.00012673517253907883,0.012903136079713828,1.0000000000000002
2021-03-12,2021-03-15,2021-03-16,OK,0.00034696677771769914,0.031069411548257833,0.00012427764619303132,0.00022264601131016803,0.9999999999999998
2021-03-15,2021-03-16,2021-03-17,OK,-0.00342812892688649,0.08121382390800064,0.0003248552956320026,-0.00375187057668247,1.0
2021-03-16,2021-03-17,2021-03-18,OK,-0.037779282612295,0.019105866246279878,7.642346498511951e-05,-0.03785281885359826,1.0
2021-03-17,2021-03-18,2021-03-19,OK,0.008429242177399286,0.00032760169332525784,1.3104067733010314e-06,0.008427920724889848,1.0
2021-03-18,2021-03-19,2021-03-22,OK,0.019742719662042975,0.0978809772043146,0.0003915239088172584,0.01934346600645309,1.0000000000000002
2021-03-19,2021-03-22,2021-03-23,OK,-0.011349801417524051,0.06280716358962833,0.0002512286543585133,-0.011598178676545223,0.9999999999999999
2021-03-22,2021-03-23,2021-03-24,OK,-0.010900604517360411,0.007235286152241914,2.8941144608967656e-05,-0.010929230185997674,1.0
2021-03-23,2021-03-24,2021-03-25,OK,0.00747083254132213,7.048159959888556e-08,2.8192639839554224e-10,0.007470832257289617,0.9999999999999999
2021-03-24,2021-03-25,2021-03-26,OK,0.04217233974376888,0.009720989475091889,3.8883957900367554e-05,0.04213181595838544,1.0
2021-03-25,2021-03-26,2021-03-29,OK,-0.006047685428079484,0.008802773094364835,3.521109237745934e-05,-0.006082683574846648,1.0
2021-03-26,2021-03-29,2021-03-30,OK,-0.003254816749596061,0.023319157333693146,9.327662933477259e-05,-0.003347789780595356,1.0
2021-03-29,2021-03-30,2021-03-31,OK,0.012201012970806035,0.021969326860294458,8.787730744117783e-05,0.012112063471197088,0.9999999999999999
2021-03-30,2021-03-31,2021-04-01,OK,0.02069811654274522,0.019050121268694105,7.620048507477642e-05,0.020620338851149667,0.9999999999999999
2021-03-31,2021-04-01,2021-04-05,OK,0.019736872902560418,0.010515501921838056,4.2062007687352225e-05,0.019693980722373272,1.0000000000000004
2021-04-01,2021-04-05,2021-04-06,OK,0.0004530132826210797,9.383517361034125e-08,3.75340694441365e-10,0.0004530129071103062,1.0
2021-04-05,2021-04-06,2021-04-07,OK,0.000933519492086634,8.181050376748084e-08,3.2724201506992337e-10,0.0009335191645389873,1.0
2021-04-06,2021-04-07,2021-04-08,OK,0.009032210671851663,0.023634628847652404,9.453851539060962e-05,0.008936818264673407,1.0
2021-04-07,2021-04-08,2021-04-09,OK,0.006298176372744323,0.007262909917040837,2.9051639668163348e-05,0.006268941760725566,1.0000000000000002
2021-04-08,2021-04-09,2021-04-12,OK,-0.003485303368947995,3.4123163134624735e-07,1.3649265253849894e-09,-0.0034853047291173445,1.0
2021-04-09,2021-04-12,2021-04-13,OK,0.0009780481024917727,0.01665910954648426,6.663643818593704e-05,0.0009113464906638225,1.0
2021-04-12,2021-04-13,2021-04-14,OK,-0.008353604286250649,0.004659439241797406,1.8637756967189625e-05,-0.008372086350771357,1.0
2021-04-13,2021-04-14,2021-04-15,OK,0.011925815885325495,0.015046706316194059,6.018682526477624e-05,0.011864911283063995,1.0
2021-04-14,2021-04-15,2021-04-16,OK,0.00016278502210444277,0.015241623492444704,6.0966493969778817e-05,0.00010180860370256894,1.0
2021-04-15,2021-04-16,2021-04-19,OK,-0.008038113142345682,0.004935205646122791,1.9740822584491164e-05,-0.008057695285964783,0.9999999999999998
2021-04-16,2021-04-19,2021-04-20,OK,-0.010255207262457225,2.357828363402356e-07,9.431313453609425e-10,-0.010255208195916521,1.0
2021-04-19,2021-04-20,2021-04-21,OK,0.009026205825366306,0.1068584041965245,0.000427433616786098,0.008594914104778306,0.9999999999999999
2021-04-20,2021-04-21,2021-04-22,OK,-0.014063986646391078,0.008225506001942093,3.290202400776837e-05,-0.014096425936772516,1.0
2021-04-21,2021-04-22,2021-04-23,OK,0.009167684407778064,3.0992510458671295e-05,1.2397004183468517e-07,0.009167559301218153,1.0
2021-04-22,2021-04-23,2021-04-26,OK,0.00294821854754153,0.00836365645236685,3.34546258094674e-05,0.0029146652901836934,1.0000000000000002
2021-04-23,2021-04-26,2021-04-27,OK,-0.003926860323969645,0.004986117196534227,1.994446878613691e-05,-0.003946726473612605,1.0
2021-04-26,2021-04-27,2021-04-28,OK,-0.0068498790799194215,8.964827643018617e-08,3.585931057207447e-10,-0.006849879436056194,1.0
2021-04-27,2021-04-28,2021-04-29,OK,0.006425794424862039,0.07431853651128166,0.00029727414604512666,0.00612661005626669,1.0000000000000002
2021-04-28,2021-04-29,2021-04-30,OK,-0.0009912542840528672,0.14972818241827904,0.0005989127296731161,-0.0015895733389169608,1.0
2021-04-29,2021-04-30,2021-05-03,OK,-0.0011215213571847758,0.008901180884491327,3.560472353796531e-05,-0.0011570861492647966,1.0
2021-04-30,2021-05-03,2021-05-04,OK,-0.0019331984129199598,0.04639987433886228,0.0001855994973554491,-0.002118439109621617,1.0
2021-05-03,2021-05-04,2021-05-05,OK,0.005210767079726148,0.10933143516072259,0.0004373257406428904,0.004771162536510776,1.0
2021-05-04,2021-05-05,2021-05-06,OK,0.004413159870606117,0.03943635013991795,0.0001577454005596718,0.00425471831437485,1.0
2021-05-05,2021-05-06,2021-05-07,OK,0.01112536461917771,0.08299835039526271,0.00033199340158105085,0.01078967766995298,1.0
2021-05-06,2021-05-07,2021-05-10,OK,-0.01399673615225758,6.402414454870999e-08,2.5609657819483997e-10,-0.013996736404769727,1.0000000000000002
2021-05-07,2021-05-10,2021-05-11,OK,-0.006292212280803559,0.005333004924646552,2.133201969858621e-05,-0.006313410074905823,1.0
2021-05-10,2021-05-11,2021-05-12,OK,-0.0339532942769069,0.06331031492311368,0.0002532412596924547,-0.03419793716158592,1.0
2021-05-11,2021-05-12,2021-05-13,OK,0.014295018950492795,3.397194050182577e-07,1.3588776200730307e-09,0.014295017572190094,1.0
2021-05-12,2021-05-13,2021-05-14,OK,0.015399518074604166,0.003342850315023062,1.3371401260092247e-05,0.015385940760208827,0.9999999999999999
2021-05-13,2021-05-14,2021-05-17,OK,-0.003782607545593053,0.005027111635358737,2.0108446541434947e-05,-0.003802639929772811,1.0
2021-05-14,2021-05-17,2021-05-18,OK,-0.008726125111389574,7.342297068299491e-08,2.9369188273197966e-10,-0.008726125402518603,1.0
2021-05-17,2021-05-18,2021-05-19,OK,0.008728968459609207,1.454678377042064e-07,5.818713508168255e-10,0.008728967872658755,1.0
2021-05-18,2021-05-19,2021-05-20,OK,0.012212551147669701,0.002678553181984024,1.0714212727936096e-05,0.012201706087070718,1.0
2021-05-19,2021-05-20,2021-05-21,OK,0.0001900096850771709,0.02843972076612864,0.00011375888306451457,7.622918672312018e-05,1.0
2021-05-20,2021-05-21,2021-05-24,OK,0.004345441507255908,0.010113792427368703,4.045516970947481e-05,0.004304810541972737,1.0
2021-05-21,2021-05-24,2021-05-25,OK,0.0012102974157386039,1.06284977557373e-07,4.25139910229492e-10,0.0012102969900842364,0.9999999999999998
2021-05-24,2021-05-25,2021-05-26,OK,0.002206599481884851,0.012396948287159143,4.9587793148636577e-05,0.002156902268337646,1.0
2021-05-25,2021-05-26,2021-05-27,OK,-0.0010896628007971408,0.01227317244783355,4.9092689791334204e-05,-0.0011387019961106581,1.0
2021-05-26,2021-05-27,2021-05-28,OK,0.010983279324517392,0.12925530347811917,0.0005170212139124767,0.010460579522195923,1.0
2021-05-27,2021-05-28,2021-06-01,OK,-0.0031838967937761636,0.11333933813698685,0.0004533573525479474,-0.0036358107033028775,1.0000000000000002
2021-05-28,2021-06-01,2021-06-02,OK,0.00996060468641989,0.015810683210863673,6.324273284345469e-05,0.009896732017715237,1.0
2021-06-01,2021-06-02,2021-06-03,OK,-0.00022851093918003874,1.2660461508421034e-07,5.064184603368413e-10,-0.00022851144548285962,1.0
2021-06-02,2021-06-03,2021-06-04,OK,0.01747092836970477,0.07341863931628945,0.0002936745572651578,0.017172123045285703,1.0
2021-06-03,2021-06-04,2021-06-07,OK,-0.0013511272163441832,3.993218233870871e-08,1.5972872935483485e-10,-0.0013511273758570752,1.0
2021-06-04,2021-06-07,2021-06-08,OK,0.008724521486072168,1.0842934484593878e-07,4.3371737938375514e-10,0.008724521048570688,1.0
2021-06-07,2021-06-08,2021-06-09,OK,-0.0071438948009986784,0.012885280175076686,5.1541120700306744e-05,-0.007195067717354675,1.0
2021-06-08,2021-06-09,2021-06-10,OK,0.0033652328962118544,9.878022331723946e-08,3.9512089326895787e-10,0.0033652324997612837,1.0
2021-06-09,2021-06-10,2021-06-11,OK,0.0038550341412411154,0.04742108098322373,0.0001896843239328949,0.0036646185777633455,1.0
2021-06-10,2021-06-11,2021-06-14,OK,0.0028692649635955947,0.001747547558457287,6.990190233829149e-06,0.0028622547166536894,1.0
2021-06-11,2021-06-14,2021-06-15,OK,-0.0014269826082278514,6.602108797279257e-08,2.640843518911703e-10,-0.0014269828719353228,1.0
2021-06-14,2021-06-15,2021-06-16,OK,-0.0015647264558056352,0.015481574147028204,6.192629658811281e-05,-0.0016265558546790793,1.0
2021-06-15,2021-06-16,2021-06-17,OK,0.008141752085257838,0.0005692233980226625,2.2768935920906497e-06,0.008139456653762478,0.9999999999999999
2021-06-16,2021-06-17,2021-06-18,OK,-0.00550810451701143,0.09903503154047563,0.00039614012616190255,-0.005902062661955032,1.0
2021-06-17,2021-06-18,2021-06-21,OK,0.011686841076903766,0.02414599854313603,9.658399417254413e-05,0.011589128320940834,1.0
2021-06-18,2021-06-21,2021-06-22,OK,0.012961601598508727,8.408920318688947e-08,3.3635681274755787e-10,0.012961601257792221,1.0
2021-06-21,2021-06-22,2021-06-23,OK,0.00046740242698011056,0.007086296409320424,2.8345185637281694e-05,0.00043904399273420047,1.0
2021-06-22,2021-06-23,2021-06-24,OK,0.005966542004655256,8.817550794955839e-08,3.5270203179823355e-10,0.005966541649848889,1.0
2021-06-23,2021-06-24,2021-06-25,OK,-0.0017540971935205865,1.179675112912875e-07,4.7187004516515e-10,-0.0017540976645630257,1.0
2021-06-24,2021-06-25,2021-06-28,OK,0.01303460695771102,9.49085137189244e-08,3.7963405487569764e-10,0.013034606573128382,1.0
2021-06-25,2021-06-28,2021-06-29,OK,0.00018338523652821807,1.1641116861871926e-07,4.6564467447487705e-10,0.00018338477079815618,1.0
2021-06-28,2021-06-29,2021-06-30,OK,-0.0007903311140578603,6.84169940375814e-08,2.736679761503256e-10,-0.000790331387509613,1.0
2021-06-29,2021-06-30,2021-07-01,OK,0.0015305961656434642,2.1138357032839016e-07,8.455342813135607e-10,0.0015305953188151644,1.0
2021-06-30,2021-07-01,2021-07-02,OK,0.012749901846369864,1.6303974112424843e-06,6.521589644969937e-09,0.012749895241630727,1.0
2021-07-01,2021-07-02,2021-07-06,OK,-0.004327073811818984,6.186379719275366e-08,2.474551887710146e-10,-0.004327074058203317,1.0
2021-07-02,2021-07-06,2021-07-07,OK,0.0018081414754708006,7.050715482045533e-07,2.8202861928182132e-09,0.0018081386500850005,1.0
2021-07-06,2021-07-07,2021-07-08,OK,-0.007563508237159876,1.7276001921191765e-07,6.910400768476706e-10,-0.0075635089229733055,1.0
2021-07-07,2021-07-08,2021-07-09,OK,0.007510112864784494,0.02500071050566622,0.00010000284202266489,0.007409358990131398,1.0
2021-07-08,2021-07-09,2021-07-12,OK,0.008235459377869998,0.009517894071229344,3.807157628491738e-05,0.008197074264665094,1.0
2021-07-09,2021-07-12,2021-07-13,OK,-0.0048173205448706225,0.0031688198201360444,1.2675279280544178e-05,-0.0048299347632678735,1.0
2021-07-12,2021-07-13,2021-07-14,OK,-0.0020489996684332394,0.004621173573366729,1.8484694293466917e-05,-0.00206744648759416,0.9999999999999999
2021-07-13,2021-07-14,2021-07-15,OK,-0.014022027255713419,0.030706127326426844,0.00012282450930570736,-0.014143129516401953,0.9999999999999998
2021-07-14,2021-07-15,2021-07-16,OK,-0.013399678752375,0.003228103558696961,1.2912414234787845e-05,-0.013412418144407079,1.0
2021-07-15,2021-07-16,2021-07-19,OK,-0.0005463300789090871,0.0379826758239951,0.00015193070329598042,-0.0006981777778920506,1.0
2021-07-16,2021-07-19,2021-07-20,OK,0.00944062285199195,0.017783737345515326,7.11349493820613e-05,0.009368816344381026,1.0
2021-07-19,2021-07-20,2021-07-21,OK,0.011021948672654734,0.07684757037693224,0.00030739028150772896,0.010711170351241917,1.0
2021-07-20,2021-07-21,2021-07-22,OK,0.006849505968483982,0.017223659098482696,6.889463639393079e-05,0.006780139437866817,1.0
2021-07-21,2021-07-22,2021-07-23,OK,0.005351537938240502,1.5836349333908557e-05,6.334539733563422e-08,0.005351474253847854,1.0
2021-07-22,2021-07-23,2021-07-26,OK,-0.0019774026582426787,0.011748733665240076,4.6994934660960306e-05,-0.002024304664994925,1.0
2021-07-23,2021-07-26,2021-07-27,OK,-0.0109788299731189,6.924674688140229e-05,2.7698698752560917e-07,-0.010979103919113498,1.0
2021-07-26,2021-07-27,2021-07-28,OK,0.0030476221274873387,0.009107444432825886,3.6429777731303546e-05,0.0030110813255592728,1.0
2021-07-27,2021-07-28,2021-07-29,OK,0.005590906301829193,0.08721894974790934,0.00034887579899163735,0.0052400799709342305,1.0
2021-07-28,2021-07-29,2021-07-30,OK,-0.013332441985673045,0.017685770067102216,7.074308026840886e-05,-0.013402241887927935,1.0
2021-07-29,2021-07-30,2021-08-02,OK,0.006241642515721103,1.0922616993808322e-07,4.369046797523329e-10,0.006241642076089349,1.0000000000000002
2021-07-30,2021-08-02,2021-08-03,OK,0.017236994662655353,0.00011649676435165798,4.6598705740663195e-07,0.017236520643381548,1.0
2021-08-02,2021-08-03,2021-08-04,OK,0.0001228783385660766,1.7942090773848624e-07,7.17683630953945e-10,0.00012287762079421505,1.0
2021-08-03,2021-08-04,2021-08-05,OK,0.011107034002838988,0.02841011912672793,0.00011364047650691173,0.010992131317695497,1.0
2021-08-04,2021-08-05,2021-08-06,OK,-0.005122356362742336,0.018239776596186596,7.295910638474638e-05,-0.005194941746584303,1.0
2021-08-05,2021-08-06,2021-08-09,OK,-0.0019497650789960237,0.0004691411234822716,1.8765644939290865e-06,-0.0019516379846300502,1.0
2021-08-06,2021-08-09,2021-08-10,OK,-0.002010557629302694,4.48462618834225e-06,1.7938504753369e-08,-0.00201057553174111,1.0
2021-08-09,2021-08-10,2021-08-11,OK,-0.003639626191793991,7.044059921159577e-08,2.8176239684638307e-10,-0.00363962647253091,1.0
2021-08-10,2021-08-11,2021-08-12,OK,0.003068768934458497,0.00907961185671455,3.63184474268582e-05,0.0030323390341082668,1.0
2021-08-11,2021-08-12,2021-08-13,OK,0.00448841621929265,0.01197494031897392,4.789976127589568e-05,0.004440301463951357,1.0
2021-08-12,2021-08-13,2021-08-16,OK,-0.0018249619223185847,0.003137484595269263,1.2549938381077052e-05,-0.00183748895753999,1.0
2021-08-13,2021-08-16,2021-08-17,OK,-0.016272851043674343,5.444226845724327e-08,2.177690738289731e-10,-0.01627285125789968,1.0
2021-08-16,2021-08-17,2021-08-18,OK,-0.01530280175506726,0.003109525813140762,1.2438103252563048e-05,-0.015315049520491564,1.0000000000000002
2021-08-17,2021-08-18,2021-08-19,OK,0.006859307184350182,0.0018677549890088639,7.471019956035455e-06,0.006851784918373349,1.0
2021-08-18,2021-08-19,2021-08-20,OK,0.021631043192426064,0.02040315238173907,8.161260952695628e-05,0.02154766521701723,1.0
2021-08-19,2021-08-20,2021-08-23,OK,0.0191127064266637,1.0434172640368451e-07,4.173669056147381e-10,0.019112706001319646,1.0
2021-08-20,2021-08-23,2021-08-24,OK,-0.003870325228050748,0.01449439040682842,5.797756162731368e-05,-0.00392807839765863,0.9999999999999999
2021-08-23,2021-08-24,2021-08-25,OK,0.009164353706169897,7.18501468116446e-06,2.874005872465784e-08,0.0091643247027271,0.9999999999999999
2021-08-24,2021-08-25,2021-08-26,OK,-0.005029825621832148,8.938290034709386e-06,3.575316013883754e-08,-0.005029861195160135,1.0
2021-08-25,2021-08-26,2021-08-27,OK,0.010538919260313024,0.0006208118662004455,2.4832474648017823e-06,0.010536409842103689,1.0
2021-08-26,2021-08-27,2021-08-30,OK,0.005409716778460585,7.366481826433461e-06,2.9465927305733846e-08,0.00540968715313106,1.0
2021-08-27,2021-08-30,2021-08-31,OK,-0.0074906180931716485,0.028011790710846276,0.0001120471628433851,-0.007601825953509778,1.0000000000000002
2021-08-30,2021-08-31,2021-09-01,OK,-0.003813582125189529,0.008673888196654116,3.469555278661647e-05,-0.0038481453636362017,1.0
2021-08-31,2021-09-01,2021-09-02,OK,-0.0012803117114293934,0.013888542811623474,5.55541712464939e-05,-0.001335794756019748,1.0
2021-09-01,2021-09-02,2021-09-03,OK,0.005488729237793875,0.0038015042482864607,1.5206016993145843e-05,0.005473439759090759,1.0
2021-09-02,2021-09-03,2021-09-07,OK,-0.006734063608876365,0.030353004971127275,0.0001214120198845091,-0.006854658032496075,0.9999999999999998
2021-09-03,2021-09-07,2021-09-08,OK,-0.004227244297179395,0.0033564509927162343,1.3425803970864937e-05,-0.004240613346996991,1.0
2021-09-07,2021-09-08,2021-09-09,OK,-0.00020158227276493679,0.0347856317392766,0.00013914252695710643,-0.0003406967510551917,1.0
2021-09-08,2021-09-09,2021-09-10,OK,-0.005477271418210112,2.0678144441585792e-07,8.271257776634317e-10,-0.00547727224080552,1.0
2021-09-09,2021-09-10,2021-09-13,OK,-0.008771883273969935,0.001597730881347865,6.39092352539146e-06,-0.008778218137060145,1.0000000000000002
2021-09-10,2021-09-13,2021-09-14,OK,-0.0014335482624493084,0.00013131311871959382,5.252524748783752e-07,-0.001434072761949401,0.9999999999999998
2021-09-13,2021-09-14,2021-09-15,OK,0.006456112602301481,0.0050137776730927374,2.005511069237095e-05,0.006435928013556191,1.0
2021-09-14,2021-09-15,2021-09-16,OK,0.004600598036495191,0.010949411310583976,4.379764524233591e-05,0.0045565988958922166,1.0000000000000002
2021-09-15,2021-09-16,2021-09-17,OK,-0.011844375752798805,0.009367870287214213,3.7471481148856855e-05,-0.011881403407644986,1.0
2021-09-16,2021-09-17,2021-09-20,OK,-0.017831747347932168,0.08245048573515744,0.0003298019429406298,-0.018155668345951392,1.0
2021-09-17,2021-09-20,2021-09-21,OK,0.005532777543506708,0.014230866018188248,5.6923464072752994e-05,0.00547553913457044,0.9999999999999998
2021-09-20,2021-09-21,2021-09-22,OK,0.016436156943598984,0.08521983531287591,0.00034087934125150366,0.016089674855995773,1.0
2021-09-21,2021-09-22,2021-09-23,OK,0.01341127708674608,2.906611062248806e-05,1.1626444248995225e-07,0.01341115926304881,1.0
2021-09-22,2021-09-23,2021-09-24,OK,0.0001858247701904947,6.640067413170003e-08,2.656026965268001e-10,0.00018582450453852317,1.0
2021-09-23,2021-09-24,2021-09-27,OK,-0.009481766565643777,8.242970341985542e-07,3.2971881367942167e-09,-0.009481769831568787,1.0
2021-09-24,2021-09-27,2021-09-28,OK,-0.026373784217663114,2.816817490478099e-07,1.1267269961912396e-09,-0.02637378531467416,1.0
2021-09-27,2021-09-28,2021-09-29,OK,0.00696383476206423,8.422309868535785e-07,3.368923947414314e-09,0.006963831369679596,1.0
2021-09-28,2021-09-29,2021-09-30,OK,-0.006054050218100883,1.4992631355269163e-07,5.997052542107666e-10,-0.006054050814175538,1.0
2021-09-29,2021-09-30,2021-10-01,OK,0.00540129646247143,4.881657495798282e-07,1.9526629983193132e-09,0.005401294499261411,1.0
2021-09-30,2021-10-01,2021-10-04,OK,-0.018692348864535715,8.68812245156385e-07,3.4752489806255404e-09,-0.01869235227482413,1.0
2021-10-01,2021-10-04,2021-10-05,OK,0.022085832509654624,0.11334771961906265,0.0004533908784762506,0.021622428116174985,1.0
2021-10-04,2021-10-05,2021-10-06,OK,0.005572220885514164,0.008065409251666393,3.226163700666558e-05,0.005539779479539986,1.0
2021-10-05,2021-10-06,2021-10-07,OK,0.0062590306979438655,1.8389147770955587e-07,7.355659108382235e-10,0.006259029957773832,1.0
2021-10-06,2021-10-07,2021-10-08,OK,-0.0025428611075636715,5.978801193430674e-08,2.39152047737227e-10,-0.0025428613461074834,1.0
2021-10-07,2021-10-08,2021-10-11,OK,-0.006009106885940814,0.02405704252931269,9.622817011725077e-05,-0.006104756810698331,0.9999999999999999
2021-10-08,2021-10-11,2021-10-12,OK,0.002089415727701759,0.02162375192512907,8.649500770051628e-05,0.0020027399959718917,1.0
2021-10-11,2021-10-12,2021-10-13,OK,0.008700979553234518,0.001193493168457827,4.7739726738313084e-06,0.008696164042321985,0.9999999999999999
2021-10-12,2021-10-13,2021-10-14,OK,0.010743964919120346,9.139444537994198e-08,3.655777815197679e-10,0.010743964549614793,1.0
2021-10-13,2021-10-14,2021-10-15,OK,0.006696830931580374,1.6023513359990165e-07,6.409405343996066e-10,0.00669683028634771,0.9999999999999998
2021-10-14,2021-10-15,2021-10-18,OK,0.013946183502401946,5.266148295792363e-08,2.106459318316945e-10,0.013946183288818359,1.0
2021-10-15,2021-10-18,2021-10-19,OK,-0.004215273895204033,0.004137343533858044,1.6549374135432176e-05,-0.004231753509194691,0.9999999999999998
2021-10-18,2021-10-19,2021-10-20,OK,0.0007193767847985209,4.0913547679413666e-08,1.6365419071765466e-10,0.0007193766210267238,1.0
2021-10-19,2021-10-20,2021-10-21,OK,0.009586066475185067,6.149033819078762e-08,2.459613527631505e-10,0.009586066226865864,1.0
2021-10-20,2021-10-21,2021-10-22,OK,-0.0035187923966933,1.6605508730533097e-05,6.642203492213239e-08,-0.003518858585002782,1.0
2021-10-21,2021-10-22,2021-10-25,OK,0.00924529900134902,1.7799534424512139e-07,7.119813769804855e-10,0.009245298282785086,1.0
2021-10-22,2021-10-25,2021-10-26,OK,-0.0031219120762182454,0.03683191643870147,0.00014732766575480588,-0.0032687797979541466,1.0
2021-10-25,2021-10-26,2021-10-27,OK,-0.0014664072973736401,6.211986177596399e-05,2.4847944710385595e-07,-0.0014666554124487252,1.0
2021-10-26,2021-10-27,2021-10-28,OK,0.004188400189662227,1.0790290852083258e-06,4.316116340833303e-09,0.004188395855468263,1.0
2021-10-27,2021-10-28,2021-10-29,OK,0.0018156387879786759,5.580410377019808e-08,2.2321641508079232e-10,0.0018156385643568473,1.0
2021-10-28,2021-10-29,2021-11-01,OK,-0.002457807195465988,7.056896499646511e-05,2.8227585998586045e-07,-0.0024580887775463856,1.0
2021-10-29,2021-11-01,2021-11-02,OK,0.0020405308069424166,4.4388802600313707e-07,1.7755521040125483e-09,0.0020405290277671906,1.0000000000000002
2021-11-01,2021-11-02,2021-11-03,OK,0.0028816386048447183,0.00012428172464118165,4.971268985647266e-07,0.002881140045406072,0.9999999999999999
2021-11-02,2021-11-03,2021-11-04,OK,0.012189767496160605,0.02348063890537598,9.392255562150392e-05,0.012094700046423545,1.0
2021-11-03,2021-11-04,2021-11-05,OK,-0.0029599690640204823,0.0017873635172724325,7.1494540690897305e-06,-0.0029670973559267066,1.0000000000000002
2021-11-04,2021-11-05,2021-11-08,OK,0.008572694982423128,8.504781808232192e-08,3.4019127232928773e-10,0.008572694639315426,1.0
2021-11-05,2021-11-08,2021-11-09,OK,0.007481854770369359,1.1266879740290392e-07,4.506751896116157e-10,0.007481854316322423,1.0
2021-11-08,2021-11-09,2021-11-10,OK,-0.0140288999219795,0.004351496297177121,1.7405985188708486e-05,-0.01404606172034406,1.0
2021-11-09,2021-11-10,2021-11-11,OK,0.00911775498984677,9.214845407118236e-07,3.6859381628472945e-09,0.009117751270301122,1.0
2021-11-10,2021-11-11,2021-11-12,OK,0.016352951159819072,2.998802512138271e-06,1.1995210048553085e-08,0.016352938968452024,0.9999999999999997
2021-11-11,2021-11-12,2021-11-15,OK,-0.0018828633638821271,0.008492602381290152,3.397040952516061e-05,-0.0019167698117676935,1.0
2021-11-12,2021-11-15,2021-11-16,OK,0.0077818896413112725,6.001214335402127e-07,2.400485734160851e-09,0.007781887222145345,1.0
2021-11-15,2021-11-16,2021-11-17,OK,-0.008548989487444838,5.098488798853211e-07,2.0393955195412846e-09,-0.00854899150940569,1.0
2021-11-16,2021-11-17,2021-11-18,OK,0.008406005887863235,5.06740496304843e-07,2.0269619852193723e-09,0.008406003843862697,0.9999999999999999
2021-11-17,2021-11-18,2021-11-19,OK,-0.000636627696598746,1.0887313313520317e-07,4.3549253254081265e-10,-0.0006366281318140876,0.9999999999999999
2021-11-18,2021-11-19,2021-11-22,OK,-0.011334149926711584,0.017462115038574894,6.984846015429958e-05,-0.011403206713946346,1.0000000000000002
2021-11-19,2021-11-22,2021-11-23,OK,0.003611217811104951,0.003252200412850654,1.3008801651402617e-05,0.003598162031837271,1.0
2021-11-22,2021-11-23,2021-11-24,OK,0.008909141427502258,0.09088715566094988,0.0003635486226437995,0.008542353898763455,1.0
2021-11-23,2021-11-24,2021-11-26,OK,-0.013938991324430331,4.4525779971903157e-08,1.7810311988761263e-10,-0.013938991500050846,0.9999999999999998
2021-11-24,2021-11-26,2021-11-29,OK,0.021543124973904284,1.4651752040132656e-07,5.860700816053063e-10,0.021543124375208444,0.9999999999999999
2021-11-26,2021-11-29,2021-11-30,OK,-0.018974603318188135,1.3291215242785293e-07,5.316486097114117e-10,-0.018974603839748916,1.0
2021-11-29,2021-11-30,2021-12-01,OK,-0.021880235224003317,4.07990647456179e-08,1.6319625898247159e-10,-0.02188023538362871,1.0
2021-11-30,2021-12-01,2021-12-02,OK,0.005972761635284444,3.28078587457376e-07,1.312314349829504e-09,0.005972760315132053,1.0
2021-12-01,2021-12-02,2021-12-03,OK,-0.01212888356477998,2.4462416701880775e-06,9.78496668075231e-09,-0.012128893231065918,1.0
2021-12-02,2021-12-03,2021-12-06,OK,-0.0006528079037388325,0.03848876087956297,0.00015395504351825188,-0.0008066624441878112,1.0
2021-12-03,2021-12-06,2021-12-07,OK,0.03784016447457724,0.01477940942402492,5.911763769609968e-05,0.03777880981574744,1.0000000000000002
2021-12-06,2021-12-07,2021-12-08,OK,0.001648459724074748,0.0733795121932686,0.00029351804877307444,0.0013544578226198922,1.0
2021-12-07,2021-12-08,2021-12-09,OK,-0.015837764186303015,5.318868992328287e-08,2.127547596931315e-10,-0.015837764395688292,1.0000000000000002
2021-12-08,2021-12-09,2021-12-10,OK,0.010195525404861848,8.638099840041146e-08,3.455239936016458e-10,0.010195525055815002,1.0
2021-12-09,2021-12-10,2021-12-13,OK,-0.018112886136131805,7.793823890288745e-08,3.117529556115498e-10,-0.018112886442238074,1.0
2021-12-10,2021-12-13,2021-12-14,OK,-0.011037829594416656,1.4387070663299497e-06,5.754828265319799e-09,-0.011037835285724107,1.0
2021-12-13,2021-12-14,2021-12-15,OK,0.027343212183681034,0.02637578760633158,0.00010550315042532633,0.02723482423822743,1.0
2021-12-14,2021-12-15,2021-12-16,OK,-0.020583446153340512,1.2211088648077965e-06,4.884435459231186e-09,-0.020583450937237457,1.0
2021-12-15,2021-12-16,2021-12-17,OK,-0.009045942125151703,1.6584128259642533e-07,6.633651303857014e-10,-0.009045942782516136,0.9999999999999998
2021-12-16,2021-12-17,2021-12-20,OK,-0.008444526138774324,0.12249647815204909,0.0004899859126081963,-0.008930374352535853,1.0
2021-12-17,2021-12-20,2021-12-21,OK,0.016297659672039725,0.0036600927361423305,1.4640370944569322e-05,0.016282780697312038,1.0
2021-12-20,2021-12-21,2021-12-22,OK,0.01122986190431737,0.007389266191093996,2.9557064764375983e-05,0.011199972917797396,1.0
2021-12-21,2021-12-22,2021-12-23,OK,0.005682628995930005,0.00035271491549984316,1.4108596619993727e-06,0.005681210118875901,1.0000000000000002
2021-12-22,2021-12-23,2021-12-27,OK,0.02234301868938075,2.9567102514280308e-06,1.1826841005712123e-08,0.02234300659829236,1.0000000000000002
2021-12-23,2021-12-27,2021-12-28,OK,-0.0021679223702910093,1.5641004869413773e-05,6.25640194776551e-08,-0.0021679847986766365,0.9999999999999999
2021-12-27,2021-12-28,2021-12-29,OK,0.004495113274606122,3.388120378223525e-08,1.35524815128941e-10,0.004495113138472062,1.0
2021-12-28,2021-12-29,2021-12-30,OK,-0.006446527125585563,8.358524075402321e-08,3.343409630160929e-10,-0.0064465274577711895,1.0
2021-12-29,2021-12-30,2021-12-31,OK,0.0012941134550016479,8.590642308593522e-07,3.436256923437409e-09,0.0012941100142978001,0.9999999999999998
2021-12-30,2021-12-31,2022-01-03,OK,0.001455776495619206,1.198312245731951e-07,4.793248982927805e-10,0.0014557760155964328,1.0
2021-12-31,2022-01-03,2022-01-04,OK,-0.005638095934712444,1.3153804899300096e-07,5.261521959720039e-10,-0.005638096457898145,1.0
2022-01-03,2022-01-04,2022-01-05,OK,-0.025569043637749304,0.00048088390128738965,1.9235356051495587e-06,-0.025570917990388575,0.9999999999999999
2022-01-04,2022-01-05,2022-01-06,OK,0.014518589535151297,0.016873219030474878,6.749287612189951e-05,0.0144501167576645,1.0000000000000002
2022-01-05,2022-01-06,2022-01-07,OK,-0.021060188405706514,3.829516673464079e-06,1.5318066693856316e-08,-0.021060203401171873,1.0
2022-01-06,2022-01-07,2022-01-10,OK,-0.008595360164713635,1.0022788966147443e-07,4.009115586458977e-10,-0.008595360562179133,1.0
2022-01-07,2022-01-10,2022-01-11,OK,0.014925175264866156,5.3327003694495875e-08,2.1330801477798352e-10,0.01492517504837454,0.9999999999999999
2022-01-10,2022-01-11,2022-01-12,OK,0.010881117699975875,5.210974525365425e-08,2.08438981014617e-10,0.010881117489268899,1.0
2022-01-11,2022-01-12,2022-01-13,OK,-0.01035698863614871,6.442614818395795e-08,2.5770459273583176e-10,-0.010356988891184304,0.9999999999999998
2022-01-12,2022-01-13,2022-01-14,OK,0.011866819144157797,1.1005604071909044e-07,4.4022416287636174e-10,0.011866818698709425,1.0
2022-01-13,2022-01-14,2022-01-18,OK,-0.03351967780618175,4.869006770840813e-07,1.947602708336325e-09,-0.03351967968850145,0.9999999999999998
2022-01-14,2022-01-18,2022-01-19,OK,-0.017277200344887274,0.00722515170245818,2.8900606809832723e-05,-0.01730560163012307,1.0
2022-01-18,2022-01-19,2022-01-20,OK,-0.020961159264265845,0.10563323313201115,0.00042253293252804457,-0.02137483541670082,1.0
2022-01-19,2022-01-20,2022-01-21,OK,-0.020760203961979053,0.08925753882786609,0.00035703015531146436,-0.021109822098445696,1.0
2022-01-20,2022-01-21,2022-01-24,OK,0.021256414803801783,0.042420901226240315,0.00016968360490496125,0.021083124333805436,0.9999999999999999
2022-01-21,2022-01-24,2022-01-25,OK,-0.01919576858518946,0.03693400387745957,0.0001477360155098383,-0.01934066869433393,1.0
2022-01-24,2022-01-25,2022-01-26,OK,0.004396602892404607,1.5757227133571152e-06,6.30289085342846e-09,0.004396596561802246,1.0
2022-01-25,2022-01-26,2022-01-27,OK,-0.0017291025159095613,0.005336098118809186,2.1344392475236742e-05,-0.001750410001742031,0.9999999999999999
2022-01-26,2022-01-27,2022-01-28,OK,0.0034290878283878487,6.284548070307027e-07,2.5138192281228108e-09,0.0034290853059484316,1.0
2022-01-27,2022-01-28,2022-01-31,OK,0.01916550215086977,0.019357345490946247,7.742938196378499e-05,0.019086588795919512,1.0
2022-01-28,2022-01-31,2022-02-01,OK,0.011818110183975092,0.03595749044347915,0.0001438299617739166,0.01167258042386532,0.9999999999999997
2022-01-31,2022-02-01,2022-02-02,OK,0.00011922628219163677,8.087378801224566e-08,3.2349515204898265e-10,0.00011922595865798691,0.9999999999999999
2022-02-01,2022-02-02,2022-02-03,OK,-0.022359522650576592,0.0029947157716882877,1.197886308675315e-05,-0.022371233672002888,1.0000000000000002
2022-02-02,2022-02-03,2022-02-04,OK,0.015571621151905222,0.001992015839342153,7.968063357368611e-06,0.015563529012883937,1.0
2022-02-03,2022-02-04,2022-02-07,OK,-0.00308754877081099,0.09293186830969345,0.0003717274732387738,-0.0034581285173466147,0.9999999999999999
2022-02-04,2022-02-07,2022-02-08,OK,0.003860921910174756,0.03065072115755593,0.0001226028846302237,0.0037378456653811565,1.0
2022-02-07,2022-02-08,2022-02-09,OK,0.016626432827824687,0.11458258424448359,0.00045833033697793434,0.016160482092286044,1.0000000000000002
2022-02-08,2022-02-09,2022-02-10,OK,-0.00511924898810343,0.019680183860057664,7.872073544023067e-05,-0.005197566732498493,1.0
2022-02-09,2022-02-10,2022-02-11,OK,0.002991849172232841,0.1181882781809793,0.0004727531127239172,0.0025176816535001922,1.0
2022-02-10,2022-02-11,2022-02-14,OK,-0.005850329397845485,0.01745956671529979,6.983826686119916e-05,-0.005919759087841037,1.0
2022-02-11,2022-02-14,2022-02-15,OK,0.01239329134053325,0.0075159481299313805,3.006379251972552e-05,0.012362854958674063,1.0
2022-02-14,2022-02-15,2022-02-16,OK,0.005858121101781623,0.015036674903883414,6.014669961553366e-05,0.0057976220555158164,1.0
2022-02-15,2022-02-16,2022-02-17,OK,-0.017350445240254028,0.040347260710463684,0.00016138904284185475,-0.017509034111345634,1.0
2022-02-16,2022-02-17,2022-02-18,OK,-0.006749937046833823,2.639567615666952e-07,1.0558270462667808e-09,-0.006749938095534147,1.0
2022-02-17,2022-02-18,2022-02-22,OK,-0.007795466736976078,0.11720606640128438,0.0004688242656051375,-0.008260636298613178,1.0
2022-02-18,2022-02-22,2022-02-23,OK,-0.0030010014216818523,0.12132886895504678,0.0004853154758201871,-0.0034848604650691284,1.0
2022-02-22,2022-02-23,2022-02-24,OK,0.0012328856679590292,0.0011053035001643684,4.421214000657474e-06,0.0012284590031070852,1.0
2022-02-23,2022-02-24,2022-02-25,OK,0.026139483832600015,0.014637137539758899,5.854855015903559e-05,0.02607940485356064,1.0
2022-02-24,2022-02-25,2022-02-28,OK,0.006144560187011186,0.035211115311577244,0.000140844461246309,0.006002850298495677,1.0
2022-02-25,2022-02-28,2022-03-01,OK,-0.0012763188967890489,0.006562263296970506,2.6249053187882025e-05,-0.001302534447814363,1.0000000000000002
2022-02-28,2022-03-01,2022-03-02,OK,0.01833774544818907,0.07938059926155973,0.0003175223970462389,0.018014400406251685,0.9999999999999997
2022-03-01,2022-03-02,2022-03-03,OK,-6.462116621305141e-05,1.3204627616813722e-07,5.281851046725489e-10,-6.462169436405318e-05,0.9999999999999998
2022-03-02,2022-03-03,2022-03-04,OK,-0.001959487513944732,0.00818664858505351,3.274659434021404e-05,-0.001992169941742117,1.0
2022-03-03,2022-03-04,2022-03-07,OK,-0.03068003276381088,0.04958543336579689,0.00019834173346318756,-0.03087228936639308,1.0000000000000002
2022-03-04,2022-03-07,2022-03-08,OK,0.0017418754025503855,6.654901731637311e-08,2.6619606926549245e-10,0.001741875135890636,1.0
2022-03-07,2022-03-08,2022-03-09,OK,0.002765522846146941,0.005621481893048291,2.2485927572193163e-05,0.002742974733228376,1.0
2022-03-08,2022-03-09,2022-03-10,OK,0.01833214887907914,7.513208594807093e-08,3.0052834379228375e-10,0.01833214857304144,1.0
2022-03-09,2022-03-10,2022-03-11,OK,-0.007132092501104979,1.2087605881071988e-07,4.835042352428795e-10,-0.007132092981160909,0.9999999999999998
2022-03-10,2022-03-11,2022-03-14,OK,-0.01865852530623424,2.6251502905976984e-07,1.0500601162390793e-09,-0.01865852633670184,1.0
2022-03-11,2022-03-14,2022-03-15,OK,-0.0076995954931341325,9.179262529602009e-07,3.6717050118408034e-09,-0.007699599136568591,1.0
2022-03-14,2022-03-15,2022-03-16,OK,0.011135059964926294,0.0022898619390355353,9.159447756142142e-06,0.011125798526170128,0.9999999999999997
2022-03-15,2022-03-16,2022-03-17,OK,0.01893736698487663,0.01404762480738703,5.6190499229548125e-05,0.018880112385542214,0.9999999999999998
2022-03-16,2022-03-17,2022-03-18,OK,0.010233340009064609,0.028004446542738037,0.00011201778617095215,0.010120175906800588,1.0
2022-03-17,2022-03-18,2022-03-21,OK,0.01927446229813282,8.791696828466067e-05,3.5166787313864266e-07,0.019274103852050528,1.0
2022-03-18,2022-03-21,2022-03-22,OK,-0.0007137907815102788,0.0022553577884724236,9.021431153889694e-06,-0.0007228057732496795,1.0
2022-03-21,2022-03-22,2022-03-23,OK,0.011684718739262192,0.00037611788474294625,1.504471538971785e-06,0.011683196688396347,1.0
2022-03-22,2022-03-23,2022-03-24,OK,0.017334926232487696,0.006331388464427948,2.532555385771179e-05,0.017309161662022232,1.0
2022-03-23,2022-03-24,2022-03-25,OK,0.015215234402829235,1.4186433216376995e-07,5.674573286550798e-10,0.015215233826737729,1.0
2022-03-24,2022-03-25,2022-03-28,OK,-0.01795819804520297,1.303690669299744e-07,5.214762677198976e-10,-0.01795819855731451,1.0
2022-03-25,2022-03-28,2022-03-29,OK,0.0020803943771122825,6.458471384111768e-08,2.583388553644707e-10,0.0020803941182361285,0.9999999999999998
2022-03-28,2022-03-29,2022-03-30,OK,0.010717802379541052,8.629511402796037e-08,3.451804561118415e-10,0.010717802030661083,0.9999999999999997
2022-03-29,2022-03-30,2022-03-31,OK,-0.0047547945782005245,7.430711607184978e-08,2.9722846428739916e-10,-0.004754794874015644,1.0
2022-03-30,2022-03-31,2022-04-01,OK,0.0011147310102539035,8.670738162222974e-08,3.46829526488919e-10,0.0011147306630376885,1.0
2022-03-31,2022-04-01,2022-04-04,OK,0.005595951161924524,9.100188493291376e-08,3.640075397316551e-10,0.005595950795880045,0.9999999999999999
2022-04-01,2022-04-04,2022-04-05,OK,-0.010624921301148319,5.244483601768538e-08,2.0977934407074153e-10,-0.01062492150869876,0.9999999999999999
2022-04-04,2022-04-05,2022-04-06,OK,-0.0043672148458598434,0.0016955613408719205,6.782245363487682e-06,-0.004373967471700713,1.0
2022-04-05,2022-04-06,2022-04-07,OK,0.01535922395708535,0.0037176680013867743,1.4870672005547098e-05,0.01534412488309811,1.0
2022-04-06,2022-04-07,2022-04-08,OK,0.008967516322332806,0.00048473112510558894,1.9389245004223557e-06,0.008965560010495421,1.0
2022-04-07,2022-04-08,2022-04-11,OK,-0.015215288096734315,0.0013741124345601965,5.496449738240786e-06,-0.01522070091640626,1.0
2022-04-08,2022-04-11,2022-04-12,OK,0.00783289564847623,0.02431948503046843,9.727794012187372e-05,0.00773485574040067,1.0
2022-04-11,2022-04-12,2022-04-13,OK,0.018107031273111238,3.825380514561845e-05,1.530152205824738e-07,0.018106875487239327,1.0
2022-04-12,2022-04-13,2022-04-14,OK,-0.00853567540575089,1.1738449026150116e-07,4.695379610460047e-10,-0.008535675871281012,1.0000000000000002
2022-04-13,2022-04-14,2022-04-18,OK,0.01728005548078078,1.833569464959154e-07,7.334277859836617e-10,0.017280054734679418,1.0
2022-04-14,2022-04-18,2022-04-19,OK,0.01072873484293652,0.003099711179613883,1.2398844718455532e-05,0.010716202974300648,1.0
2022-04-18,2022-04-19,2022-04-20,OK,0.0048241260928445755,1.1379207346572719e-07,4.5516829386290877e-10,0.004824125635480403,1.0
2022-04-19,2022-04-20,2022-04-21,OK,-0.020023400707132103,1.544332637706285e-07,6.17733055082514e-10,-0.020023401312496136,1.0
2022-04-20,2022-04-21,2022-04-22,OK,-0.03485582588371025,9.545603853772403e-08,3.8182415415089614e-10,-0.03485582625222561,1.0
2022-04-21,2022-04-22,2022-04-25,OK,-0.014301552676639958,9.180395849506879e-08,3.6721583398027517e-10,-0.01430155303860392,1.0
2022-04-22,2022-04-25,2022-04-26,OK,-0.009029793732659145,9.354843289567812e-08,3.741937315827125e-10,-0.009029794103474043,1.0
2022-04-25,2022-04-26,2022-04-27,OK,0.008777912946034437,0.0012031941844128763,4.812776737651505e-06,0.00877305792316152,1.0
2022-04-26,2022-04-27,2022-04-28,OK,0.009792244510019556,0.0022430208096847638,8.972083238739055e-06,0.009783184569948089,1.0
2022-04-27,2022-04-28,2022-04-29,OK,-0.023843496249233268,0.0009570053818489291,3.828021527395716e-06,-0.023847232997343815,1.0
2022-04-28,2022-04-29,2022-05-02,OK,-0.0022242794204650916,0.10116840076167695,0.0004046736030467078,-0.002628052916344603,0.9999999999999999
2022-04-29,2022-05-02,2022-05-03,OK,0.020120108588385064,5.8106374917737287e-08,2.3242549967094916e-10,0.020120108351283195,1.0
2022-05-02,2022-05-03,2022-05-04,OK,0.03810257348096244,3.8959386610299754e-07,1.5583754644119903e-09,0.03810257186320887,1.0
2022-05-03,2022-05-04,2022-05-05,OK,-0.03726499417375829,0.06257562583869003,0.0002503025033547601,-0.03750596915578386,0.9999999999999998
2022-05-04,2022-05-05,2022-05-06,OK,0.0063682267195216136,0.0132363729929805,5.2945491971922e-05,0.00631494405865296,1.0
2022-05-05,2022-05-06,2022-05-09,OK,-0.05678274781976033,0.00989799445128174,3.959197780512696e-05,-0.05682009165627411,1.0000000000000002
2022-05-06,2022-05-09,2022-05-10,OK,0.004721289949000398,0.08748444592131817,0.0003499377836852727,0.004369700007574195,0.9999999999999999
2022-05-09,2022-05-10,2022-05-11,OK,0.006611517543570253,0.011404140060782057,4.561656024312823e-05,0.006565599388638654,1.0000000000000002
2022-05-10,2022-05-11,2022-05-12,OK,0.002036873152938819,0.011404103592663422,4.561641437065369e-05,0.001991163823718445,1.0
2022-05-11,2022-05-12,2022-05-13,OK,0.018447424896445252,3.823626831335197e-08,1.5294507325340788e-10,0.01844742474067873,1.0
2022-05-12,2022-05-13,2022-05-16,OK,0.012318600613219557,3.8089330368932854e-08,1.5235732147573142e-10,0.012318600458985474,1.0
2022-05-13,2022-05-16,2022-05-17,OK,0.020637315629426743,0.0025763789668478802,1.030551586739152e-05,0.020626797435375765,1.0
2022-05-16,2022-05-17,2022-05-18,OK,-0.02592300856425269,4.405673139134276e-08,1.7622692556537104e-10,-0.025923008735911246,1.0
2022-05-17,2022-05-18,2022-05-19,OK,0.0016275195109037078,0.009775332067496749,3.9101328269986996e-05,0.0015883545444590474,1.0
2022-05-18,2022-05-19,2022-05-20,OK,0.0030707911299329804,4.960235253789751e-08,1.9840941015159005e-10,0.0030707909309144465,1.0
2022-05-19,2022-05-20,2022-05-23,OK,0.024268065056661438,4.838714178995958e-08,1.9354856715983833e-10,0.024268064858415705,1.0
2022-05-20,2022-05-23,2022-05-24,OK,-0.014099119711126004,0.00241410920990129,9.656436839605161e-06,-0.014108640000706552,1.0
2022-05-23,2022-05-24,2022-05-25,OK,0.020389833594794123,0.007677958546241976,3.0711834184967905e-05,0.020358495551420663,1.0
2022-05-24,2022-05-25,2022-05-26,OK,0.014795517651652365,6.247070982084565e-08,2.498828392833826e-10,0.014795517398072278,1.0
2022-05-25,2022-05-26,2022-05-27,OK,0.016270326012867018,4.4477954835961997e-08,1.77911819343848e-10,0.01627032583206045,1.0
2022-05-26,2022-05-27,2022-05-31,OK,-0.018610419849216197,5.26297091307967e-08,2.1051883652318681e-10,-0.018610420055817145,0.9999999999999999
2022-05-27,2022-05-31,2022-06-01,OK,0.006909598025081224,0.007087416487043238,2.8349665948172955e-05,0.006881052474337235,1.0
2022-05-31,2022-06-01,2022-06-02,OK,0.0005831606611859958,0.021351617626997783,8.540647050799113e-05,0.0004977043849840879,1.0
2022-06-01,2022-06-02,2022-06-03,OK,0.006077759485200186,2.883122700395497e-07,1.1532490801581989e-09,0.006077758324942062,1.0000000000000002
2022-06-02,2022-06-03,2022-06-06,OK,0.005298267472800798,0.003100009942409138,1.2400039769636553e-05,0.005285801734303819,0.9999999999999998
2022-06-03,2022-06-06,2022-06-07,OK,0.02728803364961059,0.005392332336924878,2.1569329347699513e-05,0.027265875735677847,1.0
2022-06-06,2022-06-07,2022-06-08,OK,-0.012166153200587108,0.011280792321438707,4.512316928575483e-05,-0.012210727394482368,1.0
2022-06-07,2022-06-08,2022-06-09,OK,-0.027008185577022434,0.0007685883264972359,3.0743533059889437e-06,-0.02701117689762389,1.0000000000000002
2022-06-08,2022-06-09,2022-06-10,OK,-0.026566733498342158,5.771798860657533e-07,2.3087195442630133e-09,-0.026566735745726544,1.0
2022-06-09,2022-06-10,2022-06-13,OK,-0.04988790336301909,1.3588391600643177e-07,5.435356640257271e-10,-0.049887903879438866,1.0
2022-06-10,2022-06-13,2022-06-14,OK,0.007928630992752003,0.0020634729488282597,8.253891795313039e-06,0.007920311658894397,1.0
2022-06-13,2022-06-14,2022-06-15,OK,-0.010257553182407222,0.030924311025251373,0.0001236972441010055,-0.010379981595448284,1.0
2022-06-14,2022-06-15,2022-06-16,OK,-0.051360564285432384,0.0048686915276125835,1.9474766110450334e-05,-0.051379038816566025,1.0000000000000002
2022-06-15,2022-06-16,2022-06-17,OK,-0.03591418848071043,9.580647791636322e-08,3.832259116654529e-10,-0.03591418885017306,1.0
2022-06-16,2022-06-17,2022-06-21,OK,0.02608354089258967,6.728860123611535e-08,2.691544049444614e-10,0.026083540616414824,1.0
2022-06-17,2022-06-21,2022-06-22,OK,-0.03992314124330711,0.014259297260944489,5.7037189043777956e-05,-0.03997790132859658,1.0
2022-06-21,2022-06-22,2022-06-23,OK,-0.04040472332510696,4.846789424914151e-07,1.9387157699656605e-09,-0.04040472518548943,0.9999999999999999
2022-06-22,2022-06-23,2022-06-24,OK,0.01782417487652619,0.08662372945356765,0.00034649491781427064,0.017471503972702918,1.0
2022-06-23,2022-06-24,2022-06-27,OK,0.024377486611521473,0.015973768678047024,6.38950747121881e-05,0.02431203393548098,0.9999999999999999
2022-06-24,2022-06-27,2022-06-28,OK,0.0033409578653933033,0.13719961896313165,0.0005487984758525266,0.002790325876956379,1.0
2022-06-27,2022-06-28,2022-06-29,OK,-0.028036723672270114,0.040052386730466266,0.00016020954692186508,-0.02819244146839517,1.0
2022-06-28,2022-06-29,2022-06-30,OK,-0.01827683806513827,1.1042270923377876e-05,4.41690836935115e-08,-0.01827688142695083,1.0
2022-06-29,2022-06-30,2022-07-01,OK,0.015316854927959022,8.513249240002304e-08,3.4052996960009217e-10,0.015316854582213102,1.0
2022-06-30,2022-07-01,2022-07-05,OK,-0.02929948516277449,9.201921323284585e-06,3.680768529313834e-08,-0.029299520892013597,1.0
2022-07-01,2022-07-05,2022-07-06,OK,-0.008641704432145804,0.006439745661038661,2.5758982644154644e-05,-0.008667240813275523,1.0
2022-07-05,2022-07-06,2022-07-07,OK,0.034196408355407784,0.02472464490439109,9.889857961756437e-05,0.03409412779957588,1.0
2022-07-06,2022-07-07,2022-07-08,OK,-0.004313337525506344,0.04143467821966227,0.0001657387128786491,-0.0044783613513752485,1.0
2022-07-07,2022-07-08,2022-07-11,OK,-0.006021028683748785,4.9925941328777656e-08,1.9970376531511062e-10,-0.006021028882250201,1.0
2022-07-08,2022-07-11,2022-07-12,OK,-0.010972970990100295,0.004498380879548921,1.7993523518195685e-05,-0.010990767071206942,1.0
2022-07-11,2022-07-12,2022-07-13,OK,-0.0025547180141758216,6.429727536671843e-06,2.5718910146687374e-08,-0.0025547436673813984,1.0
2022-07-12,2022-07-13,2022-07-14,OK,-0.013166345253090836,0.0009317177349366674,3.7268709397466697e-06,-0.013170023054761004,1.0
2022-07-13,2022-07-14,2022-07-15,OK,0.02752596345208755,0.01896944877366368,7.587779509465473e-05,0.027447997047578276,1.0
2022-07-14,2022-07-15,2022-07-18,OK,0.010976824511279659,3.1381451428791507e-07,1.2552580571516603e-09,0.010976823242242917,1.0000000000000002
2022-07-15,2022-07-18,2022-07-19,OK,0.024458480360098706,6.654713046587137e-08,2.6618852186348547e-10,0.024458480087399703,1.0
2022-07-18,2022-07-19,2022-07-20,OK,0.011403493210057203,0.05187996703211976,0.00020751986812847905,0.011193606890521623,0.9999999999999999
2022-07-19,2022-07-20,2022-07-21,OK,0.0012645594597027738,0.002110865549876215,8.443462199504859e-06,0.0012561053202431172,1.0
2022-07-20,2022-07-21,2022-07-22,OK,-0.020287948343779807,3.772775686566711e-08,1.5091102746266844e-10,-0.020287948491629182,1.0
2022-07-21,2022-07-22,2022-07-25,OK,0.03171825311620513,0.01700106355454636,6.800425421818544e-05,0.031648091885838614,1.0
2022-07-22,2022-07-25,2022-07-26,OK,-0.0083018657532714,7.037513153951873e-06,2.8150052615807495e-08,-0.008301893669626081,1.0000000000000002
2022-07-25,2022-07-26,2022-07-27,OK,0.025268747337642505,0.03361044104487401,0.00013444176417949606,0.025130908398492302,0.9999999999999999
2022-07-26,2022-07-27,2022-07-28,OK,0.005614478829086904,0.015735187472276473,6.294074988910589e-05,0.0055511846996900704,1.0
2022-07-27,2022-07-28,2022-07-29,OK,0.02982275461068204,0.02611551427584885,0.00010446205710339541,0.02971517720728345,1.0
2022-07-28,2022-07-29,2022-08-01,OK,-0.011052664450743613,0.043150730870183916,0.00017260292348073567,-0.01122335965202792,0.9999999999999998
2022-07-29,2022-08-01,2022-08-02,OK,0.002484520682309769,3.644861649598091e-07,1.4579446598392363e-09,0.002484519220742998,1.0000000000000004
2022-08-01,2022-08-02,2022-08-03,OK,-0.013328298540874745,0.0038787164888673814,1.5514865955469526e-05,-0.013343606620064952,1.0
2022-08-02,2022-08-03,2022-08-04,OK,-0.014486657801691132,0.017108024873039338,6.843209949215735e-05,-0.014554098548775318,1.0
2022-08-03,2022-08-04,2022-08-05,OK,0.012641979191373073,0.005275729256330223,2.1102917025320895e-05,0.012620609491709844,1.0
2022-08-04,2022-08-05,2022-08-08,OK,0.003288081295559209,1.0684762354498705e-06,4.273904941799482e-09,0.0032880770076013643,0.9999999999999999
2022-08-05,2022-08-08,2022-08-09,OK,0.021088498786278827,0.01643533991699185,6.57413596679674e-05,0.021021371040027104,0.9999999999999999
2022-08-08,2022-08-09,2022-08-10,OK,0.013718711914555592,0.022275707979717695,8.910283191887078e-05,0.013628386706554974,1.0
2022-08-09,2022-08-10,2022-08-11,OK,0.015077675498468217,0.0024938706983665755,9.975482793466303e-06,0.015067549608582365,1.0
2022-08-10,2022-08-11,2022-08-12,OK,0.012318446921472832,0.013369833732543523,5.34793349301741e-05,0.012264308804193824,0.9999999999999998
2022-08-11,2022-08-12,2022-08-15,OK,-0.009390887493398335,0.005135487137992712,2.0541948551970848e-05,-0.009411236534822565,1.0000000000000002
2022-08-12,2022-08-15,2022-08-16,OK,0.004337074442578727,1.0542901023790889e-06,4.217160409516355e-09,0.0043370702071283684,1.0
2022-08-15,2022-08-16,2022-08-17,OK,0.00020934195875776826,2.4835898385090055e-07,9.934359354036023e-10,0.0002093409651138245,1.0
2022-08-16,2022-08-17,2022-08-18,OK,0.012749732030589024,0.0037587068330962124,1.503482733238485e-05,0.012734505513237071,1.0
2022-08-17,2022-08-18,2022-08-19,OK,-0.0055423281161132145,4.335479015371275e-08,1.73419160614851e-10,-0.005542328288571263,0.9999999999999998
2022-08-18,2022-08-19,2022-08-22,OK,-0.012061093005625528,0.007889132166916514,3.1556528667666055e-05,-0.01209226892806603,0.9999999999999999
2022-08-19,2022-08-22,2022-08-23,OK,0.023330250577694563,3.039103387887365e-05,1.215641355154946e-07,0.02333012617743746,1.0
2022-08-22,2022-08-23,2022-08-24,OK,0.008550129016963764,2.820001508905079e-07,1.1280006035620316e-09,0.008550127879318747,1.0
2022-08-23,2022-08-24,2022-08-25,OK,0.02400540918727972,1.0812158921409627e-07,4.324863568563851e-10,0.02400540874441126,1.0
2022-08-24,2022-08-25,2022-08-26,OK,-0.015233195526385749,0.006935811012049021,2.7743244048196083e-05,-0.015260516152172832,1.0
2022-08-25,2022-08-26,2022-08-29,OK,0.004035389001293273,7.894151285662424e-05,3.1576605142649697e-07,0.004035071961002945,1.0
2022-08-26,2022-08-29,2022-08-30,OK,-0.032427003031474534,6.035453689076335e-08,2.414181475630534e-10,-0.03242700326506409,0.9999999999999999
2022-08-29,2022-08-30,2022-08-31,OK,-0.009906329163079987,8.514156187406016e-08,3.4056624749624065e-10,-0.009906329500272482,1.0
2022-08-30,2022-08-31,2022-09-01,OK,-0.02598272258318471,1.5298663741242142e-06,6.1194654964968566e-09,-0.025982728543649802,1.0000000000000002
2022-08-31,2022-09-01,2022-09-02,OK,0.012175152231716795,6.25885414966574e-08,2.503541659866296e-10,0.012175151978314647,1.0
2022-09-01,2022-09-02,2022-09-06,OK,-0.0007569516153757988,9.730753279988327e-08,3.892301311995331e-10,-0.000756952004311251,1.0
2022-09-02,2022-09-06,2022-09-07,OK,0.0020042863120260544,4.600272031111428e-06,1.8401088124445712e-08,0.002004267874056831,1.0
2022-09-06,2022-09-07,2022-09-08,OK,0.012750561312301683,2.2948565136540186e-06,9.179426054616075e-09,0.012750552015832861,1.0000000000000002
2022-09-07,2022-09-08,2022-09-09,OK,0.023128341250625985,2.0377928697731963e-06,8.151171479092785e-09,0.023128332910931526,1.0
2022-09-08,2022-09-09,2022-09-12,OK,0.00030186396829673634,1.0050160393099492e-06,4.020064157239797e-09,0.0003018599470190342,1.0
2022-09-09,2022-09-12,2022-09-13,OK,-0.028671346786250735,2.7049885981390537e-07,1.0819954392556216e-09,-0.028671347837223915,0.9999999999999998
2022-09-12,2022-09-13,2022-09-14,OK,-0.017320893753687942,0.00036627586106404163,1.4651034442561664e-06,-0.017322333480231045,1.0
2022-09-13,2022-09-14,2022-09-15,OK,-0.01709547035179861,0.007420356319703599,2.9681425278814398e-05,-0.01712464435915151,1.0
2022-09-14,2022-09-15,2022-09-16,OK,-0.01048524334148832,0.060654579924870146,0.0002426183196994806,-0.01072531774906671,1.0
2022-09-15,2022-09-16,2022-09-19,OK,0.010040991899338608,0.04069139731876145,0.00016276558927504582,0.009876591982100225,0.9999999999999997
2022-09-16,2022-09-19,2022-09-20,OK,-0.0049334077450898595,0.018306151007900225,7.32246040316009e-05,-0.005006271102292792,1.0
2022-09-19,2022-09-20,2022-09-21,OK,-0.020976256093793798,0.0005311893125216197,2.124757250086479e-06,-0.020978336281591625,1.0000000000000002
2022-09-20,2022-09-21,2022-09-22,OK,-0.012973548148777594,2.5123164336664873e-06,1.004926573466595e-08,-0.012973558067668756,1.0
2022-09-21,2022-09-22,2022-09-23,OK,-0.04112773957402031,0.014808706550560968,5.923482620224387e-05,-0.04118453820571677,1.0
2022-09-22,2022-09-23,2022-09-26,OK,-0.01644616029378879,0.0013361147048764248,5.344458819505699e-06,-0.016451416856781864,0.9999999999999999
2022-09-23,2022-09-26,2022-09-27,OK,0.015917241115540763,1.501753159634183e-06,6.007012638536732e-09,0.01591723501291309,1.0
2022-09-26,2022-09-27,2022-09-28,OK,0.04108364122336691,1.2829968859984754e-07,5.131987543993901e-10,0.04108364068908399,1.0
2022-09-27,2022-09-28,2022-09-29,OK,-0.012104383911518395,4.925977107477622e-07,1.9703908429910486e-09,-0.012104385858058841,1.0
2022-09-28,2022-09-29,2022-09-30,OK,-0.005805790752039349,2.9209039475729647e-06,1.168361579029186e-08,-0.005805802367822466,1.0000000000000002
2022-09-29,2022-09-30,2022-10-03,OK,0.040685443742084174,7.71603371606243e-08,3.086413486424972e-10,0.04068544342088565,1.0
2022-09-30,2022-10-03,2022-10-04,OK,0.03849314349004289,0.005060807746351342,2.024323098540537e-05,0.038472121033462425,1.0
2022-10-03,2022-10-04,2022-10-05,OK,0.002130020583523169,0.022599070733732515,9.039628293493006e-05,0.002039431754644827,1.0
2022-10-04,2022-10-05,2022-10-06,OK,0.00383794258288407,0.014412463895657833,5.764985558263133e-05,0.0037800714704656624,1.0
2022-10-05,2022-10-06,2022-10-07,OK,-0.014086520164223558,4.805511441077532e-07,1.922204576431013e-09,-0.014086522059350903,1.0
2022-10-06,2022-10-07,2022-10-10,OK,-0.005919752282681478,2.8791830489190827e-07,1.151673219567633e-09,-0.005919753427537033,1.0
2022-10-07,2022-10-10,2022-10-11,OK,-0.006488751773174402,3.727178628765669e-07,1.4908714515062677e-09,-0.006488753254371926,0.9999999999999998
2022-10-10,2022-10-11,2022-10-12,OK,0.009934750701866396,8.547262823189204e-08,3.4189051292756816e-10,0.009934750356579203,1.0
2022-10-11,2022-10-12,2022-10-13,OK,0.035163393143173086,5.531985913473361e-08,2.2127943653893445e-10,0.035163392914112857,1.0
2022-10-12,2022-10-13,2022-10-14,OK,-0.035640646592718025,5.1425689680867526e-08,2.057027587234701e-10,-0.03564064679108947,1.0
2022-10-13,2022-10-14,2022-10-17,OK,0.01513742439186687,8.812565207459364e-08,3.5250260829837457e-10,0.01513742403402829,1.0
2022-10-14,2022-10-17,2022-10-18,OK,0.013417733554689202,6.27909762978702e-08,2.511639051914808e-10,0.013417733300155277,0.9999999999999999
2022-10-17,2022-10-18,2022-10-19,OK,0.002821373016824973,0.047013405316005986,0.00018805362126402396,0.002632788826148147,1.0
2022-10-18,2022-10-19,2022-10-20,OK,0.014469045336817015,1.1678460570515932e-07,4.671384228206373e-10,0.014469044862919445,1.0
2022-10-19,2022-10-20,2022-10-21,OK,0.035668644099203485,0.016057282356942763,6.422912942777106e-05,0.03560212400381757,0.9999999999999999
2022-10-20,2022-10-21,2022-10-24,OK,0.0024104715449868664,0.0011110240485672752,4.4440961942691006e-06,0.002406016736425265,1.0
2022-10-21,2022-10-24,2022-10-25,OK,0.007474082715772275,1.0908900464270758e-07,4.363560185708303e-10,0.007474082276154759,1.0
2022-10-24,2022-10-25,2022-10-26,OK,-0.0021830011618443764,0.0010869744606963828,4.3478978427855315e-06,-0.002187339568221036,1.0000000000000002
2022-10-25,2022-10-26,2022-10-27,OK,0.0009304259161881787,0.0009060065816840733,3.6240263267362935e-06,0.0009267985179735039,1.0
2022-10-26,2022-10-27,2022-10-28,OK,0.0013326462057037425,1.7285749175037442e-07,6.914299670014977e-10,0.0013326455133524373,1.0
2022-10-27,2022-10-28,2022-10-31,OK,-0.003571081353665758,0.006124989917775533,2.449995967110213e-05,-0.003595493821987761,1.0
2022-10-28,2022-10-31,2022-11-01,OK,0.020616176440634952,7.212713729707101e-08,2.8850854918828407e-10,0.0206161761461785,1.0
2022-10-31,2022-11-01,2022-11-02,OK,-0.03683830693692685,4.128260007305968e-08,1.6513040029223872e-10,-0.03683830709597402,1.0
2022-11-01,2022-11-02,2022-11-03,OK,0.009269242396247638,5.150161854065857e-06,2.0600647416263427e-08,0.009269221604647937,0.9999999999999999
2022-11-02,2022-11-03,2022-11-04,OK,0.009087691949826884,1.372447732717477e-07,5.489790930869909e-10,0.009087691395858855,0.9999999999999999
2022-11-03,2022-11-04,2022-11-07,OK,0.010195815994761439,5.292582623375152e-08,2.1170330493500608e-10,0.010195815780899675,1.0
2022-11-04,2022-11-07,2022-11-08,OK,0.0007888560008980411,0.1937446849672928,0.0007749787398691712,1.3265914399207546e-05,1.0
2022-11-07,2022-11-08,2022-11-09,OK,-0.033768099216964595,2.3400824920383548e-08,9.36032996815342e-11,-0.033768099307407096,0.9999999999999999
2022-11-08,2022-11-09,2022-11-10,OK,0.03286489654468788,2.7060277048643333e-08,1.0824110819457334e-10,0.03286489643288948,0.9999999999999999
2022-11-09,2022-11-10,2022-11-11,OK,0.017822911009306774,0.012311192252153713,4.9244769008614855e-05,0.017772788555162622,1.0
2022-11-10,2022-11-11,2022-11-14,OK,0.007266973751434452,0.016975433057697074,6.79017322307883e-05,0.007198578579097781,1.0
2022-11-11,2022-11-14,2022-11-15,OK,0.004030356780034262,0.038204479128862365,0.00015281791651544947,0.0038769229527928495,1.0
2022-11-14,2022-11-15,2022-11-16,OK,-0.013960928440127933,0.01433575097721555,5.7343003908862196e-05,-0.014017470882462746,1.0
2022-11-15,2022-11-16,2022-11-17,OK,0.006446136004380016,2.1641969389667366e-08,8.656787755866946e-11,0.00644613591725407,1.0
2022-11-16,2022-11-17,2022-11-18,OK,-0.0023532062133160107,0.010714745744433596,4.285898297773438e-05,-0.0023959643402686748,1.0
2022-11-17,2022-11-18,2022-11-21,OK,0.0032210867735227634,0.016863941379370175,6.74557655174807e-05,0.0031534137271311824,1.0
2022-11-18,2022-11-21,2022-11-22,OK,0.031996924413598936,0.029914100286329157,0.00011965640114531664,0.031873439375630586,1.0
2022-11-21,2022-11-22,2022-11-23,OK,-0.013102514555149205,5.140308237317862e-08,2.056123294927145e-10,-0.013102514758067452,1.0
2022-11-22,2022-11-23,2022-11-25,OK,-0.0017606358002607973,0.040953777402372736,0.00016381510960949096,-0.0019241624911237043,1.0
2022-11-23,2022-11-25,2022-11-28,OK,-0.01822603138720194,0.006926442881852085,2.770577152740834e-05,-0.018253232192467883,1.0
2022-11-25,2022-11-28,2022-11-29,OK,0.005245901107397928,0.006926657525189535,2.7706630100758142e-05,0.005218049131055613,1.0
2022-11-28,2022-11-29,2022-11-30,OK,0.0068243229920279674,0.07214427865138581,0.00028857711460554325,0.006533776533984348,1.0
2022-11-29,2022-11-30,2022-12-01,OK,-0.00021244818077873113,0.05177508578184882,0.00020710034312739528,-0.0004195045258149621,0.9999999999999999
2022-11-30,2022-12-01,2022-12-02,OK,0.005401362322061961,0.07742892666824584,0.0003097157066729834,0.005089973728640285,1.0
2022-12-01,2022-12-02,2022-12-05,OK,-0.027234736361663483,0.01664723573275023,6.658894293100092e-05,-0.027299511772289176,1.0
2022-12-02,2022-12-05,2022-12-06,OK,-0.009849047786428488,0.11068309149031828,0.00044273236596127316,-0.01028741966016078,1.0
2022-12-05,2022-12-06,2022-12-07,OK,-0.0014194082123420307,0.019412189924219933,7.764875969687973e-05,-0.0014969467567516048,0.9999999999999997
2022-12-06,2022-12-07,2022-12-08,OK,0.006382736868931125,0.021208784560145074,8.48351382405803e-05,0.006297360250326012,1.0
2022-12-07,2022-12-08,2022-12-09,OK,-0.01728208646731474,0.0007983633675425459,3.1934534701701837e-06,-0.01728522473124594,1.0
2022-12-08,2022-12-09,2022-12-12,OK,0.01991734153537259,0.006217560091486354,2.4870240365945417e-05,0.01989197594593528,0.9999999999999999
2022-12-09,2022-12-12,2022-12-13,OK,0.004996253664700151,0.004556764334325719,1.8227057337302875e-05,0.004977935540360745,1.0
2022-12-12,2022-12-13,2022-12-14,OK,-0.007862091079882743,0.0015484341577009875,6.19373663080395e-06,-0.007868236120792016,1.0
2022-12-13,2022-12-14,2022-12-15,OK,-0.03672718372204665,0.024462811950426277,9.785124780170511e-05,-0.03682144116909292,1.0000000000000002
2022-12-14,2022-12-15,2022-12-16,OK,-0.006845956162153991,2.158274332925169e-05,8.633097331700677e-08,-0.006846041902109357,1.0000000000000002
2022-12-15,2022-12-16,2022-12-19,OK,0.0002614726865198546,0.0076025584801033925,3.0410233920413572e-05,0.00023105450115390447,1.0000000000000002
2022-12-16,2022-12-19,2022-12-20,OK,0.014298370165689618,1.3724276854932486e-05,5.489710741972995e-08,0.014298314483643049,1.0
2022-12-19,2022-12-20,2022-12-21,OK,0.01597428530644244,8.426456060136667e-08,3.370582424054667e-10,0.015974284963999885,1.0
2022-12-20,2022-12-21,2022-12-22,OK,-0.021311748572518698,2.9501733949088274e-08,1.180069357963531e-10,-0.021311748688010668,1.0
2022-12-21,2022-12-22,2022-12-23,OK,0.011641545602825772,0.00996949609179799,3.9877984367191964e-05,0.011601203377085145,1.0
2022-12-22,2022-12-23,2022-12-27,OK,0.0006503665579354187,0.008798372951069394,3.519349180427757e-05,0.0006151501774609436,1.0
2022-12-23,2022-12-27,2022-12-28,OK,-0.017839795949221835,1.0218290043173327e-06,4.087316017269331e-09,-0.01783979996362095,1.0
2022-12-27,2022-12-28,2022-12-29,OK,0.008349778883857002,0.04200173174528477,0.0001680069269811391,0.008180369136184584,1.0
2022-12-28,2022-12-29,2022-12-30,OK,-0.0027822996752735704,5.8995415337221104e-08,2.359816613488844e-10,-0.00278229991059864,1.0
2022-12-29,2022-12-30,2023-01-03,OK,-0.022578944644387044,0.014282379586195628,5.7129518344782517e-05,-0.022634784238499517,1.0
2022-12-30,2023-01-03,2023-01-04,OK,0.01315485285158054,3.5415461043397604e-06,1.4166184417359042e-08,0.013154838499042087,0.9999999999999998
2023-01-03,2023-01-04,2023-01-05,OK,0.011936340543095319,5.541122592307407e-07,2.216449036922963e-09,0.011936338300189808,1.0000000000000002
2023-01-04,2023-01-05,2023-01-06,OK,0.029458965980539268,0.013018092856818975,5.2072371427275904e-05,0.029405359610893633,1.0
2023-01-05,2023-01-06,2023-01-09,OK,-0.012286965009087169,5.985745025832435e-08,2.394298010332974e-10,-0.012286965245575154,1.0
2023-01-06,2023-01-09,2023-01-10,OK,0.02394317784009682,0.009791581126623478,3.916632450649391e-05,0.023903073749317327,1.0
2023-01-09,2023-01-10,2023-01-11,OK,0.010487978664258315,0.009788633542889953,3.9154534171559814e-05,0.010448413478167717,1.0
2023-01-10,2023-01-11,2023-01-12,OK,0.01010550145999705,3.729030549607838e-08,1.4916122198431353e-10,0.010105501309328524,1.0
2023-01-11,2023-01-12,2023-01-13,OK,0.007002935715796759,2.2471053314009941e-07,8.988421325603976e-10,0.007002934810660166,1.0
2023-01-12,2023-01-13,2023-01-17,OK,-0.0052132860696873515,0.07785836461516728,0.0003114334584606691,-0.0055230959364374055,1.0
2023-01-13,2023-01-17,2023-01-18,OK,-0.009253777734793913,7.313412613031879e-08,2.9253650452127516e-10,-0.00925377802462346,1.0000000000000002
2023-01-17,2023-01-18,2023-01-19,OK,-0.0030871534534076686,0.0014220036346950854,5.688014538780341e-06,-0.0030928239081727815,0.9999999999999998
2023-01-18,2023-01-19,2023-01-20,OK,0.021364784405062186,0.010085772885798889,4.034309154319555e-05,0.02132357939206586,1.0
2023-01-19,2023-01-20,2023-01-23,OK,0.008378501211987965,0.014589401887120178,5.835760754848071e-05,0.00831965465515383,1.0
2023-01-20,2023-01-23,2023-01-24,OK,0.005994457210019363,3.227334396067253e-08,1.2909337584269013e-10,0.005994457080152227,0.9999999999999999
2023-01-23,2023-01-24,2023-01-25,OK,0.009438652139812898,0.006717080356329336,2.6868321425317346e-05,0.009411530217648068,1.0
2023-01-24,2023-01-25,2023-01-26,OK,0.04898260226612218,2.52070286772397e-08,1.0082811470895881e-10,0.048982602160355215,1.0
2023-01-25,2023-01-26,2023-01-27,OK,-0.02489069181159998,1.3405617016609909e-06,5.362246806643964e-09,-0.02489069704037672,0.9999999999999998
2023-01-26,2023-01-27,2023-01-30,OK,-0.0174627234754887,1.0668423361377036e-06,4.267369344550814e-09,-0.01746272766833812,1.0
2023-01-27,2023-01-30,2023-01-31,OK,-0.0049710453921272026,0.011981760843894209,4.7927043375576836e-05,-0.005018734187994589,1.0
2023-01-30,2023-01-31,2023-02-01,OK,0.0070193849520306375,0.019879814925429028,7.951925970171611e-05,0.006939307516033999,1.0
2023-01-31,2023-02-01,2023-02-02,OK,0.0008078912352690309,0.011019210485348898,4.407684194139559e-05,0.000763778784033331,1.0
2023-02-01,2023-02-02,2023-02-03,OK,-0.0017398294555500443,0.008548326108513556,3.419330443405422e-05,-0.0017739632694658836,1.0
2023-02-02,2023-02-03,2023-02-06,OK,-0.017275240182029056,0.014368020223249792,5.747208089299917e-05,-0.017331719418920866,0.9999999999999999
2023-02-03,2023-02-06,2023-02-07,OK,0.020884776682112534,0.0037572738084106867,1.5029095233642747e-05,0.02086943370758121,1.0
2023-02-06,2023-02-07,2023-02-08,OK,-0.004652522601070449,0.061351377138038544,0.0002454055085521542,-0.004896786354947613,1.0
2023-02-07,2023-02-08,2023-02-09,OK,-0.010851319393736987,0.01432956446188233,5.731825784752932e-05,-0.010908015672861482,1.0
2023-02-08,2023-02-09,2023-02-10,OK,0.01525455216940038,6.682654856259643e-08,2.6730619425038575e-10,0.0152545518980165,1.0
2023-02-09,2023-02-10,2023-02-13,OK,0.013592313331137909,9.192871130963954e-08,3.6771484523855815e-10,0.013592312958425001,1.0000000000000002
2023-02-10,2023-02-13,2023-02-14,OK,0.010405536224364725,3.316220047518041e-08,1.3264880190072162e-10,0.010405536090335676,1.0
2023-02-13,2023-02-14,2023-02-15,OK,-0.006151634435148587,5.0244134021603555e-08,2.0097653608641422e-10,-0.00615163463488877,1.0
2023-02-14,2023-02-15,2023-02-16,OK,-0.010102240041685568,0.006194005484002653,2.4776021936010613e-05,-0.010126765770300694,0.9999999999999998
2023-02-15,2023-02-16,2023-02-17,OK,-0.021393814558178074,0.004882423814596502,1.9529695258386008e-05,-0.021412926438757807,1.0
2023-02-16,2023-02-17,2023-02-21,OK,-0.015726820585593167,6.998866591415452e-08,2.799546636566181e-10,-0.015726820861144963,1.0000000000000002
2023-02-17,2023-02-21,2023-02-22,OK,-0.003547603111148492,9.907647348477181e-05,3.963058939390873e-07,-0.0035479980111065013,1.0
2023-02-21,2023-02-22,2023-02-23,OK,0.010056524880992774,6.07502698294526e-08,2.430010793178104e-10,0.010056524635547959,1.0
2023-02-22,2023-02-23,2023-02-24,OK,-0.0033504427771213637,4.505353627814145e-07,1.802141451125658e-09,-0.0033504445732248644,1.0
2023-02-23,2023-02-24,2023-02-27,OK,0.012450067507973247,0.030823492021205753,0.000123293968084823,0.01232523852166234,1.0
2023-02-24,2023-02-27,2023-02-28,OK,0.003504929672941926,0.0071586859299486065,2.8634743719794426e-05,0.003476194566459201,1.0
2023-02-27,2023-02-28,2023-03-01,OK,0.023164140079859147,3.988591803786805e-06,1.595436721514722e-08,0.023164123755922805,0.9999999999999998
2023-02-28,2023-03-01,2023-03-02,OK,0.010236581305092616,0.005325125945562099,2.1300503782248397e-05,0.010215062756971705,1.0
2023-03-01,2023-03-02,2023-03-03,OK,0.016212552869186426,0.0026062036826775773,1.042481473071031e-05,0.016201959041595604,1.0
2023-03-02,2023-03-03,2023-03-06,OK,-0.015986740618925153,0.033793637846036784,0.00013517455138414714,-0.016119754169818035,0.9999999999999999
2023-03-03,2023-03-06,2023-03-07,OK,-0.01531379836946016,0.0026908409354717065,1.0763363741886826e-05,-0.015324396905219806,1.0
2023-03-06,2023-03-07,2023-03-08,OK,0.0012765184402303983,4.828843723055918e-05,1.9315374892223674e-07,0.0012763250399172588,0.9999999999999999
2023-03-07,2023-03-08,2023-03-09,OK,-0.016513374570889926,1.367992007421751e-07,5.471968029687004e-10,-0.01651337510905071,1.0
2023-03-08,2023-03-09,2023-03-10,OK,-0.02611861091222005,0.01116671320370579,4.4666852814823164e-05,-0.026162111128885446,1.0
2023-03-09,2023-03-10,2023-03-13,OK,-0.030691890814188615,0.005424390788743449,2.1697563154973798e-05,-0.030712922438104306,0.9999999999999999
2023-03-10,2023-03-13,2023-03-14,OK,0.01713856383296995,0.011947606306800623,4.779042522720249e-05,0.017089954348489478,1.0000000000000002
2023-03-13,2023-03-14,2023-03-15,OK,-0.055491318639084804,0.008589556365448827,3.435822546179531e-05,-0.055523770281309726,1.0
2023-03-14,2023-03-15,2023-03-16,OK,0.027664571802866224,1.4954699697074205e-05,5.981879878829682e-08,0.027664510329206138,1.0
2023-03-15,2023-03-16,2023-03-17,OK,-0.012497987691972171,0.1375145053254953,0.0005500580213019812,-0.01304117109489411,1.0
2023-03-16,2023-03-17,2023-03-20,OK,0.01644329994006949,1.6210395256830894e-06,6.484158102732358e-09,0.0164432933492904,1.0
2023-03-17,2023-03-20,2023-03-21,OK,0.012030025560397839,0.015265534242168043,6.106213696867217e-05,0.011968228844360551,1.0
2023-03-20,2023-03-21,2023-03-22,OK,-0.014547783926650218,0.019351267125275656,7.740506850110263e-05,-0.01462406292293994,0.9999999999999999
2023-03-21,2023-03-22,2023-03-23,OK,0.004184292327495222,0.00023319367333806825,9.32774693352273e-07,0.00418335564979988,1.0
2023-03-22,2023-03-23,2023-03-24,OK,-0.006982772828875641,0.011569229290118195,4.627691716047278e-05,-0.007028726604836333,1.0
2023-03-23,2023-03-24,2023-03-27,OK,0.012277058269061952,0.0017290724924961549,6.9162899699846196e-06,0.012270057067397033,0.9999999999999998
2023-03-24,2023-03-27,2023-03-28,OK,0.007289405339743799,0.005927592477016392,2.371036990806557e-05,0.00726552213533882,0.9999999999999997
2023-03-27,2023-03-28,2023-03-29,OK,0.018436478763640764,0.0024913663653723453,9.965465461489381e-06,0.018426329570087052,0.9999999999999999
2023-03-28,2023-03-29,2023-03-30,OK,0.007072198329437794,0.0029129524425727843,1.1651809770291138e-05,0.007060464115757892,1.0
2023-03-29,2023-03-30,2023-03-31,OK,0.0122832100194105,0.002912876222426757,1.1651504889707029e-05,0.01227141539663923,1.0
2023-03-30,2023-03-31,2023-04-03,OK,0.0038768597531245548,1.304045377163217e-07,5.216181508652868e-10,0.0038768592294839976,1.0
2023-03-31,2023-04-03,2023-04-04,OK,-0.03926440238624544,0.022823334380871134,9.129333752348454e-05,-0.039352111145429136,1.0
2023-04-03,2023-04-04,2023-04-05,OK,0.013470582735347948,8.256796542599617e-08,3.3027186170398467e-10,0.013470582400627151,1.0
2023-04-04,2023-04-05,2023-04-06,OK,-0.011878617920681208,0.008522629094367958,3.4090516377471836e-05,-0.011912303488839981,1.0
2023-04-05,2023-04-06,2023-04-10,OK,0.018753307889776805,0.0021504947059348273,8.601978823739309e-06,0.018744544595395762,1.0
2023-04-06,2023-04-10,2023-04-11,OK,0.004019594695888058,9.69238304690946e-08,3.8769532187637837e-10,0.004019594306634344,1.0
2023-04-10,2023-04-11,2023-04-12,OK,-0.012328569223721601,9.255985684698844e-08,3.7023942738795377e-10,-0.012328569589396432,0.9999999999999999
2023-04-11,2023-04-12,2023-04-13,OK,0.002947769578997849,5.334137347308458e-07,2.133654938923383e-09,0.0029477674390534503,1.0
2023-04-12,2023-04-13,2023-04-14,OK,-0.0005715066369077965,0.002151106799220538,8.604427196882152e-06,-0.0005801061466174096,0.9999999999999999
2023-04-13,2023-04-14,2023-04-17,OK,-0.0008828872366209903,1.2306510559231392e-07,4.922604223692557e-10,-0.0008828877284468017,1.0
2023-04-14,2023-04-17,2023-04-18,OK,0.005878584320024418,2.291807282200998e-06,9.167229128803993e-09,0.005878575098904992,1.0000000000000002
2023-04-17,2023-04-18,2023-04-19,OK,-0.010499106273788437,5.0666270876271954e-08,2.0266508350508782e-10,-0.010499106474325726,1.0
2023-04-18,2023-04-19,2023-04-20,OK,-0.0009633891008717309,1.2021992218141197e-06,4.808796887256479e-09,-0.0009633939050358586,1.0
2023-04-19,2023-04-20,2023-04-21,OK,-0.0068824877023121785,0.00611377816221912,2.4455112648876483e-05,-0.006906774502948965,1.0
2023-04-20,2023-04-21,2023-04-24,OK,0.0035636833231247247,0.03947270721993487,0.0001578908288797395,0.0034052298213311794,1.0
2023-04-21,2023-04-24,2023-04-25,OK,-0.029987647174013057,0.014123301219181018,5.6493204876724075e-05,-0.03004244628059427,1.0
2023-04-24,2023-04-25,2023-04-26,OK,-0.0009052023305576527,4.418115392703553e-06,1.7672461570814212e-08,-0.0009052199870220878,1.0000000000000002
2023-04-25,2023-04-26,2023-04-27,OK,0.015172018416139358,0.02594583408580569,0.00010378333634322276,0.01506666047710592,1.0
2023-04-26,2023-04-27,2023-04-28,OK,0.014863785788161272,0.05481319514697799,0.00021925278058791196,0.014641274081209188,0.9999999999999999
2023-04-27,2023-04-28,2023-05-01,OK,0.006329285113642003,3.025722856083846e-07,1.2102891424335385e-09,0.006329283895692761,1.0
2023-04-28,2023-05-01,2023-05-02,OK,-0.023697107022674368,0.1000343214240711,0.0004001372856962844,-0.02408776221228781,1.0000000000000002
2023-05-01,2023-05-02,2023-05-03,OK,-0.010632832096346011,2.9689057410022392e-08,1.1875622964008957e-10,-0.010632832213839483,1.0
2023-05-02,2023-05-03,2023-05-04,OK,-0.005381065720764091,0.05140291388607818,0.0002056116555443127,-0.005585570966477049,1.0000000000000004
2023-05-03,2023-05-04,2023-05-05,OK,0.0246656161666564,4.765452674763026e-08,1.9061810699052106e-10,0.02466561597133654,1.0
2023-05-04,2023-05-05,2023-05-08,OK,0.008280412359443006,1.8761847505955336e-07,7.504739002382134e-10,0.008280411602755056,1.0
2023-05-05,2023-05-08,2023-05-09,OK,-0.007160217595205697,1.1589686987556869e-07,4.6358747950227477e-10,-0.007160218055473844,1.0
2023-05-08,2023-05-09,2023-05-10,OK,0.007577145896240115,6.051314522779896e-07,2.4205258091119586e-09,0.007577143457373703,1.0
2023-05-09,2023-05-10,2023-05-11,OK,-0.006710303832806129,1.5362605022456577e-07,6.145042008982631e-10,-0.006710304443186876,1.0
2023-05-10,2023-05-11,2023-05-12,OK,-0.004018077048747775,6.714848496445633e-08,2.685939398578253e-10,-0.0040180773162624694,1.0000000000000002
2023-05-11,2023-05-12,2023-05-15,OK,0.013685796929759396,1.2742354381188078e-05,5.096941752475231e-08,0.013685745262784765,1.0
2023-05-12,2023-05-15,2023-05-16,OK,-0.006152969867694267,1.2120092408140142e-07,4.848036963256057e-10,-0.006152970349515008,1.0
2023-05-15,2023-05-16,2023-05-17,OK,0.025048711435917352,0.007753929569451607,3.101571827780643e-05,0.025016918813862254,1.0000000000000002
2023-05-16,2023-05-17,2023-05-18,OK,0.019976627827992966,0.04855493415602361,0.00019421973662409446,0.01977852823597348,0.9999999999999998
2023-05-17,2023-05-18,2023-05-19,OK,-0.005098121399448175,0.005951088227866803,2.3804352911467212e-05,-0.005121804394878748,1.0
2023-05-18,2023-05-19,2023-05-22,OK,-0.0005074499311966992,9.314842955297829e-08,3.7259371821191317e-10,-0.0005074503036013311,0.9999999999999998
2023-05-19,2023-05-22,2023-05-23,OK,-0.011020157339609503,4.2251431062243436e-08,1.6900572424897375e-10,-0.01102015750675267,1.0
2023-05-22,2023-05-23,2023-05-24,OK,-0.005099903955594882,8.748855113817191e-08,3.4995420455268764e-10,-0.005099904303764391,1.0
2023-05-23,2023-05-24,2023-05-25,OK,0.034522922333410914,0.00011281775418884252,4.512710167553701e-07,0.03452245548319999,0.9999999999999999
2023-05-24,2023-05-25,2023-05-26,OK,0.020411602276793304,6.910663063055823e-08,2.764265225222329e-10,0.02041160199472447,1.0
2023-05-25,2023-05-26,2023-05-30,OK,-0.00042571837087051665,0.07028516201461953,0.0002811406480584781,-0.0007067393321903426,1.0
2023-05-26,2023-05-30,2023-05-31,OK,-0.016990107046919955,0.021643373560373838,8.657349424149536e-05,-0.01707520964822684,0.9999999999999998
2023-05-30,2023-05-31,2023-06-01,OK,0.014106259541893935,3.932517885411999e-06,1.5730071541647995e-08,0.014106243589929957,1.0
2023-05-31,2023-06-01,2023-06-02,OK,0.014784129134055527,2.1609575472319002e-07,8.643830188927601e-10,0.014784128256893458,1.0
2023-06-01,2023-06-02,2023-06-05,OK,-0.00010572058741191331,0.01382008524961883,5.528034099847532e-05,-0.00016099508414024744,0.9999999999999999
2023-06-02,2023-06-05,2023-06-06,OK,0.004329335043285972,9.366860279263419e-08,3.746744111705368e-10,0.004329334666989482,0.9999999999999999
2023-06-05,2023-06-06,2023-06-07,OK,0.007904776306940677,0.0026803880372240152,1.072155214889606e-05,0.007893970003320261,1.0
2023-06-06,2023-06-07,2023-06-08,OK,0.0023661868014447497,6.762225010991853e-08,2.704890004396741e-10,0.00236618653031595,1.0
2023-06-07,2023-06-08,2023-06-09,OK,0.0038481628857207355,5.2306695029454775e-08,2.092267801178191e-10,0.003848162675688771,0.9999999999999999
2023-06-08,2023-06-09,2023-06-12,OK,0.014474548972160281,0.0004638667421087281,1.8554669684349123e-06,0.014472666648144283,1.0
2023-06-09,2023-06-12,2023-06-13,OK,0.005194958824060547,1.2043798455178114e-07,4.817519382071246e-10,0.005194958339805877,1.0
2023-06-12,2023-06-13,2023-06-14,OK,0.007259358521542739,0.005097554807431145,2.039021922972458e-05,0.007238820282401415,1.0000000000000002
2023-06-13,2023-06-14,2023-06-15,OK,0.0022030956940837566,0.021964016018886742,8.785606407554697e-05,0.0021150460746917066,1.0
2023-06-14,2023-06-15,2023-06-16,OK,-0.006824566432194934,0.03903467273947174,0.00015613869095788696,-0.006979639544283822,1.0
2023-06-15,2023-06-16,2023-06-20,OK,-0.0001556463596213502,5.0607920355454756e-08,2.0243168142181902e-10,-0.00015564656202149418,1.0
2023-06-16,2023-06-20,2023-06-21,OK,0.0033805091947962207,0.013241694042543304,5.296677617017322e-05,0.0033273633639523403,1.0
2023-06-20,2023-06-21,2023-06-22,OK,-0.002270270647954224,1.6038073874165484e-07,6.415229549666193e-10,-0.00227027128802082,0.9999999999999999
2023-06-21,2023-06-22,2023-06-23,OK,-0.012194035630486485,1.0252286726493615e-07,4.100914690597446e-10,-0.012194036035577338,1.0
2023-06-22,2023-06-23,2023-06-26,OK,0.004608371015750271,8.342241983271727e-08,3.336896793308691e-10,0.0046083706805228886,1.0
2023-06-23,2023-06-26,2023-06-27,OK,0.022563759818938066,0.0186597244128121,7.46388976512484e-05,0.022487436787127058,1.0
2023-06-26,2023-06-27,2023-06-28,OK,0.0045866510027363005,4.5042885612948115e-08,1.8017154245179246e-10,0.0045866508217384805,1.0
2023-06-27,2023-06-28,2023-06-29,OK,0.005247877514529608,4.783814975757706e-08,1.9135259903030826e-10,0.005247877322172911,1.0
2023-06-28,2023-06-29,2023-06-30,OK,0.0036492377824828754,4.47011183592304e-07,1.7880447343692161e-09,0.003649235987913224,0.9999999999999998
2023-06-29,2023-06-30,2023-07-03,OK,0.002450076310033771,5.1620769023799e-08,2.06483076095196e-10,0.002450076103044818,1.0
2023-06-30,2023-07-03,2023-07-05,OK,-0.00846876854268685,7.482675504751799e-08,2.99307020190072e-10,-0.008468768839459129,1.0
2023-07-03,2023-07-05,2023-07-06,OK,-0.015059167152286513,8.575985798980507e-08,3.430394319592203e-10,-0.015059167490160119,1.0
2023-07-05,2023-07-06,2023-07-07,OK,0.008098090976023082,6.966026408140347e-08,2.786410563256139e-10,0.00809809069512557,1.0
2023-07-06,2023-07-07,2023-07-10,OK,0.010106386417441776,3.79917767554146e-08,1.5196710702165842e-10,0.010106386263938782,0.9999999999999998
2023-07-07,2023-07-10,2023-07-11,OK,-0.002902801213242213,5.50301219158584e-08,2.2012048766343358e-10,-0.0029028014327238116,1.0
2023-07-10,2023-07-11,2023-07-12,OK,0.005725565666840789,5.475139256647759e-08,2.1900557026591036e-10,0.0057255654465810935,1.0
2023-07-11,2023-07-12,2023-07-13,OK,0.005148693412802014,5.1659216724600736e-08,2.0663686689840294e-10,0.005148693205101251,1.0
2023-07-12,2023-07-13,2023-07-14,OK,-0.008525789608689275,4.080275666002561e-08,1.6321102664010243e-10,-0.008525789770508774,1.0
2023-07-13,2023-07-14,2023-07-17,OK,0.012948213289408126,6.352134198165292e-08,2.5408536792661167e-10,0.01294821303203264,1.0
2023-07-14,2023-07-17,2023-07-18,OK,0.005514534934051734,6.294505025586857e-08,2.517802010234743e-10,0.005514534680883143,0.9999999999999999
2023-07-17,2023-07-18,2023-07-19,OK,-0.002659144198679557,0.07461161033542262,0.00029844644134169047,-0.0029567970278980837,0.9999999999999998
2023-07-18,2023-07-19,2023-07-20,OK,-0.009534561372176805,5.223242541393665e-08,2.089297016557466e-10,-0.009534561579114365,1.0
2023-07-19,2023-07-20,2023-07-21,OK,0.012049050140109659,9.314324450965013e-08,3.725729780386005e-10,0.012049049763047437,1.0
2023-07-20,2023-07-21,2023-07-24,OK,0.01000911829527806,0.03062726848053445,0.0001225090739221378,0.009885383013542803,1.0
2023-07-21,2023-07-24,2023-07-25,OK,0.00868979367933561,7.353320094768717e-08,2.941328037907487e-10,0.00868979338264686,1.0
2023-07-24,2023-07-25,2023-07-26,OK,-0.005204700591969768,8.48928034752002e-08,3.395712139008008e-10,-0.0052047009297736535,1.0
2023-07-25,2023-07-26,2023-07-27,OK,-8.022759843904836e-05,3.136311885721186e-08,1.2545247542884745e-10,-8.022772388138755e-05,1.0
2023-07-26,2023-07-27,2023-07-28,OK,0.01839677091995444,5.164549016463279e-08,2.0658196065853117e-10,0.01839677070957202,0.9999999999999999
2023-07-27,2023-07-28,2023-07-31,OK,0.0116499980462968,0.1821446567077265,0.000728578626830906,0.01091293147988659,1.0
2023-07-28,2023-07-31,2023-08-01,OK,-0.0023261435534848575,2.5901870318688918e-08,1.0360748127475567e-10,-0.002326143656851243,1.0
2023-07-31,2023-08-01,2023-08-02,OK,-0.023409651640786837,0.0018515116160353617,7.406046464141447e-06,-0.023416884314283126,1.0000000000000002
2023-08-01,2023-08-02,2023-08-03,OK,0.0028333819516708895,0.014706055135171453,5.8824220540685816e-05,0.002774391059645387,1.0000000000000002
2023-08-02,2023-08-03,2023-08-04,OK,-0.008384077757454485,0.0192993240201407,7.71972960805628e-05,-0.008460627825402134,1.0
2023-08-03,2023-08-04,2023-08-07,OK,0.01606748396727196,2.8187745144311444e-08,1.1275098057724578e-10,0.016067483852709286,0.9999999999999998
2023-08-04,2023-08-07,2023-08-08,OK,-0.00577338531244039,0.005114572382482696,2.0458289529930785e-05,-0.005793725488382084,1.0
2023-08-07,2023-08-08,2023-08-09,OK,-0.008251207154772244,3.767547489486264e-08,1.5070189957945056e-10,-0.008251207304230679,1.0
2023-08-08,2023-08-09,2023-08-10,OK,0.0018029414869611708,3.392161352647504e-08,1.3568645410590017e-10,0.0018029413510300962,1.0
2023-08-09,2023-08-10,2023-08-11,OK,-0.011593856590230755,1.6287949050328175e-06,6.51517962013127e-09,-0.011593863029874307,1.0
2023-08-10,2023-08-11,2023-08-14,OK,0.009487774837512208,0.002829051271091579,1.1316205084366315e-05,0.009476351266821892,1.0
2023-08-11,2023-08-14,2023-08-15,OK,-0.012620084517345309,0.03336487568683647,0.0001334595027473459,-0.01275185974988835,0.9999999999999998
2023-08-14,2023-08-15,2023-08-16,OK,-0.005944838200516727,0.0322990733338785,0.000129196293335514,-0.006073266442792269,1.0
2023-08-15,2023-08-16,2023-08-17,OK,-0.002406568015179819,0.055394733273104124,0.0002215789330924165,-0.0026276137034989544,1.0
2023-08-16,2023-08-17,2023-08-18,OK,0.005742057748387748,0.07576419202526845,0.0003030567681010738,0.005437260810823297,1.0
2023-08-17,2023-08-18,2023-08-21,OK,0.006242143584891738,0.029712348314308575,0.0001188493932572343,0.006122552316656815,1.0
2023-08-18,2023-08-21,2023-08-22,OK,-0.00512903159910776,0.014893307804877406,5.9573231219509624e-05,-0.005188299277341879,1.0000000000000002
2023-08-21,2023-08-22,2023-08-23,OK,0.018122009733465574,0.014446829469902753,5.7787317879611015e-05,0.018063175193248737,1.0
2023-08-22,2023-08-23,2023-08-24,OK,-0.011709063341309126,0.020099090010750158,8.039636004300063e-05,-0.01178851833527994,1.0
2023-08-23,2023-08-24,2023-08-25,OK,0.0031484618194242493,0.008633758716353468,3.4535034865413874e-05,0.0031138180523200276,1.0
2023-08-24,2023-08-25,2023-08-28,OK,0.0008509607820780295,5.5357223930772966e-08,2.2142889572309187e-10,0.0008509605604607451,1.0
2023-08-25,2023-08-28,2023-08-29,OK,0.011551843327899547,2.2395118989507835e-06,8.958047595803134e-09,0.011551834266370076,1.0
2023-08-28,2023-08-29,2023-08-30,OK,0.0005799200198582336,0.020931466600009545,8.372586640003818e-05,0.0004961455991521202,1.0
2023-08-29,2023-08-30,2023-08-31,OK,0.0012057330186692103,0.010217398243315348,4.086959297326139e-05,0.0011648141478783902,1.0
2023-08-30,2023-08-31,2023-09-01,OK,0.007566253278346564,0.026934274980554587,0.00010773709992221834,0.007457701012238749,1.0000000000000002
2023-08-31,2023-09-01,2023-09-05,OK,0.006343858089869293,0.036228790503688754,0.000144915162014755,0.006198023606631686,1.0000000000000002
2023-09-01,2023-09-05,2023-09-06,OK,0.0014961635426276915,2.6004792461776393e-07,1.0401916984710557e-09,0.0014961625008795831,0.9999999999999999
2023-09-05,2023-09-06,2023-09-07,OK,-0.00576639499175406,7.796957696389497e-08,3.118783078555799e-10,-0.005766395301833871,0.9999999999999999
2023-09-06,2023-09-07,2023-09-08,OK,0.012383960644293954,7.73144198082052e-08,3.092576792328208e-10,0.012383960331206367,1.0
2023-09-07,2023-09-08,2023-09-11,OK,-0.0013638128772129644,0.004729052172570712,1.8916208690282848e-05,-0.001382703287734266,1.0
2023-09-08,2023-09-11,2023-09-12,OK,0.0037218448233916563,6.146209719136784e-08,2.458483887654714e-10,0.003721844576628275,1.0
2023-09-11,2023-09-12,2023-09-13,OK,-0.0035777805072606736,5.1064243856447e-08,2.04256975425788e-10,-0.0035777807107868487,1.0000000000000002
2023-09-12,2023-09-13,2023-09-14,OK,0.013002281261577922,2.1254045939728502e-07,8.501618375891401e-10,0.01300228040036222,0.9999999999999999
2023-09-13,2023-09-14,2023-09-15,OK,-0.02071150634589518,0.0015223368735617982,6.089347494247193e-06,-0.02071746957383014,1.0
2023-09-14,2023-09-15,2023-09-18,OK,0.005885050193314789,1.3843550121318297e-07,5.537420048527319e-10,0.005885049636313866,1.0
2023-09-15,2023-09-18,2023-09-19,OK,-0.00844623486475502,0.10569974198455229,0.00042279896793820913,-0.008865462773309463,1.0
2023-09-18,2023-09-19,2023-09-20,OK,-0.005456237776391922,0.020777169558385912,8.310867823354365e-05,-0.005538892993915745,0.9999999999999998
2023-09-19,2023-09-20,2023-09-21,OK,-0.012203846885263337,0.031111470809689304,0.00012444588323875722,-0.012326774049997602,0.9999999999999999
2023-09-20,2023-09-21,2023-09-22,OK,-0.003070042388776113,7.237290782228167e-08,2.894916312891267e-10,-0.0030700426773789813,1.0
2023-09-21,2023-09-22,2023-09-25,OK,0.004105844773468139,0.030529235916113975,0.0001221169436644559,0.0039832264365886605,1.0
2023-09-22,2023-09-25,2023-09-26,OK,-0.014781998293231983,2.1338460225370322e-07,8.535384090148129e-10,-0.014781999134153456,1.0
2023-09-25,2023-09-26,2023-09-27,OK,0.011393124799277704,0.025006906270213795,0.00010002762508085518,0.01129195754698098,1.0
2023-09-26,2023-09-27,2023-09-28,OK,0.012129325252751587,8.203614475674457e-08,3.281445790269783e-10,0.012129324920626905,1.0
2023-09-27,2023-09-28,2023-09-29,OK,-0.01190078307226576,0.0039039892422593585,1.5615956969037436e-05,-0.01191621318711844,1.0
2023-09-28,2023-09-29,2023-10-02,OK,-0.008381723651865586,0.007249272210241317,2.899708884096527e-05,-0.008410477695121266,1.0
2023-09-29,2023-10-02,2023-10-03,OK,-0.024304176022408194,0.01881692264257693,7.526769057030772e-05,-0.024377614393778058,1.0
2023-10-02,2023-10-03,2023-10-04,OK,-0.016715158188934254,0.004139434066660079,1.6557736266640318e-05,-0.016731439160019845,1.0
2023-10-03,2023-10-04,2023-10-05,OK,-0.003136404139187404,2.474307147123439e-07,9.897228588493755e-10,-0.003136405125806041,1.0
2023-10-04,2023-10-05,2023-10-06,OK,0.0105172372326231,0.025289449281547104,0.00010115779712618841,0.010415015534946503,1.0
2023-10-05,2023-10-06,2023-10-09,OK,0.015399895117933257,0.013112358764553321,5.244943505821328e-05,0.015346637967076138,1.0
2023-10-06,2023-10-09,2023-10-10,OK,0.0122567371579361,0.005416098914053065,2.1664395656212262e-05,0.012234807227476718,1.0000000000000002
2023-10-09,2023-10-10,2023-10-11,OK,-0.00032931676821786797,7.689990870886686e-08,3.0759963483546745e-10,-0.00032931707571626223,1.0
2023-10-10,2023-10-11,2023-10-12,OK,-0.00031497823433502474,6.931866142995488e-08,2.772746457198195e-10,-0.0003149785115222903,1.0
2023-10-11,2023-10-12,2023-10-13,OK,-0.001247454207956781,0.016982703690103487,6.793081476041394e-05,-0.0013153002821364446,1.0
2023-10-12,2023-10-13,2023-10-16,OK,0.014781827427527648,0.013761747181362192,5.504698872544877e-05,0.014725966743714292,1.0
2023-10-13,2023-10-16,2023-10-17,OK,0.006141487296846076,0.004836723899489757,1.934689559795903e-05,0.006122021582534609,1.0
2023-10-16,2023-10-17,2023-10-18,OK,0.005240329417749312,1.7883737613236392e-07,7.153495045294557e-10,0.005240328698651098,1.0
2023-10-17,2023-10-18,2023-10-19,OK,-0.010199141931029705,1.4935412850213084e-07,5.974165140085233e-10,-0.0101991425223531,1.0
2023-10-18,2023-10-19,2023-10-20,OK,-0.012969181058036877,0.11685575546929557,0.00046742302187718226,-0.01343054198611271,0.9999999999999999
2023-10-19,2023-10-20,2023-10-23,OK,-0.01286214757871972,0.012776559315228146,5.1106237260912585e-05,-0.012912596480014749,1.0
2023-10-20,2023-10-23,2023-10-24,OK,0.0025221786425962847,0.02945410111582089,0.00011781640446328357,0.0024040650841137268,1.0
2023-10-23,2023-10-24,2023-10-25,OK,-0.009769995672761421,0.01863087700222094,7.452350800888376e-05,-0.009843791086419418,1.0
2023-10-24,2023-10-25,2023-10-26,OK,-0.007641051868350844,0.005678817367507929,2.2715269470031716e-05,-0.007663593569268712,1.0
2023-10-25,2023-10-26,2023-10-27,OK,-0.0053989484730869,0.005883437459316203,2.3533749837264813e-05,-0.005422355165421333,1.0000000000000002
2023-10-26,2023-10-27,2023-10-30,OK,0.00510966017978755,0.029641703592229236,0.00011856681436891695,0.004990487529288545,1.0
2023-10-27,2023-10-30,2023-10-31,OK,0.010340567263887988,0.06913225397141648,0.0002765290158856659,0.0100611787811129,0.9999999999999998
2023-10-30,2023-10-31,2023-11-01,OK,0.016277938003028597,1.3881687632675828e-07,5.552675053070331e-10,0.016277937438722523,1.0
2023-10-31,2023-11-01,2023-11-02,OK,0.015074259643220768,3.426187246871669e-08,1.3704748987486677e-10,0.015074259504107346,1.0000000000000002
2023-11-01,2023-11-02,2023-11-03,OK,-0.005592446745217279,0.049195450504595506,0.00019678180201838203,-0.0057881280554875625,1.0
2023-11-02,2023-11-03,2023-11-06,OK,-0.001517638322582121,0.019752350797494822,7.900940318997929e-05,-0.0015965278180739562,1.0
2023-11-03,2023-11-06,2023-11-07,OK,-0.010638782300534512,4.277006006577683e-08,1.7108024026310734e-10,-0.010638782469794661,1.0
2023-11-06,2023-11-07,2023-11-08,OK,-0.008907894702088503,4.252494446233562e-08,1.7009977784934247e-10,-0.008907894870673116,1.0
2023-11-07,2023-11-08,2023-11-09,OK,-0.002709658977145628,0.05030233617971712,0.00020120934471886849,-0.0029103231131573093,1.0
2023-11-08,2023-11-09,2023-11-10,OK,0.023140582765923273,0.018679969190012947,7.47198767600518e-05,0.02306413382767092,0.9999999999999999
2023-11-09,2023-11-10,2023-11-13,OK,0.005783081341651421,0.006969128634085498,2.7876514536341992e-05,0.005755043614964039,0.9999999999999998
2023-11-10,2023-11-13,2023-11-14,OK,0.01824277911607139,3.680129275893251e-08,1.4720517103573003e-10,0.01824277896618076,1.0
2023-11-13,2023-11-14,2023-11-15,OK,0.0004948453880421575,3.5490712380238196e-08,1.419628495209528e-10,0.000494845246009179,0.9999999999999999
2023-11-14,2023-11-15,2023-11-16,OK,-0.018130776191374914,0.017656732269429223,7.06269290777169e-05,-0.018200122599408397,1.0
2023-11-15,2023-11-16,2023-11-17,OK,0.01687938153826416,0.025660558675032273,0.0001026422347001291,0.016775006766122535,1.0
2023-11-16,2023-11-17,2023-11-20,OK,0.010264113604003177,0.03544041480773004,0.00014176165923092016,0.010120896886997244,1.0
2023-11-17,2023-11-20,2023-11-21,OK,-0.0073169938812702225,0.020142614847653503,8.0570459390614e-05,-0.007396974807102441,1.0
2023-11-20,2023-11-21,2023-11-22,OK,-0.00187372550371146,2.3386942441675288e-07,9.354776976670116e-10,-0.0018737264374363294,1.0
2023-11-21,2023-11-22,2023-11-24,OK,0.003127636018616208,0.004123366415436175,1.6493465661744698e-05,0.0031110909673970344,1.0
2023-11-22,2023-11-24,2023-11-27,OK,-0.003450606285306816,1.3787670026415296e-05,5.5150680105661185e-08,-0.003450661245683606,1.0
2023-11-24,2023-11-27,2023-11-28,OK,-0.0010689783095139875,4.5878838286570276e-08,1.835153531462811e-10,-0.0010689784928331614,1.0
2023-11-27,2023-11-28,2023-11-29,OK,-0.0010903577354539412,2.370865113187155e-07,9.48346045274862e-10,-0.0010903586827659684,1.0
2023-11-28,2023-11-29,2023-11-30,OK,0.015499278093290526,0.011586799571620125,4.63471982864805e-05,0.015452212546889,1.0
2023-11-29,2023-11-30,2023-12-01,OK,0.006810823147595861,3.2748777796835164e-08,1.3099511118734066e-10,0.006810823015708456,1.0
2023-11-30,2023-12-01,2023-12-04,OK,-0.007980871604775909,3.3141782616370583e-07,1.3256713046548233e-09,-0.007980872919867266,1.0
2023-12-01,2023-12-04,2023-12-05,OK,-0.008026552201273532,0.0007511167210109236,3.0044668840436945e-06,-0.008029532552647378,1.0
2023-12-04,2023-12-05,2023-12-06,OK,-0.016535425010810127,0.041766496185037624,0.0001670659847401505,-0.016699728488487775,1.0
2023-12-05,2023-12-06,2023-12-07,OK,0.0009326991950672446,0.011740327618495272,4.696131047398109e-05,0.0008856940838168903,1.0
2023-12-06,2023-12-07,2023-12-08,OK,0.010753783764773745,0.0675993220751403,0.00027039728830056123,0.010480478682504124,1.0
2023-12-07,2023-12-08,2023-12-11,OK,0.02189122186711766,0.132979088794256,0.000531916355177024,0.021347661212994806,1.0
2023-12-08,2023-12-11,2023-12-12,OK,0.004555026701381165,0.0006077243469654184,2.4308973878616737e-06,0.004552584731190912,1.0
2023-12-11,2023-12-12,2023-12-13,OK,0.013552750677006922,2.9295263362293335e-05,1.1718105344917334e-07,0.013552631907828072,1.0
2023-12-12,2023-12-13,2023-12-14,OK,0.008529080766965886,0.04046476464623209,0.00016185905858492837,0.008365841199397428,1.0
2023-12-13,2023-12-14,2023-12-15,OK,0.00251447013861131,0.017899765833136076,7.15990633325443e-05,0.0024426910415720204,1.0000000000000002
2023-12-14,2023-12-15,2023-12-18,OK,0.007597438787095501,0.020457563441694096,8.183025376677639e-05,0.0075149868329846825,0.9999999999999999
2023-12-15,2023-12-18,2023-12-19,OK,0.009498859140496111,0.012392755219051884,4.957102087620754e-05,0.009448817251475061,1.0
2023-12-18,2023-12-19,2023-12-20,OK,-0.010725819654689626,0.07226454022023052,0.00028905816088092205,-0.011011777429867253,1.0
2023-12-19,2023-12-20,2023-12-21,OK,0.00688543730726978,0.007538192716081561,3.0152770864326245e-05,0.006855076921391978,1.0
2023-12-20,2023-12-21,2023-12-22,OK,-0.0014256143463513315,0.025633045970307838,0.00010253218388123135,-0.0015280003588802327,1.0
2023-12-21,2023-12-22,2023-12-26,OK,0.007917145348872027,0.003748728329540155,1.499491331816062e-05,0.007902031718645564,1.0
2023-12-22,2023-12-26,2023-12-27,OK,-0.005831808378353105,0.018075333258678015,7.230133303471207e-05,-0.0059036880638679845,1.0
2023-12-26,2023-12-27,2023-12-28,OK,-0.011196147460976198,0.008162647027289641,3.265058810915857e-05,-0.0112284324882862,1.0
2023-12-27,2023-12-28,2023-12-29,OK,0.0011149882007090751,3.4534016112933113e-07,1.3813606445173246e-09,0.0011149868178081945,0.9999999999999999
2023-12-28,2023-12-29,2024-01-02,OK,-0.006546584404220626,2.186580994646436e-07,8.746323978585744e-10,-0.006546585273127126,1.0
2023-12-29,2024-01-02,2024-01-03,OK,0.0025393976165998923,8.718952764503217e-08,3.4875811058012865e-10,0.002539397266956067,1.0
2024-01-02,2024-01-03,2024-01-04,OK,-0.00949005380222712,0.007003633140194458,2.8014532560777832e-05,-0.009517802475366599,1.0
2024-01-03,2024-01-04,2024-01-05,OK,0.0005104341083373808,0.008229391922583849,3.29175676903354e-05,0.00047749973839761317,1.0
2024-01-04,2024-01-05,2024-01-08,OK,0.012046878887160968,0.012559889510003619,5.023955804001448e-05,0.011996034099249986,1.0
2024-01-05,2024-01-08,2024-01-09,OK,-0.006562428169928074,0.0034789971776612305,1.3915988710644923e-05,-0.006576252835962415,1.0
2024-01-08,2024-01-09,2024-01-10,OK,-0.00719801184362359,0.06412852205851528,0.0002565140882340611,-0.007452679540412399,1.0
2024-01-09,2024-01-10,2024-01-11,OK,0.009777235049907684,8.07437394985893e-08,3.229749579943572e-10,0.009777234723775008,1.0
2024-01-10,2024-01-11,2024-01-12,OK,0.004115864380282824,0.033639628007079016,0.00013455851202831608,0.003980752043667657,1.0
2024-01-11,2024-01-12,2024-01-16,OK,-0.007083728893430496,0.05956797887362488,0.00023827191549449954,-0.00732031295527269,0.9999999999999997
2024-01-12,2024-01-16,2024-01-17,OK,-0.006496576411814257,2.555304484117678e-07,1.0221217936470713e-09,-0.006496577427295813,1.0000000000000002
2024-01-16,2024-01-17,2024-01-18,OK,0.009370114521521207,0.010474822525782298,4.1899290103129195e-05,0.009327822630271543,1.0
2024-01-17,2024-01-18,2024-01-19,OK,0.015127350829664484,0.00254937586743298,1.0197503469731921e-05,0.015116999064982206,1.0
2024-01-18,2024-01-19,2024-01-22,OK,0.00461246087296908,0.026248363990213762,0.00010499345596085505,0.004506983138800713,0.9999999999999999
2024-01-19,2024-01-22,2024-01-23,OK,0.0010870516904076687,0.012559475301588878,5.023790120635551e-05,0.0010367591780058305,1.0
2024-01-22,2024-01-23,2024-01-24,OK,0.012075559744021417,0.022780427100206124,9.11217084008245e-05,0.011983337689986717,1.0
2024-01-23,2024-01-24,2024-01-25,OK,0.011473534080767445,0.01641181752151543,6.564727008606173e-05,0.011407133604490749,1.0
2024-01-24,2024-01-25,2024-01-26,OK,-0.0019421352383785348,0.029436911613959754,0.00011774764645583902,-0.0020596542029809317,1.0
2024-01-25,2024-01-26,2024-01-29,OK,0.007882986545228265,2.4760656242648787e-07,9.904262497059515e-10,0.007882985546994625,1.0
2024-01-26,2024-01-29,2024-01-30,OK,0.01629449290474775,5.673745390285248e-06,2.269498156114099e-08,0.016294469839962966,0.9999999999999999
2024-01-29,2024-01-30,2024-01-31,OK,-0.005218838547264897,1.92813422893561e-06,7.71253691574244e-09,-0.005218846219551376,1.0
2024-01-30,2024-01-31,2024-02-01,OK,0.00992251908676492,0.007593615618631144,3.037446247452458e-05,0.009891843233106767,1.0
2024-01-31,2024-02-01,2024-02-02,OK,0.00043406883949624955,0.04948804035917806,0.00019795216143671224,0.00023603075319456046,1.0
2024-02-01,2024-02-02,2024-02-05,OK,0.007904078827243045,0.027705302270473776,0.00011082120908189511,0.007792381678588978,1.0000000000000002
2024-02-02,2024-02-05,2024-02-06,OK,-0.009195564626059576,6.891958719306335e-07,2.756783487722534e-09,-0.009195567357492829,1.0
2024-02-05,2024-02-06,2024-02-07,OK,0.020288905639936308,0.00023293110570550083,9.317244228220033e-07,0.02028795501184444,1.0
2024-02-06,2024-02-07,2024-02-08,OK,0.001880965329859136,3.7863344197572757e-07,1.5145337679029104e-09,0.0018809638124765993,1.0
2024-02-07,2024-02-08,2024-02-09,OK,0.0008224832657099005,0.004157419015584897,1.6629676062339587e-05,0.0008058399120174364,1.0000000000000002
2024-02-08,2024-02-09,2024-02-12,OK,-0.0057197687095822,0.001861870583314985,7.44748233325994e-06,-0.00572717359403907,1.0
2024-02-09,2024-02-12,2024-02-13,OK,-0.00389822692209683,0.00795495428825761,3.1819817153030444e-05,-0.0039299226983819935,1.0000000000000002
2024-02-12,2024-02-13,2024-02-14,OK,0.004659282064042986,6.605030753974407e-08,2.642012301589763e-10,0.004659281798610859,1.0
2024-02-13,2024-02-14,2024-02-15,OK,0.006352441144024897,0.028590022277646142,0.00011436008911058458,0.006237354589179178,1.0
2024-02-14,2024-02-15,2024-02-16,OK,-0.004885626863605747,0.10552102941186473,0.0004220841176474589,-0.005305648835749244,1.0
2024-02-15,2024-02-16,2024-02-20,OK,-0.016481370925805337,1.5785625188187554e-06,6.314250075275022e-09,-0.016481377135987962,1.0
2024-02-16,2024-02-20,2024-02-21,OK,0.005388092323911942,0.02102040037021085,8.40816014808434e-05,0.005303557682999616,1.0
2024-02-20,2024-02-21,2024-02-22,OK,0.023502999729467254,0.015435923236909038,6.174369294763616e-05,0.02343980487452102,1.0
2024-02-21,2024-02-22,2024-02-23,OK,-0.0008590450875864543,0.06872389727315678,0.00027489558909262715,-0.0011337045289737668,1.0
2024-02-22,2024-02-23,2024-02-26,OK,0.012068761169952244,0.02294721052442442,9.178884209769768e-05,0.011975864550241022,1.0
2024-02-23,2024-02-26,2024-02-27,OK,-0.006198212676682692,0.00907597272818499,3.630389091273996e-05,-0.006234291548358528,1.0
2024-02-26,2024-02-27,2024-02-28,OK,-0.015281717187876302,0.015256837675932671,6.102735070373069e-05,-0.015341811935865812,1.0000000000000002
2024-02-27,2024-02-28,2024-02-29,OK,0.004916243825616748,0.14034769615605622,0.0005613907846242249,0.004352093107013788,1.0
2024-02-28,2024-02-29,2024-03-01,OK,0.01516531788681383,0.19037854544322175,0.000761514181772887,0.01439225510039921,1.0
2024-02-29,2024-03-01,2024-03-04,OK,0.00031959968087726565,0.07128307124134527,0.00028513228496538105,3.437626772462288e-05,1.0
2024-03-01,2024-03-04,2024-03-05,OK,-0.007026185077825206,0.003870587254434195,1.548234901773678e-05,-0.007041558644993229,1.0
2024-03-04,2024-03-05,2024-03-06,OK,0.006014211579148597,0.002234978685052311,8.939914740209245e-06,0.006005217897869786,1.0
2024-03-05,2024-03-06,2024-03-07,OK,0.0031241819141710654,8.670047414995178e-07,3.4680189659980716e-09,0.003124178435317315,1.0
2024-03-06,2024-03-07,2024-03-08,OK,-0.026128367474032247,0.007955800908431098,3.1823203633724395e-05,-0.02615935918930723,1.0
2024-03-07,2024-03-08,2024-03-11,OK,-0.006372399315178391,2.9191659451272415e-07,1.1676663780508967e-09,-0.006372400475403994,1.0
2024-03-08,2024-03-11,2024-03-12,OK,0.01195508810180243,0.14459426756833418,0.0005783770702733368,0.01136979648269798,0.9999999999999999
2024-03-11,2024-03-12,2024-03-13,OK,-0.0009315748154151364,3.974831924760241e-08,1.5899327699040963e-10,-0.0009315749742603296,0.9999999999999999
2024-03-12,2024-03-13,2024-03-14,OK,0.0005084271393037524,0.009274195442579278,3.7096781770317114e-05,0.0004713114965226861,1.0
2024-03-13,2024-03-14,2024-03-15,OK,-0.0032099617681252126,0.004962886264182529,1.9851545056730117e-05,-0.003229749590481168,1.0
2024-03-14,2024-03-15,2024-03-18,OK,0.006645197980269505,9.888045003660254e-07,3.955218001464102e-09,0.006645193998768173,1.0000000000000002
2024-03-15,2024-03-18,2024-03-19,OK,0.0032382493659880297,0.015418011178934548,6.16720447157382e-05,0.003176377611812553,1.0
2024-03-18,2024-03-19,2024-03-20,OK,0.0219761278902568,5.623715376490258e-08,2.2494861505961035e-10,0.02197612766036472,1.0
2024-03-19,2024-03-20,2024-03-21,OK,0.009191843540953624,0.012249400760055526,4.8997603040222106e-05,0.009142395559612382,1.0000000000000002
2024-03-20,2024-03-21,2024-03-22,OK,-0.004513088500429263,0.04133502809550385,0.0001653401123820154,-0.004677682418251505,1.0
2024-03-21,2024-03-22,2024-03-25,OK,-0.0028568013674218373,0.01947928459672019,7.791713838688076e-05,-0.0029344959120212177,1.0
2024-03-22,2024-03-25,2024-03-26,OK,0.001734998798744384,8.490599671533086e-08,3.3962398686132345e-10,0.0017349984585310896,0.9999999999999998
2024-03-25,2024-03-26,2024-03-27,OK,0.00369603566571614,7.64964786943043e-08,3.059859147772172e-10,0.0036960353585993033,1.0
2024-03-26,2024-03-27,2024-03-28,OK,0.0019215028309846464,0.010238618315397952,4.095447326159181e-05,0.0018804696635867924,1.0
2024-03-27,2024-03-28,2024-04-01,OK,0.0023598731920066564,0.039219022969366434,0.00015687609187746573,0.002202626892445547,0.9999999999999997
2024-03-28,2024-04-01,2024-04-02,OK,-0.003601883051817175,0.017974542034936515,7.189816813974606e-05,-0.0036735222511636856,1.0
2024-04-01,2024-04-02,2024-04-03,OK,0.0023677444783446015,2.2880906967296067e-07,9.152362786918427e-10,0.002367743560941049,1.0
2024-04-02,2024-04-03,2024-04-04,OK,-0.018721825070408846,4.762493226664123e-08,1.904997290665649e-10,-0.018721825257342117,1.0
2024-04-03,2024-04-04,2024-04-05,OK,0.012183698400554966,4.223606466015782e-08,1.6894425864063128e-10,0.012183698229552231,0.9999999999999998
2024-04-04,2024-04-05,2024-04-08,OK,-0.00018664715980524384,0.008343445295138335,3.337378118055334e-05,-0.00022001471186428034,0.9999999999999999
2024-04-05,2024-04-08,2024-04-09,OK,-0.0039041164935276927,0.007823037375282478,3.129214950112991e-05,-0.003935286474831878,0.9999999999999999
2024-04-08,2024-04-09,2024-04-10,OK,-0.0028997412040934678,0.0052876701898230405,2.115068075929216e-05,-0.0029208305533521273,1.0
2024-04-09,2024-04-10,2024-04-11,OK,0.006628610684484957,0.0021450447009749023,8.58017880389961e-06,0.006619973631016185,0.9999999999999999
2024-04-10,2024-04-11,2024-04-12,OK,-0.019396038283328584,0.019579523627527615,7.831809451011046e-05,-0.019472837317079272,1.0
2024-04-11,2024-04-12,2024-04-15,OK,-0.006749514997343684,0.01047865148596289,4.191460594385156e-05,-0.006791146700026118,1.0
2024-04-12,2024-04-15,2024-04-16,OK,0.0015222132741045473,0.06875835094200444,0.00027503340376801777,0.001246761210838665,1.0
2024-04-15,2024-04-16,2024-04-17,OK,-0.01029849426386676,0.02118927422547448,8.475709690189793e-05,-0.010382378490292443,1.0
2024-04-16,2024-04-17,2024-04-18,OK,-0.003360781925558014,0.022142695259965536,8.857078103986214e-05,-0.0034490550395177566,1.0
2024-04-17,2024-04-18,2024-04-19,OK,-0.002860561710818218,0.018391397222595876,7.356558889038351e-05,-0.0029339168608016886,1.0
2024-04-18,2024-04-19,2024-04-22,OK,0.0075561981687926735,0.048047409036570385,0.00019218963614628154,0.007362556309669532,1.0
2024-04-19,2024-04-22,2024-04-23,OK,0.005852455895802693,0.042035367167037055,0.00016814146866814822,0.005683330386604846,1.0
2024-04-22,2024-04-23,2024-04-24,OK,-0.0012960177384018748,0.04360612157191292,0.00017442448628765168,-0.0014702161674612357,1.0000000000000002
2024-04-23,2024-04-24,2024-04-25,OK,0.016274333212003122,0.09412540573923837,0.0003765016229569535,0.015891704276179475,0.9999999999999999
2024-04-24,2024-04-25,2024-04-26,OK,0.009493130122759019,0.09505260976322441,0.00038021043905289763,0.009109310296534057,1.0
2024-04-25,2024-04-26,2024-04-29,OK,0.004536989779415524,0.031834444510605325,0.0001273377780424213,0.004409074271175761,1.0
2024-04-26,2024-04-29,2024-04-30,OK,-0.01594087559000333,0.03127789111273802,0.00012511156445095209,-0.016063992766570556,0.9999999999999998
2024-04-29,2024-04-30,2024-05-01,OK,-0.009943196967504368,0.0517714822644311,0.00020708592905772442,-0.010148223800380274,1.0000000000000002
2024-04-30,2024-05-01,2024-05-02,OK,0.0073951174377274356,0.01992650694527449,7.970602778109796e-05,0.007314821974510277,1.0
2024-05-01,2024-05-02,2024-05-03,OK,-0.00018785735658278,0.06739104451905034,0.0002695641780762014,-0.0004573708950450506,1.0
2024-05-02,2024-05-03,2024-05-06,OK,0.016485656908122544,0.03280346621662237,0.0001312138648664895,0.016352279896498345,1.0
2024-05-03,2024-05-06,2024-05-07,OK,0.000299990118499131,2.3757142045060728e-08,9.502856818024291e-11,0.00029999002344216485,1.0000000000000002
2024-05-06,2024-05-07,2024-05-08,OK,0.0008844298297902606,0.001466458370040254,5.865833480161016e-06,0.0008785588083919382,1.0
2024-05-07,2024-05-08,2024-05-09,OK,0.004072745743524472,0.057249043336491695,0.00022899617334596679,0.0038428169269884016,1.0
2024-05-08,2024-05-09,2024-05-10,OK,0.0038981300372611864,0.0047972924982791374,1.918916999311655e-05,0.00387886606538812,1.0
2024-05-09,2024-05-10,2024-05-13,OK,-0.005927707188139813,0.0051156515887980465,2.0462606355192187e-05,-0.005948048498156333,1.0
2024-05-10,2024-05-13,2024-05-14,OK,-0.0007999709323308757,0.009947386924972509,3.978954769989004e-05,-0.0008397286495491763,1.0
2024-05-13,2024-05-14,2024-05-15,OK,-0.0008965223427973539,0.00045159106560796274,1.806364262431851e-06,-0.0008983270876138372,1.0
2024-05-14,2024-05-15,2024-05-16,OK,-0.00042728041568078834,0.018730474450531283,7.492189780212513e-05,-0.0005021703008232237,1.0
2024-05-15,2024-05-16,2024-05-17,OK,0.005666996995614275,0.12734020472706206,0.0005093608189082482,0.005154749630475575,1.0
2024-05-16,2024-05-17,2024-05-20,OK,0.005332051405570746,0.018378565175709977,7.35142607028399e-05,0.005258145163050898,1.0
2024-05-17,2024-05-20,2024-05-21,OK,0.002216122547075601,8.581914238069382e-07,3.432765695227753e-09,0.0022161191067024966,1.0
2024-05-20,2024-05-21,2024-05-22,OK,-0.0029815282966182406,0.0030597085454604654,1.2238834181841862e-05,-0.002993730640369674,1.0
2024-05-21,2024-05-22,2024-05-23,OK,-0.010181690421904133,0.013181378399232783,5.272551359693113e-05,-0.010233879100644216,1.0
2024-05-22,2024-05-23,2024-05-24,OK,0.006541278015009017,5.006084015792622e-08,2.0024336063170488e-10,0.006541277813455704,1.0
2024-05-23,2024-05-24,2024-05-28,OK,-0.0018543527045123843,0.0275228571705564,0.00011009142868222561,-0.0019642399848560643,1.0
2024-05-24,2024-05-28,2024-05-29,OK,-0.014110624028130282,0.09689843821272602,0.0003875937528509041,-0.014492748591259041,1.0
2024-05-28,2024-05-29,2024-05-30,OK,0.0050254534566845635,0.05672127756725271,0.00022688511026901085,0.0047974281458538215,0.9999999999999998
2024-05-29,2024-05-30,2024-05-31,OK,0.007505766748245035,0.001706916449988142,6.827665799952568e-06,0.007498887835578172,1.0
2024-05-30,2024-05-31,2024-06-03,OK,-0.0025367442636717308,0.039935807159258,0.000159743228637032,-0.0026960822645897276,1.0
2024-05-31,2024-06-03,2024-06-04,OK,0.0009919694269504545,0.017784934299636394,7.113973719854557e-05,0.0009207591213076238,1.0
2024-06-03,2024-06-04,2024-06-05,OK,0.013357631452184522,0.01817198052975189,7.268792211900755e-05,0.013283972591590976,1.0
2024-06-04,2024-06-05,2024-06-06,OK,0.0023023421492367763,1.0984641236544334e-07,4.3938564946177335e-10,0.0023023417088394726,1.0
2024-06-05,2024-06-06,2024-06-07,OK,-0.0054057588308246965,0.01840151574919907,7.360606299679628e-05,-0.0054789669971964106,1.0
2024-06-06,2024-06-07,2024-06-10,OK,0.0011576092123875713,8.520267335167621e-08,3.4081069340670484e-10,0.0011576088711822141,1.0
2024-06-07,2024-06-10,2024-06-11,OK,-0.004765241209754755,0.015664342243492384,6.265736897396954e-05,-0.0048276000012519305,1.0
2024-06-10,2024-06-11,2024-06-12,OK,0.011105770551057194,0.01366089648796448,5.464358595185792e-05,0.011050520105977624,1.0
2024-06-11,2024-06-12,2024-06-13,OK,0.0032312241563196968,0.029956106679741443,0.00011982442671896578,0.003111012550018666,1.0000000000000004
2024-06-12,2024-06-13,2024-06-14,OK,-0.007039669291022463,0.03164306790839982,0.00012657227163359927,-0.007165350535722426,1.0
2024-06-13,2024-06-14,2024-06-17,OK,0.0127052814898499,4.091871201871616e-08,1.6367484807486462e-10,0.012705281324095541,1.0
2024-06-14,2024-06-17,2024-06-18,OK,0.010306591092678289,0.018494113102637943,7.397645241055177e-05,0.010231852195222269,1.0
2024-06-17,2024-06-18,2024-06-20,OK,-0.01834584714853458,0.021054913767823813,8.421965507129525e-05,-0.018428521722687052,1.0
2024-06-18,2024-06-20,2024-06-21,OK,-0.001189656176033923,0.006382696268686297,2.553078507474519e-05,-0.0012151565882525528,1.0
2024-06-20,2024-06-21,2024-06-24,OK,0.00023615810961957078,5.404518703271998e-08,2.1618074813087992e-10,0.00023615789338782278,1.0
2024-06-21,2024-06-24,2024-06-25,OK,0.01267421096019679,4.66398200350142e-06,1.8655928014005682e-08,0.0126741920678195,1.0000000000000002
2024-06-24,2024-06-25,2024-06-26,OK,0.0005969181580962507,0.05740662352734878,0.00022962649410939514,0.00036715459576286413,1.0
2024-06-25,2024-06-26,2024-06-27,OK,-0.013613608038180734,0.005829798122924569,2.3319192491698276e-05,-0.013636609772325947,1.0
2024-06-26,2024-06-27,2024-06-28,OK,0.0006423757609393919,0.030934690025230558,0.00012373876010092223,0.000518557514058049,1.0
2024-06-27,2024-06-28,2024-07-01,OK,-0.007144790100563782,3.77492765705964e-05,1.5099710628238562e-07,-0.007144940018827373,1.0
2024-06-28,2024-07-01,2024-07-02,OK,0.004137174303097589,0.03819394871393045,0.00015277579485572178,0.00398376644814924,1.0
2024-07-01,2024-07-02,2024-07-03,OK,0.0017783020591648033,0.028529786773845597,0.00011411914709538239,0.0016639799737552252,1.0
2024-07-02,2024-07-03,2024-07-05,OK,0.010869350584336135,5.965492312883305e-07,2.3861969251533222e-09,0.010869348172202864,0.9999999999999999
2024-07-03,2024-07-05,2024-07-08,OK,-0.006748263842283221,0.010383093427918398,4.1532373711673594e-05,-0.006789515944578994,1.0
2024-07-05,2024-07-08,2024-07-09,OK,-0.0024873558259187836,0.0018072179842238225,7.22887193689529e-06,-0.0024945667170789276,0.9999999999999999
2024-07-08,2024-07-09,2024-07-10,OK,0.007569960821741868,0.017016992099451414,6.806796839780565e-05,0.007501377581490054,1.0
2024-07-09,2024-07-10,2024-07-11,OK,-0.009703112022937813,0.04035688801375305,0.0001614275520550122,-0.009862973225371663,1.0
2024-07-10,2024-07-11,2024-07-12,OK,0.006290477315025853,0.02200455759338879,8.801823037355516e-05,0.006201905407970942,1.0
2024-07-11,2024-07-12,2024-07-15,OK,0.00524190268643622,0.06517296756126195,0.0002606918702450478,0.004979844294776381,1.0
2024-07-12,2024-07-15,2024-07-16,OK,0.014825908792731879,0.01188960700035793,4.755842800143172e-05,0.014777645267814554,1.0
2024-07-15,2024-07-16,2024-07-17,OK,-0.027559876270495602,0.0251912214175831,0.0001007648856703324,-0.027657864088384443,1.0000000000000002
2024-07-16,2024-07-17,2024-07-18,OK,-0.008906114899258064,0.018637596611569753,7.455038644627901e-05,-0.00898000133139698,1.0
2024-07-17,2024-07-18,2024-07-19,OK,-0.005801271935240226,0.18052045828077445,0.0007220818331230978,-0.0065191647752899096,1.0
2024-07-18,2024-07-19,2024-07-22,OK,0.014477824542954003,0.021947606253043803,8.779042501217522e-05,0.014388763103571955,0.9999999999999997
2024-07-19,2024-07-22,2024-07-23,OK,0.002082778477234539,0.050083791912865064,0.00020033516765146026,0.001882026055807673,1.0
2024-07-22,2024-07-23,2024-07-24,OK,-0.024788717471902064,0.06009672013922107,0.00024038688055688428,-0.025023145469992736,0.9999999999999999
2024-07-23,2024-07-24,2024-07-25,OK,-0.013953259325088667,5.030524805528006e-08,2.0122099222112025e-10,-0.013953259523502015,1.0
2024-07-24,2024-07-25,2024-07-26,OK,0.012351246689193957,0.05790386544573045,0.0002316154617829218,0.01211677048770543,1.0
2024-07-25,2024-07-26,2024-07-29,OK,-0.0011508426066411397,0.061268699660955585,0.0002450747986438223,-0.0013956353627647688,1.0
2024-07-26,2024-07-29,2024-07-30,OK,0.0013827248087866894,0.04181261371796486,0.00016725045487185944,0.001215243092561602,1.0
2024-07-29,2024-07-30,2024-07-31,OK,0.012529966410499934,0.0251048230458593,0.00010041929218343721,0.012428288867958326,1.0
2024-07-30,2024-07-31,2024-08-01,OK,-0.02067318347985919,0.05207718918608305,0.0002083087567443322,-0.020877185831454925,1.0000000000000002
2024-07-31,2024-08-01,2024-08-02,OK,-0.03019737263918077,0.06966342628885615,0.0002786537051554246,-0.03046761173456436,1.0
2024-08-01,2024-08-02,2024-08-05,OK,-0.01647254249950432,0.1264682052228625,0.0005058728208914501,-0.01697008230885433,1.0
2024-08-02,2024-08-05,2024-08-06,OK,0.015722576440332973,0.07481548782967402,0.0002992619513186961,0.015418609320108967,1.0
2024-08-05,2024-08-06,2024-08-07,OK,-0.0016368659464218933,0.08422633499910688,0.0003369053399964275,-0.0019732198175400617,1.0
2024-08-06,2024-08-07,2024-08-08,OK,0.014130626916073252,9.529432674112598e-08,3.811773069645039e-10,0.014130626529509582,1.0
2024-08-07,2024-08-08,2024-08-09,OK,-0.0003778395644635056,5.145599659808113e-08,2.0582398639232453e-10,-0.00037783977020977577,1.0
2024-08-08,2024-08-09,2024-08-12,OK,0.0018227072891038771,0.0230411382670324,9.216455306812959e-05,0.001730374747033192,1.0000000000000002
2024-08-09,2024-08-12,2024-08-13,OK,0.004124324544968492,2.5353889963355323e-07,1.014155598534213e-09,0.004124323526630169,1.0
2024-08-12,2024-08-13,2024-08-14,OK,0.007742115137373176,0.007356851590318965,2.942740636127586e-05,0.007712459900643509,1.0
2024-08-13,2024-08-14,2024-08-15,OK,0.01576443253286441,0.03602468201133836,0.00014409872804535344,0.015618062170142721,1.0
2024-08-14,2024-08-15,2024-08-16,OK,0.0017286778097147738,0.03968737100590701,0.00015874948402362806,0.001569653898980894,1.0
2024-08-15,2024-08-16,2024-08-19,OK,0.005766065584203714,1.498465841478993e-07,5.993863365915972e-10,0.005766064981361341,1.0
2024-08-16,2024-08-19,2024-08-20,OK,0.0012883177263512972,0.012982244842905347,5.192897937162139e-05,0.001236321845955013,1.0
2024-08-19,2024-08-20,2024-08-21,OK,3.885167413128557e-05,8.73499316489424e-08,3.4939972659576956e-10,3.8851324717814606e-05,1.0
2024-08-20,2024-08-21,2024-08-22,OK,0.0006627207279494982,0.007485743823046558,2.9942975292186234e-05,0.0006327579088267754,1.0000000000000002
2024-08-21,2024-08-22,2024-08-23,OK,0.006351106993125931,5.978229199358779e-08,2.3912916797435116e-10,0.006351106752477964,1.0
2024-08-22,2024-08-23,2024-08-26,OK,0.0030577897678332627,0.049369795431352816,0.00019747918172541127,0.002859706736286549,0.9999999999999998
2024-08-23,2024-08-26,2024-08-27,OK,0.009898981998479358,0.1388713604881793,0.0005554854419527172,0.009337997816136312,0.9999999999999998
2024-08-26,2024-08-27,2024-08-28,OK,0.0017077959030086672,0.022129655669782852,8.851862267913141e-05,0.0016191261085884978,1.0
2024-08-27,2024-08-28,2024-08-29,OK,0.0040411312810686734,0.017331055067812746,6.932422027125099e-05,0.0039715269125222274,1.0
2024-08-28,2024-08-29,2024-08-30,OK,0.0028936724067435264,6.045284816490609e-08,2.4181139265962437e-10,0.0028936721642323082,1.0
2024-08-29,2024-08-30,2024-09-03,OK,-0.005078433201779111,0.007577934804014639,3.031173921605856e-05,-0.005108591004852392,1.0000000000000002
2024-08-30,2024-09-03,2024-09-04,OK,0.0029289987018832346,6.953807146961843e-08,2.7815228587847373e-10,0.0029289984229161625,1.0
2024-09-03,2024-09-04,2024-09-05,OK,-0.00920852906229876,0.0005225962851611158,2.090385140644463e-06,-0.009210600198067076,1.0
2024-09-04,2024-09-05,2024-09-06,OK,-0.013052228749124227,0.14228550597175188,0.0005691420238870075,-0.013613942201124773,1.0
2024-09-05,2024-09-06,2024-09-09,OK,0.009396266059262083,0.04931327354230245,0.0001972530941692098,0.009197159522539078,1.0
2024-09-06,2024-09-09,2024-09-10,OK,-0.0014683811398580203,0.018494083743153544,7.397633497261418e-05,-0.0015422488493755937,1.0000000000000002
2024-09-09,2024-09-10,2024-09-11,OK,-0.00406544494814086,2.687085206757155e-05,1.0748340827028621e-07,-0.004065551994581251,0.9999999999999998
2024-09-10,2024-09-11,2024-09-12,OK,0.0033514523041578118,0.005278235748932155,2.111294299572862e-05,0.0033302686021405847,1.0000000000000002
2024-09-11,2024-09-12,2024-09-13,OK,0.003304719089331716,0.029034521057927518,0.00011613808423171007,0.00318819720135588,1.0
2024-09-12,2024-09-13,2024-09-16,OK,0.0047294329347206685,0.0018912545008427945,7.565018003371178e-06,0.004721832138472104,1.0
2024-09-13,2024-09-16,2024-09-17,OK,-0.004500341807682548,0.0014067935642451124,5.62717425698045e-06,-0.004505943657731937,1.0
2024-09-16,2024-09-17,2024-09-18,OK,-0.00016967901099566767,4.916630187435647e-08,1.9666520749742587e-10,-0.00016967920762744892,1.0
2024-09-17,2024-09-18,2024-09-19,OK,0.0038838522806619942,0.017591818936304078,7.036727574521632e-05,0.003813211708812325,1.0
2024-09-18,2024-09-19,2024-09-20,OK,0.0005544021946157515,0.02438920914353602,9.755683657414408e-05,0.00045679127231723626,1.0
2024-09-19,2024-09-20,2024-09-23,OK,0.006233732145408088,0.14252813991494714,0.0005701125596597886,0.005660065656758695,1.0
2024-09-20,2024-09-23,2024-09-24,OK,0.005884822400895175,0.010227538009335138,4.0910152037340555e-05,0.005843671499878633,1.0
2024-09-23,2024-09-24,2024-09-25,OK,-0.003204965502506085,0.058262102907221405,0.00023304841162888562,-0.0034372670020151874,1.0
2024-09-24,2024-09-25,2024-09-26,OK,0.0024985234047233077,0.1191711427425205,0.000476684570970082,0.0020206478261959315,0.9999999999999999
2024-09-25,2024-09-26,2024-09-27,OK,-0.002797778482716533,0.009648569754548234,3.859427901819294e-05,-0.0028362647834914156,1.0
2024-09-26,2024-09-27,2024-09-30,OK,0.004824927186829052,0.05954588856210809,0.00023818355424843235,0.004585594414274308,1.0
2024-09-27,2024-09-30,2024-10-01,OK,0.0034950491137250832,5.987399972621295e-06,2.3949599890485182e-08,0.003495025080420211,1.0000000000000002
2024-09-30,2024-10-01,2024-10-02,OK,-0.001023676161181291,1.6904332502368693e-07,6.761733000947477e-10,-0.0010236768366623794,1.0
2024-10-01,2024-10-02,2024-10-03,OK,-0.0022007825162778196,0.022565643229407552,9.02625729176302e-05,-0.0022908464409031604,1.0
2024-10-02,2024-10-03,2024-10-04,OK,0.010967776817708788,0.004338875745810258,1.735550298324103e-05,0.010950230963442387,1.0
2024-10-03,2024-10-04,2024-10-07,OK,-0.008985644645297226,3.383703083279162e-07,1.3534812333116648e-09,-0.008985645986616553,1.0
2024-10-04,2024-10-07,2024-10-08,OK,0.003818893301865956,1.1484848363115588e-07,4.5939393452462355e-10,0.0038188928407174583,1.0
2024-10-07,2024-10-08,2024-10-09,OK,0.008451916806248412,0.0014994150267809833,5.997660107123933e-06,0.008445868454417083,1.0
2024-10-08,2024-10-09,2024-10-10,OK,-0.0025142287376340314,1.4682900183453254e-07,5.873160073381302e-10,-0.002514229323473449,1.0
2024-10-09,2024-10-10,2024-10-11,OK,0.006051830670907168,0.0055452058229313395,2.218082329172536e-05,0.00602951561302878,1.0
2024-10-10,2024-10-11,2024-10-14,OK,0.005116410041280871,1.0598631895317104e-07,4.239452758126842e-10,0.005116409615166351,1.0
2024-10-11,2024-10-14,2024-10-15,OK,-0.00995419543072465,1.9489119557399078e-07,7.795647822959632e-10,-0.009954196202529464,1.0000000000000002
2024-10-14,2024-10-15,2024-10-16,OK,0.005754177903395097,4.638326873282332e-06,1.8553307493129327e-08,0.0057541592433287825,1.0
2024-10-15,2024-10-16,2024-10-17,OK,-0.004863579967961537,1.0772199117541965e-07,4.308879647016786e-10,-0.0048635803967538305,1.0
2024-10-16,2024-10-17,2024-10-18,OK,0.005156673223399592,0.10458181491832132,0.0004183272596732853,0.004736188786747864,1.0
2024-10-17,2024-10-18,2024-10-21,OK,-0.00011780902066380561,5.627979461532748e-08,2.2511917846130991e-10,-0.00011780924575643947,1.0
2024-10-18,2024-10-21,2024-10-22,OK,-0.008920384604842981,3.575688814319946e-07,1.4302755257279785e-09,-0.008920386022360005,1.0
2024-10-21,2024-10-22,2024-10-23,OK,-0.0049117373922513054,0.013358810447117259,5.3435241788469033e-05,-0.004964910174164561,0.9999999999999999
2024-10-22,2024-10-23,2024-10-24,OK,-0.00030802947233028467,0.02948805579372367,0.00011795222317489467,-0.0004259453627442067,0.9999999999999999
2024-10-23,2024-10-24,2024-10-25,OK,-0.004265032291004635,0.0034080364911848577,1.3632145964739432e-05,-0.004278606295426646,1.0
2024-10-24,2024-10-25,2024-10-28,OK,0.0014030503774595977,0.007661497540408617,3.064599016163447e-05,0.0013723613894298659,1.0
2024-10-25,2024-10-28,2024-10-29,OK,-0.000871892839574778,0.15407407928047534,0.0006162963171219013,-0.0014876518123507765,1.0000000000000002
2024-10-28,2024-10-29,2024-10-30,OK,-0.003280404464811774,0.015363753982097272,6.145501592838909e-05,-0.003341657883431548,1.0000000000000002
2024-10-29,2024-10-30,2024-10-31,OK,-0.005234167156293,0.015488559147761045,6.195423659104418e-05,-0.005295797114053702,1.0
2024-10-30,2024-10-31,2024-11-01,OK,0.000169206515047933,0.00735395245578749,2.941580982314996e-05,0.00013978572787820553,1.0
2024-10-31,2024-11-01,2024-11-04,OK,-0.0042701263101611224,0.006778353184145888,2.711341273658355e-05,-0.004297123945200543,1.0
2024-11-01,2024-11-04,2024-11-05,OK,0.012574486487388634,1.884728839752374e-07,7.538915359009496e-10,0.012574485724017315,1.0
2024-11-04,2024-11-05,2024-11-06,OK,0.037782087599746536,0.01993865730490221,7.975462921960884e-05,0.03769931967413931,1.0
2024-11-05,2024-11-06,2024-11-07,OK,-0.00281555796708149,0.04196226882265614,0.00016784907529062456,-0.0029829344535708957,1.0000000000000002
2024-11-06,2024-11-07,2024-11-08,OK,0.007010119740596099,0.0034182216664208303,1.3672886665683321e-05,0.0069963510053576705,1.0
2024-11-07,2024-11-08,2024-11-11,OK,0.014089318310743506,7.886838202703352e-08,3.154735281081341e-10,0.014089317990825245,1.0
2024-11-08,2024-11-11,2024-11-12,OK,0.0024488029100574685,6.145302591561865e-05,2.458121036624746e-07,0.0024485564960083916,1.0
2024-11-11,2024-11-12,2024-11-13,OK,-0.0019191009269686281,0.0062754389652319165,2.5101755860927667e-05,-0.0019441545100266078,1.0
2024-11-12,2024-11-13,2024-11-14,OK,-0.005277064632875034,0.017486798887497046,6.994719554998819e-05,-0.005346642712553251,0.9999999999999999
2024-11-13,2024-11-14,2024-11-15,OK,-0.0041466454759807505,0.0006971434427696138,2.7885737710784553e-06,-0.004149422486525056,1.0000000000000002
2024-11-14,2024-11-15,2024-11-18,OK,0.0044937489500974015,1.2664543078242556e-05,5.065817231297022e-08,0.004493698064280016,0.9999999999999999
2024-11-15,2024-11-18,2024-11-19,OK,0.003807750798232628,8.878736817657527e-08,3.5514947270630105e-10,0.0038077504417308727,1.0
2024-11-18,2024-11-19,2024-11-20,OK,0.006665525345026154,0.026475166013798353,0.00010590066405519341,0.00655891879741044,1.0
2024-11-19,2024-11-20,2024-11-21,OK,0.010446592406661655,6.913044306823137e-08,2.7652177227292546e-10,0.010446592127251186,1.0
2024-11-20,2024-11-21,2024-11-22,OK,0.012394391965265272,0.017176097554246327,6.870439021698531e-05,0.012324836025906283,1.0
2024-11-21,2024-11-22,2024-11-25,OK,0.0004980468223151459,1.3025712344092834e-07,5.210284937637134e-10,0.0004980463010273439,1.0
2024-11-22,2024-11-25,2024-11-26,OK,0.0076298471152866434,0.003415823242542977,1.3663292970171909e-05,0.007616079573480095,1.0000000000000002
2024-11-25,2024-11-26,2024-11-27,OK,0.0005659168233553881,0.03323799250141604,0.00013295197000566417,0.00043288961359322364,1.0
2024-11-26,2024-11-27,2024-11-29,OK,0.004075499269963448,6.82347172287074e-07,2.729388689148296e-09,0.004075496529451161,0.9999999999999999
2024-11-27,2024-11-29,2024-12-02,OK,-0.0010685519262954187,0.03031995085590257,0.00012127980342361028,-0.001189702135951376,1.0
2024-11-29,2024-12-02,2024-12-03,OK,-0.002113672700576486,0.0605882304520434,0.00024235292180817362,-0.0023555133676299578,1.0
2024-12-02,2024-12-03,2024-12-04,OK,0.0055440862914700306,2.232437259798475e-07,8.9297490391939e-10,0.005544085393544229,1.0
2024-12-03,2024-12-04,2024-12-05,OK,-0.002796906789971803,3.0509837567849016e-05,1.2203935027139608e-07,-0.0027970284879893503,1.0
2024-12-04,2024-12-05,2024-12-06,OK,0.0008726074333954884,2.4468031001970337e-07,9.787212400788134e-10,0.0008726064538202571,1.0000000000000002
2024-12-05,2024-12-06,2024-12-09,OK,-0.008697716100454165,0.07374683213160473,0.00029498732852641893,-0.008990137712943769,1.0
2024-12-06,2024-12-09,2024-12-10,OK,0.0036529746673779166,0.015631266524846102,6.25250660993844e-05,0.0035902211987959287,1.0
2024-12-09,2024-12-10,2024-12-11,OK,0.0011953226726197652,8.21165962898532e-08,3.2846638515941283e-10,0.0011953223437608518,1.0
2024-12-10,2024-12-11,2024-12-12,OK,-0.009284919841116984,0.017158589681207495,6.863435872482999e-05,-0.009352916935322697,1.0
2024-12-11,2024-12-12,2024-12-13,OK,-0.0074745216607740705,0.08768876482956474,0.000350755059318259,-0.007822654993803857,1.0
2024-12-12,2024-12-13,2024-12-16,OK,-0.002421607304957839,0.08175667401661499,0.00032702669606645996,-0.0027478420707881535,0.9999999999999999
2024-12-13,2024-12-16,2024-12-17,OK,-0.0010312588436856933,0.041100307056493715,0.00016440122822597488,-0.0011954905316912123,0.9999999999999998
2024-12-16,2024-12-17,2024-12-18,OK,-0.030859380966387392,0.012065681605718564,4.826272642287426e-05,-0.030906154334949143,1.0
2024-12-17,2024-12-18,2024-12-19,OK,0.003784403582027534,0.0016544414247747549,6.61776569909902e-06,0.0037777607720321793,1.0
2024-12-18,2024-12-19,2024-12-20,OK,0.008451475600551584,0.03708348844139052,0.00014833395376556208,0.008301888005995073,0.9999999999999999
2024-12-19,2024-12-20,2024-12-23,OK,-0.002997949405696008,5.311596765665402e-08,2.1246387062661607e-10,-0.002997949617522866,1.0000000000000002
2024-12-20,2024-12-23,2024-12-24,OK,0.013664686773991441,8.449938122906685e-08,3.379975249162674e-10,0.013664686431375195,0.9999999999999999
2024-12-23,2024-12-24,2024-12-26,OK,-0.0024357699926891487,1.4369473804574237e-07,5.747789521829695e-10,-0.0024357705660681406,1.0
2024-12-24,2024-12-26,2024-12-27,OK,-0.011795305001170603,7.727916569130658e-08,3.091166627652263e-10,-0.01179530530664119,1.0
2024-12-26,2024-12-27,2024-12-30,OK,-0.008016620899856648,2.9834270418084517e-05,1.1933708167233807e-07,-0.008016739280258145,1.0
2024-12-27,2024-12-30,2024-12-31,OK,-0.0019192550354466007,0.014337042540441214,5.7348170161764854e-05,-0.001976493139844049,1.0
2024-12-30,2024-12-31,2025-01-02,OK,-0.0008948605296161773,1.201286363590905e-05,4.8051454543636205e-08,-0.0008949085380713928,1.0
2024-12-31,2025-01-02,2025-01-03,OK,0.0031256268432369515,5.760424245280913e-06,2.3041696981123654e-08,0.003125603729520199,1.0
2025-01-02,2025-01-03,2025-01-06,OK,-0.0025203919780296996,3.552295566269387e-06,1.4209182265077548e-08,-0.002520406151399257,1.0000000000000002
2025-01-03,2025-01-06,2025-01-07,OK,-0.0016882255969406527,0.03705690879573313,0.00014822763518293253,-0.0018362029904357424,1.0
2025-01-06,2025-01-07,2025-01-08,OK,0.000724785783838246,0.024470602155873756,9.788240862349502e-05,0.0006268324314364637,1.0
2025-01-07,2025-01-08,2025-01-10,OK,-0.014409429698432284,0.018108197596013568,7.243279038405427e-05,-0.0144808187736154,1.0
2025-01-08,2025-01-10,2025-01-13,OK,0.00021003050877972806,3.3552660272417436e-08,1.3421064108966974e-10,0.000210030374540926,1.0
2025-01-10,2025-01-13,2025-01-14,OK,0.0006831602623717513,2.7712340158657787e-08,1.1084936063463115e-10,0.00068316015144676,1.0
2025-01-13,2025-01-14,2025-01-15,OK,0.01766975751337578,1.2878814449452983e-07,5.151525779781194e-10,0.017669756989120433,1.0
2025-01-14,2025-01-15,2025-01-16,OK,-0.001864807089048116,0.0004198583691110045,1.6794334764440181e-06,-0.0018664833907050538,1.0
2025-01-15,2025-01-16,2025-01-17,OK,0.010781678226934894,0.0020099988050394676,8.03999522015787e-06,0.01077355154707349,1.0
2025-01-16,2025-01-17,2025-01-21,OK,0.010921506146228364,0.039659715698332376,0.00015863886279332952,0.010761134708120013,1.0
2025-01-17,2025-01-21,2025-01-22,OK,0.00565504841242374,6.318191430633446e-08,2.5272765722533785e-10,0.0056550481582671175,1.0
2025-01-21,2025-01-22,2025-01-23,OK,0.009575140787963923,3.716549077353162e-08,1.486619630941265e-10,0.009575140637878343,1.0
2025-01-22,2025-01-23,2025-01-24,OK,-0.0028776788987464343,5.249513510812619e-08,2.0998054043250478e-10,-0.002877679108122755,1.0
2025-01-23,2025-01-24,2025-01-27,OK,0.01749259788509391,0.004273732153229304,1.7094928612917216e-05,0.017475203921768934,1.0
2025-01-24,2025-01-27,2025-01-28,OK,0.008224579281175336,3.0750658233039336e-08,1.2300263293215734e-10,0.008224579157160905,1.0
2025-01-27,2025-01-28,2025-01-29,OK,0.0021550665871946147,0.04487476783484112,0.0001794990713393645,0.0019751806834040764,0.9999999999999997
2025-01-28,2025-01-29,2025-01-30,OK,0.005067469978844495,2.4288535417101824e-07,9.715414166840729e-10,0.005067469002379754,1.0
2025-01-29,2025-01-30,2025-01-31,OK,-0.007181386156641692,9.219663062078748e-08,3.687865224831499e-10,-0.007181386522779776,1.0
2025-01-30,2025-01-31,2025-02-03,OK,0.0013125124695502668,1.0863843773190052e-07,4.3455375092760207e-10,0.001312512034426172,1.0
2025-01-31,2025-02-03,2025-02-04,OK,0.00898302717872658,0.005016789854604955,2.006715941841982e-05,0.008962779755469663,1.0
2025-02-03,2025-02-04,2025-02-05,OK,0.011572516213385902,1.0379569091462787e-07,4.151827636585115e-10,0.011572515793398575,1.0
2025-02-04,2025-02-05,2025-02-06,OK,0.0021993259806386695,1.3292098595667906e-07,5.316839438267162e-10,0.0021993254477854496,1.0
2025-02-05,2025-02-06,2025-02-07,OK,-0.011284011895309046,0.04071753794963906,0.00016287015179855625,-0.011445044218377332,0.9999999999999997
2025-02-06,2025-02-07,2025-02-10,OK,0.0037006950055663407,3.503137028662545e-08,1.401254811465018e-10,0.003700694864922305,0.9999999999999999
2025-02-07,2025-02-10,2025-02-11,OK,-0.002644510196617299,3.1755840491471854e-08,1.2702336196588741e-10,-0.002644510323304705,1.0
2025-02-10,2025-02-11,2025-02-12,OK,-0.0018418886994175077,5.347995714804402e-08,2.1391982859217607e-10,-0.0018418889129433458,1.0000000000000002
2025-02-11,2025-02-12,2025-02-13,OK,0.016993004730344072,0.04642033788980385,0.0001856813515592154,0.016804168094699534,0.9999999999999999
2025-02-12,2025-02-13,2025-02-14,OK,0.008121196237854574,4.419568868438846e-08,1.7678275473755384e-10,0.008121196059636349,1.0
2025-02-13,2025-02-14,2025-02-18,OK,0.000883982806313796,1.9147375922255613e-05,7.658950368902245e-08,0.0008839061491063838,1.0
2025-02-14,2025-02-18,2025-02-19,OK,0.004547071876787483,4.181974624603274e-08,1.6727898498413097e-10,0.004547071708747907,1.0000000000000002
2025-02-18,2025-02-19,2025-02-20,OK,-0.014228619064495353,0.015586480723166965,6.234592289266786e-05,-0.014290077891001007,1.0
2025-02-19,2025-02-20,2025-02-21,OK,-0.013892511674719762,0.007613274201140125,3.04530968045605e-05,-0.013922541701521407,1.0
2025-02-20,2025-02-21,2025-02-24,OK,0.005274757117163899,0.00692284307366281,2.769137229465124e-05,0.00524691967960611,1.0
2025-02-21,2025-02-24,2025-02-25,OK,0.008635331125706209,3.820879121475684e-08,1.5283516485902736e-10,0.008635330971551225,1.0000000000000002
2025-02-24,2025-02-25,2025-02-26,OK,-0.0008331016978130958,0.19208009532532755,0.0007683203813013103,-0.0016007819901002751,1.0
2025-02-25,2025-02-26,2025-02-27,OK,-0.01047763668260266,0.015178708108116869,6.0714832432467475e-05,-0.010537715367079703,1.0
2025-02-26,2025-02-27,2025-02-28,OK,0.012577485571155775,0.01287142235329298,5.148568941317192e-05,0.012525352321226979,1.0
2025-02-27,2025-02-28,2025-03-03,OK,-0.009142039651983203,0.004047368764496843,1.6189475057987374e-05,-0.009158081122218276,0.9999999999999998
2025-02-28,2025-03-03,2025-03-04,OK,-0.019387574818830463,0.016833235464888352,6.733294185955341e-05,-0.019453602338242004,1.0
2025-03-03,2025-03-04,2025-03-05,OK,0.006474327310088882,0.007355190102123218,2.9420760408492872e-05,0.006444716070047818,1.0
2025-03-04,2025-03-05,2025-03-06,OK,-0.024431623207816527,0.0036869822314162188,1.4747928925664876e-05,-0.02444601082089959,0.9999999999999998
2025-03-05,2025-03-06,2025-03-07,OK,-0.007633187798044786,5.986451630941508e-07,2.3945806523766032e-09,-0.00763319017434716,1.0
2025-03-06,2025-03-07,2025-03-10,OK,-0.01908354560454679,0.045785265726211034,0.00018314106290484415,-0.019263191686625714,1.0
2025-03-07,2025-03-10,2025-03-11,OK,-0.002474054457199498,0.05066628758224939,0.00020266515032899758,-0.0026762182029099746,0.9999999999999998
2025-03-10,2025-03-11,2025-03-12,OK,0.004091573427310764,0.020391374911820172,8.156549964728069e-05,0.004009674196432611,0.9999999999999999
2025-03-11,2025-03-12,2025-03-13,OK,-0.008095502685400298,0.012629417796762084,5.0517671187048334e-05,-0.008145611390644514,1.0000000000000002
2025-03-12,2025-03-13,2025-03-14,OK,0.022890244947532532,1.3895262908835808e-06,5.558105163534323e-09,0.022890239262201018,1.0
2025-03-13,2025-03-14,2025-03-17,OK,0.021199336020277768,0.016621585439656826,6.648634175862731e-05,0.021131440212219355,1.0
2025-03-14,2025-03-17,2025-03-18,OK,-0.00354144245086426,0.11604441589221628,0.00046417766356886514,-0.004003976255950614,1.0
2025-03-17,2025-03-18,2025-03-19,OK,0.013041230626769445,0.010007277030957724,4.00291081238309e-05,0.013000679489814981,1.0
2025-03-18,2025-03-19,2025-03-20,OK,-0.0031812161540668263,3.570510519964394e-08,1.4282042079857576e-10,-0.003181216296432976,1.0
2025-03-19,2025-03-20,2025-03-21,OK,0.0032569751854311826,0.01380113188958907,5.520452755835628e-05,0.003201590858096459,1.0
2025-03-20,2025-03-21,2025-03-24,OK,0.00580354483121028,0.008120557563524027,3.248223025409611e-05,0.005770874088876887,1.0
2025-03-21,2025-03-24,2025-03-25,OK,0.007903749206369087,0.008818675955469122,3.5274703821876487e-05,0.007868195700134972,0.9999999999999999
2025-03-24,2025-03-25,2025-03-26,OK,-0.0006944059933002153,0.007279395783079066,2.9117583132316264e-05,-0.000723503357008215,0.9999999999999999
2025-03-25,2025-03-26,2025-03-27,OK,0.008782128952895416,6.923656464847797e-05,2.769462585939119e-07,0.008781849574458933,1.0000000000000002
2025-03-26,2025-03-27,2025-03-28,OK,-0.016935136668086905,1.1353307512820682e-07,4.541323005128273e-10,-0.01693513711452843,1.0
2025-03-27,2025-03-28,2025-03-31,OK,0.008124160739580902,8.050616973437704e-05,3.220246789375082e-07,0.008123836098721915,0.9999999999999998
2025-03-28,2025-03-31,2025-04-01,OK,-0.0017779034933011113,0.013524601848876305,5.409840739550522e-05,-0.0018319057189490895,1.0
2025-03-31,2025-04-01,2025-04-02,OK,-0.0031722304122222948,1.76806478481444e-05,7.07225913925776e-08,-0.0031723009104652755,1.0
2025-04-01,2025-04-02,2025-04-03,OK,-0.022143538521891826,0.015402568166107439,6.161027266442976e-05,-0.02220378452511007,1.0000000000000002
2025-04-02,2025-04-03,2025-04-04,OK,-0.06738594471219662,5.944610662980636e-08,2.3778442651922545e-10,-0.06738594493395778,1.0
2025-04-03,2025-04-04,2025-04-07,OK,-0.01916611898293264,0.008877835862173389,3.5511343448693557e-05,-0.019200949711747572,1.0
2025-04-04,2025-04-07,2025-04-08,OK,-0.005118935102878451,0.013591321112664746,5.436528445065898e-05,-0.005173022094966173,1.0
2025-04-07,2025-04-08,2025-04-09,OK,0.06231175220351908,2.473438608408492e-07,9.893754433633967e-10,0.062311751152493766,1.0
2025-04-08,2025-04-09,2025-04-10,OK,-0.014641165374861397,1.3811466652910087e-07,5.524586661164035e-10,-0.01464116591923137,1.0
2025-04-09,2025-04-10,2025-04-11,OK,0.014700384528089184,0.04618942306887548,0.00018475769227550194,0.014512910826692593,1.0
2025-04-10,2025-04-11,2025-04-14,OK,0.010815702296358443,1.625109640110073e-07,6.500438560440292e-10,0.010815701639283803,1.0
2025-04-11,2025-04-14,2025-04-15,OK,0.004881962343683985,4.84356901029161e-08,1.937427604116644e-10,0.004881962148995278,1.0
2025-04-14,2025-04-15,2025-04-16,OK,-0.006598443851155956,4.830536521154714e-08,1.9322146084618857e-10,-0.006598444043102392,1.0
2025-04-15,2025-04-16,2025-04-17,OK,0.011246833343530225,3.98430915995677e-08,1.5937236639827082e-10,0.011246833182365412,1.0000000000000002
2025-04-16,2025-04-17,2025-04-21,OK,-0.007594730773481196,5.710053995458513e-08,2.2840215981834053e-10,-0.007594731000148736,1.0
2025-04-17,2025-04-21,2025-04-22,OK,0.007608900706883399,9.445454650198638e-08,3.778181860079455e-10,0.0076089003261903265,1.0
2025-04-21,2025-04-22,2025-04-23,OK,0.008428493861644216,0.01359151524746857,5.4366060989874285e-05,0.008373669576642984,1.0
2025-04-22,2025-04-23,2025-04-24,OK,0.013082748129253785,0.004737908779883927,1.895163511953571e-05,0.013063548554665294,1.0
2025-04-23,2025-04-24,2025-04-25,OK,-0.0011581642360436787,1.3379957651311437e-07,5.351983060524574e-10,-0.0011581647706221387,1.0
2025-04-24,2025-04-25,2025-04-28,OK,0.006614957484700591,0.013162815208223894,5.265126083289558e-05,0.006561957938015839,1.0
2025-04-25,2025-04-28,2025-04-29,OK,0.009505113760907333,0.0005063778068269999,2.0255112273079995e-06,0.009503068996965292,1.0
2025-04-28,2025-04-29,2025-04-30,OK,0.004356631925626881,4.7828762101257086e-08,1.9131504840502834e-10,0.004356631733478444,0.9999999999999998
2025-04-29,2025-04-30,2025-05-01,OK,-0.006314141114389854,1.2765657624849682e-07,5.106263049939873e-10,-0.006314141621792002,0.9999999999999999
2025-04-30,2025-05-01,2025-05-02,OK,0.011950235655795158,1.0001931934492536e-05,4.000772773797014e-08,0.011950195169965872,0.9999999999999999
2025-05-01,2025-05-02,2025-05-05,OK,-0.008168811855199569,4.149284589570962e-06,1.659713835828385e-08,-0.008168828316759025,1.0
2025-05-02,2025-05-05,2025-05-06,OK,0.0025060573925166853,1.8401749712963644e-07,7.360699885185458e-10,0.002506056654602018,1.0
2025-05-05,2025-05-06,2025-05-07,OK,1.3413728847660565e-05,0.006539829217186948,2.615931686874779e-05,-1.2745938915093014e-05,0.9999999999999998
2025-05-06,2025-05-07,2025-05-08,OK,-0.005017213911616571,0.0016015369915720918,6.406147966288367e-06,-0.005023587918568162,1.0
2025-05-07,2025-05-08,2025-05-09,OK,0.004796286074182531,7.449446222440919e-08,2.9797784889763674e-10,0.004796285774775644,1.0
2025-05-08,2025-05-09,2025-05-12,OK,-0.005791202749869383,1.0149507497910495e-07,4.059802999164198e-10,-0.005791203153498459,0.9999999999999999
2025-05-09,2025-05-12,2025-05-13,OK,-0.0005431359305247548,8.473765199315069e-08,3.389506079726028e-10,-0.0005431362692913666,1.0
2025-05-12,2025-05-13,2025-05-14,OK,0.0007526830967455926,3.881030669803918e-06,1.5524122679215673e-08,0.0007526675609383915,1.0
2025-05-13,2025-05-14,2025-05-15,OK,0.016969385294518673,0.003463966300003988,1.3855865200015953e-05,0.016955294303803603,1.0
2025-05-14,2025-05-15,2025-05-16,OK,0.0027326338632494697,0.038036333842690395,0.00015214533537076159,0.0025800727703830795,1.0
2025-05-15,2025-05-16,2025-05-19,OK,0.007799673691656429,6.614964516857006e-05,2.6459858067428027e-07,0.007799407029293048,1.0
2025-05-16,2025-05-19,2025-05-20,OK,0.006275179959708939,0.00023511522572611265,9.404609029044506e-07,0.0062742335972445495,1.0
2025-05-19,2025-05-20,2025-05-21,OK,-0.013083601657351972,1.4336803698472333e-05,5.734721479388933e-08,-0.013083658254258612,1.0000000000000002
2025-05-20,2025-05-21,2025-05-22,OK,-6.324521837581202e-05,0.00019600766183095448,7.84030647323818e-07,-6.402919943693242e-05,1.0
2025-05-21,2025-05-22,2025-05-23,OK,0.0008259215143833962,3.6731300183943157e-07,1.4692520073577263e-09,0.0008259200439177938,1.0
2025-05-22,2025-05-23,2025-05-27,OK,0.014986803438804548,0.008894003677563298,3.557601471025319e-05,0.014950694253354602,1.0
2025-05-23,2025-05-27,2025-05-28,OK,-0.006047931160536966,1.944297773968837e-07,7.777191095875348e-10,-0.006047931933552464,1.0
2025-05-27,2025-05-28,2025-05-29,OK,-0.0004423776513871363,1.987072330636672e-07,7.948289322546689e-10,-0.0004423784458644775,0.9999999999999999
2025-05-28,2025-05-29,2025-05-30,OK,0.005732685477183409,9.276403143432859e-06,3.710561257373144e-08,0.005732648158855991,1.0
2025-05-29,2025-05-30,2025-06-02,OK,0.01092438238962637,1.0934839483588025e-06,4.37393579343521e-09,0.010924377967908017,1.0
2025-05-30,2025-06-02,2025-06-03,OK,-8.293632413077809e-05,9.311137004201901e-08,3.7244548016807604e-10,-8.293669654546587e-05,1.0
2025-06-02,2025-06-03,2025-06-04,OK,-0.002256829844877114,2.0683503843949463e-07,8.273401537579785e-10,-0.002256830670350096,0.9999999999999999
2025-06-03,2025-06-04,2025-06-05,OK,-0.00037113871264301017,7.137491497352083e-05,2.8549965989408334e-07,-0.00037142410634294354,1.0
2025-06-04,2025-06-05,2025-06-06,OK,0.0009332501153004845,1.3253571199715873e-05,5.301428479886349e-08,0.0009331970515400467,1.0
2025-06-05,2025-06-06,2025-06-09,OK,-0.004754648618300252,8.39232319781094e-06,3.356929279124376e-08,-0.004754682027982793,1.0
2025-06-06,2025-06-09,2025-06-10,OK,-0.00212457486360476,2.3998969024163045e-07,9.599587609665218e-10,-0.002124575821524033,1.0000000000000002
2025-06-09,2025-06-10,2025-06-11,OK,0.006761934084119956,0.00031841218007149386,1.2736487202859756e-06,0.006760651823070951,1.0
2025-06-10,2025-06-11,2025-06-12,OK,0.011124890857741404,4.997223096978433e-08,1.9988892387913733e-10,0.011124890655628938,1.0
2025-06-11,2025-06-12,2025-06-13,OK,-0.0006371082200933908,1.6030429462878004e-05,6.412171785151202e-08,-0.0006371723009588326,1.0
2025-06-12,2025-06-13,2025-06-16,OK,0.0030824306830408736,6.006105711937922e-07,2.4024422847751686e-09,0.0030824282731931607,0.9999999999999998
2025-06-13,2025-06-16,2025-06-17,OK,0.0026075852657475762,1.2123354929223652e-05,4.849341971689461e-08,0.0026075366458773175,1.0
2025-06-16,2025-06-17,2025-06-18,OK,-0.008474669302761228,0.006873110150068943,2.7492440600275774e-05,-0.008501928754019117,1.0
2025-06-17,2025-06-18,2025-06-20,OK,-0.004993917967186242,1.3162380245503724e-05,5.26495209820149e-08,-0.0049939703537799085,1.0
2025-06-18,2025-06-20,2025-06-23,OK,0.0038699792198336595,6.851650237463722e-08,2.7406600949854887e-10,0.0038699789447069755,1.0
2025-06-20,2025-06-23,2025-06-24,OK,-0.004508644490108884,0.13804429647522315,0.0005521771859008926,-0.005058332105382979,1.0000000000000002
2025-06-23,2025-06-24,2025-06-25,OK,-0.004576686140654656,0.029234263426668218,0.00011693705370667288,-0.0046930880101682115,1.0000000000000002
2025-06-24,2025-06-25,2025-06-26,OK,0.01648743791968243,0.02505419546445705,0.0001002167818578282,0.016385568819855312,1.0000000000000002
2025-06-25,2025-06-26,2025-06-27,OK,0.002759677476397834,5.6248978505327066e-05,2.2499591402130827e-07,0.0027594518595677187,1.0
2025-06-26,2025-06-27,2025-06-30,OK,0.009386762999010092,8.420031050230479e-08,3.368012420092192e-10,0.009386762659047365,1.0
2025-06-27,2025-06-30,2025-07-01,OK,-0.009880422983941048,0.042602680277736706,0.00017041072111094682,-0.010049149975046467,1.0
2025-06-30,2025-07-01,2025-07-02,OK,0.005159429387177444,3.51113232985702e-08,1.4044529319428082e-10,0.005159429246007541,1.0
2025-07-01,2025-07-02,2025-07-03,OK,0.0060954577376442255,0.012098743252249314,4.839497300899726e-05,0.006046767775122586,1.0
2025-07-02,2025-07-03,2025-07-07,OK,-0.0026137454960448547,6.621477074151075e-08,2.64859082966043e-10,-0.002613745760211783,0.9999999999999999
2025-07-03,2025-07-07,2025-07-08,OK,-0.009147798518821824,6.870713204802943e-08,2.748285281921177e-10,-0.009147798791136252,1.0
2025-07-07,2025-07-08,2025-07-09,OK,0.005473243436088512,5.146437734162826e-08,2.0585750936651306e-10,0.005473243229104252,0.9999999999999998
2025-07-08,2025-07-09,2025-07-10,OK,-0.007216161731136331,0.0014380228304011796,5.7520913216047185e-06,-0.007221872314436717,1.0
2025-07-09,2025-07-10,2025-07-11,OK,-0.0023398667223133614,3.3972956396302286e-08,1.3589182558520916e-10,-0.0023398668578872295,1.0
2025-07-10,2025-07-11,2025-07-14,OK,0.006646977623694465,0.050129879890979986,0.00020051951956391996,0.006445125255370776,0.9999999999999997
2025-07-11,2025-07-14,2025-07-15,OK,-0.016619087926276983,0.011066829561196645,4.4267318244786584e-05,-0.016662619562067604,1.0
2025-07-14,2025-07-15,2025-07-16,OK,0.001106115346105919,0.01227765375917569,4.911061503670276e-05,0.0010569504090642834,1.0
2025-07-15,2025-07-16,2025-07-17,OK,0.005924820590151522,0.020508050793935965,8.203220317574386e-05,0.00584230236088934,1.0
2025-07-16,2025-07-17,2025-07-18,OK,-0.014933914088313191,0.02159588822276237,8.638355289104949e-05,-0.01501900759664676,1.0
2025-07-17,2025-07-18,2025-07-21,OK,0.014342852941860712,0.0305990633512842,0.0001223962534051368,0.01421870117699231,1.0
2025-07-18,2025-07-21,2025-07-22,OK,-0.003538202180444028,0.1955962523602348,0.0007823850094409393,-0.004317818953538555,1.0000000000000002
2025-07-21,2025-07-22,2025-07-23,OK,0.009997630921163979,0.03096958274474813,0.0001238783309789925,0.009872514100352614,1.0
2025-07-22,2025-07-23,2025-07-24,OK,0.0030569050410717198,0.011685752070756096,4.674300828302438e-05,0.003010019143851128,1.0
2025-07-23,2025-07-24,2025-07-25,OK,0.016327704395521742,0.03469141944464959,0.00013876567777859836,0.016186672992775986,1.0000000000000002
2025-07-24,2025-07-25,2025-07-28,OK,-0.011549428193427429,0.04528803230479256,0.00018115212921917024,-0.01172848811913807,1.0
2025-07-25,2025-07-28,2025-07-29,OK,0.00518589128263903,0.009516912445685272,3.806764978274109e-05,0.005147626218163115,1.0
2025-07-28,2025-07-29,2025-07-30,OK,-0.006573129503345198,0.04589624945335249,0.00018358499781340995,-0.006755507773193115,0.9999999999999999
2025-07-29,2025-07-30,2025-07-31,OK,-0.00589352441451642,2.3949513457739106e-05,9.579805383095642e-08,-0.0058936196479820735,1.0000000000000002
2025-07-30,2025-07-31,2025-08-01,OK,0.0002616479387666524,0.05737132762672665,0.0002294853105069066,3.2102583901405524e-05,1.0
2025-07-31,2025-08-01,2025-08-04,OK,0.018186409208087038,0.010630396732940074,4.2521586931760296e-05,0.018143114306175212,1.0
2025-08-01,2025-08-04,2025-08-05,OK,0.004440464069089653,0.0016914214773865453,6.765685909546181e-06,0.004433668340394936,1.0
2025-08-04,2025-08-05,2025-08-06,OK,0.009195378010771459,1.2463998333044589e-05,4.985599333217836e-08,0.009195327696333466,1.0
2025-08-05,2025-08-06,2025-08-07,OK,0.0026011247893087987,0.0020917596075165743,8.367038430066297e-06,0.0025927359871675826,1.0
2025-08-06,2025-08-07,2025-08-08,OK,-0.004759746883725902,0.023078115694485965,9.231246277794386e-05,-0.004851619962546905,1.0
2025-08-07,2025-08-08,2025-08-11,OK,0.0008760679259241654,2.601008205309341e-07,1.0404032821237364e-09,0.0008760668846092834,0.9999999999999999
2025-08-08,2025-08-11,2025-08-12,OK,0.006624231500945368,0.1291324106460661,0.0005165296425842644,0.006104280246431282,1.0
2025-08-11,2025-08-12,2025-08-13,OK,0.001154042582684984,0.005387600616347878,2.1550402465391514e-05,0.001132467310137386,1.0000000000000002
2025-08-12,2025-08-13,2025-08-14,OK,0.0014935896626773384,0.005587581363375258,2.2350325453501034e-05,0.0014712059550088252,1.0
2025-08-13,2025-08-14,2025-08-15,OK,-0.009354161600755112,0.006122617545507955,2.4490470182031822e-05,-0.009378422983121415,1.0
2025-08-14,2025-08-15,2025-08-18,OK,0.0029298585768777878,1.2741015458262e-07,5.096406183304799e-10,0.0029298580657439732,1.0
2025-08-15,2025-08-18,2025-08-19,OK,-0.013710618502713774,6.663232379254005e-08,2.665292951701602e-10,-0.013710618765588767,1.0
2025-08-18,2025-08-19,2025-08-20,OK,0.010396204207917255,5.6936106221887925e-08,2.2774442488755172e-10,0.010396203977805163,1.0000000000000002
2025-08-19,2025-08-20,2025-08-21,OK,0.0002912277785585506,1.6998097961458643e-06,6.799239184583457e-09,0.000291220977339135,1.0
2025-08-20,2025-08-21,2025-08-22,OK,0.0090922688246596,1.5927645582093198e-07,6.371058232837279e-10,0.009092268181760899,1.0
2025-08-21,2025-08-22,2025-08-25,OK,0.0013856155996851726,7.978087697882727e-08,3.191235079153091e-10,0.0013856152801194899,1.0
2025-08-22,2025-08-25,2025-08-26,OK,0.008094635514290597,1.099251043551862e-06,4.397004174207448e-09,0.008094631081694281,1.0
2025-08-25,2025-08-26,2025-08-27,OK,0.0019376334460795672,2.2725545339945143e-06,9.090218135978058e-09,0.0019376243382480673,1.0
2025-08-26,2025-08-27,2025-08-28,OK,0.006079390418355647,4.261476692610395e-06,1.704590677044158e-08,0.006079373268820021,1.0
2025-08-27,2025-08-28,2025-08-29,OK,-0.003983223271943511,7.580302066583283e-08,3.032120826633313e-10,-0.003983223573947869,1.0
2025-08-28,2025-08-29,2025-09-02,OK,-0.0015457711311524225,3.0663867557747144e-08,1.2265547023098859e-10,-0.001545771253618211,1.0
2025-08-29,2025-09-02,2025-09-03,OK,-0.0013289517753447167,7.48583619452541e-08,2.994334477810164e-10,-0.0013289520743803296,1.0
2025-09-02,2025-09-03,2025-09-04,OK,0.010048312376475611,5.279205243461621e-08,2.1116820973846485e-10,0.01004831216318558,1.0000000000000002
2025-09-03,2025-09-04,2025-09-05,OK,0.0017538805080689972,0.016283418433040472,6.513367373216189e-05,0.00168863259765617,1.0
2025-09-04,2025-09-05,2025-09-08,OK,-0.0015076022157492527,1.0277296381067766e-07,4.1109185524271063e-10,-0.0015076026262214048,1.0
2025-09-05,2025-09-08,2025-09-09,OK,0.0015597101226391419,0.016343803413193036,6.537521365277214e-05,0.001494232942603979,1.0
2025-09-08,2025-09-09,2025-09-10,OK,0.014892122989264019,0.0037532245095800503,1.5012898038320202e-05,0.01487688651730168,1.0
2025-09-09,2025-09-10,2025-09-11,OK,0.008193959858605503,0.027642745687990453,0.0001105709827519618,0.008082482861659468,1.0
2025-09-10,2025-09-11,2025-09-12,OK,-0.005960980426290824,0.006904117035487876,2.7616468141951505e-05,-0.0059884322732067785,1.0
2025-09-11,2025-09-12,2025-09-15,OK,0.011307049292070964,8.253840079015131e-08,3.3015360316060527e-10,0.011307048958184351,1.0
2025-09-12,2025-09-15,2025-09-16,OK,-0.0006822196733272667,0.006910201160874117,2.764080464349647e-05,-0.0007098416208699554,0.9999999999999998
2025-09-15,2025-09-16,2025-09-17,OK,0.0043710791393480886,7.252110862349551e-08,2.9008443449398203e-10,0.004371078847995813,1.0
2025-09-16,2025-09-17,2025-09-18,OK,0.004836436767977417,5.1633844826234914e-08,2.0653537930493966e-10,0.004836436560443191,1.0
2025-09-17,2025-09-18,2025-09-19,OK,0.00475075791973112,3.1739684899072544e-08,1.2695873959629018e-10,0.004750757792169269,1.0
2025-09-18,2025-09-19,2025-09-22,OK,0.010917975856069668,0.01258333173871921,5.033332695487684e-05,0.01086709299106614,1.0
2025-09-19,2025-09-22,2025-09-23,OK,0.004685611640969022,4.6351556329008635e-05,1.8540622531603454e-07,0.004685425366002249,1.0
2025-09-22,2025-09-23,2025-09-24,OK,-0.0019244615481296989,2.690697189361435e-08,1.076278875744574e-10,-0.0019244616555504912,1.0
2025-09-23,2025-09-24,2025-09-25,OK,-0.0032908868088992265,3.265545307079565e-08,1.306218122831826e-10,-0.0032908869390911866,1.0
2025-09-24,2025-09-25,2025-09-26,OK,0.007488753604021432,1.0013100269767872e-07,4.005240107907149e-10,0.007488753200497911,1.0
2025-09-25,2025-09-26,2025-09-29,OK,-0.005010064195592847,4.284500346174447e-08,1.7138001384697787e-10,-0.005010064366114175,1.0
2025-09-26,2025-09-29,2025-09-30,OK,0.003578386626346411,6.106969161617792e-08,2.442787664647117e-10,0.0035783863811933436,1.0
2025-09-29,2025-09-30,2025-10-01,OK,0.007736435971314149,0.012526312217437913,5.010524886975165e-05,0.007685943086394698,1.0
2025-09-30,2025-10-01,2025-10-02,OK,-0.0024831532394627553,8.13473410368748e-08,3.253893641474992e-10,-0.0024831535640441604,1.0
2025-10-01,2025-10-02,2025-10-03,OK,-0.0018200232491320167,1.7632673224617853e-07,7.053069289847142e-10,-0.0018200239531552809,1.0
2025-10-02,2025-10-03,2025-10-06,OK,0.01657973008116009,0.03870218846078337,0.00015480875384313346,0.016422354639964,0.9999999999999999
2025-10-03,2025-10-06,2025-10-07,OK,-0.012425346143856243,0.0022552111366384866,9.020844546553946e-06,-0.012434254901286801,0.9999999999999999
2025-10-06,2025-10-07,2025-10-08,OK,8.934770403686264e-06,0.02891095702607141,0.00011564382810428564,-0.00010671009095153394,1.0000000000000002
2025-10-07,2025-10-08,2025-10-09,OK,-0.014502685163898429,7.222116935071942e-08,2.8888467740287767e-10,-0.014502685448593455,1.0
2025-10-08,2025-10-09,2025-10-10,OK,-0.03160359586163005,5.129775831812161e-06,2.0519103327248644e-08,-0.031603615732255896,1.0000000000000002
2025-10-09,2025-10-10,2025-10-13,OK,0.02288256752784166,2.5126384455346413e-08,1.0050553782138566e-10,0.02288256742503636,1.0000000000000002
2025-10-10,2025-10-13,2025-10-14,OK,0.0034060494932047053,1.9375048440890913e-07,7.750019376356365e-10,0.003406048715562937,1.0
2025-10-13,2025-10-14,2025-10-15,OK,0.011898540783958694,9.823385683739425e-08,3.9293542734957704e-10,0.011898540386347856,1.0
2025-10-14,2025-10-15,2025-10-16,OK,0.0035867865781374414,6.510178348632397e-08,2.604071339452959e-10,0.003586786316796209,1.0
2025-10-15,2025-10-16,2025-10-17,OK,-0.004237319623700785,1.9007012757526222e-05,7.602805103010488e-08,-0.00423739532959666,1.0
2025-10-16,2025-10-17,2025-10-20,OK,0.025662882161230475,0.002117470835022553,8.469883340090212e-06,0.0256541949162723,0.9999999999999998
2025-10-17,2025-10-20,2025-10-21,OK,-0.006256072382554625,4.0523411549906724e-07,1.620936461996269e-09,-0.006256073993350486,1.0000000000000002
2025-10-20,2025-10-21,2025-10-22,OK,-0.013930737922227075,4.275621388910438e-07,1.7102485555641753e-09,-0.013930739608650655,1.0
2025-10-21,2025-10-22,2025-10-23,OK,0.014438691326904845,1.5108344811136433e-07,6.043337924454574e-10,0.014438690713845181,1.0
2025-10-22,2025-10-23,2025-10-24,OK,-0.006344714356034628,9.642456427402966e-08,3.8569825709611864e-10,-0.006344714739285773,1.0
2025-10-23,2025-10-24,2025-10-27,OK,-0.0009995508901101693,2.4104181510546694e-07,9.641672604218679e-10,-0.000999551853313685,1.0
2025-10-24,2025-10-27,2025-10-28,OK,-0.0012829786993704573,4.7572421521437564e-07,1.9028968608575028e-09,-0.0012829805998259003,1.0
2025-10-27,2025-10-28,2025-10-29,OK,-0.0029717369742314204,0.1126016645895813,0.00045040665835832525,-0.003420805142469674,1.0
2025-10-28,2025-10-29,2025-10-30,OK,-0.0022100279630566317,0.030155724967360457,0.00012062289986944183,-0.002330384282944409,0.9999999999999999
2025-10-29,2025-10-30,2025-10-31,OK,-0.0029529965848966986,0.023670830639456027,9.468332255782411e-05,-0.0030474003079262735,1.0
2025-10-30,2025-10-31,2025-11-03,OK,0.0024856759172763826,2.7518352593153272e-08,1.1007341037261309e-10,0.002485675806929377,1.0000000000000002
2025-10-31,2025-11-03,2025-11-04,OK,-0.010136310612845837,3.558570679547191e-08,1.4234282718188764e-10,-0.01013631075374577,1.0
2025-11-03,2025-11-04,2025-11-05,OK,0.014858296111963763,0.035901480727054014,0.00014360592290821607,0.014712556449729464,1.0
2025-11-04,2025-11-05,2025-11-06,OK,-0.0016298260154057136,0.02817153928836658,0.00011268615715346632,-0.001742328513728686,1.0
2025-11-05,2025-11-06,2025-11-07,OK,0.006154240732456937,0.011813284530631584,4.725313812252634e-05,0.006106696787147037,1.0
2025-11-06,2025-11-07,2025-11-10,OK,0.0201002322951295,0.011816321987544832,4.726528795017933e-05,0.02005201696391201,0.9999999999999999
2025-11-07,2025-11-10,2025-11-11,OK,0.009506194499543003,0.006942060411910573,2.7768241647642294e-05,0.009478162287589242,1.0000000000000002
2025-11-10,2025-11-11,2025-11-12,OK,0.0069714494312877575,0.012997601820237764,5.199040728095106e-05,0.006919096575511485,1.0
2025-11-11,2025-11-12,2025-11-13,OK,-0.021562020554249023,0.008105744120130163,3.242297648052065e-05,-0.021593744425844275,1.0
2025-11-12,2025-11-13,2025-11-14,OK,-0.0055485294021561755,6.685465576799726e-07,2.6741862307198905e-09,-0.00554853206150463,1.0
2025-11-13,2025-11-14,2025-11-17,OK,-0.009111818436459345,4.4553036448098693e-08,1.782121457923948e-10,-0.009111818613047662,1.0
2025-11-14,2025-11-17,2025-11-18,OK,-0.007268045404074632,0.016720871330013386,6.688348532005354e-05,-0.007334442777186645,0.9999999999999999
2025-11-17,2025-11-18,2025-11-19,OK,0.00852917774228195,6.84928436296167e-08,2.7397137451846685e-10,0.008529177465973925,1.0
2025-11-18,2025-11-19,2025-11-20,OK,-0.03266581943709898,0.009591837558917606,3.836735023567042e-05,-0.03270293348639963,1.0
2025-11-19,2025-11-20,2025-11-21,OK,0.006067319590455764,4.341163927420134e-06,1.7364655709680536e-08,0.006067302120443152,1.0000000000000002
2025-11-20,2025-11-21,2025-11-24,OK,0.01818071417897959,0.010250570785160082,4.1002283140640326e-05,0.01813896644504842,1.0
2025-11-21,2025-11-24,2025-11-25,OK,0.00029309873647797983,0.0005205844857901795,2.082337943160718e-06,0.00029101578820411866,1.0
2025-11-24,2025-11-25,2025-11-26,OK,0.01385887335502467,6.755265038351391e-08,2.7021060153405564e-10,0.013858873081069145,1.0
2025-11-25,2025-11-26,2025-11-28,OK,0.006856051617411466,9.51659239324296e-07,3.806636957297184e-09,0.006856047784675967,0.9999999999999998
2025-11-26,2025-11-28,2025-12-01,OK,-0.01183975051869891,4.393076392833672e-07,1.7572305571334688e-09,-0.011839752255124347,1.0
2025-11-28,2025-12-01,2025-12-02,OK,0.005619104560195534,8.941109648323964e-06,3.576443859329586e-08,0.005619068594792775,0.9999999999999999
2025-12-01,2025-12-02,2025-12-03,OK,0.0049903411575415255,4.554451801997926e-06,1.8217807207991706e-08,0.0049903228488212825,1.0000000000000002
2025-12-02,2025-12-03,2025-12-04,OK,0.0019875664941267947,0.0003668862271014844,1.4675449084059376e-06,0.0019860960323754284,1.0
2025-12-03,2025-12-04,2025-12-05,OK,-0.00917449864219206,0.023198312160290314,9.279324864116125e-05,-0.009266440559299594,1.0
2025-12-04,2025-12-05,2025-12-08,OK,-0.0017922420555597264,0.012110577553218116,4.844231021287247e-05,-0.0018405975454269807,1.0000000000000002
2025-12-05,2025-12-08,2025-12-09,OK,0.009496494817692517,9.457921965074462e-07,3.783168786029785e-09,0.00949649099859684,1.0
2025-12-08,2025-12-09,2025-12-10,OK,0.005513595918928343,0.0003458345312958674,1.3833381251834695e-06,0.005512204953635802,1.0
2025-12-09,2025-12-10,2025-12-11,OK,0.013249421625154632,0.007035538079924759,2.8142152319699035e-05,0.013220906605593497,1.0
2025-12-10,2025-12-11,2025-12-12,OK,-0.010887789084524492,6.815177157393415e-08,2.726070862957366e-10,-0.010887789354163457,1.0000000000000002
2025-12-11,2025-12-12,2025-12-15,OK,0.010561371332402106,2.9886122697606313e-06,1.1954449079042525e-08,0.010561359251697766,1.0000000000000002
2025-12-12,2025-12-15,2025-12-16,OK,-0.011887936237620512,0.1324609305659408,0.0005298437222637632,-0.012411481211498043,1.0
2025-12-15,2025-12-16,2025-12-17,OK,-0.01006459597782339,0.013920973047212586,5.568389218885035e-05,-0.01011971943413481,1.0000000000000002
2025-12-16,2025-12-17,2025-12-18,OK,0.010903872796491383,3.940188230023817e-08,1.5760752920095267e-10,0.010903872637165302,1.0
2025-12-17,2025-12-18,2025-12-19,OK,0.013243657803585076,0.028740811946181388,0.00011496324778472556,0.013127172021886624,1.0
2025-12-18,2025-12-19,2025-12-22,OK,0.014642622286775776,0.0026938841609475453,1.0775536643790182e-05,0.014631688968018919,1.0
2025-12-19,2025-12-22,2025-12-23,OK,0.0011050587484980766,0.016950518283204763,6.780207313281905e-05,0.001037181750091154,1.0
2025-12-22,2025-12-23,2025-12-24,OK,0.003283980513049482,0.00024137399352588203,9.65495974103528e-07,0.003283011846405559,1.0
2025-12-23,2025-12-24,2025-12-26,OK,-0.002712559386092056,0.022519417863859192,9.007767145543677e-05,-0.0028023927165142792,1.0
2025-12-24,2025-12-26,2025-12-29,OK,-0.012527397770198768,0.010193873821208697,4.077549528483479e-05,-0.01256766245463481,1.0
2025-12-26,2025-12-29,2025-12-30,OK,0.002009369700523625,0.0123168900009353,4.9267560003741195e-05,0.0019600031437776444,1.0
2025-12-29,2025-12-30,2025-12-31,OK,-0.011950779189722233,4.860163352840997e-07,1.9440653411363987e-09,-0.011950781110554476,1.0
2025-12-30,2025-12-31,2026-01-02,OK,0.021434742304450242,0.006893458823916189,2.7573835295664754e-05,0.02140657743110075,0.9999999999999999
2025-12-31,2026-01-02,2026-01-05,OK,0.0242231333085151,0.007480183429225479,2.9920733716901913e-05,0.024192487800876572,1.0
2026-01-02,2026-01-05,2026-01-06,OK,0.02217145107850832,0.007480867634965726,2.9923470539862907e-05,0.02214086416120531,1.0
2026-01-05,2026-01-06,2026-01-07,OK,-0.016118086557672096,2.247992083009611e-06,8.991968332038444e-09,-0.0161180954047071,1.0
2026-01-06,2026-01-07,2026-01-08,OK,-0.0003844315290011775,0.00043430596786458693,1.7372238714583477e-06,-0.0003861680850288929,1.0
2026-01-07,2026-01-08,2026-01-09,OK,0.01993374900412712,0.016492332439348546,6.596932975739418e-05,0.019866464658308436,1.0000000000000002
2026-01-08,2026-01-09,2026-01-12,OK,0.015255235113853986,1.2812748550016836e-07,5.125099420006735e-10,0.015255234593525513,1.0000000000000002
2026-01-09,2026-01-12,2026-01-13,OK,0.007598552537896404,6.17963267555497e-08,2.471853070221988e-10,0.007598552288832883,1.0
2026-01-12,2026-01-13,2026-01-14,OK,0.007052284953852923,2.509605280753758e-06,1.0038421123015032e-08,0.007052274844638218,1.0
2026-01-13,2026-01-14,2026-01-15,OK,0.01704426524414857,1.5477762142625616e-07,6.191104857050247e-10,0.017044264614485716,1.0
2026-01-14,2026-01-15,2026-01-16,OK,0.004449052337793656,4.932291785807729e-08,1.9729167143230918e-10,0.004449052139624099,0.9999999999999998
2026-01-15,2026-01-16,2026-01-20,OK,-0.012640355635574769,1.8156274606328871e-07,7.262509842531549e-10,-0.012640356352645599,1.0
2026-01-16,2026-01-20,2026-01-21,OK,0.017433559340983826,0.018140711152253623,7.25628446090145e-05,0.01735973146771741,1.0
2026-01-20,2026-01-21,2026-01-22,OK,0.004078926201044897,0.016010346813717997,6.404138725487199e-05,0.004014623593697753,1.0000000000000002
2026-01-21,2026-01-22,2026-01-23,OK,0.005953794400491,0.008691856836718269,3.476742734687308e-05,0.005918819975029965,1.0
2026-01-22,2026-01-23,2026-01-26,OK,0.005946103913634013,0.011478920740435786,4.5915682961743145e-05,0.005899915211249995,1.0
2026-01-23,2026-01-26,2026-01-27,OK,0.02397863209152318,0.08419096216102352,0.0003367638486440941,0.02363379310645075,1.0
2026-01-26,2026-01-27,2026-01-28,OK,0.004367680784183443,1.384364129237273e-07,5.537456516949092e-10,0.004367680228019255,1.0
2026-01-27,2026-01-28,2026-01-29,OK,0.005530171797722809,0.01902116951084486,7.608467804337944e-05,0.00545366635833866,1.0
2026-01-28,2026-01-29,2026-01-30,OK,-0.0469304780102826,0.016595572632600433,6.638229053040174e-05,-0.04699374494818698,1.0
2026-01-29,2026-01-30,2026-02-02,OK,-0.0027168838463895234,0.029926473489160044,0.00011970589395664018,-0.002836264513336517,1.0
2026-01-30,2026-02-02,2026-02-03,OK,0.005099613276032973,0.02184871660358721,8.739486641434883e-05,0.005011772729597519,0.9999999999999999
2026-02-02,2026-02-03,2026-02-04,OK,-0.012461105156911734,0.12597057871746487,0.0005038823148698594,-0.012958708541269237,1.0
2026-02-03,2026-02-04,2026-02-05,OK,-0.007802325966692534,0.04907580598848449,0.00019630322395393796,-0.007997097568904876,0.9999999999999998
2026-02-04,2026-02-05,2026-02-06,OK,0.03419461606232761,0.03223855975207672,0.00012895423900830688,0.03406125228262691,0.9999999999999999
2026-02-05,2026-02-06,2026-02-09,OK,0.00742521825482594,0.008339416302203808,3.335766520881523e-05,0.007391612901672451,1.0
2026-02-06,2026-02-09,2026-02-10,OK,-0.003658334655954901,1.3799746637170827e-06,5.519898654868331e-09,-0.0036583401556599116,1.0
2026-02-09,2026-02-10,2026-02-11,OK,0.020281225732852744,1.2030444442073877e-07,4.812177776829551e-10,0.020281225241875367,1.0
2026-02-10,2026-02-11,2026-02-12,OK,-0.01308639235621861,0.02623932540415159,0.00010495730161660637,-0.013189976145405624,1.0000000000000002
2026-02-11,2026-02-12,2026-02-13,OK,0.01065689637837853,0.044970999584340185,0.00017988399833736074,0.01047509537491087,1.0
2026-02-12,2026-02-13,2026-02-17,OK,-0.006289323773990628,0.008408763887749096,3.3635055550996385e-05,-0.006322747287787034,1.0
2026-02-13,2026-02-17,2026-02-18,OK,0.009024481493128733,0.03289433526316894,0.00013157734105267578,0.008891716734796828,1.0
2026-02-17,2026-02-18,2026-02-19,OK,0.006406005352212172,0.006775978824093193,2.7103915296372774e-05,0.006378727809089213,1.0
2026-02-18,2026-02-19,2026-02-20,OK,-0.0011464958741374855,0.017327402284026808,6.930960913610723e-05,-0.0012157260200926778,1.0
2026-02-19,2026-02-20,2026-02-23,OK,0.0031339634982579636,0.012895298502714092,5.158119401085637e-05,0.0030822206506677663,1.0
2026-02-20,2026-02-23,2026-02-24,OK,0.008131854763978694,0.04637578728954088,0.00018550314915816352,0.0079448431301532,1.0
2026-02-23,2026-02-24,2026-02-25,OK,0.0035995340954084725,0.01784665551066736,7.138662204266943e-05,0.0035278905147857476,1.0
2026-02-24,2026-02-25,2026-02-26,OK,-0.0033889994675662264,0.033221770386580876,0.0001328870815463235,-0.0035214361948640027,1.0
2026-02-25,2026-02-26,2026-02-27,OK,0.012241885608877213,0.04199992609470097,0.00016799970437880388,0.0120718292713351,0.9999999999999999
2026-02-26,2026-02-27,2026-03-02,OK,0.01685721093749583,0.04053679497755316,0.00016214717991021264,0.016692330408370815,1.0
2026-02-27,2026-03-02,2026-03-03,OK,-0.027098092313510957,3.978180297908085e-07,1.591272119163234e-09,-0.02709809386166262,1.0
2026-03-02,2026-03-03,2026-03-04,OK,0.0036029889038253896,0.003139544588166385,1.2558178352665541e-05,0.0035903854784955502,1.0
2026-03-03,2026-03-04,2026-03-05,OK,-0.016691097612715432,0.04022244313148339,0.00016088977252593357,-0.016849301958343332,1.0
2026-03-04,2026-03-05,2026-03-06,OK,0.006857105237696945,0.046171914535960826,0.0001846876581438433,0.006671151156845134,1.0
2026-03-05,2026-03-06,2026-03-09,OK,0.015202629135635196,0.0112164561462833,4.48658245851332e-05,0.0151570812325581,1.0
2026-03-06,2026-03-09,2026-03-10,OK,-0.0015911750627772704,0.018569898086783304,7.427959234713322e-05,-0.0016653364632894796,1.0
2026-03-09,2026-03-10,2026-03-11,OK,0.00953200398894649,1.1064312021714946e-07,4.4257248086859784e-10,0.009532003542155332,1.0
2026-03-10,2026-03-11,2026-03-12,OK,-0.00819388108281358,0.03935674309615726,0.00015742697238462904,-0.00835001811730729,1.0
2026-03-11,2026-03-12,2026-03-13,OK,-0.0036844361873074275,0.04235269259049664,0.00016941077036198657,-0.003853222774496623,1.0
2026-03-12,2026-03-13,2026-03-16,OK,0.009714912448169433,0.034633548624652136,0.00013853419449860854,0.009575032406100137,1.0000000000000002
2026-03-13,2026-03-16,2026-03-17,OK,0.0053178380375695855,1.597349335176209e-07,6.389397340704836e-10,0.005317837395232061,1.0
2026-03-16,2026-03-17,2026-03-18,OK,-0.004639081927745621,1.7626048164322167e-05,7.050419265728868e-08,-0.004639152104863653,1.0000000000000002
2026-03-17,2026-03-18,2026-03-19,OK,-0.0036552799509482507,1.7767654508910792e-07,7.107061803564317e-10,-0.0036552806590566256,1.0
2026-03-18,2026-03-19,2026-03-20,OK,-0.018182145964094263,1.1128902044554608e-07,4.4515608178218436e-10,-0.018182146401156563,1.0
2026-03-19,2026-03-20,2026-03-23,OK,0.005369591493500695,0.09148338767150493,0.00036593355068601977,0.005001693029133891,1.0
2026-03-20,2026-03-23,2026-03-24,OK,0.011663626970044675,1.6250780075250505e-07,6.500312030100202e-10,0.011663626312431674,1.0
2026-03-23,2026-03-24,2026-03-25,OK,0.000343261404385929,0.048708123853992494,0.00019483249541596997,0.00014836203049384267,1.0
2026-03-24,2026-03-25,2026-03-26,OK,-0.0058612360694522215,0.02819642006981298,0.00011278568027925193,-0.005973360686234108,1.0
2026-03-25,2026-03-26,2026-03-27,OK,-0.0018078938519148187,0.07208100033481832,0.00028832400133927327,-0.002095696594064722,1.0
2026-03-26,2026-03-27,2026-03-30,OK,-0.01133397716646738,0.020149695287257883,8.059878114903153e-05,-0.01141366244287123,1.0
2026-03-27,2026-03-30,2026-03-31,OK,0.017545940534031558,0.0009418907409201465,3.7675629636805865e-06,0.017542106865632068,1.0
2026-03-30,2026-03-31,2026-04-01,OK,-0.0029819574327563914,0.1105536943393522,0.00044221477735740877,-0.0034228535444715824,0.9999999999999998
2026-03-31,2026-04-01,2026-04-02,OK,0.010310922802962011,0.06440288509627975,0.000257611540385119,0.010050655049870905,1.0
2026-04-01,2026-04-02,2026-04-06,OK,0.010892180552790504,0.07069512915735952,0.0002827805166294381,0.010606319939717057,1.0000000000000002
2026-04-02,2026-04-06,2026-04-07,OK,-0.004255375875528343,1.2593152278316193e-07,5.037260911326477e-10,-0.004255376377110931,1.0
2026-04-06,2026-04-07,2026-04-08,OK,0.013031402438961897,0.08325982330941871,0.00033303929323767485,0.012694023176666125,1.0
2026-04-07,2026-04-08,2026-04-09,OK,0.015678485654270432,8.326019853746244e-08,3.3304079414984977e-10,0.01567848531600813,1.0
2026-04-08,2026-04-09,2026-04-10,OK,0.0002847211739407977,0.01824601954034475,7.2984078161379e-05,0.00021171631566696547,1.0
2026-04-09,2026-04-10,2026-04-13,OK,0.007619154825952354,0.07821747154968592,0.0003128698861987437,0.007303901135650381,1.0
2026-04-10,2026-04-13,2026-04-14,OK,-0.009498004735258652,0.014946139167469088,5.9784556669876355e-05,-0.009557221457926146,1.0000000000000002
2026-04-13,2026-04-14,2026-04-15,OK,-0.010696951518541206,0.03716736435537698,0.0001486694574215079,-0.010844030665984383,1.0
2026-04-14,2026-04-15,2026-04-16,OK,0.010614174692115865,0.051414715154348534,0.00020565886061739414,0.010406332932424878,1.0
2026-04-15,2026-04-16,2026-04-17,OK,-0.0028059128968311088,0.049758755974388516,0.00019903502389755407,-0.0030043894457880693,0.9999999999999997
2026-04-16,2026-04-17,2026-04-20,OK,0.0039675254235817005,1.2233977691043146e-07,4.893591076417259e-10,0.003967524932281252,1.0
2026-04-17,2026-04-20,2026-04-21,OK,0.0023081449252313297,0.04951752007832373,0.00019807008031329492,0.0021096176704673564,0.9999999999999999
2026-04-20,2026-04-21,2026-04-22,OK,-0.0007576011053435049,0.0013739252775764935,5.495701110305974e-06,-0.0007630926429045282,1.0
2026-04-21,2026-04-22,2026-04-23,OK,0.0015765231308004716,0.0952446278974002,0.0003809785115896008,0.0011949439977749776,1.0
2026-04-22,2026-04-23,2026-04-24,OK,-0.004121491030326099,0.16190087594958724,0.000647603503798349,-0.004766425442092381,1.0
2026-04-23,2026-04-24,2026-04-27,OK,-0.005225776080868747,0.06727111977076944,0.00026908447908307773,-0.005493454384717267,1.0
2026-04-24,2026-04-27,2026-04-28,OK,-0.0035674368685342916,0.04125962021241834,0.00016503848084967334,-0.00373188658502277,0.9999999999999999
2026-04-27,2026-04-28,2026-04-29,OK,0.011973737939497488,0.023631980239768112,9.452792095907246e-05,0.011878078165984851,1.0
2026-04-28,2026-04-29,2026-04-30,OK,0.00086882445675714,2.7716789136093213e-07,1.1086715654437285e-09,0.0008688233471223494,1.0
2026-04-29,2026-04-30,2026-05-01,OK,-0.008167353408349072,0.022446702595522155,8.978681038208862e-05,-0.00825640689811935,1.0000000000000002
2026-04-30,2026-05-01,2026-05-04,OK,-0.0035750336646608264,0.021056364903260936,8.422545961304375e-05,-0.003658958015420377,1.0
2026-05-01,2026-05-04,2026-05-05,OK,-0.0003692530633494883,0.020484675466391662,8.193870186556666e-05,-0.0004511615090982968,1.0
2026-05-04,2026-05-05,2026-05-06,OK,-0.0037367767661264533,0.01640514498497317,6.562057993989268e-05,-0.0038021521366078392,1.0
2026-05-05,2026-05-06,2026-05-07,OK,-0.013344135813551683,0.016405966092215188,6.562386436886075e-05,-0.013408883984161735,1.0000000000000002
2026-05-06,2026-05-07,2026-05-08,OK,0.012464805611192498,0.05639967802004252,0.0002255987120801701,0.01223639485502015,1.0
2026-05-07,2026-05-08,2026-05-11,OK,0.0005355254517646043,0.007698322222452034,3.0793288889808134e-05,0.0005047156722848278,1.0
2026-05-08,2026-05-11,2026-05-12,OK,0.0017699550947743218,0.007762320478817955,3.104928191527182e-05,0.0017388508570244099,1.0
2026-05-11,2026-05-12,2026-05-13,OK,-0.005945039572045917,0.043177496797303976,0.0001727099871892159,-0.006116722791526863,1.0
2026-05-12,2026-05-13,2026-05-14,OK,0.009373180326415143,0.02138770808554215,8.555083234216861e-05,0.009286827610694326,1.0
2026-05-13,2026-05-14,2026-05-15,OK,-0.009406562786180721,7.607361843171422e-05,3.0429447372685687e-07,-0.00940686421828929,1.0
2026-05-14,2026-05-15,2026-05-18,OK,0.009174846166064376,0.10674469604432632,0.0004269787841773053,0.008743949917225935,1.0
2026-05-15,2026-05-18,2026-05-19,OK,-0.005133152514458024,7.577709323580182e-08,3.031083729432073e-10,-0.005133152816010567,1.0
2026-05-18,2026-05-19,2026-05-20,OK,-0.0027400148379385972,0.033585241280188985,0.00013434096512075596,-0.002873987706821568,1.0
2026-05-19,2026-05-20,2026-05-21,OK,-0.004361220176894493,0.009590318844838935,3.836127537935574e-05,-0.004399414150305647,1.0
2026-05-20,2026-05-21,2026-05-22,OK,0.005366721185805021,0.036375613840470576,0.0001455024553618823,0.005220437859333238,0.9999999999999999
2026-05-21,2026-05-22,2026-05-26,OK,0.0006114004655571876,0.07704298458600997,0.0003081719383440399,0.0003030401107464442,1.0
2026-05-22,2026-05-26,2026-05-27,OK,-0.006981627355411314,0.058787621899621355,0.00023515048759848543,-0.0072151361099329625,0.9999999999999998
2026-05-26,2026-05-27,2026-05-28,OK,-0.005099374354265561,0.059503483884500386,0.00023801393553800156,-0.00533617456764468,1.0000000000000002
2026-05-27,2026-05-28,2026-05-29,OK,-0.006907595697922499,0.047121763223225366,0.00018848705289290147,-0.007094780758459707,1.0
2026-05-28,2026-05-29,2026-06-01,OK,0.0008013743131805774,1.9872646355690117e-07,7.949058542276047e-10,0.0008013735176377601,0.9999999999999999
2026-05-29,2026-06-01,2026-06-02,OK,0.00828428725477837,0.11746783991206057,0.0004698713596482423,0.007810523345813891,0.9999999999999998
2026-06-01,2026-06-02,2026-06-03,OK,-0.0016942073630048914,0.023485238028974245,9.394095211589699e-05,-0.0017879891596679354,1.0
2026-06-02,2026-06-03,2026-06-04,OK,0.010097968398163145,0.08645224440944951,0.00034580897763779805,0.009748667452397441,1.0
2026-06-03,2026-06-04,2026-06-05,OK,-0.026586408221421384,0.035919378154572607,0.00014367751261829044,-0.026726265865037013,1.0
2026-06-04,2026-06-05,2026-06-08,OK,0.021873296464349025,0.01190803764215603,4.763215056862412e-05,0.02182462244162986,1.0
2026-06-05,2026-06-08,2026-06-09,OK,0.00790973873093826,0.04890056804694048,0.00019560227218776193,0.007712589295882477,1.0
2026-06-08,2026-06-09,2026-06-10,OK,-0.003281568139168073,0.04454079361626949,0.00017816317446507797,-0.0034591466590362385,1.0
2026-06-09,2026-06-10,2026-06-11,OK,0.03559823301590795,0.05882035709746668,0.0002352814283898667,0.035354575984405834,1.0000000000000002
2026-06-10,2026-06-11,2026-06-12,OK,0.017582370168488962,0.023045951193189928,9.218380477275971e-05,0.017488565553937185,0.9999999999999999
2026-06-11,2026-06-12,2026-06-15,OK,-0.012730973310217017,0.005449117488944165,2.1796469955776662e-05,-0.0127524922898955,1.0
2026-06-12,2026-06-15,2026-06-16,OK,-0.019253973028557088,0.026566983452548237,0.00010626793381019295,-0.019358194882435953,1.0
2026-06-15,2026-06-16,2026-06-17,OK,-0.013652844106093742,0.009622947577749714,3.8491790310998855e-05,-0.013690810373992224,1.0
2026-06-16,2026-06-17,2026-06-18,OK,0.014692706178171408,0.009813777618404008,3.925511047361603e-05,0.014652874303893615,1.0
2026-06-17,2026-06-18,2026-06-22,OK,0.011845957372855532,0.03901088248121771,0.00015604352992487083,0.011688065357926991,1.0
2026-06-18,2026-06-22,2026-06-23,OK,-0.01699935656007033,0.00789281636588917,3.157126546355668e-05,-0.017030391134335243,1.0
2026-06-22,2026-06-23,2026-06-24,OK,-0.009691124678869524,0.05304064343893704,0.00021216257375574816,-0.00990123115867092,1.0
2026-06-23,2026-06-24,2026-06-25,OK,0.024789124780955275,0.047132886861953605,0.00018853154744781443,0.024595919701452695,1.0
2026-06-24,2026-06-25,2026-06-26,OK,-0.005332606464476717,0.009773894278004291,3.909557711201717e-05,-0.005371493560261564,1.0
2026-06-25,2026-06-26,2026-06-29,OK,0.017365322652358756,0.028960136751323574,0.00011584054700529429,0.01724747049687836,1.0
2026-06-26,2026-06-29,2026-06-30,OK,0.009761406732366949,0.00794871004638604,3.1794840185544165e-05,0.009729301529814327,0.9999999999999999
2026-06-29,2026-06-30,2026-07-01,OK,-0.021122404364898987,0.03851712007284308,0.00015406848029137234,-0.021273218548449768,1.0
2026-06-30,2026-07-01,2026-07-02,OK,-0.017284737892788254,0.01117830927799991,4.471323711199964e-05,-0.01732867827331641,1.0
2026-07-01,2026-07-02,2026-07-06,OK,-0.005115103240227524,0.022012590535319274,8.80503621412771e-05,-0.005202703215676174,1.0
2026-07-02,2026-07-06,2026-07-07,OK,-0.0020567887633317528,0.05596929771996429,0.00022387719087985718,-0.0022802054861210674,1.0000000000000002
2026-07-06,2026-07-07,2026-07-08,OK,0.0065853427039396575,0.07834203686989054,0.00031336814747956216,0.006269910919816546,1.0
2026-07-07,2026-07-08,2026-07-09,OK,0.007067899101884858,0.06281104568312602,0.0002512441827325041,0.006814879150618847,0.9999999999999999
2026-07-08,2026-07-09,2026-07-10,OK,0.004340118231181244,0.06797255620183028,0.00027189022480732114,0.004067047970652382,1.0
2026-07-09,2026-07-10,2026-07-13,OK,0.00508337364911564,0.02924850918786176,0.00011699403675144704,0.0049657848879605115,1.0
2026-07-10,2026-07-13,2026-07-14,OK,0.006210329161347764,0.041500126958800204,0.0001660005078352008,0.0060432977357178785,1.0
2026-07-13,2026-07-14,2026-07-15,OK,-0.009477925060708707,0.02559620778898547,0.00010238483115594188,-0.009579339496107564,1.0
2026-07-14,2026-07-15,2026-07-16,OK,-0.001915907481960565,0.025585798421787355,0.00010234319368714943,-0.0020180545955572615,1.0000000000000002
2026-07-15,2026-07-16,2026-07-17,OK,0.00012637799540270687,0.02301165092848525,9.2046603713941e-05,3.431975902334905e-05,1.0
2026-07-16,2026-07-17,2026-07-20,OK,-0.006729948716492702,0.01795528738325728,7.182114953302912e-05,-0.00680128651337264,1.0000000000000002
2026-07-17,2026-07-20,2026-07-21,OK,0.02088577878390936,1.1732165580257432e-07,4.692866232102973e-10,0.0208857783048213,1.0
2026-07-20,2026-07-21,2026-07-22,OK,0.0005311991440585902,0.051948480211226895,0.00020779392084490758,0.0003232948432607685,0.9999999999999999
2026-07-21,2026-07-22,2026-07-23,OK,0.002425216252320292,0.017500333264749514,7.000133305899806e-05,0.002355045150890689,1.0
2026-07-22,2026-07-23,2026-07-24,OK,-0.0039301140638856895,0.03762319187546336,0.00015049276750185345,-0.004080015377645463,0.9999999999999998
2026-07-23,2026-07-24,2026-07-27,OK,-0.01207000308423407,0.002927260976121316,1.1709043904485264e-05,-0.012081570799942543,1.0
2026-07-24,2026-07-27,2026-07-28,OK,0.007542214889692828,6.287384033365933e-08,2.5149536133463733e-10,0.00754221463630067,1.0000000000000002
2026-07-27,2026-07-28,2026-07-29,OK,-0.01908281535778623,0.0073919343791369226,2.956773751654769e-05,-0.019111818859627094,1.0
2026-07-28,2026-07-29,2026-07-30,OK,0.011128388727590088,0.06458624990781127,0.00025834499963124505,0.0108671687643771,0.9999999999999999
2026-07-29,2026-07-30,2026-07-31,OK,0.00031902030753913483,0.031558409068970034,0.00012623363627588014,0.0001927464001698631,1.0
2026-07-30,2026-07-31,2026-08-03,OK,-0.0036546500300479352,0.03789653711256197,0.00015158614845024788,-0.0038056821841762067,1.0
2026-07-31,2026-08-03,2026-08-04,OK,0.0015296243234807563,0.010283177006756747,4.113270802702699e-05,0.0014884286978631422,1.0
2026-08-03,2026-08-04,2026-08-05,OK,-0.0030282636937115537,0.09036146696963362,0.0003614458678785345,-0.003388615008191209,1.0
2026-08-04,2026-08-05,2026-08-06,OK,0.0008317001525063427,0.001721817099049641,6.887268396198564e-06,0.0008248071559682213,1.0
2026-08-05,2026-08-06,2026-08-07,OK,-0.0034903609312211988,0.007133711511901241,2.8534846047604965e-05,-0.003518796180356998,1.0
2026-08-06,2026-08-07,2026-08-10,OK,0.010271158965974147,0.06882956234960214,0.00027531824939840854,0.009993012879069951,1.0000000000000002
2026-08-07,2026-08-10,2026-08-11,OK,-0.009520371736958518,0.004281096021092381,1.7124384084369524e-05,-0.009537333090540723,1.0
2026-08-10,2026-08-11,2026-08-12,OK,0.0014883310906360612,0.008379508284838818,3.3518033139355274e-05,0.0014547631715657872,0.9999999999999998
2026-08-11,2026-08-12,2026-08-13,OK,0.00409547164805184,0.021391791805550397,8.55671672222016e-05,0.004009554042922359,1.0
2026-08-12,2026-08-13,2026-08-14,OK,0.002551265142800503,0.024802767520856188,9.921107008342475e-05,0.002451800958972239,1.0
2026-08-13,2026-08-14,2026-08-17,OK,-0.003367065736140691,0.032178910989235636,0.00012871564395694254,-0.003495347986063102,1.0
2026-08-14,2026-08-17,2026-08-18,OK,-0.0010162829453553314,0.01664426323456982,6.657705293827929e-05,-0.0010827923371702353,1.0
2026-08-17,2026-08-18,2026-08-19,OK,-0.0029286675675606255,0.02334052108051217,9.336208432204868e-05,-0.0030217562253742614,1.0
2026-08-18,2026-08-19,2026-08-20,OK,-0.002493811109664435,0.037109526929414396,0.00014843810771765758,-0.0026418790407799486,1.0
2026-08-19,2026-08-20,2026-08-21,OK,0.007664788538050625,0.009348222360665027,3.739288944266011e-05,0.00762710904001751,1.0
2026-08-20,2026-08-21,2026-08-24,OK,0.006300830223691211,0.008296795733610609,3.3187182934442435e-05,0.006267433933951461,1.0
2026-08-21,2026-08-24,2026-08-25,OK,-0.011625615657656988,0.011962909680232831,4.785163872093132e-05,-0.011672910991617491,1.0
2026-08-24,2026-08-25,2026-08-26,OK,0.0018418826002317896,0.09322843540729307,0.0003729137416291723,0.0014682819952704929,1.0
2026-08-25,2026-08-26,2026-08-27,OK,-0.0016722436598982635,0.03643274428729652,0.00014573097714918608,-0.001817730939344897,1.0000000000000002
2026-08-26,2026-08-27,2026-08-28,OK,0.004534460698763156,0.03741084717879396,0.00014964338871517586,0.004384138757983047,1.0
2026-08-27,2026-08-28,2026-08-31,OK,-0.0016376710672529457,0.030989253888682518,0.00012395701555473006,-0.0017614250819897315,1.0
2026-08-28,2026-08-31,2026-08-31,OK,0.0,0.14007956788941828,0.0005603182715576731,-0.0005603182715576693,1.0
