signal_date,execution_date,interval_end,status,gross_return,turnover,cost_return,net_return_approx,weighted_price_coverage
2014-01-31,2014-02-03,2014-02-04,OK,0.002491777664274096,0.5,0.006,-0.003523173001711566,1.0
2014-02-03,2014-02-04,2014-02-05,OK,-0.005310017838279007,0.2316922700382612,0.0027803072404591345,-0.008075561597695402,1.0
2014-02-04,2014-02-05,2014-02-06,OK,0.017247064114218533,0.04201840781327917,0.00050422089375935,0.016734146890376778,1.0
2014-02-05,2014-02-06,2014-02-07,OK,0.02672327613966084,0.1638701009394752,0.0019664412112737027,0.02470428517688572,1.0
2014-02-06,2014-02-07,2014-02-10,OK,-0.0042622550901834835,0.44236968487533207,0.005308436218503985,-0.009548065399394234,1.0
2014-02-07,2014-02-10,2014-02-11,OK,0.005562932094851045,0.07108731081033148,0.0008530477297239779,0.0047051389185330805,1.0
2014-02-10,2014-02-11,2014-02-12,OK,0.009101016204903535,0.20301119012312113,0.0024361342814774537,0.006642710625852866,1.0000000000000002
2014-02-11,2014-02-12,2014-02-13,OK,0.0009301658509423653,0.8978665692646499,0.0107743988311758,-0.009854254958090558,1.0
2014-02-12,2014-02-13,2014-02-14,OK,-0.004828487370092045,0.08939171407310874,0.0010727005688773049,-0.005896008417820564,1.0
2014-02-13,2014-02-14,2014-02-18,OK,-0.01811846029974788,0.9897854984599144,0.011877425981518972,-0.029780685610157454,1.0
2014-02-14,2014-02-18,2014-02-19,OK,-0.004969048682932877,0.5361916196130057,0.006434299435356068,-0.011371375771154213,1.0
2014-02-18,2014-02-19,2014-02-20,OK,0.0032140175497467854,0.0965016270073838,0.0011580195240886056,0.0020522761305847848,1.0
2014-02-19,2014-02-20,2014-02-21,OK,0.008505209861244194,0.3996480141619924,0.0047957761699439095,0.0036686446085274493,1.0
2014-02-20,2014-02-21,2014-02-24,OK,0.024282190525951045,0.10513597954441019,0.0012616317545329223,0.022989923588780936,0.9999999999999999
2014-02-21,2014-02-24,2014-02-25,OK,-0.02291078311327361,0.30082178310841795,0.0036098613973010157,-0.02643793975903208,1.0
2014-02-24,2014-02-25,2014-02-26,OK,-0.02001253267053518,0.19714387760298555,0.0023657265312358264,-0.022330915022275022,1.0
2014-02-25,2014-02-26,2014-02-27,OK,0.040357535603802966,0.13439581037765352,0.0016127497245318424,0.03867969927484349,1.0
2014-02-26,2014-02-27,2014-02-28,OK,-0.02743472124460611,0.020527634438527547,0.0002463316132623306,-0.027674294818724854,1.0
2014-02-27,2014-02-28,2014-03-03,OK,-0.02172732147066435,0.033394732739681215,0.0004007367928761746,-0.022119351326416625,1.0
2014-02-28,2014-03-03,2014-03-04,OK,0.016851152789473783,0.5035659992375991,0.00604279199085119,0.010706532787509548,1.0
2014-03-03,2014-03-04,2014-03-05,OK,-0.0038737161779246673,0.20837282014315603,0.0025004738417178725,-0.006364503893669382,1.0
2014-03-04,2014-03-05,2014-03-06,OK,-0.00222378634510056,0.08180985516570857,0.0009817182619885029,-0.0032033214754232375,1.0000000000000002
2014-03-05,2014-03-06,2014-03-07,OK,-0.011318287959486265,0.3020022103485905,0.003624026524183086,-0.014901296707895861,1.0
2014-03-06,2014-03-07,2014-03-10,OK,-0.008364344133180223,0.3396367911071737,0.004075641493286084,-0.01240589555845295,1.0
2014-03-07,2014-03-10,2014-03-11,OK,-0.006277149572866891,0.4222449516915549,0.005066939420298659,-0.011312283056547634,1.0
2014-03-10,2014-03-11,2014-03-12,OK,0.00011435729313937664,0.07501793857608102,0.0009002152629129723,-0.0007859609159541758,1.0
2014-03-11,2014-03-12,2014-03-13,OK,-0.01486397256224986,0.11788385434813735,0.0014146062521776482,-0.016257552145908738,0.9999999999999999
2014-03-12,2014-03-13,2014-03-14,OK,-0.011007485736989429,0.1725139218173044,0.002070167061807653,-0.013054865464390941,1.0
2014-03-13,2014-03-14,2014-03-17,OK,0.0034758130562158457,0.3638612076938549,0.004366334492326258,-0.0009056979985466729,1.0
2014-03-14,2014-03-17,2014-03-18,OK,-0.014830287712956775,0.5132854485767421,0.006159425382920905,-0.020898367045302457,1.0000000000000002
2014-03-17,2014-03-18,2014-03-19,OK,0.002709405619818586,0.28619408630717313,0.0034343290356860776,-0.0007342284062570315,1.0
2014-03-18,2014-03-19,2014-03-20,OK,0.008858131533957954,0.21707356262969235,0.0026048827515563083,0.006230174388357712,1.0
2014-03-19,2014-03-20,2014-03-21,OK,0.01728773440252543,0.18055836857199042,0.002166700422863885,0.015083576638221352,0.9999999999999999
2014-03-20,2014-03-21,2014-03-24,OK,0.028340330447854143,0.8954826698858436,0.010745792038630124,0.017289999111925303,0.9999999999999999
2014-03-21,2014-03-24,2014-03-25,OK,0.004998800643080224,0.4902132281598094,0.005882558737917713,-0.0009131638332396941,1.0
2014-03-24,2014-03-25,2014-03-26,OK,-0.012848920448872717,0.5130672949104569,0.006156807538925483,-0.018926619657511523,1.0
2014-03-25,2014-03-26,2014-03-27,OK,0.0500220301509191,0.344280324794571,0.004131363897534852,0.04568400704393727,1.0
2014-03-26,2014-03-27,2014-03-28,OK,0.019228694991556466,0.28785159683546857,0.003454219162025623,0.015708055702830404,1.0
2014-03-27,2014-03-28,2014-03-31,OK,-0.0036379018153248318,0.47199080615437256,0.00566388967385247,-0.009281186814650955,1.0
2014-03-28,2014-03-31,2014-04-01,OK,0.006296608039026778,0.8718530544887154,0.010462236653864585,-0.004231505218258769,1.0
2014-03-31,2014-04-01,2014-04-02,OK,0.006819260425179632,0.5971306700566793,0.007165568040680152,-0.0003951714900642944,1.0000000000000002
2014-04-01,2014-04-02,2014-04-03,OK,-0.007822006564369991,0.229267915161357,0.002751214981936284,-0.010551701524657675,1.0
2014-04-02,2014-04-03,2014-04-04,OK,-0.010240759621316459,0.2497064174052134,0.002996477008862561,-0.013206550429420427,1.0
2014-04-03,2014-04-04,2014-04-07,OK,-0.0065612714271694695,0.2582569216383591,0.0030990830596603096,-0.009640020561699991,1.0
2014-04-04,2014-04-07,2014-04-08,OK,0.002565613827487358,0.13685159342207465,0.0016422191210648958,0.0009191814063378434,1.0
2014-04-07,2014-04-08,2014-04-09,OK,0.010589750861180174,0.18958193018285113,0.0022749831621942137,0.008290676194084856,1.0
2014-04-08,2014-04-09,2014-04-10,OK,-0.01886446921480074,0.05392952408877286,0.0006471542890652743,-0.019499415281702737,1.0
2014-04-09,2014-04-10,2014-04-11,OK,-0.003686369969094505,0.010571577324834727,0.00012685892789801673,-0.0038127612480504114,1.0
2014-04-10,2014-04-11,2014-04-14,OK,-0.00023076606022296808,0.2090953439687116,0.0025091441276245395,-0.0027393311625426575,1.0
2014-04-11,2014-04-14,2014-04-15,OK,-0.004547515906196686,0.0004143173231192544,4.9718078774310534e-06,-0.004552465104698755,1.0
2014-04-14,2014-04-15,2014-04-16,OK,0.0012948024602631046,1.0466534459373233e-06,1.2559841351247881e-08,0.0012947898841590977,1.0
2014-04-15,2014-04-16,2014-04-17,OK,0.007673390708401188,6.388196659516329e-06,7.665835991419595e-08,0.0076733134618118815,0.9999999999999999
2014-04-16,2014-04-17,2014-04-21,OK,0.0011658004992307677,0.031025340055113426,0.0003723040806613611,0.0007930623862864028,1.0
2014-04-17,2014-04-21,2014-04-22,OK,0.0012225780640214385,0.0323447801789485,0.000388137362147382,0.0008339661736491699,1.0
2014-04-21,2014-04-22,2014-04-23,OK,-0.005568241153679005,0.19752683095365775,0.002370321971443893,-0.007925364600774087,0.9999999999999999
2014-04-22,2014-04-23,2014-04-24,OK,-0.005910708847203159,0.02293047759394183,0.000275165731127302,-0.006184248153809024,1.0
2014-04-23,2014-04-24,2014-04-25,OK,-0.025544999761001,0.028914109543092984,0.00034696931451711583,-0.025883105744461732,1.0
2014-04-24,2014-04-25,2014-04-28,OK,-0.0011956409488692544,0.07937429017789706,0.0009524914821347647,-0.0021469935931844875,1.0
2014-04-25,2014-04-28,2014-04-29,OK,0.016240743300926657,0.008069210822339464,9.683052986807358e-05,0.016142340171279246,1.0
2014-04-28,2014-04-29,2014-04-30,OK,-0.0031859722107703907,0.03530697220240475,0.00042368366642885703,-0.0036083060328119254,1.0
2014-04-29,2014-04-30,2014-05-01,OK,0.007321197726331215,0.02609581420995209,0.0003131497705194251,0.0070057553244238235,1.0
2014-04-30,2014-05-01,2014-05-02,OK,0.015595699413218868,0.02327864192889837,0.0002793437031467805,0.015311999149644873,1.0
2014-05-01,2014-05-02,2014-05-05,OK,0.003039657600163004,0.2376878821393151,0.0028522545856717813,0.00017873313716232353,1.0
2014-05-02,2014-05-05,2014-05-06,OK,0.007193591422000465,0.04851473762198674,0.000582176851463841,0.006607226628131846,1.0
2014-05-05,2014-05-06,2014-05-07,OK,0.00826876983070298,0.04651375005875105,0.0005581650007050127,0.007705989492079457,1.0
2014-05-06,2014-05-07,2014-05-08,OK,-0.013653788093696325,0.13603694207906736,0.0016324433049488083,-0.015263942363684446,1.0
2014-05-07,2014-05-08,2014-05-09,OK,0.003106835544931035,0.16436487755118592,0.0019723785306142313,0.001128329158589736,1.0
2014-05-08,2014-05-09,2014-05-12,OK,0.015494788247619743,0.07641925891948496,0.0009170311070338196,0.01456354793776593,1.0
2014-05-09,2014-05-12,2014-05-13,OK,0.003038712503863457,2.6867767206374682e-08,3.224132064764962e-10,0.003038712180470693,1.0
2014-05-12,2014-05-13,2014-05-14,OK,-0.0027376837439846294,0.009913471073694866,0.0001189616528843384,-0.002856319717485789,1.0
2014-05-13,2014-05-14,2014-05-15,OK,-0.012009045868114476,0.10196382239237213,0.0012235658687084656,-0.013217917878182939,1.0
2014-05-14,2014-05-15,2014-05-16,OK,0.003180334721786455,0.19271185867803076,0.002312542304136369,0.0008604377590646362,1.0
2014-05-15,2014-05-16,2014-05-19,OK,0.0027582644767096182,3.108055544182031e-08,3.729666653018438e-10,0.0027582641027141808,1.0
2014-05-16,2014-05-19,2014-05-20,OK,-0.014608955268405858,0.04964551481999385,0.0005957461778399262,-0.015195998216982476,1.0
2014-05-19,2014-05-20,2014-05-21,OK,0.015675811300641544,0.07888270368944247,0.0009465924442733097,0.014714380251833026,1.0
2014-05-20,2014-05-21,2014-05-22,OK,0.0005571355783914734,0.07066045085859603,0.0008479254103031524,-0.000291262241325585,1.0
2014-05-21,2014-05-22,2014-05-23,OK,0.006174583766324572,1.0628905057229188e-05,1.2754686068675024e-07,0.006174455431914971,1.0
2014-05-22,2014-05-23,2014-05-27,OK,-0.0004040983084947331,0.011187175754742918,0.00013424610905691503,-0.0005382901689260366,1.0
2014-05-23,2014-05-27,2014-05-28,OK,0.002243002177311773,0.0005030522698042106,6.036627237650527e-06,0.0022369520099061457,1.0
2014-05-27,2014-05-28,2014-05-29,OK,0.0061919506132104875,0.0536774956582218,0.0006441299478986616,0.005543832244485847,1.0
2014-05-28,2014-05-29,2014-05-30,OK,-0.005368649938586941,0.011520952937747471,0.00013825143525296964,-0.005506159150280521,1.0
2014-05-29,2014-05-30,2014-06-02,OK,-0.004620085430181116,0.1223802399808302,0.0014685628797699625,-0.006081863423986866,1.0
2014-05-30,2014-06-02,2014-06-03,OK,0.005218909947787684,0.0479489290500256,0.0005753871486003072,0.004640519905473761,1.0
2014-06-02,2014-06-03,2014-06-04,OK,-0.0023478281118766266,0.06456588128753105,0.0007747905754503726,-0.003120799612233105,1.0
2014-06-03,2014-06-04,2014-06-05,OK,0.0024328526826504627,2.17851868627994e-08,2.614222423535928e-10,0.002432852420592324,1.0
2014-06-04,2014-06-05,2014-06-06,OK,0.02259376113504322,0.2919099972490829,0.0035029199669889947,0.019011697031044994,1.0
2014-06-05,2014-06-06,2014-06-09,OK,0.006951531394259398,0.15723877348182885,0.0018868652817819462,0.005051549509234476,1.0
2014-06-06,2014-06-09,2014-06-10,OK,0.0017908990014404225,0.14353598303540946,0.0017224317964249136,6.538250363119502e-05,1.0
2014-06-09,2014-06-10,2014-06-11,OK,0.0049802890435233435,0.061111813678301465,0.0007333417641396176,0.004243295025430527,1.0
2014-06-10,2014-06-11,2014-06-12,OK,-0.009895870098821395,0.37858558339214476,0.004543027000705737,-0.014393939894472796,1.0
2014-06-11,2014-06-12,2014-06-13,OK,0.0095490980489344,0.14029741539414423,0.0016835689847297308,0.007849452498897236,1.0
2014-06-12,2014-06-13,2014-06-16,OK,-0.004631639432075137,0.19592704735324498,0.00235112456823894,-0.006971874439054115,1.0
2014-06-13,2014-06-16,2014-06-17,OK,8.178594572538214e-05,0.08245828287535094,0.0009894993945042112,-0.0009077943759225882,1.0
2014-06-16,2014-06-17,2014-06-18,OK,0.013675924997267875,0.17544554567242995,0.0021053465480691596,0.01154178588771404,1.0
2014-06-17,2014-06-18,2014-06-19,OK,-0.0025278792757391917,0.1631353901672841,0.001957624682007409,-0.00448055531888325,1.0
2014-06-18,2014-06-19,2014-06-20,OK,0.004614022746602006,0.08823559568505673,0.0010588271482206808,0.003550310145834734,1.0
2014-06-19,2014-06-20,2014-06-23,OK,-0.0024492902790877466,1.0813992597918931e-07,1.2976791117502718e-09,-0.00244929157358853,1.0
2014-06-20,2014-06-23,2014-06-24,OK,-0.014605025712298554,0.09225571839629362,0.0011070686207555235,-0.01569592556738264,1.0000000000000002
2014-06-23,2014-06-24,2014-06-25,OK,0.0012265041268737567,0.022236910116928542,0.0002668429214031425,0.0009593339215263619,1.0
2014-06-24,2014-06-25,2014-06-26,OK,-0.0014446691113242857,0.18911674504852288,0.002269400940582275,-0.0037107915184664275,1.0
2014-06-25,2014-06-26,2014-06-27,OK,-0.0022571834516559855,1.2141300498459684e-05,1.4569560598151622e-07,-0.0022573288184002394,1.0
2014-06-26,2014-06-27,2014-06-30,OK,0.0011666861587807408,0.06047158974545847,0.0007256590769455016,0.0004401804654341479,1.0
2014-06-27,2014-06-30,2014-07-01,OK,0.020203919795429084,0.020335587714715345,0.00024402705257658413,0.019954962439854507,1.0
2014-06-30,2014-07-01,2014-07-02,OK,-0.001302023722569741,0.06116827122163693,0.0007340192546596431,-0.002035087266746949,1.0
2014-07-01,2014-07-02,2014-07-03,OK,0.007132600408136385,0.17793887963106908,0.002135266555572829,0.004982103849457964,1.0
2014-07-02,2014-07-03,2014-07-07,OK,-0.011703699634310541,0.071399847847341,0.000856798174168092,-0.012550470100000877,1.0
2014-07-03,2014-07-07,2014-07-08,OK,-0.01256803774961164,0.06520521334048016,0.0007824625600857619,-0.013340666290704628,1.0
2014-07-07,2014-07-08,2014-07-09,OK,0.00969230555102078,0.070551212106352,0.000846614545276224,0.008837485358887731,1.0
2014-07-08,2014-07-09,2014-07-10,OK,-0.0018097189926461897,0.07841976111113043,0.0009410371333335651,-0.002749053113206723,1.0
2014-07-09,2014-07-10,2014-07-11,OK,0.0008408281366229131,6.992527373725355e-07,8.391032848470426e-09,0.0008408197385347815,1.0
2014-07-10,2014-07-11,2014-07-14,OK,0.02152299757126246,0.04129980589738949,0.0004955976707686739,0.021016733153029543,1.0
2014-07-11,2014-07-14,2014-07-15,OK,-0.005495019958052065,3.272812926263108e-06,3.9273755115157295e-08,-0.005495059015997117,1.0
2014-07-14,2014-07-15,2014-07-16,OK,0.0015309863748089615,0.01948003962305234,0.00023376047547662808,0.0012968680152294354,1.0
2014-07-15,2014-07-16,2014-07-17,OK,-0.004103610354512572,2.7750228670520016e-08,3.330027440462402e-10,-0.00410361068614884,1.0
2014-07-16,2014-07-17,2014-07-18,OK,0.022486955644490523,2.0846627271642326e-08,2.501595272597079e-10,0.022486955388705487,1.0
2014-07-17,2014-07-18,2014-07-21,OK,0.007099332514684352,0.09551305712370595,0.0011461566854844714,0.005945038881775888,1.0
2014-07-18,2014-07-21,2014-07-22,OK,-0.0040272871495213095,0.08244726057869185,0.0009893671269443022,-0.005012669810949055,1.0
2014-07-21,2014-07-22,2014-07-23,OK,-0.007561761271129897,3.341329290335038e-08,4.0095951484020457e-10,-0.007561761669057532,1.0
2014-07-22,2014-07-23,2014-07-24,OK,-0.0010040909142864066,0.008589780257629735,0.00010307736309155682,-0.0011070647783342213,1.0
2014-07-23,2014-07-24,2014-07-25,OK,-0.006090477212813496,0.06426713446708136,0.0007712056136049764,-0.006856985816202421,1.0
2014-07-24,2014-07-25,2014-07-28,OK,0.00030977088052598634,0.10378661097137859,0.001245439331656543,-0.0009360542519689652,1.0
2014-07-25,2014-07-28,2014-07-29,OK,-0.009124271623157295,0.06015371684098313,0.0007218446020917977,-0.009839529919029921,1.0
2014-07-28,2014-07-29,2014-07-30,OK,0.0002915534053341267,0.0034024008109946567,4.0828809731935883e-05,0.0002507126918236402,1.0
2014-07-29,2014-07-30,2014-07-31,OK,-0.028547843587747222,9.178322699088248e-09,1.1013987238905898e-10,-0.028547843694742836,1.0
2014-07-30,2014-07-31,2014-08-01,OK,-0.0017246037613035678,0.05821140068367263,0.0006985368082040715,-0.0024219358703008176,1.0
2014-07-31,2014-08-01,2014-08-04,OK,0.01007415874066684,0.08190524601774724,0.0009828629522129668,0.009081394271052812,1.0
2014-08-01,2014-08-04,2014-08-05,OK,-0.008452117560451514,0.07113024602530227,0.0008535629523036272,-0.009298466098337066,1.0
2014-08-04,2014-08-05,2014-08-06,OK,0.012535197023497124,0.06017825440918114,0.0007221390529101738,0.011804005815280183,1.0
2014-08-05,2014-08-06,2014-08-07,OK,-0.0019600135641494178,0.00034719245649438187,4.166309477932582e-06,-0.001964171707604323,1.0
2014-08-06,2014-08-07,2014-08-08,OK,-0.0016732221244919344,0.06178971413311384,0.0007414765695973662,-0.002413458039088212,1.0
2014-08-07,2014-08-08,2014-08-11,OK,0.011334551055662402,0.05462492583823042,0.0006554991100587651,0.010671622157473637,1.0
2014-08-08,2014-08-11,2014-08-12,OK,-0.0067601442869863046,0.059081536803115085,0.000708978441637381,-0.007464329932061919,1.0
2014-08-11,2014-08-12,2014-08-13,OK,-0.004028890426766251,0.0549660891488384,0.0006595930697860608,-0.004685826068347887,1.0
2014-08-12,2014-08-13,2014-08-14,OK,0.002845678969467776,0.04712663294677856,0.0005655195953613427,0.0022785500868871544,1.0
2014-08-13,2014-08-14,2014-08-15,OK,0.017155178981001773,0.0332662670249468,0.0003991952042993616,0.01674913551152435,1.0
2014-08-14,2014-08-15,2014-08-18,OK,0.012392981147678894,0.07564772512209483,0.000907772701465138,0.011473958436237996,1.0
2014-08-15,2014-08-18,2014-08-19,OK,0.01901486857445341,0.016368394841637175,0.0001964207380996461,0.018814712921833454,1.0
2014-08-18,2014-08-19,2014-08-20,OK,0.006279877170149507,0.06998851347676387,0.0008398621617211664,0.005434740777212843,1.0
2014-08-19,2014-08-20,2014-08-21,OK,0.0003926415353795935,0.045648333492917546,0.0005477800019150106,-0.00015535354771634147,1.0
2014-08-20,2014-08-21,2014-08-22,OK,-0.006487746278915298,0.129788828522196,0.001557465942266352,-0.008035107777310202,1.0
2014-08-21,2014-08-22,2014-08-25,OK,0.016487682242146577,0.036370614282191904,0.00043644737138630286,0.01604403886518546,1.0
2014-08-22,2014-08-25,2014-08-26,OK,0.004978084442352967,0.09858789913056501,0.0011830547895667802,0.0037891403061438567,1.0
2014-08-25,2014-08-26,2014-08-27,OK,0.01499354012658286,0.09161950466043924,0.0010994340559252708,0.013877621662023554,1.0
2014-08-26,2014-08-27,2014-08-28,OK,-0.001098184534872097,0.0652415089209463,0.0007828981070513556,-0.001880222875329851,1.0
2014-08-27,2014-08-28,2014-08-29,OK,0.009379375646548234,0.01702485495342637,0.00020429825944111646,0.009173161196988078,0.9999999999999999
2014-08-28,2014-08-29,2014-09-02,OK,0.01296701605287111,0.17269374990487335,0.0020723249988584803,0.010867819182485805,1.0
2014-08-29,2014-09-02,2014-09-03,OK,-0.003412387885390265,0.031995687624164784,0.0003839482514899774,-0.003795025956518261,1.0
2014-09-02,2014-09-03,2014-09-04,OK,-0.014421296958163661,5.4699218685755335e-08,6.563906242290641e-10,-0.014421297605088257,1.0
2014-09-03,2014-09-04,2014-09-05,OK,0.00554017115010289,0.06403452259020836,0.0007684142710825004,0.00476749973244428,1.0
2014-09-04,2014-09-05,2014-09-08,OK,-0.014896550350075132,0.07225073333096031,0.0008670087999715238,-0.015750643709803835,1.0
2014-09-05,2014-09-08,2014-09-09,OK,-0.00805616756800314,0.022882954206420024,0.0002745954504770403,-0.008328550831517623,1.0
2014-09-08,2014-09-09,2014-09-10,OK,-0.006124953299516184,0.0649153838394562,0.0007789846060734745,-0.006899166661256451,1.0
2014-09-09,2014-09-10,2014-09-11,OK,0.0032093773815831668,0.11567789355182001,0.0013881347226218403,0.0018167876107797465,1.0
2014-09-10,2014-09-11,2014-09-12,OK,-0.023618896875994083,0.0634815987196598,0.0007617791846359176,-0.02436268367662575,1.0
2014-09-11,2014-09-12,2014-09-15,OK,-0.0064269632915749855,0.003077520525190971,3.693024630229165e-05,-0.006463656188539946,0.9999999999999999
2014-09-12,2014-09-15,2014-09-16,OK,0.019121321386322294,1.523637061066896e-07,1.828364473280275e-09,0.019121319522997116,1.0
2014-09-15,2014-09-16,2014-09-17,OK,0.0006082643634716368,0.026509731674587676,0.0003181167800950521,0.0002899540842757897,1.0
2014-09-16,2014-09-17,2014-09-18,OK,-0.0009169730079697878,0.00010727629666756194,1.2873155600107434e-06,-0.0009182591430961784,1.0
2014-09-17,2014-09-18,2014-09-19,OK,-0.005370117691409639,0.009392646127951557,0.00011271175353541869,-0.005482224169563343,0.9999999999999999
2014-09-18,2014-09-19,2014-09-22,OK,-0.017799622682822265,0.05984023074786859,0.0007180827689744231,-0.018504923849454014,1.0
2014-09-19,2014-09-22,2014-09-23,OK,-0.00967428130546717,0.016140624409441424,0.0001936874929132971,-0.009866095011088705,1.0
2014-09-22,2014-09-23,2014-09-24,OK,0.010422187373209416,0.3026769202326203,0.0036321230427914433,0.006752209663503317,1.0
2014-09-23,2014-09-24,2014-09-25,OK,-0.017843181981978457,0.014457715867369964,0.00017349259040843956,-0.018013578912523642,1.0000000000000002
2014-09-24,2014-09-25,2014-09-26,OK,0.009366012234992019,0.09246969335797506,0.0011096363202957008,0.00824598304734403,1.0
2014-09-25,2014-09-26,2014-09-29,OK,-0.011999477698532691,0.21509819215235523,0.002581178305828263,-0.014549683212844222,1.0
2014-09-26,2014-09-29,2014-09-30,OK,-0.011943606229794656,0.1460304732986324,0.0017523656795835887,-0.013675042343730626,1.0
2014-09-29,2014-09-30,2014-10-01,OK,-0.027174496034566863,0.08388584924658005,0.0010066301909589606,-0.028153771557393292,1.0
2014-09-30,2014-10-01,2014-10-02,OK,0.0035736372505591513,0.13874422625633553,0.0016649307150760264,0.0019027566770601911,1.0
2014-10-01,2014-10-02,2014-10-03,OK,0.019852513402620703,0.17905930480988053,0.0021487116577185664,0.017661144417918884,1.0
2014-10-02,2014-10-03,2014-10-06,OK,0.007797918598540567,0.10430739966384471,0.0012516887959661365,0.006536469235232767,1.0
2014-10-03,2014-10-06,2014-10-07,OK,-0.00899293233141427,0.03791174711110626,0.0004549409653332751,-0.009443782043431548,1.0
2014-10-06,2014-10-07,2014-10-08,OK,0.021074964897980206,0.21222939696409399,0.002546752763569128,0.018474539409315094,1.0
2014-10-07,2014-10-08,2014-10-09,OK,-0.00940334883325544,0.0797494095141118,0.0009569929141693416,-0.010351342809221897,1.0
2014-10-08,2014-10-09,2014-10-10,OK,-0.016731400942176265,0.025470425867807688,0.00030564511041369225,-0.017031932181701626,1.0
2014-10-09,2014-10-10,2014-10-13,OK,0.003611121612533135,8.769228751828728e-08,1.0523074502194474e-09,0.003611120556425762,1.0
2014-10-10,2014-10-13,2014-10-14,OK,0.0060675124831207905,2.6444913911460866e-08,3.173389669375304e-10,0.006067512163856481,1.0
2014-10-13,2014-10-14,2014-10-15,OK,-0.02832012833733836,0.030776781889478064,0.00036932138267373676,-0.028678990491057044,1.0
2014-10-14,2014-10-15,2014-10-16,OK,-0.0530949752660308,0.0032985946823890864,3.9583136188669036e-05,-0.05313245673658262,1.0
2014-10-15,2014-10-16,2014-10-17,OK,0.01326583995009888,0.0491254546999185,0.000589505456399022,0.012668514208665549,1.0
2014-10-16,2014-10-17,2014-10-20,OK,-0.00775235685947365,0.11273973577535558,0.001352876829304267,-0.009094745704810281,1.0
2014-10-17,2014-10-20,2014-10-21,OK,0.0047563279549718545,0.0013835704805077904,1.6602845766093487e-05,0.004739646140626386,1.0
2014-10-20,2014-10-21,2014-10-22,OK,-0.00545753045493224,0.13872139368200323,0.0016646567241840387,-0.0071131022643470265,1.0
2014-10-21,2014-10-22,2014-10-23,OK,0.005422774534873774,0.14687289332724882,0.0017624747199269858,0.003650742311917199,1.0
2014-10-22,2014-10-23,2014-10-24,OK,0.012423087434845922,0.0031346175860810684,3.761541103297282e-05,0.012385004724272841,1.0
2014-10-23,2014-10-24,2014-10-27,OK,-0.00653595374267077,0.0027348675754026025,3.281841090483123e-05,-0.006568557653960028,1.0
2014-10-24,2014-10-27,2014-10-28,OK,0.013397909121021182,0.0013959263710111164,1.6751116452133397e-05,0.013380933574633103,1.0
2014-10-27,2014-10-28,2014-10-29,OK,-0.0008079045250069332,0.004089946248821107,4.907935498585328e-05,-0.0008569442285597528,1.0
2014-10-28,2014-10-29,2014-10-30,OK,0.011341923777987335,0.005724479328783189,6.869375194539827e-05,0.011272450906743225,1.0
2014-10-29,2014-10-30,2014-10-31,OK,0.007669571251741272,0.056920654612055956,0.0006830478553446715,0.0069812847122014965,1.0
2014-10-30,2014-10-31,2014-11-03,OK,-0.00018917491039871102,0.06676786899248113,0.0008012144279097737,-0.0009902377686409336,1.0
2014-10-31,2014-11-03,2014-11-04,OK,-0.0038468182246775597,0.1376437610112186,0.0016517251321346235,-0.005492189470471809,1.0
2014-11-03,2014-11-04,2014-11-05,OK,0.0026829630191972293,0.002811270340198801,3.373524408238561e-05,0.0026491372647023947,1.0
2014-11-04,2014-11-05,2014-11-06,OK,0.0035792022991224743,0.12675937319252578,0.0015211124783103094,0.0020526454515326087,1.0
2014-11-05,2014-11-06,2014-11-07,OK,-0.006006378959527606,0.11728105489006158,0.001407372658680739,-0.0074052984046830694,1.0
2014-11-06,2014-11-07,2014-11-10,OK,0.001111778154911325,0.11728109715368613,0.0014073731658442337,-0.0002971596976746316,1.0
2014-11-07,2014-11-10,2014-11-11,OK,0.0012450195391333922,0.06339892519982868,0.0007607871023979441,0.0004832852419278666,0.9999999999999998
2014-11-10,2014-11-11,2014-11-12,OK,0.001141143813506095,0.06187452947135193,0.0007424943536562231,0.00039780216701146287,1.0
2014-11-11,2014-11-12,2014-11-13,OK,-0.0008780891005075057,0.06010721155111248,0.0007212865386133498,-0.0015987422852729027,1.0
2014-11-12,2014-11-13,2014-11-14,OK,-0.00513123057961288,2.4192459497501817e-08,2.903095139700218e-10,-0.005131230868432701,1.0
2014-11-13,2014-11-14,2014-11-17,OK,-0.004589460549513967,0.05758910120574173,0.0006910692144689009,-0.005277358129086029,1.0
2014-11-14,2014-11-17,2014-11-18,OK,0.0053102794034559885,4.1653408493214084e-08,4.99840901918569e-10,0.005310278900960919,1.0
2014-11-17,2014-11-18,2014-11-19,OK,-0.008631195148736968,2.8286653923074306e-05,3.394398470768917e-07,-0.008631531658812586,1.0
2014-11-18,2014-11-19,2014-11-20,OK,0.004935071586260154,7.324706530614788e-07,8.789647836737746e-09,0.004935062753234742,1.0
2014-11-19,2014-11-20,2014-11-21,OK,0.007592446430580748,0.16186330008366562,0.0019423596010039875,0.005635339568357267,1.0
2014-11-20,2014-11-21,2014-11-24,OK,0.0025637157043942494,0.2241727942400362,0.0026900735308804345,-0.00013325441024325535,1.0
2014-11-21,2014-11-24,2014-11-25,OK,0.002613021256449142,2.840833856695979e-08,3.409000628035175e-10,0.002613020914658426,1.0
2014-11-24,2014-11-25,2014-11-26,OK,0.004310236909524343,0.08132628115442261,0.0009759153738530714,0.003330115109206222,1.0
2014-11-25,2014-11-26,2014-11-28,OK,0.003248036342821629,0.09020064651782533,0.001082407758213904,0.0021621128848712257,1.0
2014-11-26,2014-11-28,2014-12-01,OK,-0.00990038276727811,0.09020069002936026,0.0010824082803523232,-0.010972074791344433,1.0
2014-11-28,2014-12-01,2014-12-02,OK,0.006887594627954274,0.09413521896881434,0.0011296226276257721,0.005750191617586831,0.9999999999999999
2014-12-01,2014-12-02,2014-12-03,OK,0.010535069027167113,0.2032214021250667,0.0024386568255008005,0.0080707207836761,1.0
2014-12-02,2014-12-03,2014-12-04,OK,-0.00637975884261766,0.059952163598842735,0.0007194259631861129,-0.00709459504165344,1.0
2014-12-03,2014-12-04,2014-12-05,OK,0.0059646038386760945,0.027057338878107243,0.0003246880665372869,0.005637979136450699,1.0
2014-12-04,2014-12-05,2014-12-08,OK,-0.009040839205249288,1.5148961895680713e-07,1.8178754274816855e-09,-0.00904084100668967,1.0
2014-12-05,2014-12-08,2014-12-09,OK,0.0021834387828023293,0.0011470615283895157,1.376473834067419e-05,0.0021696439899980824,1.0
2014-12-08,2014-12-09,2014-12-10,OK,-0.01891040590357617,0.070320842202487,0.0008438501064298439,-0.019738298461971615,1.0
2014-12-09,2014-12-10,2014-12-11,OK,0.004989471753112304,0.06855895650306251,0.0008227074780367502,0.004162659399352897,1.0
2014-12-10,2014-12-11,2014-12-12,OK,-0.008376830487376726,0.1259501135174952,0.0015114013622099423,-0.009875571096576996,1.0
2014-12-11,2014-12-12,2014-12-15,OK,-0.006232017847459608,0.06917215465424856,0.0008300658558509827,-0.007056910718082343,1.0
2014-12-12,2014-12-15,2014-12-16,OK,-0.019498730022305025,0.11010795988031181,0.0013212955185637418,-0.020794261956272653,1.0
2014-12-15,2014-12-16,2014-12-17,OK,0.022863810753968313,0.0719659780293465,0.000863591736352158,0.02198047401958747,1.0
2014-12-16,2014-12-17,2014-12-18,OK,0.016638238755370488,0.005955179438773739,7.146215326528488e-05,0.016565587597737297,1.0
2014-12-17,2014-12-18,2014-12-19,OK,0.0006449295363162725,0.007035883181980163,8.443059818376197e-05,0.0005604444863458458,1.0
2014-12-18,2014-12-19,2014-12-22,OK,0.010090414286909957,0.07900189576402643,0.0009480227491683172,0.009132825595449257,1.0
2014-12-19,2014-12-22,2014-12-23,OK,0.004799749951828534,0.05870225026680412,0.0007044270032016494,0.004091941875152383,1.0
2014-12-22,2014-12-23,2014-12-24,OK,-0.0007330446928265613,0.028784445813577957,0.0003454133497629355,-0.001078204839166541,1.0
2014-12-23,2014-12-24,2014-12-26,OK,0.0005607943772316915,0.028784440297405046,0.00034541328356886054,0.00021518738783554703,1.0
2014-12-24,2014-12-26,2014-12-29,OK,0.0014944423154958698,2.5296475728367462e-08,3.0355770874040955e-10,0.0014944420114844092,1.0
2014-12-26,2014-12-29,2014-12-30,OK,-0.0008160463609871153,0.08730869789720495,0.0010477043747664594,-0.0018628957604110985,1.0
2014-12-29,2014-12-30,2014-12-31,OK,-0.006334447791740506,2.0160346326375533e-08,2.4192415591650643e-10,-0.006334448032132234,1.0
2014-12-30,2014-12-31,2015-01-02,OK,-0.0042781801413777285,3.143438523194042e-08,3.7721262278328504e-10,-0.004278180516976482,1.0
2014-12-31,2015-01-02,2015-01-05,OK,-0.025183363183927433,3.564160273687722e-08,4.276992328425267e-10,-0.025183363600855713,1.0
2015-01-02,2015-01-05,2015-01-06,OK,-0.009816999100161709,2.33777186255113e-08,2.805326235061356e-10,-0.009816999377940339,1.0
2015-01-05,2015-01-06,2015-01-07,OK,0.01614085971100171,0.05731699146575363,0.0006878038975890435,0.015441954067193064,1.0
2015-01-06,2015-01-07,2015-01-08,OK,0.02851483994635146,0.10125096926715978,0.0012150116312059174,0.027265182452948844,1.0
2015-01-07,2015-01-08,2015-01-09,OK,-0.010108927377010258,0.05432363605984951,0.0006518836327181942,-0.010754221165427014,1.0
2015-01-08,2015-01-09,2015-01-12,OK,-0.011030212309832404,0.0009591087681501079,1.1509305217801296e-05,-0.011041594664970011,1.0
2015-01-09,2015-01-12,2015-01-13,OK,0.0028073222750287937,0.034846072801975395,0.00041815287362370477,0.0023879955115286844,1.0
2015-01-12,2015-01-13,2015-01-14,OK,-0.00514550265837592,0.0020158588349930735,2.4190306019916883e-05,-0.005169568493111898,1.0
2015-01-13,2015-01-14,2015-01-15,OK,-0.003144418416633632,0.0020810982848415063,2.4973179418098074e-05,-0.003169313069926405,1.0
2015-01-14,2015-01-15,2015-01-16,OK,0.01440140137073468,0.009341081705082221,0.00011209298046098666,0.01428769409427133,1.0
2015-01-15,2015-01-16,2015-01-20,OK,0.0019225441098195788,4.957739268424133e-08,5.94928712210896e-10,0.0019225435137470992,1.0
2015-01-16,2015-01-20,2015-01-21,OK,0.025453342437715125,7.236229731323249e-06,8.683475677587899e-08,0.02545325339272342,1.0
2015-01-20,2015-01-21,2015-01-22,OK,0.029479267213721246,0.0024612501623189603,2.9535001947827524e-05,0.0294488615415589,1.0
2015-01-21,2015-01-22,2015-01-23,OK,0.006722788475349027,0.09909712546015269,0.0011891655055218324,0.0055256284616715945,0.9999999999999999
2015-01-22,2015-01-23,2015-01-26,OK,0.005983337298641335,7.388626189867853e-08,8.866351427841424e-10,0.005983336406701234,1.0
2015-01-23,2015-01-26,2015-01-27,OK,-0.0029658951722168737,0.005796628139567944,6.955953767481533e-05,-0.0030352484035948146,1.0
2015-01-26,2015-01-27,2015-01-28,OK,-0.0196640842812009,4.2493030235138396e-08,5.099163628216608e-10,-0.019664084781090163,1.0
2015-01-27,2015-01-28,2015-01-29,OK,0.00691797230191446,7.058709504577376e-08,8.470451405492852e-10,0.006917971449009519,1.0
2015-01-28,2015-01-29,2015-01-30,OK,-0.022263502785503448,0.06736389355848194,0.0008083667227017832,-0.023053872433422717,1.0
2015-01-29,2015-01-30,2015-02-02,OK,0.006032632985830642,1.683849834392681e-08,2.0206198012712174e-10,0.0060326327825497295,1.0
2015-01-30,2015-02-02,2015-02-03,OK,0.02006562116279837,0.02288693950416501,0.0002746432740499801,0.01978546700085637,1.0
2015-02-02,2015-02-03,2015-02-04,OK,-0.005842241302977899,0.0031697299714166533,3.803675965699984e-05,-0.005880055842706566,1.0
2015-02-03,2015-02-04,2015-02-05,OK,0.004351209387551636,0.02833718992291922,0.00034004627907503065,0.004009683495914906,1.0
2015-02-04,2015-02-05,2015-02-06,OK,-0.010933255894151688,0.07492320653804195,0.0008990784784565035,-0.011822504517534305,1.0
2015-02-05,2015-02-06,2015-02-09,OK,-0.007142051407361294,3.5552090922232743e-06,4.2662509106679295e-08,-0.007142093765172497,1.0
2015-02-06,2015-02-09,2015-02-10,OK,0.02363113455896941,0.011726694001096105,0.00014072032801315325,0.023487088849949878,1.0
2015-02-09,2015-02-10,2015-02-11,OK,0.0018571371305002664,2.7537803904374714e-08,3.3045364685249656e-10,0.0018571367994328902,1.0
2015-02-10,2015-02-11,2015-02-12,OK,0.009308081141847339,0.01369582554352286,0.00016434990652227434,0.00914220145305955,1.0
2015-02-11,2015-02-12,2015-02-13,OK,0.006363715965763486,0.0675122260055038,0.0008101467120660456,0.00554841371013115,1.0
2015-02-12,2015-02-13,2015-02-17,OK,0.005083763374403537,0.049779898211331094,0.0005973587785359732,0.004483367765188095,1.0
2015-02-13,2015-02-17,2015-02-18,OK,0.0014075999237964324,0.0017677269135644774,2.121272296277373e-05,0.0013863573418064767,1.0
2015-02-17,2015-02-18,2015-02-19,OK,0.0036901618759216962,0.0012600889193648953,1.5121067032378744e-05,0.0036749850097042014,1.0
2015-02-18,2015-02-19,2015-02-20,OK,0.00997323460124939,2.8070148094805347e-08,3.368417771376642e-10,0.009973234261048125,0.9999999999999999
2015-02-19,2015-02-20,2015-02-23,OK,0.0030121843511446583,4.989346756405222e-08,5.987216107686267e-10,0.0030121837506194016,1.0
2015-02-20,2015-02-23,2015-02-24,OK,-0.0030347339705470142,1.2923661978688633e-07,1.550839437442636e-09,-0.0030347355166800982,1.0
2015-02-23,2015-02-24,2015-02-25,OK,0.005779973532702481,2.0400103984546947e-08,2.4480124781456334e-10,0.005779973286486273,1.0
2015-02-24,2015-02-25,2015-02-26,OK,0.000106357168181935,0.0004267092214598591,5.120510657518309e-06,0.00010123611292134349,1.0
2015-02-25,2015-02-26,2015-02-27,OK,-0.00424958659011224,2.4414765824060797e-07,2.9297718988872958e-09,-0.004249589507433704,1.0
2015-02-26,2015-02-27,2015-03-02,OK,0.011618544669247286,5.735681053286451e-08,6.882817263943742e-10,0.011618543972968798,1.0
2015-02-27,2015-03-02,2015-03-03,OK,-0.009331275383574679,0.043343062619928,0.000520116751439136,-0.009846538782374514,1.0
2015-03-02,2015-03-03,2015-03-04,OK,-0.005225115284885849,3.4377188991296936e-08,4.1252626789556324e-10,-0.0052251156952566324,1.0
2015-03-03,2015-03-04,2015-03-05,OK,0.0013255446457378975,3.1994983280825284e-08,3.839397993699034e-10,0.0013255442612891688,1.0
2015-03-04,2015-03-05,2015-03-06,OK,-0.017415390166786122,0.043343099734698215,0.0005201171968163786,-0.017926449319687454,1.0
2015-03-05,2015-03-06,2015-03-09,OK,0.0026219484631085734,3.673313432768499e-08,4.407976119322199e-10,0.0026219480211551183,1.0
2015-03-06,2015-03-09,2015-03-10,OK,-0.0181136524207326,0.04334314430113663,0.0005201177316136395,-0.01862434892053788,1.0
2015-03-09,2015-03-10,2015-03-11,OK,0.0009451633690606698,0.013771236773894153,0.00016525484128672983,0.0007797523349515334,1.0
2015-03-10,2015-03-11,2015-03-12,OK,0.02101112026709629,0.02694237298584504,0.0003233084758301405,0.0206810187179971,1.0
2015-03-11,2015-03-12,2015-03-13,OK,-0.00785718935912839,0.05617226828770902,0.0006740672194525082,-0.008525960304796909,1.0
2015-03-12,2015-03-13,2015-03-16,OK,0.0048561931976507785,0.002656837505286681,3.188205006344017e-05,0.004824156322192685,1.0
2015-03-13,2015-03-16,2015-03-17,OK,-0.006106236718413962,5.343984835811527e-08,6.412781802973833e-10,-0.006106237355776312,1.0
2015-03-16,2015-03-17,2015-03-18,OK,0.011565758824555685,0.10424098019809526,0.001250891762377143,0.01030039954973927,1.0
2015-03-17,2015-03-18,2015-03-19,OK,0.005131979393707289,0.0039031823799392205,4.683818855927065e-05,0.005084900832529549,1.0
2015-03-18,2015-03-19,2015-03-20,OK,0.0016018218624005778,0.14415733274417353,0.0017298879929300824,-0.00013083710293604334,1.0
2015-03-19,2015-03-20,2015-03-23,OK,1.6161656833796442e-05,0.09893751023970519,0.0011872501228764624,-0.0011711076539717702,1.0
2015-03-20,2015-03-23,2015-03-24,OK,-0.001805191830008268,0.024024151094758125,0.00028828981313709754,-0.0020929612247300167,0.9999999999999999
2015-03-23,2015-03-24,2015-03-25,OK,-0.01805959751111662,0.007841752126497872,9.410102551797446e-05,-0.018151999109988437,1.0
2015-03-24,2015-03-25,2015-03-26,OK,-0.004800882166922373,0.13266361018469547,0.0015919633222163457,-0.0063852026608147705,1.0
2015-03-25,2015-03-26,2015-03-27,OK,0.0030816760698386967,2.063541966294824e-08,2.476250359553789e-10,0.003081675821450469,1.0
2015-03-26,2015-03-27,2015-03-30,OK,0.01621249698793391,0.13080227591377203,0.0015696273109652643,0.014617422098917476,1.0
2015-03-27,2015-03-30,2015-03-31,OK,-0.009690936123099254,0.0005540782760382924,6.64893931245951e-06,-0.009697520627965583,1.0
2015-03-30,2015-03-31,2015-04-01,OK,-0.008173935544812785,0.011636674886111417,0.000139640098633337,-0.008312434234280408,1.0
2015-03-31,2015-04-01,2015-04-02,OK,0.0042569695288788316,0.10114111573736953,0.0012136933888484344,0.003038109484256646,1.0
2015-04-01,2015-04-02,2015-04-06,OK,0.006344647487965477,0.0330664082607837,0.0003967968991294044,0.005945333052386648,1.0
2015-04-02,2015-04-06,2015-04-07,OK,-0.00561642215973783,0.021377685774113694,0.0002565322292893643,-0.005871513595729905,1.0
2015-04-06,2015-04-07,2015-04-08,OK,0.015254264653061969,0.06770967970698816,0.0008125161564838579,0.01442935416009239,1.0
2015-04-07,2015-04-08,2015-04-09,OK,0.0007154214515665131,0.13130784129504336,0.0015756940955405203,-0.000861399929330986,1.0
2015-04-08,2015-04-09,2015-04-10,OK,0.009859010094537171,3.102661880454577e-08,3.7231942565454924e-10,0.00985900971854714,1.0
2015-04-09,2015-04-10,2015-04-13,OK,0.009860441617432993,9.241524350465935e-09,1.1089829220559123e-10,0.009860441505441297,1.0
2015-04-10,2015-04-13,2015-04-14,OK,0.0012300519160158068,1.0125772792295151e-08,1.215092735075418e-10,0.0012300517943570899,1.0
2015-04-13,2015-04-14,2015-04-15,OK,-0.007151184031863571,2.8482767281887145e-08,3.4179320738264575e-10,-0.007151184371212538,1.0
2015-04-14,2015-04-15,2015-04-16,OK,0.05336914650321023,0.13208966970085415,0.0015850760364102497,0.051699476311594106,1.0
2015-04-15,2015-04-16,2015-04-17,OK,-0.007023898105945986,0.1147502733945587,0.0013770032807347045,-0.008391229455945282,1.0
2015-04-16,2015-04-17,2015-04-20,OK,0.0012017381221268776,0.10504798706959106,0.0012605758448350928,-6.035260475667492e-05,1.0
2015-04-17,2015-04-20,2015-04-21,OK,-0.0006093877507486532,0.09944889739992005,0.0011933867687990405,-0.001802047284268915,1.0
2015-04-20,2015-04-21,2015-04-22,OK,-0.003221804597467061,0.06753280366721931,0.0008103936440066317,-0.0040295873115056,1.0
2015-04-21,2015-04-22,2015-04-23,OK,0.006384518039357873,4.029160725026182e-08,4.834992870031418e-10,0.006384517552771696,1.0
2015-04-22,2015-04-23,2015-04-24,OK,0.009379504127882144,2.1599992299121962e-08,2.5919990758946356e-10,0.009379503866250971,1.0
2015-04-23,2015-04-24,2015-04-27,OK,-0.005954570502718519,0.0010738818502521114,1.2886582203025338e-05,-0.005967380350859308,1.0
2015-04-24,2015-04-27,2015-04-28,OK,0.0015931165381632248,0.09694612683256554,0.0011633535219907865,0.0004279096584369757,1.0
2015-04-27,2015-04-28,2015-04-29,OK,-7.354654624516527e-05,0.0027774379224315554,3.332925506917867e-05,-0.00010687335006265286,1.0
2015-04-28,2015-04-29,2015-04-30,OK,-0.016508757073737182,0.11502848088559589,0.0013803417706271506,-0.01786631111739434,1.0
2015-04-29,2015-04-30,2015-05-01,OK,0.007565217784186147,0.09893140164784636,0.0011871768197741564,0.006369059713221992,0.9999999999999998
2015-04-30,2015-05-01,2015-05-04,OK,0.004344025583734578,0.04894583912790581,0.0005873500695348698,0.0037541240504710416,1.0
2015-05-01,2015-05-04,2015-05-05,OK,-0.0031591215689026004,0.044925099062197646,0.0005391011887463718,-0.003696519671455789,1.0
2015-05-04,2015-05-05,2015-05-06,OK,-0.008064595952011632,0.002114691468660543,2.5376297623926513e-05,-0.008089767600048425,1.0
2015-05-05,2015-05-06,2015-05-07,OK,0.00415358339334755,0.07205772558511545,0.0008646927070213854,0.00328529911305786,1.0000000000000002
2015-05-06,2015-05-07,2015-05-08,OK,0.009532755191099659,0.03630670862632562,0.0004356805035159075,0.009092921452002356,1.0
2015-05-07,2015-05-08,2015-05-11,OK,0.00017993081233778343,0.003981491686937794,4.777790024325353e-05,0.00013214431537811322,0.9999999999999999
2015-05-08,2015-05-11,2015-05-12,OK,-0.0012904103720138282,2.0128266565696065e-05,2.4153919878835276e-07,-0.0012906515995279033,1.0000000000000002
2015-05-11,2015-05-12,2015-05-13,OK,0.0012539805841693319,0.11342890386122093,0.0013611468463346512,-0.00010887311388285692,1.0
2015-05-12,2015-05-13,2015-05-14,OK,0.014913236335105827,0.04596954774367132,0.0005516345729240558,0.014353375105425226,1.0
2015-05-13,2015-05-14,2015-05-15,OK,0.018175886819613945,4.2837956697530655e-08,5.140554803703679e-10,0.018175886296215138,1.0
2015-05-14,2015-05-15,2015-05-18,OK,-0.0038891571563169827,0.04075521818744399,0.0004890626182493279,-0.004376317733184698,1.0
2015-05-15,2015-05-18,2015-05-19,OK,-0.01038708601597026,0.04075323821547956,0.0004890388585857547,-0.01087104518586679,1.0
2015-05-18,2015-05-19,2015-05-20,OK,0.0019054044156000488,0.0435167200938108,0.0005222006411257297,0.001382208771066873,1.0
2015-05-19,2015-05-20,2015-05-21,OK,0.0066888320390642644,0.13725460012774113,0.0016470552015328936,0.005030759961929476,0.9999999999999999
2015-05-20,2015-05-21,2015-05-22,OK,-0.010492262333632471,0.03880869875668616,0.0004657043850802339,-0.01095308042613441,1.0000000000000002
2015-05-21,2015-05-22,2015-05-26,OK,-0.022666247275993062,2.9252367205606644e-08,3.5102840646727976e-10,-0.022666247619064994,1.0
2015-05-22,2015-05-26,2015-05-27,OK,0.012759922731560604,0.06514739809434639,0.0007817687771321567,0.011968178645238359,1.0
2015-05-26,2015-05-27,2015-05-28,OK,-0.0013401833958826593,0.17732815212740888,0.0021279378255289064,-0.0034652693944703383,1.0
2015-05-27,2015-05-28,2015-05-29,OK,-0.007192778363123167,0.07160509295198626,0.0008592611154238351,-0.008045859003787625,0.9999999999999999
2015-05-28,2015-05-29,2015-06-01,OK,0.0007641939182927743,2.9582033621300408e-08,3.549844034556049e-10,0.000764193563037141,1.0
2015-05-29,2015-06-01,2015-06-02,OK,-0.00031675225319360064,0.174674443649567,0.002096093323794804,-0.002412181634705135,1.0
2015-06-01,2015-06-02,2015-06-03,OK,-0.0009044010672817062,0.07505846853733689,0.0009007016224480426,-0.0018042880942211736,1.0
2015-06-02,2015-06-03,2015-06-04,OK,-0.009050822041420273,0.07037629243707863,0.0008445155092449436,-0.009887693991079805,1.0
2015-06-03,2015-06-04,2015-06-05,OK,0.003771226176671158,0.07500802801367677,0.0009000963361641212,0.0028677353736425992,1.0
2015-06-04,2015-06-05,2015-06-08,OK,-0.0029493762805274893,0.05064545122191966,0.0006077454146630359,-0.003555329225279902,1.0
2015-06-05,2015-06-08,2015-06-09,OK,0.011131283024974709,0.13267832304243576,0.0015921398765092291,0.009521420588884721,1.0
2015-06-08,2015-06-09,2015-06-10,OK,0.019938974407614173,0.07291541506961632,0.000874984980835396,0.01904654312363885,1.0
2015-06-09,2015-06-10,2015-06-11,OK,-0.0016355856649175283,0.11441454026978388,0.0013729744832374066,-0.0030063145307718253,1.0
2015-06-10,2015-06-11,2015-06-12,OK,-0.007772019017955194,0.031881774688810274,0.0003825812962657233,-0.008151626885110397,1.0
2015-06-11,2015-06-12,2015-06-15,OK,-0.0025051992603994364,0.12707419333926567,0.0015248903200711882,-0.004026269426368523,1.0
2015-06-12,2015-06-15,2015-06-16,OK,0.022178963667808516,0.0013307934733861396,1.5969521680633675e-05,0.022162639958686725,1.0
2015-06-15,2015-06-16,2015-06-17,OK,-0.004796053069188277,0.0002738931236683749,3.2867174840204987e-06,-0.004799324023400886,1.0
2015-06-16,2015-06-17,2015-06-18,OK,0.011118248664707567,9.106465588927873e-05,1.0927758706713448e-06,0.011117143739083124,1.0
2015-06-17,2015-06-18,2015-06-19,OK,-0.010841664241447719,0.050876571696009454,0.0006105188603521134,-0.011445564061302815,1.0
2015-06-18,2015-06-19,2015-06-22,OK,0.009380742364149005,0.08672059341069421,0.0010406471209283305,0.008330333200687212,1.0
2015-06-19,2015-06-22,2015-06-23,OK,0.006442655967852859,3.509586360719505e-05,4.211503632863406e-07,0.006442232104162615,1.0
2015-06-22,2015-06-23,2015-06-24,OK,-0.0067938339966533414,0.04086752085385871,0.0004904102502463045,-0.007280912481069213,1.0
2015-06-23,2015-06-24,2015-06-25,OK,-0.008363006263957931,0.00010878841642453924,1.3054609970944708e-06,-0.00836430080737649,1.0
2015-06-24,2015-06-25,2015-06-26,OK,0.00791988790825388,0.08888029318682318,0.0010665635182418782,0.006844877326500409,1.0
2015-06-25,2015-06-26,2015-06-29,OK,-0.02220229029624475,0.08847974182300271,0.0010617569018760325,-0.023240473763161296,1.0
2015-06-26,2015-06-29,2015-06-30,OK,0.007146930383023855,0.12426626218842349,0.0014911951462610819,0.0056450777688650255,1.0000000000000002
2015-06-29,2015-06-30,2015-07-01,OK,-0.005172365499642475,0.1433353517197098,0.0017200242206365176,-0.006883493126341733,1.0
2015-06-30,2015-07-01,2015-07-02,OK,0.002675659903655692,0.06255984698091475,0.0007507181637709771,0.0019229330733949723,1.0
2015-07-01,2015-07-02,2015-07-06,OK,-0.012577394382063978,7.167883139466702e-08,8.601459767360043e-10,-0.012577395231391564,1.0
2015-07-02,2015-07-06,2015-07-07,OK,0.0013561166329057266,0.05496274668717549,0.0006595529602461059,0.0006956692419199939,1.0
2015-07-06,2015-07-07,2015-07-08,OK,-0.01600992460652571,3.578417106381293e-08,4.294100527657552e-10,-0.016009925029060956,1.0
2015-07-07,2015-07-08,2015-07-09,OK,0.015336663614847748,0.04409024104266987,0.0005290828925120384,0.014799466355988944,1.0
2015-07-08,2015-07-09,2015-07-10,OK,0.015012251558602238,0.0442603209272762,0.0005311238511273145,0.014473154342613093,1.0
2015-07-09,2015-07-10,2015-07-13,OK,0.01932180840508324,0.055006680455259555,0.0006600801654631146,0.01864897429713097,1.0
2015-07-10,2015-07-13,2015-07-14,OK,0.0050751460625365835,0.07519341443644684,0.0009023209732373621,0.004168245678564775,0.9999999999999999
2015-07-13,2015-07-14,2015-07-15,OK,-0.00989511624880698,0.06723896535815242,0.000806867584297829,-0.01069399978456076,1.0
2015-07-14,2015-07-15,2015-07-16,OK,0.047449703709707004,1.8822989014677383e-08,2.258758681761286e-10,0.04744970347311339,1.0
2015-07-15,2015-07-16,2015-07-17,OK,-0.013115346872146535,0.10700457847104772,0.0012840549416525727,-0.014382560987836523,1.0
2015-07-16,2015-07-17,2015-07-20,OK,-0.016578810405023136,2.1478898278026737e-08,2.5774677933632083e-10,-0.016578810658496868,1.0
2015-07-17,2015-07-20,2015-07-21,OK,-0.0005943961384844292,0.06948960504709366,0.0008338752605651239,-0.0014277757468147412,1.0
2015-07-20,2015-07-21,2015-07-22,OK,-0.007015664611384335,0.12202631291644364,0.0014643157549973237,-0.008469707218159428,1.0
2015-07-21,2015-07-22,2015-07-23,OK,-0.011051018716708456,0.06613870528652725,0.000793664463438327,-0.011835912379306479,1.0
2015-07-22,2015-07-23,2015-07-24,OK,-0.00867847398222561,0.06895839839665985,0.0008275007807599182,-0.009498793318989396,1.0
2015-07-23,2015-07-24,2015-07-27,OK,-0.01585926479542828,0.07485140290641784,0.0008982168348770141,-0.01674323657167731,1.0
2015-07-24,2015-07-27,2015-07-28,OK,0.016353232525734583,0.0669661990747543,0.0008035943888970516,0.01553649677093949,1.0
2015-07-27,2015-07-28,2015-07-29,OK,0.012858661997832267,0.03922856263168741,0.00047074275158024895,0.012381866124321572,1.0
2015-07-28,2015-07-29,2015-07-30,OK,0.005150029065488259,0.17670634059570184,0.002120476087148422,0.0030186324648584506,1.0
2015-07-29,2015-07-30,2015-07-31,OK,0.006924552044388297,0.07868657899619952,0.0009442389479543943,0.005973774664696618,1.0
2015-07-30,2015-07-31,2015-08-03,OK,-0.01184100117472085,0.05526637101497915,0.0006631964521797498,-0.012496344716931285,1.0
2015-07-31,2015-08-03,2015-08-04,OK,0.024568985820742437,3.784069885527652e-07,4.540883862633183e-09,0.024568981168293647,1.0
2015-08-03,2015-08-04,2015-08-05,OK,0.010220539178653586,9.795049931947408e-07,1.175405991833689e-08,0.01022052730446088,1.0
2015-08-04,2015-08-05,2015-08-06,OK,8.568453318880294e-06,1.021104073344048e-07,1.2253248880128575e-09,8.567227983480308e-06,1.0
2015-08-05,2015-08-06,2015-08-07,OK,-0.014718119321019598,6.880597556435664e-07,8.256717067722797e-09,-0.01471812745621337,1.0
2015-08-06,2015-08-07,2015-08-10,OK,0.009081783760828872,0.05525010343066707,0.0006630012411680049,0.00841276128575541,1.0
2015-08-07,2015-08-10,2015-08-11,OK,-0.007690442940927215,0.055019812133283635,0.0006602377455994037,-0.008345603165816673,1.0000000000000002
2015-08-10,2015-08-11,2015-08-12,OK,-0.004939357638280812,0.05085909015370351,0.0006103090818444421,-0.005546652185300149,1.0
2015-08-11,2015-08-12,2015-08-13,OK,0.001587519556501233,1.1700618749582725e-07,1.404074249949927e-09,0.0015875181501978641,1.0
2015-08-12,2015-08-13,2015-08-14,OK,-0.0008770478909847651,0.038381075887795386,0.00046057291065354467,-0.0013372168571382792,1.0
2015-08-13,2015-08-14,2015-08-17,OK,0.014322332601977083,5.364917758654553e-08,6.437901310385463e-10,0.01432233194896626,1.0
2015-08-14,2015-08-17,2015-08-18,OK,0.011840319353220077,3.1765003405404e-08,3.8118004086484803e-10,0.011840318967526686,1.0
2015-08-17,2015-08-18,2015-08-19,OK,-0.016827089640916247,1.008420320868647e-06,1.2101043850423765e-08,-0.016827101538334777,0.9999999999999999
2015-08-18,2015-08-19,2015-08-20,OK,-0.036065147734064405,1.4577028152606974e-07,1.749243378312837e-09,-0.0360651494202211,1.0
2015-08-19,2015-08-20,2015-08-21,OK,-0.04756637681504028,2.9140805980071294e-08,3.4968967176085555e-10,-0.04756637714809653,1.0
2015-08-20,2015-08-21,2015-08-24,OK,-0.05097395528126193,0.03838223360008278,0.0004605868032009933,-0.0514110641533535,1.0
2015-08-21,2015-08-24,2015-08-25,OK,0.007703970532921609,0.0693344411002379,0.0008320132932028548,0.006865547433825059,1.0000000000000002
2015-08-24,2015-08-25,2015-08-26,OK,0.045918274318785986,3.633389360560568e-08,4.360067232672682e-10,0.045918273862758596,1.0
2015-08-25,2015-08-26,2015-08-27,OK,0.04502135747283799,0.04251496070179062,0.0005101795284214875,0.044488208969492016,1.0
2015-08-26,2015-08-27,2015-08-28,OK,-0.0016639537923350109,0.07321068695396644,0.0008785282434475973,-0.0025410202053801623,1.0
2015-08-27,2015-08-28,2015-08-31,OK,-0.009473267960845565,0.04260096006401913,0.0005112115207682296,-0.009979636637892919,1.0
2015-08-28,2015-08-31,2015-09-01,OK,-0.042217835081369545,0.06667342764685233,0.000800081131762228,-0.04298413851985927,1.0
2015-08-31,2015-09-01,2015-09-02,OK,0.012457526203026212,4.075516100640608e-08,4.89061932076873e-10,0.012457525707871842,1.0
2015-09-01,2015-09-02,2015-09-03,OK,-0.008453542475504911,2.4039732329783625e-08,2.884767879574035e-10,-0.008453542761543087,1.0
2015-09-02,2015-09-03,2015-09-04,OK,-0.018753131995075986,5.5723876509622405e-08,6.686865181154688e-10,-0.01875313265122258,1.0
2015-09-03,2015-09-04,2015-09-08,OK,0.009022022556133796,0.03842872810245767,0.00046114473722949206,0.008556717360683308,1.0
2015-09-04,2015-09-08,2015-09-09,OK,-6.662487645083155e-05,0.03843017629195613,0.0004611621155034736,-0.0005277562670853442,1.0
2015-09-08,2015-09-09,2015-09-10,OK,0.0017966054664481496,0.03819574390889111,0.00045834892690669335,0.0013374330673538992,0.9999999999999998
2015-09-09,2015-09-10,2015-09-11,OK,-0.005386247619716261,1.4892081866217655e-05,1.7870498239461187e-07,-0.005386425362149394,1.0
2015-09-10,2015-09-11,2015-09-14,OK,-0.0068138377176339025,4.117036093792548e-06,4.9404433125510575e-08,-0.006813886785433154,1.0
2015-09-11,2015-09-14,2015-09-15,OK,0.012569721446021665,6.74214779283755e-08,8.09057735140506e-10,0.01256972062679429,1.0
2015-09-14,2015-09-15,2015-09-16,OK,0.02582800612067703,0.062362817900646045,0.0007483538148077525,0.02506032381895995,1.0
2015-09-15,2015-09-16,2015-09-17,OK,0.0062355354552146094,0.05568348142187597,0.0006682017770625117,0.005563167082279996,1.0
2015-09-16,2015-09-17,2015-09-18,OK,-0.01956668588918574,0.04719621196759794,0.0005663545436111753,-0.020121958751340152,1.0
2015-09-17,2015-09-18,2015-09-21,OK,-0.001905080588016369,3.276936959284438e-08,3.9323243511413256e-10,-0.0019050809804996849,0.9999999999999999
2015-09-18,2015-09-21,2015-09-22,OK,-0.017036929843276705,2.971814213811874e-08,3.566177056574249e-10,-0.01703693019381869,1.0
2015-09-21,2015-09-22,2015-09-23,OK,-0.0026335259862209697,3.81189015456751e-08,4.574268185481012e-10,-0.0026335264424431903,1.0
2015-09-22,2015-09-23,2015-09-24,OK,0.012327426890115198,0.0471950373611664,0.0005663404483339968,0.01175410492130946,0.9999999999999998
2015-09-23,2015-09-24,2015-09-25,OK,-0.015261695057601088,0.04719540638536025,0.000566344876624323,-0.01581939655142095,1.0
2015-09-24,2015-09-25,2015-09-28,OK,-0.036786825445488835,5.40144351017513e-08,6.481732212210156e-10,-0.03678682606981776,1.0
2015-09-25,2015-09-28,2015-09-29,OK,0.0035121441734420836,2.7599148154366926e-08,3.311897778524031e-10,0.0035121438410889994,1.0
2015-09-28,2015-09-29,2015-09-30,OK,0.04212996802136788,4.4038276219085515e-07,5.284593146290262e-09,0.04212996251413492,1.0
2015-09-29,2015-09-30,2015-10-01,OK,0.002807479311981903,0.07603934916229702,0.0009124721899475642,0.0018924453752382497,1.0
2015-09-30,2015-10-01,2015-10-02,OK,0.020255781569084096,0.0736737427200389,0.0008840849126404668,0.0193537888255646,1.0
2015-10-01,2015-10-02,2015-10-05,OK,0.02474744480760796,8.10600948958351e-06,9.727211387500212e-08,0.024747345128257825,1.0
2015-10-02,2015-10-05,2015-10-06,OK,-0.011050109819547467,2.6601466338732616e-07,3.192175960647914e-09,-0.011050112976449533,1.0
2015-10-05,2015-10-06,2015-10-07,OK,0.009958443863040506,0.00022146628173865673,2.657595380863881e-06,0.009955759802145137,1.0000000000000002
2015-10-06,2015-10-07,2015-10-08,OK,0.027882954193314356,0.06707621607514427,0.0008049145929017313,0.027055596203689136,0.9999999999999999
2015-10-07,2015-10-08,2015-10-09,OK,-0.0022633903183931618,0.204972639332914,0.002459671671994968,-0.004717494793339383,1.0
2015-10-08,2015-10-09,2015-10-12,OK,-0.002288649698793524,5.096117905376008e-07,6.115341486451209e-09,-0.002288655800139039,1.0
2015-10-09,2015-10-12,2015-10-13,OK,-0.019736637381954907,0.09935393054181615,0.001192247166501794,-0.020905353598461796,1.0
2015-10-12,2015-10-13,2015-10-14,OK,-0.00842312702887482,0.014464412101532584,0.000173572945218391,-0.0085952379471268,1.0
2015-10-13,2015-10-14,2015-10-15,OK,-0.018441766525641654,0.0501151669810796,0.0006013820037729553,-0.0190320579829083,1.0
2015-10-14,2015-10-15,2015-10-16,OK,-0.004083995025172729,0.03625187547893024,0.00043502250574716287,-0.0045172409011705605,1.0
2015-10-15,2015-10-16,2015-10-19,OK,0.008283896590775774,0.03517947383044252,0.0004221536859653103,0.007858245827330634,1.0
2015-10-16,2015-10-19,2015-10-20,OK,-0.005615536930378129,0.03517955005469567,0.000422154600656348,-0.006035320906284114,1.0
2015-10-19,2015-10-20,2015-10-21,OK,-0.01674708763830027,4.959162984419924e-06,5.9509955813039084e-08,-0.016747146151637637,1.0
2015-10-20,2015-10-21,2015-10-22,OK,0.009603205415236172,0.01092089407101381,0.00013105072885216573,0.00947089617931507,1.0
2015-10-21,2015-10-22,2015-10-23,OK,0.004119370496642176,0.09146035533526557,0.0010975242640231869,0.003017325123546355,1.0
2015-10-22,2015-10-23,2015-10-26,OK,0.01251735252760248,9.840505282333878e-07,1.1808606338800654e-08,0.01251734057118381,1.0
2015-10-23,2015-10-26,2015-10-27,OK,0.0011904625248972702,0.003527709390308909,4.233251268370691e-05,0.0011480796169436314,1.0
2015-10-26,2015-10-27,2015-10-28,OK,0.013385489305003691,0.05120899906666206,0.0006145079887999447,0.012762755826091876,0.9999999999999999
2015-10-27,2015-10-28,2015-10-29,OK,-0.0035183629844331996,0.050774980471925954,0.0006092997656631115,-0.004125519012354473,1.0
2015-10-28,2015-10-29,2015-10-30,OK,0.004893280059598987,0.016314030375111747,0.00019576836450134098,0.004696553745663357,1.0
2015-10-29,2015-10-30,2015-11-02,OK,0.002427459294634016,1.7649237360117462e-05,2.1179084832140954e-07,0.002427246989672005,1.0
2015-10-30,2015-11-02,2015-11-03,OK,0.01709202129551021,0.2012505123577166,0.002415006148292599,0.014635737810702043,1.0
2015-11-02,2015-11-03,2015-11-04,OK,0.002775275634800194,3.0311179163855506e-08,3.637341499662661e-10,0.0027752752700567207,1.0
2015-11-03,2015-11-04,2015-11-05,OK,-0.001186135864024636,0.0007326893168924063,8.792271802708876e-06,-0.0011949177069984218,1.0
2015-11-04,2015-11-05,2015-11-06,OK,-0.004968266006015175,3.035585727576007e-08,3.642702873091208e-10,-0.004968266368475693,1.0
2015-11-05,2015-11-06,2015-11-09,OK,-0.02077953139354485,0.009933101851644675,0.00011919722221973609,-0.02089625175334342,1.0
2015-11-06,2015-11-09,2015-11-10,OK,0.013074247182991487,2.8611589417137928e-08,3.433390730056551e-10,0.01307424683516345,1.0
2015-11-09,2015-11-10,2015-11-11,OK,-0.012331799189202344,0.016888180434209255,0.00020265816521051105,-0.01253195821461539,1.0
2015-11-10,2015-11-11,2015-11-12,OK,-0.01744714636994829,1.490662351541494e-08,1.788794821849793e-10,-0.017447146545706782,1.0
2015-11-11,2015-11-12,2015-11-13,OK,-0.026156703427872786,0.20956416113281548,0.0025147699335937856,-0.028605695270124243,0.9999999999999998
2015-11-12,2015-11-13,2015-11-16,OK,0.034835597589215055,0.19650001854251045,0.0023580002225101256,0.032395455019838204,1.0
2015-11-13,2015-11-16,2015-11-17,OK,0.009599210259088156,0.09203161528423863,0.0011043793834108636,0.008484229705769897,1.0
2015-11-16,2015-11-17,2015-11-18,OK,0.02373892941311371,0.11874037275574605,0.0014248844730689527,0.022280219708116666,1.0
2015-11-17,2015-11-18,2015-11-19,OK,-0.013550631677344698,0.0855963742986772,0.0010271564915841265,-0.014563869549636399,1.0
2015-11-18,2015-11-19,2015-11-20,OK,0.01639650237419448,2.5811904384720474e-08,3.097428526166457e-10,0.01639650205937304,1.0
2015-11-19,2015-11-20,2015-11-23,OK,0.005039372684621891,2.7194446756972912e-08,3.2633336108367497e-10,0.0050393723566439785,1.0
2015-11-20,2015-11-23,2015-11-24,OK,0.001641560720620903,2.6146238139845845e-08,3.1375485767815015e-10,0.0016415604063508837,1.0
2015-11-23,2015-11-24,2015-11-25,OK,-0.002260635360267085,2.877336516965423e-08,3.452803820358508e-10,-0.002260635704766867,1.0
2015-11-24,2015-11-25,2015-11-27,OK,-0.00018250696945051827,1.6652118337012745e-08,1.9982542004415295e-10,-0.00018250716923950971,1.0
2015-11-25,2015-11-27,2015-11-30,OK,-0.009579405626285639,3.873008219690277e-08,4.6476098636283326e-10,-0.009579406086594577,1.0
2015-11-27,2015-11-30,2015-12-01,OK,0.011082424814193768,0.07782465297957944,0.0009338958357549533,0.010138179148054816,1.0
2015-11-30,2015-12-01,2015-12-02,OK,0.008135884473788248,0.05458168875372094,0.0006549802650446514,0.007475575364974674,1.0
2015-12-01,2015-12-02,2015-12-03,OK,-0.017555106294305064,0.03679585507155691,0.00044155026085868293,-0.01798890509340001,1.0
2015-12-02,2015-12-03,2015-12-04,OK,0.020953101971593363,0.036795647170352774,0.0004415477660442333,0.020502302410182027,1.0
2015-12-03,2015-12-04,2015-12-07,OK,-0.021695238715429572,0.21374194741360575,0.002564903368963269,-0.02420449589352125,1.0
2015-12-04,2015-12-07,2015-12-08,OK,0.0066556380106375,0.16023220134123764,0.0019227864160948516,0.0047200542241854215,1.0
2015-12-07,2015-12-08,2015-12-09,OK,-0.009488998000408113,1.7994687614986127e-08,2.1593625137983352e-10,-0.009488998214295385,1.0
2015-12-08,2015-12-09,2015-12-10,OK,-0.0031609578910871588,0.079934916900753,0.000959219002809036,-0.004117144843019949,1.0000000000000002
2015-12-09,2015-12-10,2015-12-11,OK,-0.024043347724991757,2.717340905067367e-08,3.2608090860808405e-10,-0.024043348043232604,1.0
2015-12-10,2015-12-11,2015-12-14,OK,0.005000717051526324,0.07993495851482135,0.0009592195021778562,0.004036700764027845,1.0
2015-12-11,2015-12-14,2015-12-15,OK,-0.00015455333768723666,0.08556519918655868,0.0010267823902387042,-0.001181177035280423,1.0
2015-12-14,2015-12-15,2015-12-16,OK,0.020576080066366544,7.503507233955209e-08,9.004208680746251e-10,0.020576079147418547,1.0
2015-12-15,2015-12-16,2015-12-17,OK,-0.015118327399625398,0.10461572068785853,0.0012553886482543023,-0.01635473667128151,1.0
2015-12-16,2015-12-17,2015-12-18,OK,-0.02432335528288306,2.1912899765552663e-08,2.6295479718663196e-10,-0.02432335553944187,1.0
2015-12-17,2015-12-18,2015-12-21,OK,-0.0014966801911731114,1.9566633036038894e-08,2.3479959643246673e-10,-0.001496680425621344,1.0
2015-12-18,2015-12-21,2015-12-22,OK,0.006457557110721644,8.549865805618229e-08,1.0259838966741874e-09,0.006457556078112603,1.0
2015-12-21,2015-12-22,2015-12-23,OK,0.015571762380985885,1.350211237954868e-08,1.6202534855458418e-10,0.015571762216437524,1.0
2015-12-22,2015-12-23,2015-12-24,OK,-0.003901014305446843,0.07993449175731884,0.0009592139010878261,-0.00485648629938451,1.0
2015-12-23,2015-12-24,2015-12-28,OK,-0.0023390141802862472,0.22935582726477072,0.0027522699271772485,-0.005084846509075813,1.0
2015-12-24,2015-12-28,2015-12-29,OK,0.01184419340529886,0.07764441429239435,0.0009317329715087323,0.010901424808273497,1.0
2015-12-28,2015-12-29,2015-12-30,OK,-0.012272173516908135,4.162722419195908e-08,4.99526690303509e-10,-0.012272174010304449,1.0
2015-12-29,2015-12-30,2015-12-31,OK,-0.010495956860176913,3.7978808528627006e-08,4.557457023435241e-10,-0.01049595731113906,1.0
2015-12-30,2015-12-31,2016-01-04,OK,-0.018360944992587135,2.021635048948811e-08,2.4259620587385735e-10,-0.018360945230728953,1.0
2015-12-31,2016-01-04,2016-01-05,OK,-0.002935737682903671,0.08161754254959262,0.0009794105105951116,-0.003912272901155811,1.0
2016-01-04,2016-01-05,2016-01-06,OK,0.004503719751986917,0.10029777100723303,0.0012035732520867964,0.003294725943271626,1.0
2016-01-05,2016-01-06,2016-01-07,OK,-0.012693870835203248,0.2595744874097953,0.0031148938489175436,-0.01576922462393726,1.0
2016-01-06,2016-01-07,2016-01-08,OK,-0.021620535811215043,0.19054123886110397,0.002286494866333248,-0.023857595433408596,1.0
2016-01-07,2016-01-08,2016-01-11,OK,0.011644600221029236,8.375478415495627e-08,1.0050574098594753e-09,0.011644599204268413,1.0
2016-01-08,2016-01-11,2016-01-12,OK,0.01011379130759174,0.005069664353377643,6.083597224053172e-05,0.010052340053023912,1.0
2016-01-11,2016-01-12,2016-01-13,OK,-0.03869769269983667,5.594321901211674e-08,6.713186281454009e-10,-0.03869769334517692,1.0000000000000002
2016-01-12,2016-01-13,2016-01-14,OK,0.01400348400607579,3.2640693513172455e-08,3.916883221580695e-10,0.014003483608902467,0.9999999999999999
2016-01-13,2016-01-14,2016-01-15,OK,-0.01781087617311038,0.09404831246555684,0.001128579749586682,-0.0189193549285257,1.0
2016-01-14,2016-01-15,2016-01-19,OK,0.018783543436631453,4.6567019279259575e-08,5.58804231351115e-10,0.01878354286733086,1.0
2016-01-15,2016-01-19,2016-01-20,OK,-0.0056402581126526845,2.9387652615651266e-08,3.526518313878152e-10,-0.005640258463315395,1.0
2016-01-19,2016-01-20,2016-01-21,OK,-0.004425205233506293,2.9013917718454657e-08,3.481670126214559e-10,-0.004425205580132707,1.0
2016-01-20,2016-01-21,2016-01-22,OK,0.009952084829902707,0.03862443975193539,0.0004634932770232247,0.009483978828468409,1.0
2016-01-21,2016-01-22,2016-01-25,OK,-0.009671025119813149,0.09286916179630092,0.0011144299415556112,-0.010774677381409692,1.0
2016-01-22,2016-01-25,2016-01-26,OK,0.006723468734893559,0.08257259527585749,0.0009908711433102898,0.005725935500430879,1.0
2016-01-25,2016-01-26,2016-01-27,OK,-0.02136199262807065,2.1033978590996594e-08,2.524077430919591e-10,-0.021361992875086555,1.0
2016-01-26,2016-01-27,2016-01-28,OK,0.007426928781976776,2.9361808317544293e-05,3.523416998105315e-07,0.007426573823460236,1.0
2016-01-27,2016-01-28,2016-01-29,OK,0.021541999366684283,0.1911162978981176,0.002293395574777411,0.01919919946588755,1.0
2016-01-28,2016-01-29,2016-02-01,OK,0.010664942979907782,0.09650414675486392,0.0011580497610583671,0.009494542684179708,1.0
2016-01-29,2016-02-01,2016-02-02,OK,-0.013357949263254617,0.07793899818808278,0.0009352679782569934,-0.014280723979310572,1.0
2016-02-01,2016-02-02,2016-02-03,OK,-0.004803894323556485,0.046029595248633676,0.0005523551429836042,-0.005353596010804096,1.0
2016-02-02,2016-02-03,2016-02-04,OK,-0.0035118633259937854,0.05328794321901486,0.0006394553186281783,-0.004149072964939826,1.0
2016-02-03,2016-02-04,2016-02-05,OK,-0.02559132814378111,0.05540322751684694,0.0006648387302021633,-0.026239152767875917,1.0
2016-02-04,2016-02-05,2016-02-08,OK,-0.00838597715707027,0.050117146040747435,0.0006014057524889692,-0.00898233953465677,1.0
2016-02-05,2016-02-08,2016-02-09,OK,0.009546541031082708,0.14494029758586155,0.0017392835710303386,0.007790653318076712,1.0
2016-02-08,2016-02-09,2016-02-10,OK,0.005796613926614581,0.10149796525335315,0.0012179755830402379,0.004571578209347393,1.0
2016-02-09,2016-02-10,2016-02-11,OK,-0.018295836920553303,0.04471763870146371,0.0005366116644175646,-0.018822630825468978,1.0
2016-02-10,2016-02-11,2016-02-12,OK,0.021384542759356563,0.026457805236923367,0.0003174936628430804,0.021060259639704704,0.9999999999999999
2016-02-11,2016-02-12,2016-02-16,OK,0.017342299582530946,0.06349297608545328,0.0007619157130254393,0.01656717049895362,1.0
2016-02-12,2016-02-16,2016-02-17,OK,0.02378019372770556,0.0040270833714334126,4.832500045720095e-05,0.023730719549375667,1.0
2016-02-16,2016-02-17,2016-02-18,OK,-0.00831705761980694,0.06444114991105958,0.000773293798932715,-0.009083919889656955,1.0
2016-02-17,2016-02-18,2016-02-19,OK,-0.0011675933872667982,0.005401102186901086,6.481322624281304e-05,-0.0012323309380153358,1.0
2016-02-18,2016-02-19,2016-02-22,OK,0.02423329027263702,0.06531760473960153,0.0007838112568752184,0.023430484690055042,1.0
2016-02-19,2016-02-22,2016-02-23,OK,-0.008376797482437746,0.050516106667076344,0.0006061932800049162,-0.008977912804100763,1.0
2016-02-22,2016-02-23,2016-02-24,OK,0.006969556707885731,0.0403614299928899,0.0004843371599146788,0.006481843932669262,1.0
2016-02-23,2016-02-24,2016-02-25,OK,0.011856401914232971,0.003724164713572658,4.4689976562871894e-05,0.011811182075346371,1.0
2016-02-24,2016-02-25,2016-02-26,OK,-0.000568191389390566,2.933047694823887e-07,3.5196572337886647e-09,-0.0005681949070479586,1.0
2016-02-25,2016-02-26,2016-02-29,OK,-0.012044276098962126,0.0278725287197982,0.0003344703446375784,-0.012374717990422002,1.0
2016-02-26,2016-02-29,2016-03-01,OK,0.023817700789494446,0.06794933663826791,0.0008153920396592149,0.0229828879862084,1.0000000000000002
2016-02-29,2016-03-01,2016-03-02,OK,0.0014826348623619735,7.877435192170379e-08,9.452922230604455e-10,0.0014826339156683854,1.0
2016-03-01,2016-03-02,2016-03-03,OK,0.0010324030388338256,0.05829381769099028,0.0006995258122918834,0.0003321550339674406,1.0
2016-03-02,2016-03-03,2016-03-04,OK,0.004319050353174551,0.05099656258873045,0.0006119587510647654,0.003704448521449688,1.0
2016-03-03,2016-03-04,2016-03-07,OK,-0.0021856530253098385,0.06326266499853242,0.0007591519799823891,-0.002943145762470567,1.0
2016-03-04,2016-03-07,2016-03-08,OK,-0.006608209185698549,0.14879421163568615,0.0017855305396282338,-0.008381940566013601,1.0
2016-03-07,2016-03-08,2016-03-09,OK,0.003087807214996831,0.11551336910267455,0.0013861604292320947,0.001697366589590299,0.9999999999999999
2016-03-08,2016-03-09,2016-03-10,OK,0.012315932519522468,0.08202167533181004,0.0009842601039817204,0.011319550334518702,1.0000000000000002
2016-03-09,2016-03-10,2016-03-11,OK,0.01542910733062508,0.06556290417912371,0.0007867548501494845,0.01463021355544969,1.0
2016-03-10,2016-03-11,2016-03-14,OK,-0.010266165720795532,0.08020622874278953,0.0009624747449134744,-0.011218759540475687,1.0
2016-03-11,2016-03-14,2016-03-15,OK,-0.01935029234954662,1.898957581458749e-08,2.2787490977504988e-10,-0.01935029257301213,1.0
2016-03-14,2016-03-15,2016-03-16,OK,0.02472217753505898,0.003702940876658116,4.4435290519897395e-05,0.02467664370739797,1.0000000000000002
2016-03-15,2016-03-16,2016-03-17,OK,0.027094404228542274,0.013727629666371893,0.00016473155599646273,0.026925209369178527,1.0
2016-03-16,2016-03-17,2016-03-18,OK,0.004259446648800756,0.0058620302642896525,7.034436317147583e-05,0.004188802657567381,1.0
2016-03-17,2016-03-18,2016-03-21,OK,0.0032723127527785304,0.017833647597674706,0.00021400377117209647,0.0030576086943367997,1.0
2016-03-18,2016-03-21,2016-03-22,OK,0.005769289687545723,0.017436223755501627,0.00020923468506601952,0.005558847866968808,1.0
2016-03-21,2016-03-22,2016-03-23,OK,-0.01847118462046826,0.06616073204098474,0.0007939287844918169,-0.01925044859980618,1.0
2016-03-22,2016-03-23,2016-03-24,OK,-0.001223140147037563,5.374141679587163e-08,6.448970015504596e-10,-0.001223140791145827,1.0
2016-03-23,2016-03-24,2016-03-28,OK,0.02510660053547701,1.3982272720897138e-07,1.6778727265076566e-09,0.02510659881547861,1.0
2016-03-24,2016-03-28,2016-03-29,OK,0.01108805524945064,0.06007543792641554,0.0007209052551169864,0.01035915655703512,0.9999999999999999
2016-03-28,2016-03-29,2016-03-30,OK,-7.335988040250161e-05,6.138469014741095e-08,7.366162817689314e-10,-7.336061696472385e-05,1.0
2016-03-29,2016-03-30,2016-03-31,OK,-0.003455801256772538,0.048291694651744245,0.000579500335820931,-0.0040332989546045805,1.0
2016-03-30,2016-03-31,2016-04-01,OK,0.002036471647099568,0.1883734577641566,0.002260481493169879,-0.00022861325254008857,1.0000000000000002
2016-03-31,2016-04-01,2016-04-04,OK,-0.027095880729403343,0.11276316997726926,0.0013531580397272312,-0.028412373760278165,1.0
2016-04-01,2016-04-04,2016-04-05,OK,-0.005843552573545995,0.09416878185782177,0.0011300253822938613,-0.006966974593109021,1.0
2016-04-04,2016-04-05,2016-04-06,OK,0.0029833364712254025,7.578183677803274e-09,9.09382041336393e-11,0.0029833363800160217,1.0
2016-04-05,2016-04-06,2016-04-07,OK,-0.009268166393825434,1.7494338033774426e-08,2.099320564052931e-10,-0.009268166601811845,1.0
2016-04-06,2016-04-07,2016-04-08,OK,0.019414924494579225,0.09416878372260024,0.0011300254046712028,0.018262959731999207,1.0
2016-04-07,2016-04-08,2016-04-11,OK,0.0031523080051546895,0.08265313353469225,0.0009918376024163071,0.002157343825124558,1.0
2016-04-08,2016-04-11,2016-04-12,OK,0.031064992760524084,1.2718047517901176e-08,1.526165702148141e-10,0.031064992603166308,1.0
2016-04-11,2016-04-12,2016-04-13,OK,0.020244820455888296,0.15024259208116444,0.0018029111049739734,0.018405409739296053,1.0
2016-04-12,2016-04-13,2016-04-14,OK,-0.0055064563472298905,0.20568714013626793,0.0024682456816352153,-0.007961110741764865,1.0
2016-04-13,2016-04-14,2016-04-15,OK,0.00682776501947167,0.07938153651061527,0.0009525784381273834,0.0058686825996061565,1.0
2016-04-14,2016-04-15,2016-04-18,OK,-0.009844998509568655,0.20547207954835456,0.002465664954580255,-0.012286388996345932,1.0
2016-04-15,2016-04-18,2016-04-19,OK,0.01501161001388825,1.0378407196143247e-08,1.2454088635371897e-10,0.01501160988747774,1.0
2016-04-18,2016-04-19,2016-04-20,OK,0.003818453159736228,0.00226116956631333,2.713403479575996e-05,0.003791215514899582,1.0
2016-04-19,2016-04-20,2016-04-21,OK,-0.010198665269909056,1.3235889165935655e-07,1.5883066999122786e-09,-0.010198666842017201,1.0
2016-04-20,2016-04-21,2016-04-22,OK,0.014255956227282433,8.54730947130733e-09,1.0256771365568796e-10,0.014255956123252478,1.0
2016-04-21,2016-04-22,2016-04-25,OK,-0.008956607587467707,0.11010980595323072,0.0013213176714387688,-0.010266090735025046,1.0
2016-04-22,2016-04-25,2016-04-26,OK,0.012870856613789516,0.21180431407009725,0.002541651768841167,0.010296491609469438,1.0
2016-04-25,2016-04-26,2016-04-27,OK,0.010467467168075041,0.09476238654056852,0.0011371486384868224,0.009318415463549723,1.0
2016-04-26,2016-04-27,2016-04-28,OK,0.00020925821587058674,1.6430396265754155e-08,1.9716475518904986e-10,0.00020925801866455984,1.0
2016-04-27,2016-04-28,2016-04-29,OK,-0.0031555022786690845,0.08630044686811295,0.0010356053624173554,-0.004187839786005565,1.0000000000000002
2016-04-28,2016-04-29,2016-05-02,OK,0.006729425810707607,0.08714788551105698,0.0010457746261326839,0.005676613721813606,1.0
2016-04-29,2016-05-02,2016-05-03,OK,-0.02017687706069053,0.07455540043726686,0.0008946648052472022,-0.021053490324151714,0.9999999999999999
2016-05-02,2016-05-03,2016-05-04,OK,0.0013977807823013382,1.8350812761719348e-07,2.202097531406322e-09,0.0013977785771257523,1.0
2016-05-03,2016-05-04,2016-05-05,OK,-0.012538639243490517,0.07109485016527117,0.000853138201983254,-0.013381080253334288,1.0
2016-05-04,2016-05-05,2016-05-06,OK,0.011733742933771068,0.12040265370419573,0.0014448318444503488,0.010271957803875464,1.0
2016-05-05,2016-05-06,2016-05-09,OK,-0.01455720868661681,0.09094501398839525,0.001091340167860743,-0.015632661987905916,0.9999999999999997
2016-05-06,2016-05-09,2016-05-10,OK,0.02554876093419124,0.09992989719900527,0.0011991587663880633,0.0243189651471587,1.0
2016-05-09,2016-05-10,2016-05-11,OK,-0.012177919106728108,0.012801931502738038,0.00015362317803285644,-0.012329671474126003,1.0
2016-05-10,2016-05-11,2016-05-12,OK,-0.007599289389176863,1.356001904590301e-07,1.6272022855083613e-09,-0.007599291004013575,1.0
2016-05-11,2016-05-12,2016-05-13,OK,-0.022512723268490742,7.952099933894799e-06,9.542519920673758e-08,-0.02251281654540882,1.0
2016-05-12,2016-05-13,2016-05-16,OK,0.016286698002945996,0.012496861439127782,0.00014996233726953339,0.016134293274377542,1.0
2016-05-13,2016-05-16,2016-05-17,OK,-0.005354845336143096,0.09266742219916846,0.0011120090663900215,-0.006460899765970085,1.0
2016-05-16,2016-05-17,2016-05-18,OK,0.0009999988078187496,1.1613963266793315e-08,1.3936755920151978e-10,0.0009999986683117967,1.0
2016-05-17,2016-05-18,2016-05-19,OK,-0.013780847456722341,1.6268449861550627e-08,1.952213983386075e-10,-0.01378084764925347,1.0
2016-05-18,2016-05-19,2016-05-20,OK,0.008205706896075079,0.06988236020895527,0.0008385883225074633,0.007360237363586597,1.0
2016-05-19,2016-05-20,2016-05-23,OK,-0.01694353194446935,1.9359901036464233e-08,2.323188124375708e-10,-0.01694353217285194,1.0
2016-05-20,2016-05-23,2016-05-24,OK,0.014121175129661552,1.0055771621636511e-08,1.2066925945963813e-10,0.014121175007288267,1.0
2016-05-23,2016-05-24,2016-05-25,OK,0.00289721216400262,1.1232486021167665e-08,1.3478983225401198e-10,0.0028972120288222047,1.0
2016-05-24,2016-05-25,2016-05-26,OK,-0.0067580596264062015,0.049540731841127776,0.0005944887820935333,-0.00734853081786313,1.0
2016-05-25,2016-05-26,2016-05-27,OK,-0.004370750499325478,0.015708982944695603,0.00018850779533634724,-0.004558434374121179,1.0
2016-05-26,2016-05-27,2016-05-31,OK,-0.009789083924837943,0.05243604955365545,0.0006292325946438655,-0.010412156908804593,1.0
2016-05-27,2016-05-31,2016-06-01,OK,0.010616144338971494,0.03686939577934368,0.00044243274935212417,0.010169014659692,1.0
2016-05-31,2016-06-01,2016-06-02,OK,0.0068450740075246316,0.16029615823815407,0.001923553898857849,0.004908353239871488,1.0
2016-06-01,2016-06-02,2016-06-03,OK,-0.001340065323129887,0.050395196404683526,0.0006047423568562024,-0.0019439972857242527,1.0
2016-06-02,2016-06-03,2016-06-06,OK,0.006548520541810364,0.14576793531315857,0.001749215223757903,0.004787850546227546,1.0
2016-06-03,2016-06-06,2016-06-07,OK,0.007988691869462269,0.12012577397954669,0.0014415092877545603,0.006535666808180851,1.0
2016-06-06,2016-06-07,2016-06-08,OK,0.03409144948063994,0.08228544271962815,0.0009874253126355378,0.0330703614078427,1.0
2016-06-07,2016-06-08,2016-06-09,OK,-0.008213206257056127,0.08686915020027738,0.0010424298024033286,-0.00924707436848382,1.0
2016-06-08,2016-06-09,2016-06-10,OK,-0.0208586799323454,2.8111514643880398e-08,3.373381757265648e-10,-0.020858680262647034,0.9999999999999999
2016-06-09,2016-06-10,2016-06-13,OK,-0.016051884595114155,0.17725467523445307,0.002127056102813437,-0.0181447974388379,1.0
2016-06-10,2016-06-13,2016-06-14,OK,-0.006962463243632354,0.07516895410309335,0.0009020274492371202,-0.007858210359909523,1.0
2016-06-13,2016-06-14,2016-06-15,OK,0.0038294807643026573,1.419137189706543e-08,1.7029646276478517e-10,0.0038294805933540843,1.0
2016-06-14,2016-06-15,2016-06-16,OK,0.008386107305306117,1.524982418121823e-08,1.8299789017461876e-10,0.008386107120773811,1.0
2016-06-15,2016-06-16,2016-06-17,OK,0.010445943666100074,3.846496567996849e-07,4.615795881596218e-09,0.010445939002087679,1.0
2016-06-16,2016-06-17,2016-06-20,OK,0.015272952540254752,2.6598753276318998e-08,3.19185039315828e-10,0.015272952216194957,1.0
2016-06-17,2016-06-20,2016-06-21,OK,0.0038325681720107704,0.07511556701713633,0.000901386804205636,0.0029277267414287156,1.0
2016-06-20,2016-06-21,2016-06-22,OK,-0.004050513239936736,0.07408156709013203,0.0008889788050815843,-0.0049358912245982545,1.0
2016-06-21,2016-06-22,2016-06-23,OK,0.016663573306223367,0.11787882807457463,0.0014145459368948956,0.015225455979413827,1.0
2016-06-22,2016-06-23,2016-06-24,OK,-0.039482200029583414,0.08205632676293637,0.0009846759211552365,-0.04042799877905523,1.0
2016-06-23,2016-06-24,2016-06-27,OK,-0.026411372149351763,0.09453377411419053,0.0011344052893702864,-0.027515816238456225,0.9999999999999998
2016-06-24,2016-06-27,2016-06-28,OK,0.027621458234612983,0.08200479736426944,0.0009840575683712333,0.026610219561216564,1.0
2016-06-27,2016-06-28,2016-06-29,OK,0.03163581649972345,0.0019939275556676433,2.392713066801172e-05,0.03161113241474034,1.0
2016-06-28,2016-06-29,2016-06-30,OK,0.005373096397640196,1.309241683816742e-08,1.5710900205800903e-10,0.005373096239686959,1.0
2016-06-29,2016-06-30,2016-07-01,OK,0.018199206934982146,0.08200330376658642,0.0009840396451990371,0.017197258548647953,1.0
2016-06-30,2016-07-01,2016-07-05,OK,-0.019891931428606225,1.1895210261236855e-08,1.4274252313484226e-10,-0.019891931568509325,1.0
2016-07-01,2016-07-05,2016-07-06,OK,0.008768666588111356,1.1454545353895007e-08,1.3745454424674008e-10,0.008768666449451512,1.0
2016-07-05,2016-07-06,2016-07-07,OK,0.002389162817436944,9.45767746063364e-09,1.1349212952760368e-10,0.0023891627036736196,1.0
2016-07-06,2016-07-07,2016-07-08,OK,0.022172790624745597,1.1155111584448818e-08,1.3386133901338582e-10,0.022172790487916094,1.0
2016-07-07,2016-07-08,2016-07-11,OK,0.007915309036447356,7.88294622633412e-09,9.459535471600945e-11,0.00791530894110326,1.0
2016-07-08,2016-07-11,2016-07-12,OK,0.009944062435872661,0.11342181243687294,0.0013610617492424754,0.008569466203616649,1.0
2016-07-11,2016-07-12,2016-07-13,OK,-0.004640096652656799,0.1133053481088423,0.0013596641773061075,-0.005993451856765031,1.0
2016-07-12,2016-07-13,2016-07-14,OK,0.010236370172670492,0.11317202564324667,0.00135806430771896,0.008864404215979338,1.0
2016-07-13,2016-07-14,2016-07-15,OK,-0.0038412082404722984,1.22282590719891e-08,1.467391088638692e-10,-0.0038412083866476987,1.0
2016-07-14,2016-07-15,2016-07-18,OK,0.010720840553548537,9.767119772685628e-09,1.1720543727222754e-10,0.010720840435086698,1.0
2016-07-15,2016-07-18,2016-07-19,OK,-0.006256409150793391,1.451863666096509e-08,1.7422363993158108e-10,-0.006256409323927015,1.0
2016-07-18,2016-07-19,2016-07-20,OK,0.002132026379258456,0.07874602770701222,0.0009449523324841466,0.0011850593834741296,1.0
2016-07-19,2016-07-20,2016-07-21,OK,-0.002077759790418971,3.449891226858792e-08,4.1398694722305505e-10,-0.0020777602035457754,1.0
2016-07-20,2016-07-21,2016-07-22,OK,0.00804735421545181,4.331484186553738e-07,5.197781023864486e-09,0.008047348975842361,1.0
2016-07-21,2016-07-22,2016-07-25,OK,-0.006701922253646361,1.0131381005649345e-08,1.2157657206779215e-10,-0.006701922374408142,1.0
2016-07-22,2016-07-25,2016-07-26,OK,0.0013862059956228035,0.07718474553664484,0.0009262169464397381,0.0004587051216988769,1.0
2016-07-25,2016-07-26,2016-07-27,OK,-0.0007885187966011145,0.06144716311501193,0.0007373659573801432,-0.0015253033270639094,1.0
2016-07-26,2016-07-27,2016-07-28,OK,-0.006061928170486763,0.11292202856922898,0.0013550643428307477,-0.007408778210604927,1.0
2016-07-27,2016-07-28,2016-07-29,OK,0.02042694574215255,1.2551938433777534e-07,1.5062326120533042e-09,0.020426944205152342,1.0
2016-07-28,2016-07-29,2016-08-01,OK,-0.014715910712024664,2.892626117052457e-08,3.4711513404629485e-10,-0.014715911054031694,1.0
2016-07-29,2016-08-01,2016-08-02,OK,-0.011190304574192055,0.1080444421782073,0.0012965333061384877,-0.01247232927774422,1.0
2016-08-01,2016-08-02,2016-08-03,OK,0.013624905284291503,0.10783044894750365,0.0012939653873700438,0.012313309741077472,1.0
2016-08-02,2016-08-03,2016-08-04,OK,0.005797039019259453,0.09200469911780543,0.0011040563894136651,0.004686582371876913,1.0
2016-08-03,2016-08-04,2016-08-05,OK,0.0038574123692022167,3.851093169310327e-08,4.621311803172393e-10,0.0038574119052883216,1.0
2016-08-04,2016-08-05,2016-08-08,OK,0.006690551002884369,2.3686729449536692e-08,2.842407533944403e-10,0.00669055071674185,1.0
2016-08-05,2016-08-08,2016-08-09,OK,0.006107168739636876,0.07412163988477952,0.0008894596786173543,0.005212276980675057,1.0
2016-08-08,2016-08-09,2016-08-10,OK,-0.006854248716757528,0.0009189821472874116,1.1027785767448939e-05,-0.0068652009153385984,1.0
2016-08-09,2016-08-10,2016-08-11,OK,0.017646536260039876,0.11307855238633559,0.001356942628636027,0.016265648294104817,1.0
2016-08-10,2016-08-11,2016-08-12,OK,0.003322207302705683,0.07605357081350131,0.0009126428497620157,0.0024065324642035257,1.0
2016-08-11,2016-08-12,2016-08-15,OK,0.009097878858245777,2.2035112859790696e-06,2.6442135431748836e-08,0.009097852175542931,1.0
2016-08-12,2016-08-15,2016-08-16,OK,-0.008356412594775323,0.07605349431994712,0.0009126419318393655,-0.009261428114081038,1.0
2016-08-15,2016-08-16,2016-08-17,OK,0.007282744801207835,0.0760496796940004,0.0009125961563280048,0.0063635024399666396,1.0
2016-08-16,2016-08-17,2016-08-18,OK,0.00320835745273011,0.24955882056311304,0.002994705846757357,0.00020404351915059848,1.0
2016-08-17,2016-08-18,2016-08-19,OK,0.0003656398481080179,0.11205281323034716,0.0013446337587641659,-0.0009794855623395105,0.9999999999999999
2016-08-18,2016-08-19,2016-08-22,OK,-0.014029928295288964,4.284446353242981e-06,5.141335623891577e-08,-0.014029978987319502,1.0
2016-08-19,2016-08-22,2016-08-23,OK,0.0071279264591392515,0.10742521892039661,0.0012891026270447593,0.005829635203370653,0.9999999999999998
2016-08-22,2016-08-23,2016-08-24,OK,-0.014613219338076947,0.07710271555219772,0.0009252325866263727,-0.015524931297976163,1.0
2016-08-23,2016-08-24,2016-08-25,OK,0.002705580486608035,0.07712135737706542,0.0009254562885247851,0.001777620301607774,1.0
2016-08-24,2016-08-25,2016-08-26,OK,-0.0013354951369949,0.1063352600564177,0.0012760231206770125,-0.0026098141349996107,1.0
2016-08-25,2016-08-26,2016-08-29,OK,0.009396173221584342,0.0008137322484313229,9.764786981175875e-06,0.009386316682973295,1.0
2016-08-26,2016-08-29,2016-08-30,OK,0.0005369557476740747,0.0721912346861456,0.0008662948162337472,-0.0003298042305405202,1.0
2016-08-29,2016-08-30,2016-08-31,OK,-0.008524500810480036,0.06321546239580735,0.0007585855487496881,-0.009276619796104613,1.0
2016-08-30,2016-08-31,2016-09-01,OK,0.004305313334337555,0.05002864934222804,0.0006003437921067365,0.003702384874097575,1.0
2016-08-31,2016-09-01,2016-09-02,OK,0.014420101130711866,6.145375224214101e-05,7.374450269056922e-07,0.014419353051653205,1.0
2016-09-01,2016-09-02,2016-09-06,OK,0.016868855108318433,4.69639821138221e-06,5.635677853658652e-08,0.016868797800865476,1.0
2016-09-02,2016-09-06,2016-09-07,OK,-0.005520610734110081,0.10216505177601351,0.001225980621312162,-0.006739823193644412,1.0
2016-09-06,2016-09-07,2016-09-08,OK,0.006965505794657832,9.083794055631409e-05,1.0900552866757692e-06,0.006964408146584722,1.0
2016-09-07,2016-09-08,2016-09-09,OK,-0.034805121953216736,0.21138937698512572,0.0025366725238215085,-0.037253505280491206,1.0
2016-09-08,2016-09-09,2016-09-12,OK,0.02033729041823105,0.11417138914961107,0.0013700566697953328,0.018939370508052722,1.0
2016-09-09,2016-09-12,2016-09-13,OK,-0.038646085432870486,0.12919289365031777,0.0015503147238038132,-0.040136486561410445,1.0
2016-09-12,2016-09-13,2016-09-14,OK,0.004407550924327586,0.04361391735817864,0.0005233670082981437,0.0038818771492881154,1.0000000000000002
2016-09-13,2016-09-14,2016-09-15,OK,0.016835182019840876,0.04361894138339255,0.0005234272966007106,0.016302942729427672,1.0
2016-09-14,2016-09-15,2016-09-16,OK,0.0012286612190758755,0.042881659717492894,0.0005145799166099147,0.0007134490580782415,0.9999999999999999
2016-09-15,2016-09-16,2016-09-19,OK,-0.008450557003105935,0.00011691238834972761,1.4029486601967313e-06,-0.008451948096068529,1.0000000000000002
2016-09-16,2016-09-19,2016-09-20,OK,0.004367793218721506,0.04979476341112006,0.0005975371609334407,0.00376764613902858,1.0
2016-09-19,2016-09-20,2016-09-21,OK,0.01474002955522287,1.709931862336339e-07,2.051918234803607e-09,0.014740027473059358,1.0000000000000002
2016-09-20,2016-09-21,2016-09-22,OK,0.009695197710989754,2.2469278708470153e-08,2.6963134450164185e-10,0.009695197438744474,1.0
2016-09-21,2016-09-22,2016-09-23,OK,-0.012966758703924497,0.0038248832055593294,4.589859846671195e-05,-0.013012062146339987,1.0
2016-09-22,2016-09-23,2016-09-26,OK,-0.013494152588758803,2.591199238736325e-07,3.1094390864835897e-09,-0.013494155656238682,1.0
2016-09-23,2016-09-26,2016-09-27,OK,0.011848580744429595,2.2297743775304482e-05,2.6757292530365377e-07,0.011848310001144835,1.0
2016-09-26,2016-09-27,2016-09-28,OK,0.015776671729661927,9.462033257259805e-07,1.1354439908711767e-08,0.0157766601960867,1.0
2016-09-27,2016-09-28,2016-09-29,OK,-0.018633505652664684,4.948585078171086e-08,5.938302093805303e-10,-0.018633506235429698,1.0
2016-09-28,2016-09-29,2016-09-30,OK,0.008389123865667755,4.884501665636254e-08,5.861401998763505e-10,0.008389123274610277,1.0
2016-09-29,2016-09-30,2016-10-03,OK,0.01630811464047148,7.244803179595749e-08,8.693763815514899e-10,0.01630811375691721,1.0
2016-09-30,2016-10-03,2016-10-04,OK,-0.0042895303440264225,8.371922538344401e-07,1.0046307046013281e-08,-0.0042895403472394955,1.0
2016-10-03,2016-10-04,2016-10-05,OK,0.019246948166020524,0.027477469108635806,0.0003297296293036297,0.01891087224763277,1.0
2016-10-04,2016-10-05,2016-10-06,OK,0.010133949616592074,0.11032957829427371,0.0013239549395312846,0.008796577784408788,1.0
2016-10-05,2016-10-06,2016-10-07,OK,0.0018652358651189901,1.2596274672621588e-08,1.5115529607145907e-10,0.00186523571368169,1.0
2016-10-06,2016-10-07,2016-10-10,OK,0.012935279190123732,0.07037016906397654,0.0008444420287677185,0.012079914067954167,1.0
2016-10-07,2016-10-10,2016-10-11,OK,-0.024328903116561922,4.0935489342815314e-07,4.912258721137838e-09,-0.02432890790931075,0.9999999999999999
2016-10-10,2016-10-11,2016-10-12,OK,-0.0043042913878677085,0.05972417352403009,0.0007166900822883611,-0.005017896627207086,1.0
2016-10-11,2016-10-12,2016-10-13,OK,0.00844573626395135,0.1224163407733947,0.0014689960892807364,0.0069643334211277885,1.0
2016-10-12,2016-10-13,2016-10-14,OK,0.004310624405638088,0.06916398551669381,0.0008299678262003257,0.003477078899870145,1.0
2016-10-13,2016-10-14,2016-10-17,OK,0.00198928170416076,1.303052700116214e-08,1.563663240139457e-10,0.001989281547483346,1.0
2016-10-14,2016-10-17,2016-10-18,OK,0.05904681477937633,0.06093053693713721,0.0007311664432456466,0.058272475286583525,0.9999999999999998
2016-10-17,2016-10-18,2016-10-19,OK,0.009365376210447297,0.012217679225741011,0.00014661215070889213,0.009217390981790086,1.0
2016-10-18,2016-10-19,2016-10-20,OK,0.00547644122568837,0.006377929084210157,7.653514901052188e-05,0.0053994869364326625,1.0000000000000002
2016-10-19,2016-10-20,2016-10-21,OK,0.00914062218602113,0.0015110793396718517,1.813295207606222e-05,0.009122323487480877,1.0
2016-10-20,2016-10-21,2016-10-24,OK,0.004206301407729765,0.0006257367084855255,7.5088405018263055e-06,0.004198760982781602,1.0
2016-10-21,2016-10-24,2016-10-25,OK,-0.005487096323877474,0.049226081284065214,0.0005907129754087826,-0.006074568000290381,1.0
2016-10-24,2016-10-25,2016-10-26,OK,-0.005180878947989327,0.04464626122273214,0.0005357551346727857,-0.005713858400163585,1.0
2016-10-25,2016-10-26,2016-10-27,OK,-0.003005717954646027,2.6988287420842694e-08,3.2385944905011235e-10,-0.0030057182775320435,1.0
2016-10-26,2016-10-27,2016-10-28,OK,-0.012332997651871794,0.03960466376170025,0.000475255965140403,-0.012802392286310083,1.0000000000000002
2016-10-27,2016-10-28,2016-10-31,OK,-0.006564353287799129,3.881073560793591e-08,4.657288272952309e-10,-0.006564353750470708,1.0
2016-10-28,2016-10-31,2016-11-01,OK,-0.01997416215123099,0.25816245152995815,0.0030979494183594977,-0.02301023262557189,1.0
2016-10-31,2016-11-01,2016-11-02,OK,-0.013041859012043383,0.0805513152852679,0.0009666157834232149,-0.013995868328700256,1.0
2016-11-01,2016-11-02,2016-11-03,OK,-0.005642260083818468,0.1877132724536153,0.0022525592694433837,-0.00788210982800941,1.0
2016-11-02,2016-11-03,2016-11-04,OK,0.0008632055463213663,0.18816739703472782,0.002258008764416734,-0.0013967523437844465,1.0
2016-11-03,2016-11-04,2016-11-07,OK,0.03720063241105448,0.09736944375689419,0.0011684333250827302,0.035988732627348474,1.0
2016-11-04,2016-11-07,2016-11-08,OK,0.0014161806617136714,0.0814128443490266,0.0009769541321883192,0.00043784298597593363,1.0
2016-11-07,2016-11-08,2016-11-09,OK,-0.002663344088722378,2.0239475047312272e-08,2.4287370056774725e-10,-0.00266334433094928,1.0
2016-11-08,2016-11-09,2016-11-10,OK,-0.01947901535165489,0.07497177662230325,0.000899661319467639,-0.02036115215446932,1.0
2016-11-09,2016-11-10,2016-11-11,OK,-0.018389996470960023,2.2744628957262066e-08,2.729355474871448e-10,-0.018389996738876313,1.0
2016-11-10,2016-11-11,2016-11-14,OK,0.002541236596009875,0.11090824720622573,0.001330898966474709,0.0012069555003757504,1.0
2016-11-11,2016-11-14,2016-11-15,OK,0.009108223910177009,0.09784818455681203,0.0011741782146817445,0.007923351017405489,1.0
2016-11-14,2016-11-15,2016-11-16,OK,0.001119677527797209,0.020025113866824193,0.00024030136640189033,0.0008791071013556362,1.0
2016-11-15,2016-11-16,2016-11-17,OK,-0.0040855714206427945,0.03175737163629147,0.00038108845963549765,-0.0044651029161588696,1.0
2016-11-16,2016-11-17,2016-11-18,OK,-0.0007783446591361158,0.004692738410996493,5.631286093195792e-05,-0.0008346136892535272,1.0
2016-11-17,2016-11-18,2016-11-21,OK,0.022725228447962934,4.1646469310492866e-08,4.997576317259144e-10,0.02272522793684817,1.0
2016-11-18,2016-11-21,2016-11-22,OK,0.009527686583831348,4.1622067157889964e-08,4.994648058946795e-10,0.009527686079607856,1.0
2016-11-21,2016-11-22,2016-11-23,OK,0.0017257299912308197,0.012576028288928322,0.00015091233946713987,0.0015745572178134104,1.0
2016-11-22,2016-11-23,2016-11-25,OK,-0.006009459649269036,1.9808256626674285e-05,2.3769907952009142e-07,-0.006009695919905522,1.0
2016-11-23,2016-11-25,2016-11-28,OK,-0.0035756670523399287,2.4372693952992012e-06,2.9247232743590417e-08,-0.0035756961949943156,1.0
2016-11-25,2016-11-28,2016-11-29,OK,0.0005888142742925834,1.1890318989631643e-07,1.4268382787557973e-09,0.0005888128466142728,1.0
2016-11-28,2016-11-29,2016-11-30,OK,0.02227232842608518,1.5281863607128745e-07,1.8338236328554494e-09,0.022272326551418198,1.0
2016-11-29,2016-11-30,2016-12-01,OK,-0.005071470728414219,8.961911129565805e-09,1.0754293355478967e-10,-0.005071470835411707,1.0
2016-11-30,2016-12-01,2016-12-02,OK,0.00593718755341821,0.1726688878466324,0.0020720266541595887,0.003852858888397259,1.0
2016-12-01,2016-12-02,2016-12-05,OK,-0.009056178685652826,0.07622994817585634,0.0009147593781102761,-0.009962653839380442,1.0
2016-12-02,2016-12-05,2016-12-06,OK,0.019414360383366136,1.2087258929894161e-08,1.4504710715872993e-10,0.019414360235503025,1.0
2016-12-05,2016-12-06,2016-12-07,OK,0.01055806953299849,0.07578556337362431,0.0009094267604834918,0.009639040981542779,1.0
2016-12-06,2016-12-07,2016-12-08,OK,-0.0007030471486421566,1.2703687656211494e-08,1.5244425187453794e-10,-0.0007030473009792537,1.0
2016-12-07,2016-12-08,2016-12-09,OK,0.00020541102895434252,1.3971498048323805e-08,1.6765797657988568e-10,0.0002054108612619121,1.0
2016-12-08,2016-12-09,2016-12-12,OK,-0.00028540238549617136,0.0706075231373284,0.0008472902776479409,-0.0011324508444776615,1.0
2016-12-09,2016-12-12,2016-12-13,OK,0.005791869677087564,0.07061642351982192,0.0008473970822378631,0.004939564581384559,1.0
2016-12-12,2016-12-13,2016-12-14,OK,-0.01579258442932729,2.240835935141526e-08,2.689003122169831e-10,-0.015792584693981038,1.0
2016-12-13,2016-12-14,2016-12-15,OK,0.0024709362789697613,2.0810438683144605e-08,2.497252641977353e-10,0.0024709360286274684,1.0
2016-12-14,2016-12-15,2016-12-16,OK,0.001337864214249638,0.11237067845844043,0.0013484481415012852,-1.2387967764926344e-05,1.0
2016-12-15,2016-12-16,2016-12-19,OK,-0.012096084963476405,0.0715138603487508,0.0008581663241850097,-0.012943870834891236,1.0
2016-12-16,2016-12-19,2016-12-20,OK,0.0010789466736877162,1.1224749010265919e-07,1.3469698812319104e-09,0.0010789453252646464,1.0
2016-12-19,2016-12-20,2016-12-21,OK,-0.002588523490646357,0.10337659720978125,0.001240519166517375,-0.003825831544160496,1.0
2016-12-20,2016-12-21,2016-12-22,OK,-0.005111811567935879,0.11186054973024652,0.0013423265967629583,-0.006447276444073502,1.0
2016-12-21,2016-12-22,2016-12-23,OK,0.0078961352156237,1.4797598135111306e-08,1.7757117762133567e-10,0.007896135036650431,1.0
2016-12-22,2016-12-23,2016-12-27,OK,0.006155925913981134,0.0026619210326721487,3.1943052392065786e-05,0.006123786222525185,1.0
2016-12-23,2016-12-27,2016-12-28,OK,-0.005621433712885001,1.1554170403424435e-08,1.3865004484109323e-10,-0.005621433850755753,1.0
2016-12-27,2016-12-28,2016-12-29,OK,-0.002065124512034671,1.678251985992585e-08,2.0139023831911019e-10,-0.0020651247130090145,1.0
2016-12-28,2016-12-29,2016-12-30,OK,-0.00946800077963241,0.09688721658888623,0.0011626465990666349,-0.010619639439792605,1.0
2016-12-29,2016-12-30,2017-01-03,OK,0.0277932864387454,0.08037049853377068,0.0009644459824052482,0.02680203533289638,1.0
2016-12-30,2017-01-03,2017-01-04,OK,0.0056009634747599,1.1739703111458138e-07,1.4087643733749765e-09,0.005600962058105008,1.0
2017-01-03,2017-01-04,2017-01-05,OK,0.008039472053252141,0.08043002623941119,0.0009651603148729342,0.007066552359000999,1.0
2017-01-04,2017-01-05,2017-01-06,OK,-0.005421989534466817,0.08898575390078814,0.0010678290468094577,-0.006484028823359855,1.0
2017-01-05,2017-01-06,2017-01-09,OK,-0.0020735222808615484,1.8451641854501898e-05,2.2141970225402278e-07,-0.0020737432414451584,1.0
2017-01-06,2017-01-09,2017-01-10,OK,0.0022319354640019454,0.16109154656333072,0.0019330985587599687,0.0002945223540131714,1.0
2017-01-09,2017-01-10,2017-01-11,OK,0.012546032791932475,0.16581819463378542,0.001989818335605425,0.01053125013023859,1.0
2017-01-10,2017-01-11,2017-01-12,OK,-0.004695546550739118,4.990109923712349e-08,5.98813190845482e-10,-0.004695547146740586,1.0
2017-01-11,2017-01-12,2017-01-13,OK,0.005631750714493869,0.15057804351417553,0.0018069365221701065,0.0038146379762740157,1.0
2017-01-12,2017-01-13,2017-01-17,OK,-0.011125546546828962,0.17165787493655,0.0020598944992386,-0.013162523593934772,1.0
2017-01-13,2017-01-17,2017-01-18,OK,-0.0048842400466353715,0.15488189378746298,0.0018585827254495558,-0.006733745007907355,1.0
2017-01-17,2017-01-18,2017-01-19,OK,0.008050584608597632,0.0781677712051303,0.0009380132544615636,0.0071050197990671915,1.0
2017-01-18,2017-01-19,2017-01-20,OK,0.0058696040100985536,0.004441606386469453,5.3299276637633434e-05,0.005815991887812899,1.0
2017-01-19,2017-01-20,2017-01-23,OK,-5.027935075596515e-05,0.00014328077510802895,1.7193693012963473e-06,-5.199863360849655e-05,1.0
2017-01-20,2017-01-23,2017-01-24,OK,0.0022505376279478295,2.845351473916135e-05,3.414421768699362e-07,0.0022501954173423933,1.0
2017-01-23,2017-01-24,2017-01-25,OK,-0.0002856988360708619,1.1165463758861655e-07,1.3398556510633986e-09,-0.00028570017554374605,1.0
2017-01-24,2017-01-25,2017-01-26,OK,-0.0007889657945624508,3.641533750844278e-08,4.3698405010131336e-10,-0.0007889662312017265,1.0
2017-01-25,2017-01-26,2017-01-27,OK,0.004469903617190329,0.09042717488356189,0.0010851260986027428,0.0033799271095142913,1.0
2017-01-26,2017-01-27,2017-01-30,OK,-0.015093498175714985,0.08891619097881101,0.001066994291745732,-0.01614438779106475,1.0
2017-01-27,2017-01-30,2017-01-31,OK,-0.004785988821751986,8.628705838497133e-07,1.035444700619656e-08,-0.004785999126642682,1.0
2017-01-30,2017-01-31,2017-02-01,OK,0.0019478800145587797,0.04995580860249113,0.0005994697032298936,0.0013472426162746132,1.0
2017-01-31,2017-02-01,2017-02-02,OK,-0.004392853036136958,0.013395438140587745,0.00016074525768705294,-0.004552892163530831,1.0
2017-02-01,2017-02-02,2017-02-03,OK,0.009294561785795269,0.011696156667452773,0.0001403538800094333,0.009152903377976251,1.0
2017-02-02,2017-02-03,2017-02-06,OK,-0.0020352127227886603,0.007921885313214692,9.50626237585763e-05,-0.0021300818738858585,1.0
2017-02-03,2017-02-06,2017-02-07,OK,0.00395522308978566,0.09864707128942157,0.0011837648554730588,0.0027667761802232516,1.0
2017-02-06,2017-02-07,2017-02-08,OK,0.003309505364906302,0.1997591718549411,0.0023971100622592932,0.0009044620540357151,1.0
2017-02-07,2017-02-08,2017-02-09,OK,0.001975521555081131,0.09499180953762518,0.001139901714451502,0.0008333679402221517,1.0
2017-02-08,2017-02-09,2017-02-10,OK,0.007043471302486723,0.10569297684339937,0.0012683157221207925,0.005766222234974583,1.0
2017-02-09,2017-02-10,2017-02-13,OK,0.004820631210442046,0.18898533592203953,0.0022678240310644742,0.0025418748360734877,1.0
2017-02-10,2017-02-13,2017-02-14,OK,0.004998757339802602,0.2043943350295659,0.0024527320203547908,0.0025337647072585234,1.0
2017-02-13,2017-02-14,2017-02-15,OK,0.008672653699008517,7.229269521295129e-08,8.675123425554155e-10,0.008672652823972449,1.0
2017-02-14,2017-02-15,2017-02-16,OK,-0.0026016318232684613,0.011376071775396953,0.00013651286130476344,-0.0027377895283690057,1.0
2017-02-15,2017-02-16,2017-02-17,OK,-0.008362795703294807,0.010271559945888659,0.0001232587193506639,-0.008485023635156907,1.0
2017-02-16,2017-02-17,2017-02-21,OK,0.005594357327543221,0.18528768003123766,0.002223452160374852,0.0033584663812824544,1.0
2017-02-17,2017-02-21,2017-02-22,OK,-0.001971266392342574,0.10345617994012014,0.0012414741592814418,-0.0032102932753368396,1.0
2017-02-21,2017-02-22,2017-02-23,OK,-0.0016974047969904832,0.038731459768673496,0.00046477751722408196,-0.0021613933986271983,1.0
2017-02-22,2017-02-23,2017-02-24,OK,-0.003706867731519523,0.003225008604922709,3.870010325907251e-05,-0.0037454243786146924,1.0
2017-02-23,2017-02-24,2017-02-27,OK,0.0050075345164687975,0.06660065144055033,0.000799207817286604,0.004204324638451329,1.0
2017-02-24,2017-02-27,2017-02-28,OK,-0.006266853171587174,0.045983733429511,0.000551804801154132,-0.0068151998930731095,1.0
2017-02-27,2017-02-28,2017-03-01,OK,0.015486991633735646,0.10194018933035788,0.0012232822719642946,0.014244764399459653,1.0
2017-02-28,2017-03-01,2017-03-02,OK,-0.01700795381653929,0.15996722917699385,0.0019196067501239262,-0.018894911983711182,1.0
2017-03-01,2017-03-02,2017-03-03,OK,0.0034942259021454943,0.08880594782794078,0.0010656713739352894,0.002424830831692315,1.0
2017-03-02,2017-03-03,2017-03-06,OK,0.004952377441464952,0.008361182376980669,0.00010033418852376803,0.00485154636016949,1.0
2017-03-03,2017-03-06,2017-03-07,OK,-0.0030289787170386657,0.07433253725672655,0.0008919904470807185,-0.003918267344039439,1.0
2017-03-06,2017-03-07,2017-03-08,OK,-0.010511852323216041,0.07432908452931203,0.0008919490143517444,-0.011394425301249123,1.0
2017-03-07,2017-03-08,2017-03-09,OK,-0.0007423792883118866,0.02045979677635886,0.0002455175613163063,-0.0009877145824757072,1.0
2017-03-08,2017-03-09,2017-03-10,OK,0.0047959312476552555,0.004816188950947112,5.7794267411365345e-05,0.00473785980291086,1.0
2017-03-09,2017-03-10,2017-03-13,OK,0.0048953766913038006,0.08049075164294245,0.0009658890197153094,0.003924759280995005,1.0
2017-03-10,2017-03-13,2017-03-14,OK,-0.006098339652772806,7.11734810622186e-05,8.540817727466233e-07,-0.006099188526064836,1.0
2017-03-13,2017-03-14,2017-03-15,OK,0.012889317054354966,0.05646854545135545,0.0006776225454162654,0.012202960417107667,1.0
2017-03-14,2017-03-15,2017-03-16,OK,-0.004641104873733133,3.2378912407159816e-05,3.885469488859178e-07,-0.0046414916173947995,1.0
2017-03-15,2017-03-16,2017-03-17,OK,-0.0032292936106625416,0.05188013153288866,0.000622561578394664,-0.0038498447549297765,1.0
2017-03-16,2017-03-17,2017-03-20,OK,0.0020804717866304973,0.07134404993060797,0.0008561285991672957,0.0012225620360668543,1.0
2017-03-17,2017-03-20,2017-03-21,OK,-0.01619085285142998,0.05556761277351862,0.0006668113532822235,-0.01684686796021151,1.0
2017-03-20,2017-03-21,2017-03-22,OK,0.007310877651998862,9.762387731390814e-08,1.1714865277668976e-09,0.007310876471947614,0.9999999999999998
2017-03-21,2017-03-22,2017-03-23,OK,-0.0044427096602169865,0.14793515867345017,0.001775221904081402,-0.0062100447687960525,1.0
2017-03-22,2017-03-23,2017-03-24,OK,0.0012631159608450214,0.06508204666331542,0.0007809845599597851,0.0004811449268222745,1.0
2017-03-23,2017-03-24,2017-03-27,OK,0.0015428909872920518,0.0003755034584355148,4.506041501226178e-06,0.0015383779934601272,1.0
2017-03-24,2017-03-27,2017-03-28,OK,0.007949110049319735,0.0003385057583784537,4.062069100541444e-06,0.00794501569038486,1.0
2017-03-27,2017-03-28,2017-03-29,OK,0.00608165140335023,0.06076108581938874,0.0007291330298326648,0.005348084040603274,1.0
2017-03-28,2017-03-29,2017-03-30,OK,0.005450926632563484,0.04867810949444264,0.0005841373139333116,0.004863605228988543,1.0
2017-03-29,2017-03-30,2017-03-31,OK,-0.002500988867245717,0.048664521012975165,0.000583974252155702,-0.003083502606298083,1.0
2017-03-30,2017-03-31,2017-04-03,OK,-0.001535621966982678,5.003109793367022e-08,6.003731752040427e-10,-0.001535622566433914,1.0
2017-03-31,2017-04-03,2017-04-04,OK,-0.0014132855262261046,1.2276449344530566e-06,1.473173921343668e-08,-0.001413300237145143,1.0
2017-04-03,2017-04-04,2017-04-05,OK,-0.0058822429636384375,4.6376615415912165e-07,5.5651938499094596e-09,-0.0058822484960965316,1.0
2017-04-04,2017-04-05,2017-04-06,OK,0.0018655316324720588,0.08226901797334336,0.0009872282156801204,0.0008764617113270479,1.0
2017-04-05,2017-04-06,2017-04-07,OK,-0.004260024454755886,1.264100135389055e-06,1.516920162466866e-08,-0.004260039559336404,1.0
2017-04-06,2017-04-07,2017-04-10,OK,0.0022708432071510357,0.058637102285625735,0.0007036452274275088,0.0015656001117385632,1.0
2017-04-07,2017-04-10,2017-04-11,OK,0.0025015638282582736,0.050016367362252574,0.0006001964083470309,0.0018998659902860204,1.0
2017-04-10,2017-04-11,2017-04-12,OK,-0.0016179516545419895,0.050016483540530635,0.0006001978024863676,-0.0022171783660007716,1.0
2017-04-11,2017-04-12,2017-04-13,OK,-0.010312017060749822,4.70576299408645e-07,5.64691559290374e-09,-0.010312022649434316,1.0
2017-04-12,2017-04-13,2017-04-17,OK,0.013831536567216491,0.029908200799397957,0.0003588984095927755,0.013467674041147681,1.0000000000000002
2017-04-13,2017-04-17,2017-04-18,OK,-0.008336117631084605,0.0299083914350338,0.0003589006972204056,-0.008692026489875104,1.0
2017-04-17,2017-04-18,2017-04-19,OK,-0.00749143733845061,0.016547483074218536,0.00019856979689062242,-0.007688519562150442,1.0
2017-04-18,2017-04-19,2017-04-20,OK,0.01046235973357051,0.014181408647924576,0.00017017690377509493,0.010290402377809649,1.0
2017-04-19,2017-04-20,2017-04-21,OK,0.0029728119926316038,0.028990207427254548,0.0003478824891270546,0.002623895314268765,1.0
2017-04-20,2017-04-21,2017-04-24,OK,0.0094418591580283,0.05032206184669011,0.0006038647421602813,0.00883229281002218,1.0
2017-04-21,2017-04-24,2017-04-25,OK,0.021936080613823294,0.0011876174248286776,1.4251409097944132e-05,0.021921516584666678,1.0
2017-04-24,2017-04-25,2017-04-26,OK,0.0008362587569662309,0.04499392626311273,0.0005399271151573528,0.00029588012303061184,1.0
2017-04-25,2017-04-26,2017-04-27,OK,0.003439616130988542,0.00578377750032107,6.940533000385283e-05,0.003369972073292038,1.0
2017-04-26,2017-04-27,2017-04-28,OK,-0.0054430620722440304,0.03162552278604617,0.00037950627343255405,-0.005820502669473426,1.0
2017-04-27,2017-04-28,2017-05-01,OK,0.006588912332658691,0.023251306955622837,0.00027901568346747405,0.006308058239313574,1.0
2017-04-28,2017-05-01,2017-05-02,OK,0.0002187499925250286,0.023251179870838364,0.0002790141584500604,-6.0325200270106016e-05,1.0
2017-05-01,2017-05-02,2017-05-03,OK,-0.011190840288883038,0.02325121490352801,0.0002790145788423361,-0.011466732460135298,1.0
2017-05-02,2017-05-03,2017-05-04,OK,0.0017590061600220104,0.0012084013146717617,1.4500815776061142e-05,0.0017444798372217019,1.0
2017-05-03,2017-05-04,2017-05-05,OK,0.008807142302214804,0.05820910967964879,0.0006985093161557855,0.008102481115112248,0.9999999999999999
2017-05-04,2017-05-05,2017-05-08,OK,-0.007704218477837283,0.040491215959831794,0.0004858945915179815,-0.008186369631264956,1.0
2017-05-05,2017-05-08,2017-05-09,OK,0.01654077447948276,1.150041276133662e-07,1.3800495313603945e-09,0.016540773076606063,1.0
2017-05-08,2017-05-09,2017-05-10,OK,0.009277898265042982,2.0820130064783116e-07,2.498415607773974e-09,0.009277895743447395,1.0000000000000002
2017-05-09,2017-05-10,2017-05-11,OK,-0.0051477679747391905,0.017657855223757492,0.0002118942626850899,-0.005358571454924799,1.0
2017-05-10,2017-05-11,2017-05-12,OK,-0.000297154496222696,0.006369703849226943,7.643644619072332e-05,-0.00037356822897971487,1.0
2017-05-11,2017-05-12,2017-05-15,OK,0.002424293935590659,0.07232286147503454,0.0008678743377004145,0.0015543156153965398,1.0
2017-05-12,2017-05-15,2017-05-16,OK,-0.008429327524070489,0.05997027191034793,0.0007196432629241751,-0.009142904678230979,1.0
2017-05-15,2017-05-16,2017-05-17,OK,-0.017217432275996352,0.009839096494406379,0.00011806915793287654,-0.017333468586198664,1.0
2017-05-16,2017-05-17,2017-05-18,OK,0.0033138769659319623,0.07535797008367894,0.0009042956410041473,0.0024065846004326374,1.0
2017-05-17,2017-05-18,2017-05-19,OK,0.01192617355747145,0.17420244619353667,0.0020904293543224403,0.009810813379859562,1.0
2017-05-18,2017-05-19,2017-05-22,OK,0.00723375937059983,0.0033879175752461743,4.065501090295409e-05,0.007192810271130723,1.0
2017-05-19,2017-05-22,2017-05-23,OK,0.00520665567844097,0.10233852469038689,0.0012280622962846427,0.003972199284627775,1.0
2017-05-22,2017-05-23,2017-05-24,OK,0.0055486096354614815,0.061016712352342586,0.000732200548228111,0.004812346392216504,1.0
2017-05-23,2017-05-24,2017-05-25,OK,0.014542786637955583,0.0010546503253027126,1.2655803903632551e-05,0.01452994678339592,1.0
2017-05-24,2017-05-25,2017-05-26,OK,-0.00040824998681567915,0.007420952198240141,8.905142637888169e-05,-0.0004972650579508908,1.0
2017-05-25,2017-05-26,2017-05-30,OK,-0.0012940480302093796,0.08851060597453975,0.001062127271694477,-0.002354800858200168,1.0
2017-05-26,2017-05-30,2017-05-31,OK,-0.00046911664129853413,0.047830841387995524,0.0005739700966559463,-0.0010428174790305667,1.0
2017-05-30,2017-05-31,2017-06-01,OK,0.007786489677753316,5.302291078077004e-08,6.362749293692405e-10,0.007786489036524014,1.0
2017-05-31,2017-06-01,2017-06-02,OK,0.008523729472211734,1.8343238938206552e-08,2.2011886725847862e-10,0.008523729250216716,1.0
2017-06-01,2017-06-02,2017-06-05,OK,-0.005112648305844671,4.149432210331927e-08,4.979318652398313e-10,-0.005112648801230857,1.0
2017-06-02,2017-06-05,2017-06-06,OK,-0.0061519885500037,0.10948623209679084,0.0013138347851614901,-0.007457740638610155,1.0
2017-06-05,2017-06-06,2017-06-07,OK,0.004599078022760998,2.5208811083726745e-08,3.0250573300472094e-10,0.004599077718864031,1.0
2017-06-06,2017-06-07,2017-06-08,OK,0.003758628406226007,2.169100209864494e-08,2.6029202518373926e-10,0.0037586281449557557,1.0
2017-06-07,2017-06-08,2017-06-09,OK,-0.020472720735504622,0.0926950077817043,0.0011123400933804514,-0.021562288200790425,1.0
2017-06-08,2017-06-09,2017-06-12,OK,-0.013604366064175727,8.469903361830317e-06,1.016388403419638e-07,-0.013604466320284003,1.0
2017-06-09,2017-06-12,2017-06-13,OK,0.006979861930791721,1.2065250028225893e-07,1.4478300033871073e-09,0.0069798604728561475,1.0
2017-06-12,2017-06-13,2017-06-14,OK,-0.0009272065940096921,0.004487817179355556,5.3853806152266673e-05,-0.0009810104665578523,1.0
2017-06-13,2017-06-14,2017-06-15,OK,-0.0038306794386851286,0.0876176261069492,0.0010514115132833905,-0.004878063331502869,1.0
2017-06-14,2017-06-15,2017-06-16,OK,0.0028412702930924647,0.08159552298819597,0.0009791462758583518,0.0018593419980079684,1.0
2017-06-15,2017-06-16,2017-06-19,OK,0.008078123446464235,0.12873939822823371,0.0015448727787388046,0.0065207709947097126,1.0
2017-06-16,2017-06-19,2017-06-20,OK,-0.011107685366640975,4.030286138503869e-08,4.836343366204643e-10,-0.011107685844903292,1.0
2017-06-19,2017-06-20,2017-06-21,OK,0.0080524465240797,0.06322268247431848,0.0007586721896918218,0.0072876651671509585,1.0
2017-06-20,2017-06-21,2017-06-22,OK,0.0011763882973008677,0.05459779088137794,0.0006551734905765353,0.000520444068297321,1.0
2017-06-21,2017-06-22,2017-06-23,OK,0.00173998765314089,0.07062404174000386,0.0008474885008800464,0.0008910245327331534,1.0
2017-06-22,2017-06-23,2017-06-26,OK,0.00033500693151531334,0.04707985120139138,0.0005649582144166966,-0.00023014054781922422,1.0
2017-06-23,2017-06-26,2017-06-27,OK,-0.01771376858935768,0.0030558061841861363,3.666967421023363e-05,-0.017749788705444747,1.0
2017-06-26,2017-06-27,2017-06-28,OK,0.012648860935114428,3.493757692093341e-08,4.1925092305120095e-10,0.012648860510560578,1.0
2017-06-27,2017-06-28,2017-06-29,OK,-0.012301143183895132,0.09721924860480585,0.0011666309832576703,-0.013453423272384857,1.0
2017-06-28,2017-06-29,2017-06-30,OK,0.00043886115819535853,2.4500497513429975e-07,2.940059701611597e-09,0.0004388582168453059,1.0
2017-06-29,2017-06-30,2017-07-03,OK,-0.005481686673556224,8.5623764987941e-08,1.027485179855292e-09,-0.005481687695409021,1.0
2017-06-30,2017-07-03,2017-07-05,OK,0.010113180372711488,0.07724205785195833,0.0009269046942235,0.009176901724126996,1.0
2017-07-03,2017-07-05,2017-07-06,OK,-0.010603910691332225,0.16085680412145903,0.0019302816494575084,-0.012513723806569788,1.0
2017-07-05,2017-07-06,2017-07-07,OK,0.008596583971292829,0.05677215739824334,0.00068126588877892,0.007909461523094352,1.0
2017-07-06,2017-07-07,2017-07-10,OK,0.006608617677778306,0.15247107263825757,0.0018296528716590908,0.004766873329807408,1.0
2017-07-07,2017-07-10,2017-07-11,OK,0.003200496525466911,0.10488485795577497,0.0012586182954692996,0.0019378500265161414,0.9999999999999999
2017-07-10,2017-07-11,2017-07-12,OK,0.011253167484431103,0.08610997959226915,0.0010333197551072298,0.010208219609054714,1.0
2017-07-11,2017-07-12,2017-07-13,OK,-0.0030032555841222634,5.766283953795304e-08,6.919540744554364e-10,-0.0030032562739982227,1.0
2017-07-12,2017-07-13,2017-07-14,OK,0.009630644542518624,0.09411656393415752,0.0011293987672098902,0.008490368937235093,1.0
2017-07-13,2017-07-14,2017-07-17,OK,0.0003420204115426204,0.10326422468344598,0.0012391706962013517,-0.000897574106330401,1.0
2017-07-14,2017-07-17,2017-07-18,OK,0.03963215029586405,7.18336235980277e-09,8.620034831763324e-11,0.03963215020624733,1.0
2017-07-17,2017-07-18,2017-07-19,OK,0.005369645843768379,2.150208339851689e-08,2.580250007822027e-10,0.005369645584357929,1.0
2017-07-18,2017-07-19,2017-07-20,OK,0.0016393329030186812,4.2200176915418997e-08,5.064021229850279e-10,0.001639332395786397,1.0
2017-07-19,2017-07-20,2017-07-21,OK,0.007996681749070454,0.00015832102272369045,1.8998522726842854e-06,0.007994766704283673,1.0
2017-07-20,2017-07-21,2017-07-24,OK,-0.0016148717594852992,2.2555487744907454e-07,2.7066585293888944e-09,-0.001614874461772886,1.0
2017-07-21,2017-07-24,2017-07-25,OK,-0.0004421519935919522,5.176361469669266e-08,6.21163376360312e-10,-0.000442152614480662,1.0
2017-07-24,2017-07-25,2017-07-26,OK,0.004134930127677378,0.07964080470024618,0.0009556896564029541,0.0031752887613214487,1.0
2017-07-25,2017-07-26,2017-07-27,OK,-0.005823106413600069,0.06817237729313956,0.0008180685275176748,-0.006636411241028317,1.0
2017-07-26,2017-07-27,2017-07-28,OK,0.006263487148881431,0.06817193017719796,0.0008180631621263755,0.005440300058652037,1.0
2017-07-27,2017-07-28,2017-07-31,OK,-0.002887680190789269,0.16861824401690945,0.0020234189282029133,-0.004905256132235469,1.0
2017-07-28,2017-07-31,2017-08-01,OK,0.0018793572829428032,0.049908293310212605,0.0005988995197225513,0.0012793322170461252,1.0
2017-07-31,2017-08-01,2017-08-02,OK,-0.004172395671386866,5.1252154329578525e-08,6.150258519549423e-10,-0.004172396283846469,1.0
2017-08-01,2017-08-02,2017-08-03,OK,0.00038735930634287803,0.09726787525801801,0.0011672145030962161,-0.0007803073281537065,1.0
2017-08-02,2017-08-03,2017-08-04,OK,0.0027210740054312435,0.07408222509793609,0.0008889867011752331,0.0018296683056524543,1.0
2017-08-03,2017-08-04,2017-08-07,OK,0.005050592380688196,0.12675008586316144,0.0015210010303579374,0.0035219093941154522,1.0
2017-08-04,2017-08-07,2017-08-08,OK,-0.006209140125911951,0.10336771579285321,0.0012404125895142386,-0.007441850819844054,1.0
2017-08-07,2017-08-08,2017-08-09,OK,-0.004426472955354838,0.10277938453272935,0.0012333526143927522,-0.005654366167755498,1.0
2017-08-08,2017-08-09,2017-08-10,OK,-0.021769607965825787,1.4618068111191262e-07,1.7541681733429515e-09,-0.021769609681806412,1.0
2017-08-09,2017-08-10,2017-08-11,OK,0.002021791598385336,0.04504863550612163,0.0005405836260734595,0.0014801150248784367,1.0
2017-08-10,2017-08-11,2017-08-14,OK,0.00824782732825636,0.18444588692401723,0.0022133506430882066,0.006016221351247131,1.0
2017-08-11,2017-08-14,2017-08-15,OK,-6.555751095448938e-05,7.21526864089217e-08,8.658322369070604e-10,-6.555837672994613e-05,1.0
2017-08-14,2017-08-15,2017-08-16,OK,0.0025377935967100572,8.78539489664043e-08,1.0542473875968516e-09,0.0025377925397873646,1.0
2017-08-15,2017-08-16,2017-08-17,OK,-0.012326011779594729,0.02908963305449458,0.00034907559665393493,-0.012670784666332313,1.0
2017-08-16,2017-08-17,2017-08-18,OK,0.001654745387621979,0.22995220672872704,0.0027594264807447246,-0.0011092472413642973,1.0
2017-08-17,2017-08-18,2017-08-21,OK,0.0066659075611189555,0.1110981264146243,0.0013331775169754916,0.005323843206052947,1.0
2017-08-18,2017-08-21,2017-08-22,OK,0.012962567737996075,0.007008417700741176,8.410101240889412e-05,0.012877376560517018,0.9999999999999998
2017-08-21,2017-08-22,2017-08-23,OK,-0.003774907509370452,4.8122788601223654e-08,5.774734632146839e-10,-0.003774908084664075,1.0
2017-08-22,2017-08-23,2017-08-24,OK,-0.002400666887918383,0.10412670907107681,0.0012495205088529217,-0.0036471877142599807,1.0
2017-08-23,2017-08-24,2017-08-25,OK,-0.0015770485253081027,0.07437630768490167,0.00089251569221882,-0.0024681566769707564,1.0
2017-08-24,2017-08-25,2017-08-28,OK,-0.0012198987906612742,0.06959801632612814,0.0008351761959135376,-0.0020540561561435133,1.0
2017-08-25,2017-08-28,2017-08-29,OK,0.0012230284831961325,0.016836727815317518,0.00020204073378381023,0.0010207406478401904,1.0
2017-08-28,2017-08-29,2017-08-30,OK,0.0038274473114785165,0.0012302414167314978,1.4762897000777973e-05,0.0038126279102672633,1.0
2017-08-29,2017-08-30,2017-08-31,OK,0.01103806906763946,0.014665306404888893,0.00017598367685866672,0.010860142870800837,1.0
2017-08-30,2017-08-31,2017-09-01,OK,0.00312039556364565,0.16907889513765312,0.0020289467416518374,0.0010851177055821726,0.9999999999999999
2017-08-31,2017-09-01,2017-09-05,OK,0.002611400346430308,0.06672595472684965,0.0008007114567221958,0.001808597911532761,1.0
2017-09-01,2017-09-05,2017-09-06,OK,0.0169890704927913,0.0687930539254634,0.0008255166471055607,0.016149529085175196,1.0000000000000002
2017-09-05,2017-09-06,2017-09-07,OK,-0.0007119114222628115,0.05557217524282139,0.0006668661029138567,-0.0013783027755809307,1.0
2017-09-06,2017-09-07,2017-09-08,OK,-0.012007252603687568,0.05995607343183902,0.0007194728811820683,-0.012718086592243827,0.9999999999999999
2017-09-07,2017-09-08,2017-09-11,OK,0.00987797588176763,0.030703412573763814,0.0003684409508851658,0.00950589548005576,1.0
2017-09-08,2017-09-11,2017-09-12,OK,0.0010990649593205384,0.005826378049797406,6.991653659756887e-05,0.0010290715799075034,1.0
2017-09-11,2017-09-12,2017-09-13,OK,0.006056649609841256,0.007216064307042959,8.659277168451551e-05,0.00596953237608,1.0000000000000002
2017-09-12,2017-09-13,2017-09-14,OK,-0.005915404220899662,0.015605324184035582,0.00018726389020842698,-0.006101560369501491,1.0000000000000002
2017-09-13,2017-09-14,2017-09-15,OK,-0.0037204248115704007,0.015605580879907504,0.00018726697055889004,-0.003906995069445696,1.0
2017-09-14,2017-09-15,2017-09-18,OK,0.0036013707974623817,0.015605620539335736,0.00018726744647202883,0.003413428931477336,0.9999999999999997
2017-09-15,2017-09-18,2017-09-19,OK,-0.0046931055812977525,2.969218213747654e-08,3.563061856497185e-10,-0.004693105935931752,1.0
2017-09-18,2017-09-19,2017-09-20,OK,0.010472209731184177,0.01560568251826647,0.00018726819021919766,0.01028298042920106,1.0
2017-09-19,2017-09-20,2017-09-21,OK,-0.0030954350764871743,4.3244291279831426e-08,5.189314953579771e-10,-0.0030954355938123124,1.0
2017-09-20,2017-09-21,2017-09-22,OK,-0.0026536777898284437,9.362364130575257e-08,1.1234836956690309e-09,-0.002653678910330748,1.0
2017-09-21,2017-09-22,2017-09-25,OK,-0.014410404651214924,0.19402528247747633,0.002328303389729716,-0.016705156246947794,1.0
2017-09-22,2017-09-25,2017-09-26,OK,-0.0032838106536984394,0.007002892324438514,8.403470789326217e-05,-0.003367569407522697,1.0
2017-09-25,2017-09-26,2017-09-27,OK,0.0031683829831407415,0.007002919022926154,8.403502827511385e-05,0.0030840816997121934,1.0
2017-09-26,2017-09-27,2017-09-28,OK,0.0006023931379261416,0.010160432919499654,0.00012192519503399585,0.0004803944959914652,1.0
2017-09-27,2017-09-28,2017-09-29,OK,0.001503084548249319,4.864900860022253e-08,5.837881032026704e-10,0.0015030839635836735,1.0
2017-09-28,2017-09-29,2017-10-02,OK,-0.002600732848563982,4.1229653319034554e-08,4.947558398284147e-10,-0.0026007333420330347,1.0
2017-09-29,2017-10-02,2017-10-03,OK,0.01614007467658826,0.010160655697827117,0.0001219278683739254,0.016016178883313525,1.0
2017-10-02,2017-10-03,2017-10-04,OK,0.006071943075731754,0.0033017343884353696,3.962081266122444e-05,0.006032081687751489,1.0
2017-10-03,2017-10-04,2017-10-05,OK,0.014053261910835783,6.935645636106658e-08,8.32277476332799e-10,0.014053261066862,1.0
2017-10-04,2017-10-05,2017-10-06,OK,0.0006380911802189482,4.307161260205111e-08,5.168593512246134e-10,0.0006380906630296668,1.0
2017-10-05,2017-10-06,2017-10-09,OK,-0.0019535873320629896,2.2306162711198396e-08,2.676739525343808e-10,-0.001953587599214046,1.0
2017-10-06,2017-10-09,2017-10-10,OK,0.0008211354571682972,3.923920561393901e-08,4.708704673672681e-10,0.0008211349859112982,1.0
2017-10-09,2017-10-10,2017-10-11,OK,0.00175999440626004,2.9071935487429146e-08,3.4886322584914977e-10,0.0017599940567827321,1.0
2017-10-10,2017-10-11,2017-10-12,OK,-0.005238181618026976,3.9902326420468426e-08,4.788279170456211e-10,-0.005238182094346677,1.0
2017-10-11,2017-10-12,2017-10-13,OK,0.0054055432174878165,3.035519588294455e-08,3.642623505953346e-10,0.005405542851256273,1.0
2017-10-12,2017-10-13,2017-10-16,OK,0.0034963611121876246,4.391453686108937e-08,5.269744423330725e-10,0.0034963605833706612,1.0
2017-10-13,2017-10-16,2017-10-17,OK,0.004293527115002882,0.09099140781758291,0.001091896893810995,0.0031969421322715075,1.0
2017-10-16,2017-10-17,2017-10-18,OK,-0.003306300273499657,1.4759092870596235e-08,1.7710911444715483e-10,-0.003306300450023225,1.0
2017-10-17,2017-10-18,2017-10-19,OK,-0.004133834353484427,1.3712487764196146e-08,1.6454985317035377e-10,-0.004133834517354051,1.0
2017-10-18,2017-10-19,2017-10-20,OK,0.0038353158401734557,0.07535003115977014,0.0009042003739172416,0.002927647572239289,1.0
2017-10-19,2017-10-20,2017-10-23,OK,-0.009286896274255396,0.07038271029372999,0.0008445925235247598,-0.010123645154620164,1.0
2017-10-20,2017-10-23,2017-10-24,OK,0.010691244149838457,0.06003109719140077,0.0007203731662968093,0.009963169298141672,1.0
2017-10-23,2017-10-24,2017-10-25,OK,-0.0029909477461839027,0.17559767471565835,0.0021071720965879,-0.005091817401138732,1.0
2017-10-24,2017-10-25,2017-10-26,OK,0.002966298077253007,0.12523950698655506,0.0015028740838386608,0.0014589660209090027,1.0
2017-10-25,2017-10-26,2017-10-27,OK,0.02139190801469542,5.653525968207784e-08,6.784231161849341e-10,0.02139190732175944,1.0
2017-10-26,2017-10-27,2017-10-30,OK,-0.005093669360387212,0.016141084609434794,0.00019369301531321754,-0.0052863757675231104,1.0
2017-10-27,2017-10-30,2017-10-31,OK,0.0013569187713518408,0.020213250191150063,0.00024255900229380075,0.0011140306361947516,1.0
2017-10-30,2017-10-31,2017-11-01,OK,0.006759015281655498,0.021265699126256837,0.0002551883895150821,0.0065021020699158605,0.9999999999999999
2017-10-31,2017-11-01,2017-11-02,OK,0.0033194765614435497,0.0006904812456943969,8.285774948332762e-06,0.0033111632820592707,1.0
2017-11-01,2017-11-02,2017-11-03,OK,0.0011839268233611315,0.021265144744393123,0.0002551817369327175,0.000928442969925225,1.0
2017-11-02,2017-11-03,2017-11-06,OK,0.012054577389970235,0.019323075634709842,0.0002318769076165181,0.011819905304226053,1.0
2017-11-03,2017-11-06,2017-11-07,OK,-0.016197726306306365,8.079673075014546e-05,9.695607690017454e-07,-0.01619868016239534,1.0
2017-11-06,2017-11-07,2017-11-08,OK,0.0032617002793143817,0.07776903110956217,0.000933228373314746,0.0023254279947535483,1.0
2017-11-07,2017-11-08,2017-11-09,OK,-0.00709751389443174,0.15346279413375633,0.0018415535296050758,-0.008925996972273031,1.0
2017-11-08,2017-11-09,2017-11-10,OK,-0.0032665901757698503,1.3940526467567937e-08,1.6728631761081525e-10,-0.0032665903425096454,1.0
2017-11-09,2017-11-10,2017-11-13,OK,0.002519267240171167,0.014213441441159574,0.0001705612972939149,0.002348276253388626,1.0
2017-11-10,2017-11-13,2017-11-14,OK,-0.019541290460930897,1.0652057849235702e-07,1.2782469419082842e-09,-0.01954129171419927,1.0
2017-11-13,2017-11-14,2017-11-15,OK,-0.0028473502270786283,0.09828184105631123,0.0011793820926757348,-0.004023374205884944,0.9999999999999999
2017-11-14,2017-11-15,2017-11-16,OK,0.014709183248314248,0.15493714667347122,0.0018592457600816548,0.012822589501643833,1.0
2017-11-15,2017-11-16,2017-11-17,OK,-0.0005756219777033054,0.06833682887962308,0.000820041946555477,-0.0013951918900917404,1.0
2017-11-16,2017-11-17,2017-11-20,OK,0.004807182427135757,2.1248353930525266e-08,2.549802471663032e-10,0.004807182170929902,1.0
2017-11-17,2017-11-20,2017-11-21,OK,0.006239843176930842,0.05523936115512376,0.0006628723338614851,0.00557283462365965,1.0
2017-11-20,2017-11-21,2017-11-22,OK,0.000851927895321293,1.635129023326576e-08,1.9621548279918912e-10,0.0008519276989387148,1.0
2017-11-21,2017-11-22,2017-11-24,OK,0.0034143871119782865,0.003924211591747518,4.7090539100970216e-05,0.0033671357875475483,1.0
2017-11-22,2017-11-24,2017-11-27,OK,-0.005914166818326355,2.482584749233241e-08,2.979101699079889e-10,-0.005914167114474567,0.9999999999999999
2017-11-24,2017-11-27,2017-11-28,OK,0.009325250765314274,0.03189849428742571,0.0003827819314491085,0.008938899296365932,1.0
2017-11-27,2017-11-28,2017-11-29,OK,-0.01988608391485288,0.026058815084718797,0.0003127057810166256,-0.020192571202467535,1.0
2017-11-28,2017-11-29,2017-11-30,OK,0.0035906764124767746,0.026058684534575466,0.0003127042144149056,0.003276849378414992,1.0
2017-11-29,2017-11-30,2017-12-01,OK,-0.002594481461184243,0.21789503751727882,0.0026147404502073457,-0.005202438015767696,1.0
2017-11-30,2017-12-01,2017-12-04,OK,-0.006282343214760511,0.20941861783513185,0.0025130234140215823,-0.008779578953188483,1.0
2017-12-01,2017-12-04,2017-12-05,OK,-0.0053833622083852735,5.26960785545566e-08,6.323529426546793e-10,-0.005383362837334094,1.0
2017-12-04,2017-12-05,2017-12-06,OK,0.0009530924906808699,0.1188323947120097,0.0014259887365441163,-0.0004742553450197695,1.0
2017-12-05,2017-12-06,2017-12-07,OK,-0.0033004999813327296,0.13470780787187925,0.001616493694462551,-0.004911658438386923,1.0
2017-12-06,2017-12-07,2017-12-08,OK,0.011690772881216865,0.10836485863359092,0.001300378303603091,0.010375192150206658,1.0
2017-12-07,2017-12-08,2017-12-11,OK,-0.003922230760337905,0.13056787518828622,0.0015668145022594347,-0.005482899854560963,1.0
2017-12-08,2017-12-11,2017-12-12,OK,0.004130836176083406,0.08204683313320381,0.0009845619975984458,0.0031422071141677943,1.0
2017-12-11,2017-12-12,2017-12-13,OK,-0.0029710032393900176,0.06155278565784353,0.0007386334278941223,-0.0037074421849772055,1.0
2017-12-12,2017-12-13,2017-12-14,OK,-0.0077436230763649125,0.06731529588541982,0.0008077835506250378,-0.008545151455646605,1.0
2017-12-13,2017-12-14,2017-12-15,OK,0.006837857149338789,0.05193394253649321,0.0006232073104379185,0.006210388436337588,1.0
2017-12-14,2017-12-15,2017-12-18,OK,0.011925384913288515,1.8369391996680626e-05,2.2043270396016752e-07,0.011925161851839672,1.0
2017-12-15,2017-12-18,2017-12-19,OK,-0.0015004332380590029,0.0061653275529991135,7.398393063598936e-05,-0.001574306160746386,1.0
2017-12-18,2017-12-19,2017-12-20,OK,0.0023089760216662113,0.12931701770325332,0.0015518042124390398,0.0007535887305101241,1.0
2017-12-19,2017-12-20,2017-12-21,OK,0.006767869615083053,0.13036669492740316,0.001564400339128838,0.005192881618433232,1.0
2017-12-20,2017-12-21,2017-12-22,OK,0.0006123037088806974,0.11089533549261446,0.0013307440259113735,-0.0007192551365332589,1.0
2017-12-21,2017-12-22,2017-12-26,OK,0.0045402824547929954,0.13091550076104286,0.0015709860091325143,0.002962163725446665,1.0
2017-12-22,2017-12-26,2017-12-27,OK,-0.0005769785329299605,0.0032292372621482244,3.875084714577869e-05,-0.0006157070216687988,1.0
2017-12-26,2017-12-27,2017-12-28,OK,0.009048834098049408,0.009912476925725841,0.0001189497231087101,0.008928808018630274,1.0
2017-12-27,2017-12-28,2017-12-29,OK,-0.0025402143333732516,0.0030881920163708127,3.705830419644975e-05,-0.002577178501534161,1.0
2017-12-28,2017-12-29,2018-01-02,OK,0.02045970613901249,0.12193889619678837,0.0014632667543614604,0.01896650137685363,1.0
2017-12-29,2018-01-02,2018-01-03,OK,0.015456724315666021,0.014469513237475662,0.00017363415884970795,0.015280406341491082,1.0
2018-01-02,2018-01-03,2018-01-04,OK,0.0026639865817724346,0.006601809950089345,7.922171940107214e-05,0.0025845538167736937,1.0
2018-01-03,2018-01-04,2018-01-05,OK,0.010473826848855079,0.0016706981206547735,2.0048377447857283e-05,0.010453568488173248,1.0000000000000002
2018-01-04,2018-01-05,2018-01-08,OK,0.003753659422642262,0.05972337429888847,0.0007166804915866617,0.0030342887565752985,1.0
2018-01-05,2018-01-08,2018-01-09,OK,0.0027133711182079526,0.03450363349893787,0.00041404360198725443,0.0022982040622694377,1.0
2018-01-08,2018-01-09,2018-01-10,OK,-0.00012810722673667362,0.08861706501059538,0.0010634047801271445,-0.0011913757770265487,0.9999999999999998
2018-01-09,2018-01-10,2018-01-11,OK,0.015238554638075478,0.021711565692497468,0.0002605387883099696,0.014974045615204545,1.0
2018-01-10,2018-01-11,2018-01-12,OK,0.011488594646531746,0.11040392869716918,0.0013248471443660303,0.010148526870355612,1.0
2018-01-11,2018-01-12,2018-01-16,OK,0.0011176746814756111,0.04400905862399786,0.0005281087034879743,0.0005889757242607541,1.0
2018-01-12,2018-01-16,2018-01-17,OK,0.011448767981218683,0.04264797501150803,0.0005117757001380964,0.010931133079831401,1.0
2018-01-16,2018-01-17,2018-01-18,OK,0.007924841179053257,0.03650078379995226,0.0004380094055994271,0.007483360618479651,1.0
2018-01-17,2018-01-18,2018-01-19,OK,0.0069111698699722115,0.10752096966605462,0.0012902516359926555,0.0056120010857483305,1.0
2018-01-18,2018-01-19,2018-01-22,OK,0.007502518736777399,0.02904945819518237,0.00034859349834218844,0.007151309909182446,0.9999999999999999
2018-01-19,2018-01-22,2018-01-23,OK,0.012238800064996197,0.01176718387840363,0.00014120620654084357,0.01209586566392562,1.0
2018-01-22,2018-01-23,2018-01-24,OK,0.029301002435008525,0.02045840268792209,0.0002455008322550651,0.029048308182269666,1.0
2018-01-23,2018-01-24,2018-01-25,OK,0.010290962508493815,0.05202013106007102,0.0006242415727208523,0.00966029688915171,1.0000000000000002
2018-01-24,2018-01-25,2018-01-26,OK,0.021387561818879484,1.2295208814991126e-07,1.4754250577989351e-09,0.0213875603118987,1.0
2018-01-25,2018-01-26,2018-01-29,OK,0.002790513449080867,7.176027537734984e-08,8.611233045281981e-10,0.0027905125855545165,1.0
2018-01-26,2018-01-29,2018-01-30,OK,-0.019644695682614528,1.3795874226161625e-07,1.655504907139395e-09,-0.01964469730559759,1.0
2018-01-29,2018-01-30,2018-01-31,OK,-0.006111745486498676,0.08185221053086647,0.0009822265263703977,-0.0070879688943297214,1.0
2018-01-30,2018-01-31,2018-02-01,OK,0.0064124285119661496,1.9528994380825504e-08,2.3434793256990603e-10,0.006412428276115545,1.0
2018-01-31,2018-02-01,2018-02-02,OK,-0.02268630695613167,0.0050690747439770725,6.082889692772487e-05,-0.022745755870031914,1.0
2018-02-01,2018-02-02,2018-02-05,OK,-0.04442570633562942,0.0016440866054713826,1.972903926565659e-05,-0.044444558898390385,1.0
2018-02-02,2018-02-05,2018-02-06,OK,0.03385229166570912,0.09313922366750503,0.0011176706840100605,0.0326967852677178,1.0
2018-02-05,2018-02-06,2018-02-07,OK,-0.011823039842098888,0.0207693486802202,0.0002492321841626424,-0.012069325344218229,1.0
2018-02-06,2018-02-07,2018-02-08,OK,-0.044698514255209085,3.125270821996429e-08,3.7503249863957143e-10,-0.04469851461347818,1.0
2018-02-07,2018-02-08,2018-02-09,OK,0.010292152714704244,1.8990509381006104e-06,2.2788611257207326e-08,0.010292129691549023,1.0
2018-02-08,2018-02-09,2018-02-12,OK,0.021173855575737036,3.458724607413588e-08,4.1504695288963055e-10,0.021173855151901844,1.0
2018-02-09,2018-02-12,2018-02-13,OK,0.004141664414846463,2.7092167838999037e-08,3.2510601406798847e-10,0.004141664088393782,1.0
2018-02-12,2018-02-13,2018-02-14,OK,0.01950689167796566,3.6775518054421585e-08,4.4130621665305903e-10,0.019506891228050938,1.0
2018-02-13,2018-02-14,2018-02-15,OK,0.012845377299060665,2.1079784225455644e-07,2.5295741070546773e-09,0.01284537473699321,1.0
2018-02-14,2018-02-15,2018-02-16,OK,-0.0004398341511179113,4.1411836362859056e-08,4.969420363543087e-10,-0.00043983464784136395,1.0
2018-02-15,2018-02-16,2018-02-20,OK,0.00438752391603379,0.179842227033774,0.0021581067244052883,0.002219948446761766,1.0
2018-02-16,2018-02-20,2018-02-21,OK,-0.002597732593602112,0.07212226151850294,0.0008654671382220354,-0.0034609514796304364,0.9999999999999999
2018-02-20,2018-02-21,2018-02-22,OK,0.007404673674768526,0.10617896398077098,0.0012741475677692517,0.006121091460046468,1.0
2018-02-21,2018-02-22,2018-02-23,OK,0.021848470586082736,0.09154289420988519,0.0010985147305186222,0.020725954988785933,1.0
2018-02-22,2018-02-23,2018-02-26,OK,0.015520525046574302,9.220348849009463e-09,1.1064418618811356e-10,0.015520524934212743,1.0
2018-02-23,2018-02-26,2018-02-27,OK,-0.015454170801535834,0.07892806605364122,0.0009471367926436947,-0.016386670380413637,1.0
2018-02-26,2018-02-27,2018-02-28,OK,-0.002353890616150259,1.6216277824027125e-08,1.945953338883255e-10,-0.0023538908102874734,1.0
2018-02-27,2018-02-28,2018-03-01,OK,-0.011680844614017635,1.0768977327935136e-08,1.2922772793522163e-10,-0.011680844741735918,1.0
2018-02-28,2018-03-01,2018-03-02,OK,0.010009148906688674,2.1024784534889873e-08,2.5229741441867847e-10,0.010009148651866084,1.0
2018-03-01,2018-03-02,2018-03-05,OK,0.021486344389145137,1.4252669783970662e-08,1.7103203740764795e-10,0.02148634421443818,1.0
2018-03-02,2018-03-05,2018-03-06,OK,0.011941348658569299,1.3219386421972623e-07,1.5863263706367148e-09,0.011941347053300078,1.0
2018-03-05,2018-03-06,2018-03-07,OK,-0.010119259994260011,1.6767679238138822e-08,2.0121215085766587e-10,-0.010119260193436008,1.0
2018-03-06,2018-03-07,2018-03-08,OK,-0.001348250672866249,4.4380931924284384e-08,5.325711830914126e-10,-0.001348251204719375,1.0
2018-03-07,2018-03-08,2018-03-09,OK,0.030349418586629963,0.01588026014773811,0.00019056312177285733,0.030153071984907243,1.0
2018-03-08,2018-03-09,2018-03-12,OK,-0.015291317527445678,2.803562535076687e-08,3.364275042092024e-10,-0.015291317858728837,1.0
2018-03-09,2018-03-12,2018-03-13,OK,-0.008974235219649107,0.01588033719982672,0.00019056404639792063,-0.009163089099470278,1.0
2018-03-12,2018-03-13,2018-03-14,OK,0.0015110470238154875,0.015756760326605973,0.00018908112391927167,0.0013216801894266883,1.0
2018-03-13,2018-03-14,2018-03-15,OK,-0.005173254720516954,2.0438751933971044e-08,2.452650232076525e-10,-0.005173254964513152,1.0
2018-03-14,2018-03-15,2018-03-16,OK,0.0024030965335322682,0.015756798007732685,0.00018908157609279222,0.0022135605761592902,0.9999999999999999
2018-03-15,2018-03-16,2018-03-19,OK,-0.018221584544316133,0.014209616514247545,0.00017051539817097055,-0.018388992881743116,1.0
2018-03-16,2018-03-19,2018-03-20,OK,0.006794482074169149,2.115829490865334e-08,2.538995389038401e-10,0.006794481818544584,1.0
2018-03-19,2018-03-20,2018-03-21,OK,0.01020749638833718,0.013200247905823484,0.00015840297486988182,0.010047476515673281,1.0
2018-03-20,2018-03-21,2018-03-22,OK,-0.030734643383961445,0.013200267792933679,0.00015840321351520416,-0.030888178131198485,1.0
2018-03-21,2018-03-22,2018-03-23,OK,-0.012951579849939387,0.013200258670594153,0.00015840310404712985,-0.013107931383535942,1.0
2018-03-22,2018-03-23,2018-03-26,OK,0.03219395536076898,0.10294904124261627,0.0012353884949113953,0.030918794823799223,1.0
2018-03-23,2018-03-26,2018-03-27,OK,-0.029321774792906093,0.0550085187237781,0.0006601022246853372,-0.029962521648818963,1.0
2018-03-26,2018-03-27,2018-03-28,OK,-0.017933640840363245,0.04273536332418647,0.0005128243598902377,-0.018437268392368922,1.0
2018-03-27,2018-03-28,2018-03-29,OK,0.021339913404677797,0.03366180427141575,0.000403941651256989,0.02092735167356241,1.0
2018-03-28,2018-03-29,2018-04-02,OK,-0.02876629289227739,2.8107560712947732e-08,3.3729072855537277e-10,-0.02876629321986557,1.0
2018-03-29,2018-04-02,2018-04-03,OK,0.008555407510096064,5.688473793744042e-08,6.826168552492851e-10,0.008555406821639133,1.0
2018-04-02,2018-04-03,2018-04-04,OK,0.006608402106561263,0.03366160753691757,0.0004039392904430108,0.006201793422860424,1.0
2018-04-03,2018-04-04,2018-04-05,OK,0.013988586929473683,2.3032850506206348e-08,2.7639420607447616e-10,0.013988586649212875,1.0
2018-04-04,2018-04-05,2018-04-06,OK,-0.018001250410334808,0.14011651621152346,0.0016813981945382815,-0.019652381334933744,1.0
2018-04-05,2018-04-06,2018-04-09,OK,-0.011652073052467009,0.10322079330173949,0.0012386495196208738,-0.012876289737398738,1.0
2018-04-06,2018-04-09,2018-04-10,OK,0.024477550963583443,0.059140263368337345,0.0007096831604200481,0.023750496497436213,1.0
2018-04-09,2018-04-10,2018-04-11,OK,0.01029259493805383,0.0771236073777962,0.0009254832885335543,0.009357586024909548,1.0
2018-04-10,2018-04-11,2018-04-12,OK,0.007939994459001766,0.14797646737491804,0.0017757176084990166,0.006150177662530565,1.0
2018-04-11,2018-04-12,2018-04-13,OK,-0.006440934169890624,0.05659218400605859,0.000679106208072703,-0.0071156662995827125,1.0
2018-04-12,2018-04-13,2018-04-16,OK,-0.0026851525837431095,0.18222935479226898,0.002186752257507228,-0.004866033077776111,1.0
2018-04-13,2018-04-16,2018-04-17,OK,0.03450889076908107,0.03674738813980316,0.00044096865767763796,0.034052704772163045,1.0
2018-04-16,2018-04-17,2018-04-18,OK,0.011560673627813458,0.06790351050091731,0.0008148421260110077,0.010736411377925581,1.0
2018-04-17,2018-04-18,2018-04-19,OK,-0.00034852861020449454,0.031155367855237325,0.0003738644142628479,-0.0007222627220226929,1.0
2018-04-18,2018-04-19,2018-04-20,OK,-0.007244359076559957,0.07348406152805317,0.0008818087383366381,-0.008119779675759276,1.0
2018-04-19,2018-04-20,2018-04-23,OK,-0.009343206201224257,0.06873143697932063,0.0008247772437518475,-0.010160277381117688,1.0
2018-04-20,2018-04-23,2018-04-24,OK,-0.01681048363985834,0.06873109867115296,0.0008247731840538355,-0.01762139198779511,1.0
2018-04-23,2018-04-24,2018-04-25,OK,-0.0083635074877171,0.058925607845450305,0.0007071072941454037,-0.009064700884713228,1.0
2018-04-24,2018-04-25,2018-04-26,OK,0.021715971888840842,0.0589255390377124,0.0007071064684525489,0.020993509916197084,1.0
2018-04-25,2018-04-26,2018-04-27,OK,0.002995200743448644,2.3841583981359937e-08,2.8609900777631927e-10,0.002995200456492597,1.0
2018-04-26,2018-04-27,2018-04-30,OK,-0.0064743227742021115,0.0589256530282664,0.0007071078363391968,-0.007176852566172731,1.0
2018-04-27,2018-04-30,2018-05-01,OK,-0.006722404694952801,1.1801909904213259e-08,1.416229188505591e-10,-0.0067224048356236965,0.9999999999999999
2018-04-30,2018-05-01,2018-05-02,OK,-0.003689358264741348,0.041631642247886014,0.0004995797069746322,-0.004187094843195238,1.0
2018-05-01,2018-05-02,2018-05-03,OK,-0.0014398780126378117,0.0024574670152085476,2.9489604182502573e-05,-0.0014693251553875575,1.0
2018-05-02,2018-05-03,2018-05-04,OK,0.006201327246144829,0.06386069392038278,0.0007663283270445934,0.005430246666366267,1.0
2018-05-03,2018-05-04,2018-05-07,OK,0.005962516772376395,7.739288505267949e-07,9.28714620632154e-09,0.00596250742985549,1.0
2018-05-04,2018-05-07,2018-05-08,OK,0.0002078838418916218,2.3277241575220264e-08,2.793268989026432e-10,0.00020788356250656115,1.0
2018-05-07,2018-05-08,2018-05-09,OK,0.026842158211402168,0.07442422745064953,0.0008930907294077944,0.025925094999338594,1.0
2018-05-08,2018-05-09,2018-05-10,OK,0.02048412350106867,1.3319773759651321e-08,1.5983728511581585e-10,0.02048412333795735,1.0
2018-05-09,2018-05-10,2018-05-11,OK,0.002828061496830956,0.03490336099651441,0.0004188403319581729,0.0024080366586567425,1.0
2018-05-10,2018-05-11,2018-05-14,OK,0.01233593583591054,0.06423488889499597,0.0007708186667399517,0.011555608399556494,0.9999999999999999
2018-05-11,2018-05-14,2018-05-15,OK,-0.0008433467280829464,0.012302298209137127,0.00014762757850964554,-0.0009908498053572412,1.0
2018-05-14,2018-05-15,2018-05-16,OK,0.008486116541712352,0.04368066958509849,0.0005241680350211819,0.007957500355658453,1.0
2018-05-15,2018-05-16,2018-05-17,OK,-0.009402043671164206,1.85787747495475e-08,2.2294529699457e-10,-0.009402043892013379,1.0
2018-05-16,2018-05-17,2018-05-18,OK,-0.007224924641751368,1.3702217133496064e-08,1.6442660560195277e-10,-0.0072249248049900405,0.9999999999999999
2018-05-17,2018-05-18,2018-05-21,OK,0.0025477005205588816,9.738140768246473e-08,1.1685768921895768e-09,0.002547699349004784,1.0
2018-05-18,2018-05-21,2018-05-22,OK,-0.001302602382873175,8.498540818475953e-08,1.0198248982171144e-09,-0.001302603401369673,1.0
2018-05-21,2018-05-22,2018-05-23,OK,0.0010831453909390038,3.172456233668103e-07,3.8069474804017235e-09,0.0010831415798679966,1.0
2018-05-22,2018-05-23,2018-05-24,OK,-0.03385797051409913,0.0092225476786848,0.0001106705721442176,-0.033964894005274915,1.0
2018-05-23,2018-05-24,2018-05-25,OK,-0.0029730056333249046,0.009087888783135344,0.00010905466539762413,-0.003081736078588082,1.0
2018-05-24,2018-05-25,2018-05-29,OK,-0.01601687822308307,0.08634259029338527,0.0010361110835206233,-0.017036394041553327,1.0
2018-05-25,2018-05-29,2018-05-30,OK,0.012817190188305856,0.025488925247669682,0.0003058671029720362,0.012507402728502592,1.0
2018-05-29,2018-05-30,2018-05-31,OK,-0.006736381402141925,0.10166478047934549,0.001219977365752146,-0.007948140535056436,1.0000000000000002
2018-05-30,2018-05-31,2018-06-01,OK,-0.008896996549731022,0.056918770289824595,0.0006830252434778952,-0.009573944919974209,1.0
2018-05-31,2018-06-01,2018-06-04,OK,0.011015295558086995,0.1399278187016762,0.0016791338244201144,0.009317665578309153,1.0
2018-06-01,2018-06-04,2018-06-05,OK,0.0026018059740682844,1.9460211862082355e-08,2.3352254234498826e-10,0.002601805739938179,1.0
2018-06-04,2018-06-05,2018-06-06,OK,0.009156998855819621,3.498854168892951e-08,4.198625002671541e-10,0.009156998432112484,1.0
2018-06-05,2018-06-06,2018-06-07,OK,-0.0035526204426914744,1.0595536059643251e-08,1.27146432715719e-10,-0.0035526205693861,1.0
2018-06-06,2018-06-07,2018-06-08,OK,0.0011041626547781227,0.08140605476198332,0.0009768726571437998,0.00012621137132784455,1.0
2018-06-07,2018-06-08,2018-06-11,OK,0.0032874363326020326,0.05951934301115426,0.0007142321161338511,0.0025708562238597743,1.0
2018-06-08,2018-06-11,2018-06-12,OK,0.0032965476872329025,0.01602332590977653,0.00019227991091731836,0.003103633916419879,1.0
2018-06-11,2018-06-12,2018-06-13,OK,0.006471694934463073,0.0012099057445437225,1.4518868934524671e-05,0.006457082103837886,1.0
2018-06-12,2018-06-13,2018-06-14,OK,0.006295994214708873,0.033685512789534106,0.0004042261534744093,0.005889223055710824,1.0
2018-06-13,2018-06-14,2018-06-15,OK,-0.000629004282123559,0.04175923434202091,0.000501110812104251,-0.0011297998933811337,1.0
2018-06-14,2018-06-15,2018-06-18,OK,-0.002608521443087552,0.025604296040142405,0.00030725155248170885,-0.002914971523306109,1.0
2018-06-15,2018-06-18,2018-06-19,OK,0.0070908872236243575,0.08927716449442968,0.0010713259739331563,0.006011964598030328,1.0
2018-06-18,2018-06-19,2018-06-20,OK,0.012059308105789276,0.035256076518498436,0.00042307291822198123,0.011631133220895373,1.0
2018-06-19,2018-06-20,2018-06-21,OK,-0.006307021374012392,0.03883295212635741,0.0004659954255162889,-0.006770077756419801,1.0
2018-06-20,2018-06-21,2018-06-22,OK,-0.002249077926948018,0.006723475074852225,8.06817008982267e-05,-0.0023295781684137262,1.0
2018-06-21,2018-06-22,2018-06-25,OK,-0.025565727281400843,1.0024900935282077e-06,1.2029881122338493e-08,-0.02556573900372927,1.0
2018-06-22,2018-06-25,2018-06-26,OK,0.010742631460800945,0.027818570418162172,0.0003338228450179461,0.010405222479985765,1.0000000000000002
2018-06-25,2018-06-26,2018-06-27,OK,-0.009525807309302243,0.09625922676985271,0.0011551107212382325,-0.010669914668388958,1.0
2018-06-26,2018-06-27,2018-06-28,OK,0.005792951129322932,0.0016200351813255194,1.9440422175906234e-05,0.00577339808973143,1.0
2018-06-27,2018-06-28,2018-06-29,OK,-0.001715230529207262,1.9450040025618953e-08,2.334004803074274e-10,-0.0017152307622074758,1.0
2018-06-28,2018-06-29,2018-07-02,OK,0.004018417913785738,0.05414678702663814,0.0006497614443196577,0.0033660454564385933,1.0
2018-06-29,2018-07-02,2018-07-03,OK,-0.0027680238680464226,2.7969011152234602e-08,3.3562813382681524e-10,-0.002768024202745467,1.0
2018-07-02,2018-07-03,2018-07-05,OK,0.01041790157685987,4.663705992398459e-08,5.596447190878151e-10,0.010417901011384956,1.0
2018-07-03,2018-07-05,2018-07-06,OK,0.011760894694399995,2.6077516151676305e-08,3.129301938201157e-10,0.011760894377789377,1.0
2018-07-05,2018-07-06,2018-07-09,OK,0.011491419074717672,3.094989336170639e-08,3.713987203404767e-10,0.011491418699051126,1.0
2018-07-06,2018-07-09,2018-07-10,OK,-0.0014292651999968952,1.9943781209841305e-08,2.3932537451809565e-10,-0.001429265438980143,1.0
2018-07-09,2018-07-10,2018-07-11,OK,-0.0018016971082490004,1.7503445078753677e-08,2.1004134094504413e-10,-0.001801697317911799,1.0
2018-07-10,2018-07-11,2018-07-12,OK,-0.001711304057361754,0.03198970380620682,0.0003838764456744818,-0.0020945235737171997,1.0
2018-07-11,2018-07-12,2018-07-13,OK,-0.005241886873056638,0.030620171671911205,0.0003674420600629345,-0.005607402843408216,1.0
2018-07-12,2018-07-13,2018-07-16,OK,-0.00028446052368846656,0.030018304268868853,0.00036021965122642625,-0.0006445777066442782,1.0
2018-07-13,2018-07-16,2018-07-17,OK,-0.016500984983712746,1.4014804877379716e-08,1.681776585285566e-10,-0.016500985149115355,1.0
2018-07-16,2018-07-17,2018-07-18,OK,0.0019352169843533783,3.9281653664222094e-08,4.713798439706651e-10,0.0019352165120614107,1.0
2018-07-17,2018-07-18,2018-07-19,OK,-0.010418826210895852,0.004899673888146119,5.879608665775343e-05,-0.010477009711344798,1.0
2018-07-18,2018-07-19,2018-07-20,OK,-0.003240894617852578,7.092032408257017e-05,8.51043888990842e-07,-0.0032417429035980216,1.0
2018-07-19,2018-07-20,2018-07-23,OK,0.002564879643036748,0.09507397008927183,0.001140887641071262,0.0014210657624798007,1.0
2018-07-20,2018-07-23,2018-07-24,OK,0.0008106232172991122,0.07631185908916482,0.0009157423090699779,-0.00010586141374768765,1.0
2018-07-23,2018-07-24,2018-07-25,OK,0.01222381503918753,0.061887419577108124,0.0007426490349252975,0.011472087999820246,1.0
2018-07-24,2018-07-25,2018-07-26,OK,-0.0009375877136497354,0.044486421610334656,0.0005338370593240159,-0.0014709242539058254,1.0
2018-07-25,2018-07-26,2018-07-27,OK,-0.009865876306873696,0.022848809865326086,0.00027418571838391304,-0.010137356942874987,1.0
2018-07-26,2018-07-27,2018-07-30,OK,-0.013048245940728374,0.04201009074227494,0.0005041210889072993,-0.013545789133683761,1.0
2018-07-27,2018-07-30,2018-07-31,OK,0.004422574982750236,0.1676855793570199,0.0020122269522842386,0.0024014488058872185,1.0
2018-07-30,2018-07-31,2018-08-01,OK,-0.007607154245523196,0.11833110112675842,0.0014199732135211011,-0.009016325503784395,1.0
2018-07-31,2018-08-01,2018-08-02,OK,0.004927525857445245,0.020378088575644895,0.00024453706290773877,0.004681783831836928,1.0
2018-08-01,2018-08-02,2018-08-03,OK,0.004807380151616895,0.012205370963865949,0.0001464644515663914,0.00466021158975316,1.0
2018-08-02,2018-08-03,2018-08-06,OK,0.004259909441344574,1.3805943368186933e-05,1.6567132041824321e-07,0.004259743064279231,1.0
2018-08-03,2018-08-06,2018-08-07,OK,0.002304617674980949,0.11525299016983653,0.0013830358820380384,0.0009183944240040987,1.0
2018-08-06,2018-08-07,2018-08-08,OK,0.0007784952813378132,0.11200659430255452,0.0013440791316306543,-0.0005666302095544973,1.0
2018-08-07,2018-08-08,2018-08-09,OK,0.002269389151901226,0.006583927491054504,7.900712989265406e-05,0.0021902027240852107,1.0
2018-08-08,2018-08-09,2018-08-10,OK,-0.00333335402447474,0.016740054941474843,0.00020088065929769813,-0.0035335650774183103,1.0
2018-08-09,2018-08-10,2018-08-13,OK,-0.00431110596057004,0.022820317359487884,0.0002738438083138546,-0.004583769199209664,1.0
2018-08-10,2018-08-13,2018-08-14,OK,0.0047178567425583545,0.021846977613823267,0.0002621637313658792,0.00445445616026463,1.0
2018-08-13,2018-08-14,2018-08-15,OK,-0.018942283996481873,5.823886095706385e-07,6.988663314847662e-09,-0.018942290852764,1.0
2018-08-14,2018-08-15,2018-08-16,OK,0.0069453122914802205,0.05850150213644612,0.0007020180256373535,0.0062384185314205975,0.9999999999999999
2018-08-15,2018-08-16,2018-08-17,OK,-0.00010221052524436139,0.1311467611534275,0.00157376113384113,-0.0016758108041333708,1.0
2018-08-16,2018-08-17,2018-08-20,OK,0.007844072750565803,0.018399722485380243,0.0002207966698245629,0.007621544135600011,1.0
2018-08-17,2018-08-20,2018-08-21,OK,0.014083911179383677,0.0031600724364048392,3.792086923685807e-05,0.014045456235992626,1.0
2018-08-20,2018-08-21,2018-08-22,OK,-0.0027623515420129047,0.11357450133150651,0.0013628940159780781,-0.004121480765604368,1.0
2018-08-21,2018-08-22,2018-08-23,OK,-0.002622944801566084,0.09369287639320338,0.0011243145167184406,-0.0037443103033676373,1.0
2018-08-22,2018-08-23,2018-08-24,OK,0.01937794861286619,0.0636625850387415,0.000763951020464898,0.01859919378878394,1.0
2018-08-23,2018-08-24,2018-08-27,OK,0.004708707914585736,0.036976736508086805,0.0004437208380970417,0.004262897724666592,0.9999999999999998
2018-08-24,2018-08-27,2018-08-28,OK,0.0025745290096592984,0.013304670825928462,0.00015965604991114154,0.0024144619206161178,0.9999999999999999
2018-08-27,2018-08-28,2018-08-29,OK,0.004104670866985419,0.048870093695158365,0.0005864411243419004,0.003515822594845286,1.0
2018-08-28,2018-08-29,2018-08-30,OK,0.0006131413525910926,0.005137699222622262,6.165239067146714e-05,0.00055145116028954,1.0
2018-08-29,2018-08-30,2018-08-31,OK,0.001324812838150655,0.0258369089471771,0.00031004290736612517,0.001014359181960467,1.0000000000000002
2018-08-30,2018-08-31,2018-09-04,OK,-0.0017155957995049062,5.371028254617938e-08,6.445233905541526e-10,-0.001715596442922518,1.0
2018-08-31,2018-09-04,2018-09-05,OK,-0.01583453698775134,0.011866250378840756,0.00014239500454608906,-0.015974677233331125,1.0
2018-09-04,2018-09-05,2018-09-06,OK,0.004938971905479987,0.0555239074064065,0.000666286888876878,0.004269394244377889,1.0
2018-09-05,2018-09-06,2018-09-07,OK,0.000936200676998355,0.0237231817299683,0.00028467818075961963,0.0006512559803333318,1.0
2018-09-06,2018-09-07,2018-09-10,OK,-0.0014588638107140336,0.06922852471678564,0.0008307422966014278,-0.0022883941674428643,1.0
2018-09-07,2018-09-10,2018-09-11,OK,0.0004571484129842335,0.11292226905417953,0.0013550672286501543,-0.0008985382824989729,1.0
2018-09-10,2018-09-11,2018-09-12,OK,0.009711944332300803,0.061896422902837395,0.0007427570748340487,0.008961973642103604,1.0
2018-09-11,2018-09-12,2018-09-13,OK,0.003972359880395159,0.1021938787777773,0.0012263265453333276,0.00274116192469287,1.0
2018-09-12,2018-09-13,2018-09-14,OK,-0.005579341699544066,0.0007807522599707038,9.369027119648445e-06,-0.005588658453660078,1.0
2018-09-13,2018-09-14,2018-09-17,OK,-0.008602282770528397,0.043641859331000454,0.0005237023119720054,-0.009121480047125208,1.0
2018-09-14,2018-09-17,2018-09-18,OK,0.015670193888168454,2.5104591756114347e-08,3.012551010733722e-10,0.01567019358219257,1.0
2018-09-17,2018-09-18,2018-09-19,OK,0.002879368801853232,0.18510630514346668,0.0022212756617216002,0.0006516972682908406,1.0
2018-09-18,2018-09-19,2018-09-20,OK,0.003598513220109008,0.08030969773409853,0.0009637163728091824,0.0026313289011918872,1.0
2018-09-19,2018-09-20,2018-09-21,OK,0.0007155254899265267,0.05696996835202926,0.0006836396202243511,3.1396708128017536e-05,1.0
2018-09-20,2018-09-21,2018-09-24,OK,0.001920268742996154,0.06785199599144014,0.0008142239518972817,0.0011044812622944544,1.0
2018-09-21,2018-09-24,2018-09-25,OK,-0.0007901542805347078,0.06785159640564749,0.0008142191568677699,-0.001603730078650445,1.0
2018-09-24,2018-09-25,2018-09-26,OK,0.007082188271856874,0.16353012695155467,0.001962361523418656,0.005105928934671766,1.0
2018-09-25,2018-09-26,2018-09-27,OK,0.005631628178237721,0.10517814397402059,0.001262137727688247,0.0043623825601575295,1.0
2018-09-26,2018-09-27,2018-09-28,OK,-0.000762201179354125,0.01736386071343053,0.0002083663285611664,-0.0009704086908538523,1.0
2018-09-27,2018-09-28,2018-10-01,OK,0.005162833676039581,0.07437496804018662,0.0008924996164822394,0.00426572623248167,0.9999999999999999
2018-09-28,2018-10-01,2018-10-02,OK,-0.00295044416053334,0.01436307019434404,0.00017235684233212847,-0.003122292473626498,0.9999999999999999
2018-10-01,2018-10-02,2018-10-03,OK,-0.0013841181511759677,0.013174946762595681,0.00015809936115114816,-0.0015419986841317401,1.0
2018-10-02,2018-10-03,2018-10-04,OK,-0.01139249085209998,0.002319787808242716,2.7837453698912594e-05,-0.011420011167862398,1.0
2018-10-03,2018-10-04,2018-10-05,OK,-0.010568641914870607,0.04804296253178798,0.0005765155503814558,-0.01113906447884172,1.0
2018-10-04,2018-10-05,2018-10-08,OK,0.002595661201074438,0.16769264400061148,0.0020123117280073377,0.0005781261935902116,1.0
2018-10-05,2018-10-08,2018-10-09,OK,0.006209989657475872,0.022428588424009792,0.0002691430610881175,0.0059391752207620385,1.0
2018-10-08,2018-10-09,2018-10-10,OK,-0.03371526319423592,0.104796664622552,0.0012575599754706239,-0.034930424204150934,1.0
2018-10-09,2018-10-10,2018-10-11,OK,-0.018343638245428277,0.018275815051838194,0.00021930978062205834,-0.018558925086770928,1.0
2018-10-10,2018-10-11,2018-10-12,OK,0.018897015434591984,0.04727350350418849,0.0005672820420502619,0.01831901345503728,1.0
2018-10-11,2018-10-12,2018-10-15,OK,0.0031673970525614107,0.006895851326044988,8.275021591253985e-05,0.003084384733858858,1.0
2018-10-12,2018-10-15,2018-10-16,OK,0.02530334674842213,0.023012741025395803,0.00027615289230474967,0.025020206263727696,1.0
2018-10-15,2018-10-16,2018-10-17,OK,-0.00406866277235717,0.016879200281585082,0.00020255040337902099,-0.004270389066450497,1.0
2018-10-16,2018-10-17,2018-10-18,OK,-0.007446668792436337,0.05556094661965516,0.000666731359435862,-0.008108435224264965,1.0
2018-10-17,2018-10-18,2018-10-19,OK,-0.01342133860691476,0.1684838600425304,0.002021806320510365,-0.015416009580199952,1.0000000000000002
2018-10-18,2018-10-19,2018-10-22,OK,0.0005122151052628461,0.1165661436990707,0.0013987937243888483,-0.0008872951024009312,1.0
2018-10-19,2018-10-22,2018-10-23,OK,-0.003225297774729651,0.055710362727906304,0.0006685243527348757,-0.003891665937357347,1.0
2018-10-22,2018-10-23,2018-10-24,OK,-0.029208987488301384,0.0036820265646032076,4.4184318775238495e-05,-0.029251881227862375,1.0
2018-10-23,2018-10-24,2018-10-25,OK,0.014171352911976173,0.05159242161592705,0.0006191090593911247,0.013543470239613553,1.0
2018-10-24,2018-10-25,2018-10-26,OK,-0.0213478497954176,0.054182350448968276,0.0006501882053876193,-0.021984157880657884,1.0
2018-10-25,2018-10-26,2018-10-29,OK,0.008174187821377294,0.029973610048551536,0.0003596833205826184,0.007811564381775993,1.0
2018-10-26,2018-10-29,2018-10-30,OK,0.020869453804911182,0.2838039757129123,0.003405647708554948,0.017392732088826746,1.0
2018-10-29,2018-10-30,2018-10-31,OK,0.006726909481134595,0.0352222395635782,0.0004226668747629384,0.0063013993645646416,1.0
2018-10-30,2018-10-31,2018-11-01,OK,0.004023721920951623,0.04298677558549726,0.0005158413070259671,0.0035058050119507467,1.0
2018-10-31,2018-11-01,2018-11-02,OK,-0.007601232424267143,0.04781822378233951,0.0005738186853880741,-0.008170689380458174,0.9999999999999998
2018-11-01,2018-11-02,2018-11-05,OK,0.012192910215580818,1.4748255475909283e-05,1.769790657109114e-07,0.012192731078625396,1.0
2018-11-02,2018-11-05,2018-11-06,OK,0.0005693511571282763,2.5074846713172028e-08,3.008981605580643e-10,0.0005693508560586924,1.0
2018-11-05,2018-11-06,2018-11-07,OK,0.022690104194270377,0.0007691630388956249,9.2299564667475e-06,0.02268066480912978,1.0
2018-11-06,2018-11-07,2018-11-08,OK,-0.0023797149884526698,0.0022958015293539627,2.7549618352247552e-05,-0.002407199046565278,0.9999999999999997
2018-11-07,2018-11-08,2018-11-09,OK,-0.005614569256879106,0.006821185449353927,8.185422539224712e-05,-0.005695963906053869,1.0
2018-11-08,2018-11-09,2018-11-12,OK,-0.0090206276038054,5.889933435147504e-06,7.067920122177006e-08,-0.009020697645435893,1.0
2018-11-09,2018-11-12,2018-11-13,OK,-0.004400191271204251,3.845440880216559e-08,4.614529056259871e-10,-0.004400191730626668,1.0
2018-11-12,2018-11-13,2018-11-14,OK,-0.011149203262361365,0.026025678525625043,0.00031230814230750055,-0.011458029417709792,1.0
2018-11-13,2018-11-14,2018-11-15,OK,-0.0035433431523343765,0.0244360891500545,0.00029323306980065403,-0.00383553719674512,1.0
2018-11-14,2018-11-15,2018-11-16,OK,0.010627632368505316,0.014546938306613202,0.00017456325967935842,0.010451213914677071,1.0
2018-11-15,2018-11-16,2018-11-19,OK,-0.018049438754606538,0.022972847314208292,0.00027567416777049954,-0.018320137158369665,1.0
2018-11-16,2018-11-19,2018-11-20,OK,-0.038511783098628016,3.6560354156251786e-06,4.3872424987502145e-08,-0.0385118252814477,1.0
2018-11-19,2018-11-20,2018-11-21,OK,0.004557568769395787,0.20556827591800722,0.002466819311016087,0.0020795067597279004,1.0
2018-11-20,2018-11-21,2018-11-23,OK,0.006117828529270966,0.06638143018768297,0.0007965771622521956,0.005316378044529779,1.0
2018-11-21,2018-11-23,2018-11-26,OK,0.009026429949873472,0.011074628317755363,0.00013289553981306437,0.008892334837779625,1.0
2018-11-23,2018-11-26,2018-11-27,OK,0.014130149312589919,0.014129409185827509,0.00016955291022993012,0.013958200594421877,1.0
2018-11-26,2018-11-27,2018-11-28,OK,0.025430491649382603,9.256665189009678e-08,1.1107998226811614e-09,0.025430490510334636,1.0
2018-11-27,2018-11-28,2018-11-29,OK,0.0032225319546808893,7.128752598547167e-07,8.5545031182566e-09,0.0032225233726106417,1.0
2018-11-28,2018-11-29,2018-11-30,OK,-0.0015775514944264854,0.002275604126973151,2.730724952367781e-05,-0.0016048156653579726,1.0000000000000002
2018-11-29,2018-11-30,2018-12-03,OK,0.006694834577709838,9.272585931215273e-05,1.1127103117458328e-06,0.006693714417986607,1.0
2018-11-30,2018-12-03,2018-12-04,OK,-0.01164875843526813,0.04857122015558751,0.0005828546418670501,-0.012224823544209173,1.0
2018-12-03,2018-12-04,2018-12-06,OK,0.00790706281729964,1.3784710482218744e-07,1.6541652578662494e-09,0.007907061150054906,1.0
2018-12-04,2018-12-06,2018-12-07,OK,-0.026768287404511728,0.023052117250550248,0.00027662540700660297,-0.027037508023120216,1.0
2018-12-06,2018-12-07,2018-12-10,OK,-0.00040899143876370597,0.048110628916344086,0.000577327546996129,-0.0009860828637358043,0.9999999999999999
2018-12-07,2018-12-10,2018-12-11,OK,-6.86125020391483e-05,2.556770696861277e-07,3.0681248362335323e-09,-6.861556995352291e-05,1.0000000000000002
2018-12-10,2018-12-11,2018-12-12,OK,0.01096365569079578,0.016277524308774098,0.00019533029170528917,0.010766183865026147,1.0000000000000002
2018-12-11,2018-12-12,2018-12-13,OK,0.00033535876237326273,0.15003945482201825,0.0018004734578642191,-0.001465718500041402,1.0000000000000002
2018-12-12,2018-12-13,2018-12-14,OK,-0.03329124073082583,0.09813835136037911,0.0011776602163245495,-0.034429695177389585,0.9999999999999999
2018-12-13,2018-12-14,2018-12-17,OK,-0.01693740970382871,3.79841135315917e-08,4.558093623791004e-10,-0.016937410151917853,1.0
2018-12-14,2018-12-17,2018-12-18,OK,-0.002841980617811994,0.2277601488033407,0.0027331217856400884,-0.0055673349243112735,1.0000000000000002
2018-12-17,2018-12-18,2018-12-19,OK,-0.016134453561701005,0.13071952766459455,0.0015686343319751346,-0.01767777883589161,1.0
2018-12-18,2018-12-19,2018-12-20,OK,-0.017908689462091065,0.08396287720283362,0.0010075545264340035,-0.01889820000739495,0.9999999999999998
2018-12-19,2018-12-20,2018-12-21,OK,-0.014024232113432086,0.09768401640301859,0.001172208196836223,-0.015180000990430598,1.0
2018-12-20,2018-12-21,2018-12-24,OK,-0.026572255133188442,0.29255898736584585,0.0035107078483901503,-0.029989675556932993,1.0000000000000002
2018-12-21,2018-12-24,2018-12-26,OK,0.043370918212235224,0.16809642716684906,0.0020171571260021886,0.041266275129500096,1.0000000000000002
2018-12-24,2018-12-26,2018-12-27,OK,0.013782006737976246,0.04432790610443259,0.0005319348732531911,0.013242740734715541,1.0
2018-12-26,2018-12-27,2018-12-28,OK,-0.0010481743823223838,0.11646428179466413,0.0013975713815359695,-0.002444280865338766,1.0
2018-12-27,2018-12-28,2018-12-31,OK,0.01408066476378402,0.11993616634224288,0.0014392339961069147,0.012621165396261347,1.0
2018-12-28,2018-12-31,2019-01-02,OK,-0.007467660715568403,0.23051604156364422,0.0027661924987637306,-0.010213196227277455,1.0000000000000002
2018-12-31,2019-01-02,2019-01-03,OK,-0.031446606222967195,4.6474399953422285e-09,5.5769279944106743e-11,-0.031446606276982814,1.0
2019-01-02,2019-01-03,2019-01-04,OK,0.0368067545563806,0.17745869678945989,0.0021295043614735186,0.034598870050547514,1.0
2019-01-03,2019-01-04,2019-01-07,OK,0.0025384833334026694,0.14292167276619433,0.001715060073194332,0.0008190696087966298,1.0
2019-01-04,2019-01-07,2019-01-08,OK,0.0070001887095565455,0.13576559754105086,0.0016291871704926103,0.00535959692142729,1.0
2019-01-07,2019-01-08,2019-01-09,OK,-0.005722866653412062,0.13576559512579306,0.0016291871415095168,-0.007342730174157208,1.0
2019-01-08,2019-01-09,2019-01-10,OK,0.007939246636651532,1.2551633204321844e-07,1.5061959845186212e-09,0.007939245118497418,1.0
2019-01-09,2019-01-10,2019-01-11,OK,-0.0019324176417976177,2.3305825019859228e-08,2.7966990023831073e-10,-0.001932417920927132,1.0000000000000002
2019-01-10,2019-01-11,2019-01-14,OK,-0.00916685740813625,0.06249305269074236,0.0007499166322889083,-0.009909899661589061,1.0
2019-01-11,2019-01-14,2019-01-15,OK,0.010287786662907437,0.06249306856051358,0.000749916822726163,0.009530154855894146,1.0000000000000002
2019-01-14,2019-01-15,2019-01-16,OK,0.0018735029355819387,0.27896222041530105,0.003347546644983613,-0.0014803153478680775,1.0
2019-01-15,2019-01-16,2019-01-17,OK,0.008434763774818506,0.0036381188771287126,4.365742652554455e-05,0.008390738108213336,1.0
2019-01-16,2019-01-17,2019-01-18,OK,0.009190881545947967,0.001652287750234592,1.9827453002815105e-05,0.00917087186117338,1.0
2019-01-17,2019-01-18,2019-01-22,OK,-0.013883116903002734,0.1690044143523815,0.0020280529722285783,-0.01588301417873239,1.0
2019-01-18,2019-01-22,2019-01-23,OK,-0.0013046927543830045,0.13440333749820915,0.0016128400499785098,-0.0029154285436343574,1.0
2019-01-22,2019-01-23,2019-01-24,OK,-0.00899753839635412,0.10274068011386722,0.0012328881613664067,-0.010219333599150171,1.0000000000000002
2019-01-23,2019-01-24,2019-01-25,OK,0.010937156701312623,0.27952202027845496,0.0033542642433414594,0.0075462063443241245,1.0
2019-01-24,2019-01-25,2019-01-28,OK,-0.012239264088668234,0.09127250677312063,0.0010952700812774476,-0.01332112887017256,1.0
2019-01-25,2019-01-28,2019-01-29,OK,0.008788301637319917,0.04242706660704745,0.0005091247992845694,0.00827470249572837,1.0
2019-01-28,2019-01-29,2019-01-30,OK,0.018729894070854344,0.07587545628340985,0.0009105054754009181,0.01780233492434813,1.0
2019-01-29,2019-01-30,2019-01-31,OK,0.005453055478153437,7.138663645975263e-08,8.566396375170316e-10,0.005453054616842312,1.0
2019-01-30,2019-01-31,2019-02-01,OK,-0.00037110054398787435,0.1445792314839877,0.0017349507778078525,-0.002105407480618271,1.0
2019-01-31,2019-02-01,2019-02-04,OK,0.011089760672236139,0.22500278980331573,0.002700033477639789,0.008359784469522458,1.0
2019-02-01,2019-02-04,2019-02-05,OK,0.005340779406784456,0.11900204858716149,0.0014280245830459379,0.003905128059452867,1.0
2019-02-04,2019-02-05,2019-02-06,OK,-0.0034224163545935383,0.07879153826564811,0.0009454984591877773,-0.0043646789243912965,1.0
2019-02-05,2019-02-06,2019-02-07,OK,-0.012395678825731976,0.07879153174124295,0.0009454983808949155,-0.013329457112366994,1.0000000000000002
2019-02-06,2019-02-07,2019-02-08,OK,-0.00016967023315626276,0.10191550425767999,0.00122298605109216,-0.0013924487799200636,1.0
2019-02-07,2019-02-08,2019-02-11,OK,-0.003613058126150071,0.23144017575415915,0.00277728210904991,-0.006380305753507343,1.0
2019-02-08,2019-02-11,2019-02-12,OK,0.018110525989161918,0.2638379356706244,0.003166055228047493,0.014887131835623624,1.0
2019-02-11,2019-02-12,2019-02-13,OK,-0.006448091306623956,0.04234116938371505,0.0005080940326045807,-0.006952909102513893,1.0
2019-02-12,2019-02-13,2019-02-14,OK,0.007003679616704803,0.10552743664486117,0.001266329239738334,0.005728481412682118,1.0
2019-02-13,2019-02-14,2019-02-15,OK,-0.0018463206045732825,0.06938931015223351,0.0008326717218268022,-0.002677454947443203,1.0
2019-02-14,2019-02-15,2019-02-19,OK,-0.00044313469747970743,0.16640043395048287,0.0019968052074057947,-0.0024390550512138898,1.0
2019-02-15,2019-02-19,2019-02-20,OK,0.0021963220612352305,0.00689049215546168,8.268590586554016e-05,0.002113454550490612,1.0
2019-02-19,2019-02-20,2019-02-21,OK,0.00022680284483450012,0.08163100728112518,0.0009795720873735023,-0.0007529914122752501,1.0
2019-02-20,2019-02-21,2019-02-22,OK,0.009297460458630296,2.3520116783012912e-08,2.8224140139615497e-10,0.009297460173764538,1.0
2019-02-21,2019-02-22,2019-02-25,OK,-0.001538849048024091,0.14485107120055823,0.0017382128544066989,-0.003274387055234418,1.0
2019-02-22,2019-02-25,2019-02-26,OK,-0.0023916588877093536,0.02298659479217627,0.00027583913750611527,-0.0026668383120905803,1.0
2019-02-25,2019-02-26,2019-02-27,OK,-0.0016126016406542104,0.0032634641822680338,3.9161570187216405e-05,-0.0016517000588291975,1.0
2019-02-26,2019-02-27,2019-02-28,OK,-0.0006408769247150522,0.08155319305599731,0.0009786383166719677,-0.0016188880546722517,1.0
2019-02-27,2019-02-28,2019-03-01,OK,0.0018807937869923215,0.046152682192096464,0.0005538321863051576,0.0013259199565520685,0.9999999999999998
2019-02-28,2019-03-01,2019-03-04,OK,0.0017206919808592286,0.0012438965325554,1.49267583906648e-05,0.0017057395381150364,1.0
2019-03-01,2019-03-04,2019-03-05,OK,-0.004701800848473605,0.0016145665236625899,1.937479828395108e-05,-0.004721084550314503,0.9999999999999999
2019-03-04,2019-03-05,2019-03-06,OK,-0.005482833899659592,0.007591850305183893,9.110220366220671e-05,-0.005573436605071258,0.9999999999999999
2019-03-05,2019-03-06,2019-03-07,OK,-0.008781799191311805,0.014517854959645846,0.00017421425951575015,-0.008954483536184332,1.0000000000000002
2019-03-06,2019-03-07,2019-03-08,OK,-0.0035052266667814896,0.02704795776462912,0.00032457549317554946,-0.0038286644492828703,1.0
2019-03-07,2019-03-08,2019-03-11,OK,0.014969235841487965,0.0641201583392503,0.0007694419000710037,0.014188275984148513,0.9999999999999999
2019-03-08,2019-03-11,2019-03-12,OK,0.002726639675637015,0.0600227642147348,0.0007202731705768177,0.0020044025796559506,1.0
2019-03-11,2019-03-12,2019-03-13,OK,0.010997334857724686,2.3492040761513913e-07,2.8190448913816694e-09,0.010997332007677718,1.0
2019-03-12,2019-03-13,2019-03-14,OK,-0.002306265239455468,0.041351130561806386,0.0004962135667416766,-0.002801334406096756,1.0
2019-03-13,2019-03-14,2019-03-15,OK,0.0046223920454930905,0.024328774279418913,0.00029194529135302693,0.004329097268547688,1.0
2019-03-14,2019-03-15,2019-03-18,OK,0.011974476696759866,0.041659062326403776,0.0004999087479168453,0.011468581803190547,1.0
2019-03-15,2019-03-18,2019-03-19,OK,-0.0012057349051515624,0.014291462631478175,0.0001714975515777381,-0.0013770256761451716,1.0
2019-03-18,2019-03-19,2019-03-20,OK,0.011230353239292072,0.007091401213352995,8.509681456023594e-05,0.01114430075744477,1.0
2019-03-19,2019-03-20,2019-03-21,OK,0.018184640805598715,0.007091553360166329,8.509864032199595e-05,0.018097994677069407,1.0
2019-03-20,2019-03-21,2019-03-22,OK,-0.0282371359982735,0.0016454411978100696,1.9745294373720836e-05,-0.028256323742084644,1.0
2019-03-21,2019-03-22,2019-03-25,OK,0.007975438170146384,9.482441362811639e-08,1.1378929635373966e-09,0.007975437023178156,1.0000000000000002
2019-03-22,2019-03-25,2019-03-26,OK,0.007798864684623714,7.862129329430807e-08,9.43455519531697e-10,0.007798863733810224,1.0
2019-03-25,2019-03-26,2019-03-27,OK,-0.0009080116926587331,1.958406676825681e-07,2.3500880121908173e-09,-0.0009080140406128034,1.0
2019-03-26,2019-03-27,2019-03-28,OK,0.00451367093790413,1.1420633188236724e-07,1.3704759825884068e-09,0.004513669561242217,1.0000000000000002
2019-03-27,2019-03-28,2019-03-29,OK,0.008210564938623611,1.2244009258541202e-07,1.4692811110249443e-09,0.008210563457278885,1.0
2019-03-28,2019-03-29,2019-04-01,OK,0.011754788045209,0.037451843817944086,0.000449422125815329,0.011300083057561805,0.9999999999999997
2019-03-29,2019-04-01,2019-04-02,OK,-0.0004806695532783969,0.02290957148388691,0.0002749148578066429,-0.0007554522678830944,0.9999999999999998
2019-04-01,2019-04-02,2019-04-03,OK,0.0014083281312533913,0.11555055696000016,0.001386606683520002,1.976865053410215e-05,1.0
2019-04-02,2019-04-03,2019-04-04,OK,-0.004409044204604107,2.3901687613603616e-05,2.868202513632434e-07,-0.004409329760252212,1.0
2019-04-03,2019-04-04,2019-04-05,OK,0.0026850918912357216,6.744408095620405e-08,8.093289714744486e-10,0.0026850910797338035,1.0
2019-04-04,2019-04-05,2019-04-08,OK,0.007958688819626771,5.988302381415894e-08,7.185962857699072e-10,0.007958688095311528,1.0
2019-04-05,2019-04-08,2019-04-09,OK,-0.0057271389370308,7.764179248668807e-08,9.317015098402568e-10,-0.005727139863396347,0.9999999999999999
2019-04-08,2019-04-09,2019-04-10,OK,0.007386776243242843,0.03700925351418419,0.00044411104217021027,0.0069393846521770275,1.0
2019-04-09,2019-04-10,2019-04-11,OK,-0.003616917809541051,0.014237435675695773,0.00017084922810834928,-0.003787149090033637,1.0
2019-04-10,2019-04-11,2019-04-12,OK,-0.013688460830499976,0.04255314208739283,0.000510637705048714,-0.01419210869132459,1.0
2019-04-11,2019-04-12,2019-04-15,OK,0.001455631176899889,4.643146013234411e-08,5.571775215881293e-10,0.0014556306189112966,1.0
2019-04-12,2019-04-15,2019-04-16,OK,0.007782657740194201,0.015752995851418244,0.00018903595021701894,0.007592150587876212,1.0
2019-04-15,2019-04-16,2019-04-17,OK,-0.007056574502713117,0.011112170242337337,0.00013334604290804805,-0.007188979579334731,1.0
2019-04-16,2019-04-17,2019-04-18,OK,0.007687857171261648,1.1432965957604765e-07,1.3719559149125718e-09,0.007687855788758524,1.0
2019-04-17,2019-04-18,2019-04-22,OK,0.007807043889122745,0.01594344202305895,0.0001913213042767074,0.00761422893102659,0.9999999999999999
2019-04-18,2019-04-22,2019-04-23,OK,0.0004983896228734112,0.0017352288640688379,2.0822746368826056e-05,0.00047755649866387806,1.0000000000000002
2019-04-22,2019-04-23,2019-04-24,OK,-0.0032068005841193333,0.023926203106163245,0.00028711443727395895,-0.003492994302648156,1.0
2019-04-23,2019-04-24,2019-04-25,OK,-0.016231089130826784,2.2026092729007696e-07,2.6431311274809236e-09,-0.01623109173105708,1.0
2019-04-24,2019-04-25,2019-04-26,OK,0.006964087726425602,0.02392642097189393,0.0002871170516627272,0.006674971166427346,0.9999999999999997
2019-04-25,2019-04-26,2019-04-29,OK,-0.001284170729512101,0.03649876118536245,0.0004379851342243494,-0.0017215934160471624,1.0
2019-04-26,2019-04-29,2019-04-30,OK,-0.0026941683803577824,3.808712575230702e-08,4.570455090276843e-10,-0.0026941688361719063,1.0000000000000002
2019-04-29,2019-04-30,2019-05-01,OK,-0.0051825645060892805,0.036498797760229906,0.0004379855731227589,-0.005618280190726632,1.0
2019-04-30,2019-05-01,2019-05-02,OK,0.0024466406515713775,0.005344495547204387,6.413394656645265e-05,0.002382349792284133,1.0
2019-05-01,2019-05-02,2019-05-03,OK,-0.014040368839573616,0.0183049487826822,0.00021965938539218638,-0.01425694412617573,1.0
2019-05-02,2019-05-03,2019-05-06,OK,-0.01053265381550485,0.002840531707006919,3.408638048408303e-05,-0.01056638117594344,1.0
2019-05-03,2019-05-06,2019-05-07,OK,-0.01748478759767073,0.11819723976493272,0.0014183668771791927,-0.018878354631266858,1.0
2019-05-06,2019-05-07,2019-05-08,OK,0.0021016704161321877,0.020281478203940606,0.00024337773844728728,0.0018577811778921482,1.0
2019-05-07,2019-05-08,2019-05-09,OK,-0.004700422674379904,0.00037895598778327905,4.5474718533993484e-06,-0.004704948771193429,1.0
2019-05-08,2019-05-09,2019-05-10,OK,-0.00010801290247112045,0.0028384126200587025,3.406095144070443e-05,-0.00014207017488954143,1.0
2019-05-09,2019-05-10,2019-05-13,OK,-0.04044326083662435,0.001470679534768881,1.7648154417226572e-05,-0.04046019524212907,1.0
2019-05-10,2019-05-13,2019-05-14,OK,0.011740481951599793,0.01081266304661485,0.0001297519565593782,0.011609206644536352,1.0
2019-05-13,2019-05-14,2019-05-15,OK,0.00363904439888109,0.0029144521906700072,3.497342628804009e-05,0.003603943702742196,1.0
2019-05-14,2019-05-15,2019-05-16,OK,0.009117175454385073,0.10901491729956989,0.0013081790075948386,0.007797069549252189,1.0
2019-05-15,2019-05-16,2019-05-17,OK,-0.01055851166895304,8.796263436860312e-08,1.0555516124232375e-09,-0.010558512713359613,1.0000000000000002
2019-05-16,2019-05-17,2019-05-20,OK,-0.001963504741521972,7.561814031456781e-07,9.074176837748137e-09,-0.001963513797881622,1.0
2019-05-17,2019-05-20,2019-05-21,OK,0.010023102020476913,0.0067489095414198855,8.098691449703863e-05,0.00994130336587351,0.9999999999999998
2019-05-20,2019-05-21,2019-05-22,OK,-0.0006236233104236989,0.030827684782256067,0.0003699322173870728,-0.0009933248294566877,1.0000000000000002
2019-05-21,2019-05-22,2019-05-23,OK,-0.026774212712501057,5.6037109070400904e-08,6.724453088448108e-10,-0.02677421336694219,1.0
2019-05-22,2019-05-23,2019-05-24,OK,0.003774828195399778,5.480699217721158e-07,6.576839061265389e-09,0.0037748215937343232,1.0
2019-05-23,2019-05-24,2019-05-28,OK,0.006530145467230077,0.0020145562451003808,2.417467494120457e-05,0.006505812928145005,1.0
2019-05-24,2019-05-28,2019-05-29,OK,-0.010669159641697134,0.018729578530874667,0.000224754942370496,-0.010891516637707266,1.0000000000000002
2019-05-28,2019-05-29,2019-05-30,OK,0.003502578214651324,0.02760067913716151,0.00033120814964593816,0.003170209982555905,1.0
2019-05-29,2019-05-30,2019-05-31,OK,-0.016960341390724925,6.858247731864327e-08,8.229897278237192e-10,-0.016960342199756395,1.0
2019-05-30,2019-05-31,2019-06-03,OK,-0.015789566195067533,6.580655187607695e-08,7.896786225129235e-10,-0.015789566972277513,1.0
2019-05-31,2019-06-03,2019-06-04,OK,0.02959278734785512,0.023214545244375332,0.000278574542932504,0.029305969007713317,1.0
2019-06-03,2019-06-04,2019-06-05,OK,0.01055236390995573,0.07205278778069833,0.00086463345336838,0.00967860652973851,1.0
2019-06-04,2019-06-05,2019-06-06,OK,0.008451109204368677,0.07531454670843431,0.0009037745605012117,0.007539696746360569,1.0
2019-06-05,2019-06-06,2019-06-07,OK,0.015839473006108558,2.3749796389249678e-07,2.8499755667099615e-09,0.01583947011099096,1.0
2019-06-06,2019-06-07,2019-06-10,OK,-0.001296938776070645,0.023643726143675905,0.00028372471372411085,-0.0015802955162117494,0.9999999999999998
2019-06-07,2019-06-10,2019-06-11,OK,-0.0008671282601654881,0.01515995469685685,0.0001819194563622822,-0.0010488899690259679,1.0
2019-06-10,2019-06-11,2019-06-12,OK,-0.002470211635895815,0.027453400147889828,0.00032944080177467797,-0.0027988386491685224,1.0
2019-06-11,2019-06-12,2019-06-13,OK,0.0033387626868929187,0.025101833613824016,0.0003012220033658882,0.003036534974741656,1.0
2019-06-12,2019-06-13,2019-06-14,OK,-0.001643435766284245,0.0628546317943493,0.0007542555815321917,-0.0023964517772168126,1.0
2019-06-13,2019-06-14,2019-06-17,OK,0.005946886996684579,0.005634156781380888,6.760988137657067e-05,0.005878875046983589,1.0
2019-06-14,2019-06-17,2019-06-18,OK,0.010527927802940672,0.04236960948319589,0.0005084353137983507,0.010014139718866,1.0
2019-06-17,2019-06-18,2019-06-19,OK,0.005656881492358665,0.02860807448994423,0.0003432968938793308,0.005311642608634148,1.0
2019-06-18,2019-06-19,2019-06-20,OK,0.012248090892533838,0.011715153104469835,0.00014058183725363803,0.012105787196159623,1.0
2019-06-19,2019-06-20,2019-06-21,OK,-0.0017892097029873076,2.2798081870466265e-07,2.735769824455952e-09,-0.0017892124338623194,1.0
2019-06-20,2019-06-21,2019-06-24,OK,-0.0006211984431152627,0.012891133001693466,0.0001546935960203216,-0.0007757959437145745,1.0
2019-06-21,2019-06-24,2019-06-25,OK,-0.012004621293729836,0.09439989241627557,0.0011327987089953069,-0.01312382118322164,1.0
2019-06-24,2019-06-25,2019-06-26,OK,0.0006969557412935828,0.035168517518852624,0.0004220222102262315,0.0002746394002650643,0.9999999999999999
2019-06-25,2019-06-26,2019-06-27,OK,0.000263571567310273,8.8694332485203e-05,1.064331989822436e-06,0.00026250695479279607,1.0000000000000002
2019-06-26,2019-06-27,2019-06-28,OK,0.004009902065968645,1.4948863690843677e-06,1.7938636429012413e-08,0.004009884055400148,1.0
2019-06-27,2019-06-28,2019-07-01,OK,0.0030146026391112144,4.209561810997208e-06,5.05147417319665e-08,0.0030145519720874425,1.0
2019-06-28,2019-07-01,2019-07-02,OK,0.002306181041321789,0.027601215912574056,0.0003312145909508887,0.0019742026095608267,1.0
2019-07-01,2019-07-02,2019-07-03,OK,0.008614977885366424,0.024928025694831185,0.0002991363083379742,0.00831326452434733,0.9999999999999999
2019-07-02,2019-07-03,2019-07-05,OK,0.004644483409288113,0.005050434235295819,6.060521082354983e-05,0.004583596718568339,1.0
2019-07-03,2019-07-05,2019-07-08,OK,0.0023246616314222457,1.9725818377187903e-07,2.3670982052625484e-09,0.0023246592588215265,1.0
2019-07-05,2019-07-08,2019-07-09,OK,0.005496548952042534,0.013670467970795807,0.00016404561564954968,0.005331601651636042,1.0
2019-07-08,2019-07-09,2019-07-10,OK,0.004675533820560746,9.73693185407036e-07,1.1684318224884433e-08,0.004675522081612149,1.0
2019-07-09,2019-07-10,2019-07-11,OK,0.0035176469899101974,8.995525028511475e-08,1.079463003421377e-09,0.0035176459066501575,1.0
2019-07-10,2019-07-11,2019-07-12,OK,0.006157255039644244,5.73263869827332e-08,6.879166437927984e-10,0.006157254347491925,1.0
2019-07-11,2019-07-12,2019-07-15,OK,-0.0008314233375543689,6.527894653502169e-08,7.833473584202603e-10,-0.0008314241202505013,0.9999999999999999
2019-07-12,2019-07-15,2019-07-16,OK,-0.003875488064837398,3.518766605976806e-08,4.222519927172167e-10,-0.003875488485452938,1.0
2019-07-15,2019-07-16,2019-07-17,OK,-0.00686389131957728,0.012380114363014184,0.00014856137235617022,-0.0070114329828193656,1.0
2019-07-16,2019-07-17,2019-07-18,OK,-0.011773301001844705,3.117471469850738e-08,3.740965763820886e-10,-0.01177330137153687,0.9999999999999999
2019-07-17,2019-07-18,2019-07-19,OK,-0.009598041104017033,5.97124261068663e-08,7.165491132823957e-10,-0.009598041813688729,0.9999999999999999
2019-07-18,2019-07-19,2019-07-22,OK,0.00285368455267227,0.12358891137026781,0.0014830669364432137,0.0013663854110219642,1.0000000000000002
2019-07-19,2019-07-22,2019-07-23,OK,-0.0005013514055308379,0.0018239662406961342,2.188759488835361e-05,-0.0005232280270427436,1.0
2019-07-22,2019-07-23,2019-07-24,OK,0.019807296328936658,6.784911615893832e-08,8.141893939072598e-10,0.01980729549862037,1.0
2019-07-23,2019-07-24,2019-07-25,OK,-0.006637936461819323,0.010203467290660425,0.0001224416074879251,-0.006759565309696458,0.9999999999999999
2019-07-24,2019-07-25,2019-07-26,OK,-0.0024427898279691207,2.583047670286521e-07,3.0996572043438256e-09,-0.0024427929200544485,1.0
2019-07-25,2019-07-26,2019-07-29,OK,0.005281270746494891,0.02082800718427172,0.00024993608621126065,0.005030014680142969,1.0
2019-07-26,2019-07-29,2019-07-30,OK,-0.005048335955163212,0.10123579084887493,0.0012148294901864992,-0.006257032577954957,1.0
2019-07-29,2019-07-30,2019-07-31,OK,-0.014934795956646504,0.07642287792730741,0.0009170745351276889,-0.01583817417071498,1.0
2019-07-30,2019-07-31,2019-08-01,OK,-0.007936148690223457,0.07354205293106289,0.0008825046351727547,-0.008811649637391672,1.0
2019-07-31,2019-08-01,2019-08-02,OK,-0.02294868665180143,0.03390156478600105,0.0004068187774320126,-0.023346169472586054,1.0
2019-08-01,2019-08-02,2019-08-05,OK,-0.026624326497181088,0.038695670371557626,0.0004643480444586915,-0.027076311587695745,1.0
2019-08-02,2019-08-05,2019-08-06,OK,0.01764007734341478,0.08733466035707518,0.0010480159242849023,0.01657357433716844,1.0
2019-08-05,2019-08-06,2019-08-07,OK,0.005616025957439603,0.012091407254164039,0.00014509688704996847,0.005470114202505538,1.0
2019-08-06,2019-08-07,2019-08-08,OK,0.018684226823216077,0.12260279644987881,0.001471233557398546,0.017185504404321206,1.0
2019-08-07,2019-08-08,2019-08-09,OK,-0.0016129752558643785,0.0011824848390541661,1.4189818068649994e-05,-0.0016271421861075996,1.0
2019-08-08,2019-08-09,2019-08-12,OK,-0.008889645527574961,0.0071712768520853865,8.605532222502465e-05,-0.00897493584848974,1.0
2019-08-09,2019-08-12,2019-08-13,OK,0.009152536520889692,0.024725369158366754,0.00029670442990040104,0.008853116492858915,1.0
2019-08-12,2019-08-13,2019-08-14,OK,-0.026101848210355612,9.195969646912374e-08,1.1035163576294849e-09,-0.0261018492850682,1.0
2019-08-13,2019-08-14,2019-08-15,OK,0.010531158564001592,0.019073015376835367,0.0002288761845220244,0.010299872048088687,1.0
2019-08-14,2019-08-15,2019-08-16,OK,0.011492017656155684,5.851751947356859e-08,7.02210233682823e-10,0.01149201694587565,1.0
2019-08-15,2019-08-16,2019-08-19,OK,0.009825623088114898,3.0360570453334076e-08,3.6432684544000893e-10,0.00982562272020826,1.0000000000000002
2019-08-16,2019-08-19,2019-08-20,OK,-0.004950956473525214,0.02847166984510046,0.0003416600381412055,-0.005290924967688793,0.9999999999999999
2019-08-19,2019-08-20,2019-08-21,OK,0.008943329732500314,0.043656478216635965,0.0005238777385996316,0.008414766782544936,1.0
2019-08-20,2019-08-21,2019-08-22,OK,-0.001795156219340888,1.544877257920088e-07,1.8538527095041057e-09,-0.0017951580698656322,1.0
2019-08-21,2019-08-22,2019-08-23,OK,-0.02482089828269867,0.020126662767441746,0.00024151995320930095,-0.025056423493716062,0.9999999999999999
2019-08-22,2019-08-23,2019-08-26,OK,0.01779834326538871,1.3472820320959746e-07,1.6167384385151697e-09,0.017798341619875035,0.9999999999999999
2019-08-23,2019-08-26,2019-08-27,OK,0.0064629153262645315,7.709985906617859e-08,9.251983087941431e-10,0.006462914395086727,0.9999999999999999
2019-08-26,2019-08-27,2019-08-28,OK,0.003341769756501504,8.437778763974638e-08,1.0125334516769566e-09,0.003341768740584339,1.0
2019-08-27,2019-08-28,2019-08-29,OK,0.011421772359315168,3.965493462648662e-08,4.758592155178394e-10,0.011421771878020737,1.0
2019-08-28,2019-08-29,2019-08-30,OK,-0.00077733217405847,1.1690916838138624e-07,1.4029100205766348e-09,-0.0007773335758779476,1.0
2019-08-29,2019-08-30,2019-09-03,OK,-0.003106017768200903,1.110206408850539e-07,1.332247690620647e-09,-0.003106019096310475,1.0
2019-08-30,2019-09-03,2019-09-04,OK,0.009728146824403192,1.0221072268088543e-07,1.2265286721706253e-09,0.009728145585942816,1.0
2019-09-03,2019-09-04,2019-09-05,OK,0.004675441201663826,1.204936314905759e-07,1.4459235778869108e-09,0.004675439748979882,1.0
2019-09-04,2019-09-05,2019-09-06,OK,0.002097039803087399,7.234558821022502e-08,8.681470585227003e-10,0.0020970389331198547,1.0000000000000002
2019-09-05,2019-09-06,2019-09-09,OK,-0.010994736825725866,0.0001402345860985186,1.6828150331822233e-06,-0.010996401138650636,1.0
2019-09-06,2019-09-09,2019-09-10,OK,-0.020804154915136496,0.007253749219382832,8.704499063259398e-05,-0.020889389008299397,1.0000000000000002
2019-09-09,2019-09-10,2019-09-11,OK,0.0003031238834507317,0.035577196622803606,0.0004269263594736433,-0.00012393188759884932,1.0
2019-09-10,2019-09-11,2019-09-12,OK,0.005077005670108647,0.07064201719492062,0.0008477042063390475,0.004224997664707297,1.0
2019-09-11,2019-09-12,2019-09-13,OK,-0.005098258150578101,0.03407266318720749,0.00040887195824648986,-0.005505045574030865,1.0
2019-09-12,2019-09-13,2019-09-16,OK,-0.0011247674687541276,4.1361678159747284e-08,4.963401379169674e-10,-0.0011247679645360886,1.0
2019-09-13,2019-09-16,2019-09-17,OK,0.012715748686104861,1.503985290682297e-07,1.8047823488187565e-09,0.0127157468583734,0.9999999999999999
2019-09-16,2019-09-17,2019-09-18,OK,0.00481081756135338,1.5465565248590218e-07,1.8558678298308262e-09,0.004810815696557391,1.0000000000000002
2019-09-17,2019-09-18,2019-09-19,OK,-0.006007543001806518,1.192186081299361e-06,1.4306232975592331e-08,-0.006007557222094118,1.0
2019-09-18,2019-09-19,2019-09-20,OK,-0.006579053475097468,0.026327647239265263,0.0003159317668711832,-0.006892906709979885,1.0
2019-09-19,2019-09-20,2019-09-23,OK,0.003253935721463243,4.192371526236943e-08,5.030845831484332e-10,0.0032539352167415547,1.0
2019-09-20,2019-09-23,2019-09-24,OK,-0.010281486725980166,0.0010295351650220722,1.2354421980264868e-05,-0.010293714126134779,1.0
2019-09-23,2019-09-24,2019-09-25,OK,0.01002432143561794,4.92280461845962e-08,5.907365542151544e-10,0.010024320838959655,1.0
2019-09-24,2019-09-25,2019-09-26,OK,0.0011974619974222998,0.038682237466726596,0.00046418684960071915,0.0007327193017094835,1.0
2019-09-25,2019-09-26,2019-09-27,OK,-0.01553441109792337,0.019480293783369344,0.00023376352540043215,-0.01576454324462051,1.0
2019-09-26,2019-09-27,2019-09-30,OK,0.009386221489074689,0.11010596654536077,0.0013212715985443293,0.00805254814265921,1.0000000000000002
2019-09-27,2019-09-30,2019-10-01,OK,-0.008303869776410577,0.07356797521425315,0.0008828157025710378,-0.009179354692350872,1.0000000000000002
2019-09-30,2019-10-01,2019-10-02,OK,-0.018772254706091923,0.034481402004460045,0.00041377682405352055,-0.01917826400621281,1.0
2019-10-01,2019-10-02,2019-10-03,OK,0.011118639952689469,0.025162521806459767,0.0003019502616775172,0.010813332414768784,1.0
2019-10-02,2019-10-03,2019-10-04,OK,0.015798928554335977,8.579884494324883e-08,1.0295861393189858e-09,0.01579892750848355,1.0
2019-10-03,2019-10-04,2019-10-07,OK,-0.004040005102578818,0.00837357532311225,0.000100482903877347,-0.004140082055011818,1.0
2019-10-04,2019-10-07,2019-10-08,OK,-0.015343614630791109,1.1844235490001201e-07,1.4213082588001442e-09,-0.01534361603029144,1.0
2019-10-07,2019-10-08,2019-10-09,OK,0.013857646305443663,0.029967362402727113,0.0003596083488327254,0.013493054631304346,0.9999999999999998
2019-10-08,2019-10-09,2019-10-10,OK,0.0029134452764492235,7.966065703368837e-08,9.559278844042604e-10,0.0029134443177363245,1.0
2019-10-09,2019-10-10,2019-10-11,OK,0.008251082477228947,2.5148842841831514e-06,3.017861141019782e-08,0.008251052049611518,1.0
2019-10-10,2019-10-11,2019-10-14,OK,-0.0037140514891694882,5.65561382408387e-08,6.786736588900644e-10,-0.003714052165322501,1.0
2019-10-11,2019-10-14,2019-10-15,OK,0.012816000797624858,4.7736244069897155e-08,5.728349288387659e-10,0.012816000217448442,0.9999999999999999
2019-10-14,2019-10-15,2019-10-16,OK,-0.005410684497894116,7.674869208933385e-08,9.209843050720063e-10,-0.005410685413895333,1.0
2019-10-15,2019-10-16,2019-10-17,OK,0.0022558843220056965,4.438098068168844e-08,5.325717681802614e-10,0.0022558837882324934,1.0
2019-10-16,2019-10-17,2019-10-18,OK,-0.006707988616315865,4.421477652870395e-08,5.305773183444474e-10,-0.006707989143334037,0.9999999999999998
2019-10-17,2019-10-18,2019-10-21,OK,0.010252722690158537,0.09441180042834284,0.0011329416051401142,0.009108165348916675,0.9999999999999999
2019-10-18,2019-10-21,2019-10-22,OK,-0.01201756735168973,0.09593048954102758,0.001151165874492331,-0.013154899012752352,1.0
2019-10-21,2019-10-22,2019-10-23,OK,-0.018101088166024216,0.062310675177898706,0.0007477281021347845,-0.01883528157585801,1.0
2019-10-22,2019-10-23,2019-10-24,OK,0.02085108927656519,0.028616646990615516,0.0003433997638873862,0.020500529253543398,0.9999999999999999
2019-10-23,2019-10-24,2019-10-25,OK,0.009533367932892453,0.08623478394414134,0.0010348174073296962,0.008488685230475301,1.0
2019-10-24,2019-10-25,2019-10-28,OK,0.010272840294133391,0.0066671382427737295,8.000565891328475e-05,0.010192012749863588,1.0
2019-10-25,2019-10-28,2019-10-29,OK,-0.01307129304377207,0.006104055082683359,7.32486609922003e-05,-0.013143584250051465,1.0
2019-10-28,2019-10-29,2019-10-30,OK,0.00919342559775011,0.023242986057388795,0.00027891583268866555,0.008911945573105706,1.0000000000000002
2019-10-29,2019-10-30,2019-10-31,OK,-0.007845004389667731,0.1382575626063191,0.0016590907512758293,-0.009491079566716909,1.0
2019-10-30,2019-10-31,2019-11-01,OK,0.005513643059068658,0.06833326055093444,0.0008199991266112133,0.0046891227499645804,1.0
2019-10-31,2019-11-01,2019-11-04,OK,0.009343964942854128,0.04238964060872687,0.0005086756873047225,0.008830536207760087,1.0
2019-11-01,2019-11-04,2019-11-05,OK,-0.009753787706528082,0.03851689496128282,0.00046220273953539385,-0.010211482218664636,1.0
2019-11-04,2019-11-05,2019-11-06,OK,-0.00029903954084111367,0.018898334244393522,0.00022678001093272228,-0.0005257517355834462,1.0
2019-11-05,2019-11-06,2019-11-07,OK,0.00398683488088917,0.20072366170651662,0.0024086839404781997,0.0015685479152600657,1.0
2019-11-06,2019-11-07,2019-11-08,OK,0.0005144443614560016,0.01567484240216065,0.0001880981088259278,0.00032624948661852393,1.0
2019-11-07,2019-11-08,2019-11-11,OK,0.00014901165588208985,6.647868104874693e-08,7.977441725849632e-10,0.00014901085801888314,1.0
2019-11-08,2019-11-11,2019-11-12,OK,-0.0015920112555288287,0.04673025018314424,0.0005607630021977309,-0.002151881516715415,1.0
2019-11-11,2019-11-12,2019-11-13,OK,-0.000904474451225002,0.00795612896949787,9.547354763397445e-05,-0.000999861645474387,1.0000000000000002
2019-11-12,2019-11-13,2019-11-14,OK,0.0002291543459786927,0.018147475606914563,0.00021776970728297476,1.1334735820822672e-05,1.0
2019-11-13,2019-11-14,2019-11-15,OK,-0.002427576221238664,5.770339167252003e-08,6.924407000702404e-10,-0.0024275769119983526,0.9999999999999999
2019-11-14,2019-11-15,2019-11-18,OK,0.007130286504212504,8.826365569501726e-08,1.0591638683402073e-09,0.0071302854374963864,1.0
2019-11-15,2019-11-18,2019-11-19,OK,-0.010281993625072558,0.058094233071350365,0.0006971307968562044,-0.010971956527519588,1.0
2019-11-18,2019-11-19,2019-11-20,OK,-0.0002167128902656092,0.07904423939168499,0.00094853087270022,-0.001165038204098856,1.0
2019-11-19,2019-11-20,2019-11-21,OK,-0.01148181798775881,0.0891042519560364,0.001069251023472437,-0.012538792065596494,1.0
2019-11-20,2019-11-21,2019-11-22,OK,0.0014339702156189397,0.019030116113837602,0.00022836139336605124,0.001205281358816368,1.0
2019-11-21,2019-11-22,2019-11-25,OK,0.023819699989595648,0.031451576770045994,0.0003774189212405519,0.023433291062880723,1.0000000000000002
2019-11-22,2019-11-25,2019-11-26,OK,-0.0015748496881995652,0.041760220241826664,0.00050112264290192,-0.002075183138263492,1.0
2019-11-25,2019-11-26,2019-11-27,OK,0.001509365250632424,0.006535703495722495,7.842844194866994e-05,0.001430818431518821,1.0000000000000002
2019-11-26,2019-11-27,2019-11-29,OK,-0.008003397453812683,3.7723855451530716e-08,4.526862654183686e-10,-0.008003397902875964,1.0
2019-11-27,2019-11-29,2019-12-02,OK,-0.011164757853641029,0.054687381636102754,0.000656248579633233,-0.011813679576790803,1.0
2019-11-29,2019-12-02,2019-12-03,OK,-0.01584662237338907,0.12186404159852654,0.0014623684991823184,-0.01728581727119416,1.0
2019-12-02,2019-12-03,2019-12-04,OK,0.009464792613851063,0.057692135177939696,0.0006923056221352764,0.008765934462577007,1.0000000000000002
2019-12-03,2019-12-04,2019-12-05,OK,0.0040392441316228584,0.008833466646637572,0.00010600159975965086,0.003932814365523507,1.0
2019-12-04,2019-12-05,2019-12-06,OK,0.013770656235263369,0.00641643198282802,7.699718379393624e-05,0.013692598749720286,1.0
2019-12-05,2019-12-06,2019-12-09,OK,0.0011286047430566983,0.010861137325824126,0.0001303336479098895,0.0009981239999736768,1.0
2019-12-06,2019-12-09,2019-12-10,OK,0.003291791794276005,3.360399885555149e-07,4.032479862666179e-09,0.0032917877485221236,1.0
2019-12-09,2019-12-10,2019-12-11,OK,0.012710637766528067,0.028232846150580866,0.0003387941538069704,0.012367537322954592,0.9999999999999999
2019-12-10,2019-12-11,2019-12-12,OK,0.016527195567634222,0.037564843444946955,0.00045077812133936346,0.016068967348126018,1.0
2019-12-11,2019-12-12,2019-12-13,OK,-0.003676564121752474,0.020685334588885357,0.0002482240150666243,-0.003923875525311149,1.0
2019-12-12,2019-12-13,2019-12-16,OK,0.0008128374171518248,0.0005831036822958117,6.9972441875497405e-06,0.0008058344853425492,1.0
2019-12-13,2019-12-16,2019-12-17,OK,0.013417407710751204,0.004272998900775838,5.1275986809310054e-05,0.013365443733120985,1.0
2019-12-16,2019-12-17,2019-12-18,OK,0.0005488259069686415,3.286467840187337e-08,3.943761408224805e-10,0.0005488255123760055,0.9999999999999999
2019-12-17,2019-12-18,2019-12-19,OK,0.004874042848509241,0.0018572028436969889,2.2286434124363868e-05,0.004851647789349878,1.0
2019-12-18,2019-12-19,2019-12-20,OK,0.005204665512203864,0.00012165377406378138,1.4598452887653766e-06,0.0052031980689086765,1.0
2019-12-19,2019-12-20,2019-12-23,OK,-0.0016608919047019011,0.007730080262527372,9.276096315032847e-05,-0.0017534988019194397,0.9999999999999998
2019-12-20,2019-12-23,2019-12-24,OK,0.0023319042571106527,0.001154178077046146,1.3850136924553751e-05,0.0023180218229927885,0.9999999999999998
2019-12-23,2019-12-24,2019-12-26,OK,0.007770963347707709,0.04474018697710095,0.0005368822437252114,0.007229909011744473,1.0000000000000002
2019-12-24,2019-12-26,2019-12-27,OK,-0.004187817501159479,0.0006626724677506013,7.952069613007215e-06,-0.004195736268956196,1.0
2019-12-26,2019-12-27,2019-12-30,OK,-0.009459171371904454,0.004725228727966586,5.6702744735599036e-05,-0.00951533775566027,1.0000000000000002
2019-12-27,2019-12-30,2019-12-31,OK,0.003290995559017711,1.3149159223073805e-07,1.5778991067688566e-09,0.0032909939759255824,1.0
2019-12-30,2019-12-31,2020-01-02,OK,0.011752873000206837,0.06103874227461021,0.0007324649072953226,0.01101179952587894,1.0
2019-12-31,2020-01-02,2020-01-03,OK,-0.014206554306722387,1.319001277377569e-07,1.5828015328530828e-09,-0.014206555867037785,0.9999999999999999
2020-01-02,2020-01-03,2020-01-06,OK,0.0020530774810225533,0.06696734998058995,0.0008036081997670794,0.0012478194113569874,1.0
2020-01-03,2020-01-06,2020-01-07,OK,0.005436526785253816,0.03200786402164225,0.000384094368259707,0.005050344277673036,1.0
2020-01-06,2020-01-07,2020-01-08,OK,0.00046984029385222447,0.029908231606463637,0.00035889877927756367,0.00011077288946692576,1.0
2020-01-07,2020-01-08,2020-01-09,OK,-0.0009487343791863671,0.018409573472480786,0.00022091488166976943,-0.0011694396713129995,0.9999999999999998
2020-01-08,2020-01-09,2020-01-10,OK,-0.007033122413219319,0.0152848475253709,0.0001834181703044508,-0.007215250581079191,1.0
2020-01-09,2020-01-10,2020-01-13,OK,0.014066292555606548,0.01925724099476378,0.00023108689193716538,0.013831955127841633,0.9999999999999999
2020-01-10,2020-01-13,2020-01-14,OK,-0.005363955635522685,0.0019520691230444035,2.3424829476532844e-05,-0.005387254815253151,1.0
2020-01-13,2020-01-14,2020-01-15,OK,-0.006444704100476114,0.007255678720365142,8.70681446443817e-05,-0.006531211116691749,1.0
2020-01-14,2020-01-15,2020-01-16,OK,0.0071661708052138465,0.09747752364242848,0.0011697302837091418,0.005988058034495536,0.9999999999999999
2020-01-15,2020-01-16,2020-01-17,OK,-0.001264371961095933,0.02530431531049729,0.0003036517837259675,-0.001567639816020594,0.9999999999999998
2020-01-16,2020-01-17,2020-01-21,OK,-0.010373156161108902,6.403861646458477e-08,7.684633975750172e-10,-0.010373156921600901,0.9999999999999999
2020-01-17,2020-01-21,2020-01-22,OK,-0.0016910828223137629,2.042583129644889e-06,2.451099755573867e-08,-0.0016911072918611714,1.0
2020-01-21,2020-01-22,2020-01-23,OK,0.005952675210609538,0.007390979939189137,8.869175927026964e-05,0.005863455498102521,1.0000000000000002
2020-01-22,2020-01-23,2020-01-24,OK,-0.012064046991232168,0.09611359491750701,0.0011533631390100842,-0.013203495903135298,1.0
2020-01-23,2020-01-24,2020-01-27,OK,-0.028331125510599364,0.10277287014138431,0.0012332744416966117,-0.029529459899299226,0.9999999999999999
2020-01-24,2020-01-27,2020-01-28,OK,0.018626282966332654,0.15025973393106332,0.0018031168071727598,0.01678958079528825,1.0
2020-01-27,2020-01-28,2020-01-29,OK,-0.009717373805053194,0.019489844705277933,0.0002338781364633352,-0.009948979260239743,1.0000000000000002
2020-01-28,2020-01-29,2020-01-30,OK,0.0034065490401636576,3.624181433072242e-08,4.3490177196866907e-10,0.0034065486037802017,1.0000000000000002
2020-01-29,2020-01-30,2020-01-31,OK,-0.015575877838368868,0.015199497541162104,0.00018239397049394526,-0.015755430862659958,1.0
2020-01-30,2020-01-31,2020-02-03,OK,0.013409914306352681,0.04070399424113451,0.0004884479308936141,0.012914916330562631,0.9999999999999998
2020-01-31,2020-02-03,2020-02-04,OK,0.026540903987938118,0.01413407427242087,0.00016960889126905044,0.026366793523370458,1.0
2020-02-03,2020-02-04,2020-02-05,OK,0.0029268479734809445,0.03298718028257883,0.000395846163390946,0.002529843228548989,0.9999999999999998
2020-02-04,2020-02-05,2020-02-06,OK,0.003250351894898766,9.211411143728509e-08,1.105369337247421e-09,0.0032503507859364955,1.0
2020-02-05,2020-02-06,2020-02-07,OK,-0.004267825613321561,6.803040816770747e-08,8.163648980124897e-10,-0.00426782642620227,1.0000000000000002
2020-02-06,2020-02-07,2020-02-10,OK,0.02032569050092498,0.0066852940424208425,8.022352850905012e-05,0.02024383637380467,1.0
2020-02-07,2020-02-10,2020-02-11,OK,0.009669459359476223,0.013443469566257226,0.00016132163479508672,0.009506577831689622,1.0
2020-02-10,2020-02-11,2020-02-12,OK,0.01594770734295126,0.03321900628573722,0.00039862807542884665,0.015542722063636827,1.0
2020-02-11,2020-02-12,2020-02-13,OK,0.001851912694848318,0.028823190930042795,0.00034587829116051354,0.0015053938672895395,1.0
2020-02-12,2020-02-13,2020-02-14,OK,0.00918988611321686,0.006499867355268917,7.799840826322701e-05,0.009111170908464583,1.0
2020-02-13,2020-02-14,2020-02-18,OK,0.010244653148704642,6.584723807341987e-08,7.901668568810385e-10,0.010244652350442696,1.0
2020-02-14,2020-02-18,2020-02-19,OK,0.01678087738158169,0.0009235723557107113,1.1082868268528536e-05,0.016769608533059532,1.0
2020-02-18,2020-02-19,2020-02-20,OK,-0.009010332931326668,0.0046127608293521395,5.5353129952225674e-05,-0.009065187311149248,1.0
2020-02-19,2020-02-20,2020-02-21,OK,-0.023585892574608115,0.009803691245633468,0.00011764429494760162,-0.02370076212385308,1.0
2020-02-20,2020-02-21,2020-02-24,OK,-0.04124053316435328,0.133551160475624,0.0016026139257074878,-0.04277705443730795,0.9999999999999998
2020-02-21,2020-02-24,2020-02-25,OK,-0.03801567457711963,0.04132043082883011,0.0004958451699459612,-0.03849266985844424,1.0
2020-02-24,2020-02-25,2020-02-26,OK,0.008489455853983646,0.07028261031674801,0.0008433913238009761,0.007638904596771745,1.0
2020-02-25,2020-02-26,2020-02-27,OK,-0.05267698407821522,0.054456065504626734,0.0006534727860555208,-0.05329603388872417,1.0
2020-02-26,2020-02-27,2020-02-28,OK,0.00333995184504152,0.0037404927728019585,4.48859132736235e-05,0.003294916014978888,1.0
2020-02-27,2020-02-28,2020-03-02,OK,0.03566805933869571,0.024187687524614507,0.0002902522502953741,0.03536745435391375,1.0
2020-02-28,2020-03-02,2020-03-03,OK,-0.023314541161412655,1.2647342133497054e-06,1.5176810560196466e-08,-0.023314555984382812,1.0
2020-03-02,2020-03-03,2020-03-04,OK,0.05041412398210338,0.021310747525696384,0.0002557289703083566,0.05014550265978013,1.0
2020-03-03,2020-03-04,2020-03-05,OK,-0.023346244391644073,0.002317745275286834,2.7812943303442008e-05,-0.02337340800717591,1.0
2020-03-04,2020-03-05,2020-03-06,OK,-0.010222099431964211,0.005384106781334073,6.460928137600887e-05,-0.010286048270841675,1.0000000000000002
2020-03-05,2020-03-06,2020-03-09,OK,-0.06007104090309026,0.0014022461291874077,1.6826953550248894e-05,-0.0600868570440255,1.0
2020-03-06,2020-03-09,2020-03-10,OK,0.04567343467702921,0.005949013758549755,7.138816510259706e-05,0.04559878596923106,1.0000000000000002
2020-03-09,2020-03-10,2020-03-11,OK,-0.044831246179351886,0.014436154640292763,0.00017323385568351315,-0.04499671374540459,1.0000000000000002
2020-03-10,2020-03-11,2020-03-12,OK,-0.08519818988696443,0.009383862770349097,0.00011260635324418916,-0.08530120238274252,1.0
2020-03-11,2020-03-12,2020-03-13,OK,0.056436468918112555,0.0018923151221188826,2.270778146542659e-05,0.05641247958964413,1.0
2020-03-12,2020-03-13,2020-03-16,OK,-0.08668764115920441,0.006180425617751029,7.416510741301236e-05,-0.08675537706839942,0.9999999999999999
2020-03-13,2020-03-16,2020-03-17,OK,0.06596475093166611,8.359834128802524e-08,1.003180095456303e-09,0.06596474986231149,0.9999999999999999
2020-03-16,2020-03-17,2020-03-18,OK,-0.03223063313199107,0.018161439767615556,0.00021793727721138668,-0.032441546152774836,0.9999999999999999
2020-03-17,2020-03-18,2020-03-19,OK,0.037999904502733134,1.8856158158276924e-07,2.262738978993231e-09,0.03799990215401028,1.0
2020-03-18,2020-03-19,2020-03-20,OK,-0.024905797456361192,0.03884638405313481,0.0004661566086376177,-0.025360344062921092,1.0
2020-03-19,2020-03-20,2020-03-23,OK,0.023516540427495177,1.0090591511615696e-05,1.2108709813938837e-07,0.023516416492847414,0.9999999999999999
2020-03-20,2020-03-23,2020-03-24,OK,0.05456516057578686,0.0011565449116259054,1.3878538939510866e-05,0.054550524752141616,1.0
2020-03-23,2020-03-24,2020-03-25,OK,-0.016590401325403483,1.6837471672337993e-06,2.0204966006805592e-08,-0.016590421195160965,1.0
2020-03-24,2020-03-25,2020-03-26,OK,0.046568875974806065,0.01173017989633613,0.00014076215875603358,0.04642155868053699,0.9999999999999999
2020-03-25,2020-03-26,2020-03-27,OK,-0.029031336658655725,3.5174256638474057e-08,4.220910796616887e-10,-0.029031337068492924,1.0000000000000002
2020-03-26,2020-03-27,2020-03-30,OK,0.03205317019883959,4.458707679285935e-08,5.350449215143122e-10,0.03205316964664484,1.0
2020-03-27,2020-03-30,2020-03-31,OK,-0.0002797042023451113,7.824115426381913e-06,9.388938511658295e-08,-0.0002797980654690724,0.9999999999999999
2020-03-30,2020-03-31,2020-04-01,OK,-0.021766907490202898,3.507109354507666e-08,4.208531225409199e-10,-0.021766907901895394,1.0
2020-03-31,2020-04-01,2020-04-02,OK,0.014521804785065595,3.6656450052070416e-08,4.39877400624845e-10,0.014521804338800237,1.0
2020-04-01,2020-04-02,2020-04-03,OK,-0.016147720914848847,9.791182612260012e-05,1.1749419134712013e-06,-0.016148876884128138,1.0
2020-04-02,2020-04-03,2020-04-06,OK,0.06171719872199885,7.110894744087059e-08,8.53307369290447e-10,0.0617171978160278,1.0
2020-04-03,2020-04-06,2020-04-07,OK,-0.004387040737074715,0.005708501213484182,6.850201456181019e-05,-0.004455242230508083,0.9999999999999999
2020-04-06,2020-04-07,2020-04-08,OK,0.017288839535255725,8.096967220243721e-08,9.716360664292466e-10,0.01728883854682106,1.0
2020-04-07,2020-04-08,2020-04-09,OK,0.013511924430658353,4.6086501081624354e-08,5.530380129794923e-10,0.013511923870147546,1.0
2020-04-08,2020-04-09,2020-04-13,OK,0.029141388228189034,5.0155411682699486e-08,6.018649401923938e-10,0.02914138760878493,1.0
2020-04-09,2020-04-13,2020-04-14,OK,0.03857186318470897,3.631858096465917e-06,4.358229715759101e-08,0.03857181792136144,1.0
2020-04-13,2020-04-14,2020-04-15,OK,0.00576718712151664,6.692846317874509e-08,8.031415581449411e-10,0.005767186313743178,1.0000000000000002
2020-04-14,2020-04-15,2020-04-16,OK,0.030766815265124352,2.6177408691360863e-06,3.1412890429633034e-08,0.030766782885759403,0.9999999999999997
2020-04-15,2020-04-16,2020-04-17,OK,-0.006710455508144117,3.099617227843552e-08,3.7195406734122627e-10,-0.006710455877602106,1.0
2020-04-16,2020-04-17,2020-04-20,OK,0.0043709695373546405,4.971705985422726e-08,5.966047182507271e-10,0.00437096893814215,1.0
2020-04-17,2020-04-20,2020-04-21,OK,-0.02320901761626612,1.7426654485101039e-06,2.0911985382121246e-08,-0.02320903804290486,0.9999999999999998
2020-04-20,2020-04-21,2020-04-22,OK,0.022160511846512125,4.9495837175336945e-08,5.939500461040433e-10,0.022160511239399883,1.0
2020-04-21,2020-04-22,2020-04-23,OK,0.006651803700295795,1.1848330366673946e-05,1.4217996440008735e-07,0.006651660574578333,0.9999999999999998
2020-04-22,2020-04-23,2020-04-24,OK,0.009446665106161677,3.907958420843539e-08,4.689550105012247e-10,0.009446664632776658,1.0
2020-04-23,2020-04-24,2020-04-27,OK,-0.004452182988234074,5.2166139260957074e-08,6.259936711314849e-10,-0.00445218361144073,1.0
2020-04-24,2020-04-27,2020-04-28,OK,-0.02247491539261113,4.880341964828138e-08,5.856410357793765e-10,-0.022474915965089992,1.0
2020-04-27,2020-04-28,2020-04-29,OK,0.011900273391988929,3.733237796681619e-07,4.4798853560179425e-09,0.011900268858791696,0.9999999999999999
2020-04-28,2020-04-29,2020-04-30,OK,0.011600659464319459,5.905415966424704e-08,7.086499159709644e-10,0.011600658747448644,1.0
2020-04-29,2020-04-30,2020-05-01,OK,-0.023815986213977243,3.3965028571654623e-07,4.075803428598555e-09,-0.023815990192711523,1.0
2020-04-30,2020-05-01,2020-05-04,OK,0.01813997480593812,7.295639282574513e-07,8.754767139089416e-09,0.018139965892359777,1.0000000000000002
2020-05-01,2020-05-04,2020-05-05,OK,0.010497793109614115,8.320466647127642e-08,9.984559976553171e-10,0.010497792100676584,1.0
2020-05-04,2020-05-05,2020-05-06,OK,-0.0017116794731196192,0.001385073479238702,1.6620881750864425e-05,-0.0017282719052483797,1.0
2020-05-05,2020-05-06,2020-05-07,OK,0.013527274453559005,7.782818899125213e-08,9.339382678950257e-10,0.013527273506987125,1.0
2020-05-06,2020-05-07,2020-05-08,OK,0.008327912413353329,8.154280196408247e-08,9.785136235689896e-10,0.00832791142669076,1.0
2020-05-07,2020-05-08,2020-05-11,OK,0.009362146712582023,0.000440339226248001,5.2840707149760126e-06,0.009356813171621736,1.0
2020-05-08,2020-05-11,2020-05-12,OK,-0.015173300700697332,0.03122756475170023,0.00037473077702040276,-0.015542345574956262,0.9999999999999998
2020-05-11,2020-05-12,2020-05-13,OK,-0.0018354956137385603,5.8332724511678775e-08,6.999926941401453e-10,-0.001835496312446394,1.0000000000000002
2020-05-12,2020-05-13,2020-05-14,OK,0.011718854120621784,4.390982703949445e-08,5.269179244739334e-10,0.011718853587528777,0.9999999999999998
2020-05-13,2020-05-14,2020-05-15,OK,0.01741434761665423,9.730521887703076e-08,1.167662626524369e-09,0.017414346428657357,1.0
2020-05-14,2020-05-15,2020-05-18,OK,0.004326469812161778,8.077253372285148e-08,9.692704046742178e-10,0.004326468838697695,1.0
2020-05-15,2020-05-18,2020-05-19,OK,0.003938925786420018,9.495142740197624e-08,1.1394171288237149e-09,0.003938924642514774,0.9999999999999998
2020-05-18,2020-05-19,2020-05-20,OK,0.006966203972890115,7.896283065797262e-08,9.475539678956716e-10,0.006966203018735406,1.0
2020-05-19,2020-05-20,2020-05-21,OK,-0.016674534075381643,5.785580372610532e-08,6.942696447132638e-10,-0.016674534758074677,0.9999999999999999
2020-05-20,2020-05-21,2020-05-22,OK,0.0002979626497706068,1.1182477171800586e-07,1.3418972606160704e-09,0.00029796130747339333,1.0000000000000002
2020-05-21,2020-05-22,2020-05-26,OK,-0.020572224816490126,4.580047487449841e-08,5.49605698493981e-10,-0.020572225354789198,0.9999999999999999
2020-05-22,2020-05-26,2020-05-27,OK,0.0034481103828725894,8.543858344797332e-08,1.02526300137568e-09,0.003448109354074358,1.0
2020-05-26,2020-05-27,2020-05-28,OK,-0.002974964934116959,3.949177221261048e-06,4.7390126655132574e-08,-0.0029750121832595733,0.9999999999999999
2020-05-27,2020-05-28,2020-05-29,OK,0.014895082391914977,6.143419637572671e-06,7.372103565087205e-08,0.014895007572798491,1.0
2020-05-28,2020-05-29,2020-06-01,OK,0.015065784965803923,0.005872373696993495,7.046848436392194e-05,0.014994254818407882,0.9999999999999999
2020-05-29,2020-06-01,2020-06-02,OK,0.00042626301683616763,7.881954597437091e-08,9.458345516924509e-10,0.00042626207059837107,1.0
2020-06-01,2020-06-02,2020-06-03,OK,-0.00887899237604455,1.3522787445829013e-07,1.6227344934994817e-09,-0.008878993984370753,1.0000000000000002
2020-06-02,2020-06-03,2020-06-04,OK,-0.009584768805161077,9.093077635500183e-08,1.0911693162600221e-09,-0.009584769885871758,1.0
2020-06-03,2020-06-04,2020-06-05,OK,0.010629062611925182,7.404743464871143e-07,8.885692157845373e-09,0.010629053631786345,1.0
2020-06-04,2020-06-05,2020-06-08,OK,0.002728593658461968,0.09031602387183263,0.0010837922864619916,0.001641844143240201,1.0000000000000002
2020-06-05,2020-06-08,2020-06-09,OK,0.01040066417942883,0.055439403910695385,0.0006652728469283447,0.009728472053031956,0.9999999999999999
2020-06-08,2020-06-09,2020-06-10,OK,0.002029569565888196,4.455729193920431e-08,5.346875032704518e-10,0.00202956903011553,1.0
2020-06-09,2020-06-10,2020-06-11,OK,-0.03539112453686905,2.455131761565374e-06,2.946158113878449e-08,-0.035391152955771776,1.0
2020-06-10,2020-06-11,2020-06-12,OK,-0.004885405613591271,8.580323140183835e-08,1.0296387768220603e-09,-0.004885406638199918,1.0
2020-06-11,2020-06-12,2020-06-15,OK,0.016781922174171387,0.09545172400521967,0.001145420688062636,0.015617279125264893,1.0
2020-06-12,2020-06-15,2020-06-16,OK,0.014292070537942349,0.01527733655983471,0.00018332803871801652,0.014106122361963402,1.0
2020-06-15,2020-06-16,2020-06-17,OK,0.005431487936775301,0.0763153902285382,0.0009157846827424584,0.004510729180575934,1.0000000000000002
2020-06-16,2020-06-17,2020-06-18,OK,0.0010671285720907375,0.043782745949987635,0.0005253929513998517,0.0005411749588608572,0.9999999999999999
2020-06-17,2020-06-18,2020-06-19,OK,0.0031689670061935534,1.177029595579428e-07,1.4124355146953137e-09,0.0031689655892821467,1.0
2020-06-18,2020-06-19,2020-06-22,OK,0.023179976201203448,5.4819680776627676e-08,6.578361693195321e-10,0.02317997552811879,1.0
2020-06-19,2020-06-22,2020-06-23,OK,-0.005009202909096568,0.0037740648109630473,4.528877773155657e-05,-0.0050542648261510115,1.0
2020-06-22,2020-06-23,2020-06-24,OK,-0.014040744685913653,8.241330885298755e-08,9.889597062358507e-10,-0.014040745660987564,1.0000000000000002
2020-06-23,2020-06-24,2020-06-25,OK,0.010567487055238729,0.00377285203398294,4.527422440779528e-05,0.010521734396050642,1.0
2020-06-24,2020-06-25,2020-06-26,OK,-0.01998247186168153,0.016346679781001044,0.00019616015737201255,-0.02017471225422851,1.0
2020-06-25,2020-06-26,2020-06-29,OK,0.002868982032776103,4.134373698894757e-08,4.961248438673709e-10,0.0028689815352278547,1.0
2020-06-26,2020-06-29,2020-06-30,OK,0.01784917028463545,1.3484544853431666e-06,1.6181453824118e-08,0.017849153814356145,1.0
2020-06-29,2020-06-30,2020-07-01,OK,0.02590210834358125,0.01566405992485076,0.00018796871909820912,0.025709270838355724,1.0
2020-06-30,2020-07-01,2020-07-02,OK,-0.0036091324063423314,3.931760873499369e-08,4.718113048199243e-10,-0.0036091328764507047,1.0000000000000002
2020-07-01,2020-07-02,2020-07-06,OK,0.038225222450480295,1.866925288052365e-07,2.240310345662838e-09,0.03822522012453344,1.0
2020-07-02,2020-07-06,2020-07-07,OK,-0.008957429715560052,5.2365220031964e-08,6.28382640383568e-10,-0.008957430338313976,1.0
2020-07-06,2020-07-07,2020-07-08,OK,0.019696594876486177,0.03201122836846243,0.00038413474042154916,0.019304893989704697,1.0
2020-07-07,2020-07-08,2020-07-09,OK,0.01385815982195992,0.02322493571890575,0.000278699228626869,0.013575598334880423,1.0
2020-07-08,2020-07-09,2020-07-10,OK,0.014509950079612834,0.023223949272183415,0.000278687391266201,0.01422721894821155,1.0
2020-07-09,2020-07-10,2020-07-13,OK,-0.03254166364913426,0.0029437823928975797,3.532538871477096e-05,-0.032575839490931124,1.0
2020-07-10,2020-07-13,2020-07-14,OK,0.009135624615964986,0.035665833413701394,0.00042799000096441675,0.00870372465901248,1.0
2020-07-13,2020-07-14,2020-07-15,OK,-0.003963976314493137,1.244357037844116e-06,1.493228445412939e-08,-0.003963991187586391,1.0
2020-07-14,2020-07-15,2020-07-16,OK,-0.002578876179157083,1.0170417169754576e-06,1.2204500603705492e-08,-0.0025788883521837835,1.0
2020-07-15,2020-07-16,2020-07-17,OK,-0.010034004058961798,0.011113829542722834,0.00013336595451267401,-0.010166031818945598,1.0
2020-07-16,2020-07-17,2020-07-20,OK,0.038771365702108075,4.709474708042879e-08,5.651369649651455e-10,0.038771365115060075,1.0
2020-07-17,2020-07-20,2020-07-21,OK,-0.008720855704470018,4.714767229163945e-08,5.657720674996733e-10,-0.008720856265308052,1.0
2020-07-20,2020-07-21,2020-07-22,OK,0.005471763123526667,4.7123922191249135e-08,5.654870662949896e-10,0.005471762554945192,1.0000000000000002
2020-07-21,2020-07-22,2020-07-23,OK,-0.02368822569451168,1.4374644972512567e-07,1.7249573967015081e-09,-0.023688227378607873,1.0
2020-07-22,2020-07-23,2020-07-24,OK,-0.0018763888521411125,4.1665130639227275e-08,4.999815676707274e-10,-0.0018763893511846153,1.0
2020-07-23,2020-07-24,2020-07-27,OK,0.022002129810651996,4.903480237250361e-08,5.884176284700433e-10,0.022002129209288013,1.0
2020-07-24,2020-07-27,2020-07-28,OK,-0.01648581533780485,0.0019559444022793316,2.347133282735198e-05,-0.016508899726573434,1.0
2020-07-27,2020-07-28,2020-07-29,OK,0.013245246664990868,7.5779906031712e-08,9.09358872380544e-10,0.013245245743587208,0.9999999999999999
2020-07-28,2020-07-29,2020-07-30,OK,0.0010891411697903522,6.774714242419475e-08,8.12965709090337e-10,0.001089140355939211,0.9999999999999999
2020-07-29,2020-07-30,2020-07-31,OK,0.019634448986037032,6.609166392578526e-08,7.930999671094231e-10,0.019634448177364927,1.0
2020-07-30,2020-07-31,2020-08-03,OK,-0.00022690509753875042,0.0008810988602913953,1.0573186323496744e-05,-0.00023747588475231396,1.0
2020-07-31,2020-08-03,2020-08-04,OK,0.01212275053086075,2.9291042712653424e-07,3.5149251255184107e-09,0.01212274697332516,1.0
2020-08-03,2020-08-04,2020-08-05,OK,-0.0035320700541716793,1.2261904701856118e-06,1.4714285642227342e-08,-0.003532084716485473,1.0
2020-08-04,2020-08-05,2020-08-06,OK,0.007252797265493069,4.5511540889819467e-07,5.461384906778336e-09,0.007252791764497779,1.0000000000000002
2020-08-05,2020-08-06,2020-08-07,OK,-0.01693397614706274,4.0499215778453395e-07,4.859905893414407e-09,-0.016933980924671133,1.0
2020-08-06,2020-08-07,2020-08-10,OK,-0.0149558468645558,9.67279187191239e-07,1.1607350246294867e-08,-0.014955858298308145,1.0
2020-08-07,2020-08-10,2020-08-11,OK,-0.02287717400492268,0.03298223385627823,0.0003957868062753387,-0.023263906327562145,1.0
2020-08-10,2020-08-11,2020-08-12,OK,0.01529188181227769,2.454873929277829e-06,2.9458487151333948e-08,0.015291851903314724,0.9999999999999998
2020-08-11,2020-08-12,2020-08-13,OK,0.011262149399162223,0.1375638824612304,0.001650766589534765,0.00959279162967297,1.0
2020-08-12,2020-08-13,2020-08-14,OK,-0.0016379012615245275,3.2888051499711086e-07,3.94656617996533e-09,-0.0016379052016266549,1.0000000000000002
2020-08-13,2020-08-14,2020-08-17,OK,0.014988042785860542,5.234477607278187e-07,6.281373128733825e-09,0.014988036410342076,1.0
2020-08-14,2020-08-17,2020-08-18,OK,0.01562483375029492,0.047468670260433596,0.0005696240431252032,0.01504630942619567,1.0
2020-08-17,2020-08-18,2020-08-19,OK,-0.00941002292462801,9.152415682926945e-08,1.0982898819512335e-09,-0.009410024012582952,1.0000000000000002
2020-08-18,2020-08-19,2020-08-20,OK,0.010846375869982142,4.817755190511231e-08,5.781306228613477e-10,0.010846375285580967,0.9999999999999999
2020-08-19,2020-08-20,2020-08-21,OK,-0.0035533159216240623,0.01607507979302773,0.00019290095751633277,-0.0037455314410967944,1.0
2020-08-20,2020-08-21,2020-08-24,OK,-7.129353445574214e-05,9.913715085858215e-08,1.1896458103029858e-09,-7.129472401679049e-05,0.9999999999999998
2020-08-21,2020-08-24,2020-08-25,OK,0.007301249644430528,0.009863903695538676,0.00011836684434646411,0.007182018574203752,1.0000000000000002
2020-08-24,2020-08-25,2020-08-26,OK,0.03478981570692778,0.007255089717902952,8.706107661483542e-05,0.03469972579150227,1.0000000000000002
2020-08-25,2020-08-26,2020-08-27,OK,-0.016348091761717226,1.3051336347595278e-07,1.5661603617114334e-09,-0.016348093302273825,1.0
2020-08-26,2020-08-27,2020-08-28,OK,0.004461185737722146,4.450679586017587e-08,5.340815503221104e-10,0.004461185201257933,1.0
2020-08-27,2020-08-28,2020-08-31,OK,0.006438542886449948,9.891393627745894e-08,1.1869672353295073e-09,0.006438541691840438,1.0
2020-08-28,2020-08-31,2020-09-01,OK,0.02705101737561565,6.093574300572793e-08,7.312289160687352e-10,0.027051016624606072,1.0
2020-08-31,2020-09-01,2020-09-02,OK,0.007943057891418559,0.08359612992501708,0.001003153559100205,0.00693193622552446,1.0000000000000002
2020-09-01,2020-09-02,2020-09-03,OK,-0.047024553255746705,5.616951238544109e-07,6.740341486252931e-09,-0.047024559679126665,1.0
2020-09-02,2020-09-03,2020-09-04,OK,-0.02038540882973121,6.3236280019261e-07,7.58835360231132e-09,-0.020385416263393075,1.0
2020-09-03,2020-09-04,2020-09-08,OK,-0.029170109017102874,0.046808826086957286,0.0005617059130434874,-0.02971542990742726,1.0
2020-09-04,2020-09-08,2020-09-09,OK,0.01497896405403338,0.06577747825622744,0.0007893297390747293,0.01417781097317028,0.9999999999999999
2020-09-08,2020-09-09,2020-09-10,OK,-0.02085490636849519,0.004535425871003057,5.4425110452036685e-05,-0.020908196448364724,1.0
2020-09-09,2020-09-10,2020-09-11,OK,-0.003358516303333044,3.966227701761501e-08,4.759473242113801e-10,-0.0033585167776818414,1.0000000000000002
2020-09-10,2020-09-11,2020-09-14,OK,-0.002454083887334947,0.08927849887746782,0.0010713419865296138,-0.003522796710757503,1.0
2020-09-11,2020-09-14,2020-09-15,OK,0.016580584190555393,0.009301871515070578,0.00011162245818084694,0.016467110966809084,1.0
2020-09-14,2020-09-15,2020-09-16,OK,-0.014937930408413383,0.0071401820435597705,8.568218452271725e-05,-0.015022332678426564,1.0
2020-09-15,2020-09-16,2020-09-17,OK,-0.0192472258243984,5.0537784987400434e-05,6.064534198488052e-07,-0.019247820605272303,1.0
2020-09-16,2020-09-17,2020-09-18,OK,-0.00974198891094839,0.041416793999359415,0.000497001527992313,-0.010234148655566155,1.0
2020-09-17,2020-09-18,2020-09-21,OK,-0.00011431671299091321,0.053326822363952586,0.000639921868367431,-0.000754165427593767,1.0
2020-09-18,2020-09-21,2020-09-22,OK,0.02386630200935195,0.1405391630170109,0.0016864699562041308,0.022139582251843315,1.0000000000000002
2020-09-21,2020-09-22,2020-09-23,OK,-0.021987902299465487,0.014612050867461443,0.0001753446104095373,-0.022159391449712573,1.0
2020-09-22,2020-09-23,2020-09-24,OK,0.0008079994615606903,0.035883035486315926,0.0004305964258357911,0.00037705511404473313,1.0000000000000002
2020-09-23,2020-09-24,2020-09-25,OK,0.013619703727915846,0.0027763295359638732,3.3315954431566477e-05,0.013585934020055479,1.0
2020-09-24,2020-09-25,2020-09-28,OK,0.018733984779255176,2.861580398576778e-07,3.4338964782921338e-09,0.0187339812810281,1.0
2020-09-25,2020-09-28,2020-09-29,OK,-0.0050717595783290005,0.010433650362386387,0.00012520380434863666,-0.005196328379083681,1.0
2020-09-28,2020-09-29,2020-09-30,OK,0.0014452775148536834,0.009897349642526962,0.00011876819571032354,0.0013263376661405424,1.0
2020-09-29,2020-09-30,2020-10-01,OK,0.014865989978854917,9.942459302333585e-08,1.1930951162800302e-09,0.014865988768023364,1.0
2020-09-30,2020-10-01,2020-10-02,OK,-0.019417139420009225,5.961313202390242e-08,7.153575842868291e-10,-0.01941714012147655,1.0
2020-10-01,2020-10-02,2020-10-05,OK,0.01988197125271074,8.329171556308647e-08,9.995005867570376e-10,0.019881970233338153,1.0
2020-10-02,2020-10-05,2020-10-06,OK,-0.01393759429977667,4.1218824812984474e-07,4.946258977558137e-09,-0.013937599177096693,1.0
2020-10-05,2020-10-06,2020-10-07,OK,0.020991785894748535,5.366364031676143e-08,6.439636838011371e-10,0.02099178523726697,0.9999999999999999
2020-10-06,2020-10-07,2020-10-08,OK,0.0074041116905938665,5.2762729747382456e-08,6.331527569685895e-10,0.007404111052753182,1.0
2020-10-07,2020-10-08,2020-10-09,OK,0.010063229565815788,6.735059499307215e-08,8.082071399168658e-10,0.010063228749475517,0.9999999999999999
2020-10-08,2020-10-09,2020-10-12,OK,0.014035209254276117,0.02969563712490808,0.000356347645498897,0.013673860195005494,1.0
2020-10-09,2020-10-12,2020-10-13,OK,0.006845013291972345,9.136691405825705e-08,1.0964029686990846e-09,0.006845012188064548,0.9999999999999999
2020-10-12,2020-10-13,2020-10-14,OK,-0.01152549906738891,6.950860098247689e-08,8.341032117897227e-10,-0.011525499891878677,1.0
2020-10-13,2020-10-14,2020-10-15,OK,0.0010687013174079608,8.763114300168204e-08,1.0515737160201844e-09,0.0010687002647105093,1.0
2020-10-14,2020-10-15,2020-10-16,OK,-0.010643090525869734,8.35362325764227e-08,1.0024347909170725e-09,-0.010643091517635539,1.0
2020-10-15,2020-10-16,2020-10-19,OK,-0.006121299400175385,7.38860059564346e-08,8.866320714772151e-10,-0.006121300281380138,1.0
2020-10-16,2020-10-19,2020-10-20,OK,0.006635684017450851,2.575107630840415e-07,3.090129157008498e-09,0.0066356809068166545,1.0000000000000002
2020-10-19,2020-10-20,2020-10-21,OK,-0.013377325919771331,3.5014703723171343e-07,4.201764446780561e-09,-0.013377330065327486,1.0000000000000002
2020-10-20,2020-10-21,2020-10-22,OK,-0.009515941958362108,1.0784070760970751e-07,1.2940884913164901e-09,-0.00951594324013616,1.0
2020-10-21,2020-10-22,2020-10-23,OK,0.009190066515336708,0.041325357528583656,0.0004959042903430039,0.0086896048315801,1.0
2020-10-22,2020-10-23,2020-10-26,OK,-0.017860539881424633,0.0008986967778697777,1.0784361334437333e-05,-0.017871131628243386,1.0
2020-10-23,2020-10-26,2020-10-27,OK,-0.00020284167173802343,5.883628187867755e-08,7.060353825441306e-10,-0.00020284237763013024,1.0
2020-10-26,2020-10-27,2020-10-28,OK,-0.0358050546838275,0.03829853241546158,0.0004595823889855389,-0.0362481817002438,1.0
2020-10-27,2020-10-28,2020-10-29,OK,0.013256445413536716,0.03783448258157139,0.0004540137909788567,0.012796413013520747,1.0
2020-10-28,2020-10-29,2020-10-30,OK,-0.028880591492570495,0.036787672259040165,0.00044145206710848197,-0.029309294162865207,1.0
2020-10-29,2020-10-30,2020-11-02,OK,0.0038402833395521866,8.995371308342015e-08,1.0794445570010418e-09,0.003840282255962224,1.0
2020-10-30,2020-11-02,2020-11-03,OK,0.01666096206543435,0.0040948834227086915,4.91386010725043e-05,0.016611004767993487,0.9999999999999999
2020-11-02,2020-11-03,2020-11-04,OK,0.032200696585002006,0.05199290589810994,0.0006239148707773193,0.03155669122077587,1.0
2020-11-03,2020-11-04,2020-11-05,OK,0.025677235724224555,0.08317577419396023,0.0009981092903275227,0.024653497746370823,1.0
2020-11-04,2020-11-05,2020-11-06,OK,0.007835383649162636,0.02498540136914138,0.0002998248164296966,0.007533209590268708,1.0000000000000002
2020-11-05,2020-11-06,2020-11-09,OK,-0.012342242032298074,0.017883472226681962,0.00021460166672018357,-0.012554195033307014,1.0
2020-11-06,2020-11-09,2020-11-10,OK,-0.01191518221818243,3.568609647735971e-08,4.282331577283165e-10,-0.011915182641313082,0.9999999999999997
2020-11-09,2020-11-10,2020-11-11,OK,0.026462956076451265,0.05498366052376699,0.000659803926285204,0.025785691787845844,0.9999999999999999
2020-11-10,2020-11-11,2020-11-12,OK,-0.01690067346595529,0.025970714355110287,0.00031164857226132343,-0.017207054967460667,1.0
2020-11-11,2020-11-12,2020-11-13,OK,0.011279147615501387,4.049639033963957e-08,4.859566840756748e-10,0.011279147124063416,1.0
2020-11-12,2020-11-13,2020-11-16,OK,0.01767168444126724,0.06078456301839311,0.0007294147562207174,0.01692937969764774,1.0
2020-11-13,2020-11-16,2020-11-17,OK,0.0038408318517311633,7.858343768723627e-08,9.430012522468353e-10,0.003840830905107895,1.0000000000000002
2020-11-16,2020-11-17,2020-11-18,OK,-0.0025543558465481414,1.6940729554675125e-06,2.032887546561015e-08,-0.0025543761234965157,1.0
2020-11-17,2020-11-18,2020-11-19,OK,0.008873730244119625,6.997393199110015e-08,8.396871838932018e-10,0.008873729396981167,1.0000000000000002
2020-11-18,2020-11-19,2020-11-20,OK,-0.008869715919166582,1.0003081783123695e-07,1.2003698139748434e-09,-0.008869717108889508,1.0
2020-11-19,2020-11-20,2020-11-23,OK,0.011249374003495355,3.70180503562091e-08,4.442166042745092e-10,0.011249373554281572,1.0
2020-11-20,2020-11-23,2020-11-24,OK,0.01244223427441964,2.5556327807949863e-08,3.0667593369539835e-10,0.012442233963928073,1.0
2020-11-23,2020-11-24,2020-11-25,OK,0.0019234812884269545,2.948763925071698e-07,3.538516710086038e-09,0.001923477743104085,0.9999999999999999
2020-11-24,2020-11-25,2020-11-27,OK,0.010722267269235327,0.03271478687151878,0.0003925774424582254,0.010325480506515161,1.0
2020-11-25,2020-11-27,2020-11-30,OK,-0.010025226477282876,0.003226535568204605,3.871842681845526e-05,-0.010063556743103663,1.0
2020-11-27,2020-11-30,2020-12-01,OK,0.014459681127909864,7.221280470005552e-08,8.665536564006662e-10,0.014459680248826157,1.0
2020-11-30,2020-12-01,2020-12-02,OK,0.0016539160265395703,0.10599966223187492,0.0012719959467824991,0.0003798163052750603,1.0000000000000002
2020-12-01,2020-12-02,2020-12-03,OK,0.0071287597106673975,7.928689569388497e-08,9.514427483266196e-10,0.00712875875244201,1.0000000000000002
2020-12-02,2020-12-03,2020-12-04,OK,0.01581518130752895,0.0032315592573467096,3.8778711088160516e-05,0.015775789304093957,1.0
2020-12-03,2020-12-04,2020-12-07,OK,0.0073042321427406395,0.016234293887971055,0.00019481152665565266,0.007107997667470167,0.9999999999999998
2020-12-04,2020-12-07,2020-12-08,OK,0.004234119164569645,0.0642921081649341,0.0007715052979792091,0.003459347221222764,1.0
2020-12-07,2020-12-08,2020-12-09,OK,-0.020893666714739852,1.92430784345128e-07,2.309169412141536e-09,-0.02089366897566225,1.0
2020-12-08,2020-12-09,2020-12-10,OK,0.0077039399646855284,1.0184584739329405e-07,1.2221501687195286e-09,0.007703938733119919,1.0
2020-12-09,2020-12-10,2020-12-11,OK,-0.005546190641025707,6.104785677092333e-08,7.3257428125108e-10,-0.005546191369537046,1.0000000000000002
2020-12-10,2020-12-11,2020-12-14,OK,-0.002640916032904454,9.240558459923754e-08,1.1088670151908504e-09,-0.0026409171388430686,1.0
2020-12-11,2020-12-14,2020-12-15,OK,0.014825149340970413,7.399484072920514e-08,8.879380887504617e-10,0.014825148439868485,0.9999999999999998
2020-12-14,2020-12-15,2020-12-16,OK,0.010743302373553129,0.003628557489022217,4.35426898682666e-05,0.010699291891401286,1.0
2020-12-15,2020-12-16,2020-12-17,OK,-0.001876659840220972,1.9561437566586682e-07,2.347372507990402e-09,-0.0018766621831882713,1.0
2020-12-16,2020-12-17,2020-12-18,OK,0.0018377103126088479,1.6536892123178192e-07,1.984427054781383e-09,0.0018377083245348924,1.0
2020-12-17,2020-12-18,2020-12-21,OK,-0.009750064313264572,0.010724408097184796,0.00012869289716621756,-0.009877502446406727,1.0000000000000002
2020-12-18,2020-12-21,2020-12-22,OK,-0.0008734502430188682,8.030473386563733e-08,9.636568063876479e-10,-0.0008734512058340416,1.0
2020-12-21,2020-12-22,2020-12-23,OK,-0.003514091793227761,5.284073505945248e-07,6.340888207134297e-09,-0.0035140981118335635,1.0
2020-12-22,2020-12-23,2020-12-24,OK,0.00688664260648233,0.009154032950565069,0.00010984839540678083,0.006776037724435691,0.9999999999999998
2020-12-23,2020-12-24,2020-12-28,OK,0.0022502861047920255,0.049085616753384714,0.0005890274010406166,0.0016599332235753828,1.0
2020-12-24,2020-12-28,2020-12-29,OK,-0.0014738245054247796,0.033626816348723755,0.0004035217961846851,-0.001876751581297742,1.0
2020-12-28,2020-12-29,2020-12-30,OK,0.008434470628941933,8.064262960804588e-08,9.677115552965506e-10,0.008434469653068266,1.0
2020-12-29,2020-12-30,2020-12-31,OK,0.0017311087396473914,4.107388006086352e-05,4.928865607303622e-07,0.0017306149998466136,1.0000000000000002
2020-12-30,2020-12-31,2021-01-04,OK,-0.016714823640082123,1.2815651528909167e-07,1.5378781834691002e-09,-0.016714825152254975,1.0
2020-12-31,2021-01-04,2021-01-05,OK,0.020469720962942414,3.0592559523095544e-07,3.671107142771465e-09,0.020469717216688554,1.0
2021-01-04,2021-01-05,2021-01-06,OK,-0.0023914635371940947,1.1302396505723743e-07,1.3562875806868493e-09,-0.0023914648902381153,1.0
2021-01-05,2021-01-06,2021-01-07,OK,0.025805134979191045,1.636692779692818e-07,1.9640313356313817e-09,0.025805132964477506,1.0
2021-01-06,2021-01-07,2021-01-08,OK,0.007283006967790623,0.06968263012711803,0.0008361915615254165,0.006440725417296456,1.0
2021-01-07,2021-01-08,2021-01-11,OK,-0.0019647225624116016,0.013051909137687742,0.00015662290965225292,-0.0021210377514995216,1.0
2021-01-08,2021-01-11,2021-01-12,OK,0.020387894375324067,0.003962768583589359,4.755322300307231e-05,0.020339371642233095,1.0
2021-01-11,2021-01-12,2021-01-13,OK,-0.015403734362803165,0.006390132818788042,7.66815938254565e-05,-0.015479234773726813,1.0
2021-01-12,2021-01-13,2021-01-14,OK,0.02094600331905739,2.2016806222425743e-07,2.642016746691089e-09,0.020946000621701044,1.0
2021-01-13,2021-01-14,2021-01-15,OK,-0.016823735097370635,3.756759063035242e-08,4.508110875642291e-10,-0.01682373554059735,1.0
2021-01-14,2021-01-15,2021-01-19,OK,0.019416478010250367,1.5658744649130232e-07,1.8790493578956278e-09,0.019416476094716417,1.0
2021-01-15,2021-01-19,2021-01-20,OK,0.0018744797828785767,9.986304525104246e-08,1.1983565430125096e-09,0.0018744785822757404,1.0
2021-01-19,2021-01-20,2021-01-21,OK,-0.004831228213453216,6.7405348101915564e-06,8.088641772229868e-08,-0.004831308709090099,1.0
2021-01-20,2021-01-21,2021-01-22,OK,-0.007146608777957032,3.0716848582362604e-05,3.6860218298835127e-07,-0.007146974745884438,1.0000000000000002
2021-01-21,2021-01-22,2021-01-25,OK,-0.0004850201847438916,0.021101952712217764,0.0002532234325466132,-0.0007381207988145233,1.0
2021-01-22,2021-01-25,2021-01-26,OK,-0.0037567834609909877,0.014836924299009274,0.0001780430915881113,-0.003934157683237238,1.0
2021-01-25,2021-01-26,2021-01-27,OK,-0.03137927834180666,0.0210378562529399,0.0002524542750352788,-0.03162381078387699,1.0
2021-01-26,2021-01-27,2021-01-28,OK,0.01858892294999045,1.4676305351282989e-07,1.7611566421539587e-09,0.018588921156095894,1.0000000000000002
2021-01-27,2021-01-28,2021-01-29,OK,-0.022297868596419298,4.6815757197359027e-08,5.617890863683084e-10,-0.02229786914568166,1.0
2021-01-28,2021-01-29,2021-02-01,OK,0.02838290423213846,4.521953489047574e-08,5.426344186857089e-10,0.028382903674102566,0.9999999999999999
2021-01-29,2021-02-01,2021-02-02,OK,0.028863392141479077,0.006876890518635824,8.252268622362989e-05,0.02877848757060253,1.0
2021-02-01,2021-02-02,2021-02-03,OK,-0.007634045552520786,8.858238608390266e-07,1.062988633006832e-08,-0.007634056101258002,1.0
2021-02-02,2021-02-03,2021-02-04,OK,0.007057880992461014,0.005412059903400299,6.49447188408036e-05,0.006992477901523575,1.0
2021-02-03,2021-02-04,2021-02-05,OK,0.001387461437734793,3.5631112864306926e-08,4.2757335437168313e-10,0.0013874610095681028,1.0
2021-02-04,2021-02-05,2021-02-08,OK,0.010911461944472123,6.177841898052769e-08,7.413410277663323e-10,0.01091146119504205,1.0
2021-02-05,2021-02-08,2021-02-09,OK,-0.0031218725941535618,2.998019473604794e-08,3.5976233683257524e-10,-0.003121872952792759,0.9999999999999999
2021-02-08,2021-02-09,2021-02-10,OK,0.0026713759010439085,6.6443148323329e-08,7.97317779879948e-10,0.0026713751015963183,1.0
2021-02-09,2021-02-10,2021-02-11,OK,0.019436397977588962,0.0008833623982342866,1.060034877881144e-05,0.019425591596212488,1.0
2021-02-10,2021-02-11,2021-02-12,OK,0.010243326561794079,0.003239139102447149,3.886966922936579e-05,0.010204058737849353,1.0
2021-02-11,2021-02-12,2021-02-16,OK,0.002544899115550693,6.98029007408294e-08,8.376348088899528e-10,0.002544898275784302,1.0
2021-02-12,2021-02-16,2021-02-17,OK,-0.003542571773511171,5.6546469198295094e-08,6.785576303795411e-10,-0.003542572449664938,1.0
2021-02-16,2021-02-17,2021-02-18,OK,-0.00834209924047924,4.448945014769524e-08,5.338734017723429e-10,-0.00834209976989897,1.0000000000000002
2021-02-17,2021-02-18,2021-02-19,OK,0.0021382885512154074,3.904611973170017e-08,4.68553436780402e-10,0.002138288081660056,0.9999999999999999
2021-02-18,2021-02-19,2021-02-22,OK,-0.050300677331496256,3.7242590653391005e-08,4.4691108784069206e-10,-0.05030067775592739,1.0
2021-02-19,2021-02-22,2021-02-23,OK,0.0076664009935985405,5.825101608944172e-08,6.990121930733006e-10,0.007666400289227493,1.0
2021-02-22,2021-02-23,2021-02-24,OK,0.016265716339874437,0.10575864292005631,0.0012691037150406757,0.014975969743799222,1.0
2021-02-23,2021-02-24,2021-02-25,OK,-0.043115646334585395,0.0006925170877348362,8.310205052818035e-06,-0.043123598239776184,1.0
2021-02-24,2021-02-25,2021-02-26,OK,0.004616924220298952,0.004734520936352311,5.6814251236227726e-05,0.004559847661970151,1.0
2021-02-25,2021-02-26,2021-03-01,OK,0.027131226966266613,0.025367431386320357,0.0003044091766358443,0.026818558795168812,1.0
2021-02-26,2021-03-01,2021-03-02,OK,-0.024689600129181716,0.1866397085909618,0.0022396765030915414,-0.026873979914993185,0.9999999999999999
2021-03-01,2021-03-02,2021-03-03,OK,-0.030886965854194464,0.051771460750522205,0.0006212575290062665,-0.031489034623115586,1.0
2021-03-02,2021-03-03,2021-03-04,OK,-0.026989940429501175,1.4651774467110525e-07,1.758212936053263e-09,-0.02698994214026007,1.0
2021-03-03,2021-03-04,2021-03-05,OK,0.013109786890035585,0.0368554007887806,0.00044226480946536723,0.012661724083169235,1.0
2021-03-04,2021-03-05,2021-03-08,OK,-0.03340070449114918,0.1573044967761696,0.001887653961314035,-0.03522530948031988,1.0
2021-03-05,2021-03-08,2021-03-09,OK,0.045903077515274344,0.13404870610233738,0.0016085844732280485,0.044220654064281995,0.9999999999999999
2021-03-08,2021-03-09,2021-03-10,OK,-0.001235892944245264,0.13395440546730814,0.0016074528656076976,-0.002841359170198232,1.0
2021-03-09,2021-03-10,2021-03-11,OK,0.025642769189857122,0.015209684265401358,0.0001825162111848163,0.025455572757595357,1.0
2021-03-10,2021-03-11,2021-03-12,OK,0.000891613759780122,0.0194157390459204,0.0002329888685510448,0.0006584171551480278,0.9999999999999999
2021-03-11,2021-03-12,2021-03-15,OK,0.01303152280454388,0.03168379313476971,0.00038020551761723656,0.012646362630053476,1.0000000000000002
2021-03-12,2021-03-15,2021-03-16,OK,0.00034696677771769914,0.031069411548257833,0.000372832938579094,-2.599552150484019e-05,0.9999999999999998
2021-03-15,2021-03-16,2021-03-17,OK,-0.00342812892688649,0.08121382390800064,0.0009745658868960076,-0.004399353876274548,1.0
2021-03-16,2021-03-17,2021-03-18,OK,-0.037779282612295,0.019105866246279878,0.00022927039495535854,-0.03799989133620474,1.0
2021-03-17,2021-03-18,2021-03-19,OK,0.008429242177399286,0.00032760169332525784,3.931220319903094e-06,0.008425277819871235,1.0
2021-03-18,2021-03-19,2021-03-22,OK,0.019742719662042975,0.0978809772043146,0.0011745717264517752,0.01854495869527306,1.0000000000000002
2021-03-19,2021-03-22,2021-03-23,OK,-0.011349801417524051,0.06280716358962833,0.00075368596307554,-0.012094933194587543,0.9999999999999999
2021-03-22,2021-03-23,2021-03-24,OK,-0.010900604517360411,0.007235286152241914,8.682343382690297e-05,-0.010986481523272307,1.0
2021-03-23,2021-03-24,2021-03-25,OK,0.00747083254132213,7.048159959888556e-08,8.457791951866268e-10,0.007470831689224244,0.9999999999999999
2021-03-24,2021-03-25,2021-03-26,OK,0.04217233974376888,0.009720989475091889,0.00011665187370110267,0.04205076838761834,1.0
2021-03-25,2021-03-26,2021-03-29,OK,-0.006047685428079484,0.008802773094364835,0.00010563327713237802,-0.0061526798683809725,1.0
2021-03-26,2021-03-29,2021-03-30,OK,-0.003254816749596061,0.023319157333693146,0.00027982988800431775,-0.003533735842593866,1.0
2021-03-29,2021-03-30,2021-03-31,OK,0.012201012970806035,0.021969326860294458,0.0002636319223235335,0.011934164471978814,0.9999999999999999
2021-03-30,2021-03-31,2021-04-01,OK,0.02069811654274522,0.019050121268694105,0.00022860145522432928,0.02046478346795877,0.9999999999999999
2021-03-31,2021-04-01,2021-04-05,OK,0.019736872902560418,0.010515501921838056,0.00012618602306205666,0.019608196361999175,1.0000000000000004
2021-04-01,2021-04-05,2021-04-06,OK,0.0004530132826210797,9.383517361034125e-08,1.126022083324095e-09,0.00045301215608883894,1.0
2021-04-05,2021-04-06,2021-04-07,OK,0.000933519492086634,8.181050376748084e-08,9.817260452097703e-10,0.0009335185094441201,1.0
2021-04-06,2021-04-07,2021-04-08,OK,0.009032210671851663,0.023634628847652404,0.0002836155461718289,0.008746033450316881,1.0
2021-04-07,2021-04-08,2021-04-09,OK,0.006298176372744323,0.007262909917040837,8.715491900449005e-05,0.006210472536688272,1.0000000000000002
2021-04-08,2021-04-09,2021-04-12,OK,-0.003485303368947995,3.4123163134624735e-07,4.094779576154968e-09,-0.0034853074494560765,1.0
2021-04-09,2021-04-12,2021-04-13,OK,0.0009780481024917727,0.01665910954648426,0.0001999093145578111,0.0007779432670080855,1.0
2021-04-12,2021-04-13,2021-04-14,OK,-0.008353604286250649,0.004659439241797406,5.5913270901568876e-05,-0.008409050479812774,1.0
2021-04-13,2021-04-14,2021-04-15,OK,0.011925815885325495,0.015046706316194059,0.0001805604757943287,0.01174310207854079,1.0
2021-04-14,2021-04-15,2021-04-16,OK,0.00016278502210444277,0.015241623492444704,0.00018289948190933645,-2.014423310103819e-05,1.0
2021-04-15,2021-04-16,2021-04-19,OK,-0.008038113142345682,0.004935205646122791,5.92224677534735e-05,-0.00809685957320283,0.9999999999999998
2021-04-16,2021-04-19,2021-04-20,OK,-0.010255207262457225,2.357828363402356e-07,2.829394036082827e-09,-0.010255210062835252,1.0
2021-04-19,2021-04-20,2021-04-21,OK,0.009026205825366306,0.1068584041965245,0.0012823008503582939,0.007732330663602571,0.9999999999999999
2021-04-20,2021-04-21,2021-04-22,OK,-0.014063986646391078,0.008225506001942093,9.870607202330511e-05,-0.014161304517535611,1.0
2021-04-21,2021-04-22,2021-04-23,OK,0.009167684407778064,3.0992510458671295e-05,3.719101255040555e-07,0.00916730908809793,1.0
2021-04-22,2021-04-23,2021-04-26,OK,0.00294821854754153,0.00836365645236685,0.0001003638774284022,0.002847558775468162,1.0000000000000002
2021-04-23,2021-04-26,2021-04-27,OK,-0.003926860323969645,0.004986117196534227,5.983340635841073e-05,-0.0039864587728984935,1.0
2021-04-26,2021-04-27,2021-04-28,OK,-0.0068498790799194215,8.964827643018617e-08,1.0757793171622341e-09,-0.006849880148329768,1.0
2021-04-27,2021-04-28,2021-04-29,OK,0.006425794424862039,0.07431853651128166,0.00089182243813538,0.005528241319075811,1.0000000000000002
2021-04-28,2021-04-29,2021-04-30,OK,-0.0009912542840528672,0.14972818241827904,0.0017967381890193485,-0.002786211448645104,1.0
2021-04-29,2021-04-30,2021-05-03,OK,-0.0011215213571847758,0.008901180884491327,0.00010681417061389593,-0.0012282157334250199,1.0
2021-04-30,2021-05-03,2021-05-04,OK,-0.0019331984129199598,0.04639987433886228,0.0005567984920663474,-0.0024889205030250716,1.0
2021-05-03,2021-05-04,2021-05-05,OK,0.005210767079726148,0.10933143516072259,0.0013119772219286712,0.003891953450080088,1.0
2021-05-04,2021-05-05,2021-05-06,OK,0.004413159870606117,0.03943635013991795,0.0004732362016790154,0.003937835201912376,1.0
2021-05-05,2021-05-06,2021-05-07,OK,0.01112536461917771,0.08299835039526271,0.0009959802047431526,0.010118303771503356,1.0
2021-05-06,2021-05-07,2021-05-10,OK,-0.01399673615225758,6.402414454870999e-08,7.682897345845199e-10,-0.013996736909793861,1.0000000000000002
2021-05-07,2021-05-10,2021-05-11,OK,-0.006292212280803559,0.005333004924646552,6.399605909575862e-05,-0.006355805663110448,1.0
2021-05-10,2021-05-11,2021-05-12,OK,-0.0339532942769069,0.06331031492311368,0.0007597237790773642,-0.03468722293094406,1.0
2021-05-11,2021-05-12,2021-05-13,OK,0.014295018950492795,3.397194050182577e-07,4.076632860219092e-09,0.014295014815584484,1.0
2021-05-12,2021-05-13,2021-05-14,OK,0.015399518074604166,0.003342850315023062,4.011420378027675e-05,0.015358786131417945,0.9999999999999999
2021-05-13,2021-05-14,2021-05-17,OK,-0.003782607545593053,0.005027111635358737,6.0325339624304844e-05,-0.0038427046981324153,1.0
2021-05-14,2021-05-17,2021-05-18,OK,-0.008726125111389574,7.342297068299491e-08,8.810756481959389e-10,-0.008726125984776845,1.0
2021-05-17,2021-05-18,2021-05-19,OK,0.008728968459609207,1.454678377042064e-07,1.7456140524504766e-09,0.008728966698757779,1.0
2021-05-18,2021-05-19,2021-05-20,OK,0.012212551147669701,0.002678553181984024,3.214263818380829e-05,0.012180015965872926,1.0
2021-05-19,2021-05-20,2021-05-21,OK,0.0001900096850771709,0.02843972076612864,0.0003412766491935437,-0.00015133180998516682,1.0
2021-05-20,2021-05-21,2021-05-24,OK,0.004345441507255908,0.010113792427368703,0.00012136550912842444,0.004223548611406613,1.0
2021-05-21,2021-05-24,2021-05-25,OK,0.0012102974157386039,1.06284977557373e-07,1.275419730688476e-09,0.0012102961387752131,0.9999999999999998
2021-05-24,2021-05-25,2021-05-26,OK,0.002206599481884851,0.012396948287159143,0.00014876337944590972,0.0020575078412430337,1.0
2021-05-25,2021-05-26,2021-05-27,OK,-0.0010896628007971408,0.01227317244783355,0.00014727806937400262,-0.0012367803867375793,1.0
2021-05-26,2021-05-27,2021-05-28,OK,0.010983279324517392,0.12925530347811917,0.00155106364173743,0.009415179917552807,1.0
2021-05-27,2021-05-28,2021-06-01,OK,-0.0031838967937761636,0.11333933813698685,0.0013600720576438423,-0.004539638522356393,1.0000000000000002
2021-05-28,2021-06-01,2021-06-02,OK,0.00996060468641989,0.015810683210863673,0.0001897281985303641,0.009768986680305902,1.0
2021-06-01,2021-06-02,2021-06-03,OK,-0.00022851093918003874,1.2660461508421034e-07,1.519255381010524e-09,-0.00022851245808830356,1.0
2021-06-02,2021-06-03,2021-06-04,OK,0.01747092836970477,0.07341863931628945,0.0008810236717954734,0.01657451239644736,1.0
2021-06-03,2021-06-04,2021-06-07,OK,-0.0013511272163441832,3.993218233870871e-08,4.791861880645046e-10,-0.001351127694882881,1.0
2021-06-04,2021-06-07,2021-06-08,OK,0.008724521486072168,1.0842934484593878e-07,1.3011521381512654e-09,0.008724520173567951,1.0
2021-06-07,2021-06-08,2021-06-09,OK,-0.0071438948009986784,0.012885280175076686,0.00015462336210092024,-0.007297413550066967,1.0
2021-06-08,2021-06-09,2021-06-10,OK,0.0033652328962118544,9.878022331723946e-08,1.1853626798068737e-09,0.0033652317068602056,1.0
2021-06-09,2021-06-10,2021-06-11,OK,0.0038550341412411154,0.04742108098322373,0.0005690529717986847,0.00328378745080804,1.0
2021-06-10,2021-06-11,2021-06-14,OK,0.0028692649635955947,0.001747547558457287,2.0970570701487445e-05,0.0028482342227702517,1.0
2021-06-11,2021-06-14,2021-06-15,OK,-0.0014269826082278514,6.602108797279257e-08,7.922530556735108e-10,-0.0014269833993503234,1.0
2021-06-14,2021-06-15,2021-06-16,OK,-0.0015647264558056352,0.015481574147028204,0.00018577888976433846,-0.0017502146524261963,1.0
2021-06-15,2021-06-16,2021-06-17,OK,0.008141752085257838,0.0005692233980226625,6.8306807762719495e-06,0.00813486579077205,0.9999999999999999
2021-06-16,2021-06-17,2021-06-18,OK,-0.00550810451701143,0.09903503154047563,0.0011884203784857075,-0.0066899789518423125,1.0
2021-06-17,2021-06-18,2021-06-21,OK,0.011686841076903766,0.02414599854313603,0.0002897519825176324,0.01139370280901475,1.0
2021-06-18,2021-06-21,2021-06-22,OK,0.012961601598508727,8.408920318688947e-08,1.0090704382426736e-09,0.012961600576359311,1.0
2021-06-21,2021-06-22,2021-06-23,OK,0.00046740242698011056,0.007086296409320424,8.503555691184509e-05,0.00038232712424268733,1.0
2021-06-22,2021-06-23,2021-06-24,OK,0.005966542004655256,8.817550794955839e-08,1.0581060953947007e-09,0.005966540940236076,1.0
2021-06-23,2021-06-24,2021-06-25,OK,-0.0017540971935205865,1.179675112912875e-07,1.41561013549545e-09,-0.0017540986066476583,1.0
2021-06-24,2021-06-25,2021-06-28,OK,0.01303460695771102,9.49085137189244e-08,1.1389021646270928e-09,0.01303460580396365,1.0
2021-06-25,2021-06-28,2021-06-29,OK,0.00018338523652821807,1.1641116861871926e-07,1.3969340234246311e-09,0.00018338383933813596,1.0
2021-06-28,2021-06-29,2021-06-30,OK,-0.0007903311140578603,6.84169940375814e-08,8.210039284509768e-10,-0.0007903319344130244,1.0
2021-06-29,2021-06-30,2021-07-01,OK,0.0015305961656434642,2.1138357032839016e-07,2.5366028439406818e-09,0.001530593625158172,1.0
2021-06-30,2021-07-01,2021-07-02,OK,0.012749901846369864,1.6303974112424843e-06,1.9564768934909812e-08,0.012749882032152104,1.0
2021-07-01,2021-07-02,2021-07-06,OK,-0.004327073811818984,6.186379719275366e-08,7.423655663130439e-10,-0.004327074550972254,1.0
2021-07-02,2021-07-06,2021-07-07,OK,0.0018081414754708006,7.050715482045533e-07,8.46085857845464e-09,0.0018081329993135942,1.0
2021-07-06,2021-07-07,2021-07-08,OK,-0.007563508237159876,1.7276001921191765e-07,2.0731202305430118e-09,-0.007563510294600118,1.0
2021-07-07,2021-07-08,2021-07-09,OK,0.007510112864784494,0.02500071050566622,0.00030000852606799466,0.007207851240825347,1.0
2021-07-08,2021-07-09,2021-07-12,OK,0.008235459377869998,0.009517894071229344,0.00011421472885475213,0.008120304038255366,1.0
2021-07-09,2021-07-12,2021-07-13,OK,-0.0048173205448706225,0.0031688198201360444,3.8025837841632535e-05,-0.004855163200062407,1.0
2021-07-12,2021-07-13,2021-07-14,OK,-0.0020489996684332394,0.004621173573366729,5.545408288040075e-05,-0.0021043401259162042,0.9999999999999999
2021-07-13,2021-07-14,2021-07-15,OK,-0.014022027255713419,0.030706127326426844,0.00036847352791712215,-0.014385334037779085,0.9999999999999998
2021-07-14,2021-07-15,2021-07-16,OK,-0.013399678752375,0.003228103558696961,3.8737242704363536e-05,-0.013437896928471305,1.0
2021-07-15,2021-07-16,2021-07-19,OK,-0.0005463300789090871,0.0379826758239951,0.00045579210988794125,-0.0010018731758576482,1.0
2021-07-16,2021-07-19,2021-07-20,OK,0.00944062285199195,0.017783737345515326,0.00021340484814618392,0.009225203329159548,1.0
2021-07-19,2021-07-20,2021-07-21,OK,0.011021948672654734,0.07684757037693224,0.0009221708445231869,0.010089613708415879,1.0
2021-07-20,2021-07-21,2021-07-22,OK,0.006849505968483982,0.017223659098482696,0.00020668390918179237,0.006641406376632686,1.0
2021-07-21,2021-07-22,2021-07-23,OK,0.005351537938240502,1.5836349333908557e-05,1.9003619200690269e-07,0.005351346885062558,1.0
2021-07-22,2021-07-23,2021-07-26,OK,-0.0019774026582426787,0.011748733665240076,0.0001409848039828809,-0.002118108678499264,1.0
2021-07-23,2021-07-26,2021-07-27,OK,-0.0109788299731189,6.924674688140229e-05,8.309609625768274e-07,-0.010979651811102387,1.0
2021-07-26,2021-07-27,2021-07-28,OK,0.0030476221274873387,0.009107444432825886,0.00010928933319391063,0.002937999721703388,1.0
2021-07-27,2021-07-28,2021-07-29,OK,0.005590906301829193,0.08721894974790934,0.001046627396974912,0.004538427309144888,1.0
2021-07-28,2021-07-29,2021-07-30,OK,-0.013332441985673045,0.017685770067102216,0.0002122292408052266,-0.01354184169243755,1.0
2021-07-29,2021-07-30,2021-08-02,OK,0.006241642515721103,1.0922616993808322e-07,1.3107140392569988e-09,0.00624164119682602,1.0000000000000002
2021-07-30,2021-08-02,2021-08-03,OK,0.017236994662655353,0.00011649676435165798,1.3979611722198959e-06,0.017235572604833882,1.0
2021-08-02,2021-08-03,2021-08-04,OK,0.0001228783385660766,1.7942090773848624e-07,2.153050892861835e-09,0.00012287618525075317,1.0
2021-08-03,2021-08-04,2021-08-05,OK,0.011107034002838988,0.02841011912672793,0.00034092142952073517,0.010762325947408335,1.0
2021-08-04,2021-08-05,2021-08-06,OK,-0.005122356362742336,0.018239776596186596,0.00021887731915423917,-0.005340112514268247,1.0
2021-08-05,2021-08-06,2021-08-09,OK,-0.0019497650789960237,0.0004691411234822716,5.6296934817872596e-06,-0.0019553837958981024,1.0
2021-08-06,2021-08-09,2021-08-10,OK,-0.002010557629302694,4.48462618834225e-06,5.3815514260107004e-08,-0.002010611336617729,1.0
2021-08-09,2021-08-10,2021-08-11,OK,-0.003639626191793991,7.044059921159577e-08,8.452871905391493e-10,-0.0036396270340046666,1.0
2021-08-10,2021-08-11,2021-08-12,OK,0.003068768934458497,0.00907961185671455,0.0001089553422805746,0.0029594792334082243,1.0
2021-08-11,2021-08-12,2021-08-13,OK,0.00448841621929265,0.01197494031897392,0.00014369928382768706,0.00434407195326858,1.0
2021-08-12,2021-08-13,2021-08-16,OK,-0.0018249619223185847,0.003137484595269263,3.764981514323116e-05,-0.0018625430279828326,1.0
2021-08-13,2021-08-16,2021-08-17,OK,-0.016272851043674343,5.444226845724327e-08,6.533072214869193e-10,-0.016272851686350398,1.0
2021-08-16,2021-08-17,2021-08-18,OK,-0.01530280175506726,0.003109525813140762,3.7314309757689146e-05,-0.015339545051340164,1.0000000000000002
2021-08-17,2021-08-18,2021-08-19,OK,0.006859307184350182,0.0018677549890088639,2.2413059868106366e-05,0.006836740386419571,1.0
2021-08-18,2021-08-19,2021-08-20,OK,0.021631043192426064,0.02040315238173907,0.0002448378285808689,0.021380909266200065,1.0
2021-08-19,2021-08-20,2021-08-23,OK,0.0191127064266637,1.0434172640368451e-07,1.2521007168442143e-09,0.019112705150631903,1.0
2021-08-20,2021-08-23,2021-08-24,OK,-0.003870325228050748,0.01449439040682842,0.00017393268488194102,-0.004043584736874495,0.9999999999999999
2021-08-23,2021-08-24,2021-08-25,OK,0.009164353706169897,7.18501468116446e-06,8.622017617397352e-08,0.009164266695841361,0.9999999999999999
2021-08-24,2021-08-25,2021-08-26,OK,-0.005029825621832148,8.938290034709386e-06,1.0725948041651262e-07,-0.005029932341816146,1.0
2021-08-25,2021-08-26,2021-08-27,OK,0.010538919260313024,0.0006208118662004455,7.449742394405347e-06,0.010531391005684787,1.0
2021-08-26,2021-08-27,2021-08-30,OK,0.005409716778460585,7.366481826433461e-06,8.839778191720154e-08,0.005409627902471792,1.0
2021-08-27,2021-08-30,2021-08-31,OK,-0.0074906180931716485,0.028011790710846276,0.00033614148853015533,-0.007824241674185939,1.0000000000000002
2021-08-30,2021-08-31,2021-09-01,OK,-0.003813582125189529,0.008673888196654116,0.00010408665835984939,-0.00391727184052959,1.0
2021-08-31,2021-09-01,2021-09-02,OK,-0.0012803117114293934,0.013888542811623474,0.00016666251373948169,-0.0014467608452006786,1.0
2021-09-01,2021-09-02,2021-09-03,OK,0.005488729237793875,0.0038015042482864607,4.561805097943753e-05,0.005442860801684324,1.0
2021-09-02,2021-09-03,2021-09-07,OK,-0.006734063608876365,0.030353004971127275,0.00036423605965352733,-0.007095846879735523,0.9999999999999998
2021-09-03,2021-09-07,2021-09-08,OK,-0.004227244297179395,0.0033564509927162343,4.0277411912594814e-05,-0.0042673514466321505,1.0
2021-09-07,2021-09-08,2021-09-09,OK,-0.00020158227276493679,0.0347856317392766,0.00041742758087131925,-0.0006189257076356647,1.0
2021-09-08,2021-09-09,2021-09-10,OK,-0.005477271418210112,2.0678144441585792e-07,2.481377332990295e-09,-0.005477273885996281,1.0
2021-09-09,2021-09-10,2021-09-13,OK,-0.008771883273969935,0.001597730881347865,1.917277057617438e-05,-0.00879088786324056,1.0000000000000002
2021-09-10,2021-09-13,2021-09-14,OK,-0.0014335482624493084,0.00013131311871959382,1.5757574246351258e-06,-0.0014351217609497313,0.9999999999999998
2021-09-13,2021-09-14,2021-09-15,OK,0.006456112602301481,0.0050137776730927374,6.016533207711285e-05,0.0063955588360657956,1.0
2021-09-14,2021-09-15,2021-09-16,OK,0.004600598036495191,0.010949411310583976,0.0001313929357270077,0.0044686006146859025,1.0000000000000002
2021-09-15,2021-09-16,2021-09-17,OK,-0.011844375752798805,0.009367870287214213,0.00011241444344657056,-0.011955458717337164,1.0
2021-09-16,2021-09-17,2021-09-20,OK,-0.017831747347932168,0.08245048573515744,0.0009894058288218892,-0.018803510341989904,1.0
2021-09-17,2021-09-20,2021-09-21,OK,0.005532777543506708,0.014230866018188248,0.00017077039221825898,0.005361062316697307,0.9999999999999998
2021-09-20,2021-09-21,2021-09-22,OK,0.016436156943598984,0.08521983531287591,0.001022638023754511,0.015396710680789516,1.0
2021-09-21,2021-09-22,2021-09-23,OK,0.01341127708674608,2.906611062248806e-05,3.4879332746985673e-07,0.013410923615654546,1.0
2021-09-22,2021-09-23,2021-09-24,OK,0.0001858247701904947,6.640067413170003e-08,7.968080895804004e-10,0.00018582397323441135,1.0
2021-09-23,2021-09-24,2021-09-27,OK,-0.009481766565643777,8.242970341985542e-07,9.89156441038265e-09,-0.009481776363418737,1.0
2021-09-24,2021-09-27,2021-09-28,OK,-0.026373784217663114,2.816817490478099e-07,3.380180988573719e-09,-0.02637378750869601,1.0
2021-09-27,2021-09-28,2021-09-29,OK,0.00696383476206423,8.422309868535785e-07,1.0106771842242942e-08,0.006963824584910405,1.0
2021-09-28,2021-09-29,2021-09-30,OK,-0.006054050218100883,1.4992631355269163e-07,1.7991157626322997e-09,-0.006054052006324695,1.0
2021-09-29,2021-09-30,2021-10-01,OK,0.00540129646247143,4.881657495798282e-07,5.857988994957939e-09,0.005401290572841777,1.0
2021-09-30,2021-10-01,2021-10-04,OK,-0.018692348864535715,8.68812245156385e-07,1.0425746941876621e-08,-0.018692359095401012,1.0
2021-10-01,2021-10-04,2021-10-05,OK,0.022085832509654624,0.11334771961906265,0.0013601726354287517,0.020695619329215598,1.0
2021-10-04,2021-10-05,2021-10-06,OK,0.005572220885514164,0.008065409251666393,9.678491101999672e-05,0.005474896667591711,1.0
2021-10-05,2021-10-06,2021-10-07,OK,0.0062590306979438655,1.8389147770955587e-07,2.2066977325146707e-09,0.006259028477434203,1.0
2021-10-06,2021-10-07,2021-10-08,OK,-0.0025428611075636715,5.978801193430674e-08,7.174561432116809e-10,-0.002542861823195297,1.0
2021-10-07,2021-10-08,2021-10-11,OK,-0.006009106885940814,0.02405704252931269,0.00028868451035175233,-0.0062960566602136,0.9999999999999999
2021-10-08,2021-10-11,2021-10-12,OK,0.002089415727701759,0.02162375192512907,0.00025948502310154883,0.0018293885325117998,1.0
2021-10-11,2021-10-12,2021-10-13,OK,0.008700979553234518,0.001193493168457827,1.4321918021493924e-05,0.008686533020497045,0.9999999999999999
2021-10-12,2021-10-13,2021-10-14,OK,0.010743964919120346,9.139444537994198e-08,1.0967333445593037e-09,0.010743963810603718,1.0
2021-10-13,2021-10-14,2021-10-15,OK,0.006696830931580374,1.6023513359990165e-07,1.92282160319882e-09,0.006696828995881976,0.9999999999999998
2021-10-14,2021-10-15,2021-10-18,OK,0.013946183502401946,5.266148295792363e-08,6.319377954950835e-10,0.013946182861650946,1.0
2021-10-15,2021-10-18,2021-10-19,OK,-0.004215273895204033,0.004137343533858044,4.964812240629653e-05,-0.004264712737175991,0.9999999999999998
2021-10-18,2021-10-19,2021-10-20,OK,0.0007193767847985209,4.0913547679413666e-08,4.90962572152964e-10,0.0007193762934827319,1.0
2021-10-19,2021-10-20,2021-10-21,OK,0.009586066475185067,6.149033819078762e-08,7.378840582894514e-10,0.009586065730227578,1.0
2021-10-20,2021-10-21,2021-10-22,OK,-0.0035187923966933,1.6605508730533097e-05,1.9926610476639717e-07,-0.003518990961622004,1.0
2021-10-21,2021-10-22,2021-10-25,OK,0.00924529900134902,1.7799534424512139e-07,2.135944130941457e-09,0.009245296845657336,1.0
2021-10-22,2021-10-25,2021-10-26,OK,-0.0031219120762182454,0.03683191643870147,0.00044198299726441764,-0.003562515241426034,1.0
2021-10-25,2021-10-26,2021-10-27,OK,-0.0014664072973736401,6.211986177596399e-05,7.454383413115679e-07,-0.0014671516425986963,1.0
2021-10-26,2021-10-27,2021-10-28,OK,0.004188400189662227,1.0790290852083258e-06,1.294834902249991e-08,0.004188387187080256,1.0
2021-10-27,2021-10-28,2021-10-29,OK,0.0018156387879786759,5.580410377019808e-08,6.69649245242377e-10,0.0018156381171134939,1.0
2021-10-28,2021-10-29,2021-11-01,OK,-0.002457807195465988,7.056896499646511e-05,8.468275799575813e-07,-0.002458651941707024,1.0
2021-10-29,2021-11-01,2021-11-02,OK,0.0020405308069424166,4.4388802600313707e-07,5.326656312037645e-09,0.0020405254694169095,1.0000000000000002
2021-11-01,2021-11-02,2021-11-03,OK,0.0028816386048447183,0.00012428172464118165,1.49138069569418e-06,0.002880142926528828,0.9999999999999999
2021-11-02,2021-11-03,2021-11-04,OK,0.012189767496160605,0.02348063890537598,0.0002817676668645118,0.011904565146949153,1.0
2021-11-03,2021-11-04,2021-11-05,OK,-0.0029599690640204823,0.0017873635172724325,2.144836220726919e-05,-0.0029813539397391953,1.0000000000000002
2021-11-04,2021-11-05,2021-11-08,OK,0.008572694982423128,8.504781808232192e-08,1.0205738169878631e-09,0.008572693953100341,1.0
2021-11-05,2021-11-08,2021-11-09,OK,0.007481854770369359,1.1266879740290392e-07,1.352025568834847e-09,0.007481853408228156,1.0
2021-11-08,2021-11-09,2021-11-10,OK,-0.0140288999219795,0.004351496297177121,5.221795556612546e-05,-0.014080385317072897,1.0
2021-11-09,2021-11-10,2021-11-11,OK,0.00911775498984677,9.214845407118236e-07,1.1057814488541883e-08,0.00911774383120978,1.0
2021-11-10,2021-11-11,2021-11-12,OK,0.016352951159819072,2.998802512138271e-06,3.5985630145659256e-08,0.016352914585717748,0.9999999999999997
2021-11-11,2021-11-12,2021-11-15,OK,-0.0018828633638821271,0.008492602381290152,0.00010191122857548183,-0.0019845827075389844,1.0
2021-11-12,2021-11-15,2021-11-16,OK,0.0077818896413112725,6.001214335402127e-07,7.201457202482553e-09,0.007781882383813166,1.0
2021-11-15,2021-11-16,2021-11-17,OK,-0.008548989487444838,5.098488798853211e-07,6.118186558623853e-09,-0.00854899555332711,1.0
2021-11-16,2021-11-17,2021-11-18,OK,0.008406005887863235,5.06740496304843e-07,6.0808859556581164e-09,0.008405999755861426,0.9999999999999999
2021-11-17,2021-11-18,2021-11-19,OK,-0.000636627696598746,1.0887313313520317e-07,1.306477597622438e-09,-0.0006366290022445931,0.9999999999999999
2021-11-18,2021-11-19,2021-11-22,OK,-0.011334149926711584,0.017462115038574894,0.00020954538046289874,-0.011541320288415813,1.0000000000000002
2021-11-19,2021-11-22,2021-11-23,OK,0.003611217811104951,0.003252200412850654,3.902640495420785e-05,0.003572050473302113,1.0
2021-11-22,2021-11-23,2021-11-24,OK,0.008909141427502258,0.09088715566094988,0.0010906458679313985,0.007808778841286168,1.0
2021-11-23,2021-11-24,2021-11-26,OK,-0.013938991324430331,4.4525779971903157e-08,5.343093596628379e-10,-0.013938991851291993,0.9999999999999998
2021-11-24,2021-11-26,2021-11-29,OK,0.021543124973904284,1.4651752040132656e-07,1.7582102448159188e-09,0.021543123177816703,0.9999999999999999
2021-11-26,2021-11-29,2021-11-30,OK,-0.018974603318188135,1.3291215242785293e-07,1.5949458291342351e-09,-0.018974604882870505,1.0
2021-11-29,2021-11-30,2021-12-01,OK,-0.021880235224003317,4.07990647456179e-08,4.895887769474148e-10,-0.02188023570287978,1.0
2021-11-30,2021-12-01,2021-12-02,OK,0.005972761635284444,3.28078587457376e-07,3.936943049488512e-09,0.005972757674826967,1.0
2021-12-01,2021-12-02,2021-12-03,OK,-0.01212888356477998,2.4462416701880775e-06,2.935490004225693e-08,-0.012128912563637795,1.0
2021-12-02,2021-12-03,2021-12-06,OK,-0.0006528079037388325,0.03848876087956297,0.00046186513055475564,-0.0011143715250858666,1.0
2021-12-03,2021-12-06,2021-12-07,OK,0.03784016447457724,0.01477940942402492,0.00017735291308829904,0.03765610049808754,1.0000000000000002
2021-12-06,2021-12-07,2021-12-08,OK,0.001648459724074748,0.0733795121932686,0.0008805541463192233,0.0007664540197103165,1.0
2021-12-07,2021-12-08,2021-12-09,OK,-0.015837764186303015,5.318868992328287e-08,6.382642790793945e-10,-0.015837764814458644,1.0000000000000002
2021-12-08,2021-12-09,2021-12-10,OK,0.010195525404861848,8.638099840041146e-08,1.0365719808049375e-09,0.01019552435772142,1.0
2021-12-09,2021-12-10,2021-12-13,OK,-0.018112886136131805,7.793823890288745e-08,9.352588668346493e-10,-0.018112887054450466,1.0
2021-12-10,2021-12-13,2021-12-14,OK,-0.011037829594416656,1.4387070663299497e-06,1.7264484795959395e-08,-0.011037846668339069,1.0
2021-12-13,2021-12-14,2021-12-15,OK,0.027343212183681034,0.02637578760633158,0.00031650945127597896,0.027018048347320578,1.0
2021-12-14,2021-12-15,2021-12-16,OK,-0.020583446153340512,1.2211088648077965e-06,1.4653306377693558e-08,-0.020583460505031348,1.0
2021-12-15,2021-12-16,2021-12-17,OK,-0.009045942125151703,1.6584128259642533e-07,1.990095391157104e-09,-0.009045944097244907,0.9999999999999998
2021-12-16,2021-12-17,2021-12-20,OK,-0.008444526138774324,0.12249647815204909,0.001469957737824589,-0.009902070780058891,1.0
2021-12-17,2021-12-20,2021-12-21,OK,0.016297659672039725,0.0036600927361423305,4.392111283370797e-05,0.01625302274785656,1.0
2021-12-20,2021-12-21,2021-12-22,OK,0.01122986190431737,0.007389266191093996,8.867119429312795e-05,0.011140194944757376,1.0
2021-12-21,2021-12-22,2021-12-23,OK,0.005682628995930005,0.00035271491549984316,4.232578985998118e-06,0.005678372364767981,1.0000000000000002
2021-12-22,2021-12-23,2021-12-27,OK,0.02234301868938075,2.9567102514280308e-06,3.548052301713637e-08,0.022342982416115653,1.0000000000000002
2021-12-23,2021-12-27,2021-12-28,OK,-0.0021679223702910093,1.5641004869413773e-05,1.8769205843296527e-07,-0.0021681096554476698,0.9999999999999999
2021-12-27,2021-12-28,2021-12-29,OK,0.004495113274606122,3.388120378223525e-08,4.06574445386823e-10,0.004495112866204076,1.0
2021-12-28,2021-12-29,2021-12-30,OK,-0.006446527125585563,8.358524075402321e-08,1.0030228890482786e-09,-0.006446528122142414,1.0
2021-12-29,2021-12-30,2021-12-31,OK,0.0012941134550016479,8.590642308593522e-07,1.0308770770312226e-08,0.0012941031328903563,0.9999999999999998
2021-12-30,2021-12-31,2022-01-03,OK,0.001455776495619206,1.198312245731951e-07,1.4379746948783415e-09,0.0014557750555510562,1.0
2021-12-31,2022-01-03,2022-01-04,OK,-0.005638095934712444,1.3153804899300096e-07,1.5784565879160116e-09,-0.005638097504269579,1.0
2022-01-03,2022-01-04,2022-01-05,OK,-0.025569043637749304,0.00048088390128738965,5.770606815448676e-06,-0.025574666695667325,0.9999999999999999
2022-01-04,2022-01-05,2022-01-06,OK,0.014518589535151297,0.016873219030474878,0.00020247862836569853,0.014313171202690933,1.0000000000000002
2022-01-05,2022-01-06,2022-01-07,OK,-0.021060188405706514,3.829516673464079e-06,4.5954200081568955e-08,-0.021060233392102612,1.0
2022-01-06,2022-01-07,2022-01-10,OK,-0.008595360164713635,1.0022788966147443e-07,1.2027346759376933e-09,-0.008595361357110365,1.0
2022-01-07,2022-01-10,2022-01-11,OK,0.014925175264866156,5.3327003694495875e-08,6.399240443339505e-10,0.014925174615391334,0.9999999999999999
2022-01-10,2022-01-11,2022-01-12,OK,0.010881117699975875,5.210974525365425e-08,6.25316943043851e-10,0.010881117067854884,1.0
2022-01-11,2022-01-12,2022-01-13,OK,-0.01035698863614871,6.442614818395795e-08,7.731137782074954e-10,-0.010356989401255401,0.9999999999999998
2022-01-12,2022-01-13,2022-01-14,OK,0.011866819144157797,1.1005604071909044e-07,1.3206724886290853e-09,0.01186681780781318,1.0
2022-01-13,2022-01-14,2022-01-18,OK,-0.03351967780618175,4.869006770840813e-07,5.842808125008976e-09,-0.033519683453140825,0.9999999999999998
2022-01-14,2022-01-18,2022-01-19,OK,-0.017277200344887274,0.00722515170245818,8.670182042949816e-05,-0.017362404200594872,1.0
2022-01-18,2022-01-19,2022-01-20,OK,-0.020961159264265845,0.10563323313201115,0.0012675987975841337,-0.022202187721570676,1.0
2022-01-19,2022-01-20,2022-01-21,OK,-0.020760203961979053,0.08925753882786609,0.001071090465934393,-0.02180905837137892,1.0
2022-01-20,2022-01-21,2022-01-24,OK,0.021256414803801783,0.042420901226240315,0.0005090508147148838,0.020736543393813145,0.9999999999999999
2022-01-21,2022-01-24,2022-01-25,OK,-0.01919576858518946,0.03693400387745957,0.00044320804652951484,-0.019630468912622656,1.0
2022-01-24,2022-01-25,2022-01-26,OK,0.004396602892404607,1.5757227133571152e-06,1.8908672560285384e-08,0.004396583900598161,1.0
2022-01-25,2022-01-26,2022-01-27,OK,-0.0017291025159095613,0.005336098118809186,6.403317742571023e-05,-0.0017930249734070536,0.9999999999999999
2022-01-26,2022-01-27,2022-01-28,OK,0.0034290878283878487,6.284548070307027e-07,7.541457684368432e-09,0.0034290802610696947,1.0
2022-01-27,2022-01-28,2022-01-31,OK,0.01916550215086977,0.019357345490946247,0.00023228814589135497,0.01892876208601879,1.0
2022-01-28,2022-01-31,2022-02-01,OK,0.011818110183975092,0.03595749044347915,0.00043148988532174985,0.011381520903645415,0.9999999999999997
2022-01-31,2022-02-01,2022-02-02,OK,0.00011922628219163677,8.087378801224566e-08,9.70485456146948e-10,0.00011922531159047622,0.9999999999999999
2022-02-01,2022-02-02,2022-02-03,OK,-0.022359522650576592,0.0029947157716882877,3.593658926025945e-05,-0.022394655714855327,1.0000000000000002
2022-02-02,2022-02-03,2022-02-04,OK,0.015571621151905222,0.001992015839342153,2.3904190072105834e-05,0.015547344734841317,1.0
2022-02-03,2022-02-04,2022-02-07,OK,-0.00308754877081099,0.09293186830969345,0.0011151824197163215,-0.004199288010418023,0.9999999999999999
2022-02-04,2022-02-07,2022-02-08,OK,0.003860921910174756,0.03065072115755593,0.00036780865389067117,0.0034916931757935643,1.0
2022-02-07,2022-02-08,2022-02-09,OK,0.016626432827824687,0.11458258424448359,0.001374991010933803,0.015228580621208687,1.0000000000000002
2022-02-08,2022-02-09,2022-02-10,OK,-0.00511924898810343,0.019680183860057664,0.00023616220632069197,-0.005354202221288462,1.0
2022-02-09,2022-02-10,2022-02-11,OK,0.002991849172232841,0.1181882781809793,0.0014182593381717515,0.0015693466160342506,1.0
2022-02-10,2022-02-11,2022-02-14,OK,-0.005850329397845485,0.01745956671529979,0.0002095148005835975,-0.0060586184678319555,1.0
2022-02-11,2022-02-14,2022-02-15,OK,0.01239329134053325,0.0075159481299313805,9.019137755917657e-05,0.012301982194955707,1.0
2022-02-14,2022-02-15,2022-02-16,OK,0.005858121101781623,0.015036674903883414,0.00018044009884660096,0.005676623962984406,1.0
2022-02-15,2022-02-16,2022-02-17,OK,-0.017350445240254028,0.040347260710463684,0.0004841671285255642,-0.01782621185352895,1.0
2022-02-16,2022-02-17,2022-02-18,OK,-0.006749937046833823,2.639567615666952e-07,3.1674811388003425e-09,-0.0067499401929346226,1.0
2022-02-17,2022-02-18,2022-02-22,OK,-0.007795466736976078,0.11720606640128438,0.0014064727968154127,-0.009190975421887404,1.0
2022-02-18,2022-02-22,2022-02-23,OK,-0.0030010014216818523,0.12132886895504678,0.0014559464274605614,-0.004452578551843667,1.0
2022-02-22,2022-02-23,2022-02-24,OK,0.0012328856679590292,0.0011053035001643684,1.3263642001972422e-05,0.001219605673403068,1.0
2022-02-23,2022-02-24,2022-02-25,OK,0.026139483832600015,0.014637137539758899,0.0001756456504771068,0.025959246895482124,1.0
2022-02-24,2022-02-25,2022-02-28,OK,0.006144560187011186,0.035211115311577244,0.0004225333837389269,0.005719430521464952,1.0
2022-02-25,2022-02-28,2022-03-01,OK,-0.0012763188967890489,0.006562263296970506,7.874715956364608e-05,-0.0013549655498649171,1.0000000000000002
2022-02-28,2022-03-01,2022-03-02,OK,0.01833774544818907,0.07938059926155973,0.0009525671911387168,0.017367710322376828,0.9999999999999997
2022-03-01,2022-03-02,2022-03-03,OK,-6.462116621305141e-05,1.3204627616813722e-07,1.5845553140176466e-09,-6.4622750665988e-05,0.9999999999999998
2022-03-02,2022-03-03,2022-03-04,OK,-0.001959487513944732,0.00818664858505351,9.823978302064212e-05,-0.0020575347973370572,1.0
2022-03-03,2022-03-04,2022-03-07,OK,-0.03068003276381088,0.04958543336579689,0.0005950252003895627,-0.031256802571557274,1.0000000000000002
2022-03-04,2022-03-07,2022-03-08,OK,0.0017418754025503855,6.654901731637311e-08,7.985882077964773e-10,0.0017418746025712473,1.0
2022-03-07,2022-03-08,2022-03-09,OK,0.002765522846146941,0.005621481893048291,6.745778271657949e-05,0.002697878507391227,1.0
2022-03-08,2022-03-09,2022-03-10,OK,0.01833214887907914,7.513208594807093e-08,9.015850313768512e-10,0.01833214796096616,1.0
2022-03-09,2022-03-10,2022-03-11,OK,-0.007132092501104979,1.2087605881071988e-07,1.4505127057286385e-09,-0.007132093941272566,0.9999999999999998
2022-03-10,2022-03-11,2022-03-14,OK,-0.01865852530623424,2.6251502905976984e-07,3.150180348717238e-09,-0.01865852839763682,1.0
2022-03-11,2022-03-14,2022-03-15,OK,-0.0076995954931341325,9.179262529602009e-07,1.1015115035522411e-08,-0.007699606423437255,1.0
2022-03-14,2022-03-15,2022-03-16,OK,0.011135059964926294,0.0022898619390355353,2.7478343268426423e-05,0.011107275648657877,0.9999999999999997
2022-03-15,2022-03-16,2022-03-17,OK,0.01893736698487663,0.01404762480738703,0.00016857149768864437,0.018765603186873037,0.9999999999999998
2022-03-16,2022-03-17,2022-03-18,OK,0.010233340009064609,0.028004446542738037,0.00033605335851285645,0.009893847702272973,1.0
2022-03-17,2022-03-18,2022-03-21,OK,0.01927446229813282,8.791696828466067e-05,1.055003619415928e-06,0.019273386959886007,1.0
2022-03-18,2022-03-21,2022-03-22,OK,-0.0007137907815102788,0.0022553577884724236,2.7064293461669082e-05,-0.000740835756728675,1.0
2022-03-21,2022-03-22,2022-03-23,OK,0.011684718739262192,0.00037611788474294625,4.513414616915355e-06,0.011680152586664772,1.0
2022-03-22,2022-03-23,2022-03-24,OK,0.017334926232487696,0.006331388464427948,7.597666157313538e-05,0.017257632521090915,1.0
2022-03-23,2022-03-24,2022-03-25,OK,0.015215234402829235,1.4186433216376995e-07,1.7023719859652394e-09,0.015215232674555157,1.0
2022-03-24,2022-03-25,2022-03-28,OK,-0.01795819804520297,1.303690669299744e-07,1.564428803159693e-09,-0.017958199581537437,1.0
2022-03-25,2022-03-28,2022-03-29,OK,0.0020803943771122825,6.458471384111768e-08,7.750165660934121e-10,0.002080393600483399,0.9999999999999998
2022-03-28,2022-03-29,2022-03-30,OK,0.010717802379541052,8.629511402796037e-08,1.0355413683355245e-09,0.010717801332901011,0.9999999999999997
2022-03-29,2022-03-30,2022-03-31,OK,-0.0047547945782005245,7.430711607184978e-08,8.916853928621974e-10,-0.004754795465646056,1.0
2022-03-30,2022-03-31,2022-04-01,OK,0.0011147310102539035,8.670738162222974e-08,1.0404885794667569e-09,0.001114729968605399,1.0
2022-03-31,2022-04-01,2022-04-04,OK,0.005595951161924524,9.100188493291376e-08,1.092022619194965e-09,0.005595950063790989,0.9999999999999999
2022-04-01,2022-04-04,2022-04-05,OK,-0.010624921301148319,5.244483601768538e-08,6.293380322122246e-10,-0.010624921923799713,0.9999999999999999
2022-04-04,2022-04-05,2022-04-06,OK,-0.0043672148458598434,0.0016955613408719205,2.0346736090463046e-05,-0.004387472723382357,1.0
2022-04-05,2022-04-06,2022-04-07,OK,0.01535922395708535,0.0037176680013867743,4.461201601664129e-05,0.015313926735123662,1.0
2022-04-06,2022-04-07,2022-04-08,OK,0.008967516322332806,0.00048473112510558894,5.816773501267067e-06,0.008961647386820148,1.0
2022-04-07,2022-04-08,2022-04-11,OK,-0.015215288096734315,0.0013741124345601965,1.6489349214722356e-05,-0.015231526555750219,1.0
2022-04-08,2022-04-11,2022-04-12,OK,0.00783289564847623,0.02431948503046843,0.00029183382036562116,0.007538775924249119,1.0
2022-04-11,2022-04-12,2022-04-13,OK,0.018107031273111238,3.825380514561845e-05,4.590456617474214e-07,0.018106563915495366,1.0
2022-04-12,2022-04-13,2022-04-14,OK,-0.00853567540575089,1.1738449026150116e-07,1.408613883138014e-09,-0.008535676802341241,1.0000000000000002
2022-04-13,2022-04-14,2022-04-18,OK,0.01728005548078078,1.833569464959154e-07,2.200283357950985e-09,0.01728005324247639,1.0
2022-04-14,2022-04-18,2022-04-19,OK,0.01072873484293652,0.003099711179613883,3.71965341553666e-05,0.010691139237029246,1.0
2022-04-18,2022-04-19,2022-04-20,OK,0.0048241260928445755,1.1379207346572719e-07,1.3655048815887262e-09,0.004824124720752332,1.0
2022-04-19,2022-04-20,2022-04-21,OK,-0.020023400707132103,1.544332637706285e-07,1.8531991652475421e-09,-0.020023402523223988,1.0
2022-04-20,2022-04-21,2022-04-22,OK,-0.03485582588371025,9.545603853772403e-08,1.1454724624526883e-09,-0.03485582698925638,1.0
2022-04-21,2022-04-22,2022-04-25,OK,-0.014301552676639958,9.180395849506879e-08,1.1016475019408255e-09,-0.014301553762532171,1.0
2022-04-22,2022-04-25,2022-04-26,OK,-0.009029793732659145,9.354843289567812e-08,1.1225811947481375e-09,-0.009029794845103689,1.0
2022-04-25,2022-04-26,2022-04-27,OK,0.008777912946034437,0.0012031941844128763,1.4438330212954516e-05,0.008763347877415617,1.0
2022-04-26,2022-04-27,2022-04-28,OK,0.009792244510019556,0.0022430208096847638,2.6916249716217164e-05,0.00976506468980487,1.0
2022-04-27,2022-04-28,2022-04-29,OK,-0.023843496249233268,0.0009570053818489291,1.148406458218715e-05,-0.023854706493564692,1.0
2022-04-28,2022-04-29,2022-05-02,OK,-0.0022242794204650916,0.10116840076167695,0.0012140208091401235,-0.0034355999081034927,0.9999999999999999
2022-04-29,2022-05-02,2022-05-03,OK,0.020120108588385064,5.8106374917737287e-08,6.972764990128474e-10,0.020120107877079407,1.0
2022-05-02,2022-05-03,2022-05-04,OK,0.03810257348096244,3.8959386610299754e-07,4.675126393235971e-09,0.03810256862770167,1.0
2022-05-03,2022-05-04,2022-05-05,OK,-0.03726499417375829,0.06257562583869003,0.0007509075100642804,-0.0379879191198349,0.9999999999999998
2022-05-04,2022-05-05,2022-05-06,OK,0.0063682267195216136,0.0132363729929805,0.000158836475915766,0.0062083787369158205,1.0
2022-05-05,2022-05-06,2022-05-09,OK,-0.05678274781976033,0.00989799445128174,0.00011877593341538088,-0.05689477932930154,1.0000000000000002
2022-05-06,2022-05-09,2022-05-10,OK,0.004721289949000398,0.08748444592131817,0.001049813351055818,0.003666520124721906,0.9999999999999999
2022-05-09,2022-05-10,2022-05-11,OK,0.006611517543570253,0.011404140060782057,0.00013684968072938468,0.006473763078775896,1.0000000000000002
2022-05-10,2022-05-11,2022-05-12,OK,0.002036873152938819,0.011404103592663422,0.00013684924311196107,0.0018997451652775776,1.0
2022-05-11,2022-05-12,2022-05-13,OK,0.018447424896445252,3.823626831335197e-08,4.5883521976022365e-10,0.01844742442914571,1.0
2022-05-12,2022-05-13,2022-05-16,OK,0.012318600613219557,3.8089330368932854e-08,4.5707196442719425e-10,0.012318600150517334,1.0
2022-05-13,2022-05-16,2022-05-17,OK,0.020637315629426743,0.0025763789668478802,3.091654760217456e-05,0.02060576104727363,1.0
2022-05-16,2022-05-17,2022-05-18,OK,-0.02592300856425269,4.405673139134276e-08,5.286807766961131e-10,-0.0259230090792284,1.0
2022-05-17,2022-05-18,2022-05-19,OK,0.0016275195109037078,0.009775332067496749,0.000117303984809961,0.0015100246115697935,1.0
2022-05-18,2022-05-19,2022-05-20,OK,0.0030707911299329804,4.960235253789751e-08,5.952282304547701e-10,0.0030707905328770657,1.0
2022-05-19,2022-05-20,2022-05-23,OK,0.024268065056661438,4.838714178995958e-08,5.806457014795149e-10,0.02426806446192442,1.0
2022-05-20,2022-05-23,2022-05-24,OK,-0.014099119711126004,0.00241410920990129,2.896931051881548e-05,-0.014127680579867796,1.0
2022-05-23,2022-05-24,2022-05-25,OK,0.020389833594794123,0.007677958546241976,9.213550255490371e-05,0.020295819464673848,1.0
2022-05-24,2022-05-25,2022-05-26,OK,0.014795517651652365,6.247070982084565e-08,7.496485178501478e-10,0.014795516890912408,1.0
2022-05-25,2022-05-26,2022-05-27,OK,0.016270326012867018,4.4477954835961997e-08,5.337354580315439e-10,0.01627032547044749,1.0
2022-05-26,2022-05-27,2022-05-31,OK,-0.018610419849216197,5.26297091307967e-08,6.315565095695604e-10,-0.018610420469019173,0.9999999999999999
2022-05-27,2022-05-31,2022-06-01,OK,0.006909598025081224,0.007087416487043238,8.504899784451886e-05,0.00682396137284913,1.0
2022-05-31,2022-06-01,2022-06-02,OK,0.0005831606611859958,0.021351617626997783,0.0002562194115239734,0.000326791832580442,1.0
2022-06-01,2022-06-02,2022-06-03,OK,0.006077759485200186,2.883122700395497e-07,3.4597472404745964e-09,0.006077756004425394,1.0000000000000002
2022-06-02,2022-06-03,2022-06-06,OK,0.005298267472800798,0.003100009942409138,3.720011930890966e-05,0.005260870257309813,0.9999999999999998
2022-06-03,2022-06-06,2022-06-07,OK,0.02728803364961059,0.005392332336924878,6.470798804309854e-05,0.027221559907812276,1.0
2022-06-06,2022-06-07,2022-06-08,OK,-0.012166153200587108,0.011280792321438707,0.00013536950785726447,-0.012299875782273095,1.0
2022-06-07,2022-06-08,2022-06-09,OK,-0.027008185577022434,0.0007685883264972359,9.223059917966831e-06,-0.027017159538826663,1.0000000000000002
2022-06-08,2022-06-09,2022-06-10,OK,-0.026566733498342158,5.771798860657533e-07,6.9261586327890395e-09,-0.026566740240495434,1.0
2022-06-09,2022-06-10,2022-06-13,OK,-0.04988790336301909,1.3588391600643177e-07,1.6306069920771813e-09,-0.04988790491227846,1.0
2022-06-10,2022-06-13,2022-06-14,OK,0.007928630992752003,0.0020634729488282597,2.4761675385939116e-05,0.007903672991179223,1.0
2022-06-13,2022-06-14,2022-06-15,OK,-0.010257553182407222,0.030924311025251373,0.0003710917323030165,-0.010624838421530503,1.0
2022-06-14,2022-06-15,2022-06-16,OK,-0.051360564285432384,0.0048686915276125835,5.8424298331351005e-05,-0.05141598787883339,1.0000000000000002
2022-06-15,2022-06-16,2022-06-17,OK,-0.03591418848071043,9.580647791636322e-08,1.1496777349963586e-09,-0.03591418958909831,1.0
2022-06-16,2022-06-17,2022-06-21,OK,0.02608354089258967,6.728860123611535e-08,8.074632148333843e-10,0.02608354006406488,1.0
2022-06-17,2022-06-21,2022-06-22,OK,-0.03992314124330711,0.014259297260944489,0.00017111156713133386,-0.040087421499175435,1.0
2022-06-21,2022-06-22,2022-06-23,OK,-0.04040472332510696,4.846789424914151e-07,5.8161473098969815e-09,-0.04040472890625446,0.9999999999999999
2022-06-22,2022-06-23,2022-06-24,OK,0.01782417487652619,0.08662372945356765,0.0010394847534428119,0.016766162165056553,1.0
2022-06-23,2022-06-24,2022-06-27,OK,0.024377486611521473,0.015973768678047024,0.0001916852241365643,0.024181128583399714,0.9999999999999999
2022-06-24,2022-06-27,2022-06-28,OK,0.0033409578653933033,0.13719961896313165,0.0016463954275575798,0.0016890619000824447,1.0
2022-06-27,2022-06-28,2022-06-29,OK,-0.028036723672270114,0.040052386730466266,0.0004806286407655952,-0.0285038770606455,1.0
2022-06-28,2022-06-29,2022-06-30,OK,-0.01827683806513827,1.1042270923377876e-05,1.325072510805345e-07,-0.01827696815057578,1.0
2022-06-29,2022-06-30,2022-07-01,OK,0.015316854927959022,8.513249240002304e-08,1.0215899088002765e-09,0.015316853890721571,1.0
2022-06-30,2022-07-01,2022-07-05,OK,-0.02929948516277449,9.201921323284585e-06,1.1042305587941501e-07,-0.029299592350491732,1.0
2022-07-01,2022-07-05,2022-07-06,OK,-0.008641704432145804,0.006439745661038661,7.727694793246393e-05,-0.008718313575534875,1.0
2022-07-05,2022-07-06,2022-07-07,OK,0.034196408355407784,0.02472464490439109,0.0002966957388526931,0.03388956668791199,1.0
2022-07-06,2022-07-07,2022-07-08,OK,-0.004313337525506344,0.04143467821966227,0.0004972161386359472,-0.00480840900311319,1.0
2022-07-07,2022-07-08,2022-07-11,OK,-0.006021028683748785,4.9925941328777656e-08,5.991112959453319e-10,-0.006021029279252854,1.0
2022-07-08,2022-07-11,2022-07-12,OK,-0.010972970990100295,0.004498380879548921,5.398057055458706e-05,-0.011026359233420213,1.0
2022-07-11,2022-07-12,2022-07-13,OK,-0.0025547180141758216,6.429727536671843e-06,7.715673044006212e-08,-0.002554794973792629,1.0
2022-07-12,2022-07-13,2022-07-14,OK,-0.013166345253090836,0.0009317177349366674,1.118061281924001e-05,-0.013177378658101535,1.0
2022-07-13,2022-07-14,2022-07-15,OK,0.02752596345208755,0.01896944877366368,0.0002276333852839642,0.027292064238559677,1.0
2022-07-14,2022-07-15,2022-07-18,OK,0.010976824511279659,3.1381451428791507e-07,3.765774171454981e-09,0.010976820704169166,1.0000000000000002
2022-07-15,2022-07-18,2022-07-19,OK,0.024458480360098706,6.654713046587137e-08,7.985655655904564e-10,0.024458479542001532,1.0
2022-07-18,2022-07-19,2022-07-20,OK,0.011403493210057203,0.05187996703211976,0.0006225596043854371,0.01077383425145051,0.9999999999999999
2022-07-19,2022-07-20,2022-07-21,OK,0.0012645594597027738,0.002110865549876215,2.5330386598514577e-05,0.001239197041324358,1.0
2022-07-20,2022-07-21,2022-07-22,OK,-0.020287948343779807,3.772775686566711e-08,4.527330823880053e-10,-0.02028794878732787,1.0
2022-07-21,2022-07-22,2022-07-25,OK,0.03171825311620513,0.01700106355454636,0.00020401276265455634,0.03150776942510558,1.0
2022-07-22,2022-07-25,2022-07-26,OK,-0.0083018657532714,7.037513153951873e-06,8.445015784742248e-08,-0.008301949502335426,1.0000000000000002
2022-07-25,2022-07-26,2022-07-27,OK,0.025268747337642505,0.03361044104487401,0.0004033252925384882,0.024855230520191895,0.9999999999999999
2022-07-26,2022-07-27,2022-07-28,OK,0.005614478829086904,0.015735187472276473,0.00018882224966731767,0.005424596440896323,1.0
2022-07-27,2022-07-28,2022-07-29,OK,0.02982275461068204,0.02611551427584885,0.0003133861713101862,0.029500022400486436,1.0
2022-07-28,2022-07-29,2022-08-01,OK,-0.011052664450743613,0.043150730870183916,0.000517808770442207,-0.011564750054596451,0.9999999999999998
2022-07-29,2022-08-01,2022-08-02,OK,0.002484520682309769,3.644861649598091e-07,4.373833979517709e-09,0.0024845162976090407,1.0000000000000004
2022-08-01,2022-08-02,2022-08-03,OK,-0.013328298540874745,0.0038787164888673814,4.6544597866408575e-05,-0.013374222778445355,1.0
2022-08-02,2022-08-03,2022-08-04,OK,-0.014486657801691132,0.017108024873039338,0.00020529629847647208,-0.014688980042943611,1.0
2022-08-03,2022-08-04,2022-08-05,OK,0.012641979191373073,0.005275729256330223,6.330875107596268e-05,0.012577870092383314,1.0
2022-08-04,2022-08-05,2022-08-08,OK,0.003288081295559209,1.0684762354498705e-06,1.2821714825398447e-08,0.003288068431685387,0.9999999999999999
2022-08-05,2022-08-08,2022-08-09,OK,0.021088498786278827,0.01643533991699185,0.0001972240790039022,0.020887115547524093,0.9999999999999999
2022-08-08,2022-08-09,2022-08-10,OK,0.013718711914555592,0.022275707979717695,0.00026730849575661237,0.013447736290553403,1.0
2022-08-09,2022-08-10,2022-08-11,OK,0.015077675498468217,0.0024938706983665755,2.992644838039891e-05,0.015047297828810313,1.0
2022-08-10,2022-08-11,2022-08-12,OK,0.012318446921472832,0.013369833732543523,0.00016043800479052228,0.012156032569636155,0.9999999999999998
2022-08-11,2022-08-12,2022-08-15,OK,-0.009390887493398335,0.005135487137992712,6.162584565591254e-05,-0.00945193461767102,1.0000000000000002
2022-08-12,2022-08-15,2022-08-16,OK,0.004337074442578727,1.0542901023790889e-06,1.2651481228549067e-08,0.004337061736227277,1.0
2022-08-15,2022-08-16,2022-08-17,OK,0.00020934195875776826,2.4835898385090055e-07,2.9803078062108068e-09,0.0002093389778259347,1.0
2022-08-16,2022-08-17,2022-08-18,OK,0.012749732030589024,0.0037587068330962124,4.510448199715455e-05,0.012704052478532901,1.0
2022-08-17,2022-08-18,2022-08-19,OK,-0.0055423281161132145,4.335479015371275e-08,5.20257481844553e-10,-0.005542328633487248,0.9999999999999998
2022-08-18,2022-08-19,2022-08-22,OK,-0.012061093005625528,0.007889132166916514,9.466958600299817e-05,-0.012154620772946934,0.9999999999999999
2022-08-19,2022-08-22,2022-08-23,OK,0.023330250577694563,3.039103387887365e-05,3.646924065464838e-07,0.023329877376923047,1.0
2022-08-22,2022-08-23,2022-08-24,OK,0.008550129016963764,2.820001508905079e-07,3.384001810686095e-09,0.008550125604028347,1.0
2022-08-23,2022-08-24,2022-08-25,OK,0.02400540918727972,1.0812158921409627e-07,1.2974590705691552e-09,0.024005407858674666,1.0
2022-08-24,2022-08-25,2022-08-26,OK,-0.015233195526385749,0.006935811012049021,8.322973214458825e-05,-0.015315157403747004,1.0
2022-08-25,2022-08-26,2022-08-29,OK,0.004035389001293273,7.894151285662424e-05,9.472981542794909e-07,0.004034437880422459,1.0
2022-08-26,2022-08-29,2022-08-30,OK,-0.032427003031474534,6.035453689076335e-08,7.242544426891602e-10,-0.0324270037322435,0.9999999999999999
2022-08-29,2022-08-30,2022-08-31,OK,-0.009906329163079987,8.514156187406016e-08,1.0216987424887218e-09,-0.009906330174657474,1.0
2022-08-30,2022-08-31,2022-09-01,OK,-0.02598272258318471,1.5298663741242142e-06,1.835839648949057e-08,-0.025982740464580045,1.0000000000000002
2022-08-31,2022-09-01,2022-09-02,OK,0.012175152231716795,6.25885414966574e-08,7.510624979598888e-10,0.012175151471510048,1.0
2022-09-01,2022-09-02,2022-09-06,OK,-0.0007569516153757988,9.730753279988327e-08,1.1676903935985992e-09,-0.0007569527821823518,1.0
2022-09-02,2022-09-06,2022-09-07,OK,0.0020042863120260544,4.600272031111428e-06,5.5203264373337136e-08,0.002004230998118528,1.0
2022-09-06,2022-09-07,2022-09-08,OK,0.012750561312301683,2.2948565136540186e-06,2.7538278163848224e-08,0.012750533422895005,1.0000000000000002
2022-09-07,2022-09-08,2022-09-09,OK,0.023128341250625985,2.0377928697731963e-06,2.4453514437278356e-08,0.023128316231542323,1.0
2022-09-08,2022-09-09,2022-09-12,OK,0.00030186396829673634,1.0050160393099492e-06,1.2060192471719392e-08,0.00030185190446374577,1.0
2022-09-09,2022-09-12,2022-09-13,OK,-0.028671346786250735,2.7049885981390537e-07,3.2459863177668647e-09,-0.02867134993917031,0.9999999999999998
2022-09-12,2022-09-13,2022-09-14,OK,-0.017320893753687942,0.00036627586106404163,4.395310332768499e-06,-0.017325212933317458,1.0
2022-09-13,2022-09-14,2022-09-15,OK,-0.01709547035179861,0.007420356319703599,8.904427583644319e-05,-0.017182992373857453,1.0
2022-09-14,2022-09-15,2022-09-16,OK,-0.01048524334148832,0.060654579924870146,0.0007278549590984417,-0.011205466564223387,1.0
2022-09-15,2022-09-16,2022-09-19,OK,0.010040991899338608,0.04069139731876145,0.0004882967678251374,0.009547792147623468,0.9999999999999997
2022-09-16,2022-09-19,2022-09-20,OK,-0.0049334077450898595,0.018306151007900225,0.0002196738120948027,-0.005151997816698617,1.0
2022-09-19,2022-09-20,2022-09-21,OK,-0.020976256093793798,0.0005311893125216197,6.374271750259437e-06,-0.020982496657187433,1.0000000000000002
2022-09-20,2022-09-21,2022-09-22,OK,-0.012973548148777594,2.5123164336664873e-06,3.014779720399785e-08,-0.01297357790545095,1.0
2022-09-21,2022-09-22,2022-09-23,OK,-0.04112773957402031,0.014808706550560968,0.00017770447860673163,-0.041298135469109765,1.0
2022-09-22,2022-09-23,2022-09-26,OK,-0.01644616029378879,0.0013361147048764248,1.6033376458517097e-05,-0.016461929982767964,0.9999999999999999
2022-09-23,2022-09-26,2022-09-27,OK,0.015917241115540763,1.501753159634183e-06,1.80210379156102e-08,0.015917222807657838,1.0
2022-09-26,2022-09-27,2022-09-28,OK,0.04108364122336691,1.2829968859984754e-07,1.5395962631981706e-09,0.04108363962051831,1.0
2022-09-27,2022-09-28,2022-09-29,OK,-0.012104383911518395,4.925977107477622e-07,5.911172528973146e-09,-0.01210438975113981,1.0
2022-09-28,2022-09-29,2022-09-30,OK,-0.005805790752039349,2.9209039475729647e-06,3.5050847370875574e-08,-0.005805825599388803,1.0000000000000002
2022-09-29,2022-09-30,2022-10-03,OK,0.040685443742084174,7.71603371606243e-08,9.259240459274916e-10,0.04068544277848862,1.0
2022-09-30,2022-10-03,2022-10-04,OK,0.03849314349004289,0.005060807746351342,6.072969295621611e-05,0.03843007612030158,1.0
2022-10-03,2022-10-04,2022-10-05,OK,0.002130020583523169,0.022599070733732515,0.0002711888488047902,0.0018582540968883343,1.0
2022-10-04,2022-10-05,2022-10-06,OK,0.00383794258288407,0.014412463895657833,0.000172949566747894,0.0036643292456293164,1.0
2022-10-05,2022-10-06,2022-10-07,OK,-0.014086520164223558,4.805511441077532e-07,5.7666137292930386e-09,-0.014086525849605791,1.0
2022-10-06,2022-10-07,2022-10-10,OK,-0.005919752282681478,2.8791830489190827e-07,3.4550196587028994e-09,-0.005919755717248232,1.0
2022-10-07,2022-10-10,2022-10-11,OK,-0.006488751773174402,3.727178628765669e-07,4.472614354518803e-09,-0.006488756216767144,0.9999999999999998
2022-10-10,2022-10-11,2022-10-12,OK,0.009934750701866396,8.547262823189204e-08,1.0256715387827045e-09,0.009934749666004938,1.0
2022-10-11,2022-10-12,2022-10-13,OK,0.035163393143173086,5.531985913473361e-08,6.638383096168034e-10,0.03516339245599198,1.0
2022-10-12,2022-10-13,2022-10-14,OK,-0.035640646592718025,5.1425689680867526e-08,6.171082761704103e-10,-0.03564064718783211,1.0
2022-10-13,2022-10-14,2022-10-17,OK,0.01513742439186687,8.812565207459364e-08,1.0575078248951238e-09,0.015137423318351217,1.0
2022-10-14,2022-10-17,2022-10-18,OK,0.013417733554689202,6.27909762978702e-08,7.534917155744424e-10,0.013417732791087378,0.9999999999999999
2022-10-17,2022-10-18,2022-10-19,OK,0.002821373016824973,0.047013405316005986,0.0005641608637920718,0.0022556204447945483,1.0
2022-10-18,2022-10-19,2022-10-20,OK,0.014469045336817015,1.1678460570515932e-07,1.4014152684619118e-09,0.014469043915124491,1.0
2022-10-19,2022-10-20,2022-10-21,OK,0.035668644099203485,0.016057282356942763,0.00019268738828331314,0.035469083813045144,0.9999999999999999
2022-10-20,2022-10-21,2022-10-24,OK,0.0024104715449868664,0.0011110240485672752,1.3332288582807303e-05,0.0023971071193018556,1.0
2022-10-21,2022-10-24,2022-10-25,OK,0.007474082715772275,1.0908900464270758e-07,1.309068055712491e-09,0.007474081396920074,1.0
2022-10-24,2022-10-25,2022-10-26,OK,-0.0021830011618443764,0.0010869744606963828,1.3043693528356594e-05,-0.0021960163809745525,1.0000000000000002
2022-10-25,2022-10-26,2022-10-27,OK,0.0009304259161881787,0.0009060065816840733,1.087207898020888e-05,0.0009195437215439028,1.0
2022-10-26,2022-10-27,2022-10-28,OK,0.0013326462057037425,1.7285749175037442e-07,2.0742899010044932e-09,0.0013326441286496404,1.0
2022-10-27,2022-10-28,2022-10-31,OK,-0.003571081353665758,0.006124989917775533,7.349987901330639e-05,-0.0036443187586316927,1.0
2022-10-28,2022-10-31,2022-11-01,OK,0.020616176440634952,7.212713729707101e-08,8.655256475648522e-10,0.02061617555726558,1.0
2022-10-31,2022-11-01,2022-11-02,OK,-0.03683830693692685,4.128260007305968e-08,4.953912008767162e-10,-0.03683830741406857,1.0
2022-11-01,2022-11-02,2022-11-03,OK,0.009269242396247638,5.150161854065857e-06,6.180194224879028e-08,0.009269180021448387,0.9999999999999999
2022-11-02,2022-11-03,2022-11-04,OK,0.009087691949826884,1.372447732717477e-07,1.6469372792609726e-09,0.009087690287922667,0.9999999999999999
2022-11-03,2022-11-04,2022-11-07,OK,0.010195815994761439,5.292582623375152e-08,6.351099148050183e-10,0.010195815353176041,1.0
2022-11-04,2022-11-07,2022-11-08,OK,0.0007888560008980411,0.1937446849672928,0.0023249362196075137,-0.001537914258598061,1.0
2022-11-07,2022-11-08,2022-11-09,OK,-0.033768099216964595,2.3400824920383548e-08,2.8080989904460257e-10,-0.03376809948829207,0.9999999999999999
2022-11-08,2022-11-09,2022-11-10,OK,0.03286489654468788,2.7060277048643333e-08,3.2472332458372e-10,0.03286489620929256,0.9999999999999999
2022-11-09,2022-11-10,2022-11-11,OK,0.017822911009306774,0.012311192252153713,0.00014773430702584456,0.017672543646873873,1.0
2022-11-10,2022-11-11,2022-11-14,OK,0.007266973751434452,0.016975433057697074,0.00020370519669236489,0.007061788234424604,1.0
2022-11-11,2022-11-14,2022-11-15,OK,0.004030356780034262,0.038204479128862365,0.0004584537495463484,0.0035700552983100042,1.0
2022-11-14,2022-11-15,2022-11-16,OK,-0.013960928440127933,0.01433575097721555,0.00017202901172658658,-0.014130555767132291,1.0
2022-11-15,2022-11-16,2022-11-17,OK,0.006446136004380016,2.1641969389667366e-08,2.597036326760084e-10,0.006446135743002346,1.0
2022-11-16,2022-11-17,2022-11-18,OK,-0.0023532062133160107,0.010714745744433596,0.00012857694893320316,-0.002481480594174079,1.0
2022-11-17,2022-11-18,2022-11-21,OK,0.0032210867735227634,0.016863941379370175,0.0002023672965524421,0.0030180676343480872,1.0
2022-11-18,2022-11-21,2022-11-22,OK,0.031996924413598936,0.029914100286329157,0.0003589692034359499,0.03162646929969393,1.0
2022-11-21,2022-11-22,2022-11-23,OK,-0.013102514555149205,5.140308237317862e-08,6.168369884781434e-10,-0.01310251516390415,1.0
2022-11-22,2022-11-23,2022-11-25,OK,-0.0017606358002607973,0.040953777402372736,0.0004914453288284729,-0.002251215872849488,1.0
2022-11-23,2022-11-25,2022-11-28,OK,-0.01822603138720194,0.006926442881852085,8.311731458222503e-05,-0.018307633802999712,1.0
2022-11-25,2022-11-28,2022-11-29,OK,0.005245901107397928,0.006926657525189535,8.311989030227442e-05,0.005162345178371108,1.0
2022-11-28,2022-11-29,2022-11-30,OK,0.0068243229920279674,0.07214427865138581,0.0008657313438166298,0.0059526836178969145,1.0
2022-11-29,2022-11-30,2022-12-01,OK,-0.00021244818077873113,0.05177508578184882,0.0006213010293821858,-0.0008336172158874833,0.9999999999999999
2022-11-30,2022-12-01,2022-12-02,OK,0.005401362322061961,0.07742892666824584,0.0009291471200189501,0.00446719654179728,1.0
2022-12-01,2022-12-02,2022-12-05,OK,-0.027234736361663483,0.01664723573275023,0.00019976682879300274,-0.0274290625935405,1.0
2022-12-02,2022-12-05,2022-12-06,OK,-0.009849047786428488,0.11068309149031828,0.0013281970978838195,-0.011164163407625383,1.0
2022-12-05,2022-12-06,2022-12-07,OK,-0.0014194082123420307,0.019412189924219933,0.0002329462790906392,-0.00165202384557106,0.9999999999999997
2022-12-06,2022-12-07,2022-12-08,OK,0.006382736868931125,0.021208784560145074,0.0002545054147217409,0.006126607013115404,1.0
2022-12-07,2022-12-08,2022-12-09,OK,-0.01728208646731474,0.0007983633675425459,9.580360410510552e-06,-0.017291501259108277,1.0
2022-12-08,2022-12-09,2022-12-12,OK,0.01991734153537259,0.006217560091486354,7.461072109783625e-05,0.019841244767060395,0.9999999999999999
2022-12-09,2022-12-12,2022-12-13,OK,0.004996253664700151,0.004556764334325719,5.4681172011908624e-05,0.0049412992916821885,1.0
2022-12-12,2022-12-13,2022-12-14,OK,-0.007862091079882743,0.0015484341577009875,1.858120989241185e-05,-0.007880526202610594,1.0
2022-12-13,2022-12-14,2022-12-15,OK,-0.03672718372204665,0.024462811950426277,0.00029355374340511535,-0.03700995606318547,1.0000000000000002
2022-12-14,2022-12-15,2022-12-16,OK,-0.006845956162153991,2.158274332925169e-05,2.589929199510203e-07,-0.00684621338201985,1.0000000000000002
2022-12-15,2022-12-16,2022-12-19,OK,0.0002614726865198546,0.0076025584801033925,9.123070176124072e-05,0.00017021813042195078,1.0000000000000002
2022-12-16,2022-12-19,2022-12-20,OK,0.014298370165689618,1.3724276854932486e-05,1.6469132225918984e-07,0.014298203119549768,1.0
2022-12-19,2022-12-20,2022-12-21,OK,0.01597428530644244,8.426456060136667e-08,1.0111747272164e-09,0.015974284279114848,1.0
2022-12-20,2022-12-21,2022-12-22,OK,-0.021311748572518698,2.9501733949088274e-08,3.5402080738905927e-10,-0.021311748918994677,1.0
2022-12-21,2022-12-22,2022-12-23,OK,0.011641545602825772,0.00996949609179799,0.00011963395310157589,0.011520518925603573,1.0
2022-12-22,2022-12-23,2022-12-27,OK,0.0006503665579354187,0.008798372951069394,0.00010558047541283273,0.000544717416512075,1.0
2022-12-23,2022-12-27,2022-12-28,OK,-0.017839795949221835,1.0218290043173327e-06,1.2261948051807994e-08,-0.017839807992419132,1.0
2022-12-27,2022-12-28,2022-12-29,OK,0.008349778883857002,0.04200173174528477,0.0005040207809434172,0.007841549640839718,1.0
2022-12-28,2022-12-29,2022-12-30,OK,-0.0027822996752735704,5.8995415337221104e-08,7.079449840466533e-10,-0.0027823003812488256,1.0
2022-12-29,2022-12-30,2023-01-03,OK,-0.022578944644387044,0.014282379586195628,0.00017138855503434755,-0.022746463426724595,1.0
2022-12-30,2023-01-03,2023-01-04,OK,0.01315485285158054,3.5415461043397604e-06,4.2498553252077126e-08,0.013154809793965105,0.9999999999999998
2023-01-03,2023-01-04,2023-01-05,OK,0.011936340543095319,5.541122592307407e-07,6.6493471107688885e-09,0.011936333814379196,1.0000000000000002
2023-01-04,2023-01-05,2023-01-06,OK,0.029458965980539268,0.013018092856818975,0.0001562171142818277,0.02929814687160226,1.0
2023-01-05,2023-01-06,2023-01-09,OK,-0.012286965009087169,5.985745025832435e-08,7.182894030998921e-10,-0.012286965718551035,1.0
2023-01-06,2023-01-09,2023-01-10,OK,0.02394317784009682,0.009791581126623478,0.00011749897351948174,0.023822865567758367,1.0
2023-01-09,2023-01-10,2023-01-11,OK,0.010487978664258315,0.009788633542889953,0.00011746360251467943,0.010369283105986504,1.0
2023-01-10,2023-01-11,2023-01-12,OK,0.01010550145999705,3.729030549607838e-08,4.4748366595294053e-10,0.010105501007991347,1.0
2023-01-11,2023-01-12,2023-01-13,OK,0.007002935715796759,2.2471053314009941e-07,2.6965263976811932e-09,0.00700293300038668,1.0
2023-01-12,2023-01-13,2023-01-17,OK,-0.0052132860696873515,0.07785836461516728,0.0009343003753820074,-0.006142715669937515,1.0
2023-01-13,2023-01-17,2023-01-18,OK,-0.009253777734793913,7.313412613031879e-08,8.776095135638255e-10,-0.009253778604282337,1.0000000000000002
2023-01-17,2023-01-18,2023-01-19,OK,-0.0030871534534076686,0.0014220036346950854,1.7064043616341026e-05,-0.0031041648177029257,0.9999999999999998
2023-01-18,2023-01-19,2023-01-20,OK,0.021364784405062186,0.010085772885798889,0.00012102927462958667,0.021241169366073454,1.0
2023-01-19,2023-01-20,2023-01-23,OK,0.008378501211987965,0.014589401887120178,0.00017507282264544213,0.008201961541485892,1.0
2023-01-20,2023-01-23,2023-01-24,OK,0.005994457210019363,3.227334396067253e-08,3.8728012752807035e-10,0.005994456820417771,0.9999999999999999
2023-01-23,2023-01-24,2023-01-25,OK,0.009438652139812898,0.006717080356329336,8.060496427595203e-05,0.009357286373318452,1.0
2023-01-24,2023-01-25,2023-01-26,OK,0.04898260226612218,2.52070286772397e-08,3.024843441268764e-10,0.048982601948821314,1.0
2023-01-25,2023-01-26,2023-01-27,OK,-0.02489069181159998,1.3405617016609909e-06,1.608674041993189e-08,-0.02489070749793021,0.9999999999999998
2023-01-26,2023-01-27,2023-01-30,OK,-0.0174627234754887,1.0668423361377036e-06,1.2802108033652443e-08,-0.01746273605403703,1.0
2023-01-27,2023-01-30,2023-01-31,OK,-0.0049710453921272026,0.011981760843894209,0.00014378113012673052,-0.0051141117797295355,1.0
2023-01-30,2023-01-31,2023-02-01,OK,0.0070193849520306375,0.019879814925429028,0.00023855777910514834,0.006779152644040609,1.0
2023-01-31,2023-02-01,2023-02-02,OK,0.0008078912352690309,0.011019210485348898,0.0001322305258241868,0.00067555388156193,1.0
2023-02-01,2023-02-02,2023-02-03,OK,-0.0017398294555500443,0.008548326108513556,0.00010257991330216268,-0.0018422308972975143,1.0
2023-02-02,2023-02-03,2023-02-06,OK,-0.017275240182029056,0.014368020223249792,0.0001724162426789975,-0.01744467789270454,0.9999999999999999
2023-02-03,2023-02-06,2023-02-07,OK,0.020884776682112534,0.0037572738084106867,4.5087285700928244e-05,0.020838747758518572,1.0
2023-02-06,2023-02-07,2023-02-08,OK,-0.004652522601070449,0.061351377138038544,0.0007362165256564625,-0.005385313862702024,1.0
2023-02-07,2023-02-08,2023-02-09,OK,-0.010851319393736987,0.01432956446188233,0.00017195477354258796,-0.01102140823111053,1.0
2023-02-08,2023-02-09,2023-02-10,OK,0.01525455216940038,6.682654856259643e-08,8.019185827511573e-10,0.015254551355248891,1.0
2023-02-09,2023-02-10,2023-02-13,OK,0.013592313331137909,9.192871130963954e-08,1.1031445357156744e-09,0.013592312212999058,1.0000000000000002
2023-02-10,2023-02-13,2023-02-14,OK,0.010405536224364725,3.316220047518041e-08,3.979464057021649e-10,0.010405535822277434,1.0
2023-02-13,2023-02-14,2023-02-15,OK,-0.006151634435148587,5.0244134021603555e-08,6.029296082592427e-10,-0.006151635034369107,1.0
2023-02-14,2023-02-15,2023-02-16,OK,-0.010102240041685568,0.006194005484002653,7.432806580803183e-05,-0.010175817227530914,0.9999999999999998
2023-02-15,2023-02-16,2023-02-17,OK,-0.021393814558178074,0.004882423814596502,5.8589085775158024e-05,-0.021451150199917057,1.0
2023-02-16,2023-02-17,2023-02-21,OK,-0.015726820585593167,6.998866591415452e-08,8.398639909698543e-10,-0.01572682141224868,1.0000000000000002
2023-02-17,2023-02-21,2023-02-22,OK,-0.003547603111148492,9.907647348477181e-05,1.188917681817262e-06,-0.0035487878110223026,1.0
2023-02-21,2023-02-22,2023-02-23,OK,0.010056524880992774,6.07502698294526e-08,7.290032379534312e-10,0.010056524144658407,1.0
2023-02-22,2023-02-23,2023-02-24,OK,-0.0033504427771213637,4.505353627814145e-07,5.406424353376974e-09,-0.0033504481654317297,1.0
2023-02-23,2023-02-24,2023-02-27,OK,0.012450067507973247,0.030823492021205753,0.00036988190425446906,0.012075580549040899,1.0
2023-02-24,2023-02-27,2023-02-28,OK,0.003504929672941926,0.0071586859299486065,8.590423115938328e-05,0.003418724353493774,1.0
2023-02-27,2023-02-28,2023-03-01,OK,0.023164140079859147,3.988591803786805e-06,4.786310164544166e-08,0.023164091108049956,0.9999999999999998
2023-02-28,2023-03-01,2023-03-02,OK,0.010236581305092616,0.005325125945562099,6.390151134674519e-05,0.010172025660729611,1.0
2023-03-01,2023-03-02,2023-03-03,OK,0.016212552869186426,0.0026062036826775773,3.1274444192130925e-05,0.01618077138641416,1.0
2023-03-02,2023-03-03,2023-03-06,OK,-0.015986740618925153,0.033793637846036784,0.0004055236541524414,-0.01638578127160384,0.9999999999999999
2023-03-03,2023-03-06,2023-03-07,OK,-0.01531379836946016,0.0026908409354717065,3.229009122566048e-05,-0.015345593976739402,1.0
2023-03-06,2023-03-07,2023-03-08,OK,0.0012765184402303983,4.828843723055918e-05,5.794612467667102e-07,0.0012759382392906193,0.9999999999999999
2023-03-07,2023-03-08,2023-03-09,OK,-0.016513374570889926,1.367992007421751e-07,1.6415904089061013e-09,-0.016513376185372186,1.0
2023-03-08,2023-03-09,2023-03-10,OK,-0.02611861091222005,0.01116671320370579,0.0001340005584444695,-0.02624911156221643,1.0
2023-03-09,2023-03-10,2023-03-13,OK,-0.030691890814188615,0.005424390788743449,6.509268946492139e-05,-0.03075498568593582,0.9999999999999999
2023-03-10,2023-03-13,2023-03-14,OK,0.01713856383296995,0.011947606306800623,0.00014337127568160747,0.01699273537952828,1.0000000000000002
2023-03-13,2023-03-14,2023-03-15,OK,-0.055491318639084804,0.008589556365448827,0.00010307467638538593,-0.05558867356575925,1.0
2023-03-14,2023-03-15,2023-03-16,OK,0.027664571802866224,1.4954699697074205e-05,1.7945639636489046e-07,0.02766438738188559,1.0
2023-03-15,2023-03-16,2023-03-17,OK,-0.012497987691972171,0.1375145053254953,0.0016501740639059438,-0.014127537900737841,1.0
2023-03-16,2023-03-17,2023-03-20,OK,0.01644329994006949,1.6210395256830894e-06,1.9452474308197074e-08,0.016443280167732333,1.0
2023-03-17,2023-03-20,2023-03-21,OK,0.012030025560397839,0.015265534242168043,0.00018318641090601652,0.011844635412286308,1.0
2023-03-20,2023-03-21,2023-03-22,OK,-0.014547783926650218,0.019351267125275656,0.0002322152055033079,-0.014776620915519456,0.9999999999999999
2023-03-21,2023-03-22,2023-03-23,OK,0.004184292327495222,0.00023319367333806825,2.798324080056819e-06,0.004181482294409289,1.0
2023-03-22,2023-03-23,2023-03-24,OK,-0.006982772828875641,0.011569229290118195,0.00013883075148141835,-0.007120634156757788,1.0
2023-03-23,2023-03-24,2023-03-27,OK,0.012277058269061952,0.0017290724924961549,2.074886990995386e-05,0.012256054664067095,0.9999999999999998
2023-03-24,2023-03-27,2023-03-28,OK,0.007289405339743799,0.005927592477016392,7.113110972419671e-05,0.007217755726528496,0.9999999999999997
2023-03-27,2023-03-28,2023-03-29,OK,0.018436478763640764,0.0024913663653723453,2.9896396384468143e-05,0.018406031182979232,0.9999999999999999
2023-03-28,2023-03-29,2023-03-30,OK,0.007072198329437794,0.0029129524425727843,3.495542931087341e-05,0.007036995688397996,1.0
2023-03-29,2023-03-30,2023-03-31,OK,0.0122832100194105,0.002912876222426757,3.495451466912109e-05,0.012247826151096541,1.0
2023-03-30,2023-03-31,2023-04-03,OK,0.0038768597531245548,1.304045377163217e-07,1.5648544525958605e-09,0.003876858182203291,1.0
2023-03-31,2023-04-03,2023-04-04,OK,-0.03926440238624544,0.022823334380871134,0.00027388001257045363,-0.03952752866379672,1.0
2023-04-03,2023-04-04,2023-04-05,OK,0.013470582735347948,8.256796542599617e-08,9.908155851119541e-10,0.013470581731185538,1.0
2023-04-04,2023-04-05,2023-04-06,OK,-0.011878617920681208,0.008522629094367958,0.0001022715491324155,-0.011979674625157366,1.0
2023-04-05,2023-04-06,2023-04-10,OK,0.018753307889776805,0.0021504947059348273,2.580593647121793e-05,0.018727018006633678,1.0
2023-04-06,2023-04-10,2023-04-11,OK,0.004019594695888058,9.69238304690946e-08,1.1630859656291353e-09,0.004019593528127086,1.0
2023-04-10,2023-04-11,2023-04-12,OK,-0.012328569223721601,9.255985684698844e-08,1.1107182821638613e-09,-0.012328570320746302,0.9999999999999999
2023-04-11,2023-04-12,2023-04-13,OK,0.002947769578997849,5.334137347308458e-07,6.400964816770149e-09,0.0029477631591645626,1.0
2023-04-12,2023-04-13,2023-04-14,OK,-0.0005715066369077965,0.002151106799220538,2.581328159064646e-05,-0.0005973051660367323,0.9999999999999999
2023-04-13,2023-04-14,2023-04-17,OK,-0.0008828872366209903,1.2306510559231392e-07,1.4767812671077671e-09,-0.0008828887120984064,1.0
2023-04-14,2023-04-17,2023-04-18,OK,0.005878584320024418,2.291807282200998e-06,2.7501687386411977e-08,0.005878556656666145,1.0000000000000002
2023-04-17,2023-04-18,2023-04-19,OK,-0.010499106273788437,5.0666270876271954e-08,6.079952505152634e-10,-0.010499106875400233,1.0
2023-04-18,2023-04-19,2023-04-20,OK,-0.0009633891008717309,1.2021992218141197e-06,1.4426390661769438e-08,-0.0009634035133641028,1.0
2023-04-19,2023-04-20,2023-04-21,OK,-0.0068824877023121785,0.00611377816221912,7.336533794662945e-05,-0.006955348104222603,1.0
2023-04-20,2023-04-21,2023-04-24,OK,0.0035636833231247247,0.03947270721993487,0.00047367248663921847,0.0030883228177442934,1.0
2023-04-21,2023-04-24,2023-04-25,OK,-0.029987647174013057,0.014123301219181018,0.00016947961463017222,-0.030152044493756525,1.0
2023-04-24,2023-04-25,2023-04-26,OK,-0.0009052023305576527,4.418115392703553e-06,5.301738471244264e-08,-0.0009052552999508912,1.0000000000000002
2023-04-25,2023-04-26,2023-04-27,OK,0.015172018416139358,0.02594583408580569,0.0003113500090296683,0.014855944599038828,1.0
2023-04-26,2023-04-27,2023-04-28,OK,0.014863785788161272,0.05481319514697799,0.0006577583417637358,0.014196250667305232,0.9999999999999999
2023-04-27,2023-04-28,2023-05-01,OK,0.006329285113642003,3.025722856083846e-07,3.6308674273006154e-09,0.006329281459793945,1.0
2023-04-28,2023-05-01,2023-05-02,OK,-0.023697107022674368,0.1000343214240711,0.0012004118570888532,-0.024869072591514496,1.0000000000000002
2023-05-01,2023-05-02,2023-05-03,OK,-0.010632832096346011,2.9689057410022392e-08,3.562686889202687e-10,-0.010632832448826512,1.0
2023-05-02,2023-05-03,2023-05-04,OK,-0.005381065720764091,0.05140291388607818,0.0006168349666329381,-0.005994581457902659,1.0000000000000004
2023-05-03,2023-05-04,2023-05-05,OK,0.0246656161666564,4.765452674763026e-08,5.718543209715632e-10,0.024665615580696798,1.0
2023-05-04,2023-05-05,2023-05-08,OK,0.008280412359443006,1.8761847505955336e-07,2.2514217007146404e-09,0.008280410089378742,1.0
2023-05-05,2023-05-08,2023-05-09,OK,-0.007160217595205697,1.1589686987556869e-07,1.3907624385068244e-09,-0.0071602189760099355,1.0
2023-05-08,2023-05-09,2023-05-10,OK,0.007577145896240115,6.051314522779896e-07,7.261577427335876e-09,0.0075771385796405966,1.0
2023-05-09,2023-05-10,2023-05-11,OK,-0.006710303832806129,1.5362605022456577e-07,1.8435126026947892e-09,-0.006710305663948146,1.0
2023-05-10,2023-05-11,2023-05-12,OK,-0.004018077048747775,6.714848496445633e-08,8.057818195734759e-10,-0.004018077851291824,1.0000000000000002
2023-05-11,2023-05-12,2023-05-15,OK,0.013685796929759396,1.2742354381188078e-05,1.5290825257425694e-07,0.01368564192883559,1.0
2023-05-12,2023-05-15,2023-05-16,OK,-0.006152969867694267,1.2120092408140142e-07,1.4544110889768171e-09,-0.006152971313156397,1.0
2023-05-15,2023-05-16,2023-05-17,OK,0.025048711435917352,0.007753929569451607,9.304715483341928e-05,0.02495333356975249,1.0000000000000002
2023-05-16,2023-05-17,2023-05-18,OK,0.019976627827992966,0.04855493415602361,0.0005826592098722833,0.019382329051934377,0.9999999999999998
2023-05-17,2023-05-18,2023-05-19,OK,-0.005098121399448175,0.005951088227866803,7.141305873440164e-05,-0.005169170385739608,1.0
2023-05-18,2023-05-19,2023-05-22,OK,-0.0005074499311966992,9.314842955297829e-08,1.1177811546357396e-09,-0.0005074510484106565,0.9999999999999998
2023-05-19,2023-05-22,2023-05-23,OK,-0.011020157339609503,4.2251431062243436e-08,5.070171727469212e-10,-0.011020157841039269,1.0
2023-05-22,2023-05-23,2023-05-24,OK,-0.005099903955594882,8.748855113817191e-08,1.049862613658063e-09,-0.0050999050001033774,1.0
2023-05-23,2023-05-24,2023-05-25,OK,0.034522922333410914,0.00011281775418884252,1.3538130502661104e-06,0.0345215217827779,0.9999999999999999
2023-05-24,2023-05-25,2023-05-26,OK,0.020411602276793304,6.910663063055823e-08,8.292795675666987e-10,0.020411601430586845,1.0
2023-05-25,2023-05-26,2023-05-30,OK,-0.00042571837087051665,0.07028516201461953,0.0008434219441754344,-0.001268781254829876,1.0
2023-05-26,2023-05-30,2023-05-31,OK,-0.016990107046919955,0.021643373560373838,0.00025972048272448605,-0.017245414850840635,0.9999999999999998
2023-05-30,2023-05-31,2023-06-01,OK,0.014106259541893935,3.932517885411999e-06,4.719021462494399e-08,0.01410621168600179,1.0
2023-05-31,2023-06-01,2023-06-02,OK,0.014784129134055527,2.1609575472319002e-07,2.5931490566782803e-09,0.014784126502568995,1.0
2023-06-01,2023-06-02,2023-06-05,OK,-0.00010572058741191331,0.01382008524961883,0.00016584102299542597,-0.00027154407759699684,0.9999999999999999
2023-06-02,2023-06-05,2023-06-06,OK,0.004329335043285972,9.366860279263419e-08,1.1240232335116103e-09,0.004329333914396605,0.9999999999999999
2023-06-05,2023-06-06,2023-06-07,OK,0.007904776306940677,0.0026803880372240152,3.2164656446688185e-05,0.007872357396079721,1.0
2023-06-06,2023-06-07,2023-06-08,OK,0.0023661868014447497,6.762225010991853e-08,8.114670013190224e-10,0.002366185988057712,1.0
2023-06-07,2023-06-08,2023-06-09,OK,0.0038481628857207355,5.2306695029454775e-08,6.276803403534573e-10,0.0038481622556250095,0.9999999999999999
2023-06-08,2023-06-09,2023-06-12,OK,0.014474548972160281,0.0004638667421087281,5.566400905304737e-06,0.014468902000112527,1.0
2023-06-09,2023-06-12,2023-06-13,OK,0.005194958824060547,1.2043798455178114e-07,1.4452558146213737e-09,0.005194957371296605,1.0
2023-06-12,2023-06-13,2023-06-14,OK,0.007259358521542739,0.005097554807431145,6.117065768917374e-05,0.007197743804118417,1.0000000000000002
2023-06-13,2023-06-14,2023-06-15,OK,0.0022030956940837566,0.021964016018886742,0.0002635681922266409,0.0019389468359076734,1.0
2023-06-14,2023-06-15,2023-06-16,OK,-0.006824566432194934,0.03903467273947174,0.0004684160728736609,-0.007289785768461399,1.0
2023-06-15,2023-06-16,2023-06-20,OK,-0.0001556463596213502,5.0607920355454756e-08,6.072950442654571e-10,-0.0001556469668219096,1.0
2023-06-16,2023-06-20,2023-06-21,OK,0.0033805091947962207,0.013241694042543304,0.00015890032851051966,0.0032210717022642665,1.0
2023-06-20,2023-06-21,2023-06-22,OK,-0.002270270647954224,1.6038073874165484e-07,1.924568864899858e-09,-0.0022702725681538194,0.9999999999999999
2023-06-21,2023-06-22,2023-06-23,OK,-0.012194035630486485,1.0252286726493615e-07,1.2302744071792338e-09,-0.012194036845758927,1.0
2023-06-22,2023-06-23,2023-06-26,OK,0.004608371015750271,8.342241983271727e-08,1.0010690379926072e-09,0.004608370010068086,1.0
2023-06-23,2023-06-26,2023-06-27,OK,0.022563759818938066,0.0186597244128121,0.0002239166929537452,0.022334790723505193,1.0
2023-06-26,2023-06-27,2023-06-28,OK,0.0045866510027363005,4.5042885612948115e-08,5.405146273553774e-10,0.004586650459742492,1.0
2023-06-27,2023-06-28,2023-06-29,OK,0.005247877514529608,4.783814975757706e-08,5.740577970909248e-10,0.005247876937459317,1.0
2023-06-28,2023-06-29,2023-06-30,OK,0.0036492377824828754,4.47011183592304e-07,5.364134203107649e-09,0.003649232398773572,0.9999999999999998
2023-06-29,2023-06-30,2023-07-03,OK,0.002450076310033771,5.1620769023799e-08,6.19449228285588e-10,0.002450075689066633,1.0
2023-06-30,2023-07-03,2023-07-05,OK,-0.00846876854268685,7.482675504751799e-08,8.979210605702159e-10,-0.008468769433003676,1.0
2023-07-03,2023-07-05,2023-07-06,OK,-0.015059167152286513,8.575985798980507e-08,1.0291182958776608e-09,-0.015059168165907133,1.0
2023-07-05,2023-07-06,2023-07-07,OK,0.008098090976023082,6.966026408140347e-08,8.359231689768417e-10,0.008098090133330516,1.0
2023-07-06,2023-07-07,2023-07-10,OK,0.010106386417441776,3.79917767554146e-08,4.559013210649752e-10,0.010106385956933028,0.9999999999999998
2023-07-07,2023-07-10,2023-07-11,OK,-0.002902801213242213,5.50301219158584e-08,6.603614629903008e-10,-0.0029028018716867887,1.0
2023-07-10,2023-07-11,2023-07-12,OK,0.005725565666840789,5.475139256647759e-08,6.57016710797731e-10,0.005725565006062139,1.0
2023-07-11,2023-07-12,2023-07-13,OK,0.005148693412802014,5.1659216724600736e-08,6.199106006952089e-10,0.00514869278969976,1.0
2023-07-12,2023-07-13,2023-07-14,OK,-0.008525789608689275,4.080275666002561e-08,4.896330799203073e-10,-0.00852579009414789,1.0
2023-07-13,2023-07-14,2023-07-17,OK,0.012948213289408126,6.352134198165292e-08,7.622561037798351e-10,0.012948212517282176,1.0
2023-07-14,2023-07-17,2023-07-18,OK,0.005514534934051734,6.294505025586857e-08,7.553406030704229e-10,0.005514534174545727,0.9999999999999999
2023-07-17,2023-07-18,2023-07-19,OK,-0.002659144198679557,0.07461161033542262,0.0008953393240250714,-0.0035521026863353233,0.9999999999999998
2023-07-18,2023-07-19,2023-07-20,OK,-0.009534561372176805,5.223242541393665e-08,6.267891049672398e-10,-0.009534561992989743,1.0
2023-07-19,2023-07-20,2023-07-21,OK,0.012049050140109659,9.314324450965013e-08,1.1177189341158017e-09,0.012049049008923118,1.0
2023-07-20,2023-07-21,2023-07-24,OK,0.01000911829527806,0.03062726848053445,0.0003675272217664134,0.009637912450072283,1.0
2023-07-21,2023-07-24,2023-07-25,OK,0.00868979367933561,7.353320094768717e-08,8.82398411372246e-10,0.00868979278926929,1.0
2023-07-24,2023-07-25,2023-07-26,OK,-0.005204700591969768,8.48928034752002e-08,1.0187136417024024e-09,-0.005204701605381334,1.0
2023-07-25,2023-07-26,2023-07-27,OK,-8.022759843904836e-05,3.136311885721186e-08,3.763574262865423e-10,-8.022797476625598e-05,1.0
2023-07-26,2023-07-27,2023-07-28,OK,0.01839677091995444,5.164549016463279e-08,6.197458819755935e-10,0.018396770288807263,0.9999999999999999
2023-07-27,2023-07-28,2023-07-31,OK,0.0116499980462968,0.1821446567077265,0.002185735880492718,0.009438798347066513,1.0
2023-07-28,2023-07-31,2023-08-01,OK,-0.0023261435534848575,2.5901870318688918e-08,3.1082244382426704e-10,-0.002326143863584318,1.0
2023-07-31,2023-08-01,2023-08-02,OK,-0.023409651640786837,0.0018515116160353617,2.221813939242434e-05,-0.023431349661275913,1.0000000000000002
2023-08-01,2023-08-02,2023-08-03,OK,0.0028333819516708895,0.014706055135171453,0.00017647266162205743,0.002656409275594296,1.0000000000000002
2023-08-02,2023-08-03,2023-08-04,OK,-0.008384077757454485,0.0192993240201407,0.0002315918882416884,-0.008613727961297224,1.0
2023-08-03,2023-08-04,2023-08-07,OK,0.01606748396727196,2.8187745144311444e-08,3.382529417317373e-10,0.016067483623584122,0.9999999999999998
2023-08-04,2023-08-07,2023-08-08,OK,-0.00577338531244039,0.005114572382482696,6.137486858979235e-05,-0.0058344058402654,1.0
2023-08-07,2023-08-08,2023-08-09,OK,-0.008251207154772244,3.767547489486264e-08,4.521056987383517e-10,-0.008251207603147459,1.0
2023-08-08,2023-08-09,2023-08-10,OK,0.0018029414869611708,3.392161352647504e-08,4.070593623177005e-10,0.0018029410791677858,1.0
2023-08-09,2023-08-10,2023-08-11,OK,-0.011593856590230755,1.6287949050328175e-06,1.954553886039381e-08,-0.011593875909161389,1.0
2023-08-10,2023-08-11,2023-08-14,OK,0.009487774837512208,0.002829051271091579,3.3948615253098943e-05,0.009453504125441548,1.0
2023-08-11,2023-08-14,2023-08-15,OK,-0.012620084517345309,0.03336487568683647,0.00040037850824203766,-0.013015410214974432,0.9999999999999998
2023-08-14,2023-08-15,2023-08-16,OK,-0.005944838200516727,0.0322990733338785,0.000387588880006542,-0.006330122927343362,1.0
2023-08-15,2023-08-16,2023-08-17,OK,-0.002406568015179819,0.055394733273104124,0.0006647367992772495,-0.003069705080137375,1.0
2023-08-16,2023-08-17,2023-08-18,OK,0.005742057748387748,0.07576419202526845,0.0009091703043032213,0.0048276669356941415,1.0
2023-08-17,2023-08-18,2023-08-21,OK,0.006242143584891738,0.029712348314308575,0.0003565481797717029,0.005883369780186998,1.0
2023-08-18,2023-08-21,2023-08-22,OK,-0.00512903159910776,0.014893307804877406,0.00017871969365852887,-0.005306834633810098,1.0000000000000002
2023-08-21,2023-08-22,2023-08-23,OK,0.018122009733465574,0.014446829469902753,0.00017336195363883304,0.017945506112815535,1.0
2023-08-22,2023-08-23,2023-08-24,OK,-0.011709063341309126,0.020099090010750158,0.0002411890801290019,-0.01194742832322171,1.0
2023-08-23,2023-08-24,2023-08-25,OK,0.0031484618194242493,0.008633758716353468,0.00010360510459624162,0.00304453051811171,1.0
2023-08-24,2023-08-25,2023-08-28,OK,0.0008509607820780295,5.5357223930772966e-08,6.642866871692756e-10,0.0008509601172261849,1.0
2023-08-25,2023-08-28,2023-08-29,OK,0.011551843327899547,2.2395118989507835e-06,2.6874142787409403e-08,0.011551816143311022,1.0
2023-08-28,2023-08-29,2023-08-30,OK,0.0005799200198582336,0.020931466600009545,0.00025117759920011455,0.00032859675773977415,1.0
2023-08-29,2023-08-30,2023-08-31,OK,0.0012057330186692103,0.010217398243315348,0.00012260877891978418,0.0010829764062962877,1.0
2023-08-30,2023-08-31,2023-09-01,OK,0.007566253278346564,0.026934274980554587,0.000323211299766655,0.007240596480023287,1.0000000000000002
2023-08-31,2023-09-01,2023-09-05,OK,0.006343858089869293,0.036228790503688754,0.00043474548604426506,0.005906354640156319,1.0000000000000002
2023-09-01,2023-09-05,2023-09-06,OK,0.0014961635426276915,2.6004792461776393e-07,3.1205750954131674e-09,0.0014961604173835408,0.9999999999999999
2023-09-05,2023-09-06,2023-09-07,OK,-0.00576639499175406,7.796957696389497e-08,9.356349235667397e-10,-0.005766395921993683,0.9999999999999999
2023-09-06,2023-09-07,2023-09-08,OK,0.012383960644293954,7.73144198082052e-08,9.277730376984625e-10,0.012383959705031256,1.0
2023-09-07,2023-09-08,2023-09-11,OK,-0.0013638128772129644,0.004729052172570712,5.6748626070848545e-05,-0.0014204841087768205,1.0
2023-09-08,2023-09-11,2023-09-12,OK,0.0037218448233916563,6.146209719136784e-08,7.375451662964141e-10,0.003721844083101278,1.0
2023-09-11,2023-09-12,2023-09-13,OK,-0.0035777805072606736,5.1064243856447e-08,6.12770926277364e-10,-0.0035777811178392405,1.0000000000000002
2023-09-12,2023-09-13,2023-09-14,OK,0.013002281261577922,2.1254045939728502e-07,2.5504855127674204e-09,0.013002278677930468,0.9999999999999999
2023-09-13,2023-09-14,2023-09-15,OK,-0.02071150634589518,0.0015223368735617982,1.826804248274158e-05,-0.02072939602970003,1.0
2023-09-14,2023-09-15,2023-09-18,OK,0.005885050193314789,1.3843550121318297e-07,1.6612260145581958e-09,0.005885048522312308,1.0
2023-09-15,2023-09-18,2023-09-19,OK,-0.00844623486475502,0.10569974198455229,0.0012683969038146275,-0.009703918590418303,1.0
2023-09-18,2023-09-19,2023-09-20,OK,-0.005456237776391922,0.020777169558385912,0.00024932603470063095,-0.005704203428963384,0.9999999999999998
2023-09-19,2023-09-20,2023-09-21,OK,-0.012203846885263337,0.031111470809689304,0.0003733376497162717,-0.012572628379465933,0.9999999999999999
2023-09-20,2023-09-21,2023-09-22,OK,-0.003070042388776113,7.237290782228167e-08,8.6847489386738e-10,-0.003070043254584709,1.0
2023-09-21,2023-09-22,2023-09-25,OK,0.004105844773468139,0.030529235916113975,0.0003663508309933677,0.0037379897628300185,1.0
2023-09-22,2023-09-25,2023-09-26,OK,-0.014781998293231983,2.1338460225370322e-07,2.560615227044439e-09,-0.014782000815996232,1.0
2023-09-25,2023-09-26,2023-09-27,OK,0.011393124799277704,0.025006906270213795,0.00030008287524256556,0.011089623042387586,1.0
2023-09-26,2023-09-27,2023-09-28,OK,0.012129325252751587,8.203614475674457e-08,9.844337370809348e-10,0.01212932425637736,1.0
2023-09-27,2023-09-28,2023-09-29,OK,-0.01190078307226576,0.0039039892422593585,4.6847870907112303e-05,-0.011947073416823772,1.0
2023-09-28,2023-09-29,2023-10-02,OK,-0.008381723651865586,0.007249272210241317,8.69912665228958e-05,-0.008467985781632437,1.0
2023-09-29,2023-10-02,2023-10-03,OK,-0.024304176022408194,0.01881692264257693,0.00022580307171092315,-0.02452449113651789,1.0
2023-10-02,2023-10-03,2023-10-04,OK,-0.016715158188934254,0.004139434066660079,4.9673208799920954e-05,-0.01676400110219123,1.0
2023-10-03,2023-10-04,2023-10-05,OK,-0.003136404139187404,2.474307147123439e-07,2.9691685765481268e-09,-0.0031364070990433923,1.0
2023-10-04,2023-10-05,2023-10-06,OK,0.0105172372326231,0.025289449281547104,0.00030347339137856526,0.010210572139593532,1.0
2023-10-05,2023-10-06,2023-10-09,OK,0.015399895117933257,0.013112358764553321,0.00015734830517463984,0.015240123665361871,1.0
2023-10-06,2023-10-09,2023-10-10,OK,0.0122567371579361,0.005416098914053065,6.499318696863679e-05,0.012190947366557792,1.0000000000000002
2023-10-09,2023-10-10,2023-10-11,OK,-0.00032931676821786797,7.689990870886686e-08,9.227989045064022e-10,-0.00032931769071298245,1.0
2023-10-10,2023-10-11,2023-10-12,OK,-0.00031497823433502474,6.931866142995488e-08,8.318239371594586e-10,-0.0003149790658969476,1.0
2023-10-11,2023-10-12,2023-10-13,OK,-0.001247454207956781,0.016982703690103487,0.00020379244428124184,-0.0014509924304958455,1.0
2023-10-12,2023-10-13,2023-10-16,OK,0.014781827427527648,0.013761747181362192,0.00016514096617634632,0.01461424537608802,1.0
2023-10-13,2023-10-16,2023-10-17,OK,0.006141487296846076,0.004836723899489757,5.8040686793877086e-05,0.00608309015391173,1.0
2023-10-16,2023-10-17,2023-10-18,OK,0.005240329417749312,1.7883737613236392e-07,2.1460485135883672e-09,0.005240327260454647,1.0
2023-10-17,2023-10-18,2023-10-19,OK,-0.010199141931029705,1.4935412850213084e-07,1.79224954202557e-09,-0.010199143704999858,1.0
2023-10-18,2023-10-19,2023-10-20,OK,-0.012969181058036877,0.11685575546929557,0.001402269065631547,-0.014353263842264208,0.9999999999999999
2023-10-19,2023-10-20,2023-10-23,OK,-0.01286214757871972,0.012776559315228146,0.00015331871178273776,-0.013013494282604898,1.0
2023-10-20,2023-10-23,2023-10-24,OK,0.0025221786425962847,0.02945410111582089,0.0003534492133898507,0.0021678379671490333,1.0
2023-10-23,2023-10-24,2023-10-25,OK,-0.009769995672761421,0.01863087700222094,0.00022357052402665128,-0.00999138191373572,1.0
2023-10-24,2023-10-25,2023-10-26,OK,-0.007641051868350844,0.005678817367507929,6.814580841009515e-05,-0.0077086769711042225,1.0
2023-10-25,2023-10-26,2023-10-27,OK,-0.0053989484730869,0.005883437459316203,7.060124951179444e-05,-0.005469168550090386,1.0000000000000002
2023-10-26,2023-10-27,2023-10-30,OK,0.00510966017978755,0.029641703592229236,0.00035570044310675086,0.00475214222829079,1.0
2023-10-27,2023-10-30,2023-10-31,OK,0.010340567263887988,0.06913225397141648,0.0008295870476569978,0.009502401815563388,0.9999999999999998
2023-10-30,2023-10-31,2023-11-01,OK,0.016277938003028597,1.3881687632675828e-07,1.6658025159210994e-09,0.01627793631011043,1.0
2023-10-31,2023-11-01,2023-11-02,OK,0.015074259643220768,3.426187246871669e-08,4.111424696246003e-10,0.01507425922588057,1.0000000000000002
2023-11-01,2023-11-02,2023-11-03,OK,-0.005592446745217279,0.049195450504595506,0.000590345406055146,-0.0061794906760278545,1.0
2023-11-02,2023-11-03,2023-11-06,OK,-0.001517638322582121,0.019752350797494822,0.00023702820956993787,-0.0017543068090576375,1.0
2023-11-03,2023-11-06,2023-11-07,OK,-0.010638782300534512,4.277006006577683e-08,5.13240720789322e-10,-0.010638782808314873,1.0
2023-11-06,2023-11-07,2023-11-08,OK,-0.008907894702088503,4.252494446233562e-08,5.102993335480275e-10,-0.008907895207842187,1.0
2023-11-07,2023-11-08,2023-11-09,OK,-0.002709658977145628,0.05030233617971712,0.0006036280341566054,-0.003311651385180525,1.0
2023-11-08,2023-11-09,2023-11-10,OK,0.023140582765923273,0.018679969190012947,0.00022415963028015538,0.022911235951165843,0.9999999999999999
2023-11-09,2023-11-10,2023-11-13,OK,0.005783081341651421,0.006969128634085498,8.362954360902598e-05,0.005698968161589102,0.9999999999999998
2023-11-10,2023-11-13,2023-11-14,OK,0.01824277911607139,3.680129275893251e-08,4.416155131071901e-10,0.01824277866639945,1.0
2023-11-13,2023-11-14,2023-11-15,OK,0.0004948453880421575,3.5490712380238196e-08,4.258885485628584e-10,0.000494844961942853,0.9999999999999999
2023-11-14,2023-11-15,2023-11-16,OK,-0.018130776191374914,0.017656732269429223,0.0002118807872331507,-0.01833881541547544,1.0
2023-11-15,2023-11-16,2023-11-17,OK,0.01687938153826416,0.025660558675032273,0.0003079267041003873,0.016566257221839464,1.0
2023-11-16,2023-11-17,2023-11-20,OK,0.010264113604003177,0.03544041480773004,0.00042528497769276047,0.00983446345298522,1.0
2023-11-17,2023-11-20,2023-11-21,OK,-0.0073169938812702225,0.020142614847653503,0.00024171137817184204,-0.0075569366587669995,1.0
2023-11-20,2023-11-21,2023-11-22,OK,-0.00187372550371146,2.3386942441675288e-07,2.8064330930010345e-09,-0.0018737283048860798,1.0
2023-11-21,2023-11-22,2023-11-24,OK,0.003127636018616208,0.004123366415436175,4.94803969852341e-05,0.0030780008649589075,1.0
2023-11-22,2023-11-24,2023-11-27,OK,-0.003450606285306816,1.3787670026415296e-05,1.6545204031698356e-07,-0.0034507711664372165,1.0
2023-11-24,2023-11-27,2023-11-28,OK,-0.0010689783095139875,4.5878838286570276e-08,5.505460594388433e-10,-0.0010689788594715477,1.0
2023-11-27,2023-11-28,2023-11-29,OK,-0.0010903577354539412,2.370865113187155e-07,2.845038135824586e-09,-0.0010903605773899816,1.0
2023-11-28,2023-11-29,2023-11-30,OK,0.015499278093290526,0.011586799571620125,0.0001390415948594415,0.015358081454085903,1.0
2023-11-29,2023-11-30,2023-12-01,OK,0.006810823147595861,3.2748777796835164e-08,3.92985333562022e-10,0.006810822751933898,1.0
2023-11-30,2023-12-01,2023-12-04,OK,-0.007980871604775909,3.3141782616370583e-07,3.97701391396447e-09,-0.007980875550049782,1.0
2023-12-01,2023-12-04,2023-12-05,OK,-0.008026552201273532,0.0007511167210109236,9.013400652131084e-06,-0.008035493255394877,1.0
2023-12-04,2023-12-05,2023-12-06,OK,-0.016535425010810127,0.041766496185037624,0.0005011979542204515,-0.01702833544384308,1.0
2023-12-05,2023-12-06,2023-12-07,OK,0.0009326991950672446,0.011740327618495272,0.00014088393142194328,0.000791683861316006,1.0
2023-12-06,2023-12-07,2023-12-08,OK,0.010753783764773745,0.0675993220751403,0.0008111918649016836,0.009933868517965294,1.0
2023-12-07,2023-12-08,2023-12-11,OK,0.02189122186711766,0.132979088794256,0.001595749065531072,0.020260539904748853,1.0
2023-12-08,2023-12-11,2023-12-12,OK,0.004555026701381165,0.0006077243469654184,7.292692163585021e-06,0.0045477007908101275,1.0
2023-12-11,2023-12-12,2023-12-13,OK,0.013552750677006922,2.9295263362293335e-05,3.5154316034752e-07,0.013552394369469756,1.0
2023-12-12,2023-12-13,2023-12-14,OK,0.008529080766965886,0.04046476464623209,0.0004855771757547851,0.008039362064260258,1.0
2023-12-13,2023-12-14,2023-12-15,OK,0.00251447013861131,0.017899765833136076,0.0002147971899976329,0.0022991328474935013,1.0000000000000002
2023-12-14,2023-12-15,2023-12-18,OK,0.007597438787095501,0.020457563441694096,0.00024549076130032916,0.007350082924763246,0.9999999999999999
2023-12-15,2023-12-18,2023-12-19,OK,0.009498859140496111,0.012392755219051884,0.0001487130626286226,0.009348733473433235,1.0
2023-12-18,2023-12-19,2023-12-20,OK,-0.010725819654689626,0.07226454022023052,0.0008671744826427662,-0.011583692980222438,1.0
2023-12-19,2023-12-20,2023-12-21,OK,0.00688543730726978,0.007538192716081561,9.045831259297873e-05,0.006794356149636416,1.0
2023-12-20,2023-12-21,2023-12-22,OK,-0.0014256143463513315,0.025633045970307838,0.00030759655164369404,-0.001732772383938097,1.0
2023-12-21,2023-12-22,2023-12-26,OK,0.007917145348872027,0.003748728329540155,4.498473995448186e-05,0.007871804458192688,1.0
2023-12-22,2023-12-26,2023-12-27,OK,-0.005831808378353105,0.018075333258678015,0.00021690399910413618,-0.006047447434897935,1.0
2023-12-26,2023-12-27,2023-12-28,OK,-0.011196147460976198,0.008162647027289641,9.79517643274757e-05,-0.011293002542906216,1.0
2023-12-27,2023-12-28,2023-12-29,OK,0.0011149882007090751,3.4534016112933113e-07,4.144081933551974e-09,0.0011149840520066068,0.9999999999999999
2023-12-28,2023-12-29,2024-01-02,OK,-0.006546584404220626,2.186580994646436e-07,2.6238971935757232e-09,-0.006546587010940241,1.0
2023-12-29,2024-01-02,2024-01-03,OK,0.0025393976165998923,8.718952764503217e-08,1.046274331740386e-09,0.0025393965676687724,1.0
2024-01-02,2024-01-03,2024-01-04,OK,-0.00949005380222712,0.007003633140194458,8.40435976823335e-05,-0.009573299821645676,1.0
2024-01-03,2024-01-04,2024-01-05,OK,0.0005104341083373808,0.008229391922583849,9.875270307100619e-05,0.00041163099851826424,1.0
2024-01-04,2024-01-05,2024-01-08,OK,0.012046878887160968,0.012559889510003619,0.0001507186741200434,0.011894344523427858,1.0
2024-01-05,2024-01-08,2024-01-09,OK,-0.006562428169928074,0.0034789971776612305,4.174796613193477e-05,-0.006603902168031084,1.0
2024-01-08,2024-01-09,2024-01-10,OK,-0.00719801184362359,0.06412852205851528,0.0007695422647021834,-0.00796201493399018,1.0
2024-01-09,2024-01-10,2024-01-11,OK,0.009777235049907684,8.07437394985893e-08,9.689248739830717e-10,0.009777234071509433,1.0
2024-01-10,2024-01-11,2024-01-12,OK,0.004115864380282824,0.033639628007079016,0.0004036755360849482,0.003710527370437644,1.0
2024-01-11,2024-01-12,2024-01-16,OK,-0.007083728893430496,0.05956797887362488,0.0007148157464834985,-0.007793481078957054,0.9999999999999997
2024-01-12,2024-01-16,2024-01-17,OK,-0.006496576411814257,2.555304484117678e-07,3.066365380941214e-09,-0.006496579458258767,1.0000000000000002
2024-01-16,2024-01-17,2024-01-18,OK,0.009370114521521207,0.010474822525782298,0.00012569787030938757,0.009243238847771895,1.0
2024-01-17,2024-01-18,2024-01-19,OK,0.015127350829664484,0.00254937586743298,3.059251040919576e-05,0.015096295535617754,1.0
2024-01-18,2024-01-19,2024-01-22,OK,0.00461246087296908,0.026248363990213762,0.00031498036788256515,0.004296027670463998,0.9999999999999999
2024-01-19,2024-01-22,2024-01-23,OK,0.0010870516904076687,0.012559475301588878,0.00015071370361906654,0.0009361741532021295,1.0
2024-01-22,2024-01-23,2024-01-24,OK,0.012075559744021417,0.022780427100206124,0.00027336512520247347,0.011798893581917547,1.0
2024-01-23,2024-01-24,2024-01-25,OK,0.011473534080767445,0.01641181752151543,0.00019694181025818516,0.011274332651937335,1.0
2024-01-24,2024-01-25,2024-01-26,OK,-0.0019421352383785348,0.029436911613959754,0.00035324293936751707,-0.002294692132185805,1.0
2024-01-25,2024-01-26,2024-01-29,OK,0.007882986545228265,2.4760656242648787e-07,2.9712787491178546e-09,0.007882983550526967,1.0
2024-01-26,2024-01-29,2024-01-30,OK,0.01629449290474775,5.673745390285248e-06,6.808494468342297e-08,0.01629442371039347,0.9999999999999999
2024-01-29,2024-01-30,2024-01-31,OK,-0.005218838547264897,1.92813422893561e-06,2.313761074722732e-08,-0.005218861564124211,1.0
2024-01-30,2024-01-31,2024-02-01,OK,0.00992251908676492,0.007593615618631144,9.112338742357373e-05,0.009830491525790297,1.0
2024-01-31,2024-02-01,2024-02-02,OK,0.00043406883949624955,0.04948804035917806,0.0005938564843101367,-0.00016004541940894956,1.0
2024-02-01,2024-02-02,2024-02-05,OK,0.007904078827243045,0.027705302270473776,0.0003324636272456853,0.007568987381280534,1.0000000000000002
2024-02-02,2024-02-05,2024-02-06,OK,-0.009195564626059576,6.891958719306335e-07,8.270350463167601e-09,-0.009195572820359543,1.0
2024-02-05,2024-02-06,2024-02-07,OK,0.020288905639936308,0.00023293110570550083,2.79517326846601e-06,0.02028605375566106,1.0
2024-02-06,2024-02-07,2024-02-08,OK,0.001880965329859136,3.7863344197572757e-07,4.543601303708731e-09,0.0018809607777114934,1.0
2024-02-07,2024-02-08,2024-02-09,OK,0.0008224832657099005,0.004157419015584897,4.988902818701876e-05,0.0007725532046320982,1.0000000000000002
2024-02-08,2024-02-09,2024-02-12,OK,-0.0057197687095822,0.001861870583314985,2.234244699977982e-05,-0.0057419833629528405,1.0
2024-02-09,2024-02-12,2024-02-13,OK,-0.00389822692209683,0.00795495428825761,9.545945145909132e-05,-0.0039933142509522845,1.0000000000000002
2024-02-12,2024-02-13,2024-02-14,OK,0.004659282064042986,6.605030753974407e-08,7.926036904769289e-10,0.004659281267746396,1.0
2024-02-13,2024-02-14,2024-02-15,OK,0.006352441144024897,0.028590022277646142,0.0003430802673317537,0.006007181479487311,1.0
2024-02-14,2024-02-15,2024-02-16,OK,-0.004885626863605747,0.10552102941186473,0.0012662523529423768,-0.006145692780036516,1.0
2024-02-15,2024-02-16,2024-02-20,OK,-0.016481370925805337,1.5785625188187554e-06,1.8942750225825065e-08,-0.016481389556353143,1.0
2024-02-16,2024-02-20,2024-02-21,OK,0.005388092323911942,0.02102040037021085,0.0002522448044425302,0.00513448840117503,1.0
2024-02-20,2024-02-21,2024-02-22,OK,0.023502999729467254,0.015435923236909038,0.00018523107884290847,0.02331341516462837,1.0
2024-02-21,2024-02-22,2024-02-23,OK,-0.0008590450875864543,0.06872389727315678,0.0008246867672778814,-0.0016830234117480858,1.0
2024-02-22,2024-02-23,2024-02-26,OK,0.012068761169952244,0.02294721052442442,0.000275366526293093,0.011790071310818995,1.0
2024-02-23,2024-02-26,2024-02-27,OK,-0.006198212676682692,0.00907597272818499,0.00010891167273821988,-0.006306449291710314,1.0
2024-02-26,2024-02-27,2024-02-28,OK,-0.015281717187876302,0.015256837675932671,0.00018308205211119206,-0.015462001431844952,1.0000000000000002
2024-02-27,2024-02-28,2024-02-29,OK,0.004916243825616748,0.14034769615605622,0.0016841723538726747,0.0032237916698081293,1.0
2024-02-28,2024-02-29,2024-03-01,OK,0.01516531788681383,0.19037854544322175,0.002284542545318661,0.012846129527569472,1.0
2024-02-29,2024-03-01,2024-03-04,OK,0.00031959968087726565,0.07128307124134527,0.0008553968548961433,-0.0005360705585806258,1.0
2024-03-01,2024-03-04,2024-03-05,OK,-0.007026185077825206,0.003870587254434195,4.644704705321034e-05,-0.007072305779329491,1.0
2024-03-04,2024-03-05,2024-03-06,OK,0.006014211579148597,0.002234978685052311,2.6819744220627736e-05,0.005987230535311694,1.0
2024-03-05,2024-03-06,2024-03-07,OK,0.0031241819141710654,8.670047414995178e-07,1.0404056897994214e-08,0.003124171477609794,1.0
2024-03-06,2024-03-07,2024-03-08,OK,-0.026128367474032247,0.007955800908431098,9.546961090117318e-05,-0.02622134261985709,1.0
2024-03-07,2024-03-08,2024-03-11,OK,-0.006372399315178391,2.9191659451272415e-07,3.50299913415269e-09,-0.006372402795855048,1.0
2024-03-08,2024-03-11,2024-03-12,OK,0.01195508810180243,0.14459426756833418,0.0017351312108200103,0.010199213244488803,0.9999999999999999
2024-03-11,2024-03-12,2024-03-13,OK,-0.0009315748154151364,3.974831924760241e-08,4.769798309712289e-10,-0.0009315752919506481,0.9999999999999999
2024-03-12,2024-03-13,2024-03-14,OK,0.0005084271393037524,0.009274195442579278,0.00011129034531095134,0.000397080210960743,1.0
2024-03-13,2024-03-14,2024-03-15,OK,-0.0032099617681252126,0.004962886264182529,5.955463517019035e-05,-0.003269325235193299,1.0
2024-03-14,2024-03-15,2024-03-18,OK,0.006645197980269505,9.888045003660254e-07,1.1865654004392305e-08,0.006645186035765915,1.0000000000000002
2024-03-15,2024-03-18,2024-03-19,OK,0.0032382493659880297,0.015418011178934548,0.00018501613414721458,0.003052634103461571,1.0
2024-03-18,2024-03-19,2024-03-20,OK,0.0219761278902568,5.623715376490258e-08,6.74845845178831e-10,0.02197612720058051,1.0
2024-03-19,2024-03-20,2024-03-21,OK,0.009191843540953624,0.012249400760055526,0.0001469928091206663,0.00904349959692996,1.0000000000000002
2024-03-20,2024-03-21,2024-03-22,OK,-0.004513088500429263,0.04133502809550385,0.0004960203371460462,-0.00500687025389579,1.0
2024-03-21,2024-03-22,2024-03-25,OK,-0.0028568013674218373,0.01947928459672019,0.00023375141516064228,-0.003089885001220094,1.0
2024-03-22,2024-03-25,2024-03-26,OK,0.001734998798744384,8.490599671533086e-08,1.0188719605839703e-09,0.0017349977781044856,0.9999999999999998
2024-03-25,2024-03-26,2024-03-27,OK,0.00369603566571614,7.64964786943043e-08,9.179577443316517e-10,0.0036960347443655284,1.0
2024-03-26,2024-03-27,2024-03-28,OK,0.0019215028309846464,0.010238618315397952,0.00012286341978477543,0.0017984033287909984,1.0
2024-03-27,2024-03-28,2024-04-01,OK,0.0023598731920066564,0.039219022969366434,0.00047062827563239723,0.0018881342933232403,0.9999999999999997
2024-03-28,2024-04-01,2024-04-02,OK,-0.003601883051817175,0.017974542034936515,0.00021569450441923818,-0.0038168006498566776,1.0
2024-04-01,2024-04-02,2024-04-03,OK,0.0023677444783446015,2.2880906967296067e-07,2.7457088360755283e-09,0.00236774172613452,1.0
2024-04-02,2024-04-03,2024-04-04,OK,-0.018721825070408846,4.762493226664123e-08,5.714991871996948e-10,-0.0187218256312085,1.0
2024-04-03,2024-04-04,2024-04-05,OK,0.012183698400554966,4.223606466015782e-08,5.068327759218939e-10,0.01218369788754714,0.9999999999999998
2024-04-04,2024-04-05,2024-04-08,OK,-0.00018664715980524384,0.008343445295138335,0.00010012134354166003,-0.00028674981598242333,0.9999999999999999
2024-04-05,2024-04-08,2024-04-09,OK,-0.0039041164935276927,0.007823037375282478,9.387644850338975e-05,-0.0039976264374400605,0.9999999999999999
2024-04-08,2024-04-09,2024-04-10,OK,-0.0028997412040934678,0.0052876701898230405,6.345204227787649e-05,-0.0029630092518697637,1.0
2024-04-09,2024-04-10,2024-04-11,OK,0.006628610684484957,0.0021450447009749023,2.574053641169883e-05,0.006602699524078659,0.9999999999999999
2024-04-10,2024-04-11,2024-04-12,OK,-0.019396038283328584,0.019579523627527615,0.00023495428353033138,-0.019626435384580754,1.0
2024-04-11,2024-04-12,2024-04-15,OK,-0.006749514997343684,0.01047865148596289,0.0001257438178315547,-0.006874410105391027,1.0
2024-04-12,2024-04-15,2024-04-16,OK,0.0015222132741045473,0.06875835094200444,0.0008251002113040533,0.0006958570843063061,1.0
2024-04-15,2024-04-16,2024-04-17,OK,-0.01029849426386676,0.02118927422547448,0.00025427129070569376,-0.010550146943143601,1.0
2024-04-16,2024-04-17,2024-04-18,OK,-0.003360781925558014,0.022142695259965536,0.00026571234311958643,-0.003625601267437384,1.0
2024-04-17,2024-04-18,2024-04-19,OK,-0.002860561710818218,0.018391397222595876,0.00022069676667115052,-0.003080627160768845,1.0
2024-04-18,2024-04-19,2024-04-22,OK,0.0075561981687926735,0.048047409036570385,0.0005765689084388446,0.006975272591423609,1.0
2024-04-19,2024-04-22,2024-04-23,OK,0.005852455895802693,0.042035367167037055,0.0005044244060044446,0.005345079368209271,1.0
2024-04-22,2024-04-23,2024-04-24,OK,-0.0012960177384018748,0.04360612157191292,0.000523273458862955,-0.0018186130255800625,1.0000000000000002
2024-04-23,2024-04-24,2024-04-25,OK,0.016274333212003122,0.09412540573923837,0.0011295048688708606,0.015126446404531757,0.9999999999999999
2024-04-24,2024-04-25,2024-04-26,OK,0.009493130122759019,0.09505260976322441,0.001140631317158693,0.00834167064408442,1.0
2024-04-25,2024-04-26,2024-04-29,OK,0.004536989779415524,0.031834444510605325,0.0003820133341272639,0.004153243254695793,1.0
2024-04-26,2024-04-29,2024-04-30,OK,-0.01594087559000333,0.03127789111273802,0.00037533469335285626,-0.016310227119704868,0.9999999999999998
2024-04-29,2024-04-30,2024-05-01,OK,-0.009943196967504368,0.0517714822644311,0.0006212577871731733,-0.010558277466132027,1.0000000000000002
2024-04-30,2024-05-01,2024-05-02,OK,0.0073951174377274356,0.01992650694527449,0.0002391180833432939,0.007154231048076332,1.0
2024-05-01,2024-05-02,2024-05-03,OK,-0.00018785735658278,0.06739104451905034,0.0008086925342286041,-0.0009963979719695981,1.0
2024-05-02,2024-05-03,2024-05-06,OK,0.016485656908122544,0.03280346621662237,0.0003936415945994684,0.016085525873249962,1.0
2024-05-03,2024-05-06,2024-05-07,OK,0.000299990118499131,2.3757142045060728e-08,2.8508570454072874e-10,0.0002999898333280182,1.0000000000000002
2024-05-06,2024-05-07,2024-05-08,OK,0.0008844298297902606,0.001466458370040254,1.7597500440483047e-05,0.0008668167655954129,1.0
2024-05-07,2024-05-08,2024-05-09,OK,0.004072745743524472,0.057249043336491695,0.0006869885200379004,0.003382959293915855,1.0
2024-05-08,2024-05-09,2024-05-10,OK,0.0038981300372611864,0.0047972924982791374,5.756750997934965e-05,0.003840338121642084,1.0
2024-05-09,2024-05-10,2024-05-13,OK,-0.005927707188139813,0.0051156515887980465,6.138781906557655e-05,-0.0059887311181890945,1.0
2024-05-10,2024-05-13,2024-05-14,OK,-0.0007999709323308757,0.009947386924972509,0.00011936864309967011,-0.000919244083985804,1.0
2024-05-13,2024-05-14,2024-05-15,OK,-0.0008965223427973539,0.00045159106560796274,5.419092787295553e-06,-0.000901936577246909,1.0
2024-05-14,2024-05-15,2024-05-16,OK,-0.00042728041568078834,0.018730474450531283,0.0002247656934063754,-0.0006519500711081871,1.0
2024-05-15,2024-05-16,2024-05-17,OK,0.005666996995614275,0.12734020472706206,0.0015280824567247449,0.004130254900198249,1.0
2024-05-16,2024-05-17,2024-05-20,OK,0.005332051405570746,0.018378565175709977,0.00022054278210851974,0.005110332678011087,1.0
2024-05-17,2024-05-20,2024-05-21,OK,0.002216122547075601,8.581914238069382e-07,1.0298297085683258e-08,0.0022161122259563015,1.0
2024-05-20,2024-05-21,2024-05-22,OK,-0.0029815282966182406,0.0030597085454604654,3.6716502545525585e-05,-0.00301813532787254,1.0
2024-05-21,2024-05-22,2024-05-23,OK,-0.010181690421904133,0.013181378399232783,0.00015817654079079338,-0.010338256458124473,1.0
2024-05-22,2024-05-23,2024-05-24,OK,0.006541278015009017,5.006084015792622e-08,6.007300818951146e-10,0.006541277410349267,1.0
2024-05-23,2024-05-24,2024-05-28,OK,-0.0018543527045123843,0.0275228571705564,0.0003302742860466768,-0.002184014545543511,1.0
2024-05-24,2024-05-28,2024-05-29,OK,-0.014110624028130282,0.09689843821272602,0.0011627812585527123,-0.01525699771751654,1.0
2024-05-28,2024-05-29,2024-05-30,OK,0.0050254534566845635,0.05672127756725271,0.0006806553308070325,0.00434137752419228,0.9999999999999998
2024-05-29,2024-05-30,2024-05-31,OK,0.007505766748245035,0.001706916449988142,2.0482997399857704e-05,0.007485130010244312,1.0
2024-05-30,2024-05-31,2024-06-03,OK,-0.0025367442636717308,0.039935807159258,0.000479229685911096,-0.003014758266426054,1.0
2024-05-31,2024-06-03,2024-06-04,OK,0.0009919694269504545,0.017784934299636394,0.00021341921159563675,0.0007783385100217366,1.0
2024-06-03,2024-06-04,2024-06-05,OK,0.013357631452184522,0.01817198052975189,0.00021806376635702268,0.013136654870403497,1.0
2024-06-04,2024-06-05,2024-06-06,OK,0.0023023421492367763,1.0984641236544334e-07,1.31815694838532e-09,0.0023023408280449242,1.0
2024-06-05,2024-06-06,2024-06-07,OK,-0.0054057588308246965,0.01840151574919907,0.00022081818899038886,-0.0056253833299398925,1.0
2024-06-06,2024-06-07,2024-06-10,OK,0.0011576092123875713,8.520267335167621e-08,1.0224320802201145e-09,0.0011576081887718637,1.0
2024-06-07,2024-06-10,2024-06-11,OK,-0.004765241209754755,0.015664342243492384,0.00018797210692190862,-0.004952317584246413,1.0
2024-06-10,2024-06-11,2024-06-12,OK,0.011105770551057194,0.01366089648796448,0.00016393075785557377,0.010940019215818442,1.0
2024-06-11,2024-06-12,2024-06-13,OK,0.0032312241563196968,0.029956106679741443,0.0003594732801568973,0.0028705893374163516,1.0000000000000004
2024-06-12,2024-06-13,2024-06-14,OK,-0.007039669291022463,0.03164306790839982,0.0003797168149007978,-0.007416713025122146,1.0
2024-06-13,2024-06-14,2024-06-17,OK,0.0127052814898499,4.091871201871616e-08,4.910245442245939e-10,0.01270528099258672,1.0
2024-06-14,2024-06-17,2024-06-18,OK,0.010306591092678289,0.018494113102637943,0.00022192935723165533,0.010082374400310234,1.0
2024-06-17,2024-06-18,2024-06-20,OK,-0.01834584714853458,0.021054913767823813,0.00025265896521388577,-0.018593870870991958,1.0
2024-06-18,2024-06-20,2024-06-21,OK,-0.001189656176033923,0.006382696268686297,7.659235522423557e-05,-0.0012661574126897612,1.0
2024-06-20,2024-06-21,2024-06-24,OK,0.00023615810961957078,5.404518703271998e-08,6.485422443926397e-10,0.0002361574609242023,1.0
2024-06-21,2024-06-24,2024-06-25,OK,0.01267421096019679,4.66398200350142e-06,5.596778404201705e-08,0.012674154283065064,1.0000000000000002
2024-06-24,2024-06-25,2024-06-26,OK,0.0005969181580962507,0.05740662352734878,0.0006888794823281854,-9.237252890370584e-05,1.0
2024-06-25,2024-06-26,2024-06-27,OK,-0.013613608038180734,0.005829798122924569,6.995757747509482e-05,-0.013682613240616703,1.0
2024-06-26,2024-06-27,2024-06-28,OK,0.0006423757609393919,0.030934690025230558,0.0003712162803027667,0.00027092102029602216,1.0
2024-06-27,2024-06-28,2024-07-01,OK,-0.007144790100563782,3.77492765705964e-05,4.529913188471568e-07,-0.007145239855354757,1.0
2024-06-28,2024-07-01,2024-07-02,OK,0.004137174303097589,0.03819394871393045,0.0004583273845671654,0.0036769507382525823,1.0
2024-07-01,2024-07-02,2024-07-03,OK,0.0017783020591648033,0.028529786773845597,0.00034235744128614717,0.0014353358029357555,1.0
2024-07-02,2024-07-03,2024-07-05,OK,0.010869350584336135,5.965492312883305e-07,7.158590775459967e-09,0.010869343347936322,0.9999999999999999
2024-07-03,2024-07-05,2024-07-08,OK,-0.006748263842283221,0.010383093427918398,0.00012459712113502077,-0.0068720201491707655,1.0
2024-07-05,2024-07-08,2024-07-09,OK,-0.0024873558259187836,0.0018072179842238225,2.168661581068587e-05,-0.0025089884993992895,0.9999999999999999
2024-07-08,2024-07-09,2024-07-10,OK,0.007569960821741868,0.017016992099451414,0.00020420390519341696,0.007364211100986617,1.0
2024-07-09,2024-07-10,2024-07-11,OK,-0.009703112022937813,0.04035688801375305,0.0004842826561650366,-0.010182695630239325,1.0
2024-07-10,2024-07-11,2024-07-12,OK,0.006290477315025853,0.02200455759338879,0.0002640546911206655,0.0060247615938606724,1.0
2024-07-11,2024-07-12,2024-07-15,OK,0.00524190268643622,0.06517296756126195,0.0007820756107351435,0.004455727511456287,1.0
2024-07-12,2024-07-15,2024-07-16,OK,0.014825908792731879,0.01188960700035793,0.00014267528400429516,0.014681118217980016,1.0
2024-07-15,2024-07-16,2024-07-17,OK,-0.027559876270495602,0.0251912214175831,0.0003022946570109972,-0.02785383972416222,1.0000000000000002
2024-07-16,2024-07-17,2024-07-18,OK,-0.008906114899258064,0.018637596611569753,0.00022365115933883702,-0.009127774195674565,1.0
2024-07-17,2024-07-18,2024-07-19,OK,-0.005801271935240226,0.18052045828077445,0.0021662454993692935,-0.007954950455389187,1.0
2024-07-18,2024-07-19,2024-07-22,OK,0.014477824542954003,0.021947606253043803,0.00026337127503652566,0.014210640224807891,0.9999999999999997
2024-07-19,2024-07-22,2024-07-23,OK,0.002082778477234539,0.050083791912865064,0.0006010055029543808,0.0014805212129540557,1.0
2024-07-22,2024-07-23,2024-07-24,OK,-0.024788717471902064,0.06009672013922107,0.0007211606416706529,-0.025492001466174363,0.9999999999999999
2024-07-23,2024-07-24,2024-07-25,OK,-0.013953259325088667,5.030524805528006e-08,6.036629766633607e-10,-0.013953259920328587,1.0
2024-07-24,2024-07-25,2024-07-26,OK,0.012351246689193957,0.05790386544573045,0.0006948463853487654,0.01164781808472859,1.0
2024-07-25,2024-07-26,2024-07-29,OK,-0.0011508426066411397,0.061268699660955585,0.000735224395931467,-0.0018852208750123056,1.0
2024-07-26,2024-07-29,2024-07-30,OK,0.0013827248087866894,0.04181261371796486,0.0005017513646155783,0.0008802796601115048,1.0
2024-07-29,2024-07-30,2024-07-31,OK,0.012529966410499934,0.0251048230458593,0.0003012578765503116,0.01222493378287548,1.0
2024-07-30,2024-07-31,2024-08-01,OK,-0.02067318347985919,0.05207718918608305,0.0006249262702329966,-0.02128519053464628,1.0000000000000002
2024-07-31,2024-08-01,2024-08-02,OK,-0.03019737263918077,0.06966342628885615,0.0008359611154662738,-0.03100808992533144,1.0
2024-08-01,2024-08-02,2024-08-05,OK,-0.01647254249950432,0.1264682052228625,0.00151761846267435,-0.017965161927554374,1.0
2024-08-02,2024-08-05,2024-08-06,OK,0.015722576440332973,0.07481548782967402,0.0008977858539560883,0.014810675079661051,1.0
2024-08-05,2024-08-06,2024-08-07,OK,-0.0016368659464218933,0.08422633499910688,0.0010107160199892826,-0.002645927559776551,1.0
2024-08-06,2024-08-07,2024-08-08,OK,0.014130626916073252,9.529432674112598e-08,1.1435319208935118e-09,0.014130625756382464,1.0
2024-08-07,2024-08-08,2024-08-09,OK,-0.0003778395644635056,5.145599659808113e-08,6.174719591769736e-10,-0.0003778401817021715,1.0
2024-08-08,2024-08-09,2024-08-12,OK,0.0018227072891038771,0.0230411382670324,0.00027649365920438877,0.0015457096628914702,1.0000000000000002
2024-08-09,2024-08-12,2024-08-13,OK,0.004124324544968492,2.5353889963355323e-07,3.0424667956026387e-09,0.004124321489953564,1.0
2024-08-12,2024-08-13,2024-08-14,OK,0.007742115137373176,0.007356851590318965,8.828221908382758e-05,0.007653149427184536,1.0
2024-08-13,2024-08-14,2024-08-15,OK,0.01576443253286441,0.03602468201133836,0.0004322961841360604,0.015325321444699114,1.0
2024-08-14,2024-08-15,2024-08-16,OK,0.0017286778097147738,0.03968737100590701,0.0004762484520708841,0.0012516060775129567,1.0
2024-08-15,2024-08-16,2024-08-19,OK,0.005766065584203714,1.498465841478993e-07,1.7981590097747915e-09,0.0057660637756764554,1.0
2024-08-16,2024-08-19,2024-08-20,OK,0.0012883177263512972,0.012982244842905347,0.00015578693811486415,0.0011323300851626694,1.0
2024-08-19,2024-08-20,2024-08-21,OK,3.885167413128557e-05,8.73499316489424e-08,1.0481991797873087e-09,3.8850625891262425e-05,1.0
2024-08-20,2024-08-21,2024-08-22,OK,0.0006627207279494982,0.007485743823046558,8.98289258765587e-05,0.0005728322705818023,1.0000000000000002
2024-08-21,2024-08-22,2024-08-23,OK,0.006351106993125931,5.978229199358779e-08,7.173875039230534e-10,0.006351106271182294,1.0
2024-08-22,2024-08-23,2024-08-26,OK,0.0030577897678332627,0.049369795431352816,0.0005924375451762338,0.0024635406731932097,0.9999999999999998
2024-08-23,2024-08-26,2024-08-27,OK,0.009898981998479358,0.1388713604881793,0.0016664563258581516,0.00821602945145039,0.9999999999999998
2024-08-26,2024-08-27,2024-08-28,OK,0.0017077959030086672,0.022129655669782852,0.00026555586803739424,0.0014417865197478008,1.0
2024-08-27,2024-08-28,2024-08-29,OK,0.0040411312810686734,0.017331055067812746,0.00020797266081375295,0.0038323181754296165,1.0
2024-08-28,2024-08-29,2024-08-30,OK,0.0028936724067435264,6.045284816490609e-08,7.25434177978873e-10,0.0028936716792100636,1.0
2024-08-29,2024-08-30,2024-09-03,OK,-0.005078433201779111,0.007577934804014639,9.093521764817567e-05,-0.00516890661099878,1.0000000000000002
2024-08-30,2024-09-03,2024-09-04,OK,0.0029289987018832346,6.953807146961843e-08,8.344568576354212e-10,0.0029289978649822412,1.0
2024-09-03,2024-09-04,2024-09-05,OK,-0.00920852906229876,0.0005225962851611158,6.27115542193339e-06,-0.009214742469603743,1.0
2024-09-04,2024-09-05,2024-09-06,OK,-0.013052228749124227,0.14228550597175188,0.0017074260716610226,-0.014737369105125797,1.0
2024-09-05,2024-09-06,2024-09-09,OK,0.009396266059262083,0.04931327354230245,0.0005917592825076295,0.00879894644909296,1.0
2024-09-06,2024-09-09,2024-09-10,OK,-0.0014683811398580203,0.018494083743153544,0.00022192900491784252,-0.0016899842684106048,1.0000000000000002
2024-09-09,2024-09-10,2024-09-11,OK,-0.00406544494814086,2.687085206757155e-05,3.224502248108586e-07,-0.004065766087462119,0.9999999999999998
2024-09-10,2024-09-11,2024-09-12,OK,0.0033514523041578118,0.005278235748932155,6.333882898718586e-05,0.00328790119810618,1.0000000000000002
2024-09-11,2024-09-12,2024-09-13,OK,0.003304719089331716,0.029034521057927518,0.00034841425269513024,0.002955153425404644,1.0
2024-09-12,2024-09-13,2024-09-16,OK,0.0047294329347206685,0.0018912545008427945,2.2695054010113536e-05,0.004706630545974644,1.0
2024-09-13,2024-09-16,2024-09-17,OK,-0.004500341807682548,0.0014067935642451124,1.688152277094135e-05,-0.004517147357830709,1.0
2024-09-16,2024-09-17,2024-09-18,OK,-0.00016967901099566767,4.916630187435647e-08,5.899956224922777e-10,-0.0001696796008910928,1.0
2024-09-17,2024-09-18,2024-09-19,OK,0.0038838522806619942,0.017591818936304078,0.00021110182723564893,0.0036719305651131684,1.0
2024-09-18,2024-09-19,2024-09-20,OK,0.0005544021946157515,0.02438920914353602,0.0002926705097224322,0.00026156942772037617,1.0
2024-09-19,2024-09-20,2024-09-23,OK,0.006233732145408088,0.14252813991494714,0.0017103376789793657,0.004512732679459841,1.0
2024-09-20,2024-09-23,2024-09-24,OK,0.005884822400895175,0.010227538009335138,0.00012273045611202167,0.005761369697845797,1.0
2024-09-23,2024-09-24,2024-09-25,OK,-0.003204965502506085,0.058262102907221405,0.0006991452348866569,-0.0039018700010337026,1.0
2024-09-24,2024-09-25,2024-09-26,OK,0.0024985234047233077,0.1191711427425205,0.001430053712910246,0.0010648966691413353,0.9999999999999999
2024-09-25,2024-09-26,2024-09-27,OK,-0.002797778482716533,0.009648569754548234,0.0001157828370545788,-0.002913237385041012,1.0
2024-09-26,2024-09-27,2024-09-30,OK,0.004824927186829052,0.05954588856210809,0.0007145506627452971,0.004106928869164639,1.0
2024-09-27,2024-09-30,2024-10-01,OK,0.0034950491137250832,5.987399972621295e-06,7.184879967145555e-08,0.0034949770138104075,1.0000000000000002
2024-09-30,2024-10-01,2024-10-02,OK,-0.001023676161181291,1.6904332502368693e-07,2.028519900284243e-09,-0.0010236781876246104,1.0
2024-10-01,2024-10-02,2024-10-03,OK,-0.0022007825162778196,0.022565643229407552,0.00027078771875289063,-0.002470974290153749,1.0
2024-10-02,2024-10-03,2024-10-04,OK,0.010967776817708788,0.004338875745810258,5.20665089497231e-05,0.010915139254909167,1.0
2024-10-03,2024-10-04,2024-10-07,OK,-0.008985644645297226,3.383703083279162e-07,4.060443699934994e-09,-0.00898564866925522,1.0
2024-10-04,2024-10-07,2024-10-08,OK,0.003818893301865956,1.1484848363115588e-07,1.3781818035738707e-09,0.003818891918420997,1.0
2024-10-07,2024-10-08,2024-10-09,OK,0.008451916806248412,0.0014994150267809833,1.79929803213718e-05,0.008433771750754326,1.0
2024-10-08,2024-10-09,2024-10-10,OK,-0.0025142287376340314,1.4682900183453254e-07,1.7619480220143905e-09,-0.002514230495152203,1.0
2024-10-09,2024-10-10,2024-10-11,OK,0.006051830670907168,0.0055452058229313395,6.654246987517608e-05,0.005984885497271941,1.0
2024-10-10,2024-10-11,2024-10-14,OK,0.005116410041280871,1.0598631895317104e-07,1.2718358274380525e-09,0.005116408762937841,1.0
2024-10-11,2024-10-14,2024-10-15,OK,-0.00995419543072465,1.9489119557399078e-07,2.3386943468878893e-09,-0.009954197746139148,1.0000000000000002
2024-10-14,2024-10-15,2024-10-16,OK,0.005754177903395097,4.638326873282332e-06,5.565992247938798e-08,0.0057541219231955765,1.0
2024-10-15,2024-10-16,2024-10-17,OK,-0.004863579967961537,1.0772199117541965e-07,1.2926638941050357e-09,-0.004863581254338389,1.0
2024-10-16,2024-10-17,2024-10-18,OK,0.005156673223399592,0.10458181491832132,0.0012549817790198559,0.0038952199134441035,1.0
2024-10-17,2024-10-18,2024-10-21,OK,-0.00011780902066380561,5.627979461532748e-08,6.753575353839298e-10,-0.00011780969594177293,1.0
2024-10-18,2024-10-21,2024-10-22,OK,-0.008920384604842981,3.575688814319946e-07,4.290826577183935e-09,-0.008920388857393768,1.0
2024-10-21,2024-10-22,2024-10-23,OK,-0.0049117373922513054,0.013358810447117259,0.0001603057253654071,-0.005071255737991165,0.9999999999999999
2024-10-22,2024-10-23,2024-10-24,OK,-0.00030802947233028467,0.02948805579372367,0.00035385666952468406,-0.0006617771435718511,0.9999999999999999
2024-10-23,2024-10-24,2024-10-25,OK,-0.004265032291004635,0.0034080364911848577,4.089643789421829e-05,-0.004305754304270604,1.0
2024-10-24,2024-10-25,2024-10-28,OK,0.0014030503774595977,0.007661497540408617,9.19379704849034e-05,0.0013109834133704368,1.0
2024-10-25,2024-10-28,2024-10-29,OK,-0.000871892839574778,0.15407407928047534,0.001848888951365704,-0.002719169757902651,1.0000000000000002
2024-10-28,2024-10-29,2024-10-30,OK,-0.003280404464811774,0.015363753982097272,0.00018436504778516726,-0.0034641647206711257,1.0000000000000002
2024-10-29,2024-10-30,2024-10-31,OK,-0.005234167156293,0.015488559147761045,0.00018586270977313254,-0.005419057029575125,1.0
2024-10-30,2024-10-31,2024-11-01,OK,0.000169206515047933,0.00735395245578749,8.824742946944988e-05,8.094415353854245e-05,1.0
2024-10-31,2024-11-01,2024-11-04,OK,-0.0042701263101611224,0.006778353184145888,8.134023820975065e-05,-0.004351119215279531,1.0
2024-11-01,2024-11-04,2024-11-05,OK,0.012574486487388634,1.884728839752374e-07,2.261674607702849e-09,0.012574484197274582,1.0
2024-11-04,2024-11-05,2024-11-06,OK,0.037782087599746536,0.01993865730490221,0.00023926388765882652,0.03753378382292483,1.0
2024-11-05,2024-11-06,2024-11-07,OK,-0.00281555796708149,0.04196226882265614,0.0005035472258718737,-0.003317687426549698,1.0000000000000002
2024-11-06,2024-11-07,2024-11-08,OK,0.007010119740596099,0.0034182216664208303,4.1018659997049965e-05,0.00696881353488088,1.0
2024-11-07,2024-11-08,2024-11-11,OK,0.014089318310743506,7.886838202703352e-08,9.464205843244022e-10,0.014089317350988617,1.0
2024-11-08,2024-11-11,2024-11-12,OK,0.0024488029100574685,6.145302591561865e-05,7.374363109874238e-07,0.002448063667910283,1.0
2024-11-11,2024-11-12,2024-11-13,OK,-0.0019191009269686281,0.0062754389652319165,7.5305267582783e-05,-0.0019942616761426946,1.0
2024-11-12,2024-11-13,2024-11-14,OK,-0.005277064632875034,0.017486798887497046,0.00020984158664996455,-0.005485798871909586,0.9999999999999999
2024-11-13,2024-11-14,2024-11-15,OK,-0.0041466454759807505,0.0006971434427696138,8.365721313235367e-06,-0.004154976507613539,1.0000000000000002
2024-11-14,2024-11-15,2024-11-18,OK,0.0044937489500974015,1.2664543078242556e-05,1.5197451693891066e-07,0.004493596292645119,0.9999999999999999
2024-11-15,2024-11-18,2024-11-19,OK,0.003807750798232628,8.878736817657527e-08,1.0654484181189033e-09,0.0038077497287272166,1.0
2024-11-18,2024-11-19,2024-11-20,OK,0.006665525345026154,0.026475166013798353,0.00031770199216558026,0.006345705702179405,1.0
2024-11-19,2024-11-20,2024-11-21,OK,0.010446592406661655,6.913044306823137e-08,8.295653168187764e-10,0.010446591568430197,1.0
2024-11-20,2024-11-21,2024-11-22,OK,0.012394391965265272,0.017176097554246327,0.00020611317065095594,0.012185724147188104,1.0
2024-11-21,2024-11-22,2024-11-25,OK,0.0004980468223151459,1.3025712344092834e-07,1.5630854812911402e-09,0.0004980452584513184,1.0
2024-11-22,2024-11-25,2024-11-26,OK,0.0076298471152866434,0.003415823242542977,4.098987891051573e-05,0.007588544489866678,1.0000000000000002
2024-11-25,2024-11-26,2024-11-27,OK,0.0005659168233553881,0.03323799250141604,0.0003988559100169925,0.0001668351940689039,1.0
2024-11-26,2024-11-27,2024-11-29,OK,0.004075499269963448,6.82347172287074e-07,8.188166067444888e-09,0.004075491048426416,0.9999999999999999
2024-11-27,2024-11-29,2024-12-02,OK,-0.0010685519262954187,0.03031995085590257,0.00036383941027083084,-0.0014320025552635451,1.0
2024-11-29,2024-12-02,2024-12-03,OK,-0.002113672700576486,0.0605882304520434,0.0007270587654245208,-0.00283919470173688,1.0
2024-12-02,2024-12-03,2024-12-04,OK,0.0055440862914700306,2.232437259798475e-07,2.67892471175817e-09,0.005544083597692984,1.0
2024-12-03,2024-12-04,2024-12-05,OK,-0.002796906789971803,3.0509837567849016e-05,3.661180508141882e-07,-0.002797271884024455,1.0
2024-12-04,2024-12-05,2024-12-06,OK,0.0008726074333954884,2.4468031001970337e-07,2.9361637202364404e-09,0.0008726044946696376,1.0000000000000002
2024-12-05,2024-12-06,2024-12-09,OK,-0.008697716100454165,0.07374683213160473,0.0008849619855792567,-0.009574980937923194,1.0
2024-12-06,2024-12-09,2024-12-10,OK,0.0036529746673779166,0.015631266524846102,0.00018757519829815323,0.0034647142616321958,1.0
2024-12-09,2024-12-10,2024-12-11,OK,0.0011953226726197652,8.21165962898532e-08,9.853991554782384e-10,0.0011953216860427496,1.0
2024-12-10,2024-12-11,2024-12-12,OK,-0.009284919841116984,0.017158589681207495,0.00020590307617448996,-0.009488911123734178,1.0
2024-12-11,2024-12-12,2024-12-13,OK,-0.0074745216607740705,0.08768876482956474,0.001052265177954777,-0.008518921659863343,1.0
2024-12-12,2024-12-13,2024-12-16,OK,-0.002421607304957839,0.08175667401661499,0.00098108008819938,-0.0034003116024489133,0.9999999999999999
2024-12-13,2024-12-16,2024-12-17,OK,-0.0010312588436856933,0.041100307056493715,0.0004932036846779246,-0.0015239539077021025,0.9999999999999998
2024-12-16,2024-12-17,2024-12-18,OK,-0.030859380966387392,0.012065681605718564,0.00014478817926862276,-0.030999701072072616,1.0
2024-12-17,2024-12-18,2024-12-19,OK,0.003784403582027534,0.0016544414247747549,1.985329709729706e-05,0.003764475152041591,1.0
2024-12-18,2024-12-19,2024-12-20,OK,0.008451475600551584,0.03708348844139052,0.00044500186129668625,0.00800271281688203,0.9999999999999999
2024-12-19,2024-12-20,2024-12-23,OK,-0.002997949405696008,5.311596765665402e-08,6.373916118798482e-10,-0.0029979500411766447,1.0000000000000002
2024-12-20,2024-12-23,2024-12-24,OK,0.013664686773991441,8.449938122906685e-08,1.0139925747488023e-09,0.01366468574614288,0.9999999999999999
2024-12-23,2024-12-24,2024-12-26,OK,-0.0024357699926891487,1.4369473804574237e-07,1.7243368565489085e-09,-0.0024357717128259404,1.0
2024-12-24,2024-12-26,2024-12-27,OK,-0.011795305001170603,7.727916569130658e-08,9.27349988295679e-10,-0.011795305917582266,1.0
2024-12-26,2024-12-27,2024-12-30,OK,-0.008016620899856648,2.9834270418084517e-05,3.580112450170142e-07,-0.008016976041061219,1.0
2024-12-27,2024-12-30,2024-12-31,OK,-0.0019192550354466007,0.014337042540441214,0.00017204451048529457,-0.002090969348638838,1.0
2024-12-30,2024-12-31,2025-01-02,OK,-0.0008948605296161773,1.201286363590905e-05,1.441543636309086e-07,-0.0008950045549818153,1.0
2024-12-31,2025-01-02,2025-01-03,OK,0.0031256268432369515,5.760424245280913e-06,6.912509094337096e-08,0.003125557502086762,1.0
2025-01-02,2025-01-03,2025-01-06,OK,-0.0025203919780296996,3.552295566269387e-06,4.2627546795232645e-08,-0.002520434498138324,1.0000000000000002
2025-01-03,2025-01-06,2025-01-07,OK,-0.0016882255969406527,0.03705690879573313,0.0004446829055487976,-0.002132157777425814,1.0
2025-01-06,2025-01-07,2025-01-08,OK,0.000724785783838246,0.024470602155873756,0.0002936472258704851,0.00043092572663305795,1.0
2025-01-07,2025-01-08,2025-01-10,OK,-0.014409429698432284,0.018108197596013568,0.00021729837115216282,-0.014623596923981741,1.0
2025-01-08,2025-01-10,2025-01-13,OK,0.00021003050877972806,3.3552660272417436e-08,4.0263192326900926e-10,0.00021003010606324146,1.0
2025-01-10,2025-01-13,2025-01-14,OK,0.0006831602623717513,2.7712340158657787e-08,3.3254808190389347e-10,0.0006831599295964441,1.0
2025-01-13,2025-01-14,2025-01-15,OK,0.01766975751337578,1.2878814449452983e-07,1.545457733934358e-09,0.017669755940610044,1.0
2025-01-14,2025-01-15,2025-01-16,OK,-0.001864807089048116,0.0004198583691110045,5.038300429332054e-06,-0.0018698359940190201,1.0
2025-01-15,2025-01-16,2025-01-17,OK,0.010781678226934894,0.0020099988050394676,2.4119985660473614e-05,0.010757298187350273,1.0
2025-01-16,2025-01-17,2025-01-21,OK,0.010921506146228364,0.039659715698332376,0.0004759165883799885,0.010440391831903373,1.0
2025-01-17,2025-01-21,2025-01-22,OK,0.00565504841242374,6.318191430633446e-08,7.581829716760136e-10,0.005655047649953282,1.0
2025-01-21,2025-01-22,2025-01-23,OK,0.009575140787963923,3.716549077353162e-08,4.459858892823795e-10,0.009575140337707566,1.0
2025-01-22,2025-01-23,2025-01-24,OK,-0.0028776788987464343,5.249513510812619e-08,6.299416212975143e-10,-0.002877679526875343,1.0
2025-01-23,2025-01-24,2025-01-27,OK,0.01749259788509391,0.004273732153229304,5.128478583875165e-05,0.01744041599511892,1.0
2025-01-24,2025-01-27,2025-01-28,OK,0.008224579281175336,3.0750658233039336e-08,3.6900789879647206e-10,0.008224578909132418,1.0
2025-01-27,2025-01-28,2025-01-29,OK,0.0021550665871946147,0.04487476783484112,0.0005384972140180935,0.001615408875823121,0.9999999999999997
2025-01-28,2025-01-29,2025-01-30,OK,0.005067469978844495,2.4288535417101824e-07,2.914624250052219e-09,0.00506746704945038,1.0
2025-01-29,2025-01-30,2025-01-31,OK,-0.007181386156641692,9.219663062078748e-08,1.1063595674494498e-09,-0.007181387255056015,1.0
2025-01-30,2025-01-31,2025-02-03,OK,0.0013125124695502668,1.0863843773190052e-07,1.3036612527828062e-09,0.0013125111641780762,1.0
2025-01-31,2025-02-03,2025-02-04,OK,0.00898302717872658,0.005016789854604955,6.0201478255259466e-05,0.008922284908955858,1.0
2025-02-03,2025-02-04,2025-02-05,OK,0.011572516213385902,1.0379569091462787e-07,1.2455482909755344e-09,0.011572514953423596,1.0
2025-02-04,2025-02-05,2025-02-06,OK,0.0021993259806386695,1.3292098595667906e-07,1.5950518314801488e-09,0.0021993243820788155,1.0
2025-02-05,2025-02-06,2025-02-07,OK,-0.011284011895309046,0.04071753794963906,0.0004886104553956688,-0.011767108864513931,0.9999999999999997
2025-02-06,2025-02-07,2025-02-10,OK,0.0037006950055663407,3.503137028662545e-08,4.203764434395054e-10,0.003700694583634201,0.9999999999999999
2025-02-07,2025-02-10,2025-02-11,OK,-0.002644510196617299,3.1755840491471854e-08,3.8107008589766227e-10,-0.0026445105766795818,1.0
2025-02-10,2025-02-11,2025-02-12,OK,-0.0018418886994175077,5.347995714804402e-08,6.417594857765283e-10,-0.001841889339994962,1.0000000000000002
2025-02-11,2025-02-12,2025-02-13,OK,0.016993004730344072,0.04642033788980385,0.0005570440546776462,0.016426494823410298,0.9999999999999999
2025-02-12,2025-02-13,2025-02-14,OK,0.008121196237854574,4.419568868438846e-08,5.303482642126615e-10,0.008121195703199469,1.0
2025-02-13,2025-02-14,2025-02-18,OK,0.000883982806313796,1.9147375922255613e-05,2.2976851106706735e-07,0.0008837528346914425,1.0
2025-02-14,2025-02-18,2025-02-19,OK,0.004547071876787483,4.181974624603274e-08,5.018369549523929e-10,0.004547071372668743,1.0000000000000002
2025-02-18,2025-02-19,2025-02-20,OK,-0.014228619064495353,0.015586480723166965,0.00018703776867800358,-0.014412995544012208,1.0
2025-02-19,2025-02-20,2025-02-21,OK,-0.013892511674719762,0.007613274201140125,9.13592904136815e-05,-0.01398260175512478,1.0
2025-02-20,2025-02-21,2025-02-24,OK,0.005274757117163899,0.00692284307366281,8.307411688395373e-05,0.0051912448044906245,1.0
2025-02-21,2025-02-24,2025-02-25,OK,0.008635331125706209,3.820879121475684e-08,4.5850549457708204e-10,0.008635330663241403,1.0000000000000002
2025-02-24,2025-02-25,2025-02-26,OK,-0.0008331016978130958,0.19208009532532755,0.0023049611439039308,-0.0031361425746746496,1.0
2025-02-25,2025-02-26,2025-02-27,OK,-0.01047763668260266,0.015178708108116869,0.00018214449729740242,-0.010657872736033691,1.0
2025-02-26,2025-02-27,2025-02-28,OK,0.012577485571155775,0.01287142235329298,0.00015445706823951578,0.012421085821369138,1.0
2025-02-27,2025-02-28,2025-03-03,OK,-0.009142039651983203,0.004047368764496843,4.8568425173962125e-05,-0.009190164062688466,0.9999999999999998
2025-02-28,2025-03-03,2025-03-04,OK,-0.019387574818830463,0.016833235464888352,0.00020199882557866023,-0.01958565737706497,1.0
2025-03-03,2025-03-04,2025-03-05,OK,0.006474327310088882,0.007355190102123218,8.826228122547862e-05,0.006385493589965652,1.0
2025-03-04,2025-03-05,2025-03-06,OK,-0.024431623207816527,0.0036869822314162188,4.4243786776994625e-05,-0.024474786047065766,0.9999999999999998
2025-03-05,2025-03-06,2025-03-07,OK,-0.007633187798044786,5.986451630941508e-07,7.183741957129809e-09,-0.007633194926951914,1.0
2025-03-06,2025-03-07,2025-03-10,OK,-0.01908354560454679,0.045785265726211034,0.0005494231887145324,-0.019622483850783357,1.0
2025-03-07,2025-03-10,2025-03-11,OK,-0.002474054457199498,0.05066628758224939,0.0006079954509869927,-0.003080545694331027,0.9999999999999998
2025-03-10,2025-03-11,2025-03-12,OK,0.004091573427310764,0.020391374911820172,0.0002446964989418421,0.0038458757346762074,0.9999999999999999
2025-03-11,2025-03-12,2025-03-13,OK,-0.008095502685400298,0.012629417796762084,0.000151553013561145,-0.008245828801133226,1.0000000000000002
2025-03-12,2025-03-13,2025-03-14,OK,0.022890244947532532,1.3895262908835808e-06,1.667431549060297e-08,0.02289022789153794,1.0
2025-03-13,2025-03-14,2025-03-17,OK,0.021199336020277768,0.016621585439656826,0.00019945902527588192,0.020995648596102923,1.0
2025-03-14,2025-03-17,2025-03-18,OK,-0.00354144245086426,0.11604441589221628,0.0013925329907065955,-0.0049290438661233615,1.0
2025-03-17,2025-03-18,2025-03-19,OK,0.013041230626769445,0.010007277030957724,0.0001200873243714927,0.012919577215905642,1.0
2025-03-18,2025-03-19,2025-03-20,OK,-0.0031812161540668263,3.570510519964394e-08,4.2846126239572735e-10,-0.0031812165811651028,1.0
2025-03-19,2025-03-20,2025-03-21,OK,0.0032569751854311826,0.01380113188958907,0.00016561358267506884,0.003090822203426935,1.0
2025-03-20,2025-03-21,2025-03-24,OK,0.00580354483121028,0.008120557563524027,9.744669076228833e-05,0.0057055326042096954,1.0
2025-03-21,2025-03-24,2025-03-25,OK,0.007903749206369087,0.008818675955469122,0.00010582411146562946,0.007797088687666598,0.9999999999999999
2025-03-24,2025-03-25,2025-03-26,OK,-0.0006944059933002153,0.007279395783079066,8.735274939694879e-05,-0.0007816980844244092,0.9999999999999999
2025-03-25,2025-03-26,2025-03-27,OK,0.008782128952895416,6.923656464847797e-05,8.308387757817357e-07,0.008781290817586163,1.0000000000000002
2025-03-26,2025-03-27,2025-03-28,OK,-0.016935136668086905,1.1353307512820682e-07,1.362396901538482e-09,-0.01693513800741142,1.0
2025-03-27,2025-03-28,2025-03-31,OK,0.008124160739580902,8.050616973437704e-05,9.660740368125246e-07,0.008123186817003525,0.9999999999999998
2025-03-28,2025-03-31,2025-04-01,OK,-0.0017779034933011113,0.013524601848876305,0.00016229522218651568,-0.001939910170245085,1.0
2025-03-31,2025-04-01,2025-04-02,OK,-0.0031722304122222948,1.76806478481444e-05,2.1216777417773282e-07,-0.0031724419069513177,1.0
2025-04-01,2025-04-02,2025-04-03,OK,-0.022143538521891826,0.015402568166107439,0.00018483081799328926,-0.022324276531546783,1.0000000000000002
2025-04-02,2025-04-03,2025-04-04,OK,-0.06738594471219662,5.944610662980636e-08,7.133532795576764e-10,-0.06738594537747988,1.0
2025-04-03,2025-04-04,2025-04-07,OK,-0.01916611898293264,0.008877835862173389,0.00010653403034608066,-0.01927061116937745,1.0
2025-04-04,2025-04-07,2025-04-08,OK,-0.005118935102878451,0.013591321112664746,0.00016309585335197695,-0.005281196079141459,1.0
2025-04-07,2025-04-08,2025-04-09,OK,0.06231175220351908,2.473438608408492e-07,2.9681263300901906e-09,0.06231174905044368,1.0
2025-04-08,2025-04-09,2025-04-10,OK,-0.014641165374861397,1.3811466652910087e-07,1.6573759983492104e-09,-0.014641167007971467,1.0
2025-04-09,2025-04-10,2025-04-11,OK,0.014700384528089184,0.04618942306887548,0.0005542730768265058,0.014137963423899613,1.0
2025-04-10,2025-04-11,2025-04-14,OK,0.010815702296358443,1.625109640110073e-07,1.9501315681320876e-09,0.010815700325134792,1.0
2025-04-11,2025-04-14,2025-04-15,OK,0.004881962343683985,4.84356901029161e-08,5.812282812349932e-10,0.004881961759618081,1.0
2025-04-14,2025-04-15,2025-04-16,OK,-0.006598443851155956,4.830536521154714e-08,5.796643825385657e-10,-0.006598444426995531,1.0
2025-04-15,2025-04-16,2025-04-17,OK,0.011246833343530225,3.98430915995677e-08,4.781170991948124e-10,0.011246832860035916,1.0000000000000002
2025-04-16,2025-04-17,2025-04-21,OK,-0.007594730773481196,5.710053995458513e-08,6.852064794550216e-10,-0.007594731453483661,1.0
2025-04-17,2025-04-21,2025-04-22,OK,0.007608900706883399,9.445454650198638e-08,1.1334545580238365e-09,0.007608899564804483,1.0
2025-04-21,2025-04-22,2025-04-23,OK,0.008428493861644216,0.01359151524746857,0.00016309818296962285,0.008264021006640476,1.0
2025-04-22,2025-04-23,2025-04-24,OK,0.013082748129253785,0.004737908779883927,5.685490535860713e-05,0.01302514940548849,1.0
2025-04-23,2025-04-24,2025-04-25,OK,-0.0011581642360436787,1.3379957651311437e-07,1.6055949181573725e-09,-0.0011581658397790129,1.0
2025-04-24,2025-04-25,2025-04-28,OK,0.006614957484700591,0.013162815208223894,0.00015795378249868673,0.006455958844646004,1.0
2025-04-25,2025-04-28,2025-04-29,OK,0.009505113760907333,0.0005063778068269999,6.0765336819239985e-06,0.009498979469081403,1.0
2025-04-28,2025-04-29,2025-04-30,OK,0.004356631925626881,4.7828762101257086e-08,5.73945145215085e-10,0.004356631349181406,0.9999999999999998
2025-04-29,2025-04-30,2025-05-01,OK,-0.006314141114389854,1.2765657624849682e-07,1.531878914981962e-09,-0.006314142636596354,0.9999999999999999
2025-04-30,2025-05-01,2025-05-02,OK,0.011950235655795158,1.0001931934492536e-05,1.2002318321391043e-07,0.011950114198306716,0.9999999999999999
2025-05-01,2025-05-02,2025-05-05,OK,-0.008168811855199569,4.149284589570962e-06,4.979141507485155e-08,-0.008168861239877923,1.0
2025-05-02,2025-05-05,2025-05-06,OK,0.0025060573925166853,1.8401749712963644e-07,2.2082099655556374e-09,0.0025060551787727814,1.0
2025-05-05,2025-05-06,2025-05-07,OK,1.3413728847660565e-05,0.006539829217186948,7.847795060624338e-05,-6.506527444050114e-05,0.9999999999999998
2025-05-06,2025-05-07,2025-05-08,OK,-0.005017213911616571,0.0016015369915720918,1.9218443898865102e-05,-0.005036335932471325,1.0
2025-05-07,2025-05-08,2025-05-09,OK,0.004796286074182531,7.449446222440919e-08,8.939335466929103e-10,0.004796285175961534,1.0
2025-05-08,2025-05-09,2025-05-12,OK,-0.005791202749869383,1.0149507497910495e-07,1.2179408997492593e-09,-0.00579120396075683,0.9999999999999999
2025-05-09,2025-05-12,2025-05-13,OK,-0.0005431359305247548,8.473765199315069e-08,1.0168518239178083e-09,-0.0005431369468242853,1.0
2025-05-12,2025-05-13,2025-05-14,OK,0.0007526830967455926,3.881030669803918e-06,4.657236803764702e-08,0.0007526364893233328,1.0
2025-05-13,2025-05-14,2025-05-15,OK,0.016969385294518673,0.003463966300003988,4.1567595600047855e-05,0.016927112322373317,1.0
2025-05-14,2025-05-15,2025-05-16,OK,0.0027326338632494697,0.038036333842690395,0.00045643600611228473,0.002274950584650437,1.0
2025-05-15,2025-05-16,2025-05-19,OK,0.007799673691656429,6.614964516857006e-05,7.937957420228408e-07,0.007798873704566667,1.0
2025-05-16,2025-05-19,2025-05-20,OK,0.006275179959708939,0.00023511522572611265,2.821382708713352e-06,0.006272340872315985,1.0
2025-05-19,2025-05-20,2025-05-21,OK,-0.013083601657351972,1.4336803698472333e-05,1.72041644381668e-07,-0.013083771448072046,1.0000000000000002
2025-05-20,2025-05-21,2025-05-22,OK,-6.324521837581202e-05,0.00019600766183095448,2.352091941971454e-06,-6.559716155929429e-05,1.0
2025-05-21,2025-05-22,2025-05-23,OK,0.0008259215143833962,3.6731300183943157e-07,4.407756022073179e-09,0.0008259171029867396,1.0
2025-05-22,2025-05-23,2025-05-27,OK,0.014986803438804548,0.008894003677563298,0.00010672804413075958,0.014878475882454945,1.0
2025-05-23,2025-05-27,2025-05-28,OK,-0.006047931160536966,1.944297773968837e-07,2.3331573287626045e-09,-0.006047933479583434,1.0
2025-05-27,2025-05-28,2025-05-29,OK,-0.0004423776513871363,1.987072330636672e-07,2.3844867967640067e-09,-0.00044238003481911203,0.9999999999999999
2025-05-28,2025-05-29,2025-05-30,OK,0.005732685477183409,9.276403143432859e-06,1.1131683772119431e-07,0.005732573522201134,1.0
2025-05-29,2025-05-30,2025-06-02,OK,0.01092438238962637,1.0934839483588025e-06,1.312180738030563e-08,0.010924369124471367,1.0
2025-05-30,2025-06-02,2025-06-03,OK,-8.293632413077809e-05,9.311137004201901e-08,1.1173364405042283e-09,-8.293744137455317e-05,1.0
2025-06-02,2025-06-03,2025-06-04,OK,-0.002256829844877114,2.0683503843949463e-07,2.4820204612739355e-09,-0.0022568323212960317,0.9999999999999999
2025-06-03,2025-06-04,2025-06-05,OK,-0.00037113871264301017,7.137491497352083e-05,8.5649897968225e-07,-0.0003719948937427331,1.0
2025-06-04,2025-06-05,2025-06-06,OK,0.0009332501153004845,1.3253571199715873e-05,1.590428543965905e-07,0.0009330909240192753,1.0
2025-06-05,2025-06-06,2025-06-09,OK,-0.004754648618300252,8.39232319781094e-06,1.0070787837373129e-07,-0.004754748847348056,1.0
2025-06-06,2025-06-09,2025-06-10,OK,-0.00212457486360476,2.3998969024163045e-07,2.8798762828995656e-09,-0.0021245777373625208,1.0000000000000002
2025-06-09,2025-06-10,2025-06-11,OK,0.006761934084119956,0.00031841218007149386,3.8209461608579265e-06,0.006758087300972937,1.0
2025-06-10,2025-06-11,2025-06-12,OK,0.011124890857741404,4.997223096978433e-08,5.99666771637412e-10,0.011124890251403396,1.0
2025-06-11,2025-06-12,2025-06-13,OK,-0.0006371082200933908,1.6030429462878004e-05,1.9236515355453605e-07,-0.0006373004626896162,1.0
2025-06-12,2025-06-13,2025-06-16,OK,0.0030824306830408736,6.006105711937922e-07,7.2073268543255065e-09,0.003082423453497851,0.9999999999999998
2025-06-13,2025-06-16,2025-06-17,OK,0.0026075852657475762,1.2123354929223652e-05,1.4548025915068382e-07,0.0026074394061363915,1.0
2025-06-16,2025-06-17,2025-06-18,OK,-0.008474669302761228,0.006873110150068943,8.247732180082732e-05,-0.008556447656534738,1.0
2025-06-17,2025-06-18,2025-06-20,OK,-0.004993917967186242,1.3162380245503724e-05,1.579485629460447e-07,-0.004994075126967035,1.0
2025-06-18,2025-06-20,2025-06-23,OK,0.0038699792198336595,6.851650237463722e-08,8.221980284956467e-10,0.003869978394453799,1.0
2025-06-20,2025-06-23,2025-06-24,OK,-0.004508644490108884,0.13804429647522315,0.0016565315577026778,-0.0061577073359312395,1.0000000000000002
2025-06-23,2025-06-24,2025-06-25,OK,-0.004576686140654656,0.029234263426668218,0.0003508111611200186,-0.0049258917491955545,1.0000000000000002
2025-06-24,2025-06-25,2025-06-26,OK,0.01648743791968243,0.02505419546445705,0.0003006503455734846,0.016181830620200843,1.0000000000000002
2025-06-25,2025-06-26,2025-06-27,OK,0.002759677476397834,5.6248978505327066e-05,6.749877420639248e-07,0.002759000625907282,1.0
2025-06-26,2025-06-27,2025-06-30,OK,0.009386762999010092,8.420031050230479e-08,1.0104037260276574e-09,0.009386761979121916,1.0
2025-06-27,2025-06-30,2025-07-01,OK,-0.009880422983941048,0.042602680277736706,0.0005112321633328404,-0.010386603957257212,1.0
2025-06-30,2025-07-01,2025-07-02,OK,0.005159429387177444,3.51113232985702e-08,4.2133587958284244e-10,0.005159428963667834,1.0
2025-07-01,2025-07-02,2025-07-03,OK,0.0060954577376442255,0.012098743252249314,0.00014518491902699177,0.005949387850079146,1.0
2025-07-02,2025-07-03,2025-07-07,OK,-0.0026137454960448547,6.621477074151075e-08,7.94577248898129e-10,-0.002613746288545382,0.9999999999999999
2025-07-03,2025-07-07,2025-07-08,OK,-0.009147798518821824,6.870713204802943e-08,8.244855845763531e-10,-0.009147799335765261,1.0
2025-07-07,2025-07-08,2025-07-09,OK,0.005473243436088512,5.146437734162826e-08,6.175725280995392e-10,0.005473242815135837,0.9999999999999998
2025-07-08,2025-07-09,2025-07-10,OK,-0.007216161731136331,0.0014380228304011796,1.7256273964814155e-05,-0.007233293481037295,1.0
2025-07-09,2025-07-10,2025-07-11,OK,-0.0023398667223133614,3.3972956396302286e-08,4.0767547675562745e-10,-0.0023398671290348894,1.0
2025-07-10,2025-07-11,2025-07-14,OK,0.006646977623694465,0.050129879890979986,0.0006015585586917598,0.006041420518723806,0.9999999999999997
2025-07-11,2025-07-14,2025-07-15,OK,-0.016619087926276983,0.011066829561196645,0.00013280195473435973,-0.01674968283364875,1.0
2025-07-14,2025-07-15,2025-07-16,OK,0.001106115346105919,0.01227765375917569,0.00014733184511010828,0.0009586205349809696,1.0
2025-07-15,2025-07-16,2025-07-17,OK,0.005924820590151522,0.020508050793935965,0.0002460966095272316,0.0056772659023649474,1.0
2025-07-16,2025-07-17,2025-07-18,OK,-0.014933914088313191,0.02159588822276237,0.00025915065867314845,-0.015189194613313806,1.0
2025-07-17,2025-07-18,2025-07-21,OK,0.014342852941860712,0.0305990633512842,0.0003671887602154104,0.013970397647255606,1.0
2025-07-18,2025-07-21,2025-07-22,OK,-0.003538202180444028,0.1955962523602348,0.0023471550283228177,-0.005877052499727808,1.0000000000000002
2025-07-21,2025-07-22,2025-07-23,OK,0.009997630921163979,0.03096958274474813,0.00037163499293697757,0.009622280458730259,1.0
2025-07-22,2025-07-23,2025-07-24,OK,0.0030569050410717198,0.011685752070756096,0.00014022902484907315,0.002916247349409762,1.0
2025-07-23,2025-07-24,2025-07-25,OK,0.016327704395521742,0.03469141944464959,0.0004162970333357951,0.01590461018728484,1.0000000000000002
2025-07-24,2025-07-25,2025-07-28,OK,-0.011549428193427429,0.04528803230479256,0.0005434563876575107,-0.012086607970559382,1.0
2025-07-25,2025-07-28,2025-07-29,OK,0.00518589128263903,0.009516912445685272,0.00011420294934822327,0.005071096089211302,1.0
2025-07-28,2025-07-29,2025-07-30,OK,-0.006573129503345198,0.04589624945335249,0.0005507549934402299,-0.007120264312888924,0.9999999999999999
2025-07-29,2025-07-30,2025-07-31,OK,-0.00589352441451642,2.3949513457739106e-05,2.873941614928693e-07,-0.0058938101149134114,1.0000000000000002
2025-07-30,2025-07-31,2025-08-01,OK,0.0002616479387666524,0.05737132762672665,0.0006884559315207199,-0.0004269881258294195,1.0
2025-07-31,2025-08-01,2025-08-04,OK,0.018186409208087038,0.010630396732940074,0.00012756476079528087,0.0180565245023514,1.0
2025-08-01,2025-08-04,2025-08-05,OK,0.004440464069089653,0.0016914214773865453,2.0297057728638543e-05,0.004420076883005386,1.0
2025-08-04,2025-08-05,2025-08-06,OK,0.009195378010771459,1.2463998333044589e-05,1.4956797999653507e-07,0.009195227067457346,1.0
2025-08-05,2025-08-06,2025-08-07,OK,0.0026011247893087987,0.0020917596075165743,2.5101115290198892e-05,0.0025759583828852683,1.0
2025-08-06,2025-08-07,2025-08-08,OK,-0.004759746883725902,0.023078115694485965,0.0002769373883338316,-0.005035366120188622,1.0
2025-08-07,2025-08-08,2025-08-11,OK,0.0008760679259241654,2.601008205309341e-07,3.1212098463712093e-09,0.0008760648019798811,0.9999999999999999
2025-08-08,2025-08-11,2025-08-12,OK,0.006624231500945368,0.1291324106460661,0.0015495889277527932,0.005064377737403758,1.0
2025-08-11,2025-08-12,2025-08-13,OK,0.001154042582684984,0.005387600616347878,6.465120739617454e-05,0.0010893167650425362,1.0000000000000002
2025-08-12,2025-08-13,2025-08-14,OK,0.0014935896626773384,0.005587581363375258,6.70509763605031e-05,0.001426438539671615,1.0
2025-08-13,2025-08-14,2025-08-15,OK,-0.009354161600755112,0.006122617545507955,7.347141054609547e-05,-0.009426945747853965,1.0
2025-08-14,2025-08-15,2025-08-18,OK,0.0029298585768777878,1.2741015458262e-07,1.52892185499144e-09,0.0029298570434763693,1.0
2025-08-15,2025-08-18,2025-08-19,OK,-0.013710618502713774,6.663232379254005e-08,7.995878855104807e-10,-0.013710619291338766,1.0
2025-08-18,2025-08-19,2025-08-20,OK,0.010396204207917255,5.6936106221887925e-08,6.832332746626551e-10,0.010396203517581082,1.0000000000000002
2025-08-19,2025-08-20,2025-08-21,OK,0.0002912277785585506,1.6998097961458643e-06,2.039771755375037e-08,0.0002912073749006261,1.0
2025-08-20,2025-08-21,2025-08-22,OK,0.0090922688246596,1.5927645582093198e-07,1.9113174698511837e-09,0.009092266895963874,1.0
2025-08-21,2025-08-22,2025-08-25,OK,0.0013856155996851726,7.978087697882727e-08,9.573705237459273e-10,0.0013856146409880754,1.0
2025-08-22,2025-08-25,2025-08-26,OK,0.008094635514290597,1.099251043551862e-06,1.3191012522622345e-08,0.008094622216501701,1.0
2025-08-25,2025-08-26,2025-08-27,OK,0.0019376334460795672,2.2725545339945143e-06,2.7270654407934173e-08,0.0019376061225846453,1.0
2025-08-26,2025-08-27,2025-08-28,OK,0.006079390418355647,4.261476692610395e-06,5.1137720311324744e-08,0.006079338969749104,1.0
2025-08-27,2025-08-28,2025-08-29,OK,-0.003983223271943511,7.580302066583283e-08,9.096362479899939e-10,-0.00398322417795649,1.0
2025-08-28,2025-08-29,2025-09-02,OK,-0.0015457711311524225,3.0663867557747144e-08,3.6796641069296576e-10,-0.0015457714985500637,1.0
2025-08-29,2025-09-02,2025-09-03,OK,-0.0013289517753447167,7.48583619452541e-08,8.983003433430493e-10,-0.0013289526724512557,1.0
2025-09-02,2025-09-03,2025-09-04,OK,0.010048312376475611,5.279205243461621e-08,6.335046292153946e-10,0.010048311736605475,1.0000000000000002
2025-09-03,2025-09-04,2025-09-05,OK,0.0017538805080689972,0.016283418433040472,0.00019540102119648567,0.0015581367768302545,1.0
2025-09-04,2025-09-05,2025-09-08,OK,-0.0015076022157492527,1.0277296381067766e-07,1.233275565728132e-09,-0.0015076034471656063,1.0
2025-09-05,2025-09-08,2025-09-09,OK,0.0015597101226391419,0.016343803413193036,0.00019612564095831643,0.0013632785825334892,1.0
2025-09-08,2025-09-09,2025-09-10,OK,0.014892122989264019,0.0037532245095800503,4.50386941149606e-05,0.014846413573377015,1.0
2025-09-09,2025-09-10,2025-09-11,OK,0.008193959858605503,0.027642745687990453,0.00033171294825588545,0.007859528867767196,1.0
2025-09-10,2025-09-11,2025-09-12,OK,-0.005960980426290824,0.006904117035487876,8.284940442585452e-05,-0.006043335967038543,1.0
2025-09-11,2025-09-12,2025-09-15,OK,0.011307049292070964,8.253840079015131e-08,9.904608094818158e-10,0.01130704829041096,1.0
2025-09-12,2025-09-15,2025-09-16,OK,-0.0006822196733272667,0.006910201160874117,8.292241393048942e-05,-0.0007650855159555547,0.9999999999999998
2025-09-15,2025-09-16,2025-09-17,OK,0.0043710791393480886,7.252110862349551e-08,8.702533034819462e-10,0.0043710782652908176,1.0
2025-09-16,2025-09-17,2025-09-18,OK,0.004836436767977417,5.1633844826234914e-08,6.19606137914819e-10,0.004836436145374545,1.0
2025-09-17,2025-09-18,2025-09-19,OK,0.00475075791973112,3.1739684899072544e-08,3.8087621878887053e-10,0.004750757537045569,1.0
2025-09-18,2025-09-19,2025-09-22,OK,0.010917975856069668,0.01258333173871921,0.00015099998086463053,0.010765327261059499,1.0
2025-09-19,2025-09-22,2025-09-23,OK,0.004685611640969022,4.6351556329008635e-05,5.562186759481036e-07,0.004685052816068458,1.0
2025-09-22,2025-09-23,2025-09-24,OK,-0.0019244615481296989,2.690697189361435e-08,3.228836627233722e-10,-0.0019244618703919691,1.0
2025-09-23,2025-09-24,2025-09-25,OK,-0.0032908868088992265,3.265545307079565e-08,3.9186543684954777e-10,-0.003290887199475012,1.0
2025-09-24,2025-09-25,2025-09-26,OK,0.007488753604021432,1.0013100269767872e-07,1.2015720323721447e-09,0.007488752393451037,1.0
2025-09-25,2025-09-26,2025-09-29,OK,-0.005010064195592847,4.284500346174447e-08,5.141400415409336e-10,-0.005010064707157036,1.0
2025-09-26,2025-09-29,2025-09-30,OK,0.003578386626346411,6.106969161617792e-08,7.328362993941351e-10,0.0035783858908875477,1.0
2025-09-29,2025-09-30,2025-10-01,OK,0.007736435971314149,0.012526312217437913,0.00015031574660925496,0.007584957316555618,1.0
2025-09-30,2025-10-01,2025-10-02,OK,-0.0024831532394627553,8.13473410368748e-08,9.761680924424976e-10,-0.002483154213206995,1.0
2025-10-01,2025-10-02,2025-10-03,OK,-0.0018200232491320167,1.7632673224617853e-07,2.115920786954142e-09,-0.001820025361201738,1.0
2025-10-02,2025-10-03,2025-10-06,OK,0.01657973008116009,0.03870218846078337,0.00046442626152940045,0.01610760375757181,0.9999999999999999
2025-10-03,2025-10-06,2025-10-07,OK,-0.012425346143856243,0.0022552111366384866,2.706253363966184e-05,-0.012452072416147986,0.9999999999999999
2025-10-06,2025-10-07,2025-10-08,OK,8.934770403686264e-06,0.02891095702607141,0.00034693148431285694,-0.0003379998136622264,1.0000000000000002
2025-10-07,2025-10-08,2025-10-09,OK,-0.014502685163898429,7.222116935071942e-08,8.66654032208633e-10,-0.014502686017983657,1.0
2025-10-08,2025-10-09,2025-10-10,OK,-0.03160359586163005,5.129775831812161e-06,6.155730998174594e-08,-0.03160365547350774,1.0000000000000002
2025-10-09,2025-10-10,2025-10-13,OK,0.02288256752784166,2.5126384455346413e-08,3.01516613464157e-10,0.02288256721942572,1.0000000000000002
2025-10-10,2025-10-13,2025-10-14,OK,0.0034060494932047053,1.9375048440890913e-07,2.3250058129069097e-09,0.0034060471602797016,1.0
2025-10-13,2025-10-14,2025-10-15,OK,0.011898540783958694,9.823385683739425e-08,1.1788062820487311e-09,0.011898539591126411,1.0
2025-10-14,2025-10-15,2025-10-16,OK,0.0035867865781374414,6.510178348632397e-08,7.812214018358876e-10,0.003586785794113867,1.0
2025-10-15,2025-10-16,2025-10-17,OK,-0.004237319623700785,1.9007012757526222e-05,2.2808415309031467e-07,-0.004237546741388432,1.0
2025-10-16,2025-10-17,2025-10-20,OK,0.025662882161230475,0.002117470835022553,2.540965002027064e-05,0.025636820426355955,0.9999999999999998
2025-10-17,2025-10-20,2025-10-21,OK,-0.006256072382554625,4.0523411549906724e-07,4.862809385988807e-09,-0.006256077214941924,1.0000000000000002
2025-10-20,2025-10-21,2025-10-22,OK,-0.013930737922227075,4.275621388910438e-07,5.130745666692526e-09,-0.013930742981497768,1.0
2025-10-21,2025-10-22,2025-10-23,OK,0.014438691326904845,1.5108344811136433e-07,1.8130013773363721e-09,0.014438689487725975,1.0
2025-10-22,2025-10-23,2025-10-24,OK,-0.006344714356034628,9.642456427402966e-08,1.157094771288356e-09,-0.006344715505787968,1.0
2025-10-23,2025-10-24,2025-10-27,OK,-0.0009995508901101693,2.4104181510546694e-07,2.8925017812656035e-09,-0.0009995537797207188,1.0
2025-10-24,2025-10-27,2025-10-28,OK,-0.0012829786993704573,4.7572421521437564e-07,5.708690582572508e-09,-0.0012829844007369307,1.0
2025-10-27,2025-10-28,2025-10-29,OK,-0.0029717369742314204,0.1126016645895813,0.0013512199750749757,-0.004318941478946181,1.0
2025-10-28,2025-10-29,2025-10-30,OK,-0.0022100279630566317,0.030155724967360457,0.0003618686996083255,-0.00257109692271984,0.9999999999999999
2025-10-29,2025-10-30,2025-10-31,OK,-0.0029529965848966986,0.023670830639456027,0.0002840499676734723,-0.003236207753985698,1.0
2025-10-30,2025-10-31,2025-11-03,OK,0.0024856759172763826,2.7518352593153272e-08,3.302202311178393e-10,0.0024856755862354696,1.0000000000000002
2025-10-31,2025-11-03,2025-11-04,OK,-0.010136310612845837,3.558570679547191e-08,4.2702848154566295e-10,-0.010136311035545797,1.0
2025-11-03,2025-11-04,2025-11-05,OK,0.014858296111963763,0.035901480727054014,0.0004308177687246482,0.014421077125261084,1.0
2025-11-04,2025-11-05,2025-11-06,OK,-0.0016298260154057136,0.02817153928836658,0.00033805847146039895,-0.0019673335103745915,1.0
2025-11-05,2025-11-06,2025-11-07,OK,0.006154240732456937,0.011813284530631584,0.00014175941436757902,0.0060116088965271874,1.0
2025-11-06,2025-11-07,2025-11-10,OK,0.0201002322951295,0.011816321987544832,0.00014179586385053798,0.01995558630147709,0.9999999999999999
2025-11-07,2025-11-10,2025-11-11,OK,0.009506194499543003,0.006942060411910573,8.330472494292688e-05,0.009422097863682088,1.0000000000000002
2025-11-10,2025-11-11,2025-11-12,OK,0.0069714494312877575,0.012997601820237764,0.00015597122184285317,0.0068143908639590745,1.0
2025-11-11,2025-11-12,2025-11-13,OK,-0.021562020554249023,0.008105744120130163,9.726892944156195e-05,-0.02165719216903461,1.0
2025-11-12,2025-11-13,2025-11-14,OK,-0.0055485294021561755,6.685465576799726e-07,8.022558692159671e-09,-0.005548537380201557,1.0
2025-11-13,2025-11-14,2025-11-17,OK,-0.009111818436459345,4.4553036448098693e-08,5.346364373771843e-10,-0.009111818966224261,1.0
2025-11-14,2025-11-17,2025-11-18,OK,-0.007268045404074632,0.016720871330013386,0.00020065045596016063,-0.007467237523410608,0.9999999999999999
2025-11-17,2025-11-18,2025-11-19,OK,0.00852917774228195,6.84928436296167e-08,8.219141235554005e-10,0.00852917691335775,1.0
2025-11-18,2025-11-19,2025-11-20,OK,-0.03266581943709898,0.009591837558917606,0.00011510205070701127,-0.03277716158500077,1.0
2025-11-19,2025-11-20,2025-11-21,OK,0.006067319590455764,4.341163927420134e-06,5.20939671290416e-08,0.006067267180417835,1.0000000000000002
2025-11-20,2025-11-21,2025-11-24,OK,0.01818071417897959,0.010250570785160082,0.00012300684942192098,0.018055470977186294,1.0
2025-11-21,2025-11-24,2025-11-25,OK,0.00029309873647797983,0.0005205844857901795,6.247013829482154e-06,0.00028684989165661534,1.0
2025-11-24,2025-11-25,2025-11-26,OK,0.01385887335502467,6.755265038351391e-08,8.10631804602167e-10,0.01385887253315854,1.0
2025-11-25,2025-11-26,2025-11-28,OK,0.006856051617411466,9.51659239324296e-07,1.1419910871891551e-08,0.006856040119205042,0.9999999999999998
2025-11-26,2025-11-28,2025-12-01,OK,-0.01183975051869891,4.393076392833672e-07,5.271691671400407e-09,-0.011839755727975021,1.0
2025-11-28,2025-12-01,2025-12-02,OK,0.005619104560195534,8.941109648323964e-06,1.0729331577988757e-07,0.005618996663987241,0.9999999999999999
2025-12-01,2025-12-02,2025-12-03,OK,0.0049903411575415255,4.554451801997926e-06,5.465342162397512e-08,0.004990286231380647,1.0000000000000002
2025-12-02,2025-12-03,2025-12-04,OK,0.0019875664941267947,0.0003668862271014844,4.4026347252178125e-06,0.001983155108872481,1.0
2025-12-03,2025-12-04,2025-12-05,OK,-0.00917449864219206,0.023198312160290314,0.0002783797459234838,-0.009450324393514564,1.0
2025-12-04,2025-12-05,2025-12-08,OK,-0.0017922420555597264,0.012110577553218116,0.0001453269306386174,-0.0019373085251614963,1.0000000000000002
2025-12-05,2025-12-08,2025-12-09,OK,0.009496494817692517,9.457921965074462e-07,1.1349506358089355e-08,0.00949648336040565,1.0
2025-12-08,2025-12-09,2025-12-10,OK,0.005513595918928343,0.0003458345312958674,4.150014375550409e-06,0.005509423023050353,1.0
2025-12-09,2025-12-10,2025-12-11,OK,0.013249421625154632,0.007035538079924759,8.44264569590971e-05,0.013163876566471,1.0
2025-12-10,2025-12-11,2025-12-12,OK,-0.010887789084524492,6.815177157393415e-08,8.178212588872098e-10,-0.010887789893441524,1.0000000000000002
2025-12-11,2025-12-12,2025-12-15,OK,0.010561371332402106,2.9886122697606313e-06,3.586334723712758e-08,0.010561335090288893,1.0000000000000002
2025-12-12,2025-12-15,2025-12-16,OK,-0.011887936237620512,0.1324609305659408,0.0015895311667912897,-0.013458571159253307,1.0
2025-12-15,2025-12-16,2025-12-17,OK,-0.01006459597782339,0.013920973047212586,0.00016705167656655103,-0.01022996634675788,1.0000000000000002
2025-12-16,2025-12-17,2025-12-18,OK,0.010903872796491383,3.940188230023817e-08,4.72822587602858e-10,0.010903872318513308,1.0
2025-12-17,2025-12-18,2025-12-19,OK,0.013243657803585076,0.028740811946181388,0.0003448897433541767,0.012894200458489768,1.0
2025-12-18,2025-12-19,2025-12-22,OK,0.014642622286775776,0.0026938841609475453,3.232660993137054e-05,0.01460982233050534,1.0
2025-12-19,2025-12-22,2025-12-23,OK,0.0011050587484980766,0.016950518283204763,0.00020340621939845716,0.0009014277532772841,1.0
2025-12-22,2025-12-23,2025-12-24,OK,0.003283980513049482,0.00024137399352588203,2.8964879223105843e-06,0.0032810745131173213,1.0
2025-12-23,2025-12-24,2025-12-26,OK,-0.002712559386092056,0.022519417863859192,0.0002702330143663103,-0.0029820593773588477,1.0
2025-12-24,2025-12-26,2025-12-29,OK,-0.012527397770198768,0.010193873821208697,0.00012232648585450438,-0.012648191823507182,1.0
2025-12-26,2025-12-29,2025-12-30,OK,0.002009369700523625,0.0123168900009353,0.0001478026800112236,0.0018612700302855778,1.0
2025-12-29,2025-12-30,2025-12-31,OK,-0.011950779189722233,4.860163352840997e-07,5.832196023409196e-09,-0.011950784952219018,1.0
2025-12-30,2025-12-31,2026-01-02,OK,0.021434742304450242,0.006893458823916189,8.272150588699427e-05,0.021350247684401635,0.9999999999999999
2025-12-31,2026-01-02,2026-01-05,OK,0.0242231333085151,0.007480183429225479,8.976220115070575e-05,0.024131196785599718,1.0
2026-01-02,2026-01-05,2026-01-06,OK,0.02217145107850832,0.007480867634965726,8.977041161958872e-05,0.022079690326599177,1.0
2026-01-05,2026-01-06,2026-01-07,OK,-0.016118086557672096,2.247992083009611e-06,2.697590499611533e-08,-0.016118113098777087,1.0
2026-01-06,2026-01-07,2026-01-08,OK,-0.0003844315290011775,0.00043430596786458693,5.2116716143750435e-06,-0.0003896411970846225,1.0
2026-01-07,2026-01-08,2026-01-09,OK,0.01993374900412712,0.016492332439348546,0.00019790798927218255,0.019731895966670798,1.0000000000000002
2026-01-08,2026-01-09,2026-01-12,OK,0.015255235113853986,1.2812748550016836e-07,1.5375298260020202e-09,0.015255233552868619,1.0000000000000002
2026-01-09,2026-01-12,2026-01-13,OK,0.007598552537896404,6.17963267555497e-08,7.415559210665964e-10,0.0075985517907055655,1.0
2026-01-12,2026-01-13,2026-01-14,OK,0.007052284953852923,2.509605280753758e-06,3.01152633690451e-08,0.0070522546262081764,1.0
2026-01-13,2026-01-14,2026-01-15,OK,0.01704426524414857,1.5477762142625616e-07,1.857331457115074e-09,0.017044263355160183,1.0
2026-01-14,2026-01-15,2026-01-16,OK,0.004449052337793656,4.932291785807729e-08,5.918750142969276e-10,0.004449051743285359,0.9999999999999998
2026-01-15,2026-01-16,2026-01-20,OK,-0.012640355635574769,1.8156274606328871e-07,2.1787529527594645e-09,-0.012640357786787515,1.0
2026-01-16,2026-01-20,2026-01-21,OK,0.017433559340983826,0.018140711152253623,0.00021768853382704348,0.01721207572118444,1.0
2026-01-20,2026-01-21,2026-01-22,OK,0.004078926201044897,0.016010346813717997,0.00019212416176461598,0.0038860183790030423,1.0000000000000002
2026-01-21,2026-01-22,2026-01-23,OK,0.005953794400491,0.008691856836718269,0.00010430228204061923,0.005848871124107591,1.0
2026-01-22,2026-01-23,2026-01-26,OK,0.005946103913634013,0.011478920740435786,0.00013774704888522944,0.005807537806482133,1.0
2026-01-23,2026-01-26,2026-01-27,OK,0.02397863209152318,0.08419096216102352,0.0010102915459322822,0.022944115136305898,1.0
2026-01-26,2026-01-27,2026-01-28,OK,0.004367680784183443,1.384364129237273e-07,1.6612369550847276e-09,0.0043676791156908035,1.0
2026-01-27,2026-01-28,2026-01-29,OK,0.005530171797722809,0.01902116951084486,0.00022825403413013833,0.00530065547957026,1.0
2026-01-28,2026-01-29,2026-01-30,OK,-0.0469304780102826,0.016595572632600433,0.0001991468715912052,-0.04712027882399572,1.0
2026-01-29,2026-01-30,2026-02-02,OK,-0.0027168838463895234,0.029926473489160044,0.00035911768186992055,-0.003075025847230628,1.0
2026-01-30,2026-02-02,2026-02-03,OK,0.005099613276032973,0.02184871660358721,0.0002621845992430465,0.004836091636726936,0.9999999999999999
2026-02-02,2026-02-03,2026-02-04,OK,-0.012461105156911734,0.12597057871746487,0.0015116469446095784,-0.013953915309984355,1.0
2026-02-03,2026-02-04,2026-02-05,OK,-0.007802325966692534,0.04907580598848449,0.0005889096718618139,-0.008386640773329512,0.9999999999999998
2026-02-04,2026-02-05,2026-02-06,OK,0.03419461606232761,0.03223855975207672,0.00038686271702492064,0.033794524723225194,0.9999999999999999
2026-02-05,2026-02-06,2026-02-09,OK,0.00742521825482594,0.008339416302203808,0.0001000729956264457,0.007324402195365565,1.0
2026-02-06,2026-02-09,2026-02-10,OK,-0.003658334655954901,1.3799746637170827e-06,1.655969596460499e-08,-0.003658351155069961,1.0
2026-02-09,2026-02-10,2026-02-11,OK,0.020281225732852744,1.2030444442073877e-07,1.4436533330488653e-09,0.020281224259920405,1.0
2026-02-10,2026-02-11,2026-02-12,OK,-0.01308639235621861,0.02623932540415159,0.0003148719048498191,-0.013397143723779537,1.0000000000000002
2026-02-11,2026-02-12,2026-02-13,OK,0.01065689637837853,0.044970999584340185,0.0005396519950120822,0.010111493367975344,1.0
2026-02-12,2026-02-13,2026-02-17,OK,-0.006289323773990628,0.008408763887749096,0.00010090516665298915,-0.006389594315379998,1.0
2026-02-13,2026-02-17,2026-02-18,OK,0.009024481493128733,0.03289433526316894,0.0003947320231580273,0.008626187218132797,1.0
2026-02-17,2026-02-18,2026-02-19,OK,0.006406005352212172,0.006775978824093193,8.131174588911831e-05,0.0063241727228435796,1.0
2026-02-18,2026-02-19,2026-02-20,OK,-0.0011464958741374855,0.017327402284026808,0.0002079288274083217,-0.001354186312003014,1.0
2026-02-19,2026-02-20,2026-02-23,OK,0.0031339634982579636,0.012895298502714092,0.0001547435820325691,0.0029787349554875053,1.0
2026-02-20,2026-02-23,2026-02-24,OK,0.008131854763978694,0.04637578728954088,0.0005565094474744906,0.007570819862502409,1.0
2026-02-23,2026-02-24,2026-02-25,OK,0.0035995340954084725,0.01784665551066736,0.0002141598661280083,0.0033846033535405162,1.0
2026-02-24,2026-02-25,2026-02-26,OK,-0.0033889994675662264,0.033221770386580876,0.0003986612446389705,-0.003786309649459363,1.0
2026-02-25,2026-02-26,2026-02-27,OK,0.012241885608877213,0.04199992609470097,0.0005039991131364117,0.01173171659625094,0.9999999999999999
2026-02-26,2026-02-27,2026-03-02,OK,0.01685721093749583,0.04053679497755316,0.0004864415397306379,0.01636256935012126,1.0
2026-02-27,2026-03-02,2026-03-03,OK,-0.027098092313510957,3.978180297908085e-07,4.7738163574897015e-09,-0.027098096957965945,1.0
2026-03-02,2026-03-03,2026-03-04,OK,0.0036029889038253896,0.003139544588166385,3.767453505799662e-05,0.0035651786278356745,1.0
2026-03-03,2026-03-04,2026-03-05,OK,-0.016691097612715432,0.04022244313148339,0.00048266931757780067,-0.01716571064959893,1.0
2026-03-04,2026-03-05,2026-03-06,OK,0.006857105237696945,0.046171914535960826,0.00055406297443153,0.006299242995141396,1.0
2026-03-05,2026-03-06,2026-03-09,OK,0.015202629135635196,0.0112164561462833,0.0001345974737553996,0.015065985426403694,1.0
2026-03-06,2026-03-09,2026-03-10,OK,-0.0015911750627772704,0.018569898086783304,0.00022283877704139965,-0.0018136592643136495,1.0
2026-03-09,2026-03-10,2026-03-11,OK,0.00953200398894649,1.1064312021714946e-07,1.3277174426057935e-09,0.009532002648573012,1.0
2026-03-10,2026-03-11,2026-03-12,OK,-0.00819388108281358,0.03935674309615726,0.0004722809171538872,-0.008662292186294662,1.0
2026-03-11,2026-03-12,2026-03-13,OK,-0.0036844361873074275,0.04235269259049664,0.0005082323110859597,-0.004190795948874837,1.0
2026-03-12,2026-03-13,2026-03-16,OK,0.009714912448169433,0.034633548624652136,0.00041560258349582565,0.0092952723219617,1.0000000000000002
2026-03-13,2026-03-16,2026-03-17,OK,0.0053178380375695855,1.597349335176209e-07,1.916819202211451e-09,0.005317836110557028,1.0
2026-03-16,2026-03-17,2026-03-18,OK,-0.004639081927745621,1.7626048164322167e-05,2.11512577971866e-07,-0.004639292459099442,1.0000000000000002
2026-03-17,2026-03-18,2026-03-19,OK,-0.0036552799509482507,1.7767654508910792e-07,2.132118541069295e-09,-0.003655282075273325,1.0
2026-03-18,2026-03-19,2026-03-20,OK,-0.018182145964094263,1.1128902044554608e-07,1.335468245346553e-09,-0.01818214727528089,1.0
2026-03-19,2026-03-20,2026-03-23,OK,0.005369591493500695,0.09148338767150493,0.0010978006520580591,0.004265896100399846,1.0
2026-03-20,2026-03-23,2026-03-24,OK,0.011663626970044675,1.6250780075250505e-07,1.950093609030061e-09,0.011663624997205968,1.0
2026-03-23,2026-03-24,2026-03-25,OK,0.000343261404385929,0.048708123853992494,0.0005844974862479099,-0.00024143671728993343,1.0
2026-03-24,2026-03-25,2026-03-26,OK,-0.0058612360694522215,0.02819642006981298,0.00033835704083775577,-0.006197609919797786,1.0
2026-03-25,2026-03-26,2026-03-27,OK,-0.0018078938519148187,0.07208100033481832,0.0008649720040178198,-0.0026713020783645236,1.0
2026-03-26,2026-03-27,2026-03-30,OK,-0.01133397716646738,0.020149695287257883,0.0002417963434470946,-0.011573032995678911,1.0
2026-03-27,2026-03-30,2026-03-31,OK,0.017545940534031558,0.0009418907409201465,1.1302688891041759e-05,0.017534439528833268,1.0
2026-03-30,2026-03-31,2026-04-01,OK,-0.0029819574327563914,0.1105536943393522,0.0013266443320722264,-0.004304645767902016,0.9999999999999998
2026-03-31,2026-04-01,2026-04-02,OK,0.010310922802962011,0.06440288509627975,0.0007728346211553571,0.009530119543688542,1.0
2026-04-01,2026-04-02,2026-04-06,OK,0.010892180552790504,0.07069512915735952,0.0008483415498883143,0.010034598713570153,1.0000000000000002
2026-04-02,2026-04-06,2026-04-07,OK,-0.004255375875528343,1.2593152278316193e-07,1.5111782733979433e-09,-0.0042553773802760375,1.0
2026-04-06,2026-04-07,2026-04-08,OK,0.013031402438961897,0.08325982330941871,0.0009991178797130245,0.01201926465207448,1.0
2026-04-07,2026-04-08,2026-04-09,OK,0.015678485654270432,8.326019853746244e-08,9.991223824495492e-10,0.015678484639483292,1.0
2026-04-08,2026-04-09,2026-04-10,OK,0.0002847211739407977,0.01824601954034475,0.000218952234484137,6.570659911941945e-05,1.0
2026-04-09,2026-04-10,2026-04-13,OK,0.007619154825952354,0.07821747154968592,0.000938609658596231,0.006673393755046053,1.0
2026-04-10,2026-04-13,2026-04-14,OK,-0.009498004735258652,0.014946139167469088,0.00017935367000962907,-0.009675654903261277,1.0000000000000002
2026-04-13,2026-04-14,2026-04-15,OK,-0.010696951518541206,0.03716736435537698,0.00044600837226452375,-0.01113818896087071,1.0
2026-04-14,2026-04-15,2026-04-16,OK,0.010614174692115865,0.051414715154348534,0.0006169765818521824,0.00999064941304284,1.0
2026-04-15,2026-04-16,2026-04-17,OK,-0.0028059128968311088,0.049758755974388516,0.0005971050716926622,-0.0034013425437022793,0.9999999999999997
2026-04-16,2026-04-17,2026-04-20,OK,0.0039675254235817005,1.2233977691043146e-07,1.4680773229251776e-09,0.003967523949679919,1.0
2026-04-17,2026-04-20,2026-04-21,OK,0.0023081449252313297,0.04951752007832373,0.0005942102409398848,0.0017125631609393732,0.9999999999999999
2026-04-20,2026-04-21,2026-04-22,OK,-0.0007576011053435049,0.0013739252775764935,1.6487103330917922e-05,-0.0007740757180266788,1.0
2026-04-21,2026-04-22,2026-04-23,OK,0.0015765231308004716,0.0952446278974002,0.0011429355347688025,0.00043178573172397705,1.0
2026-04-22,2026-04-23,2026-04-24,OK,-0.004121491030326099,0.16190087594958724,0.0019428105113950469,-0.0060562942656248175,1.0
2026-04-23,2026-04-24,2026-04-27,OK,-0.005225776080868747,0.06727111977076944,0.0008072534372492333,-0.0060288109924143685,1.0
2026-04-24,2026-04-27,2026-04-28,OK,-0.0035674368685342916,0.04125962021241834,0.0004951154425490201,-0.004060786017999418,0.9999999999999999
2026-04-27,2026-04-28,2026-04-29,OK,0.011973737939497488,0.023631980239768112,0.00028358376287721736,0.011686758618959736,1.0
2026-04-28,2026-04-29,2026-04-30,OK,0.00086882445675714,2.7716789136093213e-07,3.3260146963311856e-09,0.0008688211278526925,1.0
2026-04-29,2026-04-30,2026-05-01,OK,-0.008167353408349072,0.022446702595522155,0.0002693604311462659,-0.008434513877659922,1.0000000000000002
2026-04-30,2026-05-01,2026-05-04,OK,-0.0035750336646608264,0.021056364903260936,0.00025267637883913125,-0.003826806716939246,1.0
2026-05-01,2026-05-04,2026-05-05,OK,-0.0003692530633494883,0.020484675466391662,0.00024581610559669994,-0.0006149784005961001,1.0
2026-05-04,2026-05-05,2026-05-06,OK,-0.0037367767661264533,0.01640514498497317,0.00019686173981967804,-0.003932902877570643,1.0
2026-05-05,2026-05-06,2026-05-07,OK,-0.013344135813551683,0.016405966092215188,0.00019687159310658226,-0.013538380325381905,1.0000000000000002
2026-05-06,2026-05-07,2026-05-08,OK,0.012464805611192498,0.05639967802004252,0.0006767961362405102,0.01177957334267532,1.0
2026-05-07,2026-05-08,2026-05-11,OK,0.0005355254517646043,0.007698322222452034,9.237986666942441e-05,0.00044309611332526977,1.0
2026-05-08,2026-05-11,2026-05-12,OK,0.0017699550947743218,0.007762320478817955,9.314784574581547e-05,0.0016766423815244291,1.0
2026-05-11,2026-05-12,2026-05-13,OK,-0.005945039572045917,0.043177496797303976,0.0005181299615676478,-0.006460089230488575,1.0
2026-05-12,2026-05-13,2026-05-14,OK,0.009373180326415143,0.02138770808554215,0.00025665249702650584,0.009114122179252782,1.0
2026-05-13,2026-05-14,2026-05-15,OK,-0.009406562786180721,7.607361843171422e-05,9.128834211805707e-07,-0.009407467082506615,1.0
2026-05-14,2026-05-15,2026-05-18,OK,0.009174846166064376,0.10674469604432632,0.0012809363525319159,0.00788215741954934,1.0
2026-05-15,2026-05-18,2026-05-19,OK,-0.005133152514458024,7.577709323580182e-08,9.093251188296218e-10,-0.005133153419115466,1.0
2026-05-18,2026-05-19,2026-05-20,OK,-0.0027400148379385972,0.033585241280188985,0.00040302289536226784,-0.0031419334445875746,1.0
2026-05-19,2026-05-20,2026-05-21,OK,-0.004361220176894493,0.009590318844838935,0.00011508382613806723,-0.0044758020971279455,1.0
2026-05-20,2026-05-21,2026-05-22,OK,0.005366721185805021,0.036375613840470576,0.0004365073660856469,0.004927871206390044,0.9999999999999999
2026-05-21,2026-05-22,2026-05-26,OK,0.0006114004655571876,0.07704298458600997,0.0009245158150321197,-0.00031368059887482147,1.0
2026-05-22,2026-05-26,2026-05-27,OK,-0.006981627355411314,0.058787621899621355,0.0007054514627954563,-0.007682153618976173,0.9999999999999998
2026-05-26,2026-05-27,2026-05-28,OK,-0.005099374354265561,0.059503483884500386,0.0007140418066140047,-0.00580977499440305,1.0000000000000002
2026-05-27,2026-05-28,2026-05-29,OK,-0.006907595697922499,0.047121763223225366,0.0005654611586787044,-0.007469150879534259,1.0
2026-05-28,2026-05-29,2026-06-01,OK,0.0008013743131805774,1.9872646355690117e-07,2.3847175626828142e-09,0.0008013719265518304,0.9999999999999999
2026-05-29,2026-06-01,2026-06-02,OK,0.00828428725477837,0.11746783991206057,0.0014096140789447268,0.006862995527885385,0.9999999999999998
2026-06-01,2026-06-02,2026-06-03,OK,-0.0016942073630048914,0.023485238028974245,0.00028182285634769093,-0.001975552752994214,1.0
2026-06-02,2026-06-03,2026-06-04,OK,0.010097968398163145,0.08645224440944951,0.0010374269329133943,0.00905006556086585,1.0
2026-06-03,2026-06-04,2026-06-05,OK,-0.026586408221421384,0.035919378154572607,0.0004310325378548713,-0.027005981152268155,1.0
2026-06-04,2026-06-05,2026-06-08,OK,0.021873296464349025,0.01190803764215603,0.00014289645170587235,0.021727274396191376,1.0
2026-06-05,2026-06-08,2026-06-09,OK,0.00790973873093826,0.04890056804694048,0.0005868068165632858,0.0073182904257704795,1.0
2026-06-08,2026-06-09,2026-06-10,OK,-0.003281568139168073,0.04454079361626949,0.0005344895233952339,-0.0038143036987725587,1.0
2026-06-09,2026-06-10,2026-06-11,OK,0.03559823301590795,0.05882035709746668,0.0007058442851696001,0.03486726192140188,1.0000000000000002
2026-06-10,2026-06-11,2026-06-12,OK,0.017582370168488962,0.023045951193189928,0.00027655141431827916,0.01730095632483364,0.9999999999999999
2026-06-11,2026-06-12,2026-06-15,OK,-0.012730973310217017,0.005449117488944165,6.538940986732998e-05,-0.012795530249252507,1.0
2026-06-12,2026-06-15,2026-06-16,OK,-0.019253973028557088,0.026566983452548237,0.00031880380143057885,-0.019566638590193586,1.0
2026-06-15,2026-06-16,2026-06-17,OK,-0.013652844106093742,0.009622947577749714,0.00011547537093299657,-0.013766742909789298,1.0
2026-06-16,2026-06-17,2026-06-18,OK,0.014692706178171408,0.009813777618404008,0.00011776533142084809,0.014573210555338001,1.0
2026-06-17,2026-06-18,2026-06-22,OK,0.011845957372855532,0.03901088248121771,0.00046813058977461253,0.011372281328069667,1.0
2026-06-18,2026-06-22,2026-06-23,OK,-0.01699935656007033,0.00789281636588917,9.471379639067004e-05,-0.01709246028286504,1.0
2026-06-22,2026-06-23,2026-06-24,OK,-0.009691124678869524,0.05304064343893704,0.0006364877212672444,-0.010321444118273404,1.0
2026-06-23,2026-06-24,2026-06-25,OK,0.024789124780955275,0.047132886861953605,0.0005655946423434433,0.024209509542447494,1.0
2026-06-24,2026-06-25,2026-06-26,OK,-0.005332606464476717,0.009773894278004291,0.0001172867313360515,-0.005449267751831077,1.0
2026-06-25,2026-06-26,2026-06-29,OK,0.017365322652358756,0.028960136751323574,0.0003475216410158829,0.01701176618591793,1.0
2026-06-26,2026-06-29,2026-06-30,OK,0.009761406732366949,0.00794871004638604,9.538452055663249e-05,0.009665091124709146,0.9999999999999999
2026-06-29,2026-06-30,2026-07-01,OK,-0.021122404364898987,0.03851712007284308,0.000462205440874117,-0.021574846915551338,1.0
2026-06-30,2026-07-01,2026-07-02,OK,-0.017284737892788254,0.01117830927799991,0.00013413971133599892,-0.01741655903437289,1.0
2026-07-01,2026-07-02,2026-07-06,OK,-0.005115103240227524,0.022012590535319274,0.00026415108642383127,-0.005377903166573383,1.0
2026-07-02,2026-07-06,2026-07-07,OK,-0.0020567887633317528,0.05596929771996429,0.0006716315726395715,-0.002727038931699566,1.0000000000000002
2026-07-06,2026-07-07,2026-07-08,OK,0.0065853427039396575,0.07834203686989054,0.0009401044424386865,0.00563904735157017,1.0
2026-07-07,2026-07-08,2026-07-09,OK,0.007067899101884858,0.06281104568312602,0.0007537325481975124,0.006308839248086784,0.9999999999999999
2026-07-08,2026-07-09,2026-07-10,OK,0.004340118231181244,0.06797255620183028,0.0008156706744219634,0.003520907449594546,1.0
2026-07-09,2026-07-10,2026-07-13,OK,0.00508337364911564,0.02924850918786176,0.00035098211025434115,0.004730607365650785,1.0
2026-07-10,2026-07-13,2026-07-14,OK,0.006210329161347764,0.041500126958800204,0.0004980015235056025,0.005709234884458292,1.0
2026-07-13,2026-07-14,2026-07-15,OK,-0.009477925060708707,0.02559620778898547,0.00030715449346782565,-0.009782168366905375,1.0
2026-07-14,2026-07-15,2026-07-16,OK,-0.001915907481960565,0.025585798421787355,0.00030702958106144826,-0.0022223488227505195,1.0000000000000002
2026-07-15,2026-07-16,2026-07-17,OK,0.00012637799540270687,0.02301165092848525,0.000276139811141823,-0.00014979671373505088,1.0
2026-07-16,2026-07-17,2026-07-20,OK,-0.006729948716492702,0.01795528738325728,0.00021546344859908737,-0.00694396210713244,1.0000000000000002
2026-07-17,2026-07-20,2026-07-21,OK,0.02088577878390936,1.1732165580257432e-07,1.407859869630892e-09,0.020885777346645318,1.0
2026-07-20,2026-07-21,2026-07-22,OK,0.0005311991440585902,0.051948480211226895,0.0006233817625347228,-9.251375833474462e-05,0.9999999999999999
2026-07-21,2026-07-22,2026-07-23,OK,0.002425216252320292,0.017500333264749514,0.00021000399917699418,0.0022147029480314995,1.0
2026-07-22,2026-07-23,2026-07-24,OK,-0.0039301140638856895,0.03762319187546336,0.00045147830250556037,-0.00437981800516507,0.9999999999999998
2026-07-23,2026-07-24,2026-07-27,OK,-0.01207000308423407,0.002927260976121316,3.512713171345579e-05,-0.012104706231359508,1.0
2026-07-24,2026-07-27,2026-07-28,OK,0.007542214889692828,6.287384033365933e-08,7.54486084003912e-10,0.007542214129516278,1.0000000000000002
2026-07-27,2026-07-28,2026-07-29,OK,-0.01908281535778623,0.0073919343791369226,8.870321254964307e-05,-0.019169825863309065,1.0
2026-07-28,2026-07-29,2026-07-30,OK,0.011128388727590088,0.06458624990781127,0.0007750349988937353,0.010344728837951234,0.9999999999999999
2026-07-29,2026-07-30,2026-07-31,OK,0.00031902030753913483,0.031558409068970034,0.0003787009088276404,-5.980141456884969e-05,1.0
2026-07-30,2026-07-31,2026-08-03,OK,-0.0036546500300479352,0.03789653711256197,0.00045475844535074363,-0.004107746492432729,1.0
2026-07-31,2026-08-03,2026-08-04,OK,0.0015296243234807563,0.010283177006756747,0.00012339812408108098,0.0014060374466275949,1.0
2026-08-03,2026-08-04,2026-08-05,OK,-0.0030282636937115537,0.09036146696963362,0.0010843376036356034,-0.004109317637150278,1.0
2026-08-04,2026-08-05,2026-08-06,OK,0.0008317001525063427,0.001721817099049641,2.066180518859569e-05,0.0008110211628913344,1.0
2026-08-05,2026-08-06,2026-08-07,OK,-0.0034903609312211988,0.007133711511901241,8.56045381428149e-05,-0.0035756666786285196,1.0
2026-08-06,2026-08-07,2026-08-10,OK,0.010271158965974147,0.06882956234960214,0.0008259547481952257,0.00943672070526147,1.0000000000000002
2026-08-07,2026-08-10,2026-08-11,OK,-0.009520371736958518,0.004281096021092381,5.1373152253108576e-05,-0.009571255797704903,1.0
2026-08-10,2026-08-11,2026-08-12,OK,0.0014883310906360612,0.008379508284838818,0.00010055409941806582,0.0013876273334254563,0.9999999999999998
2026-08-11,2026-08-12,2026-08-13,OK,0.00409547164805184,0.021391791805550397,0.00025670150166660476,0.0038377188326632616,1.0
2026-08-12,2026-08-13,2026-08-14,OK,0.002551265142800503,0.024802767520856188,0.0002976332102502743,0.002252872591315791,1.0
2026-08-13,2026-08-14,2026-08-17,OK,-0.003367065736140691,0.032178910989235636,0.00038614693187082765,-0.0037519124859080044,1.0
2026-08-14,2026-08-17,2026-08-18,OK,-0.0010162829453553314,0.01664426323456982,0.00019973115881483786,-0.0012158111207999367,1.0
2026-08-17,2026-08-18,2026-08-19,OK,-0.0029286675675606255,0.02334052108051217,0.00028008625296614605,-0.003207933541001573,1.0
2026-08-18,2026-08-19,2026-08-20,OK,-0.002493811109664435,0.037109526929414396,0.0004453143231529728,-0.0029380149030110436,1.0
2026-08-19,2026-08-20,2026-08-21,OK,0.007664788538050625,0.009348222360665027,0.00011217866832798033,0.007551750043951255,1.0
2026-08-20,2026-08-21,2026-08-24,OK,0.006300830223691211,0.008296795733610609,9.95615488033273e-05,0.0062006413544719585,1.0
2026-08-21,2026-08-24,2026-08-25,OK,-0.011625615657656988,0.011962909680232831,0.000143554916162794,-0.01176750165953866,1.0
2026-08-24,2026-08-25,2026-08-26,OK,0.0018418826002317896,0.09322843540729307,0.001118741224887517,0.0007210807853479384,1.0
2026-08-25,2026-08-26,2026-08-27,OK,-0.0016722436598982635,0.03643274428729652,0.0004371929314475583,-0.0021087054982380504,1.0000000000000002
2026-08-26,2026-08-27,2026-08-28,OK,0.004534460698763156,0.03741084717879396,0.00044893016614552757,0.0040834948764227885,1.0
2026-08-27,2026-08-28,2026-08-31,OK,-0.0016376710672529457,0.030989253888682518,0.0003718710466641902,-0.002008933111463218,1.0
2026-08-28,2026-08-31,2026-08-31,OK,0.0,0.14007956788941828,0.0016809548146730193,-0.001680954814673008,1.0
